
===========================================================================
report_checks -path_delay min (Hold)
============================================================================
======================= min_tt_025C_1v80 Corner ===================================

Startpoint: _1207_ (rising edge-triggered flip-flop clocked by rd_clk)
Endpoint: _1212_ (rising edge-triggered flip-flop clocked by rd_clk)
Path Group: rd_clk
Path Type: min

Fanout         Cap        Slew       Delay        Time   Description
---------------------------------------------------------------------------------------------
                                  0.000000    0.000000   clock rd_clk (rise edge)
                                  0.000000    0.000000   clock source latency
     1    0.013587    0.000000    0.000000    0.000000 ^ rd_clk (in)
                                                         rd_clk (net)
                      0.000583    0.000292    0.000292 ^ clkbuf_0_rd_clk/A (sky130_fd_sc_hd__clkbuf_16)
     4    0.037982    0.057948    0.124843    0.125135 ^ clkbuf_0_rd_clk/X (sky130_fd_sc_hd__clkbuf_16)
                                                         clknet_0_rd_clk (net)
                      0.057949    0.000368    0.125502 ^ clkbuf_2_0__f_rd_clk/A (sky130_fd_sc_hd__clkbuf_16)
     8    0.021482    0.043122    0.131561    0.257064 ^ clkbuf_2_0__f_rd_clk/X (sky130_fd_sc_hd__clkbuf_16)
                                                         clknet_2_0__leaf_rd_clk (net)
                      0.043125    0.000272    0.257335 ^ _1207_/CLK (sky130_fd_sc_hd__dfrtp_2)
     1    0.002230    0.035728    0.326370    0.583706 ^ _1207_/Q (sky130_fd_sc_hd__dfrtp_2)
                                                         u_sync_w2r.sync_stage1[3] (net)
                      0.035728    0.000018    0.583724 ^ _1212_/D (sky130_fd_sc_hd__dfrtp_2)
                                              0.583724   data arrival time

                                  0.000000    0.000000   clock rd_clk (rise edge)
                                  0.000000    0.000000   clock source latency
     1    0.013587    0.000000    0.000000    0.000000 ^ rd_clk (in)
                                                         rd_clk (net)
                      0.000583    0.000292    0.000292 ^ clkbuf_0_rd_clk/A (sky130_fd_sc_hd__clkbuf_16)
     4    0.037982    0.057948    0.124843    0.125135 ^ clkbuf_0_rd_clk/X (sky130_fd_sc_hd__clkbuf_16)
                                                         clknet_0_rd_clk (net)
                      0.057949    0.000368    0.125502 ^ clkbuf_2_0__f_rd_clk/A (sky130_fd_sc_hd__clkbuf_16)
     8    0.021482    0.043122    0.131561    0.257064 ^ clkbuf_2_0__f_rd_clk/X (sky130_fd_sc_hd__clkbuf_16)
                                                         clknet_2_0__leaf_rd_clk (net)
                      0.043125    0.000254    0.257318 ^ _1212_/CLK (sky130_fd_sc_hd__dfrtp_2)
                                  0.100000    0.357318   clock uncertainty
                                  0.000000    0.357318   clock reconvergence pessimism
                                 -0.033013    0.324305   library hold time
                                              0.324305   data required time
---------------------------------------------------------------------------------------------
                                              0.324305   data required time
                                             -0.583724   data arrival time
---------------------------------------------------------------------------------------------
                                              0.259419   slack (MET)


Startpoint: _1217_ (rising edge-triggered flip-flop clocked by wr_clk)
Endpoint: _1222_ (rising edge-triggered flip-flop clocked by wr_clk)
Path Group: wr_clk
Path Type: min

Fanout         Cap        Slew       Delay        Time   Description
---------------------------------------------------------------------------------------------
                                  0.000000    0.000000   clock wr_clk (rise edge)
                                  0.000000    0.000000   clock source latency
     1    0.024374    0.000000    0.000000    0.000000 ^ wr_clk (in)
                                                         wr_clk (net)
                      0.001077    0.000538    0.000538 ^ clkbuf_0_wr_clk/A (sky130_fd_sc_hd__clkbuf_16)
    16    0.103304    0.118752    0.172854    0.173392 ^ clkbuf_0_wr_clk/X (sky130_fd_sc_hd__clkbuf_16)
                                                         clknet_0_wr_clk (net)
                      0.118756    0.000584    0.173977 ^ clkbuf_4_14_0_wr_clk/A (sky130_fd_sc_hd__clkbuf_8)
     2    0.018769    0.049495    0.157434    0.331411 ^ clkbuf_4_14_0_wr_clk/X (sky130_fd_sc_hd__clkbuf_8)
                                                         clknet_4_14_0_wr_clk (net)
                      0.049495    0.000244    0.331655 ^ clkbuf_5_29__f_wr_clk/A (sky130_fd_sc_hd__clkbuf_16)
     5    0.013959    0.036703    0.121281    0.452935 ^ clkbuf_5_29__f_wr_clk/X (sky130_fd_sc_hd__clkbuf_16)
                                                         clknet_5_29__leaf_wr_clk (net)
                      0.036703    0.000065    0.453000 ^ _1217_/CLK (sky130_fd_sc_hd__dfrtp_2)
     1    0.002522    0.036857    0.325687    0.778687 ^ _1217_/Q (sky130_fd_sc_hd__dfrtp_2)
                                                         u_sync_r2w.sync_stage1[3] (net)
                      0.036857    0.000025    0.778712 ^ _1222_/D (sky130_fd_sc_hd__dfrtp_2)
                                              0.778712   data arrival time

                                  0.000000    0.000000   clock wr_clk (rise edge)
                                  0.000000    0.000000   clock source latency
     1    0.024374    0.000000    0.000000    0.000000 ^ wr_clk (in)
                                                         wr_clk (net)
                      0.001077    0.000538    0.000538 ^ clkbuf_0_wr_clk/A (sky130_fd_sc_hd__clkbuf_16)
    16    0.103304    0.118752    0.172854    0.173392 ^ clkbuf_0_wr_clk/X (sky130_fd_sc_hd__clkbuf_16)
                                                         clknet_0_wr_clk (net)
                      0.118756    0.000584    0.173977 ^ clkbuf_4_14_0_wr_clk/A (sky130_fd_sc_hd__clkbuf_8)
     2    0.018769    0.049495    0.157434    0.331411 ^ clkbuf_4_14_0_wr_clk/X (sky130_fd_sc_hd__clkbuf_8)
                                                         clknet_4_14_0_wr_clk (net)
                      0.049495    0.000244    0.331655 ^ clkbuf_5_29__f_wr_clk/A (sky130_fd_sc_hd__clkbuf_16)
     5    0.013959    0.036703    0.121281    0.452935 ^ clkbuf_5_29__f_wr_clk/X (sky130_fd_sc_hd__clkbuf_16)
                                                         clknet_5_29__leaf_wr_clk (net)
                      0.036703    0.000205    0.453140 ^ _1222_/CLK (sky130_fd_sc_hd__dfrtp_2)
                                  0.100000    0.553140   clock uncertainty
                                  0.000000    0.553140   clock reconvergence pessimism
                                 -0.034123    0.519017   library hold time
                                              0.519017   data required time
---------------------------------------------------------------------------------------------
                                              0.519017   data required time
                                             -0.778712   data arrival time
---------------------------------------------------------------------------------------------
                                              0.259695   slack (MET)


Startpoint: _1216_ (rising edge-triggered flip-flop clocked by wr_clk)
Endpoint: _1221_ (rising edge-triggered flip-flop clocked by wr_clk)
Path Group: wr_clk
Path Type: min

Fanout         Cap        Slew       Delay        Time   Description
---------------------------------------------------------------------------------------------
                                  0.000000    0.000000   clock wr_clk (rise edge)
                                  0.000000    0.000000   clock source latency
     1    0.024374    0.000000    0.000000    0.000000 ^ wr_clk (in)
                                                         wr_clk (net)
                      0.001077    0.000538    0.000538 ^ clkbuf_0_wr_clk/A (sky130_fd_sc_hd__clkbuf_16)
    16    0.103304    0.118752    0.172854    0.173392 ^ clkbuf_0_wr_clk/X (sky130_fd_sc_hd__clkbuf_16)
                                                         clknet_0_wr_clk (net)
                      0.118756    0.000574    0.173966 ^ clkbuf_4_15_0_wr_clk/A (sky130_fd_sc_hd__clkbuf_8)
     2    0.018836    0.049627    0.157468    0.331434 ^ clkbuf_4_15_0_wr_clk/X (sky130_fd_sc_hd__clkbuf_8)
                                                         clknet_4_15_0_wr_clk (net)
                      0.049629    0.000420    0.331854 ^ clkbuf_5_31__f_wr_clk/A (sky130_fd_sc_hd__clkbuf_16)
     5    0.013882    0.036639    0.121245    0.453099 ^ clkbuf_5_31__f_wr_clk/X (sky130_fd_sc_hd__clkbuf_16)
                                                         clknet_5_31__leaf_wr_clk (net)
                      0.036639    0.000183    0.453283 ^ _1216_/CLK (sky130_fd_sc_hd__dfrtp_2)
     1    0.002728    0.037567    0.326870    0.780153 ^ _1216_/Q (sky130_fd_sc_hd__dfrtp_2)
                                                         u_sync_r2w.sync_stage1[2] (net)
                      0.037567    0.000029    0.780181 ^ _1221_/D (sky130_fd_sc_hd__dfrtp_2)
                                              0.780181   data arrival time

                                  0.000000    0.000000   clock wr_clk (rise edge)
                                  0.000000    0.000000   clock source latency
     1    0.024374    0.000000    0.000000    0.000000 ^ wr_clk (in)
                                                         wr_clk (net)
                      0.001077    0.000538    0.000538 ^ clkbuf_0_wr_clk/A (sky130_fd_sc_hd__clkbuf_16)
    16    0.103304    0.118752    0.172854    0.173392 ^ clkbuf_0_wr_clk/X (sky130_fd_sc_hd__clkbuf_16)
                                                         clknet_0_wr_clk (net)
                      0.118756    0.000574    0.173966 ^ clkbuf_4_15_0_wr_clk/A (sky130_fd_sc_hd__clkbuf_8)
     2    0.018836    0.049627    0.157468    0.331434 ^ clkbuf_4_15_0_wr_clk/X (sky130_fd_sc_hd__clkbuf_8)
                                                         clknet_4_15_0_wr_clk (net)
                      0.049629    0.000420    0.331854 ^ clkbuf_5_31__f_wr_clk/A (sky130_fd_sc_hd__clkbuf_16)
     5    0.013882    0.036639    0.121245    0.453099 ^ clkbuf_5_31__f_wr_clk/X (sky130_fd_sc_hd__clkbuf_16)
                                                         clknet_5_31__leaf_wr_clk (net)
                      0.036639    0.000240    0.453340 ^ _1221_/CLK (sky130_fd_sc_hd__dfrtp_2)
                                  0.100000    0.553340   clock uncertainty
                                  0.000000    0.553340   clock reconvergence pessimism
                                 -0.034279    0.519061   library hold time
                                              0.519061   data required time
---------------------------------------------------------------------------------------------
                                              0.519061   data required time
                                             -0.780181   data arrival time
---------------------------------------------------------------------------------------------
                                              0.261120   slack (MET)


Startpoint: _1204_ (rising edge-triggered flip-flop clocked by rd_clk)
Endpoint: _1209_ (rising edge-triggered flip-flop clocked by rd_clk)
Path Group: rd_clk
Path Type: min

Fanout         Cap        Slew       Delay        Time   Description
---------------------------------------------------------------------------------------------
                                  0.000000    0.000000   clock rd_clk (rise edge)
                                  0.000000    0.000000   clock source latency
     1    0.013587    0.000000    0.000000    0.000000 ^ rd_clk (in)
                                                         rd_clk (net)
                      0.000583    0.000292    0.000292 ^ clkbuf_0_rd_clk/A (sky130_fd_sc_hd__clkbuf_16)
     4    0.037982    0.057948    0.124843    0.125135 ^ clkbuf_0_rd_clk/X (sky130_fd_sc_hd__clkbuf_16)
                                                         clknet_0_rd_clk (net)
                      0.057949    0.000368    0.125502 ^ clkbuf_2_0__f_rd_clk/A (sky130_fd_sc_hd__clkbuf_16)
     8    0.021482    0.043122    0.131561    0.257064 ^ clkbuf_2_0__f_rd_clk/X (sky130_fd_sc_hd__clkbuf_16)
                                                         clknet_2_0__leaf_rd_clk (net)
                      0.043123    0.000197    0.257261 ^ _1204_/CLK (sky130_fd_sc_hd__dfrtp_2)
     1    0.002539    0.036913    0.328187    0.585447 ^ _1204_/Q (sky130_fd_sc_hd__dfrtp_2)
                                                         u_sync_w2r.sync_stage1[0] (net)
                      0.036913    0.000024    0.585471 ^ _1209_/D (sky130_fd_sc_hd__dfrtp_2)
                                              0.585471   data arrival time

                                  0.000000    0.000000   clock rd_clk (rise edge)
                                  0.000000    0.000000   clock source latency
     1    0.013587    0.000000    0.000000    0.000000 ^ rd_clk (in)
                                                         rd_clk (net)
                      0.000583    0.000292    0.000292 ^ clkbuf_0_rd_clk/A (sky130_fd_sc_hd__clkbuf_16)
     4    0.037982    0.057948    0.124843    0.125135 ^ clkbuf_0_rd_clk/X (sky130_fd_sc_hd__clkbuf_16)
                                                         clknet_0_rd_clk (net)
                      0.057949    0.000368    0.125502 ^ clkbuf_2_0__f_rd_clk/A (sky130_fd_sc_hd__clkbuf_16)
     8    0.021482    0.043122    0.131561    0.257064 ^ clkbuf_2_0__f_rd_clk/X (sky130_fd_sc_hd__clkbuf_16)
                                                         clknet_2_0__leaf_rd_clk (net)
                      0.043123    0.000173    0.257237 ^ _1209_/CLK (sky130_fd_sc_hd__dfrtp_2)
                                  0.100000    0.357237   clock uncertainty
                                  0.000000    0.357237   clock reconvergence pessimism
                                 -0.033258    0.323978   library hold time
                                              0.323978   data required time
---------------------------------------------------------------------------------------------
                                              0.323978   data required time
                                             -0.585471   data arrival time
---------------------------------------------------------------------------------------------
                                              0.261493   slack (MET)


Startpoint: _1218_ (rising edge-triggered flip-flop clocked by wr_clk)
Endpoint: _1223_ (rising edge-triggered flip-flop clocked by wr_clk)
Path Group: wr_clk
Path Type: min

Fanout         Cap        Slew       Delay        Time   Description
---------------------------------------------------------------------------------------------
                                  0.000000    0.000000   clock wr_clk (rise edge)
                                  0.000000    0.000000   clock source latency
     1    0.024374    0.000000    0.000000    0.000000 ^ wr_clk (in)
                                                         wr_clk (net)
                      0.001077    0.000538    0.000538 ^ clkbuf_0_wr_clk/A (sky130_fd_sc_hd__clkbuf_16)
    16    0.103304    0.118752    0.172854    0.173392 ^ clkbuf_0_wr_clk/X (sky130_fd_sc_hd__clkbuf_16)
                                                         clknet_0_wr_clk (net)
                      0.118756    0.000584    0.173977 ^ clkbuf_4_14_0_wr_clk/A (sky130_fd_sc_hd__clkbuf_8)
     2    0.018769    0.049495    0.157434    0.331411 ^ clkbuf_4_14_0_wr_clk/X (sky130_fd_sc_hd__clkbuf_8)
                                                         clknet_4_14_0_wr_clk (net)
                      0.049495    0.000244    0.331655 ^ clkbuf_5_29__f_wr_clk/A (sky130_fd_sc_hd__clkbuf_16)
     5    0.013959    0.036703    0.121281    0.452935 ^ clkbuf_5_29__f_wr_clk/X (sky130_fd_sc_hd__clkbuf_16)
                                                         clknet_5_29__leaf_wr_clk (net)
                      0.036703    0.000123    0.453059 ^ _1218_/CLK (sky130_fd_sc_hd__dfrtp_2)
     1    0.002882    0.038121    0.327796    0.780855 ^ _1218_/Q (sky130_fd_sc_hd__dfrtp_2)
                                                         u_sync_r2w.sync_stage1[4] (net)
                      0.038121    0.000034    0.780889 ^ _1223_/D (sky130_fd_sc_hd__dfrtp_2)
                                              0.780889   data arrival time

                                  0.000000    0.000000   clock wr_clk (rise edge)
                                  0.000000    0.000000   clock source latency
     1    0.024374    0.000000    0.000000    0.000000 ^ wr_clk (in)
                                                         wr_clk (net)
                      0.001077    0.000538    0.000538 ^ clkbuf_0_wr_clk/A (sky130_fd_sc_hd__clkbuf_16)
    16    0.103304    0.118752    0.172854    0.173392 ^ clkbuf_0_wr_clk/X (sky130_fd_sc_hd__clkbuf_16)
                                                         clknet_0_wr_clk (net)
                      0.118756    0.000584    0.173977 ^ clkbuf_4_14_0_wr_clk/A (sky130_fd_sc_hd__clkbuf_8)
     2    0.018769    0.049495    0.157434    0.331411 ^ clkbuf_4_14_0_wr_clk/X (sky130_fd_sc_hd__clkbuf_8)
                                                         clknet_4_14_0_wr_clk (net)
                      0.049495    0.000244    0.331655 ^ clkbuf_5_29__f_wr_clk/A (sky130_fd_sc_hd__clkbuf_16)
     5    0.013959    0.036703    0.121281    0.452935 ^ clkbuf_5_29__f_wr_clk/X (sky130_fd_sc_hd__clkbuf_16)
                                                         clknet_5_29__leaf_wr_clk (net)
                      0.036703    0.000215    0.453151 ^ _1223_/CLK (sky130_fd_sc_hd__dfrtp_2)
                                  0.100000    0.553151   clock uncertainty
                                  0.000000    0.553151   clock reconvergence pessimism
                                 -0.034385    0.518766   library hold time
                                              0.518766   data required time
---------------------------------------------------------------------------------------------
                                              0.518766   data required time
                                             -0.780889   data arrival time
---------------------------------------------------------------------------------------------
                                              0.262123   slack (MET)


Startpoint: _1214_ (rising edge-triggered flip-flop clocked by wr_clk)
Endpoint: _1219_ (rising edge-triggered flip-flop clocked by wr_clk)
Path Group: wr_clk
Path Type: min

Fanout         Cap        Slew       Delay        Time   Description
---------------------------------------------------------------------------------------------
                                  0.000000    0.000000   clock wr_clk (rise edge)
                                  0.000000    0.000000   clock source latency
     1    0.024374    0.000000    0.000000    0.000000 ^ wr_clk (in)
                                                         wr_clk (net)
                      0.001077    0.000538    0.000538 ^ clkbuf_0_wr_clk/A (sky130_fd_sc_hd__clkbuf_16)
    16    0.103304    0.118752    0.172854    0.173392 ^ clkbuf_0_wr_clk/X (sky130_fd_sc_hd__clkbuf_16)
                                                         clknet_0_wr_clk (net)
                      0.118756    0.000574    0.173966 ^ clkbuf_4_15_0_wr_clk/A (sky130_fd_sc_hd__clkbuf_8)
     2    0.018836    0.049627    0.157468    0.331434 ^ clkbuf_4_15_0_wr_clk/X (sky130_fd_sc_hd__clkbuf_8)
                                                         clknet_4_15_0_wr_clk (net)
                      0.049627    0.000290    0.331723 ^ clkbuf_5_30__f_wr_clk/A (sky130_fd_sc_hd__clkbuf_16)
     5    0.012769    0.035690    0.120202    0.451925 ^ clkbuf_5_30__f_wr_clk/X (sky130_fd_sc_hd__clkbuf_16)
                                                         clknet_5_30__leaf_wr_clk (net)
                      0.035690    0.000088    0.452013 ^ _1214_/CLK (sky130_fd_sc_hd__dfrtp_2)
     1    0.003256    0.040019    0.329611    0.781625 ^ _1214_/Q (sky130_fd_sc_hd__dfrtp_2)
                                                         u_sync_r2w.sync_stage1[0] (net)
                      0.040019    0.000043    0.781668 ^ _1219_/D (sky130_fd_sc_hd__dfrtp_2)
                                              0.781668   data arrival time

                                  0.000000    0.000000   clock wr_clk (rise edge)
                                  0.000000    0.000000   clock source latency
     1    0.024374    0.000000    0.000000    0.000000 ^ wr_clk (in)
                                                         wr_clk (net)
                      0.001077    0.000538    0.000538 ^ clkbuf_0_wr_clk/A (sky130_fd_sc_hd__clkbuf_16)
    16    0.103304    0.118752    0.172854    0.173392 ^ clkbuf_0_wr_clk/X (sky130_fd_sc_hd__clkbuf_16)
                                                         clknet_0_wr_clk (net)
                      0.118756    0.000574    0.173966 ^ clkbuf_4_15_0_wr_clk/A (sky130_fd_sc_hd__clkbuf_8)
     2    0.018836    0.049627    0.157468    0.331434 ^ clkbuf_4_15_0_wr_clk/X (sky130_fd_sc_hd__clkbuf_8)
                                                         clknet_4_15_0_wr_clk (net)
                      0.049627    0.000290    0.331723 ^ clkbuf_5_30__f_wr_clk/A (sky130_fd_sc_hd__clkbuf_16)
     5    0.012769    0.035690    0.120202    0.451925 ^ clkbuf_5_30__f_wr_clk/X (sky130_fd_sc_hd__clkbuf_16)
                                                         clknet_5_30__leaf_wr_clk (net)
                      0.035690    0.000118    0.452043 ^ _1219_/CLK (sky130_fd_sc_hd__dfrtp_2)
                                  0.100000    0.552043   clock uncertainty
                                  0.000000    0.552043   clock reconvergence pessimism
                                 -0.034916    0.517127   library hold time
                                              0.517127   data required time
---------------------------------------------------------------------------------------------
                                              0.517127   data required time
                                             -0.781668   data arrival time
---------------------------------------------------------------------------------------------
                                              0.264541   slack (MET)


Startpoint: _1208_ (rising edge-triggered flip-flop clocked by rd_clk)
Endpoint: _1213_ (rising edge-triggered flip-flop clocked by rd_clk)
Path Group: rd_clk
Path Type: min

Fanout         Cap        Slew       Delay        Time   Description
---------------------------------------------------------------------------------------------
                                  0.000000    0.000000   clock rd_clk (rise edge)
                                  0.000000    0.000000   clock source latency
     1    0.013587    0.000000    0.000000    0.000000 ^ rd_clk (in)
                                                         rd_clk (net)
                      0.000583    0.000292    0.000292 ^ clkbuf_0_rd_clk/A (sky130_fd_sc_hd__clkbuf_16)
     4    0.037982    0.057948    0.124843    0.125135 ^ clkbuf_0_rd_clk/X (sky130_fd_sc_hd__clkbuf_16)
                                                         clknet_0_rd_clk (net)
                      0.057949    0.000368    0.125502 ^ clkbuf_2_0__f_rd_clk/A (sky130_fd_sc_hd__clkbuf_16)
     8    0.021482    0.043122    0.131561    0.257064 ^ clkbuf_2_0__f_rd_clk/X (sky130_fd_sc_hd__clkbuf_16)
                                                         clknet_2_0__leaf_rd_clk (net)
                      0.043124    0.000219    0.257283 ^ _1208_/CLK (sky130_fd_sc_hd__dfrtp_2)
     1    0.003654    0.041916    0.334726    0.592009 ^ _1208_/Q (sky130_fd_sc_hd__dfrtp_2)
                                                         u_sync_w2r.sync_stage1[4] (net)
                      0.041916    0.000053    0.592062 ^ _1213_/D (sky130_fd_sc_hd__dfrtp_2)
                                              0.592062   data arrival time

                                  0.000000    0.000000   clock rd_clk (rise edge)
                                  0.000000    0.000000   clock source latency
     1    0.013587    0.000000    0.000000    0.000000 ^ rd_clk (in)
                                                         rd_clk (net)
                      0.000583    0.000292    0.000292 ^ clkbuf_0_rd_clk/A (sky130_fd_sc_hd__clkbuf_16)
     4    0.037982    0.057948    0.124843    0.125135 ^ clkbuf_0_rd_clk/X (sky130_fd_sc_hd__clkbuf_16)
                                                         clknet_0_rd_clk (net)
                      0.057952    0.000497    0.125632 ^ clkbuf_2_3__f_rd_clk/A (sky130_fd_sc_hd__clkbuf_16)
     7    0.024943    0.046224    0.134831    0.260463 ^ clkbuf_2_3__f_rd_clk/X (sky130_fd_sc_hd__clkbuf_16)
                                                         clknet_2_3__leaf_rd_clk (net)
                      0.046227    0.000374    0.260837 ^ _1213_/CLK (sky130_fd_sc_hd__dfrtp_2)
                                  0.100000    0.360837   clock uncertainty
                                  0.000000    0.360837   clock reconvergence pessimism
                                 -0.033871    0.326966   library hold time
                                              0.326966   data required time
---------------------------------------------------------------------------------------------
                                              0.326966   data required time
                                             -0.592062   data arrival time
---------------------------------------------------------------------------------------------
                                              0.265096   slack (MET)


Startpoint: _1206_ (rising edge-triggered flip-flop clocked by rd_clk)
Endpoint: _1211_ (rising edge-triggered flip-flop clocked by rd_clk)
Path Group: rd_clk
Path Type: min

Fanout         Cap        Slew       Delay        Time   Description
---------------------------------------------------------------------------------------------
                                  0.000000    0.000000   clock rd_clk (rise edge)
                                  0.000000    0.000000   clock source latency
     1    0.013587    0.000000    0.000000    0.000000 ^ rd_clk (in)
                                                         rd_clk (net)
                      0.000583    0.000292    0.000292 ^ clkbuf_0_rd_clk/A (sky130_fd_sc_hd__clkbuf_16)
     4    0.037982    0.057948    0.124843    0.125135 ^ clkbuf_0_rd_clk/X (sky130_fd_sc_hd__clkbuf_16)
                                                         clknet_0_rd_clk (net)
                      0.057949    0.000396    0.125530 ^ clkbuf_2_1__f_rd_clk/A (sky130_fd_sc_hd__clkbuf_16)
     7    0.019595    0.041505    0.129773    0.255303 ^ clkbuf_2_1__f_rd_clk/X (sky130_fd_sc_hd__clkbuf_16)
                                                         clknet_2_1__leaf_rd_clk (net)
                      0.041506    0.000218    0.255521 ^ _1206_/CLK (sky130_fd_sc_hd__dfrtp_2)
     1    0.003288    0.040157    0.331972    0.587493 ^ _1206_/Q (sky130_fd_sc_hd__dfrtp_2)
                                                         u_sync_w2r.sync_stage1[2] (net)
                      0.040157    0.000044    0.587537 ^ _1211_/D (sky130_fd_sc_hd__dfrtp_2)
                                              0.587537   data arrival time

                                  0.000000    0.000000   clock rd_clk (rise edge)
                                  0.000000    0.000000   clock source latency
     1    0.013587    0.000000    0.000000    0.000000 ^ rd_clk (in)
                                                         rd_clk (net)
                      0.000583    0.000292    0.000292 ^ clkbuf_0_rd_clk/A (sky130_fd_sc_hd__clkbuf_16)
     4    0.037982    0.057948    0.124843    0.125135 ^ clkbuf_0_rd_clk/X (sky130_fd_sc_hd__clkbuf_16)
                                                         clknet_0_rd_clk (net)
                      0.057949    0.000396    0.125530 ^ clkbuf_2_1__f_rd_clk/A (sky130_fd_sc_hd__clkbuf_16)
     7    0.019595    0.041505    0.129773    0.255303 ^ clkbuf_2_1__f_rd_clk/X (sky130_fd_sc_hd__clkbuf_16)
                                                         clknet_2_1__leaf_rd_clk (net)
                      0.041506    0.000187    0.255490 ^ _1211_/CLK (sky130_fd_sc_hd__dfrtp_2)
                                  0.100000    0.355490   clock uncertainty
                                  0.000000    0.355490   clock reconvergence pessimism
                                 -0.034151    0.321339   library hold time
                                              0.321339   data required time
---------------------------------------------------------------------------------------------
                                              0.321339   data required time
                                             -0.587537   data arrival time
---------------------------------------------------------------------------------------------
                                              0.266199   slack (MET)


Startpoint: _1202_ (rising edge-triggered flip-flop clocked by rd_clk)
Endpoint: _1203_ (rising edge-triggered flip-flop clocked by rd_clk)
Path Group: rd_clk
Path Type: min

Fanout         Cap        Slew       Delay        Time   Description
---------------------------------------------------------------------------------------------
                                  0.000000    0.000000   clock rd_clk (rise edge)
                                  0.000000    0.000000   clock source latency
     1    0.013587    0.000000    0.000000    0.000000 ^ rd_clk (in)
                                                         rd_clk (net)
                      0.000583    0.000292    0.000292 ^ clkbuf_0_rd_clk/A (sky130_fd_sc_hd__clkbuf_16)
     4    0.037982    0.057948    0.124843    0.125135 ^ clkbuf_0_rd_clk/X (sky130_fd_sc_hd__clkbuf_16)
                                                         clknet_0_rd_clk (net)
                      0.057952    0.000497    0.125632 ^ clkbuf_2_3__f_rd_clk/A (sky130_fd_sc_hd__clkbuf_16)
     7    0.024943    0.046224    0.134831    0.260463 ^ clkbuf_2_3__f_rd_clk/X (sky130_fd_sc_hd__clkbuf_16)
                                                         clknet_2_3__leaf_rd_clk (net)
                      0.046225    0.000297    0.260759 ^ _1202_/CLK (sky130_fd_sc_hd__dfrtp_2)
     1    0.003188    0.039736    0.333154    0.593914 ^ _1202_/Q (sky130_fd_sc_hd__dfrtp_2)
                                                         u_rd_reset_sync.sync_ff1 (net)
                      0.039736    0.000041    0.593954 ^ _1203_/D (sky130_fd_sc_hd__dfrtp_2)
                                              0.593954   data arrival time

                                  0.000000    0.000000   clock rd_clk (rise edge)
                                  0.000000    0.000000   clock source latency
     1    0.013587    0.000000    0.000000    0.000000 ^ rd_clk (in)
                                                         rd_clk (net)
                      0.000583    0.000292    0.000292 ^ clkbuf_0_rd_clk/A (sky130_fd_sc_hd__clkbuf_16)
     4    0.037982    0.057948    0.124843    0.125135 ^ clkbuf_0_rd_clk/X (sky130_fd_sc_hd__clkbuf_16)
                                                         clknet_0_rd_clk (net)
                      0.057952    0.000497    0.125632 ^ clkbuf_2_3__f_rd_clk/A (sky130_fd_sc_hd__clkbuf_16)
     7    0.024943    0.046224    0.134831    0.260463 ^ clkbuf_2_3__f_rd_clk/X (sky130_fd_sc_hd__clkbuf_16)
                                                         clknet_2_3__leaf_rd_clk (net)
                      0.046226    0.000337    0.260799 ^ _1203_/CLK (sky130_fd_sc_hd__dfrtp_2)
                                  0.100000    0.360799   clock uncertainty
                                  0.000000    0.360799   clock reconvergence pessimism
                                 -0.033419    0.327380   library hold time
                                              0.327380   data required time
---------------------------------------------------------------------------------------------
                                              0.327380   data required time
                                             -0.593954   data arrival time
---------------------------------------------------------------------------------------------
                                              0.266575   slack (MET)


Startpoint: _1200_ (rising edge-triggered flip-flop clocked by wr_clk)
Endpoint: _1201_ (rising edge-triggered flip-flop clocked by wr_clk)
Path Group: wr_clk
Path Type: min

Fanout         Cap        Slew       Delay        Time   Description
---------------------------------------------------------------------------------------------
                                  0.000000    0.000000   clock wr_clk (rise edge)
                                  0.000000    0.000000   clock source latency
     1    0.024374    0.000000    0.000000    0.000000 ^ wr_clk (in)
                                                         wr_clk (net)
                      0.001077    0.000538    0.000538 ^ clkbuf_0_wr_clk/A (sky130_fd_sc_hd__clkbuf_16)
    16    0.103304    0.118752    0.172854    0.173392 ^ clkbuf_0_wr_clk/X (sky130_fd_sc_hd__clkbuf_16)
                                                         clknet_0_wr_clk (net)
                      0.118777    0.001434    0.174826 ^ clkbuf_4_10_0_wr_clk/A (sky130_fd_sc_hd__clkbuf_8)
     2    0.019042    0.049921    0.157851    0.332677 ^ clkbuf_4_10_0_wr_clk/X (sky130_fd_sc_hd__clkbuf_8)
                                                         clknet_4_10_0_wr_clk (net)
                      0.049921    0.000226    0.332903 ^ clkbuf_5_21__f_wr_clk/A (sky130_fd_sc_hd__clkbuf_16)
     6    0.019165    0.041133    0.126353    0.459256 ^ clkbuf_5_21__f_wr_clk/X (sky130_fd_sc_hd__clkbuf_16)
                                                         clknet_5_21__leaf_wr_clk (net)
                      0.041134    0.000465    0.459721 ^ _1200_/CLK (sky130_fd_sc_hd__dfrtp_2)
     1    0.003491    0.041112    0.333023    0.792744 ^ _1200_/Q (sky130_fd_sc_hd__dfrtp_2)
                                                         u_wr_reset_sync.sync_ff1 (net)
                      0.041113    0.000049    0.792793 ^ _1201_/D (sky130_fd_sc_hd__dfrtp_2)
                                              0.792793   data arrival time

                                  0.000000    0.000000   clock wr_clk (rise edge)
                                  0.000000    0.000000   clock source latency
     1    0.024374    0.000000    0.000000    0.000000 ^ wr_clk (in)
                                                         wr_clk (net)
                      0.001077    0.000538    0.000538 ^ clkbuf_0_wr_clk/A (sky130_fd_sc_hd__clkbuf_16)
    16    0.103304    0.118752    0.172854    0.173392 ^ clkbuf_0_wr_clk/X (sky130_fd_sc_hd__clkbuf_16)
                                                         clknet_0_wr_clk (net)
                      0.118777    0.001434    0.174826 ^ clkbuf_4_10_0_wr_clk/A (sky130_fd_sc_hd__clkbuf_8)
     2    0.019042    0.049921    0.157851    0.332677 ^ clkbuf_4_10_0_wr_clk/X (sky130_fd_sc_hd__clkbuf_8)
                                                         clknet_4_10_0_wr_clk (net)
                      0.049921    0.000226    0.332903 ^ clkbuf_5_21__f_wr_clk/A (sky130_fd_sc_hd__clkbuf_16)
     6    0.019165    0.041133    0.126353    0.459256 ^ clkbuf_5_21__f_wr_clk/X (sky130_fd_sc_hd__clkbuf_16)
                                                         clknet_5_21__leaf_wr_clk (net)
                      0.041134    0.000499    0.459755 ^ _1201_/CLK (sky130_fd_sc_hd__dfrtp_2)
                                  0.100000    0.559755   clock uncertainty
                                  0.000000    0.559755   clock reconvergence pessimism
                                 -0.034400    0.525355   library hold time
                                              0.525355   data required time
---------------------------------------------------------------------------------------------
                                              0.525355   data required time
                                             -0.792793   data arrival time
---------------------------------------------------------------------------------------------
                                              0.267438   slack (MET)


Startpoint: _1215_ (rising edge-triggered flip-flop clocked by wr_clk)
Endpoint: _1220_ (rising edge-triggered flip-flop clocked by wr_clk)
Path Group: wr_clk
Path Type: min

Fanout         Cap        Slew       Delay        Time   Description
---------------------------------------------------------------------------------------------
                                  0.000000    0.000000   clock wr_clk (rise edge)
                                  0.000000    0.000000   clock source latency
     1    0.024374    0.000000    0.000000    0.000000 ^ wr_clk (in)
                                                         wr_clk (net)
                      0.001077    0.000538    0.000538 ^ clkbuf_0_wr_clk/A (sky130_fd_sc_hd__clkbuf_16)
    16    0.103304    0.118752    0.172854    0.173392 ^ clkbuf_0_wr_clk/X (sky130_fd_sc_hd__clkbuf_16)
                                                         clknet_0_wr_clk (net)
                      0.118752    0.000073    0.173465 ^ clkbuf_4_12_0_wr_clk/A (sky130_fd_sc_hd__clkbuf_8)
     2    0.019367    0.050450    0.158281    0.331746 ^ clkbuf_4_12_0_wr_clk/X (sky130_fd_sc_hd__clkbuf_8)
                                                         clknet_4_12_0_wr_clk (net)
                      0.050451    0.000354    0.332100 ^ clkbuf_5_25__f_wr_clk/A (sky130_fd_sc_hd__clkbuf_16)
     6    0.021455    0.043094    0.128785    0.460885 ^ clkbuf_5_25__f_wr_clk/X (sky130_fd_sc_hd__clkbuf_16)
                                                         clknet_5_25__leaf_wr_clk (net)
                      0.043096    0.000242    0.461127 ^ _1215_/CLK (sky130_fd_sc_hd__dfrtp_2)
     1    0.003705    0.042170    0.335019    0.796146 ^ _1215_/Q (sky130_fd_sc_hd__dfrtp_2)
                                                         u_sync_r2w.sync_stage1[1] (net)
                      0.042170    0.000053    0.796199 ^ _1220_/D (sky130_fd_sc_hd__dfrtp_2)
                                              0.796199   data arrival time

                                  0.000000    0.000000   clock wr_clk (rise edge)
                                  0.000000    0.000000   clock source latency
     1    0.024374    0.000000    0.000000    0.000000 ^ wr_clk (in)
                                                         wr_clk (net)
                      0.001077    0.000538    0.000538 ^ clkbuf_0_wr_clk/A (sky130_fd_sc_hd__clkbuf_16)
    16    0.103304    0.118752    0.172854    0.173392 ^ clkbuf_0_wr_clk/X (sky130_fd_sc_hd__clkbuf_16)
                                                         clknet_0_wr_clk (net)
                      0.118756    0.000584    0.173977 ^ clkbuf_4_14_0_wr_clk/A (sky130_fd_sc_hd__clkbuf_8)
     2    0.018769    0.049495    0.157434    0.331411 ^ clkbuf_4_14_0_wr_clk/X (sky130_fd_sc_hd__clkbuf_8)
                                                         clknet_4_14_0_wr_clk (net)
                      0.049495    0.000209    0.331619 ^ clkbuf_5_28__f_wr_clk/A (sky130_fd_sc_hd__clkbuf_16)
     5    0.020373    0.042164    0.127441    0.459060 ^ clkbuf_5_28__f_wr_clk/X (sky130_fd_sc_hd__clkbuf_16)
                                                         clknet_5_28__leaf_wr_clk (net)
                      0.042164    0.000116    0.459176 ^ _1220_/CLK (sky130_fd_sc_hd__dfrtp_2)
                                  0.100000    0.559176   clock uncertainty
                                  0.000000    0.559176   clock reconvergence pessimism
                                 -0.034478    0.524697   library hold time
                                              0.524697   data required time
---------------------------------------------------------------------------------------------
                                              0.524697   data required time
                                             -0.796199   data arrival time
---------------------------------------------------------------------------------------------
                                              0.271502   slack (MET)


Startpoint: _1205_ (rising edge-triggered flip-flop clocked by rd_clk)
Endpoint: _1210_ (rising edge-triggered flip-flop clocked by rd_clk)
Path Group: rd_clk
Path Type: min

Fanout         Cap        Slew       Delay        Time   Description
---------------------------------------------------------------------------------------------
                                  0.000000    0.000000   clock rd_clk (rise edge)
                                  0.000000    0.000000   clock source latency
     1    0.013587    0.000000    0.000000    0.000000 ^ rd_clk (in)
                                                         rd_clk (net)
                      0.000583    0.000292    0.000292 ^ clkbuf_0_rd_clk/A (sky130_fd_sc_hd__clkbuf_16)
     4    0.037982    0.057948    0.124843    0.125135 ^ clkbuf_0_rd_clk/X (sky130_fd_sc_hd__clkbuf_16)
                                                         clknet_0_rd_clk (net)
                      0.057949    0.000396    0.125530 ^ clkbuf_2_1__f_rd_clk/A (sky130_fd_sc_hd__clkbuf_16)
     7    0.019595    0.041505    0.129773    0.255303 ^ clkbuf_2_1__f_rd_clk/X (sky130_fd_sc_hd__clkbuf_16)
                                                         clknet_2_1__leaf_rd_clk (net)
                      0.041506    0.000208    0.255512 ^ _1205_/CLK (sky130_fd_sc_hd__dfrtp_2)
     1    0.005091    0.048238    0.341339    0.596851 ^ _1205_/Q (sky130_fd_sc_hd__dfrtp_2)
                                                         u_sync_w2r.sync_stage1[1] (net)
                      0.048238    0.000102    0.596953 ^ _1210_/D (sky130_fd_sc_hd__dfrtp_2)
                                              0.596953   data arrival time

                                  0.000000    0.000000   clock rd_clk (rise edge)
                                  0.000000    0.000000   clock source latency
     1    0.013587    0.000000    0.000000    0.000000 ^ rd_clk (in)
                                                         rd_clk (net)
                      0.000583    0.000292    0.000292 ^ clkbuf_0_rd_clk/A (sky130_fd_sc_hd__clkbuf_16)
     4    0.037982    0.057948    0.124843    0.125135 ^ clkbuf_0_rd_clk/X (sky130_fd_sc_hd__clkbuf_16)
                                                         clknet_0_rd_clk (net)
                      0.057949    0.000396    0.125530 ^ clkbuf_2_1__f_rd_clk/A (sky130_fd_sc_hd__clkbuf_16)
     7    0.019595    0.041505    0.129773    0.255303 ^ clkbuf_2_1__f_rd_clk/X (sky130_fd_sc_hd__clkbuf_16)
                                                         clknet_2_1__leaf_rd_clk (net)
                      0.041505    0.000086    0.255390 ^ _1210_/CLK (sky130_fd_sc_hd__dfrtp_2)
                                  0.100000    0.355390   clock uncertainty
                                  0.000000    0.355390   clock reconvergence pessimism
                                 -0.035826    0.319564   library hold time
                                              0.319564   data required time
---------------------------------------------------------------------------------------------
                                              0.319564   data required time
                                             -0.596953   data arrival time
---------------------------------------------------------------------------------------------
                                              0.277389   slack (MET)


Startpoint: _1201_ (rising edge-triggered flip-flop clocked by wr_clk)
Endpoint: _1195_ (removal check against rising-edge clock wr_clk)
Path Group: asynchronous
Path Type: min

Fanout         Cap        Slew       Delay        Time   Description
---------------------------------------------------------------------------------------------
                                  0.000000    0.000000   clock wr_clk (rise edge)
                                  0.000000    0.000000   clock source latency
     1    0.024374    0.000000    0.000000    0.000000 ^ wr_clk (in)
                                                         wr_clk (net)
                      0.001077    0.000538    0.000538 ^ clkbuf_0_wr_clk/A (sky130_fd_sc_hd__clkbuf_16)
    16    0.103304    0.118752    0.172854    0.173392 ^ clkbuf_0_wr_clk/X (sky130_fd_sc_hd__clkbuf_16)
                                                         clknet_0_wr_clk (net)
                      0.118777    0.001434    0.174826 ^ clkbuf_4_10_0_wr_clk/A (sky130_fd_sc_hd__clkbuf_8)
     2    0.019042    0.049921    0.157851    0.332677 ^ clkbuf_4_10_0_wr_clk/X (sky130_fd_sc_hd__clkbuf_8)
                                                         clknet_4_10_0_wr_clk (net)
                      0.049921    0.000226    0.332903 ^ clkbuf_5_21__f_wr_clk/A (sky130_fd_sc_hd__clkbuf_16)
     6    0.019165    0.041133    0.126353    0.459256 ^ clkbuf_5_21__f_wr_clk/X (sky130_fd_sc_hd__clkbuf_16)
                                                         clknet_5_21__leaf_wr_clk (net)
                      0.041134    0.000499    0.459755 ^ _1201_/CLK (sky130_fd_sc_hd__dfrtp_2)
     1    0.003323    0.040313    0.332041    0.791796 ^ _1201_/Q (sky130_fd_sc_hd__dfrtp_2)
                                                         u_wr_reset_sync.sync_ff2 (net)
                      0.040313    0.000041    0.791836 ^ fanout80/A (sky130_fd_sc_hd__clkdlybuf4s25_1)
     7    0.039623    0.398346    0.493948    1.285784 ^ fanout80/X (sky130_fd_sc_hd__clkdlybuf4s25_1)
                                                         net80 (net)
                      0.398346    0.000333    1.286117 ^ _1195_/RESET_B (sky130_fd_sc_hd__dfrtp_2)
                                              1.286117   data arrival time

                                  0.000000    0.000000   clock wr_clk (rise edge)
                                  0.000000    0.000000   clock source latency
     1    0.024374    0.000000    0.000000    0.000000 ^ wr_clk (in)
                                                         wr_clk (net)
                      0.001077    0.000538    0.000538 ^ clkbuf_0_wr_clk/A (sky130_fd_sc_hd__clkbuf_16)
    16    0.103304    0.118752    0.172854    0.173392 ^ clkbuf_0_wr_clk/X (sky130_fd_sc_hd__clkbuf_16)
                                                         clknet_0_wr_clk (net)
                      0.118777    0.001434    0.174826 ^ clkbuf_4_10_0_wr_clk/A (sky130_fd_sc_hd__clkbuf_8)
     2    0.019042    0.049921    0.157851    0.332677 ^ clkbuf_4_10_0_wr_clk/X (sky130_fd_sc_hd__clkbuf_8)
                                                         clknet_4_10_0_wr_clk (net)
                      0.049921    0.000226    0.332903 ^ clkbuf_5_21__f_wr_clk/A (sky130_fd_sc_hd__clkbuf_16)
     6    0.019165    0.041133    0.126353    0.459256 ^ clkbuf_5_21__f_wr_clk/X (sky130_fd_sc_hd__clkbuf_16)
                                                         clknet_5_21__leaf_wr_clk (net)
                      0.041134    0.000510    0.459767 ^ _1195_/CLK (sky130_fd_sc_hd__dfrtp_2)
                                  0.100000    0.559767   clock uncertainty
                                  0.000000    0.559767   clock reconvergence pessimism
                                  0.415524    0.975291   library removal time
                                              0.975291   data required time
---------------------------------------------------------------------------------------------
                                              0.975291   data required time
                                             -1.286117   data arrival time
---------------------------------------------------------------------------------------------
                                              0.310826   slack (MET)


Startpoint: _1201_ (rising edge-triggered flip-flop clocked by wr_clk)
Endpoint: _1199_ (removal check against rising-edge clock wr_clk)
Path Group: asynchronous
Path Type: min

Fanout         Cap        Slew       Delay        Time   Description
---------------------------------------------------------------------------------------------
                                  0.000000    0.000000   clock wr_clk (rise edge)
                                  0.000000    0.000000   clock source latency
     1    0.024374    0.000000    0.000000    0.000000 ^ wr_clk (in)
                                                         wr_clk (net)
                      0.001077    0.000538    0.000538 ^ clkbuf_0_wr_clk/A (sky130_fd_sc_hd__clkbuf_16)
    16    0.103304    0.118752    0.172854    0.173392 ^ clkbuf_0_wr_clk/X (sky130_fd_sc_hd__clkbuf_16)
                                                         clknet_0_wr_clk (net)
                      0.118777    0.001434    0.174826 ^ clkbuf_4_10_0_wr_clk/A (sky130_fd_sc_hd__clkbuf_8)
     2    0.019042    0.049921    0.157851    0.332677 ^ clkbuf_4_10_0_wr_clk/X (sky130_fd_sc_hd__clkbuf_8)
                                                         clknet_4_10_0_wr_clk (net)
                      0.049921    0.000226    0.332903 ^ clkbuf_5_21__f_wr_clk/A (sky130_fd_sc_hd__clkbuf_16)
     6    0.019165    0.041133    0.126353    0.459256 ^ clkbuf_5_21__f_wr_clk/X (sky130_fd_sc_hd__clkbuf_16)
                                                         clknet_5_21__leaf_wr_clk (net)
                      0.041134    0.000499    0.459755 ^ _1201_/CLK (sky130_fd_sc_hd__dfrtp_2)
     1    0.003323    0.040313    0.332041    0.791796 ^ _1201_/Q (sky130_fd_sc_hd__dfrtp_2)
                                                         u_wr_reset_sync.sync_ff2 (net)
                      0.040313    0.000041    0.791836 ^ fanout80/A (sky130_fd_sc_hd__clkdlybuf4s25_1)
     7    0.039623    0.398346    0.493948    1.285784 ^ fanout80/X (sky130_fd_sc_hd__clkdlybuf4s25_1)
                                                         net80 (net)
                      0.398346    0.001002    1.286786 ^ _1199_/RESET_B (sky130_fd_sc_hd__dfrtp_2)
                                              1.286786   data arrival time

                                  0.000000    0.000000   clock wr_clk (rise edge)
                                  0.000000    0.000000   clock source latency
     1    0.024374    0.000000    0.000000    0.000000 ^ wr_clk (in)
                                                         wr_clk (net)
                      0.001077    0.000538    0.000538 ^ clkbuf_0_wr_clk/A (sky130_fd_sc_hd__clkbuf_16)
    16    0.103304    0.118752    0.172854    0.173392 ^ clkbuf_0_wr_clk/X (sky130_fd_sc_hd__clkbuf_16)
                                                         clknet_0_wr_clk (net)
                      0.118777    0.001434    0.174826 ^ clkbuf_4_10_0_wr_clk/A (sky130_fd_sc_hd__clkbuf_8)
     2    0.019042    0.049921    0.157851    0.332677 ^ clkbuf_4_10_0_wr_clk/X (sky130_fd_sc_hd__clkbuf_8)
                                                         clknet_4_10_0_wr_clk (net)
                      0.049921    0.000226    0.332903 ^ clkbuf_5_21__f_wr_clk/A (sky130_fd_sc_hd__clkbuf_16)
     6    0.019165    0.041133    0.126353    0.459256 ^ clkbuf_5_21__f_wr_clk/X (sky130_fd_sc_hd__clkbuf_16)
                                                         clknet_5_21__leaf_wr_clk (net)
                      0.041134    0.000410    0.459666 ^ _1199_/CLK (sky130_fd_sc_hd__dfrtp_2)
                                  0.100000    0.559666   clock uncertainty
                                  0.000000    0.559666   clock reconvergence pessimism
                                  0.415524    0.975190   library removal time
                                              0.975190   data required time
---------------------------------------------------------------------------------------------
                                              0.975190   data required time
                                             -1.286786   data arrival time
---------------------------------------------------------------------------------------------
                                              0.311596   slack (MET)


Startpoint: _1201_ (rising edge-triggered flip-flop clocked by wr_clk)
Endpoint: _1198_ (removal check against rising-edge clock wr_clk)
Path Group: asynchronous
Path Type: min

Fanout         Cap        Slew       Delay        Time   Description
---------------------------------------------------------------------------------------------
                                  0.000000    0.000000   clock wr_clk (rise edge)
                                  0.000000    0.000000   clock source latency
     1    0.024374    0.000000    0.000000    0.000000 ^ wr_clk (in)
                                                         wr_clk (net)
                      0.001077    0.000538    0.000538 ^ clkbuf_0_wr_clk/A (sky130_fd_sc_hd__clkbuf_16)
    16    0.103304    0.118752    0.172854    0.173392 ^ clkbuf_0_wr_clk/X (sky130_fd_sc_hd__clkbuf_16)
                                                         clknet_0_wr_clk (net)
                      0.118777    0.001434    0.174826 ^ clkbuf_4_10_0_wr_clk/A (sky130_fd_sc_hd__clkbuf_8)
     2    0.019042    0.049921    0.157851    0.332677 ^ clkbuf_4_10_0_wr_clk/X (sky130_fd_sc_hd__clkbuf_8)
                                                         clknet_4_10_0_wr_clk (net)
                      0.049921    0.000226    0.332903 ^ clkbuf_5_21__f_wr_clk/A (sky130_fd_sc_hd__clkbuf_16)
     6    0.019165    0.041133    0.126353    0.459256 ^ clkbuf_5_21__f_wr_clk/X (sky130_fd_sc_hd__clkbuf_16)
                                                         clknet_5_21__leaf_wr_clk (net)
                      0.041134    0.000499    0.459755 ^ _1201_/CLK (sky130_fd_sc_hd__dfrtp_2)
     1    0.003323    0.040313    0.332041    0.791796 ^ _1201_/Q (sky130_fd_sc_hd__dfrtp_2)
                                                         u_wr_reset_sync.sync_ff2 (net)
                      0.040313    0.000041    0.791836 ^ fanout80/A (sky130_fd_sc_hd__clkdlybuf4s25_1)
     7    0.039623    0.398346    0.493948    1.285784 ^ fanout80/X (sky130_fd_sc_hd__clkdlybuf4s25_1)
                                                         net80 (net)
                      0.398346    0.001147    1.286931 ^ _1198_/RESET_B (sky130_fd_sc_hd__dfrtp_2)
                                              1.286931   data arrival time

                                  0.000000    0.000000   clock wr_clk (rise edge)
                                  0.000000    0.000000   clock source latency
     1    0.024374    0.000000    0.000000    0.000000 ^ wr_clk (in)
                                                         wr_clk (net)
                      0.001077    0.000538    0.000538 ^ clkbuf_0_wr_clk/A (sky130_fd_sc_hd__clkbuf_16)
    16    0.103304    0.118752    0.172854    0.173392 ^ clkbuf_0_wr_clk/X (sky130_fd_sc_hd__clkbuf_16)
                                                         clknet_0_wr_clk (net)
                      0.118777    0.001434    0.174826 ^ clkbuf_4_10_0_wr_clk/A (sky130_fd_sc_hd__clkbuf_8)
     2    0.019042    0.049921    0.157851    0.332677 ^ clkbuf_4_10_0_wr_clk/X (sky130_fd_sc_hd__clkbuf_8)
                                                         clknet_4_10_0_wr_clk (net)
                      0.049921    0.000226    0.332903 ^ clkbuf_5_21__f_wr_clk/A (sky130_fd_sc_hd__clkbuf_16)
     6    0.019165    0.041133    0.126353    0.459256 ^ clkbuf_5_21__f_wr_clk/X (sky130_fd_sc_hd__clkbuf_16)
                                                         clknet_5_21__leaf_wr_clk (net)
                      0.041133    0.000363    0.459619 ^ _1198_/CLK (sky130_fd_sc_hd__dfrtp_2)
                                  0.100000    0.559619   clock uncertainty
                                  0.000000    0.559619   clock reconvergence pessimism
                                  0.415524    0.975143   library removal time
                                              0.975143   data required time
---------------------------------------------------------------------------------------------
                                              0.975143   data required time
                                             -1.286931   data arrival time
---------------------------------------------------------------------------------------------
                                              0.311788   slack (MET)


Startpoint: _1201_ (rising edge-triggered flip-flop clocked by wr_clk)
Endpoint: _1229_ (removal check against rising-edge clock wr_clk)
Path Group: asynchronous
Path Type: min

Fanout         Cap        Slew       Delay        Time   Description
---------------------------------------------------------------------------------------------
                                  0.000000    0.000000   clock wr_clk (rise edge)
                                  0.000000    0.000000   clock source latency
     1    0.024374    0.000000    0.000000    0.000000 ^ wr_clk (in)
                                                         wr_clk (net)
                      0.001077    0.000538    0.000538 ^ clkbuf_0_wr_clk/A (sky130_fd_sc_hd__clkbuf_16)
    16    0.103304    0.118752    0.172854    0.173392 ^ clkbuf_0_wr_clk/X (sky130_fd_sc_hd__clkbuf_16)
                                                         clknet_0_wr_clk (net)
                      0.118777    0.001434    0.174826 ^ clkbuf_4_10_0_wr_clk/A (sky130_fd_sc_hd__clkbuf_8)
     2    0.019042    0.049921    0.157851    0.332677 ^ clkbuf_4_10_0_wr_clk/X (sky130_fd_sc_hd__clkbuf_8)
                                                         clknet_4_10_0_wr_clk (net)
                      0.049921    0.000226    0.332903 ^ clkbuf_5_21__f_wr_clk/A (sky130_fd_sc_hd__clkbuf_16)
     6    0.019165    0.041133    0.126353    0.459256 ^ clkbuf_5_21__f_wr_clk/X (sky130_fd_sc_hd__clkbuf_16)
                                                         clknet_5_21__leaf_wr_clk (net)
                      0.041134    0.000499    0.459755 ^ _1201_/CLK (sky130_fd_sc_hd__dfrtp_2)
     1    0.003323    0.040313    0.332041    0.791796 ^ _1201_/Q (sky130_fd_sc_hd__dfrtp_2)
                                                         u_wr_reset_sync.sync_ff2 (net)
                      0.040313    0.000041    0.791836 ^ fanout80/A (sky130_fd_sc_hd__clkdlybuf4s25_1)
     7    0.039623    0.398346    0.493948    1.285784 ^ fanout80/X (sky130_fd_sc_hd__clkdlybuf4s25_1)
                                                         net80 (net)
                      0.398348    0.001622    1.287406 ^ _1229_/RESET_B (sky130_fd_sc_hd__dfrtp_2)
                                              1.287406   data arrival time

                                  0.000000    0.000000   clock wr_clk (rise edge)
                                  0.000000    0.000000   clock source latency
     1    0.024374    0.000000    0.000000    0.000000 ^ wr_clk (in)
                                                         wr_clk (net)
                      0.001077    0.000538    0.000538 ^ clkbuf_0_wr_clk/A (sky130_fd_sc_hd__clkbuf_16)
    16    0.103304    0.118752    0.172854    0.173392 ^ clkbuf_0_wr_clk/X (sky130_fd_sc_hd__clkbuf_16)
                                                         clknet_0_wr_clk (net)
                      0.118756    0.000584    0.173977 ^ clkbuf_4_14_0_wr_clk/A (sky130_fd_sc_hd__clkbuf_8)
     2    0.018769    0.049495    0.157434    0.331411 ^ clkbuf_4_14_0_wr_clk/X (sky130_fd_sc_hd__clkbuf_8)
                                                         clknet_4_14_0_wr_clk (net)
                      0.049495    0.000209    0.331619 ^ clkbuf_5_28__f_wr_clk/A (sky130_fd_sc_hd__clkbuf_16)
     5    0.020373    0.042164    0.127441    0.459060 ^ clkbuf_5_28__f_wr_clk/X (sky130_fd_sc_hd__clkbuf_16)
                                                         clknet_5_28__leaf_wr_clk (net)
                      0.042164    0.000214    0.459275 ^ _1229_/CLK (sky130_fd_sc_hd__dfrtp_2)
                                  0.100000    0.559275   clock uncertainty
                                  0.000000    0.559275   clock reconvergence pessimism
                                  0.415806    0.975081   library removal time
                                              0.975081   data required time
---------------------------------------------------------------------------------------------
                                              0.975081   data required time
                                             -1.287406   data arrival time
---------------------------------------------------------------------------------------------
                                              0.312325   slack (MET)


Startpoint: _1201_ (rising edge-triggered flip-flop clocked by wr_clk)
Endpoint: _1197_ (removal check against rising-edge clock wr_clk)
Path Group: asynchronous
Path Type: min

Fanout         Cap        Slew       Delay        Time   Description
---------------------------------------------------------------------------------------------
                                  0.000000    0.000000   clock wr_clk (rise edge)
                                  0.000000    0.000000   clock source latency
     1    0.024374    0.000000    0.000000    0.000000 ^ wr_clk (in)
                                                         wr_clk (net)
                      0.001077    0.000538    0.000538 ^ clkbuf_0_wr_clk/A (sky130_fd_sc_hd__clkbuf_16)
    16    0.103304    0.118752    0.172854    0.173392 ^ clkbuf_0_wr_clk/X (sky130_fd_sc_hd__clkbuf_16)
                                                         clknet_0_wr_clk (net)
                      0.118777    0.001434    0.174826 ^ clkbuf_4_10_0_wr_clk/A (sky130_fd_sc_hd__clkbuf_8)
     2    0.019042    0.049921    0.157851    0.332677 ^ clkbuf_4_10_0_wr_clk/X (sky130_fd_sc_hd__clkbuf_8)
                                                         clknet_4_10_0_wr_clk (net)
                      0.049921    0.000226    0.332903 ^ clkbuf_5_21__f_wr_clk/A (sky130_fd_sc_hd__clkbuf_16)
     6    0.019165    0.041133    0.126353    0.459256 ^ clkbuf_5_21__f_wr_clk/X (sky130_fd_sc_hd__clkbuf_16)
                                                         clknet_5_21__leaf_wr_clk (net)
                      0.041134    0.000499    0.459755 ^ _1201_/CLK (sky130_fd_sc_hd__dfrtp_2)
     1    0.003323    0.040313    0.332041    0.791796 ^ _1201_/Q (sky130_fd_sc_hd__dfrtp_2)
                                                         u_wr_reset_sync.sync_ff2 (net)
                      0.040313    0.000041    0.791836 ^ fanout80/A (sky130_fd_sc_hd__clkdlybuf4s25_1)
     7    0.039623    0.398346    0.493948    1.285784 ^ fanout80/X (sky130_fd_sc_hd__clkdlybuf4s25_1)
                                                         net80 (net)
                      0.398347    0.001475    1.287259 ^ _1197_/RESET_B (sky130_fd_sc_hd__dfrtp_2)
                                              1.287259   data arrival time

                                  0.000000    0.000000   clock wr_clk (rise edge)
                                  0.000000    0.000000   clock source latency
     1    0.024374    0.000000    0.000000    0.000000 ^ wr_clk (in)
                                                         wr_clk (net)
                      0.001077    0.000538    0.000538 ^ clkbuf_0_wr_clk/A (sky130_fd_sc_hd__clkbuf_16)
    16    0.103304    0.118752    0.172854    0.173392 ^ clkbuf_0_wr_clk/X (sky130_fd_sc_hd__clkbuf_16)
                                                         clknet_0_wr_clk (net)
                      0.118777    0.001434    0.174826 ^ clkbuf_4_10_0_wr_clk/A (sky130_fd_sc_hd__clkbuf_8)
     2    0.019042    0.049921    0.157851    0.332677 ^ clkbuf_4_10_0_wr_clk/X (sky130_fd_sc_hd__clkbuf_8)
                                                         clknet_4_10_0_wr_clk (net)
                      0.049921    0.000235    0.332911 ^ clkbuf_5_20__f_wr_clk/A (sky130_fd_sc_hd__clkbuf_16)
     5    0.013183    0.036041    0.120721    0.453633 ^ clkbuf_5_20__f_wr_clk/X (sky130_fd_sc_hd__clkbuf_16)
                                                         clknet_5_20__leaf_wr_clk (net)
                      0.036041    0.000050    0.453682 ^ _1197_/CLK (sky130_fd_sc_hd__dfrtp_2)
                                  0.100000    0.553683   clock uncertainty
                                  0.000000    0.553683   clock reconvergence pessimism
                                  0.414132    0.967815   library removal time
                                              0.967815   data required time
---------------------------------------------------------------------------------------------
                                              0.967815   data required time
                                             -1.287259   data arrival time
---------------------------------------------------------------------------------------------
                                              0.319444   slack (MET)


Startpoint: _1201_ (rising edge-triggered flip-flop clocked by wr_clk)
Endpoint: _1196_ (removal check against rising-edge clock wr_clk)
Path Group: asynchronous
Path Type: min

Fanout         Cap        Slew       Delay        Time   Description
---------------------------------------------------------------------------------------------
                                  0.000000    0.000000   clock wr_clk (rise edge)
                                  0.000000    0.000000   clock source latency
     1    0.024374    0.000000    0.000000    0.000000 ^ wr_clk (in)
                                                         wr_clk (net)
                      0.001077    0.000538    0.000538 ^ clkbuf_0_wr_clk/A (sky130_fd_sc_hd__clkbuf_16)
    16    0.103304    0.118752    0.172854    0.173392 ^ clkbuf_0_wr_clk/X (sky130_fd_sc_hd__clkbuf_16)
                                                         clknet_0_wr_clk (net)
                      0.118777    0.001434    0.174826 ^ clkbuf_4_10_0_wr_clk/A (sky130_fd_sc_hd__clkbuf_8)
     2    0.019042    0.049921    0.157851    0.332677 ^ clkbuf_4_10_0_wr_clk/X (sky130_fd_sc_hd__clkbuf_8)
                                                         clknet_4_10_0_wr_clk (net)
                      0.049921    0.000226    0.332903 ^ clkbuf_5_21__f_wr_clk/A (sky130_fd_sc_hd__clkbuf_16)
     6    0.019165    0.041133    0.126353    0.459256 ^ clkbuf_5_21__f_wr_clk/X (sky130_fd_sc_hd__clkbuf_16)
                                                         clknet_5_21__leaf_wr_clk (net)
                      0.041134    0.000499    0.459755 ^ _1201_/CLK (sky130_fd_sc_hd__dfrtp_2)
     1    0.003323    0.040313    0.332041    0.791796 ^ _1201_/Q (sky130_fd_sc_hd__dfrtp_2)
                                                         u_wr_reset_sync.sync_ff2 (net)
                      0.040313    0.000041    0.791836 ^ fanout80/A (sky130_fd_sc_hd__clkdlybuf4s25_1)
     7    0.039623    0.398346    0.493948    1.285784 ^ fanout80/X (sky130_fd_sc_hd__clkdlybuf4s25_1)
                                                         net80 (net)
                      0.398347    0.001555    1.287339 ^ _1196_/RESET_B (sky130_fd_sc_hd__dfrtp_2)
                                              1.287339   data arrival time

                                  0.000000    0.000000   clock wr_clk (rise edge)
                                  0.000000    0.000000   clock source latency
     1    0.024374    0.000000    0.000000    0.000000 ^ wr_clk (in)
                                                         wr_clk (net)
                      0.001077    0.000538    0.000538 ^ clkbuf_0_wr_clk/A (sky130_fd_sc_hd__clkbuf_16)
    16    0.103304    0.118752    0.172854    0.173392 ^ clkbuf_0_wr_clk/X (sky130_fd_sc_hd__clkbuf_16)
                                                         clknet_0_wr_clk (net)
                      0.118777    0.001434    0.174826 ^ clkbuf_4_10_0_wr_clk/A (sky130_fd_sc_hd__clkbuf_8)
     2    0.019042    0.049921    0.157851    0.332677 ^ clkbuf_4_10_0_wr_clk/X (sky130_fd_sc_hd__clkbuf_8)
                                                         clknet_4_10_0_wr_clk (net)
                      0.049921    0.000235    0.332911 ^ clkbuf_5_20__f_wr_clk/A (sky130_fd_sc_hd__clkbuf_16)
     5    0.013183    0.036041    0.120721    0.453633 ^ clkbuf_5_20__f_wr_clk/X (sky130_fd_sc_hd__clkbuf_16)
                                                         clknet_5_20__leaf_wr_clk (net)
                      0.036041    0.000034    0.453667 ^ _1196_/CLK (sky130_fd_sc_hd__dfrtp_2)
                                  0.100000    0.553667   clock uncertainty
                                  0.000000    0.553667   clock reconvergence pessimism
                                  0.414133    0.967799   library removal time
                                              0.967799   data required time
---------------------------------------------------------------------------------------------
                                              0.967799   data required time
                                             -1.287339   data arrival time
---------------------------------------------------------------------------------------------
                                              0.319540   slack (MET)


Startpoint: _1203_ (rising edge-triggered flip-flop clocked by rd_clk)
Endpoint: _1193_ (removal check against rising-edge clock rd_clk)
Path Group: asynchronous
Path Type: min

Fanout         Cap        Slew       Delay        Time   Description
---------------------------------------------------------------------------------------------
                                  0.000000    0.000000   clock rd_clk (rise edge)
                                  0.000000    0.000000   clock source latency
     1    0.013587    0.000000    0.000000    0.000000 ^ rd_clk (in)
                                                         rd_clk (net)
                      0.000583    0.000292    0.000292 ^ clkbuf_0_rd_clk/A (sky130_fd_sc_hd__clkbuf_16)
     4    0.037982    0.057948    0.124843    0.125135 ^ clkbuf_0_rd_clk/X (sky130_fd_sc_hd__clkbuf_16)
                                                         clknet_0_rd_clk (net)
                      0.057952    0.000497    0.125632 ^ clkbuf_2_3__f_rd_clk/A (sky130_fd_sc_hd__clkbuf_16)
     7    0.024943    0.046224    0.134831    0.260463 ^ clkbuf_2_3__f_rd_clk/X (sky130_fd_sc_hd__clkbuf_16)
                                                         clknet_2_3__leaf_rd_clk (net)
                      0.046226    0.000337    0.260799 ^ _1203_/CLK (sky130_fd_sc_hd__dfrtp_2)
     2    0.007993    0.060057    0.355608    0.616408 ^ _1203_/Q (sky130_fd_sc_hd__dfrtp_2)
                                                         u_rd_reset_sync.sync_ff2 (net)
                      0.060057    0.000055    0.616463 ^ fanout76/A (sky130_fd_sc_hd__clkdlybuf4s25_1)
     8    0.040905    0.410406    0.509933    1.126396 ^ fanout76/X (sky130_fd_sc_hd__clkdlybuf4s25_1)
                                                         net76 (net)
                      0.410406    0.000501    1.126897 ^ _1193_/RESET_B (sky130_fd_sc_hd__dfrtp_2)
                                              1.126897   data arrival time

                                  0.000000    0.000000   clock rd_clk (rise edge)
                                  0.000000    0.000000   clock source latency
     1    0.013587    0.000000    0.000000    0.000000 ^ rd_clk (in)
                                                         rd_clk (net)
                      0.000583    0.000292    0.000292 ^ clkbuf_0_rd_clk/A (sky130_fd_sc_hd__clkbuf_16)
     4    0.037982    0.057948    0.124843    0.125135 ^ clkbuf_0_rd_clk/X (sky130_fd_sc_hd__clkbuf_16)
                                                         clknet_0_rd_clk (net)
                      0.057955    0.000590    0.125724 ^ clkbuf_2_2__f_rd_clk/A (sky130_fd_sc_hd__clkbuf_16)
     8    0.029186    0.050360    0.138604    0.264329 ^ clkbuf_2_2__f_rd_clk/X (sky130_fd_sc_hd__clkbuf_16)
                                                         clknet_2_2__leaf_rd_clk (net)
                      0.050361    0.000385    0.264714 ^ _1193_/CLK (sky130_fd_sc_hd__dfrtp_2)
                                  0.100000    0.364714   clock uncertainty
                                  0.000000    0.364714   clock reconvergence pessimism
                                  0.421333    0.786048   library removal time
                                              0.786048   data required time
---------------------------------------------------------------------------------------------
                                              0.786048   data required time
                                             -1.126897   data arrival time
---------------------------------------------------------------------------------------------
                                              0.340849   slack (MET)


Startpoint: _1203_ (rising edge-triggered flip-flop clocked by rd_clk)
Endpoint: _1191_ (removal check against rising-edge clock rd_clk)
Path Group: asynchronous
Path Type: min

Fanout         Cap        Slew       Delay        Time   Description
---------------------------------------------------------------------------------------------
                                  0.000000    0.000000   clock rd_clk (rise edge)
                                  0.000000    0.000000   clock source latency
     1    0.013587    0.000000    0.000000    0.000000 ^ rd_clk (in)
                                                         rd_clk (net)
                      0.000583    0.000292    0.000292 ^ clkbuf_0_rd_clk/A (sky130_fd_sc_hd__clkbuf_16)
     4    0.037982    0.057948    0.124843    0.125135 ^ clkbuf_0_rd_clk/X (sky130_fd_sc_hd__clkbuf_16)
                                                         clknet_0_rd_clk (net)
                      0.057952    0.000497    0.125632 ^ clkbuf_2_3__f_rd_clk/A (sky130_fd_sc_hd__clkbuf_16)
     7    0.024943    0.046224    0.134831    0.260463 ^ clkbuf_2_3__f_rd_clk/X (sky130_fd_sc_hd__clkbuf_16)
                                                         clknet_2_3__leaf_rd_clk (net)
                      0.046226    0.000337    0.260799 ^ _1203_/CLK (sky130_fd_sc_hd__dfrtp_2)
     2    0.007993    0.060057    0.355608    0.616408 ^ _1203_/Q (sky130_fd_sc_hd__dfrtp_2)
                                                         u_rd_reset_sync.sync_ff2 (net)
                      0.060057    0.000055    0.616463 ^ fanout76/A (sky130_fd_sc_hd__clkdlybuf4s25_1)
     8    0.040905    0.410406    0.509933    1.126396 ^ fanout76/X (sky130_fd_sc_hd__clkdlybuf4s25_1)
                                                         net76 (net)
                      0.410406    0.000799    1.127195 ^ _1191_/RESET_B (sky130_fd_sc_hd__dfrtp_2)
                                              1.127195   data arrival time

                                  0.000000    0.000000   clock rd_clk (rise edge)
                                  0.000000    0.000000   clock source latency
     1    0.013587    0.000000    0.000000    0.000000 ^ rd_clk (in)
                                                         rd_clk (net)
                      0.000583    0.000292    0.000292 ^ clkbuf_0_rd_clk/A (sky130_fd_sc_hd__clkbuf_16)
     4    0.037982    0.057948    0.124843    0.125135 ^ clkbuf_0_rd_clk/X (sky130_fd_sc_hd__clkbuf_16)
                                                         clknet_0_rd_clk (net)
                      0.057955    0.000590    0.125724 ^ clkbuf_2_2__f_rd_clk/A (sky130_fd_sc_hd__clkbuf_16)
     8    0.029186    0.050360    0.138604    0.264329 ^ clkbuf_2_2__f_rd_clk/X (sky130_fd_sc_hd__clkbuf_16)
                                                         clknet_2_2__leaf_rd_clk (net)
                      0.050361    0.000347    0.264676 ^ _1191_/CLK (sky130_fd_sc_hd__dfrtp_2)
                                  0.100000    0.364676   clock uncertainty
                                  0.000000    0.364676   clock reconvergence pessimism
                                  0.421333    0.786009   library removal time
                                              0.786009   data required time
---------------------------------------------------------------------------------------------
                                              0.786009   data required time
                                             -1.127195   data arrival time
---------------------------------------------------------------------------------------------
                                              0.341186   slack (MET)


Startpoint: _1203_ (rising edge-triggered flip-flop clocked by rd_clk)
Endpoint: _1192_ (removal check against rising-edge clock rd_clk)
Path Group: asynchronous
Path Type: min

Fanout         Cap        Slew       Delay        Time   Description
---------------------------------------------------------------------------------------------
                                  0.000000    0.000000   clock rd_clk (rise edge)
                                  0.000000    0.000000   clock source latency
     1    0.013587    0.000000    0.000000    0.000000 ^ rd_clk (in)
                                                         rd_clk (net)
                      0.000583    0.000292    0.000292 ^ clkbuf_0_rd_clk/A (sky130_fd_sc_hd__clkbuf_16)
     4    0.037982    0.057948    0.124843    0.125135 ^ clkbuf_0_rd_clk/X (sky130_fd_sc_hd__clkbuf_16)
                                                         clknet_0_rd_clk (net)
                      0.057952    0.000497    0.125632 ^ clkbuf_2_3__f_rd_clk/A (sky130_fd_sc_hd__clkbuf_16)
     7    0.024943    0.046224    0.134831    0.260463 ^ clkbuf_2_3__f_rd_clk/X (sky130_fd_sc_hd__clkbuf_16)
                                                         clknet_2_3__leaf_rd_clk (net)
                      0.046226    0.000337    0.260799 ^ _1203_/CLK (sky130_fd_sc_hd__dfrtp_2)
     2    0.007993    0.060057    0.355608    0.616408 ^ _1203_/Q (sky130_fd_sc_hd__dfrtp_2)
                                                         u_rd_reset_sync.sync_ff2 (net)
                      0.060057    0.000055    0.616463 ^ fanout76/A (sky130_fd_sc_hd__clkdlybuf4s25_1)
     8    0.040905    0.410406    0.509933    1.126396 ^ fanout76/X (sky130_fd_sc_hd__clkdlybuf4s25_1)
                                                         net76 (net)
                      0.410406    0.000894    1.127289 ^ _1192_/RESET_B (sky130_fd_sc_hd__dfrtp_2)
                                              1.127289   data arrival time

                                  0.000000    0.000000   clock rd_clk (rise edge)
                                  0.000000    0.000000   clock source latency
     1    0.013587    0.000000    0.000000    0.000000 ^ rd_clk (in)
                                                         rd_clk (net)
                      0.000583    0.000292    0.000292 ^ clkbuf_0_rd_clk/A (sky130_fd_sc_hd__clkbuf_16)
     4    0.037982    0.057948    0.124843    0.125135 ^ clkbuf_0_rd_clk/X (sky130_fd_sc_hd__clkbuf_16)
                                                         clknet_0_rd_clk (net)
                      0.057955    0.000590    0.125724 ^ clkbuf_2_2__f_rd_clk/A (sky130_fd_sc_hd__clkbuf_16)
     8    0.029186    0.050360    0.138604    0.264329 ^ clkbuf_2_2__f_rd_clk/X (sky130_fd_sc_hd__clkbuf_16)
                                                         clknet_2_2__leaf_rd_clk (net)
                      0.050361    0.000330    0.264658 ^ _1192_/CLK (sky130_fd_sc_hd__dfrtp_2)
                                  0.100000    0.364658   clock uncertainty
                                  0.000000    0.364658   clock reconvergence pessimism
                                  0.421333    0.785992   library removal time
                                              0.785992   data required time
---------------------------------------------------------------------------------------------
                                              0.785992   data required time
                                             -1.127289   data arrival time
---------------------------------------------------------------------------------------------
                                              0.341298   slack (MET)


Startpoint: _1203_ (rising edge-triggered flip-flop clocked by rd_clk)
Endpoint: _1239_ (removal check against rising-edge clock rd_clk)
Path Group: asynchronous
Path Type: min

Fanout         Cap        Slew       Delay        Time   Description
---------------------------------------------------------------------------------------------
                                  0.000000    0.000000   clock rd_clk (rise edge)
                                  0.000000    0.000000   clock source latency
     1    0.013587    0.000000    0.000000    0.000000 ^ rd_clk (in)
                                                         rd_clk (net)
                      0.000583    0.000292    0.000292 ^ clkbuf_0_rd_clk/A (sky130_fd_sc_hd__clkbuf_16)
     4    0.037982    0.057948    0.124843    0.125135 ^ clkbuf_0_rd_clk/X (sky130_fd_sc_hd__clkbuf_16)
                                                         clknet_0_rd_clk (net)
                      0.057952    0.000497    0.125632 ^ clkbuf_2_3__f_rd_clk/A (sky130_fd_sc_hd__clkbuf_16)
     7    0.024943    0.046224    0.134831    0.260463 ^ clkbuf_2_3__f_rd_clk/X (sky130_fd_sc_hd__clkbuf_16)
                                                         clknet_2_3__leaf_rd_clk (net)
                      0.046226    0.000337    0.260799 ^ _1203_/CLK (sky130_fd_sc_hd__dfrtp_2)
     2    0.007993    0.060057    0.355608    0.616408 ^ _1203_/Q (sky130_fd_sc_hd__dfrtp_2)
                                                         u_rd_reset_sync.sync_ff2 (net)
                      0.060057    0.000055    0.616463 ^ fanout76/A (sky130_fd_sc_hd__clkdlybuf4s25_1)
     8    0.040905    0.410406    0.509933    1.126396 ^ fanout76/X (sky130_fd_sc_hd__clkdlybuf4s25_1)
                                                         net76 (net)
                      0.410406    0.000966    1.127361 ^ _1239_/RESET_B (sky130_fd_sc_hd__dfrtp_2)
                                              1.127361   data arrival time

                                  0.000000    0.000000   clock rd_clk (rise edge)
                                  0.000000    0.000000   clock source latency
     1    0.013587    0.000000    0.000000    0.000000 ^ rd_clk (in)
                                                         rd_clk (net)
                      0.000583    0.000292    0.000292 ^ clkbuf_0_rd_clk/A (sky130_fd_sc_hd__clkbuf_16)
     4    0.037982    0.057948    0.124843    0.125135 ^ clkbuf_0_rd_clk/X (sky130_fd_sc_hd__clkbuf_16)
                                                         clknet_0_rd_clk (net)
                      0.057955    0.000590    0.125724 ^ clkbuf_2_2__f_rd_clk/A (sky130_fd_sc_hd__clkbuf_16)
     8    0.029186    0.050360    0.138604    0.264329 ^ clkbuf_2_2__f_rd_clk/X (sky130_fd_sc_hd__clkbuf_16)
                                                         clknet_2_2__leaf_rd_clk (net)
                      0.050361    0.000299    0.264628 ^ _1239_/CLK (sky130_fd_sc_hd__dfrtp_2)
                                  0.100000    0.364628   clock uncertainty
                                  0.000000    0.364628   clock reconvergence pessimism
                                  0.421333    0.785961   library removal time
                                              0.785961   data required time
---------------------------------------------------------------------------------------------
                                              0.785961   data required time
                                             -1.127361   data arrival time
---------------------------------------------------------------------------------------------
                                              0.341400   slack (MET)


Startpoint: _1203_ (rising edge-triggered flip-flop clocked by rd_clk)
Endpoint: _1240_ (removal check against rising-edge clock rd_clk)
Path Group: asynchronous
Path Type: min

Fanout         Cap        Slew       Delay        Time   Description
---------------------------------------------------------------------------------------------
                                  0.000000    0.000000   clock rd_clk (rise edge)
                                  0.000000    0.000000   clock source latency
     1    0.013587    0.000000    0.000000    0.000000 ^ rd_clk (in)
                                                         rd_clk (net)
                      0.000583    0.000292    0.000292 ^ clkbuf_0_rd_clk/A (sky130_fd_sc_hd__clkbuf_16)
     4    0.037982    0.057948    0.124843    0.125135 ^ clkbuf_0_rd_clk/X (sky130_fd_sc_hd__clkbuf_16)
                                                         clknet_0_rd_clk (net)
                      0.057952    0.000497    0.125632 ^ clkbuf_2_3__f_rd_clk/A (sky130_fd_sc_hd__clkbuf_16)
     7    0.024943    0.046224    0.134831    0.260463 ^ clkbuf_2_3__f_rd_clk/X (sky130_fd_sc_hd__clkbuf_16)
                                                         clknet_2_3__leaf_rd_clk (net)
                      0.046226    0.000337    0.260799 ^ _1203_/CLK (sky130_fd_sc_hd__dfrtp_2)
     2    0.007993    0.060057    0.355608    0.616408 ^ _1203_/Q (sky130_fd_sc_hd__dfrtp_2)
                                                         u_rd_reset_sync.sync_ff2 (net)
                      0.060057    0.000055    0.616463 ^ fanout76/A (sky130_fd_sc_hd__clkdlybuf4s25_1)
     8    0.040905    0.410406    0.509933    1.126396 ^ fanout76/X (sky130_fd_sc_hd__clkdlybuf4s25_1)
                                                         net76 (net)
                      0.410406    0.001036    1.127432 ^ _1240_/RESET_B (sky130_fd_sc_hd__dfrtp_2)
                                              1.127432   data arrival time

                                  0.000000    0.000000   clock rd_clk (rise edge)
                                  0.000000    0.000000   clock source latency
     1    0.013587    0.000000    0.000000    0.000000 ^ rd_clk (in)
                                                         rd_clk (net)
                      0.000583    0.000292    0.000292 ^ clkbuf_0_rd_clk/A (sky130_fd_sc_hd__clkbuf_16)
     4    0.037982    0.057948    0.124843    0.125135 ^ clkbuf_0_rd_clk/X (sky130_fd_sc_hd__clkbuf_16)
                                                         clknet_0_rd_clk (net)
                      0.057955    0.000590    0.125724 ^ clkbuf_2_2__f_rd_clk/A (sky130_fd_sc_hd__clkbuf_16)
     8    0.029186    0.050360    0.138604    0.264329 ^ clkbuf_2_2__f_rd_clk/X (sky130_fd_sc_hd__clkbuf_16)
                                                         clknet_2_2__leaf_rd_clk (net)
                      0.050361    0.000288    0.264616 ^ _1240_/CLK (sky130_fd_sc_hd__dfrtp_2)
                                  0.100000    0.364616   clock uncertainty
                                  0.000000    0.364616   clock reconvergence pessimism
                                  0.421333    0.785950   library removal time
                                              0.785950   data required time
---------------------------------------------------------------------------------------------
                                              0.785950   data required time
                                             -1.127432   data arrival time
---------------------------------------------------------------------------------------------
                                              0.341482   slack (MET)


Startpoint: _1203_ (rising edge-triggered flip-flop clocked by rd_clk)
Endpoint: _1194_ (removal check against rising-edge clock rd_clk)
Path Group: asynchronous
Path Type: min

Fanout         Cap        Slew       Delay        Time   Description
---------------------------------------------------------------------------------------------
                                  0.000000    0.000000   clock rd_clk (rise edge)
                                  0.000000    0.000000   clock source latency
     1    0.013587    0.000000    0.000000    0.000000 ^ rd_clk (in)
                                                         rd_clk (net)
                      0.000583    0.000292    0.000292 ^ clkbuf_0_rd_clk/A (sky130_fd_sc_hd__clkbuf_16)
     4    0.037982    0.057948    0.124843    0.125135 ^ clkbuf_0_rd_clk/X (sky130_fd_sc_hd__clkbuf_16)
                                                         clknet_0_rd_clk (net)
                      0.057952    0.000497    0.125632 ^ clkbuf_2_3__f_rd_clk/A (sky130_fd_sc_hd__clkbuf_16)
     7    0.024943    0.046224    0.134831    0.260463 ^ clkbuf_2_3__f_rd_clk/X (sky130_fd_sc_hd__clkbuf_16)
                                                         clknet_2_3__leaf_rd_clk (net)
                      0.046226    0.000337    0.260799 ^ _1203_/CLK (sky130_fd_sc_hd__dfrtp_2)
     2    0.007993    0.060057    0.355608    0.616408 ^ _1203_/Q (sky130_fd_sc_hd__dfrtp_2)
                                                         u_rd_reset_sync.sync_ff2 (net)
                      0.060057    0.000055    0.616463 ^ fanout76/A (sky130_fd_sc_hd__clkdlybuf4s25_1)
     8    0.040905    0.410406    0.509933    1.126396 ^ fanout76/X (sky130_fd_sc_hd__clkdlybuf4s25_1)
                                                         net76 (net)
                      0.410406    0.000315    1.126711 ^ _1194_/RESET_B (sky130_fd_sc_hd__dfrtp_2)
                                              1.126711   data arrival time

                                  0.000000    0.000000   clock rd_clk (rise edge)
                                  0.000000    0.000000   clock source latency
     1    0.013587    0.000000    0.000000    0.000000 ^ rd_clk (in)
                                                         rd_clk (net)
                      0.000583    0.000292    0.000292 ^ clkbuf_0_rd_clk/A (sky130_fd_sc_hd__clkbuf_16)
     4    0.037982    0.057948    0.124843    0.125135 ^ clkbuf_0_rd_clk/X (sky130_fd_sc_hd__clkbuf_16)
                                                         clknet_0_rd_clk (net)
                      0.057952    0.000497    0.125632 ^ clkbuf_2_3__f_rd_clk/A (sky130_fd_sc_hd__clkbuf_16)
     7    0.024943    0.046224    0.134831    0.260463 ^ clkbuf_2_3__f_rd_clk/X (sky130_fd_sc_hd__clkbuf_16)
                                                         clknet_2_3__leaf_rd_clk (net)
                      0.046225    0.000282    0.260745 ^ _1194_/CLK (sky130_fd_sc_hd__dfrtp_2)
                                  0.100000    0.360745   clock uncertainty
                                  0.000000    0.360745   clock reconvergence pessimism
                                  0.420203    0.780948   library removal time
                                              0.780948   data required time
---------------------------------------------------------------------------------------------
                                              0.780948   data required time
                                             -1.126711   data arrival time
---------------------------------------------------------------------------------------------
                                              0.345763   slack (MET)


Startpoint: _1078_ (rising edge-triggered flip-flop clocked by wr_clk)
Endpoint: _1078_ (rising edge-triggered flip-flop clocked by wr_clk)
Path Group: wr_clk
Path Type: min

Fanout         Cap        Slew       Delay        Time   Description
---------------------------------------------------------------------------------------------
                                  0.000000    0.000000   clock wr_clk (rise edge)
                                  0.000000    0.000000   clock source latency
     1    0.024374    0.000000    0.000000    0.000000 ^ wr_clk (in)
                                                         wr_clk (net)
                      0.001077    0.000538    0.000538 ^ clkbuf_0_wr_clk/A (sky130_fd_sc_hd__clkbuf_16)
    16    0.103304    0.118752    0.172854    0.173392 ^ clkbuf_0_wr_clk/X (sky130_fd_sc_hd__clkbuf_16)
                                                         clknet_0_wr_clk (net)
                      0.118881    0.003194    0.176586 ^ clkbuf_4_5_0_wr_clk/A (sky130_fd_sc_hd__clkbuf_8)
     2    0.018978    0.049855    0.157712    0.334298 ^ clkbuf_4_5_0_wr_clk/X (sky130_fd_sc_hd__clkbuf_8)
                                                         clknet_4_5_0_wr_clk (net)
                      0.049857    0.000368    0.334667 ^ clkbuf_5_10__f_wr_clk/A (sky130_fd_sc_hd__clkbuf_16)
     5    0.014211    0.036921    0.121616    0.456282 ^ clkbuf_5_10__f_wr_clk/X (sky130_fd_sc_hd__clkbuf_16)
                                                         clknet_5_10__leaf_wr_clk (net)
                      0.036921    0.000310    0.456592 ^ _1078_/CLK (sky130_fd_sc_hd__dfxtp_2)
     2    0.004609    0.037647    0.308705    0.765298 ^ _1078_/Q (sky130_fd_sc_hd__dfxtp_2)
                                                         u_fifomem.mem[11][0] (net)
                      0.037647    0.000044    0.765341 ^ _0820_/A1 (sky130_fd_sc_hd__mux2_2)
     1    0.002496    0.035269    0.128832    0.894174 ^ _0820_/X (sky130_fd_sc_hd__mux2_2)
                                                         _0386_ (net)
                      0.035269    0.000012    0.894186 ^ _0821_/A (sky130_fd_sc_hd__buf_1)
     1    0.001971    0.035216    0.070438    0.964625 ^ _0821_/X (sky130_fd_sc_hd__buf_1)
                                                         _0018_ (net)
                      0.035216    0.000017    0.964641 ^ _1078_/D (sky130_fd_sc_hd__dfxtp_2)
                                              0.964641   data arrival time

                                  0.000000    0.000000   clock wr_clk (rise edge)
                                  0.000000    0.000000   clock source latency
     1    0.024374    0.000000    0.000000    0.000000 ^ wr_clk (in)
                                                         wr_clk (net)
                      0.001077    0.000538    0.000538 ^ clkbuf_0_wr_clk/A (sky130_fd_sc_hd__clkbuf_16)
    16    0.103304    0.118752    0.172854    0.173392 ^ clkbuf_0_wr_clk/X (sky130_fd_sc_hd__clkbuf_16)
                                                         clknet_0_wr_clk (net)
                      0.118881    0.003194    0.176586 ^ clkbuf_4_5_0_wr_clk/A (sky130_fd_sc_hd__clkbuf_8)
     2    0.018978    0.049855    0.157712    0.334298 ^ clkbuf_4_5_0_wr_clk/X (sky130_fd_sc_hd__clkbuf_8)
                                                         clknet_4_5_0_wr_clk (net)
                      0.049857    0.000368    0.334667 ^ clkbuf_5_10__f_wr_clk/A (sky130_fd_sc_hd__clkbuf_16)
     5    0.014211    0.036921    0.121616    0.456282 ^ clkbuf_5_10__f_wr_clk/X (sky130_fd_sc_hd__clkbuf_16)
                                                         clknet_5_10__leaf_wr_clk (net)
                      0.036921    0.000310    0.456592 ^ _1078_/CLK (sky130_fd_sc_hd__dfxtp_2)
                                  0.100000    0.556592   clock uncertainty
                                  0.000000    0.556592   clock reconvergence pessimism
                                 -0.030225    0.526368   library hold time
                                              0.526368   data required time
---------------------------------------------------------------------------------------------
                                              0.526368   data required time
                                             -0.964641   data arrival time
---------------------------------------------------------------------------------------------
                                              0.438274   slack (MET)


Startpoint: _1180_ (rising edge-triggered flip-flop clocked by wr_clk)
Endpoint: _1180_ (rising edge-triggered flip-flop clocked by wr_clk)
Path Group: wr_clk
Path Type: min

Fanout         Cap        Slew       Delay        Time   Description
---------------------------------------------------------------------------------------------
                                  0.000000    0.000000   clock wr_clk (rise edge)
                                  0.000000    0.000000   clock source latency
     1    0.024374    0.000000    0.000000    0.000000 ^ wr_clk (in)
                                                         wr_clk (net)
                      0.001077    0.000538    0.000538 ^ clkbuf_0_wr_clk/A (sky130_fd_sc_hd__clkbuf_16)
    16    0.103304    0.118752    0.172854    0.173392 ^ clkbuf_0_wr_clk/X (sky130_fd_sc_hd__clkbuf_16)
                                                         clknet_0_wr_clk (net)
                      0.118752    0.000104    0.173496 ^ clkbuf_4_13_0_wr_clk/A (sky130_fd_sc_hd__clkbuf_8)
     2    0.018667    0.049352    0.157238    0.330735 ^ clkbuf_4_13_0_wr_clk/X (sky130_fd_sc_hd__clkbuf_8)
                                                         clknet_4_13_0_wr_clk (net)
                      0.049353    0.000336    0.331070 ^ clkbuf_5_27__f_wr_clk/A (sky130_fd_sc_hd__clkbuf_16)
     5    0.016743    0.039068    0.123848    0.454918 ^ clkbuf_5_27__f_wr_clk/X (sky130_fd_sc_hd__clkbuf_16)
                                                         clknet_5_27__leaf_wr_clk (net)
                      0.039076    0.000298    0.455216 ^ _1180_/CLK (sky130_fd_sc_hd__dfxtp_2)
     2    0.004684    0.037957    0.309788    0.765005 ^ _1180_/Q (sky130_fd_sc_hd__dfxtp_2)
                                                         u_fifomem.mem[8][6] (net)
                      0.037957    0.000037    0.765042 ^ _1041_/A0 (sky130_fd_sc_hd__mux2_2)
     1    0.002432    0.035068    0.127923    0.892965 ^ _1041_/X (sky130_fd_sc_hd__mux2_2)
                                                         _0505_ (net)
                      0.035068    0.000012    0.892977 ^ _1042_/A (sky130_fd_sc_hd__buf_1)
     1    0.002019    0.035721    0.070765    0.963742 ^ _1042_/X (sky130_fd_sc_hd__buf_1)
                                                         _0120_ (net)
                      0.035721    0.000018    0.963760 ^ _1180_/D (sky130_fd_sc_hd__dfxtp_2)
                                              0.963760   data arrival time

                                  0.000000    0.000000   clock wr_clk (rise edge)
                                  0.000000    0.000000   clock source latency
     1    0.024374    0.000000    0.000000    0.000000 ^ wr_clk (in)
                                                         wr_clk (net)
                      0.001077    0.000538    0.000538 ^ clkbuf_0_wr_clk/A (sky130_fd_sc_hd__clkbuf_16)
    16    0.103304    0.118752    0.172854    0.173392 ^ clkbuf_0_wr_clk/X (sky130_fd_sc_hd__clkbuf_16)
                                                         clknet_0_wr_clk (net)
                      0.118752    0.000104    0.173496 ^ clkbuf_4_13_0_wr_clk/A (sky130_fd_sc_hd__clkbuf_8)
     2    0.018667    0.049352    0.157238    0.330735 ^ clkbuf_4_13_0_wr_clk/X (sky130_fd_sc_hd__clkbuf_8)
                                                         clknet_4_13_0_wr_clk (net)
                      0.049353    0.000336    0.331070 ^ clkbuf_5_27__f_wr_clk/A (sky130_fd_sc_hd__clkbuf_16)
     5    0.016743    0.039068    0.123848    0.454918 ^ clkbuf_5_27__f_wr_clk/X (sky130_fd_sc_hd__clkbuf_16)
                                                         clknet_5_27__leaf_wr_clk (net)
                      0.039076    0.000298    0.455216 ^ _1180_/CLK (sky130_fd_sc_hd__dfxtp_2)
                                  0.100000    0.555216   clock uncertainty
                                  0.000000    0.555216   clock reconvergence pessimism
                                 -0.030046    0.525170   library hold time
                                              0.525170   data required time
---------------------------------------------------------------------------------------------
                                              0.525170   data required time
                                             -0.963760   data arrival time
---------------------------------------------------------------------------------------------
                                              0.438590   slack (MET)


Startpoint: _1182_ (rising edge-triggered flip-flop clocked by wr_clk)
Endpoint: _1182_ (rising edge-triggered flip-flop clocked by wr_clk)
Path Group: wr_clk
Path Type: min

Fanout         Cap        Slew       Delay        Time   Description
---------------------------------------------------------------------------------------------
                                  0.000000    0.000000   clock wr_clk (rise edge)
                                  0.000000    0.000000   clock source latency
     1    0.024374    0.000000    0.000000    0.000000 ^ wr_clk (in)
                                                         wr_clk (net)
                      0.001077    0.000538    0.000538 ^ clkbuf_0_wr_clk/A (sky130_fd_sc_hd__clkbuf_16)
    16    0.103304    0.118752    0.172854    0.173392 ^ clkbuf_0_wr_clk/X (sky130_fd_sc_hd__clkbuf_16)
                                                         clknet_0_wr_clk (net)
                      0.118881    0.003194    0.176586 ^ clkbuf_4_5_0_wr_clk/A (sky130_fd_sc_hd__clkbuf_8)
     2    0.018978    0.049855    0.157712    0.334298 ^ clkbuf_4_5_0_wr_clk/X (sky130_fd_sc_hd__clkbuf_8)
                                                         clknet_4_5_0_wr_clk (net)
                      0.049857    0.000368    0.334667 ^ clkbuf_5_10__f_wr_clk/A (sky130_fd_sc_hd__clkbuf_16)
     5    0.014211    0.036921    0.121616    0.456282 ^ clkbuf_5_10__f_wr_clk/X (sky130_fd_sc_hd__clkbuf_16)
                                                         clknet_5_10__leaf_wr_clk (net)
                      0.036921    0.000330    0.456612 ^ _1182_/CLK (sky130_fd_sc_hd__dfxtp_2)
     2    0.005059    0.039532    0.310399    0.767011 ^ _1182_/Q (sky130_fd_sc_hd__dfxtp_2)
                                                         u_fifomem.mem[9][0] (net)
                      0.039532    0.000021    0.767032 ^ _1046_/A0 (sky130_fd_sc_hd__mux2_2)
     1    0.002417    0.035007    0.128388    0.895420 ^ _1046_/X (sky130_fd_sc_hd__mux2_2)
                                                         _0508_ (net)
                      0.035007    0.000011    0.895431 ^ _1047_/A (sky130_fd_sc_hd__buf_1)
     1    0.001894    0.034410    0.069715    0.965145 ^ _1047_/X (sky130_fd_sc_hd__buf_1)
                                                         _0122_ (net)
                      0.034410    0.000016    0.965161 ^ _1182_/D (sky130_fd_sc_hd__dfxtp_2)
                                              0.965161   data arrival time

                                  0.000000    0.000000   clock wr_clk (rise edge)
                                  0.000000    0.000000   clock source latency
     1    0.024374    0.000000    0.000000    0.000000 ^ wr_clk (in)
                                                         wr_clk (net)
                      0.001077    0.000538    0.000538 ^ clkbuf_0_wr_clk/A (sky130_fd_sc_hd__clkbuf_16)
    16    0.103304    0.118752    0.172854    0.173392 ^ clkbuf_0_wr_clk/X (sky130_fd_sc_hd__clkbuf_16)
                                                         clknet_0_wr_clk (net)
                      0.118881    0.003194    0.176586 ^ clkbuf_4_5_0_wr_clk/A (sky130_fd_sc_hd__clkbuf_8)
     2    0.018978    0.049855    0.157712    0.334298 ^ clkbuf_4_5_0_wr_clk/X (sky130_fd_sc_hd__clkbuf_8)
                                                         clknet_4_5_0_wr_clk (net)
                      0.049857    0.000368    0.334667 ^ clkbuf_5_10__f_wr_clk/A (sky130_fd_sc_hd__clkbuf_16)
     5    0.014211    0.036921    0.121616    0.456282 ^ clkbuf_5_10__f_wr_clk/X (sky130_fd_sc_hd__clkbuf_16)
                                                         clknet_5_10__leaf_wr_clk (net)
                      0.036921    0.000330    0.456612 ^ _1182_/CLK (sky130_fd_sc_hd__dfxtp_2)
                                  0.100000    0.556612   clock uncertainty
                                  0.000000    0.556612   clock reconvergence pessimism
                                 -0.030058    0.526554   library hold time
                                              0.526554   data required time
---------------------------------------------------------------------------------------------
                                              0.526554   data required time
                                             -0.965161   data arrival time
---------------------------------------------------------------------------------------------
                                              0.438607   slack (MET)


Startpoint: _1117_ (rising edge-triggered flip-flop clocked by wr_clk)
Endpoint: _1117_ (rising edge-triggered flip-flop clocked by wr_clk)
Path Group: wr_clk
Path Type: min

Fanout         Cap        Slew       Delay        Time   Description
---------------------------------------------------------------------------------------------
                                  0.000000    0.000000   clock wr_clk (rise edge)
                                  0.000000    0.000000   clock source latency
     1    0.024374    0.000000    0.000000    0.000000 ^ wr_clk (in)
                                                         wr_clk (net)
                      0.001077    0.000538    0.000538 ^ clkbuf_0_wr_clk/A (sky130_fd_sc_hd__clkbuf_16)
    16    0.103304    0.118752    0.172854    0.173392 ^ clkbuf_0_wr_clk/X (sky130_fd_sc_hd__clkbuf_16)
                                                         clknet_0_wr_clk (net)
                      0.118891    0.003312    0.176704 ^ clkbuf_4_4_0_wr_clk/A (sky130_fd_sc_hd__clkbuf_8)
     2    0.018673    0.049333    0.157368    0.334072 ^ clkbuf_4_4_0_wr_clk/X (sky130_fd_sc_hd__clkbuf_8)
                                                         clknet_4_4_0_wr_clk (net)
                      0.049333    0.000185    0.334257 ^ clkbuf_5_8__f_wr_clk/A (sky130_fd_sc_hd__clkbuf_16)
     5    0.013038    0.035919    0.120350    0.454607 ^ clkbuf_5_8__f_wr_clk/X (sky130_fd_sc_hd__clkbuf_16)
                                                         clknet_5_8__leaf_wr_clk (net)
                      0.035919    0.000022    0.454629 ^ _1117_/CLK (sky130_fd_sc_hd__dfxtp_2)
     2    0.004452    0.036646    0.307755    0.762384 ^ _1117_/Q (sky130_fd_sc_hd__dfxtp_2)
                                                         u_fifomem.mem[15][7] (net)
                      0.036646    0.000023    0.762407 ^ _0905_/A1 (sky130_fd_sc_hd__mux2_2)
     1    0.002425    0.035039    0.128071    0.890478 ^ _0905_/X (sky130_fd_sc_hd__mux2_2)
                                                         _0432_ (net)
                      0.035039    0.000011    0.890489 ^ _0906_/A (sky130_fd_sc_hd__buf_1)
     1    0.002218    0.037810    0.072388    0.962877 ^ _0906_/X (sky130_fd_sc_hd__buf_1)
                                                         _0057_ (net)
                      0.037810    0.000021    0.962898 ^ _1117_/D (sky130_fd_sc_hd__dfxtp_2)
                                              0.962898   data arrival time

                                  0.000000    0.000000   clock wr_clk (rise edge)
                                  0.000000    0.000000   clock source latency
     1    0.024374    0.000000    0.000000    0.000000 ^ wr_clk (in)
                                                         wr_clk (net)
                      0.001077    0.000538    0.000538 ^ clkbuf_0_wr_clk/A (sky130_fd_sc_hd__clkbuf_16)
    16    0.103304    0.118752    0.172854    0.173392 ^ clkbuf_0_wr_clk/X (sky130_fd_sc_hd__clkbuf_16)
                                                         clknet_0_wr_clk (net)
                      0.118891    0.003312    0.176704 ^ clkbuf_4_4_0_wr_clk/A (sky130_fd_sc_hd__clkbuf_8)
     2    0.018673    0.049333    0.157368    0.334072 ^ clkbuf_4_4_0_wr_clk/X (sky130_fd_sc_hd__clkbuf_8)
                                                         clknet_4_4_0_wr_clk (net)
                      0.049333    0.000185    0.334257 ^ clkbuf_5_8__f_wr_clk/A (sky130_fd_sc_hd__clkbuf_16)
     5    0.013038    0.035919    0.120350    0.454607 ^ clkbuf_5_8__f_wr_clk/X (sky130_fd_sc_hd__clkbuf_16)
                                                         clknet_5_8__leaf_wr_clk (net)
                      0.035919    0.000022    0.454629 ^ _1117_/CLK (sky130_fd_sc_hd__dfxtp_2)
                                  0.100000    0.554629   clock uncertainty
                                  0.000000    0.554629   clock reconvergence pessimism
                                 -0.030894    0.523735   library hold time
                                              0.523735   data required time
---------------------------------------------------------------------------------------------
                                              0.523735   data required time
                                             -0.962898   data arrival time
---------------------------------------------------------------------------------------------
                                              0.439163   slack (MET)


Startpoint: _1174_ (rising edge-triggered flip-flop clocked by wr_clk)
Endpoint: _1174_ (rising edge-triggered flip-flop clocked by wr_clk)
Path Group: wr_clk
Path Type: min

Fanout         Cap        Slew       Delay        Time   Description
---------------------------------------------------------------------------------------------
                                  0.000000    0.000000   clock wr_clk (rise edge)
                                  0.000000    0.000000   clock source latency
     1    0.024374    0.000000    0.000000    0.000000 ^ wr_clk (in)
                                                         wr_clk (net)
                      0.001077    0.000538    0.000538 ^ clkbuf_0_wr_clk/A (sky130_fd_sc_hd__clkbuf_16)
    16    0.103304    0.118752    0.172854    0.173392 ^ clkbuf_0_wr_clk/X (sky130_fd_sc_hd__clkbuf_16)
                                                         clknet_0_wr_clk (net)
                      0.118891    0.003312    0.176704 ^ clkbuf_4_4_0_wr_clk/A (sky130_fd_sc_hd__clkbuf_8)
     2    0.018673    0.049333    0.157368    0.334072 ^ clkbuf_4_4_0_wr_clk/X (sky130_fd_sc_hd__clkbuf_8)
                                                         clknet_4_4_0_wr_clk (net)
                      0.049333    0.000165    0.334237 ^ clkbuf_5_9__f_wr_clk/A (sky130_fd_sc_hd__clkbuf_16)
     5    0.013998    0.036735    0.121275    0.455512 ^ clkbuf_5_9__f_wr_clk/X (sky130_fd_sc_hd__clkbuf_16)
                                                         clknet_5_9__leaf_wr_clk (net)
                      0.036735    0.000096    0.455608 ^ _1174_/CLK (sky130_fd_sc_hd__dfxtp_2)
     2    0.004825    0.038547    0.309444    0.765052 ^ _1174_/Q (sky130_fd_sc_hd__dfxtp_2)
                                                         u_fifomem.mem[8][0] (net)
                      0.038547    0.000037    0.765089 ^ _1029_/A0 (sky130_fd_sc_hd__mux2_2)
     1    0.002486    0.035231    0.128451    0.893540 ^ _1029_/X (sky130_fd_sc_hd__mux2_2)
                                                         _0499_ (net)
                      0.035231    0.000012    0.893552 ^ _1030_/A (sky130_fd_sc_hd__buf_1)
     1    0.002039    0.035925    0.070982    0.964534 ^ _1030_/X (sky130_fd_sc_hd__buf_1)
                                                         _0114_ (net)
                      0.035925    0.000018    0.964552 ^ _1174_/D (sky130_fd_sc_hd__dfxtp_2)
                                              0.964552   data arrival time

                                  0.000000    0.000000   clock wr_clk (rise edge)
                                  0.000000    0.000000   clock source latency
     1    0.024374    0.000000    0.000000    0.000000 ^ wr_clk (in)
                                                         wr_clk (net)
                      0.001077    0.000538    0.000538 ^ clkbuf_0_wr_clk/A (sky130_fd_sc_hd__clkbuf_16)
    16    0.103304    0.118752    0.172854    0.173392 ^ clkbuf_0_wr_clk/X (sky130_fd_sc_hd__clkbuf_16)
                                                         clknet_0_wr_clk (net)
                      0.118891    0.003312    0.176704 ^ clkbuf_4_4_0_wr_clk/A (sky130_fd_sc_hd__clkbuf_8)
     2    0.018673    0.049333    0.157368    0.334072 ^ clkbuf_4_4_0_wr_clk/X (sky130_fd_sc_hd__clkbuf_8)
                                                         clknet_4_4_0_wr_clk (net)
                      0.049333    0.000165    0.334237 ^ clkbuf_5_9__f_wr_clk/A (sky130_fd_sc_hd__clkbuf_16)
     5    0.013998    0.036735    0.121275    0.455512 ^ clkbuf_5_9__f_wr_clk/X (sky130_fd_sc_hd__clkbuf_16)
                                                         clknet_5_9__leaf_wr_clk (net)
                      0.036735    0.000096    0.455608 ^ _1174_/CLK (sky130_fd_sc_hd__dfxtp_2)
                                  0.100000    0.555608   clock uncertainty
                                  0.000000    0.555608   clock reconvergence pessimism
                                 -0.030396    0.525212   library hold time
                                              0.525212   data required time
---------------------------------------------------------------------------------------------
                                              0.525212   data required time
                                             -0.964552   data arrival time
---------------------------------------------------------------------------------------------
                                              0.439340   slack (MET)


Startpoint: _1080_ (rising edge-triggered flip-flop clocked by wr_clk)
Endpoint: _1080_ (rising edge-triggered flip-flop clocked by wr_clk)
Path Group: wr_clk
Path Type: min

Fanout         Cap        Slew       Delay        Time   Description
---------------------------------------------------------------------------------------------
                                  0.000000    0.000000   clock wr_clk (rise edge)
                                  0.000000    0.000000   clock source latency
     1    0.024374    0.000000    0.000000    0.000000 ^ wr_clk (in)
                                                         wr_clk (net)
                      0.001077    0.000538    0.000538 ^ clkbuf_0_wr_clk/A (sky130_fd_sc_hd__clkbuf_16)
    16    0.103304    0.118752    0.172854    0.173392 ^ clkbuf_0_wr_clk/X (sky130_fd_sc_hd__clkbuf_16)
                                                         clknet_0_wr_clk (net)
                      0.118891    0.003312    0.176704 ^ clkbuf_4_4_0_wr_clk/A (sky130_fd_sc_hd__clkbuf_8)
     2    0.018673    0.049333    0.157368    0.334072 ^ clkbuf_4_4_0_wr_clk/X (sky130_fd_sc_hd__clkbuf_8)
                                                         clknet_4_4_0_wr_clk (net)
                      0.049333    0.000165    0.334237 ^ clkbuf_5_9__f_wr_clk/A (sky130_fd_sc_hd__clkbuf_16)
     5    0.013998    0.036735    0.121275    0.455512 ^ clkbuf_5_9__f_wr_clk/X (sky130_fd_sc_hd__clkbuf_16)
                                                         clknet_5_9__leaf_wr_clk (net)
                      0.036735    0.000063    0.455575 ^ _1080_/CLK (sky130_fd_sc_hd__dfxtp_2)
     2    0.005368    0.040841    0.311483    0.767058 ^ _1080_/Q (sky130_fd_sc_hd__dfxtp_2)
                                                         u_fifomem.mem[11][2] (net)
                      0.040841    0.000022    0.767080 ^ _0824_/A1 (sky130_fd_sc_hd__mux2_2)
     1    0.002369    0.034768    0.129153    0.896233 ^ _0824_/X (sky130_fd_sc_hd__mux2_2)
                                                         _0388_ (net)
                      0.034768    0.000010    0.896243 ^ _0825_/A (sky130_fd_sc_hd__buf_1)
     1    0.001988    0.035387    0.070400    0.966643 ^ _0825_/X (sky130_fd_sc_hd__buf_1)
                                                         _0020_ (net)
                      0.035387    0.000017    0.966660 ^ _1080_/D (sky130_fd_sc_hd__dfxtp_2)
                                              0.966660   data arrival time

                                  0.000000    0.000000   clock wr_clk (rise edge)
                                  0.000000    0.000000   clock source latency
     1    0.024374    0.000000    0.000000    0.000000 ^ wr_clk (in)
                                                         wr_clk (net)
                      0.001077    0.000538    0.000538 ^ clkbuf_0_wr_clk/A (sky130_fd_sc_hd__clkbuf_16)
    16    0.103304    0.118752    0.172854    0.173392 ^ clkbuf_0_wr_clk/X (sky130_fd_sc_hd__clkbuf_16)
                                                         clknet_0_wr_clk (net)
                      0.118891    0.003312    0.176704 ^ clkbuf_4_4_0_wr_clk/A (sky130_fd_sc_hd__clkbuf_8)
     2    0.018673    0.049333    0.157368    0.334072 ^ clkbuf_4_4_0_wr_clk/X (sky130_fd_sc_hd__clkbuf_8)
                                                         clknet_4_4_0_wr_clk (net)
                      0.049333    0.000165    0.334237 ^ clkbuf_5_9__f_wr_clk/A (sky130_fd_sc_hd__clkbuf_16)
     5    0.013998    0.036735    0.121275    0.455512 ^ clkbuf_5_9__f_wr_clk/X (sky130_fd_sc_hd__clkbuf_16)
                                                         clknet_5_9__leaf_wr_clk (net)
                      0.036735    0.000063    0.455575 ^ _1080_/CLK (sky130_fd_sc_hd__dfxtp_2)
                                  0.100000    0.555575   clock uncertainty
                                  0.000000    0.555575   clock reconvergence pessimism
                                 -0.030285    0.525290   library hold time
                                              0.525290   data required time
---------------------------------------------------------------------------------------------
                                              0.525290   data required time
                                             -0.966660   data arrival time
---------------------------------------------------------------------------------------------
                                              0.441370   slack (MET)


Startpoint: _1152_ (rising edge-triggered flip-flop clocked by wr_clk)
Endpoint: _1152_ (rising edge-triggered flip-flop clocked by wr_clk)
Path Group: wr_clk
Path Type: min

Fanout         Cap        Slew       Delay        Time   Description
---------------------------------------------------------------------------------------------
                                  0.000000    0.000000   clock wr_clk (rise edge)
                                  0.000000    0.000000   clock source latency
     1    0.024374    0.000000    0.000000    0.000000 ^ wr_clk (in)
                                                         wr_clk (net)
                      0.001077    0.000538    0.000538 ^ clkbuf_0_wr_clk/A (sky130_fd_sc_hd__clkbuf_16)
    16    0.103304    0.118752    0.172854    0.173392 ^ clkbuf_0_wr_clk/X (sky130_fd_sc_hd__clkbuf_16)
                                                         clknet_0_wr_clk (net)
                      0.118789    0.001740    0.175132 ^ clkbuf_4_8_0_wr_clk/A (sky130_fd_sc_hd__clkbuf_8)
     2    0.019793    0.051123    0.158920    0.334052 ^ clkbuf_4_8_0_wr_clk/X (sky130_fd_sc_hd__clkbuf_8)
                                                         clknet_4_8_0_wr_clk (net)
                      0.051124    0.000263    0.334315 ^ clkbuf_5_16__f_wr_clk/A (sky130_fd_sc_hd__clkbuf_16)
     5    0.013219    0.036075    0.121156    0.455471 ^ clkbuf_5_16__f_wr_clk/X (sky130_fd_sc_hd__clkbuf_16)
                                                         clknet_5_16__leaf_wr_clk (net)
                      0.036075    0.000245    0.455716 ^ _1152_/CLK (sky130_fd_sc_hd__dfxtp_2)
     2    0.005244    0.040314    0.310765    0.766481 ^ _1152_/Q (sky130_fd_sc_hd__dfxtp_2)
                                                         u_fifomem.mem[5][2] (net)
                      0.040314    0.000060    0.766540 ^ _0981_/A0 (sky130_fd_sc_hd__mux2_2)
     1    0.002738    0.036191    0.130571    0.897112 ^ _0981_/X (sky130_fd_sc_hd__mux2_2)
                                                         _0473_ (net)
                      0.036191    0.000028    0.897140 ^ _0982_/A (sky130_fd_sc_hd__buf_1)
     1    0.002051    0.036057    0.071417    0.968557 ^ _0982_/X (sky130_fd_sc_hd__buf_1)
                                                         _0092_ (net)
                      0.036057    0.000018    0.968576 ^ _1152_/D (sky130_fd_sc_hd__dfxtp_2)
                                              0.968576   data arrival time

                                  0.000000    0.000000   clock wr_clk (rise edge)
                                  0.000000    0.000000   clock source latency
     1    0.024374    0.000000    0.000000    0.000000 ^ wr_clk (in)
                                                         wr_clk (net)
                      0.001077    0.000538    0.000538 ^ clkbuf_0_wr_clk/A (sky130_fd_sc_hd__clkbuf_16)
    16    0.103304    0.118752    0.172854    0.173392 ^ clkbuf_0_wr_clk/X (sky130_fd_sc_hd__clkbuf_16)
                                                         clknet_0_wr_clk (net)
                      0.118789    0.001740    0.175132 ^ clkbuf_4_8_0_wr_clk/A (sky130_fd_sc_hd__clkbuf_8)
     2    0.019793    0.051123    0.158920    0.334052 ^ clkbuf_4_8_0_wr_clk/X (sky130_fd_sc_hd__clkbuf_8)
                                                         clknet_4_8_0_wr_clk (net)
                      0.051124    0.000263    0.334315 ^ clkbuf_5_16__f_wr_clk/A (sky130_fd_sc_hd__clkbuf_16)
     5    0.013219    0.036075    0.121156    0.455471 ^ clkbuf_5_16__f_wr_clk/X (sky130_fd_sc_hd__clkbuf_16)
                                                         clknet_5_16__leaf_wr_clk (net)
                      0.036075    0.000245    0.455716 ^ _1152_/CLK (sky130_fd_sc_hd__dfxtp_2)
                                  0.100000    0.555716   clock uncertainty
                                  0.000000    0.555716   clock reconvergence pessimism
                                 -0.030510    0.525206   library hold time
                                              0.525206   data required time
---------------------------------------------------------------------------------------------
                                              0.525206   data required time
                                             -0.968576   data arrival time
---------------------------------------------------------------------------------------------
                                              0.443370   slack (MET)


Startpoint: _1067_ (rising edge-triggered flip-flop clocked by wr_clk)
Endpoint: _1067_ (rising edge-triggered flip-flop clocked by wr_clk)
Path Group: wr_clk
Path Type: min

Fanout         Cap        Slew       Delay        Time   Description
---------------------------------------------------------------------------------------------
                                  0.000000    0.000000   clock wr_clk (rise edge)
                                  0.000000    0.000000   clock source latency
     1    0.024374    0.000000    0.000000    0.000000 ^ wr_clk (in)
                                                         wr_clk (net)
                      0.001077    0.000538    0.000538 ^ clkbuf_0_wr_clk/A (sky130_fd_sc_hd__clkbuf_16)
    16    0.103304    0.118752    0.172854    0.173392 ^ clkbuf_0_wr_clk/X (sky130_fd_sc_hd__clkbuf_16)
                                                         clknet_0_wr_clk (net)
                      0.118789    0.001740    0.175132 ^ clkbuf_4_8_0_wr_clk/A (sky130_fd_sc_hd__clkbuf_8)
     2    0.019793    0.051123    0.158920    0.334052 ^ clkbuf_4_8_0_wr_clk/X (sky130_fd_sc_hd__clkbuf_8)
                                                         clknet_4_8_0_wr_clk (net)
                      0.051126    0.000414    0.334466 ^ clkbuf_5_17__f_wr_clk/A (sky130_fd_sc_hd__clkbuf_16)
     5    0.014686    0.037321    0.122554    0.457020 ^ clkbuf_5_17__f_wr_clk/X (sky130_fd_sc_hd__clkbuf_16)
                                                         clknet_5_17__leaf_wr_clk (net)
                      0.037321    0.000147    0.457168 ^ _1067_/CLK (sky130_fd_sc_hd__dfxtp_2)
     2    0.004840    0.038610    0.309720    0.766888 ^ _1067_/Q (sky130_fd_sc_hd__dfxtp_2)
                                                         u_fifomem.mem[0][5] (net)
                      0.038610    0.000037    0.766925 ^ _0796_/A0 (sky130_fd_sc_hd__mux2_2)
     1    0.002440    0.034883    0.128196    0.895121 ^ _0796_/X (sky130_fd_sc_hd__mux2_2)
                                                         _0373_ (net)
                      0.034883    0.000021    0.895142 ^ _0797_/A (sky130_fd_sc_hd__buf_1)
     1    0.002449    0.040274    0.074233    0.969375 ^ _0797_/X (sky130_fd_sc_hd__buf_1)
                                                         _0007_ (net)
                      0.040274    0.000025    0.969400 ^ _1067_/D (sky130_fd_sc_hd__dfxtp_2)
                                              0.969400   data arrival time

                                  0.000000    0.000000   clock wr_clk (rise edge)
                                  0.000000    0.000000   clock source latency
     1    0.024374    0.000000    0.000000    0.000000 ^ wr_clk (in)
                                                         wr_clk (net)
                      0.001077    0.000538    0.000538 ^ clkbuf_0_wr_clk/A (sky130_fd_sc_hd__clkbuf_16)
    16    0.103304    0.118752    0.172854    0.173392 ^ clkbuf_0_wr_clk/X (sky130_fd_sc_hd__clkbuf_16)
                                                         clknet_0_wr_clk (net)
                      0.118789    0.001740    0.175132 ^ clkbuf_4_8_0_wr_clk/A (sky130_fd_sc_hd__clkbuf_8)
     2    0.019793    0.051123    0.158920    0.334052 ^ clkbuf_4_8_0_wr_clk/X (sky130_fd_sc_hd__clkbuf_8)
                                                         clknet_4_8_0_wr_clk (net)
                      0.051126    0.000414    0.334466 ^ clkbuf_5_17__f_wr_clk/A (sky130_fd_sc_hd__clkbuf_16)
     5    0.014686    0.037321    0.122554    0.457020 ^ clkbuf_5_17__f_wr_clk/X (sky130_fd_sc_hd__clkbuf_16)
                                                         clknet_5_17__leaf_wr_clk (net)
                      0.037321    0.000147    0.457168 ^ _1067_/CLK (sky130_fd_sc_hd__dfxtp_2)
                                  0.100000    0.557168   clock uncertainty
                                  0.000000    0.557168   clock reconvergence pessimism
                                 -0.031221    0.525947   library hold time
                                              0.525947   data required time
---------------------------------------------------------------------------------------------
                                              0.525947   data required time
                                             -0.969400   data arrival time
---------------------------------------------------------------------------------------------
                                              0.443453   slack (MET)


Startpoint: _1084_ (rising edge-triggered flip-flop clocked by wr_clk)
Endpoint: _1084_ (rising edge-triggered flip-flop clocked by wr_clk)
Path Group: wr_clk
Path Type: min

Fanout         Cap        Slew       Delay        Time   Description
---------------------------------------------------------------------------------------------
                                  0.000000    0.000000   clock wr_clk (rise edge)
                                  0.000000    0.000000   clock source latency
     1    0.024374    0.000000    0.000000    0.000000 ^ wr_clk (in)
                                                         wr_clk (net)
                      0.001077    0.000538    0.000538 ^ clkbuf_0_wr_clk/A (sky130_fd_sc_hd__clkbuf_16)
    16    0.103304    0.118752    0.172854    0.173392 ^ clkbuf_0_wr_clk/X (sky130_fd_sc_hd__clkbuf_16)
                                                         clknet_0_wr_clk (net)
                      0.118911    0.003540    0.176932 ^ clkbuf_4_7_0_wr_clk/A (sky130_fd_sc_hd__clkbuf_8)
     2    0.018555    0.049139    0.157224    0.334157 ^ clkbuf_4_7_0_wr_clk/X (sky130_fd_sc_hd__clkbuf_8)
                                                         clknet_4_7_0_wr_clk (net)
                      0.049139    0.000202    0.334359 ^ clkbuf_5_15__f_wr_clk/A (sky130_fd_sc_hd__clkbuf_16)
     5    0.013680    0.036465    0.120900    0.455259 ^ clkbuf_5_15__f_wr_clk/X (sky130_fd_sc_hd__clkbuf_16)
                                                         clknet_5_15__leaf_wr_clk (net)
                      0.036465    0.000007    0.455266 ^ _1084_/CLK (sky130_fd_sc_hd__dfxtp_2)
     2    0.005067    0.039563    0.310247    0.765513 ^ _1084_/Q (sky130_fd_sc_hd__dfxtp_2)
                                                         u_fifomem.mem[11][6] (net)
                      0.039563    0.000056    0.765568 ^ _0832_/A1 (sky130_fd_sc_hd__mux2_2)
     1    0.002460    0.035175    0.129264    0.894833 ^ _0832_/X (sky130_fd_sc_hd__mux2_2)
                                                         _0392_ (net)
                      0.035175    0.000012    0.894845 ^ _0833_/A (sky130_fd_sc_hd__buf_1)
     1    0.002320    0.038889    0.073267    0.968112 ^ _0833_/X (sky130_fd_sc_hd__buf_1)
                                                         _0024_ (net)
                      0.038889    0.000023    0.968135 ^ _1084_/D (sky130_fd_sc_hd__dfxtp_2)
                                              0.968135   data arrival time

                                  0.000000    0.000000   clock wr_clk (rise edge)
                                  0.000000    0.000000   clock source latency
     1    0.024374    0.000000    0.000000    0.000000 ^ wr_clk (in)
                                                         wr_clk (net)
                      0.001077    0.000538    0.000538 ^ clkbuf_0_wr_clk/A (sky130_fd_sc_hd__clkbuf_16)
    16    0.103304    0.118752    0.172854    0.173392 ^ clkbuf_0_wr_clk/X (sky130_fd_sc_hd__clkbuf_16)
                                                         clknet_0_wr_clk (net)
                      0.118911    0.003540    0.176932 ^ clkbuf_4_7_0_wr_clk/A (sky130_fd_sc_hd__clkbuf_8)
     2    0.018555    0.049139    0.157224    0.334157 ^ clkbuf_4_7_0_wr_clk/X (sky130_fd_sc_hd__clkbuf_8)
                                                         clknet_4_7_0_wr_clk (net)
                      0.049139    0.000202    0.334359 ^ clkbuf_5_15__f_wr_clk/A (sky130_fd_sc_hd__clkbuf_16)
     5    0.013680    0.036465    0.120900    0.455259 ^ clkbuf_5_15__f_wr_clk/X (sky130_fd_sc_hd__clkbuf_16)
                                                         clknet_5_15__leaf_wr_clk (net)
                      0.036465    0.000007    0.455266 ^ _1084_/CLK (sky130_fd_sc_hd__dfxtp_2)
                                  0.100000    0.555266   clock uncertainty
                                  0.000000    0.555266   clock reconvergence pessimism
                                 -0.031046    0.524220   library hold time
                                              0.524220   data required time
---------------------------------------------------------------------------------------------
                                              0.524220   data required time
                                             -0.968135   data arrival time
---------------------------------------------------------------------------------------------
                                              0.443916   slack (MET)


Startpoint: _1179_ (rising edge-triggered flip-flop clocked by wr_clk)
Endpoint: _1179_ (rising edge-triggered flip-flop clocked by wr_clk)
Path Group: wr_clk
Path Type: min

Fanout         Cap        Slew       Delay        Time   Description
---------------------------------------------------------------------------------------------
                                  0.000000    0.000000   clock wr_clk (rise edge)
                                  0.000000    0.000000   clock source latency
     1    0.024374    0.000000    0.000000    0.000000 ^ wr_clk (in)
                                                         wr_clk (net)
                      0.001077    0.000538    0.000538 ^ clkbuf_0_wr_clk/A (sky130_fd_sc_hd__clkbuf_16)
    16    0.103304    0.118752    0.172854    0.173392 ^ clkbuf_0_wr_clk/X (sky130_fd_sc_hd__clkbuf_16)
                                                         clknet_0_wr_clk (net)
                      0.118752    0.000073    0.173465 ^ clkbuf_4_12_0_wr_clk/A (sky130_fd_sc_hd__clkbuf_8)
     2    0.019367    0.050450    0.158281    0.331746 ^ clkbuf_4_12_0_wr_clk/X (sky130_fd_sc_hd__clkbuf_8)
                                                         clknet_4_12_0_wr_clk (net)
                      0.050450    0.000275    0.332021 ^ clkbuf_5_24__f_wr_clk/A (sky130_fd_sc_hd__clkbuf_16)
     5    0.013695    0.036478    0.121388    0.453409 ^ clkbuf_5_24__f_wr_clk/X (sky130_fd_sc_hd__clkbuf_16)
                                                         clknet_5_24__leaf_wr_clk (net)
                      0.036478    0.000047    0.453456 ^ _1179_/CLK (sky130_fd_sc_hd__dfxtp_2)
     2    0.005785    0.042636    0.312947    0.766403 ^ _1179_/Q (sky130_fd_sc_hd__dfxtp_2)
                                                         u_fifomem.mem[8][5] (net)
                      0.042636    0.000030    0.766433 ^ _1039_/A0 (sky130_fd_sc_hd__mux2_2)
     1    0.002535    0.035407    0.130175    0.896608 ^ _1039_/X (sky130_fd_sc_hd__mux2_2)
                                                         _0504_ (net)
                      0.035407    0.000013    0.896621 ^ _1040_/A (sky130_fd_sc_hd__buf_1)
     1    0.001991    0.035427    0.070652    0.967273 ^ _1040_/X (sky130_fd_sc_hd__buf_1)
                                                         _0119_ (net)
                      0.035427    0.000017    0.967290 ^ _1179_/D (sky130_fd_sc_hd__dfxtp_2)
                                              0.967290   data arrival time

                                  0.000000    0.000000   clock wr_clk (rise edge)
                                  0.000000    0.000000   clock source latency
     1    0.024374    0.000000    0.000000    0.000000 ^ wr_clk (in)
                                                         wr_clk (net)
                      0.001077    0.000538    0.000538 ^ clkbuf_0_wr_clk/A (sky130_fd_sc_hd__clkbuf_16)
    16    0.103304    0.118752    0.172854    0.173392 ^ clkbuf_0_wr_clk/X (sky130_fd_sc_hd__clkbuf_16)
                                                         clknet_0_wr_clk (net)
                      0.118752    0.000073    0.173465 ^ clkbuf_4_12_0_wr_clk/A (sky130_fd_sc_hd__clkbuf_8)
     2    0.019367    0.050450    0.158281    0.331746 ^ clkbuf_4_12_0_wr_clk/X (sky130_fd_sc_hd__clkbuf_8)
                                                         clknet_4_12_0_wr_clk (net)
                      0.050450    0.000275    0.332021 ^ clkbuf_5_24__f_wr_clk/A (sky130_fd_sc_hd__clkbuf_16)
     5    0.013695    0.036478    0.121388    0.453409 ^ clkbuf_5_24__f_wr_clk/X (sky130_fd_sc_hd__clkbuf_16)
                                                         clknet_5_24__leaf_wr_clk (net)
                      0.036478    0.000047    0.453456 ^ _1179_/CLK (sky130_fd_sc_hd__dfxtp_2)
                                  0.100000    0.553456   clock uncertainty
                                  0.000000    0.553456   clock reconvergence pessimism
                                 -0.030327    0.523129   library hold time
                                              0.523129   data required time
---------------------------------------------------------------------------------------------
                                              0.523129   data required time
                                             -0.967290   data arrival time
---------------------------------------------------------------------------------------------
                                              0.444160   slack (MET)


Startpoint: _1146_ (rising edge-triggered flip-flop clocked by wr_clk)
Endpoint: _1146_ (rising edge-triggered flip-flop clocked by wr_clk)
Path Group: wr_clk
Path Type: min

Fanout         Cap        Slew       Delay        Time   Description
---------------------------------------------------------------------------------------------
                                  0.000000    0.000000   clock wr_clk (rise edge)
                                  0.000000    0.000000   clock source latency
     1    0.024374    0.000000    0.000000    0.000000 ^ wr_clk (in)
                                                         wr_clk (net)
                      0.001077    0.000538    0.000538 ^ clkbuf_0_wr_clk/A (sky130_fd_sc_hd__clkbuf_16)
    16    0.103304    0.118752    0.172854    0.173392 ^ clkbuf_0_wr_clk/X (sky130_fd_sc_hd__clkbuf_16)
                                                         clknet_0_wr_clk (net)
                      0.118789    0.001740    0.175132 ^ clkbuf_4_8_0_wr_clk/A (sky130_fd_sc_hd__clkbuf_8)
     2    0.019793    0.051123    0.158920    0.334052 ^ clkbuf_4_8_0_wr_clk/X (sky130_fd_sc_hd__clkbuf_8)
                                                         clknet_4_8_0_wr_clk (net)
                      0.051124    0.000263    0.334315 ^ clkbuf_5_16__f_wr_clk/A (sky130_fd_sc_hd__clkbuf_16)
     5    0.013219    0.036075    0.121156    0.455471 ^ clkbuf_5_16__f_wr_clk/X (sky130_fd_sc_hd__clkbuf_16)
                                                         clknet_5_16__leaf_wr_clk (net)
                      0.036075    0.000156    0.455627 ^ _1146_/CLK (sky130_fd_sc_hd__dfxtp_2)
     2    0.005369    0.040845    0.311236    0.766863 ^ _1146_/Q (sky130_fd_sc_hd__dfxtp_2)
                                                         u_fifomem.mem[4][4] (net)
                      0.040845    0.000039    0.766902 ^ _0968_/A0 (sky130_fd_sc_hd__mux2_2)
     1    0.002834    0.036642    0.131331    0.898233 ^ _0968_/X (sky130_fd_sc_hd__mux2_2)
                                                         _0466_ (net)
                      0.036642    0.000029    0.898262 ^ _0969_/A (sky130_fd_sc_hd__buf_1)
     1    0.001988    0.036575    0.071062    0.969323 ^ _0969_/X (sky130_fd_sc_hd__buf_1)
                                                         _0086_ (net)
                      0.036575    0.000009    0.969333 ^ _1146_/D (sky130_fd_sc_hd__dfxtp_2)
                                              0.969333   data arrival time

                                  0.000000    0.000000   clock wr_clk (rise edge)
                                  0.000000    0.000000   clock source latency
     1    0.024374    0.000000    0.000000    0.000000 ^ wr_clk (in)
                                                         wr_clk (net)
                      0.001077    0.000538    0.000538 ^ clkbuf_0_wr_clk/A (sky130_fd_sc_hd__clkbuf_16)
    16    0.103304    0.118752    0.172854    0.173392 ^ clkbuf_0_wr_clk/X (sky130_fd_sc_hd__clkbuf_16)
                                                         clknet_0_wr_clk (net)
                      0.118789    0.001740    0.175132 ^ clkbuf_4_8_0_wr_clk/A (sky130_fd_sc_hd__clkbuf_8)
     2    0.019793    0.051123    0.158920    0.334052 ^ clkbuf_4_8_0_wr_clk/X (sky130_fd_sc_hd__clkbuf_8)
                                                         clknet_4_8_0_wr_clk (net)
                      0.051124    0.000263    0.334315 ^ clkbuf_5_16__f_wr_clk/A (sky130_fd_sc_hd__clkbuf_16)
     5    0.013219    0.036075    0.121156    0.455471 ^ clkbuf_5_16__f_wr_clk/X (sky130_fd_sc_hd__clkbuf_16)
                                                         clknet_5_16__leaf_wr_clk (net)
                      0.036075    0.000156    0.455627 ^ _1146_/CLK (sky130_fd_sc_hd__dfxtp_2)
                                  0.100000    0.555627   clock uncertainty
                                  0.000000    0.555627   clock reconvergence pessimism
                                 -0.030618    0.525009   library hold time
                                              0.525009   data required time
---------------------------------------------------------------------------------------------
                                              0.525009   data required time
                                             -0.969333   data arrival time
---------------------------------------------------------------------------------------------
                                              0.444324   slack (MET)


Startpoint: _1169_ (rising edge-triggered flip-flop clocked by wr_clk)
Endpoint: _1169_ (rising edge-triggered flip-flop clocked by wr_clk)
Path Group: wr_clk
Path Type: min

Fanout         Cap        Slew       Delay        Time   Description
---------------------------------------------------------------------------------------------
                                  0.000000    0.000000   clock wr_clk (rise edge)
                                  0.000000    0.000000   clock source latency
     1    0.024374    0.000000    0.000000    0.000000 ^ wr_clk (in)
                                                         wr_clk (net)
                      0.001077    0.000538    0.000538 ^ clkbuf_0_wr_clk/A (sky130_fd_sc_hd__clkbuf_16)
    16    0.103304    0.118752    0.172854    0.173392 ^ clkbuf_0_wr_clk/X (sky130_fd_sc_hd__clkbuf_16)
                                                         clknet_0_wr_clk (net)
                      0.118782    0.001572    0.174964 ^ clkbuf_4_11_0_wr_clk/A (sky130_fd_sc_hd__clkbuf_8)
     2    0.017471    0.047469    0.155539    0.330504 ^ clkbuf_4_11_0_wr_clk/X (sky130_fd_sc_hd__clkbuf_8)
                                                         clknet_4_11_0_wr_clk (net)
                      0.047469    0.000161    0.330664 ^ clkbuf_5_22__f_wr_clk/A (sky130_fd_sc_hd__clkbuf_16)
     5    0.014498    0.037161    0.121066    0.451730 ^ clkbuf_5_22__f_wr_clk/X (sky130_fd_sc_hd__clkbuf_16)
                                                         clknet_5_22__leaf_wr_clk (net)
                      0.037161    0.000164    0.451894 ^ _1169_/CLK (sky130_fd_sc_hd__dfxtp_2)
     2    0.004899    0.038857    0.309886    0.761780 ^ _1169_/Q (sky130_fd_sc_hd__dfxtp_2)
                                                         u_fifomem.mem[7][3] (net)
                      0.038857    0.000026    0.761806 ^ _1017_/A1 (sky130_fd_sc_hd__mux2_2)
     1    0.002841    0.036582    0.131293    0.893099 ^ _1017_/X (sky130_fd_sc_hd__mux2_2)
                                                         _0492_ (net)
                      0.036582    0.000018    0.893117 ^ _1018_/A (sky130_fd_sc_hd__buf_1)
     1    0.002283    0.038499    0.073454    0.966571 ^ _1018_/X (sky130_fd_sc_hd__buf_1)
                                                         _0109_ (net)
                      0.038499    0.000021    0.966592 ^ _1169_/D (sky130_fd_sc_hd__dfxtp_2)
                                              0.966592   data arrival time

                                  0.000000    0.000000   clock wr_clk (rise edge)
                                  0.000000    0.000000   clock source latency
     1    0.024374    0.000000    0.000000    0.000000 ^ wr_clk (in)
                                                         wr_clk (net)
                      0.001077    0.000538    0.000538 ^ clkbuf_0_wr_clk/A (sky130_fd_sc_hd__clkbuf_16)
    16    0.103304    0.118752    0.172854    0.173392 ^ clkbuf_0_wr_clk/X (sky130_fd_sc_hd__clkbuf_16)
                                                         clknet_0_wr_clk (net)
                      0.118782    0.001572    0.174964 ^ clkbuf_4_11_0_wr_clk/A (sky130_fd_sc_hd__clkbuf_8)
     2    0.017471    0.047469    0.155539    0.330504 ^ clkbuf_4_11_0_wr_clk/X (sky130_fd_sc_hd__clkbuf_8)
                                                         clknet_4_11_0_wr_clk (net)
                      0.047469    0.000161    0.330664 ^ clkbuf_5_22__f_wr_clk/A (sky130_fd_sc_hd__clkbuf_16)
     5    0.014498    0.037161    0.121066    0.451730 ^ clkbuf_5_22__f_wr_clk/X (sky130_fd_sc_hd__clkbuf_16)
                                                         clknet_5_22__leaf_wr_clk (net)
                      0.037161    0.000164    0.451894 ^ _1169_/CLK (sky130_fd_sc_hd__dfxtp_2)
                                  0.100000    0.551894   clock uncertainty
                                  0.000000    0.551894   clock reconvergence pessimism
                                 -0.030874    0.521020   library hold time
                                              0.521020   data required time
---------------------------------------------------------------------------------------------
                                              0.521020   data required time
                                             -0.966592   data arrival time
---------------------------------------------------------------------------------------------
                                              0.445572   slack (MET)


Startpoint: _1178_ (rising edge-triggered flip-flop clocked by wr_clk)
Endpoint: _1178_ (rising edge-triggered flip-flop clocked by wr_clk)
Path Group: wr_clk
Path Type: min

Fanout         Cap        Slew       Delay        Time   Description
---------------------------------------------------------------------------------------------
                                  0.000000    0.000000   clock wr_clk (rise edge)
                                  0.000000    0.000000   clock source latency
     1    0.024374    0.000000    0.000000    0.000000 ^ wr_clk (in)
                                                         wr_clk (net)
                      0.001077    0.000538    0.000538 ^ clkbuf_0_wr_clk/A (sky130_fd_sc_hd__clkbuf_16)
    16    0.103304    0.118752    0.172854    0.173392 ^ clkbuf_0_wr_clk/X (sky130_fd_sc_hd__clkbuf_16)
                                                         clknet_0_wr_clk (net)
                      0.118829    0.002489    0.175881 ^ clkbuf_4_2_0_wr_clk/A (sky130_fd_sc_hd__clkbuf_8)
     2    0.018786    0.049496    0.157546    0.333427 ^ clkbuf_4_2_0_wr_clk/X (sky130_fd_sc_hd__clkbuf_8)
                                                         clknet_4_2_0_wr_clk (net)
                      0.049496    0.000149    0.333576 ^ clkbuf_5_4__f_wr_clk/A (sky130_fd_sc_hd__clkbuf_16)
     5    0.015069    0.037644    0.122356    0.455933 ^ clkbuf_5_4__f_wr_clk/X (sky130_fd_sc_hd__clkbuf_16)
                                                         clknet_5_4__leaf_wr_clk (net)
                      0.037644    0.000143    0.456075 ^ _1178_/CLK (sky130_fd_sc_hd__dfxtp_2)
     2    0.004907    0.038888    0.310093    0.766168 ^ _1178_/Q (sky130_fd_sc_hd__dfxtp_2)
                                                         u_fifomem.mem[8][4] (net)
                      0.038888    0.000032    0.766200 ^ _1037_/A0 (sky130_fd_sc_hd__mux2_2)
     1    0.003115    0.038022    0.132320    0.898520 ^ _1037_/X (sky130_fd_sc_hd__mux2_2)
                                                         _0503_ (net)
                      0.038022    0.000033    0.898553 ^ _1038_/A (sky130_fd_sc_hd__buf_1)
     1    0.002112    0.037960    0.072557    0.971109 ^ _1038_/X (sky130_fd_sc_hd__buf_1)
                                                         _0118_ (net)
                      0.037960    0.000011    0.971120 ^ _1178_/D (sky130_fd_sc_hd__dfxtp_2)
                                              0.971120   data arrival time

                                  0.000000    0.000000   clock wr_clk (rise edge)
                                  0.000000    0.000000   clock source latency
     1    0.024374    0.000000    0.000000    0.000000 ^ wr_clk (in)
                                                         wr_clk (net)
                      0.001077    0.000538    0.000538 ^ clkbuf_0_wr_clk/A (sky130_fd_sc_hd__clkbuf_16)
    16    0.103304    0.118752    0.172854    0.173392 ^ clkbuf_0_wr_clk/X (sky130_fd_sc_hd__clkbuf_16)
                                                         clknet_0_wr_clk (net)
                      0.118829    0.002489    0.175881 ^ clkbuf_4_2_0_wr_clk/A (sky130_fd_sc_hd__clkbuf_8)
     2    0.018786    0.049496    0.157546    0.333427 ^ clkbuf_4_2_0_wr_clk/X (sky130_fd_sc_hd__clkbuf_8)
                                                         clknet_4_2_0_wr_clk (net)
                      0.049496    0.000149    0.333576 ^ clkbuf_5_4__f_wr_clk/A (sky130_fd_sc_hd__clkbuf_16)
     5    0.015069    0.037644    0.122356    0.455933 ^ clkbuf_5_4__f_wr_clk/X (sky130_fd_sc_hd__clkbuf_16)
                                                         clknet_5_4__leaf_wr_clk (net)
                      0.037644    0.000143    0.456075 ^ _1178_/CLK (sky130_fd_sc_hd__dfxtp_2)
                                  0.100000    0.556075   clock uncertainty
                                  0.000000    0.556075   clock reconvergence pessimism
                                 -0.030699    0.525377   library hold time
                                              0.525377   data required time
---------------------------------------------------------------------------------------------
                                              0.525377   data required time
                                             -0.971120   data arrival time
---------------------------------------------------------------------------------------------
                                              0.445743   slack (MET)


Startpoint: _1170_ (rising edge-triggered flip-flop clocked by wr_clk)
Endpoint: _1170_ (rising edge-triggered flip-flop clocked by wr_clk)
Path Group: wr_clk
Path Type: min

Fanout         Cap        Slew       Delay        Time   Description
---------------------------------------------------------------------------------------------
                                  0.000000    0.000000   clock wr_clk (rise edge)
                                  0.000000    0.000000   clock source latency
     1    0.024374    0.000000    0.000000    0.000000 ^ wr_clk (in)
                                                         wr_clk (net)
                      0.001077    0.000538    0.000538 ^ clkbuf_0_wr_clk/A (sky130_fd_sc_hd__clkbuf_16)
    16    0.103304    0.118752    0.172854    0.173392 ^ clkbuf_0_wr_clk/X (sky130_fd_sc_hd__clkbuf_16)
                                                         clknet_0_wr_clk (net)
                      0.118789    0.001740    0.175132 ^ clkbuf_4_8_0_wr_clk/A (sky130_fd_sc_hd__clkbuf_8)
     2    0.019793    0.051123    0.158920    0.334052 ^ clkbuf_4_8_0_wr_clk/X (sky130_fd_sc_hd__clkbuf_8)
                                                         clknet_4_8_0_wr_clk (net)
                      0.051124    0.000263    0.334315 ^ clkbuf_5_16__f_wr_clk/A (sky130_fd_sc_hd__clkbuf_16)
     5    0.013219    0.036075    0.121156    0.455471 ^ clkbuf_5_16__f_wr_clk/X (sky130_fd_sc_hd__clkbuf_16)
                                                         clknet_5_16__leaf_wr_clk (net)
                      0.036075    0.000242    0.455713 ^ _1170_/CLK (sky130_fd_sc_hd__dfxtp_2)
     2    0.005273    0.040441    0.310887    0.766599 ^ _1170_/Q (sky130_fd_sc_hd__dfxtp_2)
                                                         u_fifomem.mem[7][4] (net)
                      0.040441    0.000027    0.766626 ^ _1019_/A1 (sky130_fd_sc_hd__mux2_2)
     1    0.002915    0.036866    0.132260    0.898886 ^ _1019_/X (sky130_fd_sc_hd__mux2_2)
                                                         _0493_ (net)
                      0.036866    0.000029    0.898916 ^ _1020_/A (sky130_fd_sc_hd__buf_1)
     1    0.002098    0.036546    0.072035    0.970950 ^ _1020_/X (sky130_fd_sc_hd__buf_1)
                                                         _0110_ (net)
                      0.036546    0.000020    0.970970 ^ _1170_/D (sky130_fd_sc_hd__dfxtp_2)
                                              0.970970   data arrival time

                                  0.000000    0.000000   clock wr_clk (rise edge)
                                  0.000000    0.000000   clock source latency
     1    0.024374    0.000000    0.000000    0.000000 ^ wr_clk (in)
                                                         wr_clk (net)
                      0.001077    0.000538    0.000538 ^ clkbuf_0_wr_clk/A (sky130_fd_sc_hd__clkbuf_16)
    16    0.103304    0.118752    0.172854    0.173392 ^ clkbuf_0_wr_clk/X (sky130_fd_sc_hd__clkbuf_16)
                                                         clknet_0_wr_clk (net)
                      0.118789    0.001740    0.175132 ^ clkbuf_4_8_0_wr_clk/A (sky130_fd_sc_hd__clkbuf_8)
     2    0.019793    0.051123    0.158920    0.334052 ^ clkbuf_4_8_0_wr_clk/X (sky130_fd_sc_hd__clkbuf_8)
                                                         clknet_4_8_0_wr_clk (net)
                      0.051124    0.000263    0.334315 ^ clkbuf_5_16__f_wr_clk/A (sky130_fd_sc_hd__clkbuf_16)
     5    0.013219    0.036075    0.121156    0.455471 ^ clkbuf_5_16__f_wr_clk/X (sky130_fd_sc_hd__clkbuf_16)
                                                         clknet_5_16__leaf_wr_clk (net)
                      0.036075    0.000242    0.455713 ^ _1170_/CLK (sky130_fd_sc_hd__dfxtp_2)
                                  0.100000    0.555713   clock uncertainty
                                  0.000000    0.555713   clock reconvergence pessimism
                                 -0.030612    0.525101   library hold time
                                              0.525101   data required time
---------------------------------------------------------------------------------------------
                                              0.525101   data required time
                                             -0.970970   data arrival time
---------------------------------------------------------------------------------------------
                                              0.445869   slack (MET)


Startpoint: _1068_ (rising edge-triggered flip-flop clocked by wr_clk)
Endpoint: _1068_ (rising edge-triggered flip-flop clocked by wr_clk)
Path Group: wr_clk
Path Type: min

Fanout         Cap        Slew       Delay        Time   Description
---------------------------------------------------------------------------------------------
                                  0.000000    0.000000   clock wr_clk (rise edge)
                                  0.000000    0.000000   clock source latency
     1    0.024374    0.000000    0.000000    0.000000 ^ wr_clk (in)
                                                         wr_clk (net)
                      0.001077    0.000538    0.000538 ^ clkbuf_0_wr_clk/A (sky130_fd_sc_hd__clkbuf_16)
    16    0.103304    0.118752    0.172854    0.173392 ^ clkbuf_0_wr_clk/X (sky130_fd_sc_hd__clkbuf_16)
                                                         clknet_0_wr_clk (net)
                      0.118752    0.000073    0.173465 ^ clkbuf_4_12_0_wr_clk/A (sky130_fd_sc_hd__clkbuf_8)
     2    0.019367    0.050450    0.158281    0.331746 ^ clkbuf_4_12_0_wr_clk/X (sky130_fd_sc_hd__clkbuf_8)
                                                         clknet_4_12_0_wr_clk (net)
                      0.050451    0.000354    0.332100 ^ clkbuf_5_25__f_wr_clk/A (sky130_fd_sc_hd__clkbuf_16)
     6    0.021455    0.043094    0.128785    0.460885 ^ clkbuf_5_25__f_wr_clk/X (sky130_fd_sc_hd__clkbuf_16)
                                                         clknet_5_25__leaf_wr_clk (net)
                      0.043095    0.000213    0.461098 ^ _1068_/CLK (sky130_fd_sc_hd__dfxtp_2)
     2    0.005610    0.041868    0.314746    0.775844 ^ _1068_/Q (sky130_fd_sc_hd__dfxtp_2)
                                                         u_fifomem.mem[0][6] (net)
                      0.041868    0.000037    0.775881 ^ _0798_/A0 (sky130_fd_sc_hd__mux2_2)
     1    0.002696    0.036192    0.130866    0.906747 ^ _0798_/X (sky130_fd_sc_hd__mux2_2)
                                                         _0374_ (net)
                      0.036192    0.000026    0.906773 ^ _0799_/A (sky130_fd_sc_hd__buf_1)
     1    0.001981    0.035321    0.070840    0.977613 ^ _0799_/X (sky130_fd_sc_hd__buf_1)
                                                         _0008_ (net)
                      0.035321    0.000017    0.977630 ^ _1068_/D (sky130_fd_sc_hd__dfxtp_2)
                                              0.977630   data arrival time

                                  0.000000    0.000000   clock wr_clk (rise edge)
                                  0.000000    0.000000   clock source latency
     1    0.024374    0.000000    0.000000    0.000000 ^ wr_clk (in)
                                                         wr_clk (net)
                      0.001077    0.000538    0.000538 ^ clkbuf_0_wr_clk/A (sky130_fd_sc_hd__clkbuf_16)
    16    0.103304    0.118752    0.172854    0.173392 ^ clkbuf_0_wr_clk/X (sky130_fd_sc_hd__clkbuf_16)
                                                         clknet_0_wr_clk (net)
                      0.118752    0.000073    0.173465 ^ clkbuf_4_12_0_wr_clk/A (sky130_fd_sc_hd__clkbuf_8)
     2    0.019367    0.050450    0.158281    0.331746 ^ clkbuf_4_12_0_wr_clk/X (sky130_fd_sc_hd__clkbuf_8)
                                                         clknet_4_12_0_wr_clk (net)
                      0.050451    0.000354    0.332100 ^ clkbuf_5_25__f_wr_clk/A (sky130_fd_sc_hd__clkbuf_16)
     6    0.021455    0.043094    0.128785    0.460885 ^ clkbuf_5_25__f_wr_clk/X (sky130_fd_sc_hd__clkbuf_16)
                                                         clknet_5_25__leaf_wr_clk (net)
                      0.043095    0.000213    0.461098 ^ _1068_/CLK (sky130_fd_sc_hd__dfxtp_2)
                                  0.100000    0.561098   clock uncertainty
                                  0.000000    0.561098   clock reconvergence pessimism
                                 -0.029435    0.531663   library hold time
                                              0.531663   data required time
---------------------------------------------------------------------------------------------
                                              0.531663   data required time
                                             -0.977630   data arrival time
---------------------------------------------------------------------------------------------
                                              0.445968   slack (MET)


Startpoint: _1070_ (rising edge-triggered flip-flop clocked by wr_clk)
Endpoint: _1070_ (rising edge-triggered flip-flop clocked by wr_clk)
Path Group: wr_clk
Path Type: min

Fanout         Cap        Slew       Delay        Time   Description
---------------------------------------------------------------------------------------------
                                  0.000000    0.000000   clock wr_clk (rise edge)
                                  0.000000    0.000000   clock source latency
     1    0.024374    0.000000    0.000000    0.000000 ^ wr_clk (in)
                                                         wr_clk (net)
                      0.001077    0.000538    0.000538 ^ clkbuf_0_wr_clk/A (sky130_fd_sc_hd__clkbuf_16)
    16    0.103304    0.118752    0.172854    0.173392 ^ clkbuf_0_wr_clk/X (sky130_fd_sc_hd__clkbuf_16)
                                                         clknet_0_wr_clk (net)
                      0.118881    0.003194    0.176586 ^ clkbuf_4_5_0_wr_clk/A (sky130_fd_sc_hd__clkbuf_8)
     2    0.018978    0.049855    0.157712    0.334298 ^ clkbuf_4_5_0_wr_clk/X (sky130_fd_sc_hd__clkbuf_8)
                                                         clknet_4_5_0_wr_clk (net)
                      0.049857    0.000368    0.334667 ^ clkbuf_5_10__f_wr_clk/A (sky130_fd_sc_hd__clkbuf_16)
     5    0.014211    0.036921    0.121616    0.456282 ^ clkbuf_5_10__f_wr_clk/X (sky130_fd_sc_hd__clkbuf_16)
                                                         clknet_5_10__leaf_wr_clk (net)
                      0.036921    0.000336    0.456618 ^ _1070_/CLK (sky130_fd_sc_hd__dfxtp_2)
     2    0.005039    0.039444    0.310316    0.766934 ^ _1070_/Q (sky130_fd_sc_hd__dfxtp_2)
                                                         u_fifomem.mem[10][0] (net)
                      0.039444    0.000042    0.766976 ^ _0803_/A0 (sky130_fd_sc_hd__mux2_2)
     1    0.002000    0.033170    0.125867    0.892843 ^ _0803_/X (sky130_fd_sc_hd__mux2_2)
                                                         _0377_ (net)
                      0.033170    0.000009    0.892852 ^ _0804_/A (sky130_fd_sc_hd__buf_2)
     1    0.001852    0.023027    0.082124    0.974976 ^ _0804_/X (sky130_fd_sc_hd__buf_2)
                                                         _0010_ (net)
                      0.023027    0.000015    0.974991 ^ _1070_/D (sky130_fd_sc_hd__dfxtp_2)
                                              0.974991   data arrival time

                                  0.000000    0.000000   clock wr_clk (rise edge)
                                  0.000000    0.000000   clock source latency
     1    0.024374    0.000000    0.000000    0.000000 ^ wr_clk (in)
                                                         wr_clk (net)
                      0.001077    0.000538    0.000538 ^ clkbuf_0_wr_clk/A (sky130_fd_sc_hd__clkbuf_16)
    16    0.103304    0.118752    0.172854    0.173392 ^ clkbuf_0_wr_clk/X (sky130_fd_sc_hd__clkbuf_16)
                                                         clknet_0_wr_clk (net)
                      0.118881    0.003194    0.176586 ^ clkbuf_4_5_0_wr_clk/A (sky130_fd_sc_hd__clkbuf_8)
     2    0.018978    0.049855    0.157712    0.334298 ^ clkbuf_4_5_0_wr_clk/X (sky130_fd_sc_hd__clkbuf_8)
                                                         clknet_4_5_0_wr_clk (net)
                      0.049857    0.000368    0.334667 ^ clkbuf_5_10__f_wr_clk/A (sky130_fd_sc_hd__clkbuf_16)
     5    0.014211    0.036921    0.121616    0.456282 ^ clkbuf_5_10__f_wr_clk/X (sky130_fd_sc_hd__clkbuf_16)
                                                         clknet_5_10__leaf_wr_clk (net)
                      0.036921    0.000336    0.456618 ^ _1070_/CLK (sky130_fd_sc_hd__dfxtp_2)
                                  0.100000    0.556618   clock uncertainty
                                  0.000000    0.556618   clock reconvergence pessimism
                                 -0.027698    0.528921   library hold time
                                              0.528921   data required time
---------------------------------------------------------------------------------------------
                                              0.528921   data required time
                                             -0.974991   data arrival time
---------------------------------------------------------------------------------------------
                                              0.446070   slack (MET)


Startpoint: _1176_ (rising edge-triggered flip-flop clocked by wr_clk)
Endpoint: _1176_ (rising edge-triggered flip-flop clocked by wr_clk)
Path Group: wr_clk
Path Type: min

Fanout         Cap        Slew       Delay        Time   Description
---------------------------------------------------------------------------------------------
                                  0.000000    0.000000   clock wr_clk (rise edge)
                                  0.000000    0.000000   clock source latency
     1    0.024374    0.000000    0.000000    0.000000 ^ wr_clk (in)
                                                         wr_clk (net)
                      0.001077    0.000538    0.000538 ^ clkbuf_0_wr_clk/A (sky130_fd_sc_hd__clkbuf_16)
    16    0.103304    0.118752    0.172854    0.173392 ^ clkbuf_0_wr_clk/X (sky130_fd_sc_hd__clkbuf_16)
                                                         clknet_0_wr_clk (net)
                      0.118891    0.003312    0.176704 ^ clkbuf_4_4_0_wr_clk/A (sky130_fd_sc_hd__clkbuf_8)
     2    0.018673    0.049333    0.157368    0.334072 ^ clkbuf_4_4_0_wr_clk/X (sky130_fd_sc_hd__clkbuf_8)
                                                         clknet_4_4_0_wr_clk (net)
                      0.049333    0.000165    0.334237 ^ clkbuf_5_9__f_wr_clk/A (sky130_fd_sc_hd__clkbuf_16)
     5    0.013998    0.036735    0.121275    0.455512 ^ clkbuf_5_9__f_wr_clk/X (sky130_fd_sc_hd__clkbuf_16)
                                                         clknet_5_9__leaf_wr_clk (net)
                      0.036735    0.000113    0.455625 ^ _1176_/CLK (sky130_fd_sc_hd__dfxtp_2)
     2    0.004666    0.037886    0.308851    0.764476 ^ _1176_/Q (sky130_fd_sc_hd__dfxtp_2)
                                                         u_fifomem.mem[8][2] (net)
                      0.037886    0.000034    0.764510 ^ _1033_/A0 (sky130_fd_sc_hd__mux2_2)
     1    0.003049    0.037736    0.131573    0.896083 ^ _1033_/X (sky130_fd_sc_hd__mux2_2)
                                                         _0501_ (net)
                      0.037736    0.000033    0.896116 ^ _1034_/A (sky130_fd_sc_hd__buf_1)
     1    0.002389    0.039631    0.074723    0.970838 ^ _1034_/X (sky130_fd_sc_hd__buf_1)
                                                         _0116_ (net)
                      0.039631    0.000025    0.970863 ^ _1176_/D (sky130_fd_sc_hd__dfxtp_2)
                                              0.970863   data arrival time

                                  0.000000    0.000000   clock wr_clk (rise edge)
                                  0.000000    0.000000   clock source latency
     1    0.024374    0.000000    0.000000    0.000000 ^ wr_clk (in)
                                                         wr_clk (net)
                      0.001077    0.000538    0.000538 ^ clkbuf_0_wr_clk/A (sky130_fd_sc_hd__clkbuf_16)
    16    0.103304    0.118752    0.172854    0.173392 ^ clkbuf_0_wr_clk/X (sky130_fd_sc_hd__clkbuf_16)
                                                         clknet_0_wr_clk (net)
                      0.118891    0.003312    0.176704 ^ clkbuf_4_4_0_wr_clk/A (sky130_fd_sc_hd__clkbuf_8)
     2    0.018673    0.049333    0.157368    0.334072 ^ clkbuf_4_4_0_wr_clk/X (sky130_fd_sc_hd__clkbuf_8)
                                                         clknet_4_4_0_wr_clk (net)
                      0.049333    0.000165    0.334237 ^ clkbuf_5_9__f_wr_clk/A (sky130_fd_sc_hd__clkbuf_16)
     5    0.013998    0.036735    0.121275    0.455512 ^ clkbuf_5_9__f_wr_clk/X (sky130_fd_sc_hd__clkbuf_16)
                                                         clknet_5_9__leaf_wr_clk (net)
                      0.036735    0.000113    0.455625 ^ _1176_/CLK (sky130_fd_sc_hd__dfxtp_2)
                                  0.100000    0.555625   clock uncertainty
                                  0.000000    0.555625   clock reconvergence pessimism
                                 -0.031164    0.524460   library hold time
                                              0.524460   data required time
---------------------------------------------------------------------------------------------
                                              0.524460   data required time
                                             -0.970863   data arrival time
---------------------------------------------------------------------------------------------
                                              0.446403   slack (MET)


Startpoint: _1148_ (rising edge-triggered flip-flop clocked by wr_clk)
Endpoint: _1148_ (rising edge-triggered flip-flop clocked by wr_clk)
Path Group: wr_clk
Path Type: min

Fanout         Cap        Slew       Delay        Time   Description
---------------------------------------------------------------------------------------------
                                  0.000000    0.000000   clock wr_clk (rise edge)
                                  0.000000    0.000000   clock source latency
     1    0.024374    0.000000    0.000000    0.000000 ^ wr_clk (in)
                                                         wr_clk (net)
                      0.001077    0.000538    0.000538 ^ clkbuf_0_wr_clk/A (sky130_fd_sc_hd__clkbuf_16)
    16    0.103304    0.118752    0.172854    0.173392 ^ clkbuf_0_wr_clk/X (sky130_fd_sc_hd__clkbuf_16)
                                                         clknet_0_wr_clk (net)
                      0.118752    0.000073    0.173465 ^ clkbuf_4_12_0_wr_clk/A (sky130_fd_sc_hd__clkbuf_8)
     2    0.019367    0.050450    0.158281    0.331746 ^ clkbuf_4_12_0_wr_clk/X (sky130_fd_sc_hd__clkbuf_8)
                                                         clknet_4_12_0_wr_clk (net)
                      0.050451    0.000354    0.332100 ^ clkbuf_5_25__f_wr_clk/A (sky130_fd_sc_hd__clkbuf_16)
     6    0.021455    0.043094    0.128785    0.460885 ^ clkbuf_5_25__f_wr_clk/X (sky130_fd_sc_hd__clkbuf_16)
                                                         clknet_5_25__leaf_wr_clk (net)
                      0.043094    0.000179    0.461064 ^ _1148_/CLK (sky130_fd_sc_hd__dfxtp_2)
     2    0.005054    0.039494    0.312660    0.773723 ^ _1148_/Q (sky130_fd_sc_hd__dfxtp_2)
                                                         u_fifomem.mem[4][6] (net)
                      0.039494    0.000049    0.773772 ^ _0972_/A0 (sky130_fd_sc_hd__mux2_2)
     1    0.002674    0.035950    0.129904    0.903676 ^ _0972_/X (sky130_fd_sc_hd__mux2_2)
                                                         _0468_ (net)
                      0.035950    0.000025    0.903701 ^ _0973_/A (sky130_fd_sc_hd__buf_1)
     1    0.002338    0.039088    0.073689    0.977389 ^ _0973_/X (sky130_fd_sc_hd__buf_1)
                                                         _0088_ (net)
                      0.039088    0.000023    0.977412 ^ _1148_/D (sky130_fd_sc_hd__dfxtp_2)
                                              0.977412   data arrival time

                                  0.000000    0.000000   clock wr_clk (rise edge)
                                  0.000000    0.000000   clock source latency
     1    0.024374    0.000000    0.000000    0.000000 ^ wr_clk (in)
                                                         wr_clk (net)
                      0.001077    0.000538    0.000538 ^ clkbuf_0_wr_clk/A (sky130_fd_sc_hd__clkbuf_16)
    16    0.103304    0.118752    0.172854    0.173392 ^ clkbuf_0_wr_clk/X (sky130_fd_sc_hd__clkbuf_16)
                                                         clknet_0_wr_clk (net)
                      0.118752    0.000073    0.173465 ^ clkbuf_4_12_0_wr_clk/A (sky130_fd_sc_hd__clkbuf_8)
     2    0.019367    0.050450    0.158281    0.331746 ^ clkbuf_4_12_0_wr_clk/X (sky130_fd_sc_hd__clkbuf_8)
                                                         clknet_4_12_0_wr_clk (net)
                      0.050451    0.000354    0.332100 ^ clkbuf_5_25__f_wr_clk/A (sky130_fd_sc_hd__clkbuf_16)
     6    0.021455    0.043094    0.128785    0.460885 ^ clkbuf_5_25__f_wr_clk/X (sky130_fd_sc_hd__clkbuf_16)
                                                         clknet_5_25__leaf_wr_clk (net)
                      0.043094    0.000179    0.461064 ^ _1148_/CLK (sky130_fd_sc_hd__dfxtp_2)
                                  0.100000    0.561064   clock uncertainty
                                  0.000000    0.561064   clock reconvergence pessimism
                                 -0.030216    0.530848   library hold time
                                              0.530848   data required time
---------------------------------------------------------------------------------------------
                                              0.530848   data required time
                                             -0.977412   data arrival time
---------------------------------------------------------------------------------------------
                                              0.446564   slack (MET)


Startpoint: _1155_ (rising edge-triggered flip-flop clocked by wr_clk)
Endpoint: _1155_ (rising edge-triggered flip-flop clocked by wr_clk)
Path Group: wr_clk
Path Type: min

Fanout         Cap        Slew       Delay        Time   Description
---------------------------------------------------------------------------------------------
                                  0.000000    0.000000   clock wr_clk (rise edge)
                                  0.000000    0.000000   clock source latency
     1    0.024374    0.000000    0.000000    0.000000 ^ wr_clk (in)
                                                         wr_clk (net)
                      0.001077    0.000538    0.000538 ^ clkbuf_0_wr_clk/A (sky130_fd_sc_hd__clkbuf_16)
    16    0.103304    0.118752    0.172854    0.173392 ^ clkbuf_0_wr_clk/X (sky130_fd_sc_hd__clkbuf_16)
                                                         clknet_0_wr_clk (net)
                      0.118782    0.001572    0.174964 ^ clkbuf_4_11_0_wr_clk/A (sky130_fd_sc_hd__clkbuf_8)
     2    0.017471    0.047469    0.155539    0.330504 ^ clkbuf_4_11_0_wr_clk/X (sky130_fd_sc_hd__clkbuf_8)
                                                         clknet_4_11_0_wr_clk (net)
                      0.047469    0.000161    0.330664 ^ clkbuf_5_22__f_wr_clk/A (sky130_fd_sc_hd__clkbuf_16)
     5    0.014498    0.037161    0.121066    0.451730 ^ clkbuf_5_22__f_wr_clk/X (sky130_fd_sc_hd__clkbuf_16)
                                                         clknet_5_22__leaf_wr_clk (net)
                      0.037161    0.000169    0.451900 ^ _1155_/CLK (sky130_fd_sc_hd__dfxtp_2)
     2    0.005573    0.041716    0.312400    0.764300 ^ _1155_/Q (sky130_fd_sc_hd__dfxtp_2)
                                                         u_fifomem.mem[5][5] (net)
                      0.041716    0.000049    0.764349 ^ _0987_/A0 (sky130_fd_sc_hd__mux2_2)
     1    0.002412    0.034984    0.129123    0.893472 ^ _0987_/X (sky130_fd_sc_hd__mux2_2)
                                                         _0476_ (net)
                      0.034984    0.000011    0.893483 ^ _0988_/A (sky130_fd_sc_hd__buf_1)
     1    0.002413    0.039889    0.073971    0.967453 ^ _0988_/X (sky130_fd_sc_hd__buf_1)
                                                         _0095_ (net)
                      0.039889    0.000026    0.967479 ^ _1155_/D (sky130_fd_sc_hd__dfxtp_2)
                                              0.967479   data arrival time

                                  0.000000    0.000000   clock wr_clk (rise edge)
                                  0.000000    0.000000   clock source latency
     1    0.024374    0.000000    0.000000    0.000000 ^ wr_clk (in)
                                                         wr_clk (net)
                      0.001077    0.000538    0.000538 ^ clkbuf_0_wr_clk/A (sky130_fd_sc_hd__clkbuf_16)
    16    0.103304    0.118752    0.172854    0.173392 ^ clkbuf_0_wr_clk/X (sky130_fd_sc_hd__clkbuf_16)
                                                         clknet_0_wr_clk (net)
                      0.118782    0.001572    0.174964 ^ clkbuf_4_11_0_wr_clk/A (sky130_fd_sc_hd__clkbuf_8)
     2    0.017471    0.047469    0.155539    0.330504 ^ clkbuf_4_11_0_wr_clk/X (sky130_fd_sc_hd__clkbuf_8)
                                                         clknet_4_11_0_wr_clk (net)
                      0.047469    0.000161    0.330664 ^ clkbuf_5_22__f_wr_clk/A (sky130_fd_sc_hd__clkbuf_16)
     5    0.014498    0.037161    0.121066    0.451730 ^ clkbuf_5_22__f_wr_clk/X (sky130_fd_sc_hd__clkbuf_16)
                                                         clknet_5_22__leaf_wr_clk (net)
                      0.037161    0.000169    0.451900 ^ _1155_/CLK (sky130_fd_sc_hd__dfxtp_2)
                                  0.100000    0.551900   clock uncertainty
                                  0.000000    0.551900   clock reconvergence pessimism
                                 -0.031162    0.520738   library hold time
                                              0.520738   data required time
---------------------------------------------------------------------------------------------
                                              0.520738   data required time
                                             -0.967479   data arrival time
---------------------------------------------------------------------------------------------
                                              0.446741   slack (MET)


Startpoint: _1162_ (rising edge-triggered flip-flop clocked by wr_clk)
Endpoint: _1162_ (rising edge-triggered flip-flop clocked by wr_clk)
Path Group: wr_clk
Path Type: min

Fanout         Cap        Slew       Delay        Time   Description
---------------------------------------------------------------------------------------------
                                  0.000000    0.000000   clock wr_clk (rise edge)
                                  0.000000    0.000000   clock source latency
     1    0.024374    0.000000    0.000000    0.000000 ^ wr_clk (in)
                                                         wr_clk (net)
                      0.001077    0.000538    0.000538 ^ clkbuf_0_wr_clk/A (sky130_fd_sc_hd__clkbuf_16)
    16    0.103304    0.118752    0.172854    0.173392 ^ clkbuf_0_wr_clk/X (sky130_fd_sc_hd__clkbuf_16)
                                                         clknet_0_wr_clk (net)
                      0.118789    0.001740    0.175132 ^ clkbuf_4_8_0_wr_clk/A (sky130_fd_sc_hd__clkbuf_8)
     2    0.019793    0.051123    0.158920    0.334052 ^ clkbuf_4_8_0_wr_clk/X (sky130_fd_sc_hd__clkbuf_8)
                                                         clknet_4_8_0_wr_clk (net)
                      0.051124    0.000263    0.334315 ^ clkbuf_5_16__f_wr_clk/A (sky130_fd_sc_hd__clkbuf_16)
     5    0.013219    0.036075    0.121156    0.455471 ^ clkbuf_5_16__f_wr_clk/X (sky130_fd_sc_hd__clkbuf_16)
                                                         clknet_5_16__leaf_wr_clk (net)
                      0.036075    0.000214    0.455685 ^ _1162_/CLK (sky130_fd_sc_hd__dfxtp_2)
     2    0.005032    0.039417    0.309978    0.765663 ^ _1162_/Q (sky130_fd_sc_hd__dfxtp_2)
                                                         u_fifomem.mem[6][4] (net)
                      0.039417    0.000036    0.765699 ^ _1002_/A0 (sky130_fd_sc_hd__mux2_2)
     1    0.002028    0.033297    0.126029    0.891727 ^ _1002_/X (sky130_fd_sc_hd__mux2_2)
                                                         _0484_ (net)
                      0.033297    0.000009    0.891736 ^ _1003_/A (sky130_fd_sc_hd__buf_2)
     1    0.002013    0.023668    0.082856    0.974592 ^ _1003_/X (sky130_fd_sc_hd__buf_2)
                                                         _0102_ (net)
                      0.023668    0.000018    0.974610 ^ _1162_/D (sky130_fd_sc_hd__dfxtp_2)
                                              0.974610   data arrival time

                                  0.000000    0.000000   clock wr_clk (rise edge)
                                  0.000000    0.000000   clock source latency
     1    0.024374    0.000000    0.000000    0.000000 ^ wr_clk (in)
                                                         wr_clk (net)
                      0.001077    0.000538    0.000538 ^ clkbuf_0_wr_clk/A (sky130_fd_sc_hd__clkbuf_16)
    16    0.103304    0.118752    0.172854    0.173392 ^ clkbuf_0_wr_clk/X (sky130_fd_sc_hd__clkbuf_16)
                                                         clknet_0_wr_clk (net)
                      0.118789    0.001740    0.175132 ^ clkbuf_4_8_0_wr_clk/A (sky130_fd_sc_hd__clkbuf_8)
     2    0.019793    0.051123    0.158920    0.334052 ^ clkbuf_4_8_0_wr_clk/X (sky130_fd_sc_hd__clkbuf_8)
                                                         clknet_4_8_0_wr_clk (net)
                      0.051124    0.000263    0.334315 ^ clkbuf_5_16__f_wr_clk/A (sky130_fd_sc_hd__clkbuf_16)
     5    0.013219    0.036075    0.121156    0.455471 ^ clkbuf_5_16__f_wr_clk/X (sky130_fd_sc_hd__clkbuf_16)
                                                         clknet_5_16__leaf_wr_clk (net)
                      0.036075    0.000214    0.455685 ^ _1162_/CLK (sky130_fd_sc_hd__dfxtp_2)
                                  0.100000    0.555685   clock uncertainty
                                  0.000000    0.555685   clock reconvergence pessimism
                                 -0.027942    0.527743   library hold time
                                              0.527743   data required time
---------------------------------------------------------------------------------------------
                                              0.527743   data required time
                                             -0.974610   data arrival time
---------------------------------------------------------------------------------------------
                                              0.446866   slack (MET)


Startpoint: _1083_ (rising edge-triggered flip-flop clocked by wr_clk)
Endpoint: _1083_ (rising edge-triggered flip-flop clocked by wr_clk)
Path Group: wr_clk
Path Type: min

Fanout         Cap        Slew       Delay        Time   Description
---------------------------------------------------------------------------------------------
                                  0.000000    0.000000   clock wr_clk (rise edge)
                                  0.000000    0.000000   clock source latency
     1    0.024374    0.000000    0.000000    0.000000 ^ wr_clk (in)
                                                         wr_clk (net)
                      0.001077    0.000538    0.000538 ^ clkbuf_0_wr_clk/A (sky130_fd_sc_hd__clkbuf_16)
    16    0.103304    0.118752    0.172854    0.173392 ^ clkbuf_0_wr_clk/X (sky130_fd_sc_hd__clkbuf_16)
                                                         clknet_0_wr_clk (net)
                      0.118799    0.001961    0.175353 ^ clkbuf_4_3_0_wr_clk/A (sky130_fd_sc_hd__clkbuf_8)
     2    0.019366    0.050447    0.158300    0.333653 ^ clkbuf_4_3_0_wr_clk/X (sky130_fd_sc_hd__clkbuf_8)
                                                         clknet_4_3_0_wr_clk (net)
                      0.050448    0.000263    0.333916 ^ clkbuf_5_7__f_wr_clk/A (sky130_fd_sc_hd__clkbuf_16)
     5    0.015654    0.038141    0.123253    0.457169 ^ clkbuf_5_7__f_wr_clk/X (sky130_fd_sc_hd__clkbuf_16)
                                                         clknet_5_7__leaf_wr_clk (net)
                      0.038141    0.000067    0.457236 ^ _1083_/CLK (sky130_fd_sc_hd__dfxtp_2)
     2    0.006022    0.043663    0.314440    0.771676 ^ _1083_/Q (sky130_fd_sc_hd__dfxtp_2)
                                                         u_fifomem.mem[11][5] (net)
                      0.043663    0.000045    0.771721 ^ _0830_/A1 (sky130_fd_sc_hd__mux2_2)
     1    0.002451    0.035109    0.130589    0.902310 ^ _0830_/X (sky130_fd_sc_hd__mux2_2)
                                                         _0391_ (net)
                      0.035109    0.000012    0.902321 ^ _0831_/A (sky130_fd_sc_hd__buf_1)
     1    0.002119    0.036763    0.071598    0.973920 ^ _0831_/X (sky130_fd_sc_hd__buf_1)
                                                         _0023_ (net)
                      0.036763    0.000019    0.973939 ^ _1083_/D (sky130_fd_sc_hd__dfxtp_2)
                                              0.973939   data arrival time

                                  0.000000    0.000000   clock wr_clk (rise edge)
                                  0.000000    0.000000   clock source latency
     1    0.024374    0.000000    0.000000    0.000000 ^ wr_clk (in)
                                                         wr_clk (net)
                      0.001077    0.000538    0.000538 ^ clkbuf_0_wr_clk/A (sky130_fd_sc_hd__clkbuf_16)
    16    0.103304    0.118752    0.172854    0.173392 ^ clkbuf_0_wr_clk/X (sky130_fd_sc_hd__clkbuf_16)
                                                         clknet_0_wr_clk (net)
                      0.118799    0.001961    0.175353 ^ clkbuf_4_3_0_wr_clk/A (sky130_fd_sc_hd__clkbuf_8)
     2    0.019366    0.050447    0.158300    0.333653 ^ clkbuf_4_3_0_wr_clk/X (sky130_fd_sc_hd__clkbuf_8)
                                                         clknet_4_3_0_wr_clk (net)
                      0.050448    0.000263    0.333916 ^ clkbuf_5_7__f_wr_clk/A (sky130_fd_sc_hd__clkbuf_16)
     5    0.015654    0.038141    0.123253    0.457169 ^ clkbuf_5_7__f_wr_clk/X (sky130_fd_sc_hd__clkbuf_16)
                                                         clknet_5_7__leaf_wr_clk (net)
                      0.038141    0.000067    0.457236 ^ _1083_/CLK (sky130_fd_sc_hd__dfxtp_2)
                                  0.100000    0.557236   clock uncertainty
                                  0.000000    0.557236   clock reconvergence pessimism
                                 -0.030385    0.526851   library hold time
                                              0.526851   data required time
---------------------------------------------------------------------------------------------
                                              0.526851   data required time
                                             -0.973939   data arrival time
---------------------------------------------------------------------------------------------
                                              0.447087   slack (MET)


Startpoint: _1160_ (rising edge-triggered flip-flop clocked by wr_clk)
Endpoint: _1160_ (rising edge-triggered flip-flop clocked by wr_clk)
Path Group: wr_clk
Path Type: min

Fanout         Cap        Slew       Delay        Time   Description
---------------------------------------------------------------------------------------------
                                  0.000000    0.000000   clock wr_clk (rise edge)
                                  0.000000    0.000000   clock source latency
     1    0.024374    0.000000    0.000000    0.000000 ^ wr_clk (in)
                                                         wr_clk (net)
                      0.001077    0.000538    0.000538 ^ clkbuf_0_wr_clk/A (sky130_fd_sc_hd__clkbuf_16)
    16    0.103304    0.118752    0.172854    0.173392 ^ clkbuf_0_wr_clk/X (sky130_fd_sc_hd__clkbuf_16)
                                                         clknet_0_wr_clk (net)
                      0.118853    0.002844    0.176237 ^ clkbuf_4_1_0_wr_clk/A (sky130_fd_sc_hd__clkbuf_8)
     2    0.017853    0.048064    0.156127    0.332364 ^ clkbuf_4_1_0_wr_clk/X (sky130_fd_sc_hd__clkbuf_8)
                                                         clknet_4_1_0_wr_clk (net)
                      0.048064    0.000191    0.332554 ^ clkbuf_5_2__f_wr_clk/A (sky130_fd_sc_hd__clkbuf_16)
     5    0.015686    0.038172    0.122372    0.454926 ^ clkbuf_5_2__f_wr_clk/X (sky130_fd_sc_hd__clkbuf_16)
                                                         clknet_5_2__leaf_wr_clk (net)
                      0.038178    0.000393    0.455319 ^ _1160_/CLK (sky130_fd_sc_hd__dfxtp_2)
     2    0.004979    0.039188    0.310558    0.765877 ^ _1160_/Q (sky130_fd_sc_hd__dfxtp_2)
                                                         u_fifomem.mem[6][2] (net)
                      0.039188    0.000035    0.765911 ^ _0998_/A0 (sky130_fd_sc_hd__mux2_2)
     1    0.002073    0.033494    0.126215    0.892127 ^ _0998_/X (sky130_fd_sc_hd__mux2_2)
                                                         _0482_ (net)
                      0.033494    0.000009    0.892136 ^ _0999_/A (sky130_fd_sc_hd__buf_2)
     1    0.001968    0.023489    0.082739    0.974875 ^ _0999_/X (sky130_fd_sc_hd__buf_2)
                                                         _0100_ (net)
                      0.023489    0.000017    0.974892 ^ _1160_/D (sky130_fd_sc_hd__dfxtp_2)
                                              0.974892   data arrival time

                                  0.000000    0.000000   clock wr_clk (rise edge)
                                  0.000000    0.000000   clock source latency
     1    0.024374    0.000000    0.000000    0.000000 ^ wr_clk (in)
                                                         wr_clk (net)
                      0.001077    0.000538    0.000538 ^ clkbuf_0_wr_clk/A (sky130_fd_sc_hd__clkbuf_16)
    16    0.103304    0.118752    0.172854    0.173392 ^ clkbuf_0_wr_clk/X (sky130_fd_sc_hd__clkbuf_16)
                                                         clknet_0_wr_clk (net)
                      0.118853    0.002844    0.176237 ^ clkbuf_4_1_0_wr_clk/A (sky130_fd_sc_hd__clkbuf_8)
     2    0.017853    0.048064    0.156127    0.332364 ^ clkbuf_4_1_0_wr_clk/X (sky130_fd_sc_hd__clkbuf_8)
                                                         clknet_4_1_0_wr_clk (net)
                      0.048064    0.000191    0.332554 ^ clkbuf_5_2__f_wr_clk/A (sky130_fd_sc_hd__clkbuf_16)
     5    0.015686    0.038172    0.122372    0.454926 ^ clkbuf_5_2__f_wr_clk/X (sky130_fd_sc_hd__clkbuf_16)
                                                         clknet_5_2__leaf_wr_clk (net)
                      0.038178    0.000393    0.455319 ^ _1160_/CLK (sky130_fd_sc_hd__dfxtp_2)
                                  0.100000    0.555319   clock uncertainty
                                  0.000000    0.555319   clock reconvergence pessimism
                                 -0.027629    0.527690   library hold time
                                              0.527690   data required time
---------------------------------------------------------------------------------------------
                                              0.527690   data required time
                                             -0.974892   data arrival time
---------------------------------------------------------------------------------------------
                                              0.447201   slack (MET)


Startpoint: _1135_ (rising edge-triggered flip-flop clocked by wr_clk)
Endpoint: _1135_ (rising edge-triggered flip-flop clocked by wr_clk)
Path Group: wr_clk
Path Type: min

Fanout         Cap        Slew       Delay        Time   Description
---------------------------------------------------------------------------------------------
                                  0.000000    0.000000   clock wr_clk (rise edge)
                                  0.000000    0.000000   clock source latency
     1    0.024374    0.000000    0.000000    0.000000 ^ wr_clk (in)
                                                         wr_clk (net)
                      0.001077    0.000538    0.000538 ^ clkbuf_0_wr_clk/A (sky130_fd_sc_hd__clkbuf_16)
    16    0.103304    0.118752    0.172854    0.173392 ^ clkbuf_0_wr_clk/X (sky130_fd_sc_hd__clkbuf_16)
                                                         clknet_0_wr_clk (net)
                      0.118788    0.001720    0.175112 ^ clkbuf_4_9_0_wr_clk/A (sky130_fd_sc_hd__clkbuf_8)
     2    0.018779    0.049532    0.157408    0.332520 ^ clkbuf_4_9_0_wr_clk/X (sky130_fd_sc_hd__clkbuf_8)
                                                         clknet_4_9_0_wr_clk (net)
                      0.049533    0.000287    0.332807 ^ clkbuf_5_18__f_wr_clk/A (sky130_fd_sc_hd__clkbuf_16)
     5    0.014405    0.037081    0.121731    0.454537 ^ clkbuf_5_18__f_wr_clk/X (sky130_fd_sc_hd__clkbuf_16)
                                                         clknet_5_18__leaf_wr_clk (net)
                      0.037081    0.000033    0.454570 ^ _1135_/CLK (sky130_fd_sc_hd__dfxtp_2)
     2    0.004679    0.037940    0.309028    0.763598 ^ _1135_/Q (sky130_fd_sc_hd__dfxtp_2)
                                                         u_fifomem.mem[3][1] (net)
                      0.037940    0.000047    0.763645 ^ _0944_/A0 (sky130_fd_sc_hd__mux2_2)
     1    0.002352    0.034721    0.127440    0.891085 ^ _0944_/X (sky130_fd_sc_hd__mux2_2)
                                                         _0453_ (net)
                      0.034721    0.000024    0.891109 ^ _0945_/A (sky130_fd_sc_hd__buf_2)
     1    0.001977    0.023522    0.083237    0.974346 ^ _0945_/X (sky130_fd_sc_hd__buf_2)
                                                         _0075_ (net)
                      0.023522    0.000017    0.974363 ^ _1135_/D (sky130_fd_sc_hd__dfxtp_2)
                                              0.974363   data arrival time

                                  0.000000    0.000000   clock wr_clk (rise edge)
                                  0.000000    0.000000   clock source latency
     1    0.024374    0.000000    0.000000    0.000000 ^ wr_clk (in)
                                                         wr_clk (net)
                      0.001077    0.000538    0.000538 ^ clkbuf_0_wr_clk/A (sky130_fd_sc_hd__clkbuf_16)
    16    0.103304    0.118752    0.172854    0.173392 ^ clkbuf_0_wr_clk/X (sky130_fd_sc_hd__clkbuf_16)
                                                         clknet_0_wr_clk (net)
                      0.118788    0.001720    0.175112 ^ clkbuf_4_9_0_wr_clk/A (sky130_fd_sc_hd__clkbuf_8)
     2    0.018779    0.049532    0.157408    0.332520 ^ clkbuf_4_9_0_wr_clk/X (sky130_fd_sc_hd__clkbuf_8)
                                                         clknet_4_9_0_wr_clk (net)
                      0.049533    0.000287    0.332807 ^ clkbuf_5_18__f_wr_clk/A (sky130_fd_sc_hd__clkbuf_16)
     5    0.014405    0.037081    0.121731    0.454537 ^ clkbuf_5_18__f_wr_clk/X (sky130_fd_sc_hd__clkbuf_16)
                                                         clknet_5_18__leaf_wr_clk (net)
                      0.037081    0.000033    0.454570 ^ _1135_/CLK (sky130_fd_sc_hd__dfxtp_2)
                                  0.100000    0.554570   clock uncertainty
                                  0.000000    0.554570   clock reconvergence pessimism
                                 -0.027779    0.526791   library hold time
                                              0.526791   data required time
---------------------------------------------------------------------------------------------
                                              0.526791   data required time
                                             -0.974363   data arrival time
---------------------------------------------------------------------------------------------
                                              0.447572   slack (MET)


Startpoint: _1166_ (rising edge-triggered flip-flop clocked by wr_clk)
Endpoint: _1166_ (rising edge-triggered flip-flop clocked by wr_clk)
Path Group: wr_clk
Path Type: min

Fanout         Cap        Slew       Delay        Time   Description
---------------------------------------------------------------------------------------------
                                  0.000000    0.000000   clock wr_clk (rise edge)
                                  0.000000    0.000000   clock source latency
     1    0.024374    0.000000    0.000000    0.000000 ^ wr_clk (in)
                                                         wr_clk (net)
                      0.001077    0.000538    0.000538 ^ clkbuf_0_wr_clk/A (sky130_fd_sc_hd__clkbuf_16)
    16    0.103304    0.118752    0.172854    0.173392 ^ clkbuf_0_wr_clk/X (sky130_fd_sc_hd__clkbuf_16)
                                                         clknet_0_wr_clk (net)
                      0.118853    0.002844    0.176237 ^ clkbuf_4_1_0_wr_clk/A (sky130_fd_sc_hd__clkbuf_8)
     2    0.017853    0.048064    0.156127    0.332364 ^ clkbuf_4_1_0_wr_clk/X (sky130_fd_sc_hd__clkbuf_8)
                                                         clknet_4_1_0_wr_clk (net)
                      0.048064    0.000146    0.332509 ^ clkbuf_5_3__f_wr_clk/A (sky130_fd_sc_hd__clkbuf_16)
     5    0.012865    0.035771    0.119737    0.452246 ^ clkbuf_5_3__f_wr_clk/X (sky130_fd_sc_hd__clkbuf_16)
                                                         clknet_5_3__leaf_wr_clk (net)
                      0.035771    0.000023    0.452269 ^ _1166_/CLK (sky130_fd_sc_hd__dfxtp_2)
     2    0.004656    0.037846    0.308457    0.760726 ^ _1166_/Q (sky130_fd_sc_hd__dfxtp_2)
                                                         u_fifomem.mem[7][0] (net)
                      0.037846    0.000034    0.760760 ^ _1011_/A1 (sky130_fd_sc_hd__mux2_2)
     1    0.002913    0.036859    0.131377    0.892136 ^ _1011_/X (sky130_fd_sc_hd__mux2_2)
                                                         _0489_ (net)
                      0.036859    0.000031    0.892167 ^ _1012_/A (sky130_fd_sc_hd__buf_1)
     1    0.002614    0.042037    0.076265    0.968432 ^ _1012_/X (sky130_fd_sc_hd__buf_1)
                                                         _0106_ (net)
                      0.042037    0.000028    0.968460 ^ _1166_/D (sky130_fd_sc_hd__dfxtp_2)
                                              0.968460   data arrival time

                                  0.000000    0.000000   clock wr_clk (rise edge)
                                  0.000000    0.000000   clock source latency
     1    0.024374    0.000000    0.000000    0.000000 ^ wr_clk (in)
                                                         wr_clk (net)
                      0.001077    0.000538    0.000538 ^ clkbuf_0_wr_clk/A (sky130_fd_sc_hd__clkbuf_16)
    16    0.103304    0.118752    0.172854    0.173392 ^ clkbuf_0_wr_clk/X (sky130_fd_sc_hd__clkbuf_16)
                                                         clknet_0_wr_clk (net)
                      0.118853    0.002844    0.176237 ^ clkbuf_4_1_0_wr_clk/A (sky130_fd_sc_hd__clkbuf_8)
     2    0.017853    0.048064    0.156127    0.332364 ^ clkbuf_4_1_0_wr_clk/X (sky130_fd_sc_hd__clkbuf_8)
                                                         clknet_4_1_0_wr_clk (net)
                      0.048064    0.000146    0.332509 ^ clkbuf_5_3__f_wr_clk/A (sky130_fd_sc_hd__clkbuf_16)
     5    0.012865    0.035771    0.119737    0.452246 ^ clkbuf_5_3__f_wr_clk/X (sky130_fd_sc_hd__clkbuf_16)
                                                         clknet_5_3__leaf_wr_clk (net)
                      0.035771    0.000023    0.452269 ^ _1166_/CLK (sky130_fd_sc_hd__dfxtp_2)
                                  0.100000    0.552269   clock uncertainty
                                  0.000000    0.552269   clock reconvergence pessimism
                                 -0.031790    0.520479   library hold time
                                              0.520479   data required time
---------------------------------------------------------------------------------------------
                                              0.520479   data required time
                                             -0.968460   data arrival time
---------------------------------------------------------------------------------------------
                                              0.447981   slack (MET)


Startpoint: _1085_ (rising edge-triggered flip-flop clocked by wr_clk)
Endpoint: _1085_ (rising edge-triggered flip-flop clocked by wr_clk)
Path Group: wr_clk
Path Type: min

Fanout         Cap        Slew       Delay        Time   Description
---------------------------------------------------------------------------------------------
                                  0.000000    0.000000   clock wr_clk (rise edge)
                                  0.000000    0.000000   clock source latency
     1    0.024374    0.000000    0.000000    0.000000 ^ wr_clk (in)
                                                         wr_clk (net)
                      0.001077    0.000538    0.000538 ^ clkbuf_0_wr_clk/A (sky130_fd_sc_hd__clkbuf_16)
    16    0.103304    0.118752    0.172854    0.173392 ^ clkbuf_0_wr_clk/X (sky130_fd_sc_hd__clkbuf_16)
                                                         clknet_0_wr_clk (net)
                      0.118891    0.003312    0.176704 ^ clkbuf_4_4_0_wr_clk/A (sky130_fd_sc_hd__clkbuf_8)
     2    0.018673    0.049333    0.157368    0.334072 ^ clkbuf_4_4_0_wr_clk/X (sky130_fd_sc_hd__clkbuf_8)
                                                         clknet_4_4_0_wr_clk (net)
                      0.049333    0.000185    0.334257 ^ clkbuf_5_8__f_wr_clk/A (sky130_fd_sc_hd__clkbuf_16)
     5    0.013038    0.035919    0.120350    0.454607 ^ clkbuf_5_8__f_wr_clk/X (sky130_fd_sc_hd__clkbuf_16)
                                                         clknet_5_8__leaf_wr_clk (net)
                      0.035919    0.000165    0.454772 ^ _1085_/CLK (sky130_fd_sc_hd__dfxtp_2)
     2    0.005487    0.041351    0.311625    0.766397 ^ _1085_/Q (sky130_fd_sc_hd__dfxtp_2)
                                                         u_fifomem.mem[11][7] (net)
                      0.041351    0.000044    0.766441 ^ _0834_/A1 (sky130_fd_sc_hd__mux2_2)
     1    0.003246    0.038568    0.134536    0.900977 ^ _0834_/X (sky130_fd_sc_hd__mux2_2)
                                                         _0393_ (net)
                      0.038568    0.000038    0.901015 ^ _0835_/A (sky130_fd_sc_hd__buf_1)
     1    0.001934    0.035971    0.071286    0.972301 ^ _0835_/X (sky130_fd_sc_hd__buf_1)
                                                         _0025_ (net)
                      0.035971    0.000009    0.972310 ^ _1085_/D (sky130_fd_sc_hd__dfxtp_2)
                                              0.972310   data arrival time

                                  0.000000    0.000000   clock wr_clk (rise edge)
                                  0.000000    0.000000   clock source latency
     1    0.024374    0.000000    0.000000    0.000000 ^ wr_clk (in)
                                                         wr_clk (net)
                      0.001077    0.000538    0.000538 ^ clkbuf_0_wr_clk/A (sky130_fd_sc_hd__clkbuf_16)
    16    0.103304    0.118752    0.172854    0.173392 ^ clkbuf_0_wr_clk/X (sky130_fd_sc_hd__clkbuf_16)
                                                         clknet_0_wr_clk (net)
                      0.118891    0.003312    0.176704 ^ clkbuf_4_4_0_wr_clk/A (sky130_fd_sc_hd__clkbuf_8)
     2    0.018673    0.049333    0.157368    0.334072 ^ clkbuf_4_4_0_wr_clk/X (sky130_fd_sc_hd__clkbuf_8)
                                                         clknet_4_4_0_wr_clk (net)
                      0.049333    0.000185    0.334257 ^ clkbuf_5_8__f_wr_clk/A (sky130_fd_sc_hd__clkbuf_16)
     5    0.013038    0.035919    0.120350    0.454607 ^ clkbuf_5_8__f_wr_clk/X (sky130_fd_sc_hd__clkbuf_16)
                                                         clknet_5_8__leaf_wr_clk (net)
                      0.035919    0.000165    0.454772 ^ _1085_/CLK (sky130_fd_sc_hd__dfxtp_2)
                                  0.100000    0.554772   clock uncertainty
                                  0.000000    0.554772   clock reconvergence pessimism
                                 -0.030513    0.524260   library hold time
                                              0.524260   data required time
---------------------------------------------------------------------------------------------
                                              0.524260   data required time
                                             -0.972310   data arrival time
---------------------------------------------------------------------------------------------
                                              0.448050   slack (MET)


Startpoint: _1066_ (rising edge-triggered flip-flop clocked by wr_clk)
Endpoint: _1066_ (rising edge-triggered flip-flop clocked by wr_clk)
Path Group: wr_clk
Path Type: min

Fanout         Cap        Slew       Delay        Time   Description
---------------------------------------------------------------------------------------------
                                  0.000000    0.000000   clock wr_clk (rise edge)
                                  0.000000    0.000000   clock source latency
     1    0.024374    0.000000    0.000000    0.000000 ^ wr_clk (in)
                                                         wr_clk (net)
                      0.001077    0.000538    0.000538 ^ clkbuf_0_wr_clk/A (sky130_fd_sc_hd__clkbuf_16)
    16    0.103304    0.118752    0.172854    0.173392 ^ clkbuf_0_wr_clk/X (sky130_fd_sc_hd__clkbuf_16)
                                                         clknet_0_wr_clk (net)
                      0.118854    0.002852    0.176244 ^ clkbuf_4_0_0_wr_clk/A (sky130_fd_sc_hd__clkbuf_8)
     2    0.018188    0.048610    0.156555    0.332799 ^ clkbuf_4_0_0_wr_clk/X (sky130_fd_sc_hd__clkbuf_8)
                                                         clknet_4_0_0_wr_clk (net)
                      0.048611    0.000330    0.333129 ^ clkbuf_5_1__f_wr_clk/A (sky130_fd_sc_hd__clkbuf_16)
     5    0.015170    0.037736    0.122061    0.455190 ^ clkbuf_5_1__f_wr_clk/X (sky130_fd_sc_hd__clkbuf_16)
                                                         clknet_5_1__leaf_wr_clk (net)
                      0.037736    0.000347    0.455537 ^ _1066_/CLK (sky130_fd_sc_hd__dfxtp_2)
     2    0.005388    0.040925    0.311922    0.767459 ^ _1066_/Q (sky130_fd_sc_hd__dfxtp_2)
                                                         u_fifomem.mem[0][4] (net)
                      0.040925    0.000052    0.767512 ^ _0794_/A0 (sky130_fd_sc_hd__mux2_2)
     1    0.002746    0.036209    0.130838    0.898350 ^ _0794_/X (sky130_fd_sc_hd__mux2_2)
                                                         _0372_ (net)
                      0.036209    0.000016    0.898366 ^ _0795_/A (sky130_fd_sc_hd__buf_1)
     1    0.002387    0.039607    0.074178    0.972544 ^ _0795_/X (sky130_fd_sc_hd__buf_1)
                                                         _0006_ (net)
                      0.039607    0.000025    0.972569 ^ _1066_/D (sky130_fd_sc_hd__dfxtp_2)
                                              0.972569   data arrival time

                                  0.000000    0.000000   clock wr_clk (rise edge)
                                  0.000000    0.000000   clock source latency
     1    0.024374    0.000000    0.000000    0.000000 ^ wr_clk (in)
                                                         wr_clk (net)
                      0.001077    0.000538    0.000538 ^ clkbuf_0_wr_clk/A (sky130_fd_sc_hd__clkbuf_16)
    16    0.103304    0.118752    0.172854    0.173392 ^ clkbuf_0_wr_clk/X (sky130_fd_sc_hd__clkbuf_16)
                                                         clknet_0_wr_clk (net)
                      0.118854    0.002852    0.176244 ^ clkbuf_4_0_0_wr_clk/A (sky130_fd_sc_hd__clkbuf_8)
     2    0.018188    0.048610    0.156555    0.332799 ^ clkbuf_4_0_0_wr_clk/X (sky130_fd_sc_hd__clkbuf_8)
                                                         clknet_4_0_0_wr_clk (net)
                      0.048611    0.000330    0.333129 ^ clkbuf_5_1__f_wr_clk/A (sky130_fd_sc_hd__clkbuf_16)
     5    0.015170    0.037736    0.122061    0.455190 ^ clkbuf_5_1__f_wr_clk/X (sky130_fd_sc_hd__clkbuf_16)
                                                         clknet_5_1__leaf_wr_clk (net)
                      0.037736    0.000347    0.455537 ^ _1066_/CLK (sky130_fd_sc_hd__dfxtp_2)
                                  0.100000    0.555537   clock uncertainty
                                  0.000000    0.555537   clock reconvergence pessimism
                                 -0.031028    0.524509   library hold time
                                              0.524509   data required time
---------------------------------------------------------------------------------------------
                                              0.524509   data required time
                                             -0.972569   data arrival time
---------------------------------------------------------------------------------------------
                                              0.448060   slack (MET)


Startpoint: _1091_ (rising edge-triggered flip-flop clocked by wr_clk)
Endpoint: _1091_ (rising edge-triggered flip-flop clocked by wr_clk)
Path Group: wr_clk
Path Type: min

Fanout         Cap        Slew       Delay        Time   Description
---------------------------------------------------------------------------------------------
                                  0.000000    0.000000   clock wr_clk (rise edge)
                                  0.000000    0.000000   clock source latency
     1    0.024374    0.000000    0.000000    0.000000 ^ wr_clk (in)
                                                         wr_clk (net)
                      0.001077    0.000538    0.000538 ^ clkbuf_0_wr_clk/A (sky130_fd_sc_hd__clkbuf_16)
    16    0.103304    0.118752    0.172854    0.173392 ^ clkbuf_0_wr_clk/X (sky130_fd_sc_hd__clkbuf_16)
                                                         clknet_0_wr_clk (net)
                      0.118909    0.003519    0.176911 ^ clkbuf_4_6_0_wr_clk/A (sky130_fd_sc_hd__clkbuf_8)
     2    0.018259    0.048694    0.156750    0.333662 ^ clkbuf_4_6_0_wr_clk/X (sky130_fd_sc_hd__clkbuf_8)
                                                         clknet_4_6_0_wr_clk (net)
                      0.048694    0.000157    0.333818 ^ clkbuf_5_12__f_wr_clk/A (sky130_fd_sc_hd__clkbuf_16)
     5    0.014556    0.037209    0.121581    0.455399 ^ clkbuf_5_12__f_wr_clk/X (sky130_fd_sc_hd__clkbuf_16)
                                                         clknet_5_12__leaf_wr_clk (net)
                      0.037209    0.000081    0.455480 ^ _1091_/CLK (sky130_fd_sc_hd__dfxtp_2)
     2    0.005527    0.041520    0.312246    0.767726 ^ _1091_/Q (sky130_fd_sc_hd__dfxtp_2)
                                                         u_fifomem.mem[12][5] (net)
                      0.041520    0.000051    0.767778 ^ _0848_/A0 (sky130_fd_sc_hd__mux2_2)
     1    0.002378    0.034837    0.128856    0.896633 ^ _0848_/X (sky130_fd_sc_hd__mux2_2)
                                                         _0401_ (net)
                      0.034837    0.000009    0.896643 ^ _0849_/A (sky130_fd_sc_hd__buf_1)
     1    0.002626    0.042172    0.075666    0.972308 ^ _0849_/X (sky130_fd_sc_hd__buf_1)
                                                         _0031_ (net)
                      0.042172    0.000029    0.972337 ^ _1091_/D (sky130_fd_sc_hd__dfxtp_2)
                                              0.972337   data arrival time

                                  0.000000    0.000000   clock wr_clk (rise edge)
                                  0.000000    0.000000   clock source latency
     1    0.024374    0.000000    0.000000    0.000000 ^ wr_clk (in)
                                                         wr_clk (net)
                      0.001077    0.000538    0.000538 ^ clkbuf_0_wr_clk/A (sky130_fd_sc_hd__clkbuf_16)
    16    0.103304    0.118752    0.172854    0.173392 ^ clkbuf_0_wr_clk/X (sky130_fd_sc_hd__clkbuf_16)
                                                         clknet_0_wr_clk (net)
                      0.118909    0.003519    0.176911 ^ clkbuf_4_6_0_wr_clk/A (sky130_fd_sc_hd__clkbuf_8)
     2    0.018259    0.048694    0.156750    0.333662 ^ clkbuf_4_6_0_wr_clk/X (sky130_fd_sc_hd__clkbuf_8)
                                                         clknet_4_6_0_wr_clk (net)
                      0.048694    0.000157    0.333818 ^ clkbuf_5_12__f_wr_clk/A (sky130_fd_sc_hd__clkbuf_16)
     5    0.014556    0.037209    0.121581    0.455399 ^ clkbuf_5_12__f_wr_clk/X (sky130_fd_sc_hd__clkbuf_16)
                                                         clknet_5_12__leaf_wr_clk (net)
                      0.037209    0.000081    0.455480 ^ _1091_/CLK (sky130_fd_sc_hd__dfxtp_2)
                                  0.100000    0.555480   clock uncertainty
                                  0.000000    0.555480   clock reconvergence pessimism
                                 -0.031629    0.523851   library hold time
                                              0.523851   data required time
---------------------------------------------------------------------------------------------
                                              0.523851   data required time
                                             -0.972337   data arrival time
---------------------------------------------------------------------------------------------
                                              0.448486   slack (MET)


Startpoint: _1143_ (rising edge-triggered flip-flop clocked by wr_clk)
Endpoint: _1143_ (rising edge-triggered flip-flop clocked by wr_clk)
Path Group: wr_clk
Path Type: min

Fanout         Cap        Slew       Delay        Time   Description
---------------------------------------------------------------------------------------------
                                  0.000000    0.000000   clock wr_clk (rise edge)
                                  0.000000    0.000000   clock source latency
     1    0.024374    0.000000    0.000000    0.000000 ^ wr_clk (in)
                                                         wr_clk (net)
                      0.001077    0.000538    0.000538 ^ clkbuf_0_wr_clk/A (sky130_fd_sc_hd__clkbuf_16)
    16    0.103304    0.118752    0.172854    0.173392 ^ clkbuf_0_wr_clk/X (sky130_fd_sc_hd__clkbuf_16)
                                                         clknet_0_wr_clk (net)
                      0.118752    0.000073    0.173465 ^ clkbuf_4_12_0_wr_clk/A (sky130_fd_sc_hd__clkbuf_8)
     2    0.019367    0.050450    0.158281    0.331746 ^ clkbuf_4_12_0_wr_clk/X (sky130_fd_sc_hd__clkbuf_8)
                                                         clknet_4_12_0_wr_clk (net)
                      0.050450    0.000275    0.332021 ^ clkbuf_5_24__f_wr_clk/A (sky130_fd_sc_hd__clkbuf_16)
     5    0.013695    0.036478    0.121388    0.453409 ^ clkbuf_5_24__f_wr_clk/X (sky130_fd_sc_hd__clkbuf_16)
                                                         clknet_5_24__leaf_wr_clk (net)
                      0.036478    0.000063    0.453472 ^ _1143_/CLK (sky130_fd_sc_hd__dfxtp_2)
     2    0.005101    0.039706    0.310383    0.763856 ^ _1143_/Q (sky130_fd_sc_hd__dfxtp_2)
                                                         u_fifomem.mem[4][1] (net)
                      0.039706    0.000047    0.763902 ^ _0962_/A0 (sky130_fd_sc_hd__mux2_2)
     1    0.002556    0.035512    0.129272    0.893174 ^ _0962_/X (sky130_fd_sc_hd__mux2_2)
                                                         _0463_ (net)
                      0.035512    0.000023    0.893196 ^ _0963_/A (sky130_fd_sc_hd__buf_1)
     1    0.002733    0.043332    0.076783    0.969979 ^ _0963_/X (sky130_fd_sc_hd__buf_1)
                                                         _0083_ (net)
                      0.043332    0.000031    0.970010 ^ _1143_/D (sky130_fd_sc_hd__dfxtp_2)
                                              0.970010   data arrival time

                                  0.000000    0.000000   clock wr_clk (rise edge)
                                  0.000000    0.000000   clock source latency
     1    0.024374    0.000000    0.000000    0.000000 ^ wr_clk (in)
                                                         wr_clk (net)
                      0.001077    0.000538    0.000538 ^ clkbuf_0_wr_clk/A (sky130_fd_sc_hd__clkbuf_16)
    16    0.103304    0.118752    0.172854    0.173392 ^ clkbuf_0_wr_clk/X (sky130_fd_sc_hd__clkbuf_16)
                                                         clknet_0_wr_clk (net)
                      0.118752    0.000073    0.173465 ^ clkbuf_4_12_0_wr_clk/A (sky130_fd_sc_hd__clkbuf_8)
     2    0.019367    0.050450    0.158281    0.331746 ^ clkbuf_4_12_0_wr_clk/X (sky130_fd_sc_hd__clkbuf_8)
                                                         clknet_4_12_0_wr_clk (net)
                      0.050450    0.000275    0.332021 ^ clkbuf_5_24__f_wr_clk/A (sky130_fd_sc_hd__clkbuf_16)
     5    0.013695    0.036478    0.121388    0.453409 ^ clkbuf_5_24__f_wr_clk/X (sky130_fd_sc_hd__clkbuf_16)
                                                         clknet_5_24__leaf_wr_clk (net)
                      0.036478    0.000063    0.453472 ^ _1143_/CLK (sky130_fd_sc_hd__dfxtp_2)
                                  0.100000    0.553472   clock uncertainty
                                  0.000000    0.553472   clock reconvergence pessimism
                                 -0.031966    0.521507   library hold time
                                              0.521507   data required time
---------------------------------------------------------------------------------------------
                                              0.521507   data required time
                                             -0.970010   data arrival time
---------------------------------------------------------------------------------------------
                                              0.448504   slack (MET)


Startpoint: _1106_ (rising edge-triggered flip-flop clocked by wr_clk)
Endpoint: _1106_ (rising edge-triggered flip-flop clocked by wr_clk)
Path Group: wr_clk
Path Type: min

Fanout         Cap        Slew       Delay        Time   Description
---------------------------------------------------------------------------------------------
                                  0.000000    0.000000   clock wr_clk (rise edge)
                                  0.000000    0.000000   clock source latency
     1    0.024374    0.000000    0.000000    0.000000 ^ wr_clk (in)
                                                         wr_clk (net)
                      0.001077    0.000538    0.000538 ^ clkbuf_0_wr_clk/A (sky130_fd_sc_hd__clkbuf_16)
    16    0.103304    0.118752    0.172854    0.173392 ^ clkbuf_0_wr_clk/X (sky130_fd_sc_hd__clkbuf_16)
                                                         clknet_0_wr_clk (net)
                      0.118829    0.002489    0.175881 ^ clkbuf_4_2_0_wr_clk/A (sky130_fd_sc_hd__clkbuf_8)
     2    0.018786    0.049496    0.157546    0.333427 ^ clkbuf_4_2_0_wr_clk/X (sky130_fd_sc_hd__clkbuf_8)
                                                         clknet_4_2_0_wr_clk (net)
                      0.049496    0.000083    0.333510 ^ clkbuf_5_5__f_wr_clk/A (sky130_fd_sc_hd__clkbuf_16)
     5    0.015741    0.038216    0.122971    0.456482 ^ clkbuf_5_5__f_wr_clk/X (sky130_fd_sc_hd__clkbuf_16)
                                                         clknet_5_5__leaf_wr_clk (net)
                      0.038216    0.000231    0.456713 ^ _1106_/CLK (sky130_fd_sc_hd__dfxtp_2)
     2    0.005028    0.039393    0.310752    0.767465 ^ _1106_/Q (sky130_fd_sc_hd__dfxtp_2)
                                                         u_fifomem.mem[14][4] (net)
                      0.039393    0.000045    0.767510 ^ _0882_/A0 (sky130_fd_sc_hd__mux2_2)
     1    0.002121    0.033703    0.126574    0.894083 ^ _0882_/X (sky130_fd_sc_hd__mux2_2)
                                                         _0420_ (net)
                      0.033703    0.000010    0.894093 ^ _0883_/A (sky130_fd_sc_hd__buf_2)
     1    0.002099    0.024012    0.083375    0.977469 ^ _0883_/X (sky130_fd_sc_hd__buf_2)
                                                         _0046_ (net)
                      0.024012    0.000019    0.977488 ^ _1106_/D (sky130_fd_sc_hd__dfxtp_2)
                                              0.977488   data arrival time

                                  0.000000    0.000000   clock wr_clk (rise edge)
                                  0.000000    0.000000   clock source latency
     1    0.024374    0.000000    0.000000    0.000000 ^ wr_clk (in)
                                                         wr_clk (net)
                      0.001077    0.000538    0.000538 ^ clkbuf_0_wr_clk/A (sky130_fd_sc_hd__clkbuf_16)
    16    0.103304    0.118752    0.172854    0.173392 ^ clkbuf_0_wr_clk/X (sky130_fd_sc_hd__clkbuf_16)
                                                         clknet_0_wr_clk (net)
                      0.118829    0.002489    0.175881 ^ clkbuf_4_2_0_wr_clk/A (sky130_fd_sc_hd__clkbuf_8)
     2    0.018786    0.049496    0.157546    0.333427 ^ clkbuf_4_2_0_wr_clk/X (sky130_fd_sc_hd__clkbuf_8)
                                                         clknet_4_2_0_wr_clk (net)
                      0.049496    0.000083    0.333510 ^ clkbuf_5_5__f_wr_clk/A (sky130_fd_sc_hd__clkbuf_16)
     5    0.015741    0.038216    0.122971    0.456482 ^ clkbuf_5_5__f_wr_clk/X (sky130_fd_sc_hd__clkbuf_16)
                                                         clknet_5_5__leaf_wr_clk (net)
                      0.038216    0.000231    0.456713 ^ _1106_/CLK (sky130_fd_sc_hd__dfxtp_2)
                                  0.100000    0.556713   clock uncertainty
                                  0.000000    0.556713   clock reconvergence pessimism
                                 -0.027732    0.528981   library hold time
                                              0.528981   data required time
---------------------------------------------------------------------------------------------
                                              0.528981   data required time
                                             -0.977488   data arrival time
---------------------------------------------------------------------------------------------
                                              0.448507   slack (MET)


Startpoint: _1172_ (rising edge-triggered flip-flop clocked by wr_clk)
Endpoint: _1172_ (rising edge-triggered flip-flop clocked by wr_clk)
Path Group: wr_clk
Path Type: min

Fanout         Cap        Slew       Delay        Time   Description
---------------------------------------------------------------------------------------------
                                  0.000000    0.000000   clock wr_clk (rise edge)
                                  0.000000    0.000000   clock source latency
     1    0.024374    0.000000    0.000000    0.000000 ^ wr_clk (in)
                                                         wr_clk (net)
                      0.001077    0.000538    0.000538 ^ clkbuf_0_wr_clk/A (sky130_fd_sc_hd__clkbuf_16)
    16    0.103304    0.118752    0.172854    0.173392 ^ clkbuf_0_wr_clk/X (sky130_fd_sc_hd__clkbuf_16)
                                                         clknet_0_wr_clk (net)
                      0.118752    0.000073    0.173465 ^ clkbuf_4_12_0_wr_clk/A (sky130_fd_sc_hd__clkbuf_8)
     2    0.019367    0.050450    0.158281    0.331746 ^ clkbuf_4_12_0_wr_clk/X (sky130_fd_sc_hd__clkbuf_8)
                                                         clknet_4_12_0_wr_clk (net)
                      0.050450    0.000275    0.332021 ^ clkbuf_5_24__f_wr_clk/A (sky130_fd_sc_hd__clkbuf_16)
     5    0.013695    0.036478    0.121388    0.453409 ^ clkbuf_5_24__f_wr_clk/X (sky130_fd_sc_hd__clkbuf_16)
                                                         clknet_5_24__leaf_wr_clk (net)
                      0.036478    0.000125    0.453534 ^ _1172_/CLK (sky130_fd_sc_hd__dfxtp_2)
     2    0.005158    0.039949    0.310600    0.764134 ^ _1172_/Q (sky130_fd_sc_hd__dfxtp_2)
                                                         u_fifomem.mem[7][6] (net)
                      0.039949    0.000042    0.764177 ^ _1023_/A1 (sky130_fd_sc_hd__mux2_2)
     1    0.002835    0.036557    0.131622    0.895798 ^ _1023_/X (sky130_fd_sc_hd__mux2_2)
                                                         _0495_ (net)
                      0.036557    0.000030    0.895828 ^ _1024_/A (sky130_fd_sc_hd__buf_1)
     1    0.002462    0.040413    0.074917    0.970745 ^ _1024_/X (sky130_fd_sc_hd__buf_1)
                                                         _0112_ (net)
                      0.040413    0.000026    0.970771 ^ _1172_/D (sky130_fd_sc_hd__dfxtp_2)
                                              0.970771   data arrival time

                                  0.000000    0.000000   clock wr_clk (rise edge)
                                  0.000000    0.000000   clock source latency
     1    0.024374    0.000000    0.000000    0.000000 ^ wr_clk (in)
                                                         wr_clk (net)
                      0.001077    0.000538    0.000538 ^ clkbuf_0_wr_clk/A (sky130_fd_sc_hd__clkbuf_16)
    16    0.103304    0.118752    0.172854    0.173392 ^ clkbuf_0_wr_clk/X (sky130_fd_sc_hd__clkbuf_16)
                                                         clknet_0_wr_clk (net)
                      0.118752    0.000073    0.173465 ^ clkbuf_4_12_0_wr_clk/A (sky130_fd_sc_hd__clkbuf_8)
     2    0.019367    0.050450    0.158281    0.331746 ^ clkbuf_4_12_0_wr_clk/X (sky130_fd_sc_hd__clkbuf_8)
                                                         clknet_4_12_0_wr_clk (net)
                      0.050450    0.000275    0.332021 ^ clkbuf_5_24__f_wr_clk/A (sky130_fd_sc_hd__clkbuf_16)
     5    0.013695    0.036478    0.121388    0.453409 ^ clkbuf_5_24__f_wr_clk/X (sky130_fd_sc_hd__clkbuf_16)
                                                         clknet_5_24__leaf_wr_clk (net)
                      0.036478    0.000125    0.453534 ^ _1172_/CLK (sky130_fd_sc_hd__dfxtp_2)
                                  0.100000    0.553534   clock uncertainty
                                  0.000000    0.553534   clock reconvergence pessimism
                                 -0.031361    0.522174   library hold time
                                              0.522174   data required time
---------------------------------------------------------------------------------------------
                                              0.522174   data required time
                                             -0.970771   data arrival time
---------------------------------------------------------------------------------------------
                                              0.448597   slack (MET)


Startpoint: _1079_ (rising edge-triggered flip-flop clocked by wr_clk)
Endpoint: _1079_ (rising edge-triggered flip-flop clocked by wr_clk)
Path Group: wr_clk
Path Type: min

Fanout         Cap        Slew       Delay        Time   Description
---------------------------------------------------------------------------------------------
                                  0.000000    0.000000   clock wr_clk (rise edge)
                                  0.000000    0.000000   clock source latency
     1    0.024374    0.000000    0.000000    0.000000 ^ wr_clk (in)
                                                         wr_clk (net)
                      0.001077    0.000538    0.000538 ^ clkbuf_0_wr_clk/A (sky130_fd_sc_hd__clkbuf_16)
    16    0.103304    0.118752    0.172854    0.173392 ^ clkbuf_0_wr_clk/X (sky130_fd_sc_hd__clkbuf_16)
                                                         clknet_0_wr_clk (net)
                      0.118911    0.003540    0.176932 ^ clkbuf_4_7_0_wr_clk/A (sky130_fd_sc_hd__clkbuf_8)
     2    0.018555    0.049139    0.157224    0.334157 ^ clkbuf_4_7_0_wr_clk/X (sky130_fd_sc_hd__clkbuf_8)
                                                         clknet_4_7_0_wr_clk (net)
                      0.049139    0.000035    0.334192 ^ clkbuf_5_14__f_wr_clk/A (sky130_fd_sc_hd__clkbuf_16)
     5    0.013697    0.036478    0.120925    0.455116 ^ clkbuf_5_14__f_wr_clk/X (sky130_fd_sc_hd__clkbuf_16)
                                                         clknet_5_14__leaf_wr_clk (net)
                      0.036478    0.000044    0.455161 ^ _1079_/CLK (sky130_fd_sc_hd__dfxtp_2)
     2    0.005076    0.039599    0.310283    0.765444 ^ _1079_/Q (sky130_fd_sc_hd__dfxtp_2)
                                                         u_fifomem.mem[11][1] (net)
                      0.039599    0.000058    0.765502 ^ _0822_/A1 (sky130_fd_sc_hd__mux2_2)
     1    0.002616    0.035732    0.130197    0.895698 ^ _0822_/X (sky130_fd_sc_hd__mux2_2)
                                                         _0387_ (net)
                      0.035732    0.000024    0.895723 ^ _0823_/A (sky130_fd_sc_hd__buf_1)
     1    0.002668    0.042631    0.076324    0.972046 ^ _0823_/X (sky130_fd_sc_hd__buf_1)
                                                         _0019_ (net)
                      0.042631    0.000032    0.972078 ^ _1079_/D (sky130_fd_sc_hd__dfxtp_2)
                                              0.972078   data arrival time

                                  0.000000    0.000000   clock wr_clk (rise edge)
                                  0.000000    0.000000   clock source latency
     1    0.024374    0.000000    0.000000    0.000000 ^ wr_clk (in)
                                                         wr_clk (net)
                      0.001077    0.000538    0.000538 ^ clkbuf_0_wr_clk/A (sky130_fd_sc_hd__clkbuf_16)
    16    0.103304    0.118752    0.172854    0.173392 ^ clkbuf_0_wr_clk/X (sky130_fd_sc_hd__clkbuf_16)
                                                         clknet_0_wr_clk (net)
                      0.118911    0.003540    0.176932 ^ clkbuf_4_7_0_wr_clk/A (sky130_fd_sc_hd__clkbuf_8)
     2    0.018555    0.049139    0.157224    0.334157 ^ clkbuf_4_7_0_wr_clk/X (sky130_fd_sc_hd__clkbuf_8)
                                                         clknet_4_7_0_wr_clk (net)
                      0.049139    0.000035    0.334192 ^ clkbuf_5_14__f_wr_clk/A (sky130_fd_sc_hd__clkbuf_16)
     5    0.013697    0.036478    0.120925    0.455116 ^ clkbuf_5_14__f_wr_clk/X (sky130_fd_sc_hd__clkbuf_16)
                                                         clknet_5_14__leaf_wr_clk (net)
                      0.036478    0.000044    0.455161 ^ _1079_/CLK (sky130_fd_sc_hd__dfxtp_2)
                                  0.100000    0.555161   clock uncertainty
                                  0.000000    0.555161   clock reconvergence pessimism
                                 -0.031820    0.523340   library hold time
                                              0.523340   data required time
---------------------------------------------------------------------------------------------
                                              0.523340   data required time
                                             -0.972078   data arrival time
---------------------------------------------------------------------------------------------
                                              0.448738   slack (MET)


Startpoint: _1163_ (rising edge-triggered flip-flop clocked by wr_clk)
Endpoint: _1163_ (rising edge-triggered flip-flop clocked by wr_clk)
Path Group: wr_clk
Path Type: min

Fanout         Cap        Slew       Delay        Time   Description
---------------------------------------------------------------------------------------------
                                  0.000000    0.000000   clock wr_clk (rise edge)
                                  0.000000    0.000000   clock source latency
     1    0.024374    0.000000    0.000000    0.000000 ^ wr_clk (in)
                                                         wr_clk (net)
                      0.001077    0.000538    0.000538 ^ clkbuf_0_wr_clk/A (sky130_fd_sc_hd__clkbuf_16)
    16    0.103304    0.118752    0.172854    0.173392 ^ clkbuf_0_wr_clk/X (sky130_fd_sc_hd__clkbuf_16)
                                                         clknet_0_wr_clk (net)
                      0.118789    0.001740    0.175132 ^ clkbuf_4_8_0_wr_clk/A (sky130_fd_sc_hd__clkbuf_8)
     2    0.019793    0.051123    0.158920    0.334052 ^ clkbuf_4_8_0_wr_clk/X (sky130_fd_sc_hd__clkbuf_8)
                                                         clknet_4_8_0_wr_clk (net)
                      0.051126    0.000414    0.334466 ^ clkbuf_5_17__f_wr_clk/A (sky130_fd_sc_hd__clkbuf_16)
     5    0.014686    0.037321    0.122554    0.457020 ^ clkbuf_5_17__f_wr_clk/X (sky130_fd_sc_hd__clkbuf_16)
                                                         clknet_5_17__leaf_wr_clk (net)
                      0.037321    0.000264    0.457285 ^ _1163_/CLK (sky130_fd_sc_hd__dfxtp_2)
     2    0.005104    0.039722    0.310715    0.767999 ^ _1163_/Q (sky130_fd_sc_hd__dfxtp_2)
                                                         u_fifomem.mem[6][5] (net)
                      0.039722    0.000038    0.768037 ^ _1004_/A0 (sky130_fd_sc_hd__mux2_2)
     1    0.002293    0.034462    0.127712    0.895749 ^ _1004_/X (sky130_fd_sc_hd__mux2_2)
                                                         _0485_ (net)
                      0.034462    0.000022    0.895771 ^ _1005_/A (sky130_fd_sc_hd__buf_2)
     1    0.001900    0.023214    0.082810    0.978581 ^ _1005_/X (sky130_fd_sc_hd__buf_2)
                                                         _0103_ (net)
                      0.023214    0.000016    0.978597 ^ _1163_/D (sky130_fd_sc_hd__dfxtp_2)
                                              0.978597   data arrival time

                                  0.000000    0.000000   clock wr_clk (rise edge)
                                  0.000000    0.000000   clock source latency
     1    0.024374    0.000000    0.000000    0.000000 ^ wr_clk (in)
                                                         wr_clk (net)
                      0.001077    0.000538    0.000538 ^ clkbuf_0_wr_clk/A (sky130_fd_sc_hd__clkbuf_16)
    16    0.103304    0.118752    0.172854    0.173392 ^ clkbuf_0_wr_clk/X (sky130_fd_sc_hd__clkbuf_16)
                                                         clknet_0_wr_clk (net)
                      0.118789    0.001740    0.175132 ^ clkbuf_4_8_0_wr_clk/A (sky130_fd_sc_hd__clkbuf_8)
     2    0.019793    0.051123    0.158920    0.334052 ^ clkbuf_4_8_0_wr_clk/X (sky130_fd_sc_hd__clkbuf_8)
                                                         clknet_4_8_0_wr_clk (net)
                      0.051126    0.000414    0.334466 ^ clkbuf_5_17__f_wr_clk/A (sky130_fd_sc_hd__clkbuf_16)
     5    0.014686    0.037321    0.122554    0.457020 ^ clkbuf_5_17__f_wr_clk/X (sky130_fd_sc_hd__clkbuf_16)
                                                         clknet_5_17__leaf_wr_clk (net)
                      0.037321    0.000264    0.457285 ^ _1163_/CLK (sky130_fd_sc_hd__dfxtp_2)
                                  0.100000    0.557285   clock uncertainty
                                  0.000000    0.557285   clock reconvergence pessimism
                                 -0.027684    0.529601   library hold time
                                              0.529601   data required time
---------------------------------------------------------------------------------------------
                                              0.529601   data required time
                                             -0.978597   data arrival time
---------------------------------------------------------------------------------------------
                                              0.448997   slack (MET)


Startpoint: _1149_ (rising edge-triggered flip-flop clocked by wr_clk)
Endpoint: _1149_ (rising edge-triggered flip-flop clocked by wr_clk)
Path Group: wr_clk
Path Type: min

Fanout         Cap        Slew       Delay        Time   Description
---------------------------------------------------------------------------------------------
                                  0.000000    0.000000   clock wr_clk (rise edge)
                                  0.000000    0.000000   clock source latency
     1    0.024374    0.000000    0.000000    0.000000 ^ wr_clk (in)
                                                         wr_clk (net)
                      0.001077    0.000538    0.000538 ^ clkbuf_0_wr_clk/A (sky130_fd_sc_hd__clkbuf_16)
    16    0.103304    0.118752    0.172854    0.173392 ^ clkbuf_0_wr_clk/X (sky130_fd_sc_hd__clkbuf_16)
                                                         clknet_0_wr_clk (net)
                      0.118788    0.001720    0.175112 ^ clkbuf_4_9_0_wr_clk/A (sky130_fd_sc_hd__clkbuf_8)
     2    0.018779    0.049532    0.157408    0.332520 ^ clkbuf_4_9_0_wr_clk/X (sky130_fd_sc_hd__clkbuf_8)
                                                         clknet_4_9_0_wr_clk (net)
                      0.049533    0.000287    0.332807 ^ clkbuf_5_18__f_wr_clk/A (sky130_fd_sc_hd__clkbuf_16)
     5    0.014405    0.037081    0.121731    0.454537 ^ clkbuf_5_18__f_wr_clk/X (sky130_fd_sc_hd__clkbuf_16)
                                                         clknet_5_18__leaf_wr_clk (net)
                      0.037081    0.000088    0.454625 ^ _1149_/CLK (sky130_fd_sc_hd__dfxtp_2)
     2    0.004744    0.038208    0.309266    0.763891 ^ _1149_/Q (sky130_fd_sc_hd__dfxtp_2)
                                                         u_fifomem.mem[4][7] (net)
                      0.038208    0.000040    0.763931 ^ _0974_/A0 (sky130_fd_sc_hd__mux2_2)
     1    0.003649    0.040674    0.135261    0.899192 ^ _0974_/X (sky130_fd_sc_hd__mux2_2)
                                                         _0469_ (net)
                      0.040674    0.000046    0.899238 ^ _0975_/A (sky130_fd_sc_hd__buf_1)
     1    0.002156    0.037163    0.073835    0.973073 ^ _0975_/X (sky130_fd_sc_hd__buf_1)
                                                         _0089_ (net)
                      0.037163    0.000013    0.973085 ^ _1149_/D (sky130_fd_sc_hd__dfxtp_2)
                                              0.973085   data arrival time

                                  0.000000    0.000000   clock wr_clk (rise edge)
                                  0.000000    0.000000   clock source latency
     1    0.024374    0.000000    0.000000    0.000000 ^ wr_clk (in)
                                                         wr_clk (net)
                      0.001077    0.000538    0.000538 ^ clkbuf_0_wr_clk/A (sky130_fd_sc_hd__clkbuf_16)
    16    0.103304    0.118752    0.172854    0.173392 ^ clkbuf_0_wr_clk/X (sky130_fd_sc_hd__clkbuf_16)
                                                         clknet_0_wr_clk (net)
                      0.118788    0.001720    0.175112 ^ clkbuf_4_9_0_wr_clk/A (sky130_fd_sc_hd__clkbuf_8)
     2    0.018779    0.049532    0.157408    0.332520 ^ clkbuf_4_9_0_wr_clk/X (sky130_fd_sc_hd__clkbuf_8)
                                                         clknet_4_9_0_wr_clk (net)
                      0.049533    0.000287    0.332807 ^ clkbuf_5_18__f_wr_clk/A (sky130_fd_sc_hd__clkbuf_16)
     5    0.014405    0.037081    0.121731    0.454537 ^ clkbuf_5_18__f_wr_clk/X (sky130_fd_sc_hd__clkbuf_16)
                                                         clknet_5_18__leaf_wr_clk (net)
                      0.037081    0.000088    0.454625 ^ _1149_/CLK (sky130_fd_sc_hd__dfxtp_2)
                                  0.100000    0.554625   clock uncertainty
                                  0.000000    0.554625   clock reconvergence pessimism
                                 -0.030607    0.524018   library hold time
                                              0.524018   data required time
---------------------------------------------------------------------------------------------
                                              0.524018   data required time
                                             -0.973085   data arrival time
---------------------------------------------------------------------------------------------
                                              0.449068   slack (MET)


Startpoint: _1112_ (rising edge-triggered flip-flop clocked by wr_clk)
Endpoint: _1112_ (rising edge-triggered flip-flop clocked by wr_clk)
Path Group: wr_clk
Path Type: min

Fanout         Cap        Slew       Delay        Time   Description
---------------------------------------------------------------------------------------------
                                  0.000000    0.000000   clock wr_clk (rise edge)
                                  0.000000    0.000000   clock source latency
     1    0.024374    0.000000    0.000000    0.000000 ^ wr_clk (in)
                                                         wr_clk (net)
                      0.001077    0.000538    0.000538 ^ clkbuf_0_wr_clk/A (sky130_fd_sc_hd__clkbuf_16)
    16    0.103304    0.118752    0.172854    0.173392 ^ clkbuf_0_wr_clk/X (sky130_fd_sc_hd__clkbuf_16)
                                                         clknet_0_wr_clk (net)
                      0.118911    0.003540    0.176932 ^ clkbuf_4_7_0_wr_clk/A (sky130_fd_sc_hd__clkbuf_8)
     2    0.018555    0.049139    0.157224    0.334157 ^ clkbuf_4_7_0_wr_clk/X (sky130_fd_sc_hd__clkbuf_8)
                                                         clknet_4_7_0_wr_clk (net)
                      0.049139    0.000035    0.334192 ^ clkbuf_5_14__f_wr_clk/A (sky130_fd_sc_hd__clkbuf_16)
     5    0.013697    0.036478    0.120925    0.455116 ^ clkbuf_5_14__f_wr_clk/X (sky130_fd_sc_hd__clkbuf_16)
                                                         clknet_5_14__leaf_wr_clk (net)
                      0.036478    0.000082    0.455198 ^ _1112_/CLK (sky130_fd_sc_hd__dfxtp_2)
     2    0.005009    0.039320    0.310037    0.765235 ^ _1112_/Q (sky130_fd_sc_hd__dfxtp_2)
                                                         u_fifomem.mem[15][2] (net)
                      0.039320    0.000047    0.765281 ^ _0895_/A1 (sky130_fd_sc_hd__mux2_2)
     1    0.003094    0.037980    0.132949    0.898231 ^ _0895_/X (sky130_fd_sc_hd__mux2_2)
                                                         _0427_ (net)
                      0.037980    0.000035    0.898266 ^ _0896_/A (sky130_fd_sc_hd__buf_1)
     1    0.002445    0.040229    0.075267    0.973533 ^ _0896_/X (sky130_fd_sc_hd__buf_1)
                                                         _0052_ (net)
                      0.040229    0.000025    0.973558 ^ _1112_/D (sky130_fd_sc_hd__dfxtp_2)
                                              0.973558   data arrival time

                                  0.000000    0.000000   clock wr_clk (rise edge)
                                  0.000000    0.000000   clock source latency
     1    0.024374    0.000000    0.000000    0.000000 ^ wr_clk (in)
                                                         wr_clk (net)
                      0.001077    0.000538    0.000538 ^ clkbuf_0_wr_clk/A (sky130_fd_sc_hd__clkbuf_16)
    16    0.103304    0.118752    0.172854    0.173392 ^ clkbuf_0_wr_clk/X (sky130_fd_sc_hd__clkbuf_16)
                                                         clknet_0_wr_clk (net)
                      0.118911    0.003540    0.176932 ^ clkbuf_4_7_0_wr_clk/A (sky130_fd_sc_hd__clkbuf_8)
     2    0.018555    0.049139    0.157224    0.334157 ^ clkbuf_4_7_0_wr_clk/X (sky130_fd_sc_hd__clkbuf_8)
                                                         clknet_4_7_0_wr_clk (net)
                      0.049139    0.000035    0.334192 ^ clkbuf_5_14__f_wr_clk/A (sky130_fd_sc_hd__clkbuf_16)
     5    0.013697    0.036478    0.120925    0.455116 ^ clkbuf_5_14__f_wr_clk/X (sky130_fd_sc_hd__clkbuf_16)
                                                         clknet_5_14__leaf_wr_clk (net)
                      0.036478    0.000082    0.455198 ^ _1112_/CLK (sky130_fd_sc_hd__dfxtp_2)
                                  0.100000    0.555198   clock uncertainty
                                  0.000000    0.555198   clock reconvergence pessimism
                                 -0.031322    0.523876   library hold time
                                              0.523876   data required time
---------------------------------------------------------------------------------------------
                                              0.523876   data required time
                                             -0.973558   data arrival time
---------------------------------------------------------------------------------------------
                                              0.449682   slack (MET)


Startpoint: _1102_ (rising edge-triggered flip-flop clocked by wr_clk)
Endpoint: _1102_ (rising edge-triggered flip-flop clocked by wr_clk)
Path Group: wr_clk
Path Type: min

Fanout         Cap        Slew       Delay        Time   Description
---------------------------------------------------------------------------------------------
                                  0.000000    0.000000   clock wr_clk (rise edge)
                                  0.000000    0.000000   clock source latency
     1    0.024374    0.000000    0.000000    0.000000 ^ wr_clk (in)
                                                         wr_clk (net)
                      0.001077    0.000538    0.000538 ^ clkbuf_0_wr_clk/A (sky130_fd_sc_hd__clkbuf_16)
    16    0.103304    0.118752    0.172854    0.173392 ^ clkbuf_0_wr_clk/X (sky130_fd_sc_hd__clkbuf_16)
                                                         clknet_0_wr_clk (net)
                      0.118881    0.003194    0.176586 ^ clkbuf_4_5_0_wr_clk/A (sky130_fd_sc_hd__clkbuf_8)
     2    0.018978    0.049855    0.157712    0.334298 ^ clkbuf_4_5_0_wr_clk/X (sky130_fd_sc_hd__clkbuf_8)
                                                         clknet_4_5_0_wr_clk (net)
                      0.049857    0.000368    0.334667 ^ clkbuf_5_10__f_wr_clk/A (sky130_fd_sc_hd__clkbuf_16)
     5    0.014211    0.036921    0.121616    0.456282 ^ clkbuf_5_10__f_wr_clk/X (sky130_fd_sc_hd__clkbuf_16)
                                                         clknet_5_10__leaf_wr_clk (net)
                      0.036921    0.000243    0.456525 ^ _1102_/CLK (sky130_fd_sc_hd__dfxtp_2)
     2    0.005260    0.040384    0.311152    0.767677 ^ _1102_/Q (sky130_fd_sc_hd__dfxtp_2)
                                                         u_fifomem.mem[14][0] (net)
                      0.040384    0.000034    0.767711 ^ _0874_/A0 (sky130_fd_sc_hd__mux2_2)
     1    0.002250    0.034270    0.127687    0.895398 ^ _0874_/X (sky130_fd_sc_hd__mux2_2)
                                                         _0416_ (net)
                      0.034270    0.000020    0.895418 ^ _0875_/A (sky130_fd_sc_hd__buf_2)
     1    0.001967    0.023485    0.083027    0.978445 ^ _0875_/X (sky130_fd_sc_hd__buf_2)
                                                         _0042_ (net)
                      0.023485    0.000017    0.978463 ^ _1102_/D (sky130_fd_sc_hd__dfxtp_2)
                                              0.978463   data arrival time

                                  0.000000    0.000000   clock wr_clk (rise edge)
                                  0.000000    0.000000   clock source latency
     1    0.024374    0.000000    0.000000    0.000000 ^ wr_clk (in)
                                                         wr_clk (net)
                      0.001077    0.000538    0.000538 ^ clkbuf_0_wr_clk/A (sky130_fd_sc_hd__clkbuf_16)
    16    0.103304    0.118752    0.172854    0.173392 ^ clkbuf_0_wr_clk/X (sky130_fd_sc_hd__clkbuf_16)
                                                         clknet_0_wr_clk (net)
                      0.118881    0.003194    0.176586 ^ clkbuf_4_5_0_wr_clk/A (sky130_fd_sc_hd__clkbuf_8)
     2    0.018978    0.049855    0.157712    0.334298 ^ clkbuf_4_5_0_wr_clk/X (sky130_fd_sc_hd__clkbuf_8)
                                                         clknet_4_5_0_wr_clk (net)
                      0.049857    0.000368    0.334667 ^ clkbuf_5_10__f_wr_clk/A (sky130_fd_sc_hd__clkbuf_16)
     5    0.014211    0.036921    0.121616    0.456282 ^ clkbuf_5_10__f_wr_clk/X (sky130_fd_sc_hd__clkbuf_16)
                                                         clknet_5_10__leaf_wr_clk (net)
                      0.036921    0.000243    0.456525 ^ _1102_/CLK (sky130_fd_sc_hd__dfxtp_2)
                                  0.100000    0.556525   clock uncertainty
                                  0.000000    0.556525   clock reconvergence pessimism
                                 -0.027793    0.528732   library hold time
                                              0.528732   data required time
---------------------------------------------------------------------------------------------
                                              0.528732   data required time
                                             -0.978463   data arrival time
---------------------------------------------------------------------------------------------
                                              0.449730   slack (MET)


Startpoint: _1093_ (rising edge-triggered flip-flop clocked by wr_clk)
Endpoint: _1093_ (rising edge-triggered flip-flop clocked by wr_clk)
Path Group: wr_clk
Path Type: min

Fanout         Cap        Slew       Delay        Time   Description
---------------------------------------------------------------------------------------------
                                  0.000000    0.000000   clock wr_clk (rise edge)
                                  0.000000    0.000000   clock source latency
     1    0.024374    0.000000    0.000000    0.000000 ^ wr_clk (in)
                                                         wr_clk (net)
                      0.001077    0.000538    0.000538 ^ clkbuf_0_wr_clk/A (sky130_fd_sc_hd__clkbuf_16)
    16    0.103304    0.118752    0.172854    0.173392 ^ clkbuf_0_wr_clk/X (sky130_fd_sc_hd__clkbuf_16)
                                                         clknet_0_wr_clk (net)
                      0.118799    0.001961    0.175353 ^ clkbuf_4_3_0_wr_clk/A (sky130_fd_sc_hd__clkbuf_8)
     2    0.019366    0.050447    0.158300    0.333653 ^ clkbuf_4_3_0_wr_clk/X (sky130_fd_sc_hd__clkbuf_8)
                                                         clknet_4_3_0_wr_clk (net)
                      0.050449    0.000359    0.334011 ^ clkbuf_5_6__f_wr_clk/A (sky130_fd_sc_hd__clkbuf_16)
     5    0.013885    0.036637    0.121581    0.455592 ^ clkbuf_5_6__f_wr_clk/X (sky130_fd_sc_hd__clkbuf_16)
                                                         clknet_5_6__leaf_wr_clk (net)
                      0.036637    0.000049    0.455641 ^ _1093_/CLK (sky130_fd_sc_hd__dfxtp_2)
     2    0.004938    0.039021    0.309832    0.765473 ^ _1093_/Q (sky130_fd_sc_hd__dfxtp_2)
                                                         u_fifomem.mem[12][7] (net)
                      0.039021    0.000045    0.765517 ^ _0852_/A0 (sky130_fd_sc_hd__mux2_2)
     1    0.003769    0.041279    0.136258    0.901775 ^ _0852_/X (sky130_fd_sc_hd__mux2_2)
                                                         _0403_ (net)
                      0.041279    0.000055    0.901830 ^ _0853_/A (sky130_fd_sc_hd__buf_1)
     1    0.002058    0.036137    0.073238    0.975069 ^ _0853_/X (sky130_fd_sc_hd__buf_1)
                                                         _0033_ (net)
                      0.036137    0.000019    0.975087 ^ _1093_/D (sky130_fd_sc_hd__dfxtp_2)
                                              0.975087   data arrival time

                                  0.000000    0.000000   clock wr_clk (rise edge)
                                  0.000000    0.000000   clock source latency
     1    0.024374    0.000000    0.000000    0.000000 ^ wr_clk (in)
                                                         wr_clk (net)
                      0.001077    0.000538    0.000538 ^ clkbuf_0_wr_clk/A (sky130_fd_sc_hd__clkbuf_16)
    16    0.103304    0.118752    0.172854    0.173392 ^ clkbuf_0_wr_clk/X (sky130_fd_sc_hd__clkbuf_16)
                                                         clknet_0_wr_clk (net)
                      0.118799    0.001961    0.175353 ^ clkbuf_4_3_0_wr_clk/A (sky130_fd_sc_hd__clkbuf_8)
     2    0.019366    0.050447    0.158300    0.333653 ^ clkbuf_4_3_0_wr_clk/X (sky130_fd_sc_hd__clkbuf_8)
                                                         clknet_4_3_0_wr_clk (net)
                      0.050449    0.000359    0.334011 ^ clkbuf_5_6__f_wr_clk/A (sky130_fd_sc_hd__clkbuf_16)
     5    0.013885    0.036637    0.121581    0.455592 ^ clkbuf_5_6__f_wr_clk/X (sky130_fd_sc_hd__clkbuf_16)
                                                         clknet_5_6__leaf_wr_clk (net)
                      0.036637    0.000049    0.455641 ^ _1093_/CLK (sky130_fd_sc_hd__dfxtp_2)
                                  0.100000    0.555641   clock uncertainty
                                  0.000000    0.555641   clock reconvergence pessimism
                                 -0.030453    0.525188   library hold time
                                              0.525188   data required time
---------------------------------------------------------------------------------------------
                                              0.525188   data required time
                                             -0.975087   data arrival time
---------------------------------------------------------------------------------------------
                                              0.449900   slack (MET)


Startpoint: _1097_ (rising edge-triggered flip-flop clocked by wr_clk)
Endpoint: _1097_ (rising edge-triggered flip-flop clocked by wr_clk)
Path Group: wr_clk
Path Type: min

Fanout         Cap        Slew       Delay        Time   Description
---------------------------------------------------------------------------------------------
                                  0.000000    0.000000   clock wr_clk (rise edge)
                                  0.000000    0.000000   clock source latency
     1    0.024374    0.000000    0.000000    0.000000 ^ wr_clk (in)
                                                         wr_clk (net)
                      0.001077    0.000538    0.000538 ^ clkbuf_0_wr_clk/A (sky130_fd_sc_hd__clkbuf_16)
    16    0.103304    0.118752    0.172854    0.173392 ^ clkbuf_0_wr_clk/X (sky130_fd_sc_hd__clkbuf_16)
                                                         clknet_0_wr_clk (net)
                      0.118909    0.003519    0.176911 ^ clkbuf_4_6_0_wr_clk/A (sky130_fd_sc_hd__clkbuf_8)
     2    0.018259    0.048694    0.156750    0.333662 ^ clkbuf_4_6_0_wr_clk/X (sky130_fd_sc_hd__clkbuf_8)
                                                         clknet_4_6_0_wr_clk (net)
                      0.048694    0.000208    0.333870 ^ clkbuf_5_13__f_wr_clk/A (sky130_fd_sc_hd__clkbuf_16)
     5    0.014840    0.037452    0.121824    0.455694 ^ clkbuf_5_13__f_wr_clk/X (sky130_fd_sc_hd__clkbuf_16)
                                                         clknet_5_13__leaf_wr_clk (net)
                      0.037452    0.000163    0.455857 ^ _1097_/CLK (sky130_fd_sc_hd__dfxtp_2)
     2    0.004629    0.037733    0.308981    0.764839 ^ _1097_/Q (sky130_fd_sc_hd__dfxtp_2)
                                                         u_fifomem.mem[13][3] (net)
                      0.037733    0.000040    0.764878 ^ _0862_/A0 (sky130_fd_sc_hd__mux2_2)
     1    0.002779    0.036349    0.129914    0.894792 ^ _0862_/X (sky130_fd_sc_hd__mux2_2)
                                                         _0409_ (net)
                      0.036349    0.000027    0.894819 ^ _0863_/A (sky130_fd_sc_hd__buf_1)
     1    0.002930    0.045454    0.078688    0.973507 ^ _0863_/X (sky130_fd_sc_hd__buf_1)
                                                         _0037_ (net)
                      0.045454    0.000038    0.973545 ^ _1097_/D (sky130_fd_sc_hd__dfxtp_2)
                                              0.973545   data arrival time

                                  0.000000    0.000000   clock wr_clk (rise edge)
                                  0.000000    0.000000   clock source latency
     1    0.024374    0.000000    0.000000    0.000000 ^ wr_clk (in)
                                                         wr_clk (net)
                      0.001077    0.000538    0.000538 ^ clkbuf_0_wr_clk/A (sky130_fd_sc_hd__clkbuf_16)
    16    0.103304    0.118752    0.172854    0.173392 ^ clkbuf_0_wr_clk/X (sky130_fd_sc_hd__clkbuf_16)
                                                         clknet_0_wr_clk (net)
                      0.118909    0.003519    0.176911 ^ clkbuf_4_6_0_wr_clk/A (sky130_fd_sc_hd__clkbuf_8)
     2    0.018259    0.048694    0.156750    0.333662 ^ clkbuf_4_6_0_wr_clk/X (sky130_fd_sc_hd__clkbuf_8)
                                                         clknet_4_6_0_wr_clk (net)
                      0.048694    0.000208    0.333870 ^ clkbuf_5_13__f_wr_clk/A (sky130_fd_sc_hd__clkbuf_16)
     5    0.014840    0.037452    0.121824    0.455694 ^ clkbuf_5_13__f_wr_clk/X (sky130_fd_sc_hd__clkbuf_16)
                                                         clknet_5_13__leaf_wr_clk (net)
                      0.037452    0.000163    0.455857 ^ _1097_/CLK (sky130_fd_sc_hd__dfxtp_2)
                                  0.100000    0.555857   clock uncertainty
                                  0.000000    0.555857   clock reconvergence pessimism
                                 -0.032277    0.523580   library hold time
                                              0.523580   data required time
---------------------------------------------------------------------------------------------
                                              0.523580   data required time
                                             -0.973545   data arrival time
---------------------------------------------------------------------------------------------
                                              0.449965   slack (MET)


Startpoint: _1092_ (rising edge-triggered flip-flop clocked by wr_clk)
Endpoint: _1092_ (rising edge-triggered flip-flop clocked by wr_clk)
Path Group: wr_clk
Path Type: min

Fanout         Cap        Slew       Delay        Time   Description
---------------------------------------------------------------------------------------------
                                  0.000000    0.000000   clock wr_clk (rise edge)
                                  0.000000    0.000000   clock source latency
     1    0.024374    0.000000    0.000000    0.000000 ^ wr_clk (in)
                                                         wr_clk (net)
                      0.001077    0.000538    0.000538 ^ clkbuf_0_wr_clk/A (sky130_fd_sc_hd__clkbuf_16)
    16    0.103304    0.118752    0.172854    0.173392 ^ clkbuf_0_wr_clk/X (sky130_fd_sc_hd__clkbuf_16)
                                                         clknet_0_wr_clk (net)
                      0.118752    0.000104    0.173496 ^ clkbuf_4_13_0_wr_clk/A (sky130_fd_sc_hd__clkbuf_8)
     2    0.018667    0.049352    0.157238    0.330735 ^ clkbuf_4_13_0_wr_clk/X (sky130_fd_sc_hd__clkbuf_8)
                                                         clknet_4_13_0_wr_clk (net)
                      0.049353    0.000336    0.331070 ^ clkbuf_5_27__f_wr_clk/A (sky130_fd_sc_hd__clkbuf_16)
     5    0.016743    0.039068    0.123848    0.454918 ^ clkbuf_5_27__f_wr_clk/X (sky130_fd_sc_hd__clkbuf_16)
                                                         clknet_5_27__leaf_wr_clk (net)
                      0.039076    0.000412    0.455330 ^ _1092_/CLK (sky130_fd_sc_hd__dfxtp_2)
     2    0.005402    0.040982    0.312470    0.767800 ^ _1092_/Q (sky130_fd_sc_hd__dfxtp_2)
                                                         u_fifomem.mem[12][6] (net)
                      0.040982    0.000044    0.767844 ^ _0850_/A0 (sky130_fd_sc_hd__mux2_2)
     1    0.003626    0.040172    0.136095    0.903939 ^ _0850_/X (sky130_fd_sc_hd__mux2_2)
                                                         _0402_ (net)
                      0.040172    0.000053    0.903992 ^ _0851_/A (sky130_fd_sc_hd__buf_1)
     1    0.001895    0.034432    0.071518    0.975510 ^ _0851_/X (sky130_fd_sc_hd__buf_1)
                                                         _0032_ (net)
                      0.034432    0.000016    0.975526 ^ _1092_/D (sky130_fd_sc_hd__dfxtp_2)
                                              0.975526   data arrival time

                                  0.000000    0.000000   clock wr_clk (rise edge)
                                  0.000000    0.000000   clock source latency
     1    0.024374    0.000000    0.000000    0.000000 ^ wr_clk (in)
                                                         wr_clk (net)
                      0.001077    0.000538    0.000538 ^ clkbuf_0_wr_clk/A (sky130_fd_sc_hd__clkbuf_16)
    16    0.103304    0.118752    0.172854    0.173392 ^ clkbuf_0_wr_clk/X (sky130_fd_sc_hd__clkbuf_16)
                                                         clknet_0_wr_clk (net)
                      0.118752    0.000104    0.173496 ^ clkbuf_4_13_0_wr_clk/A (sky130_fd_sc_hd__clkbuf_8)
     2    0.018667    0.049352    0.157238    0.330735 ^ clkbuf_4_13_0_wr_clk/X (sky130_fd_sc_hd__clkbuf_8)
                                                         clknet_4_13_0_wr_clk (net)
                      0.049353    0.000336    0.331070 ^ clkbuf_5_27__f_wr_clk/A (sky130_fd_sc_hd__clkbuf_16)
     5    0.016743    0.039068    0.123848    0.454918 ^ clkbuf_5_27__f_wr_clk/X (sky130_fd_sc_hd__clkbuf_16)
                                                         clknet_5_27__leaf_wr_clk (net)
                      0.039076    0.000412    0.455330 ^ _1092_/CLK (sky130_fd_sc_hd__dfxtp_2)
                                  0.100000    0.555330   clock uncertainty
                                  0.000000    0.555330   clock reconvergence pessimism
                                 -0.029779    0.525551   library hold time
                                              0.525551   data required time
---------------------------------------------------------------------------------------------
                                              0.525551   data required time
                                             -0.975526   data arrival time
---------------------------------------------------------------------------------------------
                                              0.449975   slack (MET)


Startpoint: _1111_ (rising edge-triggered flip-flop clocked by wr_clk)
Endpoint: _1111_ (rising edge-triggered flip-flop clocked by wr_clk)
Path Group: wr_clk
Path Type: min

Fanout         Cap        Slew       Delay        Time   Description
---------------------------------------------------------------------------------------------
                                  0.000000    0.000000   clock wr_clk (rise edge)
                                  0.000000    0.000000   clock source latency
     1    0.024374    0.000000    0.000000    0.000000 ^ wr_clk (in)
                                                         wr_clk (net)
                      0.001077    0.000538    0.000538 ^ clkbuf_0_wr_clk/A (sky130_fd_sc_hd__clkbuf_16)
    16    0.103304    0.118752    0.172854    0.173392 ^ clkbuf_0_wr_clk/X (sky130_fd_sc_hd__clkbuf_16)
                                                         clknet_0_wr_clk (net)
                      0.118911    0.003540    0.176932 ^ clkbuf_4_7_0_wr_clk/A (sky130_fd_sc_hd__clkbuf_8)
     2    0.018555    0.049139    0.157224    0.334157 ^ clkbuf_4_7_0_wr_clk/X (sky130_fd_sc_hd__clkbuf_8)
                                                         clknet_4_7_0_wr_clk (net)
                      0.049139    0.000035    0.334192 ^ clkbuf_5_14__f_wr_clk/A (sky130_fd_sc_hd__clkbuf_16)
     5    0.013697    0.036478    0.120925    0.455116 ^ clkbuf_5_14__f_wr_clk/X (sky130_fd_sc_hd__clkbuf_16)
                                                         clknet_5_14__leaf_wr_clk (net)
                      0.036478    0.000071    0.455188 ^ _1111_/CLK (sky130_fd_sc_hd__dfxtp_2)
     2    0.005189    0.040078    0.310709    0.765896 ^ _1111_/Q (sky130_fd_sc_hd__dfxtp_2)
                                                         u_fifomem.mem[15][1] (net)
                      0.040078    0.000054    0.765950 ^ _0893_/A1 (sky130_fd_sc_hd__mux2_2)
     1    0.003733    0.041099    0.137005    0.902955 ^ _0893_/X (sky130_fd_sc_hd__mux2_2)
                                                         _0426_ (net)
                      0.041099    0.000053    0.903008 ^ _0894_/A (sky130_fd_sc_hd__buf_1)
     1    0.001928    0.035912    0.072120    0.975128 ^ _0894_/X (sky130_fd_sc_hd__buf_1)
                                                         _0051_ (net)
                      0.035912    0.000009    0.975137 ^ _1111_/D (sky130_fd_sc_hd__dfxtp_2)
                                              0.975137   data arrival time

                                  0.000000    0.000000   clock wr_clk (rise edge)
                                  0.000000    0.000000   clock source latency
     1    0.024374    0.000000    0.000000    0.000000 ^ wr_clk (in)
                                                         wr_clk (net)
                      0.001077    0.000538    0.000538 ^ clkbuf_0_wr_clk/A (sky130_fd_sc_hd__clkbuf_16)
    16    0.103304    0.118752    0.172854    0.173392 ^ clkbuf_0_wr_clk/X (sky130_fd_sc_hd__clkbuf_16)
                                                         clknet_0_wr_clk (net)
                      0.118911    0.003540    0.176932 ^ clkbuf_4_7_0_wr_clk/A (sky130_fd_sc_hd__clkbuf_8)
     2    0.018555    0.049139    0.157224    0.334157 ^ clkbuf_4_7_0_wr_clk/X (sky130_fd_sc_hd__clkbuf_8)
                                                         clknet_4_7_0_wr_clk (net)
                      0.049139    0.000035    0.334192 ^ clkbuf_5_14__f_wr_clk/A (sky130_fd_sc_hd__clkbuf_16)
     5    0.013697    0.036478    0.120925    0.455116 ^ clkbuf_5_14__f_wr_clk/X (sky130_fd_sc_hd__clkbuf_16)
                                                         clknet_5_14__leaf_wr_clk (net)
                      0.036478    0.000071    0.455188 ^ _1111_/CLK (sky130_fd_sc_hd__dfxtp_2)
                                  0.100000    0.555188   clock uncertainty
                                  0.000000    0.555188   clock reconvergence pessimism
                                 -0.030427    0.524760   library hold time
                                              0.524760   data required time
---------------------------------------------------------------------------------------------
                                              0.524760   data required time
                                             -0.975137   data arrival time
---------------------------------------------------------------------------------------------
                                              0.450376   slack (MET)


Startpoint: _1142_ (rising edge-triggered flip-flop clocked by wr_clk)
Endpoint: _1142_ (rising edge-triggered flip-flop clocked by wr_clk)
Path Group: wr_clk
Path Type: min

Fanout         Cap        Slew       Delay        Time   Description
---------------------------------------------------------------------------------------------
                                  0.000000    0.000000   clock wr_clk (rise edge)
                                  0.000000    0.000000   clock source latency
     1    0.024374    0.000000    0.000000    0.000000 ^ wr_clk (in)
                                                         wr_clk (net)
                      0.001077    0.000538    0.000538 ^ clkbuf_0_wr_clk/A (sky130_fd_sc_hd__clkbuf_16)
    16    0.103304    0.118752    0.172854    0.173392 ^ clkbuf_0_wr_clk/X (sky130_fd_sc_hd__clkbuf_16)
                                                         clknet_0_wr_clk (net)
                      0.118829    0.002489    0.175881 ^ clkbuf_4_2_0_wr_clk/A (sky130_fd_sc_hd__clkbuf_8)
     2    0.018786    0.049496    0.157546    0.333427 ^ clkbuf_4_2_0_wr_clk/X (sky130_fd_sc_hd__clkbuf_8)
                                                         clknet_4_2_0_wr_clk (net)
                      0.049496    0.000083    0.333510 ^ clkbuf_5_5__f_wr_clk/A (sky130_fd_sc_hd__clkbuf_16)
     5    0.015741    0.038216    0.122971    0.456482 ^ clkbuf_5_5__f_wr_clk/X (sky130_fd_sc_hd__clkbuf_16)
                                                         clknet_5_5__leaf_wr_clk (net)
                      0.038216    0.000213    0.456695 ^ _1142_/CLK (sky130_fd_sc_hd__dfxtp_2)
     2    0.005622    0.041925    0.312974    0.769669 ^ _1142_/Q (sky130_fd_sc_hd__dfxtp_2)
                                                         u_fifomem.mem[4][0] (net)
                      0.041925    0.000058    0.769726 ^ _0960_/A0 (sky130_fd_sc_hd__mux2_2)
     1    0.003427    0.039562    0.135236    0.904962 ^ _0960_/X (sky130_fd_sc_hd__mux2_2)
                                                         _0462_ (net)
                      0.039562    0.000045    0.905007 ^ _0961_/A (sky130_fd_sc_hd__buf_1)
     1    0.001963    0.036301    0.071873    0.976880 ^ _0961_/X (sky130_fd_sc_hd__buf_1)
                                                         _0082_ (net)
                      0.036301    0.000009    0.976889 ^ _1142_/D (sky130_fd_sc_hd__dfxtp_2)
                                              0.976889   data arrival time

                                  0.000000    0.000000   clock wr_clk (rise edge)
                                  0.000000    0.000000   clock source latency
     1    0.024374    0.000000    0.000000    0.000000 ^ wr_clk (in)
                                                         wr_clk (net)
                      0.001077    0.000538    0.000538 ^ clkbuf_0_wr_clk/A (sky130_fd_sc_hd__clkbuf_16)
    16    0.103304    0.118752    0.172854    0.173392 ^ clkbuf_0_wr_clk/X (sky130_fd_sc_hd__clkbuf_16)
                                                         clknet_0_wr_clk (net)
                      0.118829    0.002489    0.175881 ^ clkbuf_4_2_0_wr_clk/A (sky130_fd_sc_hd__clkbuf_8)
     2    0.018786    0.049496    0.157546    0.333427 ^ clkbuf_4_2_0_wr_clk/X (sky130_fd_sc_hd__clkbuf_8)
                                                         clknet_4_2_0_wr_clk (net)
                      0.049496    0.000083    0.333510 ^ clkbuf_5_5__f_wr_clk/A (sky130_fd_sc_hd__clkbuf_16)
     5    0.015741    0.038216    0.122971    0.456482 ^ clkbuf_5_5__f_wr_clk/X (sky130_fd_sc_hd__clkbuf_16)
                                                         clknet_5_5__leaf_wr_clk (net)
                      0.038216    0.000213    0.456695 ^ _1142_/CLK (sky130_fd_sc_hd__dfxtp_2)
                                  0.100000    0.556695   clock uncertainty
                                  0.000000    0.556695   clock reconvergence pessimism
                                 -0.030279    0.526416   library hold time
                                              0.526416   data required time
---------------------------------------------------------------------------------------------
                                              0.526416   data required time
                                             -0.976889   data arrival time
---------------------------------------------------------------------------------------------
                                              0.450473   slack (MET)


Startpoint: _1189_ (rising edge-triggered flip-flop clocked by wr_clk)
Endpoint: _1189_ (rising edge-triggered flip-flop clocked by wr_clk)
Path Group: wr_clk
Path Type: min

Fanout         Cap        Slew       Delay        Time   Description
---------------------------------------------------------------------------------------------
                                  0.000000    0.000000   clock wr_clk (rise edge)
                                  0.000000    0.000000   clock source latency
     1    0.024374    0.000000    0.000000    0.000000 ^ wr_clk (in)
                                                         wr_clk (net)
                      0.001077    0.000538    0.000538 ^ clkbuf_0_wr_clk/A (sky130_fd_sc_hd__clkbuf_16)
    16    0.103304    0.118752    0.172854    0.173392 ^ clkbuf_0_wr_clk/X (sky130_fd_sc_hd__clkbuf_16)
                                                         clknet_0_wr_clk (net)
                      0.118891    0.003312    0.176704 ^ clkbuf_4_4_0_wr_clk/A (sky130_fd_sc_hd__clkbuf_8)
     2    0.018673    0.049333    0.157368    0.334072 ^ clkbuf_4_4_0_wr_clk/X (sky130_fd_sc_hd__clkbuf_8)
                                                         clknet_4_4_0_wr_clk (net)
                      0.049333    0.000185    0.334257 ^ clkbuf_5_8__f_wr_clk/A (sky130_fd_sc_hd__clkbuf_16)
     5    0.013038    0.035919    0.120350    0.454607 ^ clkbuf_5_8__f_wr_clk/X (sky130_fd_sc_hd__clkbuf_16)
                                                         clknet_5_8__leaf_wr_clk (net)
                      0.035919    0.000143    0.454751 ^ _1189_/CLK (sky130_fd_sc_hd__dfxtp_2)
     2    0.005540    0.041575    0.311812    0.766562 ^ _1189_/Q (sky130_fd_sc_hd__dfxtp_2)
                                                         u_fifomem.mem[9][7] (net)
                      0.041575    0.000065    0.766627 ^ _1060_/A0 (sky130_fd_sc_hd__mux2_2)
     1    0.003459    0.039720    0.135303    0.901930 ^ _1060_/X (sky130_fd_sc_hd__mux2_2)
                                                         _0515_ (net)
                      0.039720    0.000044    0.901974 ^ _1061_/A (sky130_fd_sc_hd__buf_1)
     1    0.002061    0.036168    0.072724    0.974698 ^ _1061_/X (sky130_fd_sc_hd__buf_1)
                                                         _0129_ (net)
                      0.036168    0.000018    0.974716 ^ _1189_/D (sky130_fd_sc_hd__dfxtp_2)
                                              0.974716   data arrival time

                                  0.000000    0.000000   clock wr_clk (rise edge)
                                  0.000000    0.000000   clock source latency
     1    0.024374    0.000000    0.000000    0.000000 ^ wr_clk (in)
                                                         wr_clk (net)
                      0.001077    0.000538    0.000538 ^ clkbuf_0_wr_clk/A (sky130_fd_sc_hd__clkbuf_16)
    16    0.103304    0.118752    0.172854    0.173392 ^ clkbuf_0_wr_clk/X (sky130_fd_sc_hd__clkbuf_16)
                                                         clknet_0_wr_clk (net)
                      0.118891    0.003312    0.176704 ^ clkbuf_4_4_0_wr_clk/A (sky130_fd_sc_hd__clkbuf_8)
     2    0.018673    0.049333    0.157368    0.334072 ^ clkbuf_4_4_0_wr_clk/X (sky130_fd_sc_hd__clkbuf_8)
                                                         clknet_4_4_0_wr_clk (net)
                      0.049333    0.000185    0.334257 ^ clkbuf_5_8__f_wr_clk/A (sky130_fd_sc_hd__clkbuf_16)
     5    0.013038    0.035919    0.120350    0.454607 ^ clkbuf_5_8__f_wr_clk/X (sky130_fd_sc_hd__clkbuf_16)
                                                         clknet_5_8__leaf_wr_clk (net)
                      0.035919    0.000143    0.454751 ^ _1189_/CLK (sky130_fd_sc_hd__dfxtp_2)
                                  0.100000    0.554751   clock uncertainty
                                  0.000000    0.554751   clock reconvergence pessimism
                                 -0.030554    0.524197   library hold time
                                              0.524197   data required time
---------------------------------------------------------------------------------------------
                                              0.524197   data required time
                                             -0.974716   data arrival time
---------------------------------------------------------------------------------------------
                                              0.450520   slack (MET)


Startpoint: _1168_ (rising edge-triggered flip-flop clocked by wr_clk)
Endpoint: _1168_ (rising edge-triggered flip-flop clocked by wr_clk)
Path Group: wr_clk
Path Type: min

Fanout         Cap        Slew       Delay        Time   Description
---------------------------------------------------------------------------------------------
                                  0.000000    0.000000   clock wr_clk (rise edge)
                                  0.000000    0.000000   clock source latency
     1    0.024374    0.000000    0.000000    0.000000 ^ wr_clk (in)
                                                         wr_clk (net)
                      0.001077    0.000538    0.000538 ^ clkbuf_0_wr_clk/A (sky130_fd_sc_hd__clkbuf_16)
    16    0.103304    0.118752    0.172854    0.173392 ^ clkbuf_0_wr_clk/X (sky130_fd_sc_hd__clkbuf_16)
                                                         clknet_0_wr_clk (net)
                      0.118854    0.002852    0.176244 ^ clkbuf_4_0_0_wr_clk/A (sky130_fd_sc_hd__clkbuf_8)
     2    0.018188    0.048610    0.156555    0.332799 ^ clkbuf_4_0_0_wr_clk/X (sky130_fd_sc_hd__clkbuf_8)
                                                         clknet_4_0_0_wr_clk (net)
                      0.048611    0.000303    0.333102 ^ clkbuf_5_0__f_wr_clk/A (sky130_fd_sc_hd__clkbuf_16)
     5    0.017289    0.039539    0.124103    0.457206 ^ clkbuf_5_0__f_wr_clk/X (sky130_fd_sc_hd__clkbuf_16)
                                                         clknet_5_0__leaf_wr_clk (net)
                      0.039539    0.000218    0.457424 ^ _1168_/CLK (sky130_fd_sc_hd__dfxtp_2)
     2    0.004830    0.038566    0.310508    0.767932 ^ _1168_/Q (sky130_fd_sc_hd__dfxtp_2)
                                                         u_fifomem.mem[7][2] (net)
                      0.038566    0.000030    0.767962 ^ _1015_/A1 (sky130_fd_sc_hd__mux2_2)
     1    0.003450    0.039662    0.134811    0.902773 ^ _1015_/X (sky130_fd_sc_hd__mux2_2)
                                                         _0491_ (net)
                      0.039662    0.000046    0.902819 ^ _1016_/A (sky130_fd_sc_hd__buf_1)
     1    0.002292    0.038601    0.074595    0.977414 ^ _1016_/X (sky130_fd_sc_hd__buf_1)
                                                         _0108_ (net)
                      0.038601    0.000024    0.977437 ^ _1168_/D (sky130_fd_sc_hd__dfxtp_2)
                                              0.977437   data arrival time

                                  0.000000    0.000000   clock wr_clk (rise edge)
                                  0.000000    0.000000   clock source latency
     1    0.024374    0.000000    0.000000    0.000000 ^ wr_clk (in)
                                                         wr_clk (net)
                      0.001077    0.000538    0.000538 ^ clkbuf_0_wr_clk/A (sky130_fd_sc_hd__clkbuf_16)
    16    0.103304    0.118752    0.172854    0.173392 ^ clkbuf_0_wr_clk/X (sky130_fd_sc_hd__clkbuf_16)
                                                         clknet_0_wr_clk (net)
                      0.118854    0.002852    0.176244 ^ clkbuf_4_0_0_wr_clk/A (sky130_fd_sc_hd__clkbuf_8)
     2    0.018188    0.048610    0.156555    0.332799 ^ clkbuf_4_0_0_wr_clk/X (sky130_fd_sc_hd__clkbuf_8)
                                                         clknet_4_0_0_wr_clk (net)
                      0.048611    0.000303    0.333102 ^ clkbuf_5_0__f_wr_clk/A (sky130_fd_sc_hd__clkbuf_16)
     5    0.017289    0.039539    0.124103    0.457206 ^ clkbuf_5_0__f_wr_clk/X (sky130_fd_sc_hd__clkbuf_16)
                                                         clknet_5_0__leaf_wr_clk (net)
                      0.039539    0.000218    0.457424 ^ _1168_/CLK (sky130_fd_sc_hd__dfxtp_2)
                                  0.100000    0.557424   clock uncertainty
                                  0.000000    0.557424   clock reconvergence pessimism
                                 -0.030582    0.526842   library hold time
                                              0.526842   data required time
---------------------------------------------------------------------------------------------
                                              0.526842   data required time
                                             -0.977437   data arrival time
---------------------------------------------------------------------------------------------
                                              0.450596   slack (MET)


Startpoint: _1121_ (rising edge-triggered flip-flop clocked by wr_clk)
Endpoint: _1121_ (rising edge-triggered flip-flop clocked by wr_clk)
Path Group: wr_clk
Path Type: min

Fanout         Cap        Slew       Delay        Time   Description
---------------------------------------------------------------------------------------------
                                  0.000000    0.000000   clock wr_clk (rise edge)
                                  0.000000    0.000000   clock source latency
     1    0.024374    0.000000    0.000000    0.000000 ^ wr_clk (in)
                                                         wr_clk (net)
                      0.001077    0.000538    0.000538 ^ clkbuf_0_wr_clk/A (sky130_fd_sc_hd__clkbuf_16)
    16    0.103304    0.118752    0.172854    0.173392 ^ clkbuf_0_wr_clk/X (sky130_fd_sc_hd__clkbuf_16)
                                                         clknet_0_wr_clk (net)
                      0.118777    0.001434    0.174826 ^ clkbuf_4_10_0_wr_clk/A (sky130_fd_sc_hd__clkbuf_8)
     2    0.019042    0.049921    0.157851    0.332677 ^ clkbuf_4_10_0_wr_clk/X (sky130_fd_sc_hd__clkbuf_8)
                                                         clknet_4_10_0_wr_clk (net)
                      0.049921    0.000235    0.332911 ^ clkbuf_5_20__f_wr_clk/A (sky130_fd_sc_hd__clkbuf_16)
     5    0.013183    0.036041    0.120721    0.453633 ^ clkbuf_5_20__f_wr_clk/X (sky130_fd_sc_hd__clkbuf_16)
                                                         clknet_5_20__leaf_wr_clk (net)
                      0.036041    0.000054    0.453687 ^ _1121_/CLK (sky130_fd_sc_hd__dfxtp_2)
     2    0.004966    0.039134    0.309707    0.763394 ^ _1121_/Q (sky130_fd_sc_hd__dfxtp_2)
                                                         u_fifomem.mem[1][3] (net)
                      0.039134    0.000067    0.763462 ^ _0914_/A0 (sky130_fd_sc_hd__mux2_2)
     1    0.002074    0.033204    0.126201    0.889663 ^ _0914_/X (sky130_fd_sc_hd__mux2_2)
                                                         _0437_ (net)
                      0.033204    0.000010    0.889672 ^ _0915_/A (sky130_fd_sc_hd__buf_2)
     1    0.002796    0.026804    0.086157    0.975829 ^ _0915_/X (sky130_fd_sc_hd__buf_2)
                                                         _0061_ (net)
                      0.026804    0.000033    0.975863 ^ _1121_/D (sky130_fd_sc_hd__dfxtp_2)
                                              0.975863   data arrival time

                                  0.000000    0.000000   clock wr_clk (rise edge)
                                  0.000000    0.000000   clock source latency
     1    0.024374    0.000000    0.000000    0.000000 ^ wr_clk (in)
                                                         wr_clk (net)
                      0.001077    0.000538    0.000538 ^ clkbuf_0_wr_clk/A (sky130_fd_sc_hd__clkbuf_16)
    16    0.103304    0.118752    0.172854    0.173392 ^ clkbuf_0_wr_clk/X (sky130_fd_sc_hd__clkbuf_16)
                                                         clknet_0_wr_clk (net)
                      0.118777    0.001434    0.174826 ^ clkbuf_4_10_0_wr_clk/A (sky130_fd_sc_hd__clkbuf_8)
     2    0.019042    0.049921    0.157851    0.332677 ^ clkbuf_4_10_0_wr_clk/X (sky130_fd_sc_hd__clkbuf_8)
                                                         clknet_4_10_0_wr_clk (net)
                      0.049921    0.000235    0.332911 ^ clkbuf_5_20__f_wr_clk/A (sky130_fd_sc_hd__clkbuf_16)
     5    0.013183    0.036041    0.120721    0.453633 ^ clkbuf_5_20__f_wr_clk/X (sky130_fd_sc_hd__clkbuf_16)
                                                         clknet_5_20__leaf_wr_clk (net)
                      0.036041    0.000054    0.453687 ^ _1121_/CLK (sky130_fd_sc_hd__dfxtp_2)
                                  0.100000    0.553687   clock uncertainty
                                  0.000000    0.553687   clock reconvergence pessimism
                                 -0.028596    0.525091   library hold time
                                              0.525091   data required time
---------------------------------------------------------------------------------------------
                                              0.525091   data required time
                                             -0.975863   data arrival time
---------------------------------------------------------------------------------------------
                                              0.450772   slack (MET)


Startpoint: _1136_ (rising edge-triggered flip-flop clocked by wr_clk)
Endpoint: _1136_ (rising edge-triggered flip-flop clocked by wr_clk)
Path Group: wr_clk
Path Type: min

Fanout         Cap        Slew       Delay        Time   Description
---------------------------------------------------------------------------------------------
                                  0.000000    0.000000   clock wr_clk (rise edge)
                                  0.000000    0.000000   clock source latency
     1    0.024374    0.000000    0.000000    0.000000 ^ wr_clk (in)
                                                         wr_clk (net)
                      0.001077    0.000538    0.000538 ^ clkbuf_0_wr_clk/A (sky130_fd_sc_hd__clkbuf_16)
    16    0.103304    0.118752    0.172854    0.173392 ^ clkbuf_0_wr_clk/X (sky130_fd_sc_hd__clkbuf_16)
                                                         clknet_0_wr_clk (net)
                      0.118853    0.002844    0.176237 ^ clkbuf_4_1_0_wr_clk/A (sky130_fd_sc_hd__clkbuf_8)
     2    0.017853    0.048064    0.156127    0.332364 ^ clkbuf_4_1_0_wr_clk/X (sky130_fd_sc_hd__clkbuf_8)
                                                         clknet_4_1_0_wr_clk (net)
                      0.048064    0.000191    0.332554 ^ clkbuf_5_2__f_wr_clk/A (sky130_fd_sc_hd__clkbuf_16)
     5    0.015686    0.038172    0.122372    0.454926 ^ clkbuf_5_2__f_wr_clk/X (sky130_fd_sc_hd__clkbuf_16)
                                                         clknet_5_2__leaf_wr_clk (net)
                      0.038179    0.000426    0.455352 ^ _1136_/CLK (sky130_fd_sc_hd__dfxtp_2)
     2    0.004625    0.037713    0.309239    0.764591 ^ _1136_/Q (sky130_fd_sc_hd__dfxtp_2)
                                                         u_fifomem.mem[3][2] (net)
                      0.037713    0.000027    0.764618 ^ _0946_/A0 (sky130_fd_sc_hd__mux2_2)
     1    0.002683    0.035982    0.129333    0.893951 ^ _0946_/X (sky130_fd_sc_hd__mux2_2)
                                                         _0454_ (net)
                      0.035982    0.000029    0.893980 ^ _0947_/A (sky130_fd_sc_hd__buf_2)
     1    0.002166    0.024275    0.084515    0.978495 ^ _0947_/X (sky130_fd_sc_hd__buf_2)
                                                         _0076_ (net)
                      0.024275    0.000020    0.978515 ^ _1136_/D (sky130_fd_sc_hd__dfxtp_2)
                                              0.978515   data arrival time

                                  0.000000    0.000000   clock wr_clk (rise edge)
                                  0.000000    0.000000   clock source latency
     1    0.024374    0.000000    0.000000    0.000000 ^ wr_clk (in)
                                                         wr_clk (net)
                      0.001077    0.000538    0.000538 ^ clkbuf_0_wr_clk/A (sky130_fd_sc_hd__clkbuf_16)
    16    0.103304    0.118752    0.172854    0.173392 ^ clkbuf_0_wr_clk/X (sky130_fd_sc_hd__clkbuf_16)
                                                         clknet_0_wr_clk (net)
                      0.118853    0.002844    0.176237 ^ clkbuf_4_1_0_wr_clk/A (sky130_fd_sc_hd__clkbuf_8)
     2    0.017853    0.048064    0.156127    0.332364 ^ clkbuf_4_1_0_wr_clk/X (sky130_fd_sc_hd__clkbuf_8)
                                                         clknet_4_1_0_wr_clk (net)
                      0.048064    0.000191    0.332554 ^ clkbuf_5_2__f_wr_clk/A (sky130_fd_sc_hd__clkbuf_16)
     5    0.015686    0.038172    0.122372    0.454926 ^ clkbuf_5_2__f_wr_clk/X (sky130_fd_sc_hd__clkbuf_16)
                                                         clknet_5_2__leaf_wr_clk (net)
                      0.038179    0.000426    0.455352 ^ _1136_/CLK (sky130_fd_sc_hd__dfxtp_2)
                                  0.100000    0.555352   clock uncertainty
                                  0.000000    0.555352   clock reconvergence pessimism
                                 -0.027791    0.527561   library hold time
                                              0.527561   data required time
---------------------------------------------------------------------------------------------
                                              0.527561   data required time
                                             -0.978515   data arrival time
---------------------------------------------------------------------------------------------
                                              0.450955   slack (MET)


Startpoint: _1110_ (rising edge-triggered flip-flop clocked by wr_clk)
Endpoint: _1110_ (rising edge-triggered flip-flop clocked by wr_clk)
Path Group: wr_clk
Path Type: min

Fanout         Cap        Slew       Delay        Time   Description
---------------------------------------------------------------------------------------------
                                  0.000000    0.000000   clock wr_clk (rise edge)
                                  0.000000    0.000000   clock source latency
     1    0.024374    0.000000    0.000000    0.000000 ^ wr_clk (in)
                                                         wr_clk (net)
                      0.001077    0.000538    0.000538 ^ clkbuf_0_wr_clk/A (sky130_fd_sc_hd__clkbuf_16)
    16    0.103304    0.118752    0.172854    0.173392 ^ clkbuf_0_wr_clk/X (sky130_fd_sc_hd__clkbuf_16)
                                                         clknet_0_wr_clk (net)
                      0.118881    0.003194    0.176586 ^ clkbuf_4_5_0_wr_clk/A (sky130_fd_sc_hd__clkbuf_8)
     2    0.018978    0.049855    0.157712    0.334298 ^ clkbuf_4_5_0_wr_clk/X (sky130_fd_sc_hd__clkbuf_8)
                                                         clknet_4_5_0_wr_clk (net)
                      0.049857    0.000368    0.334667 ^ clkbuf_5_10__f_wr_clk/A (sky130_fd_sc_hd__clkbuf_16)
     5    0.014211    0.036921    0.121616    0.456282 ^ clkbuf_5_10__f_wr_clk/X (sky130_fd_sc_hd__clkbuf_16)
                                                         clknet_5_10__leaf_wr_clk (net)
                      0.036921    0.000233    0.456516 ^ _1110_/CLK (sky130_fd_sc_hd__dfxtp_2)
     2    0.004448    0.036622    0.308106    0.764622 ^ _1110_/Q (sky130_fd_sc_hd__dfxtp_2)
                                                         u_fifomem.mem[15][0] (net)
                      0.036622    0.000026    0.764648 ^ _0891_/A1 (sky130_fd_sc_hd__mux2_2)
     1    0.003294    0.038904    0.133230    0.897878 ^ _0891_/X (sky130_fd_sc_hd__mux2_2)
                                                         _0425_ (net)
                      0.038904    0.000042    0.897920 ^ _0892_/A (sky130_fd_sc_hd__buf_1)
     1    0.002710    0.043081    0.077763    0.975683 ^ _0892_/X (sky130_fd_sc_hd__buf_1)
                                                         _0050_ (net)
                      0.043081    0.000032    0.975714 ^ _1110_/D (sky130_fd_sc_hd__dfxtp_2)
                                              0.975714   data arrival time

                                  0.000000    0.000000   clock wr_clk (rise edge)
                                  0.000000    0.000000   clock source latency
     1    0.024374    0.000000    0.000000    0.000000 ^ wr_clk (in)
                                                         wr_clk (net)
                      0.001077    0.000538    0.000538 ^ clkbuf_0_wr_clk/A (sky130_fd_sc_hd__clkbuf_16)
    16    0.103304    0.118752    0.172854    0.173392 ^ clkbuf_0_wr_clk/X (sky130_fd_sc_hd__clkbuf_16)
                                                         clknet_0_wr_clk (net)
                      0.118881    0.003194    0.176586 ^ clkbuf_4_5_0_wr_clk/A (sky130_fd_sc_hd__clkbuf_8)
     2    0.018978    0.049855    0.157712    0.334298 ^ clkbuf_4_5_0_wr_clk/X (sky130_fd_sc_hd__clkbuf_8)
                                                         clknet_4_5_0_wr_clk (net)
                      0.049857    0.000368    0.334667 ^ clkbuf_5_10__f_wr_clk/A (sky130_fd_sc_hd__clkbuf_16)
     5    0.014211    0.036921    0.121616    0.456282 ^ clkbuf_5_10__f_wr_clk/X (sky130_fd_sc_hd__clkbuf_16)
                                                         clknet_5_10__leaf_wr_clk (net)
                      0.036921    0.000233    0.456516 ^ _1110_/CLK (sky130_fd_sc_hd__dfxtp_2)
                                  0.100000    0.556516   clock uncertainty
                                  0.000000    0.556516   clock reconvergence pessimism
                                 -0.031855    0.524660   library hold time
                                              0.524660   data required time
---------------------------------------------------------------------------------------------
                                              0.524660   data required time
                                             -0.975714   data arrival time
---------------------------------------------------------------------------------------------
                                              0.451054   slack (MET)


Startpoint: _1167_ (rising edge-triggered flip-flop clocked by wr_clk)
Endpoint: _1167_ (rising edge-triggered flip-flop clocked by wr_clk)
Path Group: wr_clk
Path Type: min

Fanout         Cap        Slew       Delay        Time   Description
---------------------------------------------------------------------------------------------
                                  0.000000    0.000000   clock wr_clk (rise edge)
                                  0.000000    0.000000   clock source latency
     1    0.024374    0.000000    0.000000    0.000000 ^ wr_clk (in)
                                                         wr_clk (net)
                      0.001077    0.000538    0.000538 ^ clkbuf_0_wr_clk/A (sky130_fd_sc_hd__clkbuf_16)
    16    0.103304    0.118752    0.172854    0.173392 ^ clkbuf_0_wr_clk/X (sky130_fd_sc_hd__clkbuf_16)
                                                         clknet_0_wr_clk (net)
                      0.118799    0.001961    0.175353 ^ clkbuf_4_3_0_wr_clk/A (sky130_fd_sc_hd__clkbuf_8)
     2    0.019366    0.050447    0.158300    0.333653 ^ clkbuf_4_3_0_wr_clk/X (sky130_fd_sc_hd__clkbuf_8)
                                                         clknet_4_3_0_wr_clk (net)
                      0.050448    0.000263    0.333916 ^ clkbuf_5_7__f_wr_clk/A (sky130_fd_sc_hd__clkbuf_16)
     5    0.015654    0.038141    0.123253    0.457169 ^ clkbuf_5_7__f_wr_clk/X (sky130_fd_sc_hd__clkbuf_16)
                                                         clknet_5_7__leaf_wr_clk (net)
                      0.038141    0.000233    0.457402 ^ _1167_/CLK (sky130_fd_sc_hd__dfxtp_2)
     2    0.005443    0.041156    0.312274    0.769676 ^ _1167_/Q (sky130_fd_sc_hd__dfxtp_2)
                                                         u_fifomem.mem[7][1] (net)
                      0.041156    0.000063    0.769738 ^ _1013_/A1 (sky130_fd_sc_hd__mux2_2)
     1    0.003699    0.040907    0.137167    0.906905 ^ _1013_/X (sky130_fd_sc_hd__mux2_2)
                                                         _0490_ (net)
                      0.040907    0.000051    0.906956 ^ _1014_/A (sky130_fd_sc_hd__buf_1)
     1    0.001882    0.034300    0.071669    0.978625 ^ _1014_/X (sky130_fd_sc_hd__buf_1)
                                                         _0107_ (net)
                      0.034300    0.000016    0.978641 ^ _1167_/D (sky130_fd_sc_hd__dfxtp_2)
                                              0.978641   data arrival time

                                  0.000000    0.000000   clock wr_clk (rise edge)
                                  0.000000    0.000000   clock source latency
     1    0.024374    0.000000    0.000000    0.000000 ^ wr_clk (in)
                                                         wr_clk (net)
                      0.001077    0.000538    0.000538 ^ clkbuf_0_wr_clk/A (sky130_fd_sc_hd__clkbuf_16)
    16    0.103304    0.118752    0.172854    0.173392 ^ clkbuf_0_wr_clk/X (sky130_fd_sc_hd__clkbuf_16)
                                                         clknet_0_wr_clk (net)
                      0.118799    0.001961    0.175353 ^ clkbuf_4_3_0_wr_clk/A (sky130_fd_sc_hd__clkbuf_8)
     2    0.019366    0.050447    0.158300    0.333653 ^ clkbuf_4_3_0_wr_clk/X (sky130_fd_sc_hd__clkbuf_8)
                                                         clknet_4_3_0_wr_clk (net)
                      0.050448    0.000263    0.333916 ^ clkbuf_5_7__f_wr_clk/A (sky130_fd_sc_hd__clkbuf_16)
     5    0.015654    0.038141    0.123253    0.457169 ^ clkbuf_5_7__f_wr_clk/X (sky130_fd_sc_hd__clkbuf_16)
                                                         clknet_5_7__leaf_wr_clk (net)
                      0.038141    0.000233    0.457402 ^ _1167_/CLK (sky130_fd_sc_hd__dfxtp_2)
                                  0.100000    0.557402   clock uncertainty
                                  0.000000    0.557402   clock reconvergence pessimism
                                 -0.029874    0.527527   library hold time
                                              0.527527   data required time
---------------------------------------------------------------------------------------------
                                              0.527527   data required time
                                             -0.978641   data arrival time
---------------------------------------------------------------------------------------------
                                              0.451113   slack (MET)


Startpoint: _1185_ (rising edge-triggered flip-flop clocked by wr_clk)
Endpoint: _1185_ (rising edge-triggered flip-flop clocked by wr_clk)
Path Group: wr_clk
Path Type: min

Fanout         Cap        Slew       Delay        Time   Description
---------------------------------------------------------------------------------------------
                                  0.000000    0.000000   clock wr_clk (rise edge)
                                  0.000000    0.000000   clock source latency
     1    0.024374    0.000000    0.000000    0.000000 ^ wr_clk (in)
                                                         wr_clk (net)
                      0.001077    0.000538    0.000538 ^ clkbuf_0_wr_clk/A (sky130_fd_sc_hd__clkbuf_16)
    16    0.103304    0.118752    0.172854    0.173392 ^ clkbuf_0_wr_clk/X (sky130_fd_sc_hd__clkbuf_16)
                                                         clknet_0_wr_clk (net)
                      0.118752    0.000104    0.173496 ^ clkbuf_4_13_0_wr_clk/A (sky130_fd_sc_hd__clkbuf_8)
     2    0.018667    0.049352    0.157238    0.330735 ^ clkbuf_4_13_0_wr_clk/X (sky130_fd_sc_hd__clkbuf_8)
                                                         clknet_4_13_0_wr_clk (net)
                      0.049353    0.000278    0.331013 ^ clkbuf_5_26__f_wr_clk/A (sky130_fd_sc_hd__clkbuf_16)
     5    0.014898    0.037498    0.122156    0.453169 ^ clkbuf_5_26__f_wr_clk/X (sky130_fd_sc_hd__clkbuf_16)
                                                         clknet_5_26__leaf_wr_clk (net)
                      0.037498    0.000047    0.453215 ^ _1185_/CLK (sky130_fd_sc_hd__dfxtp_2)
     2    0.004848    0.038645    0.309821    0.763037 ^ _1185_/Q (sky130_fd_sc_hd__dfxtp_2)
                                                         u_fifomem.mem[9][3] (net)
                      0.038645    0.000021    0.763057 ^ _1052_/A0 (sky130_fd_sc_hd__mux2_2)
     1    0.003890    0.041896    0.136849    0.899906 ^ _1052_/X (sky130_fd_sc_hd__mux2_2)
                                                         _0511_ (net)
                      0.041896    0.000051    0.899957 ^ _1053_/A (sky130_fd_sc_hd__buf_1)
     1    0.002124    0.036834    0.073998    0.973955 ^ _1053_/X (sky130_fd_sc_hd__buf_1)
                                                         _0125_ (net)
                      0.036834    0.000019    0.973974 ^ _1185_/D (sky130_fd_sc_hd__dfxtp_2)
                                              0.973974   data arrival time

                                  0.000000    0.000000   clock wr_clk (rise edge)
                                  0.000000    0.000000   clock source latency
     1    0.024374    0.000000    0.000000    0.000000 ^ wr_clk (in)
                                                         wr_clk (net)
                      0.001077    0.000538    0.000538 ^ clkbuf_0_wr_clk/A (sky130_fd_sc_hd__clkbuf_16)
    16    0.103304    0.118752    0.172854    0.173392 ^ clkbuf_0_wr_clk/X (sky130_fd_sc_hd__clkbuf_16)
                                                         clknet_0_wr_clk (net)
                      0.118752    0.000104    0.173496 ^ clkbuf_4_13_0_wr_clk/A (sky130_fd_sc_hd__clkbuf_8)
     2    0.018667    0.049352    0.157238    0.330735 ^ clkbuf_4_13_0_wr_clk/X (sky130_fd_sc_hd__clkbuf_8)
                                                         clknet_4_13_0_wr_clk (net)
                      0.049353    0.000278    0.331013 ^ clkbuf_5_26__f_wr_clk/A (sky130_fd_sc_hd__clkbuf_16)
     5    0.014898    0.037498    0.122156    0.453169 ^ clkbuf_5_26__f_wr_clk/X (sky130_fd_sc_hd__clkbuf_16)
                                                         clknet_5_26__leaf_wr_clk (net)
                      0.037498    0.000047    0.453215 ^ _1185_/CLK (sky130_fd_sc_hd__dfxtp_2)
                                  0.100000    0.553215   clock uncertainty
                                  0.000000    0.553215   clock reconvergence pessimism
                                 -0.030484    0.522731   library hold time
                                              0.522731   data required time
---------------------------------------------------------------------------------------------
                                              0.522731   data required time
                                             -0.973974   data arrival time
---------------------------------------------------------------------------------------------
                                              0.451244   slack (MET)


Startpoint: _1081_ (rising edge-triggered flip-flop clocked by wr_clk)
Endpoint: _1081_ (rising edge-triggered flip-flop clocked by wr_clk)
Path Group: wr_clk
Path Type: min

Fanout         Cap        Slew       Delay        Time   Description
---------------------------------------------------------------------------------------------
                                  0.000000    0.000000   clock wr_clk (rise edge)
                                  0.000000    0.000000   clock source latency
     1    0.024374    0.000000    0.000000    0.000000 ^ wr_clk (in)
                                                         wr_clk (net)
                      0.001077    0.000538    0.000538 ^ clkbuf_0_wr_clk/A (sky130_fd_sc_hd__clkbuf_16)
    16    0.103304    0.118752    0.172854    0.173392 ^ clkbuf_0_wr_clk/X (sky130_fd_sc_hd__clkbuf_16)
                                                         clknet_0_wr_clk (net)
                      0.118752    0.000104    0.173496 ^ clkbuf_4_13_0_wr_clk/A (sky130_fd_sc_hd__clkbuf_8)
     2    0.018667    0.049352    0.157238    0.330735 ^ clkbuf_4_13_0_wr_clk/X (sky130_fd_sc_hd__clkbuf_8)
                                                         clknet_4_13_0_wr_clk (net)
                      0.049353    0.000278    0.331013 ^ clkbuf_5_26__f_wr_clk/A (sky130_fd_sc_hd__clkbuf_16)
     5    0.014898    0.037498    0.122156    0.453169 ^ clkbuf_5_26__f_wr_clk/X (sky130_fd_sc_hd__clkbuf_16)
                                                         clknet_5_26__leaf_wr_clk (net)
                      0.037498    0.000078    0.453246 ^ _1081_/CLK (sky130_fd_sc_hd__dfxtp_2)
     2    0.006049    0.043782    0.314306    0.767552 ^ _1081_/Q (sky130_fd_sc_hd__dfxtp_2)
                                                         u_fifomem.mem[11][3] (net)
                      0.043782    0.000041    0.767593 ^ _0826_/A1 (sky130_fd_sc_hd__mux2_2)
     1    0.003155    0.038239    0.134813    0.902407 ^ _0826_/X (sky130_fd_sc_hd__mux2_2)
                                                         _0389_ (net)
                      0.038239    0.000034    0.902440 ^ _0827_/A (sky130_fd_sc_hd__buf_1)
     1    0.001995    0.036653    0.071672    0.974112 ^ _0827_/X (sky130_fd_sc_hd__buf_1)
                                                         _0021_ (net)
                      0.036653    0.000009    0.974122 ^ _1081_/D (sky130_fd_sc_hd__dfxtp_2)
                                              0.974122   data arrival time

                                  0.000000    0.000000   clock wr_clk (rise edge)
                                  0.000000    0.000000   clock source latency
     1    0.024374    0.000000    0.000000    0.000000 ^ wr_clk (in)
                                                         wr_clk (net)
                      0.001077    0.000538    0.000538 ^ clkbuf_0_wr_clk/A (sky130_fd_sc_hd__clkbuf_16)
    16    0.103304    0.118752    0.172854    0.173392 ^ clkbuf_0_wr_clk/X (sky130_fd_sc_hd__clkbuf_16)
                                                         clknet_0_wr_clk (net)
                      0.118752    0.000104    0.173496 ^ clkbuf_4_13_0_wr_clk/A (sky130_fd_sc_hd__clkbuf_8)
     2    0.018667    0.049352    0.157238    0.330735 ^ clkbuf_4_13_0_wr_clk/X (sky130_fd_sc_hd__clkbuf_8)
                                                         clknet_4_13_0_wr_clk (net)
                      0.049353    0.000278    0.331013 ^ clkbuf_5_26__f_wr_clk/A (sky130_fd_sc_hd__clkbuf_16)
     5    0.014898    0.037498    0.122156    0.453169 ^ clkbuf_5_26__f_wr_clk/X (sky130_fd_sc_hd__clkbuf_16)
                                                         clknet_5_26__leaf_wr_clk (net)
                      0.037498    0.000078    0.453246 ^ _1081_/CLK (sky130_fd_sc_hd__dfxtp_2)
                                  0.100000    0.553246   clock uncertainty
                                  0.000000    0.553246   clock reconvergence pessimism
                                 -0.030447    0.522799   library hold time
                                              0.522799   data required time
---------------------------------------------------------------------------------------------
                                              0.522799   data required time
                                             -0.974122   data arrival time
---------------------------------------------------------------------------------------------
                                              0.451322   slack (MET)


Startpoint: _1077_ (rising edge-triggered flip-flop clocked by wr_clk)
Endpoint: _1077_ (rising edge-triggered flip-flop clocked by wr_clk)
Path Group: wr_clk
Path Type: min

Fanout         Cap        Slew       Delay        Time   Description
---------------------------------------------------------------------------------------------
                                  0.000000    0.000000   clock wr_clk (rise edge)
                                  0.000000    0.000000   clock source latency
     1    0.024374    0.000000    0.000000    0.000000 ^ wr_clk (in)
                                                         wr_clk (net)
                      0.001077    0.000538    0.000538 ^ clkbuf_0_wr_clk/A (sky130_fd_sc_hd__clkbuf_16)
    16    0.103304    0.118752    0.172854    0.173392 ^ clkbuf_0_wr_clk/X (sky130_fd_sc_hd__clkbuf_16)
                                                         clknet_0_wr_clk (net)
                      0.118891    0.003312    0.176704 ^ clkbuf_4_4_0_wr_clk/A (sky130_fd_sc_hd__clkbuf_8)
     2    0.018673    0.049333    0.157368    0.334072 ^ clkbuf_4_4_0_wr_clk/X (sky130_fd_sc_hd__clkbuf_8)
                                                         clknet_4_4_0_wr_clk (net)
                      0.049333    0.000185    0.334257 ^ clkbuf_5_8__f_wr_clk/A (sky130_fd_sc_hd__clkbuf_16)
     5    0.013038    0.035919    0.120350    0.454607 ^ clkbuf_5_8__f_wr_clk/X (sky130_fd_sc_hd__clkbuf_16)
                                                         clknet_5_8__leaf_wr_clk (net)
                      0.035919    0.000152    0.454759 ^ _1077_/CLK (sky130_fd_sc_hd__dfxtp_2)
     2    0.005583    0.041760    0.311974    0.766733 ^ _1077_/Q (sky130_fd_sc_hd__dfxtp_2)
                                                         u_fifomem.mem[10][7] (net)
                      0.041760    0.000060    0.766793 ^ _0817_/A0 (sky130_fd_sc_hd__mux2_2)
     1    0.001985    0.033108    0.126594    0.893387 ^ _0817_/X (sky130_fd_sc_hd__mux2_2)
                                                         _0384_ (net)
                      0.033108    0.000009    0.893395 ^ _0818_/A (sky130_fd_sc_hd__buf_2)
     1    0.002415    0.025276    0.084500    0.977896 ^ _0818_/X (sky130_fd_sc_hd__buf_2)
                                                         _0017_ (net)
                      0.025276    0.000026    0.977922 ^ _1077_/D (sky130_fd_sc_hd__dfxtp_2)
                                              0.977922   data arrival time

                                  0.000000    0.000000   clock wr_clk (rise edge)
                                  0.000000    0.000000   clock source latency
     1    0.024374    0.000000    0.000000    0.000000 ^ wr_clk (in)
                                                         wr_clk (net)
                      0.001077    0.000538    0.000538 ^ clkbuf_0_wr_clk/A (sky130_fd_sc_hd__clkbuf_16)
    16    0.103304    0.118752    0.172854    0.173392 ^ clkbuf_0_wr_clk/X (sky130_fd_sc_hd__clkbuf_16)
                                                         clknet_0_wr_clk (net)
                      0.118891    0.003312    0.176704 ^ clkbuf_4_4_0_wr_clk/A (sky130_fd_sc_hd__clkbuf_8)
     2    0.018673    0.049333    0.157368    0.334072 ^ clkbuf_4_4_0_wr_clk/X (sky130_fd_sc_hd__clkbuf_8)
                                                         clknet_4_4_0_wr_clk (net)
                      0.049333    0.000185    0.334257 ^ clkbuf_5_8__f_wr_clk/A (sky130_fd_sc_hd__clkbuf_16)
     5    0.013038    0.035919    0.120350    0.454607 ^ clkbuf_5_8__f_wr_clk/X (sky130_fd_sc_hd__clkbuf_16)
                                                         clknet_5_8__leaf_wr_clk (net)
                      0.035919    0.000152    0.454759 ^ _1077_/CLK (sky130_fd_sc_hd__dfxtp_2)
                                  0.100000    0.554759   clock uncertainty
                                  0.000000    0.554759   clock reconvergence pessimism
                                 -0.028295    0.526463   library hold time
                                              0.526463   data required time
---------------------------------------------------------------------------------------------
                                              0.526463   data required time
                                             -0.977922   data arrival time
---------------------------------------------------------------------------------------------
                                              0.451458   slack (MET)


Startpoint: _1129_ (rising edge-triggered flip-flop clocked by wr_clk)
Endpoint: _1129_ (rising edge-triggered flip-flop clocked by wr_clk)
Path Group: wr_clk
Path Type: min

Fanout         Cap        Slew       Delay        Time   Description
---------------------------------------------------------------------------------------------
                                  0.000000    0.000000   clock wr_clk (rise edge)
                                  0.000000    0.000000   clock source latency
     1    0.024374    0.000000    0.000000    0.000000 ^ wr_clk (in)
                                                         wr_clk (net)
                      0.001077    0.000538    0.000538 ^ clkbuf_0_wr_clk/A (sky130_fd_sc_hd__clkbuf_16)
    16    0.103304    0.118752    0.172854    0.173392 ^ clkbuf_0_wr_clk/X (sky130_fd_sc_hd__clkbuf_16)
                                                         clknet_0_wr_clk (net)
                      0.118782    0.001572    0.174964 ^ clkbuf_4_11_0_wr_clk/A (sky130_fd_sc_hd__clkbuf_8)
     2    0.017471    0.047469    0.155539    0.330504 ^ clkbuf_4_11_0_wr_clk/X (sky130_fd_sc_hd__clkbuf_8)
                                                         clknet_4_11_0_wr_clk (net)
                      0.047469    0.000128    0.330632 ^ clkbuf_5_23__f_wr_clk/A (sky130_fd_sc_hd__clkbuf_16)
     5    0.013820    0.036584    0.120427    0.451058 ^ clkbuf_5_23__f_wr_clk/X (sky130_fd_sc_hd__clkbuf_16)
                                                         clknet_5_23__leaf_wr_clk (net)
                      0.036584    0.000170    0.451228 ^ _1129_/CLK (sky130_fd_sc_hd__dfxtp_2)
     2    0.004668    0.037897    0.308809    0.760037 ^ _1129_/Q (sky130_fd_sc_hd__dfxtp_2)
                                                         u_fifomem.mem[2][3] (net)
                      0.037897    0.000026    0.760064 ^ _0931_/A0 (sky130_fd_sc_hd__mux2_2)
     1    0.002710    0.036261    0.129560    0.889624 ^ _0931_/X (sky130_fd_sc_hd__mux2_2)
                                                         _0446_ (net)
                      0.036261    0.000012    0.889636 ^ _0932_/A (sky130_fd_sc_hd__buf_4)
     1    0.001913    0.021757    0.085637    0.975273 ^ _0932_/X (sky130_fd_sc_hd__buf_4)
                                                         _0069_ (net)
                      0.021757    0.000016    0.975289 ^ _1129_/D (sky130_fd_sc_hd__dfxtp_2)
                                              0.975289   data arrival time

                                  0.000000    0.000000   clock wr_clk (rise edge)
                                  0.000000    0.000000   clock source latency
     1    0.024374    0.000000    0.000000    0.000000 ^ wr_clk (in)
                                                         wr_clk (net)
                      0.001077    0.000538    0.000538 ^ clkbuf_0_wr_clk/A (sky130_fd_sc_hd__clkbuf_16)
    16    0.103304    0.118752    0.172854    0.173392 ^ clkbuf_0_wr_clk/X (sky130_fd_sc_hd__clkbuf_16)
                                                         clknet_0_wr_clk (net)
                      0.118782    0.001572    0.174964 ^ clkbuf_4_11_0_wr_clk/A (sky130_fd_sc_hd__clkbuf_8)
     2    0.017471    0.047469    0.155539    0.330504 ^ clkbuf_4_11_0_wr_clk/X (sky130_fd_sc_hd__clkbuf_8)
                                                         clknet_4_11_0_wr_clk (net)
                      0.047469    0.000128    0.330632 ^ clkbuf_5_23__f_wr_clk/A (sky130_fd_sc_hd__clkbuf_16)
     5    0.013820    0.036584    0.120427    0.451058 ^ clkbuf_5_23__f_wr_clk/X (sky130_fd_sc_hd__clkbuf_16)
                                                         clknet_5_23__leaf_wr_clk (net)
                      0.036584    0.000170    0.451228 ^ _1129_/CLK (sky130_fd_sc_hd__dfxtp_2)
                                  0.100000    0.551228   clock uncertainty
                                  0.000000    0.551228   clock reconvergence pessimism
                                 -0.027479    0.523749   library hold time
                                              0.523749   data required time
---------------------------------------------------------------------------------------------
                                              0.523749   data required time
                                             -0.975289   data arrival time
---------------------------------------------------------------------------------------------
                                              0.451539   slack (MET)


Startpoint: _1137_ (rising edge-triggered flip-flop clocked by wr_clk)
Endpoint: _1137_ (rising edge-triggered flip-flop clocked by wr_clk)
Path Group: wr_clk
Path Type: min

Fanout         Cap        Slew       Delay        Time   Description
---------------------------------------------------------------------------------------------
                                  0.000000    0.000000   clock wr_clk (rise edge)
                                  0.000000    0.000000   clock source latency
     1    0.024374    0.000000    0.000000    0.000000 ^ wr_clk (in)
                                                         wr_clk (net)
                      0.001077    0.000538    0.000538 ^ clkbuf_0_wr_clk/A (sky130_fd_sc_hd__clkbuf_16)
    16    0.103304    0.118752    0.172854    0.173392 ^ clkbuf_0_wr_clk/X (sky130_fd_sc_hd__clkbuf_16)
                                                         clknet_0_wr_clk (net)
                      0.118777    0.001434    0.174826 ^ clkbuf_4_10_0_wr_clk/A (sky130_fd_sc_hd__clkbuf_8)
     2    0.019042    0.049921    0.157851    0.332677 ^ clkbuf_4_10_0_wr_clk/X (sky130_fd_sc_hd__clkbuf_8)
                                                         clknet_4_10_0_wr_clk (net)
                      0.049921    0.000235    0.332911 ^ clkbuf_5_20__f_wr_clk/A (sky130_fd_sc_hd__clkbuf_16)
     5    0.013183    0.036041    0.120721    0.453633 ^ clkbuf_5_20__f_wr_clk/X (sky130_fd_sc_hd__clkbuf_16)
                                                         clknet_5_20__leaf_wr_clk (net)
                      0.036041    0.000046    0.453678 ^ _1137_/CLK (sky130_fd_sc_hd__dfxtp_2)
     2    0.005090    0.039664    0.310187    0.763866 ^ _1137_/Q (sky130_fd_sc_hd__dfxtp_2)
                                                         u_fifomem.mem[3][3] (net)
                      0.039664    0.000028    0.763894 ^ _0948_/A0 (sky130_fd_sc_hd__mux2_2)
     1    0.002437    0.035083    0.128549    0.892443 ^ _0948_/X (sky130_fd_sc_hd__mux2_2)
                                                         _0455_ (net)
                      0.035083    0.000025    0.892468 ^ _0949_/A (sky130_fd_sc_hd__buf_2)
     1    0.002267    0.024681    0.084610    0.977078 ^ _0949_/X (sky130_fd_sc_hd__buf_2)
                                                         _0077_ (net)
                      0.024681    0.000021    0.977099 ^ _1137_/D (sky130_fd_sc_hd__dfxtp_2)
                                              0.977099   data arrival time

                                  0.000000    0.000000   clock wr_clk (rise edge)
                                  0.000000    0.000000   clock source latency
     1    0.024374    0.000000    0.000000    0.000000 ^ wr_clk (in)
                                                         wr_clk (net)
                      0.001077    0.000538    0.000538 ^ clkbuf_0_wr_clk/A (sky130_fd_sc_hd__clkbuf_16)
    16    0.103304    0.118752    0.172854    0.173392 ^ clkbuf_0_wr_clk/X (sky130_fd_sc_hd__clkbuf_16)
                                                         clknet_0_wr_clk (net)
                      0.118777    0.001434    0.174826 ^ clkbuf_4_10_0_wr_clk/A (sky130_fd_sc_hd__clkbuf_8)
     2    0.019042    0.049921    0.157851    0.332677 ^ clkbuf_4_10_0_wr_clk/X (sky130_fd_sc_hd__clkbuf_8)
                                                         clknet_4_10_0_wr_clk (net)
                      0.049921    0.000235    0.332911 ^ clkbuf_5_20__f_wr_clk/A (sky130_fd_sc_hd__clkbuf_16)
     5    0.013183    0.036041    0.120721    0.453633 ^ clkbuf_5_20__f_wr_clk/X (sky130_fd_sc_hd__clkbuf_16)
                                                         clknet_5_20__leaf_wr_clk (net)
                      0.036041    0.000046    0.453678 ^ _1137_/CLK (sky130_fd_sc_hd__dfxtp_2)
                                  0.100000    0.553678   clock uncertainty
                                  0.000000    0.553678   clock reconvergence pessimism
                                 -0.028156    0.525522   library hold time
                                              0.525522   data required time
---------------------------------------------------------------------------------------------
                                              0.525522   data required time
                                             -0.977099   data arrival time
---------------------------------------------------------------------------------------------
                                              0.451577   slack (MET)


Startpoint: _1156_ (rising edge-triggered flip-flop clocked by wr_clk)
Endpoint: _1156_ (rising edge-triggered flip-flop clocked by wr_clk)
Path Group: wr_clk
Path Type: min

Fanout         Cap        Slew       Delay        Time   Description
---------------------------------------------------------------------------------------------
                                  0.000000    0.000000   clock wr_clk (rise edge)
                                  0.000000    0.000000   clock source latency
     1    0.024374    0.000000    0.000000    0.000000 ^ wr_clk (in)
                                                         wr_clk (net)
                      0.001077    0.000538    0.000538 ^ clkbuf_0_wr_clk/A (sky130_fd_sc_hd__clkbuf_16)
    16    0.103304    0.118752    0.172854    0.173392 ^ clkbuf_0_wr_clk/X (sky130_fd_sc_hd__clkbuf_16)
                                                         clknet_0_wr_clk (net)
                      0.118752    0.000073    0.173465 ^ clkbuf_4_12_0_wr_clk/A (sky130_fd_sc_hd__clkbuf_8)
     2    0.019367    0.050450    0.158281    0.331746 ^ clkbuf_4_12_0_wr_clk/X (sky130_fd_sc_hd__clkbuf_8)
                                                         clknet_4_12_0_wr_clk (net)
                      0.050451    0.000354    0.332100 ^ clkbuf_5_25__f_wr_clk/A (sky130_fd_sc_hd__clkbuf_16)
     6    0.021455    0.043094    0.128785    0.460885 ^ clkbuf_5_25__f_wr_clk/X (sky130_fd_sc_hd__clkbuf_16)
                                                         clknet_5_25__leaf_wr_clk (net)
                      0.043095    0.000239    0.461124 ^ _1156_/CLK (sky130_fd_sc_hd__dfxtp_2)
     2    0.005574    0.041709    0.314599    0.775724 ^ _1156_/Q (sky130_fd_sc_hd__dfxtp_2)
                                                         u_fifomem.mem[5][6] (net)
                      0.041709    0.000052    0.775775 ^ _0989_/A0 (sky130_fd_sc_hd__mux2_2)
     1    0.003059    0.037827    0.132972    0.908748 ^ _0989_/X (sky130_fd_sc_hd__mux2_2)
                                                         _0477_ (net)
                      0.037827    0.000031    0.908779 ^ _0990_/A (sky130_fd_sc_hd__buf_1)
     1    0.002294    0.038627    0.073984    0.982763 ^ _0990_/X (sky130_fd_sc_hd__buf_1)
                                                         _0096_ (net)
                      0.038627    0.000013    0.982776 ^ _1156_/D (sky130_fd_sc_hd__dfxtp_2)
                                              0.982776   data arrival time

                                  0.000000    0.000000   clock wr_clk (rise edge)
                                  0.000000    0.000000   clock source latency
     1    0.024374    0.000000    0.000000    0.000000 ^ wr_clk (in)
                                                         wr_clk (net)
                      0.001077    0.000538    0.000538 ^ clkbuf_0_wr_clk/A (sky130_fd_sc_hd__clkbuf_16)
    16    0.103304    0.118752    0.172854    0.173392 ^ clkbuf_0_wr_clk/X (sky130_fd_sc_hd__clkbuf_16)
                                                         clknet_0_wr_clk (net)
                      0.118752    0.000073    0.173465 ^ clkbuf_4_12_0_wr_clk/A (sky130_fd_sc_hd__clkbuf_8)
     2    0.019367    0.050450    0.158281    0.331746 ^ clkbuf_4_12_0_wr_clk/X (sky130_fd_sc_hd__clkbuf_8)
                                                         clknet_4_12_0_wr_clk (net)
                      0.050451    0.000354    0.332100 ^ clkbuf_5_25__f_wr_clk/A (sky130_fd_sc_hd__clkbuf_16)
     6    0.021455    0.043094    0.128785    0.460885 ^ clkbuf_5_25__f_wr_clk/X (sky130_fd_sc_hd__clkbuf_16)
                                                         clknet_5_25__leaf_wr_clk (net)
                      0.043095    0.000239    0.461124 ^ _1156_/CLK (sky130_fd_sc_hd__dfxtp_2)
                                  0.100000    0.561124   clock uncertainty
                                  0.000000    0.561124   clock reconvergence pessimism
                                 -0.030120    0.531004   library hold time
                                              0.531004   data required time
---------------------------------------------------------------------------------------------
                                              0.531004   data required time
                                             -0.982776   data arrival time
---------------------------------------------------------------------------------------------
                                              0.451771   slack (MET)


Startpoint: _1159_ (rising edge-triggered flip-flop clocked by wr_clk)
Endpoint: _1159_ (rising edge-triggered flip-flop clocked by wr_clk)
Path Group: wr_clk
Path Type: min

Fanout         Cap        Slew       Delay        Time   Description
---------------------------------------------------------------------------------------------
                                  0.000000    0.000000   clock wr_clk (rise edge)
                                  0.000000    0.000000   clock source latency
     1    0.024374    0.000000    0.000000    0.000000 ^ wr_clk (in)
                                                         wr_clk (net)
                      0.001077    0.000538    0.000538 ^ clkbuf_0_wr_clk/A (sky130_fd_sc_hd__clkbuf_16)
    16    0.103304    0.118752    0.172854    0.173392 ^ clkbuf_0_wr_clk/X (sky130_fd_sc_hd__clkbuf_16)
                                                         clknet_0_wr_clk (net)
                      0.118752    0.000073    0.173465 ^ clkbuf_4_12_0_wr_clk/A (sky130_fd_sc_hd__clkbuf_8)
     2    0.019367    0.050450    0.158281    0.331746 ^ clkbuf_4_12_0_wr_clk/X (sky130_fd_sc_hd__clkbuf_8)
                                                         clknet_4_12_0_wr_clk (net)
                      0.050450    0.000275    0.332021 ^ clkbuf_5_24__f_wr_clk/A (sky130_fd_sc_hd__clkbuf_16)
     5    0.013695    0.036478    0.121388    0.453409 ^ clkbuf_5_24__f_wr_clk/X (sky130_fd_sc_hd__clkbuf_16)
                                                         clknet_5_24__leaf_wr_clk (net)
                      0.036478    0.000165    0.453574 ^ _1159_/CLK (sky130_fd_sc_hd__dfxtp_2)
     2    0.005372    0.040859    0.311392    0.764966 ^ _1159_/Q (sky130_fd_sc_hd__dfxtp_2)
                                                         u_fifomem.mem[6][1] (net)
                      0.040859    0.000055    0.765021 ^ _0996_/A0 (sky130_fd_sc_hd__mux2_2)
     1    0.002044    0.033368    0.126627    0.891647 ^ _0996_/X (sky130_fd_sc_hd__mux2_2)
                                                         _0481_ (net)
                      0.033368    0.000017    0.891664 ^ _0997_/A (sky130_fd_sc_hd__buf_2)
     1    0.002589    0.025974    0.085337    0.977001 ^ _0997_/X (sky130_fd_sc_hd__buf_2)
                                                         _0099_ (net)
                      0.025974    0.000029    0.977031 ^ _1159_/D (sky130_fd_sc_hd__dfxtp_2)
                                              0.977031   data arrival time

                                  0.000000    0.000000   clock wr_clk (rise edge)
                                  0.000000    0.000000   clock source latency
     1    0.024374    0.000000    0.000000    0.000000 ^ wr_clk (in)
                                                         wr_clk (net)
                      0.001077    0.000538    0.000538 ^ clkbuf_0_wr_clk/A (sky130_fd_sc_hd__clkbuf_16)
    16    0.103304    0.118752    0.172854    0.173392 ^ clkbuf_0_wr_clk/X (sky130_fd_sc_hd__clkbuf_16)
                                                         clknet_0_wr_clk (net)
                      0.118752    0.000073    0.173465 ^ clkbuf_4_12_0_wr_clk/A (sky130_fd_sc_hd__clkbuf_8)
     2    0.019367    0.050450    0.158281    0.331746 ^ clkbuf_4_12_0_wr_clk/X (sky130_fd_sc_hd__clkbuf_8)
                                                         clknet_4_12_0_wr_clk (net)
                      0.050450    0.000275    0.332021 ^ clkbuf_5_24__f_wr_clk/A (sky130_fd_sc_hd__clkbuf_16)
     5    0.013695    0.036478    0.121388    0.453409 ^ clkbuf_5_24__f_wr_clk/X (sky130_fd_sc_hd__clkbuf_16)
                                                         clknet_5_24__leaf_wr_clk (net)
                      0.036478    0.000165    0.453574 ^ _1159_/CLK (sky130_fd_sc_hd__dfxtp_2)
                                  0.100000    0.553574   clock uncertainty
                                  0.000000    0.553574   clock reconvergence pessimism
                                 -0.028367    0.525207   library hold time
                                              0.525207   data required time
---------------------------------------------------------------------------------------------
                                              0.525207   data required time
                                             -0.977031   data arrival time
---------------------------------------------------------------------------------------------
                                              0.451824   slack (MET)


Startpoint: _1181_ (rising edge-triggered flip-flop clocked by wr_clk)
Endpoint: _1181_ (rising edge-triggered flip-flop clocked by wr_clk)
Path Group: wr_clk
Path Type: min

Fanout         Cap        Slew       Delay        Time   Description
---------------------------------------------------------------------------------------------
                                  0.000000    0.000000   clock wr_clk (rise edge)
                                  0.000000    0.000000   clock source latency
     1    0.024374    0.000000    0.000000    0.000000 ^ wr_clk (in)
                                                         wr_clk (net)
                      0.001077    0.000538    0.000538 ^ clkbuf_0_wr_clk/A (sky130_fd_sc_hd__clkbuf_16)
    16    0.103304    0.118752    0.172854    0.173392 ^ clkbuf_0_wr_clk/X (sky130_fd_sc_hd__clkbuf_16)
                                                         clknet_0_wr_clk (net)
                      0.118891    0.003312    0.176704 ^ clkbuf_4_4_0_wr_clk/A (sky130_fd_sc_hd__clkbuf_8)
     2    0.018673    0.049333    0.157368    0.334072 ^ clkbuf_4_4_0_wr_clk/X (sky130_fd_sc_hd__clkbuf_8)
                                                         clknet_4_4_0_wr_clk (net)
                      0.049333    0.000185    0.334257 ^ clkbuf_5_8__f_wr_clk/A (sky130_fd_sc_hd__clkbuf_16)
     5    0.013038    0.035919    0.120350    0.454607 ^ clkbuf_5_8__f_wr_clk/X (sky130_fd_sc_hd__clkbuf_16)
                                                         clknet_5_8__leaf_wr_clk (net)
                      0.035919    0.000098    0.454705 ^ _1181_/CLK (sky130_fd_sc_hd__dfxtp_2)
     2    0.004784    0.038377    0.308985    0.763690 ^ _1181_/Q (sky130_fd_sc_hd__dfxtp_2)
                                                         u_fifomem.mem[8][7] (net)
                      0.038377    0.000041    0.763731 ^ _1043_/A0 (sky130_fd_sc_hd__mux2_2)
     1    0.003135    0.038107    0.132256    0.895986 ^ _1043_/X (sky130_fd_sc_hd__mux2_2)
                                                         _0506_ (net)
                      0.038107    0.000039    0.896026 ^ _1044_/A (sky130_fd_sc_hd__buf_1)
     1    0.002806    0.044114    0.078275    0.974300 ^ _1044_/X (sky130_fd_sc_hd__buf_1)
                                                         _0121_ (net)
                      0.044114    0.000034    0.974335 ^ _1181_/D (sky130_fd_sc_hd__dfxtp_2)
                                              0.974335   data arrival time

                                  0.000000    0.000000   clock wr_clk (rise edge)
                                  0.000000    0.000000   clock source latency
     1    0.024374    0.000000    0.000000    0.000000 ^ wr_clk (in)
                                                         wr_clk (net)
                      0.001077    0.000538    0.000538 ^ clkbuf_0_wr_clk/A (sky130_fd_sc_hd__clkbuf_16)
    16    0.103304    0.118752    0.172854    0.173392 ^ clkbuf_0_wr_clk/X (sky130_fd_sc_hd__clkbuf_16)
                                                         clknet_0_wr_clk (net)
                      0.118891    0.003312    0.176704 ^ clkbuf_4_4_0_wr_clk/A (sky130_fd_sc_hd__clkbuf_8)
     2    0.018673    0.049333    0.157368    0.334072 ^ clkbuf_4_4_0_wr_clk/X (sky130_fd_sc_hd__clkbuf_8)
                                                         clknet_4_4_0_wr_clk (net)
                      0.049333    0.000185    0.334257 ^ clkbuf_5_8__f_wr_clk/A (sky130_fd_sc_hd__clkbuf_16)
     5    0.013038    0.035919    0.120350    0.454607 ^ clkbuf_5_8__f_wr_clk/X (sky130_fd_sc_hd__clkbuf_16)
                                                         clknet_5_8__leaf_wr_clk (net)
                      0.035919    0.000098    0.454705 ^ _1181_/CLK (sky130_fd_sc_hd__dfxtp_2)
                                  0.100000    0.554705   clock uncertainty
                                  0.000000    0.554705   clock reconvergence pessimism
                                 -0.032201    0.522503   library hold time
                                              0.522503   data required time
---------------------------------------------------------------------------------------------
                                              0.522503   data required time
                                             -0.974335   data arrival time
---------------------------------------------------------------------------------------------
                                              0.451831   slack (MET)


Startpoint: _1165_ (rising edge-triggered flip-flop clocked by wr_clk)
Endpoint: _1165_ (rising edge-triggered flip-flop clocked by wr_clk)
Path Group: wr_clk
Path Type: min

Fanout         Cap        Slew       Delay        Time   Description
---------------------------------------------------------------------------------------------
                                  0.000000    0.000000   clock wr_clk (rise edge)
                                  0.000000    0.000000   clock source latency
     1    0.024374    0.000000    0.000000    0.000000 ^ wr_clk (in)
                                                         wr_clk (net)
                      0.001077    0.000538    0.000538 ^ clkbuf_0_wr_clk/A (sky130_fd_sc_hd__clkbuf_16)
    16    0.103304    0.118752    0.172854    0.173392 ^ clkbuf_0_wr_clk/X (sky130_fd_sc_hd__clkbuf_16)
                                                         clknet_0_wr_clk (net)
                      0.118788    0.001720    0.175112 ^ clkbuf_4_9_0_wr_clk/A (sky130_fd_sc_hd__clkbuf_8)
     2    0.018779    0.049532    0.157408    0.332520 ^ clkbuf_4_9_0_wr_clk/X (sky130_fd_sc_hd__clkbuf_8)
                                                         clknet_4_9_0_wr_clk (net)
                      0.049533    0.000287    0.332807 ^ clkbuf_5_18__f_wr_clk/A (sky130_fd_sc_hd__clkbuf_16)
     5    0.014405    0.037081    0.121731    0.454537 ^ clkbuf_5_18__f_wr_clk/X (sky130_fd_sc_hd__clkbuf_16)
                                                         clknet_5_18__leaf_wr_clk (net)
                      0.037081    0.000203    0.454740 ^ _1165_/CLK (sky130_fd_sc_hd__dfxtp_2)
     2    0.004703    0.038042    0.309125    0.763865 ^ _1165_/Q (sky130_fd_sc_hd__dfxtp_2)
                                                         u_fifomem.mem[6][7] (net)
                      0.038042    0.000028    0.763893 ^ _1008_/A0 (sky130_fd_sc_hd__mux2_2)
     1    0.002669    0.035928    0.129363    0.893256 ^ _1008_/X (sky130_fd_sc_hd__mux2_2)
                                                         _0487_ (net)
                      0.035928    0.000032    0.893288 ^ _1009_/A (sky130_fd_sc_hd__buf_2)
     1    0.002368    0.025082    0.085355    0.978643 ^ _1009_/X (sky130_fd_sc_hd__buf_2)
                                                         _0105_ (net)
                      0.025082    0.000026    0.978669 ^ _1165_/D (sky130_fd_sc_hd__dfxtp_2)
                                              0.978669   data arrival time

                                  0.000000    0.000000   clock wr_clk (rise edge)
                                  0.000000    0.000000   clock source latency
     1    0.024374    0.000000    0.000000    0.000000 ^ wr_clk (in)
                                                         wr_clk (net)
                      0.001077    0.000538    0.000538 ^ clkbuf_0_wr_clk/A (sky130_fd_sc_hd__clkbuf_16)
    16    0.103304    0.118752    0.172854    0.173392 ^ clkbuf_0_wr_clk/X (sky130_fd_sc_hd__clkbuf_16)
                                                         clknet_0_wr_clk (net)
                      0.118788    0.001720    0.175112 ^ clkbuf_4_9_0_wr_clk/A (sky130_fd_sc_hd__clkbuf_8)
     2    0.018779    0.049532    0.157408    0.332520 ^ clkbuf_4_9_0_wr_clk/X (sky130_fd_sc_hd__clkbuf_8)
                                                         clknet_4_9_0_wr_clk (net)
                      0.049533    0.000287    0.332807 ^ clkbuf_5_18__f_wr_clk/A (sky130_fd_sc_hd__clkbuf_16)
     5    0.014405    0.037081    0.121731    0.454537 ^ clkbuf_5_18__f_wr_clk/X (sky130_fd_sc_hd__clkbuf_16)
                                                         clknet_5_18__leaf_wr_clk (net)
                      0.037081    0.000203    0.454740 ^ _1165_/CLK (sky130_fd_sc_hd__dfxtp_2)
                                  0.100000    0.554740   clock uncertainty
                                  0.000000    0.554740   clock reconvergence pessimism
                                 -0.028103    0.526638   library hold time
                                              0.526638   data required time
---------------------------------------------------------------------------------------------
                                              0.526638   data required time
                                             -0.978669   data arrival time
---------------------------------------------------------------------------------------------
                                              0.452032   slack (MET)


Startpoint: _1088_ (rising edge-triggered flip-flop clocked by wr_clk)
Endpoint: _1088_ (rising edge-triggered flip-flop clocked by wr_clk)
Path Group: wr_clk
Path Type: min

Fanout         Cap        Slew       Delay        Time   Description
---------------------------------------------------------------------------------------------
                                  0.000000    0.000000   clock wr_clk (rise edge)
                                  0.000000    0.000000   clock source latency
     1    0.024374    0.000000    0.000000    0.000000 ^ wr_clk (in)
                                                         wr_clk (net)
                      0.001077    0.000538    0.000538 ^ clkbuf_0_wr_clk/A (sky130_fd_sc_hd__clkbuf_16)
    16    0.103304    0.118752    0.172854    0.173392 ^ clkbuf_0_wr_clk/X (sky130_fd_sc_hd__clkbuf_16)
                                                         clknet_0_wr_clk (net)
                      0.118911    0.003540    0.176932 ^ clkbuf_4_7_0_wr_clk/A (sky130_fd_sc_hd__clkbuf_8)
     2    0.018555    0.049139    0.157224    0.334157 ^ clkbuf_4_7_0_wr_clk/X (sky130_fd_sc_hd__clkbuf_8)
                                                         clknet_4_7_0_wr_clk (net)
                      0.049139    0.000035    0.334192 ^ clkbuf_5_14__f_wr_clk/A (sky130_fd_sc_hd__clkbuf_16)
     5    0.013697    0.036478    0.120925    0.455116 ^ clkbuf_5_14__f_wr_clk/X (sky130_fd_sc_hd__clkbuf_16)
                                                         clknet_5_14__leaf_wr_clk (net)
                      0.036478    0.000070    0.455187 ^ _1088_/CLK (sky130_fd_sc_hd__dfxtp_2)
     2    0.005956    0.043378    0.313566    0.768753 ^ _1088_/Q (sky130_fd_sc_hd__dfxtp_2)
                                                         u_fifomem.mem[12][2] (net)
                      0.043378    0.000092    0.768845 ^ _0842_/A0 (sky130_fd_sc_hd__mux2_2)
     1    0.003582    0.040333    0.136667    0.905512 ^ _0842_/X (sky130_fd_sc_hd__mux2_2)
                                                         _0398_ (net)
                      0.040333    0.000047    0.905559 ^ _0843_/A (sky130_fd_sc_hd__buf_1)
     1    0.001901    0.034497    0.071625    0.977184 ^ _0843_/X (sky130_fd_sc_hd__buf_1)
                                                         _0028_ (net)
                      0.034497    0.000016    0.977200 ^ _1088_/D (sky130_fd_sc_hd__dfxtp_2)
                                              0.977200   data arrival time

                                  0.000000    0.000000   clock wr_clk (rise edge)
                                  0.000000    0.000000   clock source latency
     1    0.024374    0.000000    0.000000    0.000000 ^ wr_clk (in)
                                                         wr_clk (net)
                      0.001077    0.000538    0.000538 ^ clkbuf_0_wr_clk/A (sky130_fd_sc_hd__clkbuf_16)
    16    0.103304    0.118752    0.172854    0.173392 ^ clkbuf_0_wr_clk/X (sky130_fd_sc_hd__clkbuf_16)
                                                         clknet_0_wr_clk (net)
                      0.118911    0.003540    0.176932 ^ clkbuf_4_7_0_wr_clk/A (sky130_fd_sc_hd__clkbuf_8)
     2    0.018555    0.049139    0.157224    0.334157 ^ clkbuf_4_7_0_wr_clk/X (sky130_fd_sc_hd__clkbuf_8)
                                                         clknet_4_7_0_wr_clk (net)
                      0.049139    0.000035    0.334192 ^ clkbuf_5_14__f_wr_clk/A (sky130_fd_sc_hd__clkbuf_16)
     5    0.013697    0.036478    0.120925    0.455116 ^ clkbuf_5_14__f_wr_clk/X (sky130_fd_sc_hd__clkbuf_16)
                                                         clknet_5_14__leaf_wr_clk (net)
                      0.036478    0.000070    0.455187 ^ _1088_/CLK (sky130_fd_sc_hd__dfxtp_2)
                                  0.100000    0.555187   clock uncertainty
                                  0.000000    0.555187   clock reconvergence pessimism
                                 -0.030134    0.525053   library hold time
                                              0.525053   data required time
---------------------------------------------------------------------------------------------
                                              0.525053   data required time
                                             -0.977200   data arrival time
---------------------------------------------------------------------------------------------
                                              0.452147   slack (MET)


Startpoint: _1114_ (rising edge-triggered flip-flop clocked by wr_clk)
Endpoint: _1114_ (rising edge-triggered flip-flop clocked by wr_clk)
Path Group: wr_clk
Path Type: min

Fanout         Cap        Slew       Delay        Time   Description
---------------------------------------------------------------------------------------------
                                  0.000000    0.000000   clock wr_clk (rise edge)
                                  0.000000    0.000000   clock source latency
     1    0.024374    0.000000    0.000000    0.000000 ^ wr_clk (in)
                                                         wr_clk (net)
                      0.001077    0.000538    0.000538 ^ clkbuf_0_wr_clk/A (sky130_fd_sc_hd__clkbuf_16)
    16    0.103304    0.118752    0.172854    0.173392 ^ clkbuf_0_wr_clk/X (sky130_fd_sc_hd__clkbuf_16)
                                                         clknet_0_wr_clk (net)
                      0.118829    0.002489    0.175881 ^ clkbuf_4_2_0_wr_clk/A (sky130_fd_sc_hd__clkbuf_8)
     2    0.018786    0.049496    0.157546    0.333427 ^ clkbuf_4_2_0_wr_clk/X (sky130_fd_sc_hd__clkbuf_8)
                                                         clknet_4_2_0_wr_clk (net)
                      0.049496    0.000083    0.333510 ^ clkbuf_5_5__f_wr_clk/A (sky130_fd_sc_hd__clkbuf_16)
     5    0.015741    0.038216    0.122971    0.456482 ^ clkbuf_5_5__f_wr_clk/X (sky130_fd_sc_hd__clkbuf_16)
                                                         clknet_5_5__leaf_wr_clk (net)
                      0.038216    0.000210    0.456691 ^ _1114_/CLK (sky130_fd_sc_hd__dfxtp_2)
     2    0.004959    0.039105    0.310500    0.767192 ^ _1114_/Q (sky130_fd_sc_hd__dfxtp_2)
                                                         u_fifomem.mem[15][4] (net)
                      0.039105    0.000040    0.767231 ^ _0899_/A1 (sky130_fd_sc_hd__mux2_2)
     1    0.004008    0.042506    0.138318    0.905550 ^ _0899_/X (sky130_fd_sc_hd__mux2_2)
                                                         _0429_ (net)
                      0.042506    0.000054    0.905603 ^ _0900_/A (sky130_fd_sc_hd__buf_1)
     1    0.001976    0.036452    0.073003    0.978606 ^ _0900_/X (sky130_fd_sc_hd__buf_1)
                                                         _0054_ (net)
                      0.036452    0.000009    0.978615 ^ _1114_/D (sky130_fd_sc_hd__dfxtp_2)
                                              0.978615   data arrival time

                                  0.000000    0.000000   clock wr_clk (rise edge)
                                  0.000000    0.000000   clock source latency
     1    0.024374    0.000000    0.000000    0.000000 ^ wr_clk (in)
                                                         wr_clk (net)
                      0.001077    0.000538    0.000538 ^ clkbuf_0_wr_clk/A (sky130_fd_sc_hd__clkbuf_16)
    16    0.103304    0.118752    0.172854    0.173392 ^ clkbuf_0_wr_clk/X (sky130_fd_sc_hd__clkbuf_16)
                                                         clknet_0_wr_clk (net)
                      0.118829    0.002489    0.175881 ^ clkbuf_4_2_0_wr_clk/A (sky130_fd_sc_hd__clkbuf_8)
     2    0.018786    0.049496    0.157546    0.333427 ^ clkbuf_4_2_0_wr_clk/X (sky130_fd_sc_hd__clkbuf_8)
                                                         clknet_4_2_0_wr_clk (net)
                      0.049496    0.000083    0.333510 ^ clkbuf_5_5__f_wr_clk/A (sky130_fd_sc_hd__clkbuf_16)
     5    0.015741    0.038216    0.122971    0.456482 ^ clkbuf_5_5__f_wr_clk/X (sky130_fd_sc_hd__clkbuf_16)
                                                         clknet_5_5__leaf_wr_clk (net)
                      0.038216    0.000210    0.456691 ^ _1114_/CLK (sky130_fd_sc_hd__dfxtp_2)
                                  0.100000    0.556691   clock uncertainty
                                  0.000000    0.556691   clock reconvergence pessimism
                                 -0.030311    0.526381   library hold time
                                              0.526381   data required time
---------------------------------------------------------------------------------------------
                                              0.526381   data required time
                                             -0.978615   data arrival time
---------------------------------------------------------------------------------------------
                                              0.452234   slack (MET)


Startpoint: _1158_ (rising edge-triggered flip-flop clocked by wr_clk)
Endpoint: _1158_ (rising edge-triggered flip-flop clocked by wr_clk)
Path Group: wr_clk
Path Type: min

Fanout         Cap        Slew       Delay        Time   Description
---------------------------------------------------------------------------------------------
                                  0.000000    0.000000   clock wr_clk (rise edge)
                                  0.000000    0.000000   clock source latency
     1    0.024374    0.000000    0.000000    0.000000 ^ wr_clk (in)
                                                         wr_clk (net)
                      0.001077    0.000538    0.000538 ^ clkbuf_0_wr_clk/A (sky130_fd_sc_hd__clkbuf_16)
    16    0.103304    0.118752    0.172854    0.173392 ^ clkbuf_0_wr_clk/X (sky130_fd_sc_hd__clkbuf_16)
                                                         clknet_0_wr_clk (net)
                      0.118829    0.002489    0.175881 ^ clkbuf_4_2_0_wr_clk/A (sky130_fd_sc_hd__clkbuf_8)
     2    0.018786    0.049496    0.157546    0.333427 ^ clkbuf_4_2_0_wr_clk/X (sky130_fd_sc_hd__clkbuf_8)
                                                         clknet_4_2_0_wr_clk (net)
                      0.049496    0.000149    0.333576 ^ clkbuf_5_4__f_wr_clk/A (sky130_fd_sc_hd__clkbuf_16)
     5    0.015069    0.037644    0.122356    0.455933 ^ clkbuf_5_4__f_wr_clk/X (sky130_fd_sc_hd__clkbuf_16)
                                                         clknet_5_4__leaf_wr_clk (net)
                      0.037644    0.000203    0.456136 ^ _1158_/CLK (sky130_fd_sc_hd__dfxtp_2)
     2    0.005710    0.042315    0.313101    0.769237 ^ _1158_/Q (sky130_fd_sc_hd__dfxtp_2)
                                                         u_fifomem.mem[6][0] (net)
                      0.042315    0.000041    0.769278 ^ _0994_/A0 (sky130_fd_sc_hd__mux2_2)
     1    0.001909    0.032772    0.126335    0.895613 ^ _0994_/X (sky130_fd_sc_hd__mux2_2)
                                                         _0480_ (net)
                      0.032772    0.000007    0.895620 ^ _0995_/A (sky130_fd_sc_hd__buf_2)
     1    0.002483    0.025546    0.084662    0.980283 ^ _0995_/X (sky130_fd_sc_hd__buf_2)
                                                         _0098_ (net)
                      0.025546    0.000026    0.980308 ^ _1158_/D (sky130_fd_sc_hd__dfxtp_2)
                                              0.980308   data arrival time

                                  0.000000    0.000000   clock wr_clk (rise edge)
                                  0.000000    0.000000   clock source latency
     1    0.024374    0.000000    0.000000    0.000000 ^ wr_clk (in)
                                                         wr_clk (net)
                      0.001077    0.000538    0.000538 ^ clkbuf_0_wr_clk/A (sky130_fd_sc_hd__clkbuf_16)
    16    0.103304    0.118752    0.172854    0.173392 ^ clkbuf_0_wr_clk/X (sky130_fd_sc_hd__clkbuf_16)
                                                         clknet_0_wr_clk (net)
                      0.118829    0.002489    0.175881 ^ clkbuf_4_2_0_wr_clk/A (sky130_fd_sc_hd__clkbuf_8)
     2    0.018786    0.049496    0.157546    0.333427 ^ clkbuf_4_2_0_wr_clk/X (sky130_fd_sc_hd__clkbuf_8)
                                                         clknet_4_2_0_wr_clk (net)
                      0.049496    0.000149    0.333576 ^ clkbuf_5_4__f_wr_clk/A (sky130_fd_sc_hd__clkbuf_16)
     5    0.015069    0.037644    0.122356    0.455933 ^ clkbuf_5_4__f_wr_clk/X (sky130_fd_sc_hd__clkbuf_16)
                                                         clknet_5_4__leaf_wr_clk (net)
                      0.037644    0.000203    0.456136 ^ _1158_/CLK (sky130_fd_sc_hd__dfxtp_2)
                                  0.100000    0.556136   clock uncertainty
                                  0.000000    0.556136   clock reconvergence pessimism
                                 -0.028125    0.528011   library hold time
                                              0.528011   data required time
---------------------------------------------------------------------------------------------
                                              0.528011   data required time
                                             -0.980308   data arrival time
---------------------------------------------------------------------------------------------
                                              0.452297   slack (MET)


Startpoint: _1145_ (rising edge-triggered flip-flop clocked by wr_clk)
Endpoint: _1145_ (rising edge-triggered flip-flop clocked by wr_clk)
Path Group: wr_clk
Path Type: min

Fanout         Cap        Slew       Delay        Time   Description
---------------------------------------------------------------------------------------------
                                  0.000000    0.000000   clock wr_clk (rise edge)
                                  0.000000    0.000000   clock source latency
     1    0.024374    0.000000    0.000000    0.000000 ^ wr_clk (in)
                                                         wr_clk (net)
                      0.001077    0.000538    0.000538 ^ clkbuf_0_wr_clk/A (sky130_fd_sc_hd__clkbuf_16)
    16    0.103304    0.118752    0.172854    0.173392 ^ clkbuf_0_wr_clk/X (sky130_fd_sc_hd__clkbuf_16)
                                                         clknet_0_wr_clk (net)
                      0.118782    0.001572    0.174964 ^ clkbuf_4_11_0_wr_clk/A (sky130_fd_sc_hd__clkbuf_8)
     2    0.017471    0.047469    0.155539    0.330504 ^ clkbuf_4_11_0_wr_clk/X (sky130_fd_sc_hd__clkbuf_8)
                                                         clknet_4_11_0_wr_clk (net)
                      0.047469    0.000128    0.330632 ^ clkbuf_5_23__f_wr_clk/A (sky130_fd_sc_hd__clkbuf_16)
     5    0.013820    0.036584    0.120427    0.451058 ^ clkbuf_5_23__f_wr_clk/X (sky130_fd_sc_hd__clkbuf_16)
                                                         clknet_5_23__leaf_wr_clk (net)
                      0.036584    0.000007    0.451065 ^ _1145_/CLK (sky130_fd_sc_hd__dfxtp_2)
     2    0.005397    0.040964    0.311526    0.762591 ^ _1145_/Q (sky130_fd_sc_hd__dfxtp_2)
                                                         u_fifomem.mem[4][3] (net)
                      0.040964    0.000063    0.762654 ^ _0966_/A0 (sky130_fd_sc_hd__mux2_2)
     1    0.003486    0.039617    0.135250    0.897904 ^ _0966_/X (sky130_fd_sc_hd__mux2_2)
                                                         _0465_ (net)
                      0.039617    0.000048    0.897952 ^ _0967_/A (sky130_fd_sc_hd__buf_1)
     1    0.002298    0.038665    0.074630    0.972582 ^ _0967_/X (sky130_fd_sc_hd__buf_1)
                                                         _0085_ (net)
                      0.038665    0.000023    0.972605 ^ _1145_/D (sky130_fd_sc_hd__dfxtp_2)
                                              0.972605   data arrival time

                                  0.000000    0.000000   clock wr_clk (rise edge)
                                  0.000000    0.000000   clock source latency
     1    0.024374    0.000000    0.000000    0.000000 ^ wr_clk (in)
                                                         wr_clk (net)
                      0.001077    0.000538    0.000538 ^ clkbuf_0_wr_clk/A (sky130_fd_sc_hd__clkbuf_16)
    16    0.103304    0.118752    0.172854    0.173392 ^ clkbuf_0_wr_clk/X (sky130_fd_sc_hd__clkbuf_16)
                                                         clknet_0_wr_clk (net)
                      0.118782    0.001572    0.174964 ^ clkbuf_4_11_0_wr_clk/A (sky130_fd_sc_hd__clkbuf_8)
     2    0.017471    0.047469    0.155539    0.330504 ^ clkbuf_4_11_0_wr_clk/X (sky130_fd_sc_hd__clkbuf_8)
                                                         clknet_4_11_0_wr_clk (net)
                      0.047469    0.000128    0.330632 ^ clkbuf_5_23__f_wr_clk/A (sky130_fd_sc_hd__clkbuf_16)
     5    0.013820    0.036584    0.120427    0.451058 ^ clkbuf_5_23__f_wr_clk/X (sky130_fd_sc_hd__clkbuf_16)
                                                         clknet_5_23__leaf_wr_clk (net)
                      0.036584    0.000007    0.451065 ^ _1145_/CLK (sky130_fd_sc_hd__dfxtp_2)
                                  0.100000    0.551065   clock uncertainty
                                  0.000000    0.551065   clock reconvergence pessimism
                                 -0.030984    0.520081   library hold time
                                              0.520081   data required time
---------------------------------------------------------------------------------------------
                                              0.520081   data required time
                                             -0.972605   data arrival time
---------------------------------------------------------------------------------------------
                                              0.452524   slack (MET)


Startpoint: _1141_ (rising edge-triggered flip-flop clocked by wr_clk)
Endpoint: _1141_ (rising edge-triggered flip-flop clocked by wr_clk)
Path Group: wr_clk
Path Type: min

Fanout         Cap        Slew       Delay        Time   Description
---------------------------------------------------------------------------------------------
                                  0.000000    0.000000   clock wr_clk (rise edge)
                                  0.000000    0.000000   clock source latency
     1    0.024374    0.000000    0.000000    0.000000 ^ wr_clk (in)
                                                         wr_clk (net)
                      0.001077    0.000538    0.000538 ^ clkbuf_0_wr_clk/A (sky130_fd_sc_hd__clkbuf_16)
    16    0.103304    0.118752    0.172854    0.173392 ^ clkbuf_0_wr_clk/X (sky130_fd_sc_hd__clkbuf_16)
                                                         clknet_0_wr_clk (net)
                      0.118853    0.002844    0.176237 ^ clkbuf_4_1_0_wr_clk/A (sky130_fd_sc_hd__clkbuf_8)
     2    0.017853    0.048064    0.156127    0.332364 ^ clkbuf_4_1_0_wr_clk/X (sky130_fd_sc_hd__clkbuf_8)
                                                         clknet_4_1_0_wr_clk (net)
                      0.048064    0.000191    0.332554 ^ clkbuf_5_2__f_wr_clk/A (sky130_fd_sc_hd__clkbuf_16)
     5    0.015686    0.038172    0.122372    0.454926 ^ clkbuf_5_2__f_wr_clk/X (sky130_fd_sc_hd__clkbuf_16)
                                                         clknet_5_2__leaf_wr_clk (net)
                      0.038172    0.000339    0.455265 ^ _1141_/CLK (sky130_fd_sc_hd__dfxtp_2)
     2    0.006029    0.043691    0.314479    0.769744 ^ _1141_/Q (sky130_fd_sc_hd__dfxtp_2)
                                                         u_fifomem.mem[3][7] (net)
                      0.043691    0.000042    0.769786 ^ _0956_/A0 (sky130_fd_sc_hd__mux2_2)
     1    0.001905    0.032753    0.126791    0.896577 ^ _0956_/X (sky130_fd_sc_hd__mux2_2)
                                                         _0459_ (net)
                      0.032753    0.000007    0.896584 ^ _0957_/A (sky130_fd_sc_hd__buf_2)
     1    0.002216    0.024482    0.083520    0.980104 ^ _0957_/X (sky130_fd_sc_hd__buf_2)
                                                         _0081_ (net)
                      0.024482    0.000021    0.980125 ^ _1141_/D (sky130_fd_sc_hd__dfxtp_2)
                                              0.980125   data arrival time

                                  0.000000    0.000000   clock wr_clk (rise edge)
                                  0.000000    0.000000   clock source latency
     1    0.024374    0.000000    0.000000    0.000000 ^ wr_clk (in)
                                                         wr_clk (net)
                      0.001077    0.000538    0.000538 ^ clkbuf_0_wr_clk/A (sky130_fd_sc_hd__clkbuf_16)
    16    0.103304    0.118752    0.172854    0.173392 ^ clkbuf_0_wr_clk/X (sky130_fd_sc_hd__clkbuf_16)
                                                         clknet_0_wr_clk (net)
                      0.118853    0.002844    0.176237 ^ clkbuf_4_1_0_wr_clk/A (sky130_fd_sc_hd__clkbuf_8)
     2    0.017853    0.048064    0.156127    0.332364 ^ clkbuf_4_1_0_wr_clk/X (sky130_fd_sc_hd__clkbuf_8)
                                                         clknet_4_1_0_wr_clk (net)
                      0.048064    0.000191    0.332554 ^ clkbuf_5_2__f_wr_clk/A (sky130_fd_sc_hd__clkbuf_16)
     5    0.015686    0.038172    0.122372    0.454926 ^ clkbuf_5_2__f_wr_clk/X (sky130_fd_sc_hd__clkbuf_16)
                                                         clknet_5_2__leaf_wr_clk (net)
                      0.038172    0.000339    0.455265 ^ _1141_/CLK (sky130_fd_sc_hd__dfxtp_2)
                                  0.100000    0.555265   clock uncertainty
                                  0.000000    0.555265   clock reconvergence pessimism
                                 -0.027835    0.527429   library hold time
                                              0.527429   data required time
---------------------------------------------------------------------------------------------
                                              0.527429   data required time
                                             -0.980125   data arrival time
---------------------------------------------------------------------------------------------
                                              0.452696   slack (MET)


Startpoint: _1116_ (rising edge-triggered flip-flop clocked by wr_clk)
Endpoint: _1116_ (rising edge-triggered flip-flop clocked by wr_clk)
Path Group: wr_clk
Path Type: min

Fanout         Cap        Slew       Delay        Time   Description
---------------------------------------------------------------------------------------------
                                  0.000000    0.000000   clock wr_clk (rise edge)
                                  0.000000    0.000000   clock source latency
     1    0.024374    0.000000    0.000000    0.000000 ^ wr_clk (in)
                                                         wr_clk (net)
                      0.001077    0.000538    0.000538 ^ clkbuf_0_wr_clk/A (sky130_fd_sc_hd__clkbuf_16)
    16    0.103304    0.118752    0.172854    0.173392 ^ clkbuf_0_wr_clk/X (sky130_fd_sc_hd__clkbuf_16)
                                                         clknet_0_wr_clk (net)
                      0.118911    0.003540    0.176932 ^ clkbuf_4_7_0_wr_clk/A (sky130_fd_sc_hd__clkbuf_8)
     2    0.018555    0.049139    0.157224    0.334157 ^ clkbuf_4_7_0_wr_clk/X (sky130_fd_sc_hd__clkbuf_8)
                                                         clknet_4_7_0_wr_clk (net)
                      0.049139    0.000202    0.334359 ^ clkbuf_5_15__f_wr_clk/A (sky130_fd_sc_hd__clkbuf_16)
     5    0.013680    0.036465    0.120900    0.455259 ^ clkbuf_5_15__f_wr_clk/X (sky130_fd_sc_hd__clkbuf_16)
                                                         clknet_5_15__leaf_wr_clk (net)
                      0.036465    0.000137    0.455396 ^ _1116_/CLK (sky130_fd_sc_hd__dfxtp_2)
     2    0.005425    0.041085    0.311596    0.766992 ^ _1116_/Q (sky130_fd_sc_hd__dfxtp_2)
                                                         u_fifomem.mem[15][6] (net)
                      0.041085    0.000035    0.767027 ^ _0903_/A1 (sky130_fd_sc_hd__mux2_2)
     1    0.003096    0.037991    0.133557    0.900585 ^ _0903_/X (sky130_fd_sc_hd__mux2_2)
                                                         _0431_ (net)
                      0.037991    0.000038    0.900623 ^ _0904_/A (sky130_fd_sc_hd__buf_1)
     1    0.002527    0.041109    0.075945    0.976568 ^ _0904_/X (sky130_fd_sc_hd__buf_1)
                                                         _0056_ (net)
                      0.041109    0.000027    0.976595 ^ _1116_/D (sky130_fd_sc_hd__dfxtp_2)
                                              0.976595   data arrival time

                                  0.000000    0.000000   clock wr_clk (rise edge)
                                  0.000000    0.000000   clock source latency
     1    0.024374    0.000000    0.000000    0.000000 ^ wr_clk (in)
                                                         wr_clk (net)
                      0.001077    0.000538    0.000538 ^ clkbuf_0_wr_clk/A (sky130_fd_sc_hd__clkbuf_16)
    16    0.103304    0.118752    0.172854    0.173392 ^ clkbuf_0_wr_clk/X (sky130_fd_sc_hd__clkbuf_16)
                                                         clknet_0_wr_clk (net)
                      0.118911    0.003540    0.176932 ^ clkbuf_4_7_0_wr_clk/A (sky130_fd_sc_hd__clkbuf_8)
     2    0.018555    0.049139    0.157224    0.334157 ^ clkbuf_4_7_0_wr_clk/X (sky130_fd_sc_hd__clkbuf_8)
                                                         clknet_4_7_0_wr_clk (net)
                      0.049139    0.000202    0.334359 ^ clkbuf_5_15__f_wr_clk/A (sky130_fd_sc_hd__clkbuf_16)
     5    0.013680    0.036465    0.120900    0.455259 ^ clkbuf_5_15__f_wr_clk/X (sky130_fd_sc_hd__clkbuf_16)
                                                         clknet_5_15__leaf_wr_clk (net)
                      0.036465    0.000137    0.455396 ^ _1116_/CLK (sky130_fd_sc_hd__dfxtp_2)
                                  0.100000    0.555396   clock uncertainty
                                  0.000000    0.555396   clock reconvergence pessimism
                                 -0.031506    0.523890   library hold time
                                              0.523890   data required time
---------------------------------------------------------------------------------------------
                                              0.523890   data required time
                                             -0.976595   data arrival time
---------------------------------------------------------------------------------------------
                                              0.452706   slack (MET)


Startpoint: _1098_ (rising edge-triggered flip-flop clocked by wr_clk)
Endpoint: _1098_ (rising edge-triggered flip-flop clocked by wr_clk)
Path Group: wr_clk
Path Type: min

Fanout         Cap        Slew       Delay        Time   Description
---------------------------------------------------------------------------------------------
                                  0.000000    0.000000   clock wr_clk (rise edge)
                                  0.000000    0.000000   clock source latency
     1    0.024374    0.000000    0.000000    0.000000 ^ wr_clk (in)
                                                         wr_clk (net)
                      0.001077    0.000538    0.000538 ^ clkbuf_0_wr_clk/A (sky130_fd_sc_hd__clkbuf_16)
    16    0.103304    0.118752    0.172854    0.173392 ^ clkbuf_0_wr_clk/X (sky130_fd_sc_hd__clkbuf_16)
                                                         clknet_0_wr_clk (net)
                      0.118799    0.001961    0.175353 ^ clkbuf_4_3_0_wr_clk/A (sky130_fd_sc_hd__clkbuf_8)
     2    0.019366    0.050447    0.158300    0.333653 ^ clkbuf_4_3_0_wr_clk/X (sky130_fd_sc_hd__clkbuf_8)
                                                         clknet_4_3_0_wr_clk (net)
                      0.050449    0.000359    0.334011 ^ clkbuf_5_6__f_wr_clk/A (sky130_fd_sc_hd__clkbuf_16)
     5    0.013885    0.036637    0.121581    0.455592 ^ clkbuf_5_6__f_wr_clk/X (sky130_fd_sc_hd__clkbuf_16)
                                                         clknet_5_6__leaf_wr_clk (net)
                      0.036637    0.000079    0.455672 ^ _1098_/CLK (sky130_fd_sc_hd__dfxtp_2)
     2    0.004960    0.039112    0.309914    0.765586 ^ _1098_/Q (sky130_fd_sc_hd__dfxtp_2)
                                                         u_fifomem.mem[13][4] (net)
                      0.039112    0.000048    0.765634 ^ _0864_/A0 (sky130_fd_sc_hd__mux2_2)
     1    0.002353    0.034618    0.127859    0.893494 ^ _0864_/X (sky130_fd_sc_hd__mux2_2)
                                                         _0410_ (net)
                      0.034618    0.000010    0.893503 ^ _0865_/A (sky130_fd_sc_hd__buf_1)
     1    0.003352    0.050039    0.081511    0.975014 ^ _0865_/X (sky130_fd_sc_hd__buf_1)
                                                         _0038_ (net)
                      0.050039    0.000049    0.975063 ^ _1098_/D (sky130_fd_sc_hd__dfxtp_2)
                                              0.975063   data arrival time

                                  0.000000    0.000000   clock wr_clk (rise edge)
                                  0.000000    0.000000   clock source latency
     1    0.024374    0.000000    0.000000    0.000000 ^ wr_clk (in)
                                                         wr_clk (net)
                      0.001077    0.000538    0.000538 ^ clkbuf_0_wr_clk/A (sky130_fd_sc_hd__clkbuf_16)
    16    0.103304    0.118752    0.172854    0.173392 ^ clkbuf_0_wr_clk/X (sky130_fd_sc_hd__clkbuf_16)
                                                         clknet_0_wr_clk (net)
                      0.118799    0.001961    0.175353 ^ clkbuf_4_3_0_wr_clk/A (sky130_fd_sc_hd__clkbuf_8)
     2    0.019366    0.050447    0.158300    0.333653 ^ clkbuf_4_3_0_wr_clk/X (sky130_fd_sc_hd__clkbuf_8)
                                                         clknet_4_3_0_wr_clk (net)
                      0.050449    0.000359    0.334011 ^ clkbuf_5_6__f_wr_clk/A (sky130_fd_sc_hd__clkbuf_16)
     5    0.013885    0.036637    0.121581    0.455592 ^ clkbuf_5_6__f_wr_clk/X (sky130_fd_sc_hd__clkbuf_16)
                                                         clknet_5_6__leaf_wr_clk (net)
                      0.036637    0.000079    0.455672 ^ _1098_/CLK (sky130_fd_sc_hd__dfxtp_2)
                                  0.100000    0.555672   clock uncertainty
                                  0.000000    0.555672   clock reconvergence pessimism
                                 -0.033335    0.522336   library hold time
                                              0.522336   data required time
---------------------------------------------------------------------------------------------
                                              0.522336   data required time
                                             -0.975063   data arrival time
---------------------------------------------------------------------------------------------
                                              0.452727   slack (MET)


Startpoint: _1076_ (rising edge-triggered flip-flop clocked by wr_clk)
Endpoint: _1076_ (rising edge-triggered flip-flop clocked by wr_clk)
Path Group: wr_clk
Path Type: min

Fanout         Cap        Slew       Delay        Time   Description
---------------------------------------------------------------------------------------------
                                  0.000000    0.000000   clock wr_clk (rise edge)
                                  0.000000    0.000000   clock source latency
     1    0.024374    0.000000    0.000000    0.000000 ^ wr_clk (in)
                                                         wr_clk (net)
                      0.001077    0.000538    0.000538 ^ clkbuf_0_wr_clk/A (sky130_fd_sc_hd__clkbuf_16)
    16    0.103304    0.118752    0.172854    0.173392 ^ clkbuf_0_wr_clk/X (sky130_fd_sc_hd__clkbuf_16)
                                                         clknet_0_wr_clk (net)
                      0.118909    0.003519    0.176911 ^ clkbuf_4_6_0_wr_clk/A (sky130_fd_sc_hd__clkbuf_8)
     2    0.018259    0.048694    0.156750    0.333662 ^ clkbuf_4_6_0_wr_clk/X (sky130_fd_sc_hd__clkbuf_8)
                                                         clknet_4_6_0_wr_clk (net)
                      0.048694    0.000208    0.333870 ^ clkbuf_5_13__f_wr_clk/A (sky130_fd_sc_hd__clkbuf_16)
     5    0.014840    0.037452    0.121824    0.455694 ^ clkbuf_5_13__f_wr_clk/X (sky130_fd_sc_hd__clkbuf_16)
                                                         clknet_5_13__leaf_wr_clk (net)
                      0.037452    0.000225    0.455919 ^ _1076_/CLK (sky130_fd_sc_hd__dfxtp_2)
     2    0.005948    0.043343    0.313906    0.769825 ^ _1076_/Q (sky130_fd_sc_hd__dfxtp_2)
                                                         u_fifomem.mem[10][6] (net)
                      0.043343    0.000040    0.769865 ^ _0815_/A0 (sky130_fd_sc_hd__mux2_2)
     1    0.001988    0.033118    0.127162    0.897028 ^ _0815_/X (sky130_fd_sc_hd__mux2_2)
                                                         _0383_ (net)
                      0.033118    0.000009    0.897036 ^ _0816_/A (sky130_fd_sc_hd__buf_2)
     1    0.002253    0.024628    0.083814    0.980850 ^ _0816_/X (sky130_fd_sc_hd__buf_2)
                                                         _0016_ (net)
                      0.024628    0.000021    0.980871 ^ _1076_/D (sky130_fd_sc_hd__dfxtp_2)
                                              0.980871   data arrival time

                                  0.000000    0.000000   clock wr_clk (rise edge)
                                  0.000000    0.000000   clock source latency
     1    0.024374    0.000000    0.000000    0.000000 ^ wr_clk (in)
                                                         wr_clk (net)
                      0.001077    0.000538    0.000538 ^ clkbuf_0_wr_clk/A (sky130_fd_sc_hd__clkbuf_16)
    16    0.103304    0.118752    0.172854    0.173392 ^ clkbuf_0_wr_clk/X (sky130_fd_sc_hd__clkbuf_16)
                                                         clknet_0_wr_clk (net)
                      0.118909    0.003519    0.176911 ^ clkbuf_4_6_0_wr_clk/A (sky130_fd_sc_hd__clkbuf_8)
     2    0.018259    0.048694    0.156750    0.333662 ^ clkbuf_4_6_0_wr_clk/X (sky130_fd_sc_hd__clkbuf_8)
                                                         clknet_4_6_0_wr_clk (net)
                      0.048694    0.000208    0.333870 ^ clkbuf_5_13__f_wr_clk/A (sky130_fd_sc_hd__clkbuf_16)
     5    0.014840    0.037452    0.121824    0.455694 ^ clkbuf_5_13__f_wr_clk/X (sky130_fd_sc_hd__clkbuf_16)
                                                         clknet_5_13__leaf_wr_clk (net)
                      0.037452    0.000225    0.455919 ^ _1076_/CLK (sky130_fd_sc_hd__dfxtp_2)
                                  0.100000    0.555919   clock uncertainty
                                  0.000000    0.555919   clock reconvergence pessimism
                                 -0.027960    0.527959   library hold time
                                              0.527959   data required time
---------------------------------------------------------------------------------------------
                                              0.527959   data required time
                                             -0.980871   data arrival time
---------------------------------------------------------------------------------------------
                                              0.452913   slack (MET)


Startpoint: _1064_ (rising edge-triggered flip-flop clocked by wr_clk)
Endpoint: _1064_ (rising edge-triggered flip-flop clocked by wr_clk)
Path Group: wr_clk
Path Type: min

Fanout         Cap        Slew       Delay        Time   Description
---------------------------------------------------------------------------------------------
                                  0.000000    0.000000   clock wr_clk (rise edge)
                                  0.000000    0.000000   clock source latency
     1    0.024374    0.000000    0.000000    0.000000 ^ wr_clk (in)
                                                         wr_clk (net)
                      0.001077    0.000538    0.000538 ^ clkbuf_0_wr_clk/A (sky130_fd_sc_hd__clkbuf_16)
    16    0.103304    0.118752    0.172854    0.173392 ^ clkbuf_0_wr_clk/X (sky130_fd_sc_hd__clkbuf_16)
                                                         clknet_0_wr_clk (net)
                      0.118854    0.002852    0.176244 ^ clkbuf_4_0_0_wr_clk/A (sky130_fd_sc_hd__clkbuf_8)
     2    0.018188    0.048610    0.156555    0.332799 ^ clkbuf_4_0_0_wr_clk/X (sky130_fd_sc_hd__clkbuf_8)
                                                         clknet_4_0_0_wr_clk (net)
                      0.048611    0.000330    0.333129 ^ clkbuf_5_1__f_wr_clk/A (sky130_fd_sc_hd__clkbuf_16)
     5    0.015170    0.037736    0.122061    0.455190 ^ clkbuf_5_1__f_wr_clk/X (sky130_fd_sc_hd__clkbuf_16)
                                                         clknet_5_1__leaf_wr_clk (net)
                      0.037736    0.000374    0.455564 ^ _1064_/CLK (sky130_fd_sc_hd__dfxtp_2)
     2    0.005782    0.042616    0.313395    0.768960 ^ _1064_/Q (sky130_fd_sc_hd__dfxtp_2)
                                                         u_fifomem.mem[0][2] (net)
                      0.042616    0.000051    0.769011 ^ _0790_/A0 (sky130_fd_sc_hd__mux2_2)
     1    0.003604    0.040156    0.136534    0.905545 ^ _0790_/X (sky130_fd_sc_hd__mux2_2)
                                                         _0370_ (net)
                      0.040156    0.000048    0.905593 ^ _0791_/A (sky130_fd_sc_hd__buf_1)
     1    0.002075    0.036319    0.072993    0.978586 ^ _0791_/X (sky130_fd_sc_hd__buf_1)
                                                         _0004_ (net)
                      0.036319    0.000019    0.978605 ^ _1064_/D (sky130_fd_sc_hd__dfxtp_2)
                                              0.978605   data arrival time

                                  0.000000    0.000000   clock wr_clk (rise edge)
                                  0.000000    0.000000   clock source latency
     1    0.024374    0.000000    0.000000    0.000000 ^ wr_clk (in)
                                                         wr_clk (net)
                      0.001077    0.000538    0.000538 ^ clkbuf_0_wr_clk/A (sky130_fd_sc_hd__clkbuf_16)
    16    0.103304    0.118752    0.172854    0.173392 ^ clkbuf_0_wr_clk/X (sky130_fd_sc_hd__clkbuf_16)
                                                         clknet_0_wr_clk (net)
                      0.118854    0.002852    0.176244 ^ clkbuf_4_0_0_wr_clk/A (sky130_fd_sc_hd__clkbuf_8)
     2    0.018188    0.048610    0.156555    0.332799 ^ clkbuf_4_0_0_wr_clk/X (sky130_fd_sc_hd__clkbuf_8)
                                                         clknet_4_0_0_wr_clk (net)
                      0.048611    0.000330    0.333129 ^ clkbuf_5_1__f_wr_clk/A (sky130_fd_sc_hd__clkbuf_16)
     5    0.015170    0.037736    0.122061    0.455190 ^ clkbuf_5_1__f_wr_clk/X (sky130_fd_sc_hd__clkbuf_16)
                                                         clknet_5_1__leaf_wr_clk (net)
                      0.037736    0.000374    0.455564 ^ _1064_/CLK (sky130_fd_sc_hd__dfxtp_2)
                                  0.100000    0.555564   clock uncertainty
                                  0.000000    0.555564   clock reconvergence pessimism
                                 -0.030346    0.525218   library hold time
                                              0.525218   data required time
---------------------------------------------------------------------------------------------
                                              0.525218   data required time
                                             -0.978605   data arrival time
---------------------------------------------------------------------------------------------
                                              0.453387   slack (MET)


Startpoint: _1109_ (rising edge-triggered flip-flop clocked by wr_clk)
Endpoint: _1109_ (rising edge-triggered flip-flop clocked by wr_clk)
Path Group: wr_clk
Path Type: min

Fanout         Cap        Slew       Delay        Time   Description
---------------------------------------------------------------------------------------------
                                  0.000000    0.000000   clock wr_clk (rise edge)
                                  0.000000    0.000000   clock source latency
     1    0.024374    0.000000    0.000000    0.000000 ^ wr_clk (in)
                                                         wr_clk (net)
                      0.001077    0.000538    0.000538 ^ clkbuf_0_wr_clk/A (sky130_fd_sc_hd__clkbuf_16)
    16    0.103304    0.118752    0.172854    0.173392 ^ clkbuf_0_wr_clk/X (sky130_fd_sc_hd__clkbuf_16)
                                                         clknet_0_wr_clk (net)
                      0.118829    0.002489    0.175881 ^ clkbuf_4_2_0_wr_clk/A (sky130_fd_sc_hd__clkbuf_8)
     2    0.018786    0.049496    0.157546    0.333427 ^ clkbuf_4_2_0_wr_clk/X (sky130_fd_sc_hd__clkbuf_8)
                                                         clknet_4_2_0_wr_clk (net)
                      0.049496    0.000083    0.333510 ^ clkbuf_5_5__f_wr_clk/A (sky130_fd_sc_hd__clkbuf_16)
     5    0.015741    0.038216    0.122971    0.456482 ^ clkbuf_5_5__f_wr_clk/X (sky130_fd_sc_hd__clkbuf_16)
                                                         clknet_5_5__leaf_wr_clk (net)
                      0.038216    0.000243    0.456724 ^ _1109_/CLK (sky130_fd_sc_hd__dfxtp_2)
     2    0.005381    0.040895    0.312074    0.768798 ^ _1109_/Q (sky130_fd_sc_hd__dfxtp_2)
                                                         u_fifomem.mem[14][7] (net)
                      0.040895    0.000056    0.768854 ^ _0888_/A0 (sky130_fd_sc_hd__mux2_2)
     1    0.002633    0.035795    0.130147    0.899001 ^ _0888_/X (sky130_fd_sc_hd__mux2_2)
                                                         _0423_ (net)
                      0.035795    0.000028    0.899029 ^ _0889_/A (sky130_fd_sc_hd__buf_2)
     1    0.002024    0.023709    0.083841    0.982870 ^ _0889_/X (sky130_fd_sc_hd__buf_2)
                                                         _0049_ (net)
                      0.023709    0.000018    0.982888 ^ _1109_/D (sky130_fd_sc_hd__dfxtp_2)
                                              0.982888   data arrival time

                                  0.000000    0.000000   clock wr_clk (rise edge)
                                  0.000000    0.000000   clock source latency
     1    0.024374    0.000000    0.000000    0.000000 ^ wr_clk (in)
                                                         wr_clk (net)
                      0.001077    0.000538    0.000538 ^ clkbuf_0_wr_clk/A (sky130_fd_sc_hd__clkbuf_16)
    16    0.103304    0.118752    0.172854    0.173392 ^ clkbuf_0_wr_clk/X (sky130_fd_sc_hd__clkbuf_16)
                                                         clknet_0_wr_clk (net)
                      0.118829    0.002489    0.175881 ^ clkbuf_4_2_0_wr_clk/A (sky130_fd_sc_hd__clkbuf_8)
     2    0.018786    0.049496    0.157546    0.333427 ^ clkbuf_4_2_0_wr_clk/X (sky130_fd_sc_hd__clkbuf_8)
                                                         clknet_4_2_0_wr_clk (net)
                      0.049496    0.000083    0.333510 ^ clkbuf_5_5__f_wr_clk/A (sky130_fd_sc_hd__clkbuf_16)
     5    0.015741    0.038216    0.122971    0.456482 ^ clkbuf_5_5__f_wr_clk/X (sky130_fd_sc_hd__clkbuf_16)
                                                         clknet_5_5__leaf_wr_clk (net)
                      0.038216    0.000243    0.456724 ^ _1109_/CLK (sky130_fd_sc_hd__dfxtp_2)
                                  0.100000    0.556724   clock uncertainty
                                  0.000000    0.556724   clock reconvergence pessimism
                                 -0.027669    0.529055   library hold time
                                              0.529055   data required time
---------------------------------------------------------------------------------------------
                                              0.529055   data required time
                                             -0.982888   data arrival time
---------------------------------------------------------------------------------------------
                                              0.453833   slack (MET)


Startpoint: _1187_ (rising edge-triggered flip-flop clocked by wr_clk)
Endpoint: _1187_ (rising edge-triggered flip-flop clocked by wr_clk)
Path Group: wr_clk
Path Type: min

Fanout         Cap        Slew       Delay        Time   Description
---------------------------------------------------------------------------------------------
                                  0.000000    0.000000   clock wr_clk (rise edge)
                                  0.000000    0.000000   clock source latency
     1    0.024374    0.000000    0.000000    0.000000 ^ wr_clk (in)
                                                         wr_clk (net)
                      0.001077    0.000538    0.000538 ^ clkbuf_0_wr_clk/A (sky130_fd_sc_hd__clkbuf_16)
    16    0.103304    0.118752    0.172854    0.173392 ^ clkbuf_0_wr_clk/X (sky130_fd_sc_hd__clkbuf_16)
                                                         clknet_0_wr_clk (net)
                      0.118799    0.001961    0.175353 ^ clkbuf_4_3_0_wr_clk/A (sky130_fd_sc_hd__clkbuf_8)
     2    0.019366    0.050447    0.158300    0.333653 ^ clkbuf_4_3_0_wr_clk/X (sky130_fd_sc_hd__clkbuf_8)
                                                         clknet_4_3_0_wr_clk (net)
                      0.050448    0.000263    0.333916 ^ clkbuf_5_7__f_wr_clk/A (sky130_fd_sc_hd__clkbuf_16)
     5    0.015654    0.038141    0.123253    0.457169 ^ clkbuf_5_7__f_wr_clk/X (sky130_fd_sc_hd__clkbuf_16)
                                                         clknet_5_7__leaf_wr_clk (net)
                      0.038141    0.000062    0.457231 ^ _1187_/CLK (sky130_fd_sc_hd__dfxtp_2)
     2    0.005845    0.042884    0.313769    0.771000 ^ _1187_/Q (sky130_fd_sc_hd__dfxtp_2)
                                                         u_fifomem.mem[9][5] (net)
                      0.042884    0.000095    0.771095 ^ _1056_/A0 (sky130_fd_sc_hd__mux2_2)
     1    0.003838    0.041632    0.138020    0.909114 ^ _1056_/X (sky130_fd_sc_hd__mux2_2)
                                                         _0513_ (net)
                      0.041632    0.000057    0.909171 ^ _1057_/A (sky130_fd_sc_hd__buf_1)
     1    0.001894    0.034430    0.072021    0.981193 ^ _1057_/X (sky130_fd_sc_hd__buf_1)
                                                         _0127_ (net)
                      0.034430    0.000016    0.981209 ^ _1187_/D (sky130_fd_sc_hd__dfxtp_2)
                                              0.981209   data arrival time

                                  0.000000    0.000000   clock wr_clk (rise edge)
                                  0.000000    0.000000   clock source latency
     1    0.024374    0.000000    0.000000    0.000000 ^ wr_clk (in)
                                                         wr_clk (net)
                      0.001077    0.000538    0.000538 ^ clkbuf_0_wr_clk/A (sky130_fd_sc_hd__clkbuf_16)
    16    0.103304    0.118752    0.172854    0.173392 ^ clkbuf_0_wr_clk/X (sky130_fd_sc_hd__clkbuf_16)
                                                         clknet_0_wr_clk (net)
                      0.118799    0.001961    0.175353 ^ clkbuf_4_3_0_wr_clk/A (sky130_fd_sc_hd__clkbuf_8)
     2    0.019366    0.050447    0.158300    0.333653 ^ clkbuf_4_3_0_wr_clk/X (sky130_fd_sc_hd__clkbuf_8)
                                                         clknet_4_3_0_wr_clk (net)
                      0.050448    0.000263    0.333916 ^ clkbuf_5_7__f_wr_clk/A (sky130_fd_sc_hd__clkbuf_16)
     5    0.015654    0.038141    0.123253    0.457169 ^ clkbuf_5_7__f_wr_clk/X (sky130_fd_sc_hd__clkbuf_16)
                                                         clknet_5_7__leaf_wr_clk (net)
                      0.038141    0.000062    0.457231 ^ _1187_/CLK (sky130_fd_sc_hd__dfxtp_2)
                                  0.100000    0.557231   clock uncertainty
                                  0.000000    0.557231   clock reconvergence pessimism
                                 -0.029901    0.527330   library hold time
                                              0.527330   data required time
---------------------------------------------------------------------------------------------
                                              0.527330   data required time
                                             -0.981209   data arrival time
---------------------------------------------------------------------------------------------
                                              0.453879   slack (MET)


Startpoint: _1171_ (rising edge-triggered flip-flop clocked by wr_clk)
Endpoint: _1171_ (rising edge-triggered flip-flop clocked by wr_clk)
Path Group: wr_clk
Path Type: min

Fanout         Cap        Slew       Delay        Time   Description
---------------------------------------------------------------------------------------------
                                  0.000000    0.000000   clock wr_clk (rise edge)
                                  0.000000    0.000000   clock source latency
     1    0.024374    0.000000    0.000000    0.000000 ^ wr_clk (in)
                                                         wr_clk (net)
                      0.001077    0.000538    0.000538 ^ clkbuf_0_wr_clk/A (sky130_fd_sc_hd__clkbuf_16)
    16    0.103304    0.118752    0.172854    0.173392 ^ clkbuf_0_wr_clk/X (sky130_fd_sc_hd__clkbuf_16)
                                                         clknet_0_wr_clk (net)
                      0.118782    0.001572    0.174964 ^ clkbuf_4_11_0_wr_clk/A (sky130_fd_sc_hd__clkbuf_8)
     2    0.017471    0.047469    0.155539    0.330504 ^ clkbuf_4_11_0_wr_clk/X (sky130_fd_sc_hd__clkbuf_8)
                                                         clknet_4_11_0_wr_clk (net)
                      0.047469    0.000161    0.330664 ^ clkbuf_5_22__f_wr_clk/A (sky130_fd_sc_hd__clkbuf_16)
     5    0.014498    0.037161    0.121066    0.451730 ^ clkbuf_5_22__f_wr_clk/X (sky130_fd_sc_hd__clkbuf_16)
                                                         clknet_5_22__leaf_wr_clk (net)
                      0.037161    0.000105    0.451836 ^ _1171_/CLK (sky130_fd_sc_hd__dfxtp_2)
     2    0.005599    0.041829    0.312490    0.764326 ^ _1171_/Q (sky130_fd_sc_hd__dfxtp_2)
                                                         u_fifomem.mem[7][5] (net)
                      0.041829    0.000065    0.764390 ^ _1021_/A1 (sky130_fd_sc_hd__mux2_2)
     1    0.003486    0.039842    0.136125    0.900515 ^ _1021_/X (sky130_fd_sc_hd__mux2_2)
                                                         _0494_ (net)
                      0.039842    0.000048    0.900563 ^ _1022_/A (sky130_fd_sc_hd__buf_1)
     1    0.002259    0.038253    0.074389    0.974952 ^ _1022_/X (sky130_fd_sc_hd__buf_1)
                                                         _0111_ (net)
                      0.038253    0.000023    0.974975 ^ _1171_/D (sky130_fd_sc_hd__dfxtp_2)
                                              0.974975   data arrival time

                                  0.000000    0.000000   clock wr_clk (rise edge)
                                  0.000000    0.000000   clock source latency
     1    0.024374    0.000000    0.000000    0.000000 ^ wr_clk (in)
                                                         wr_clk (net)
                      0.001077    0.000538    0.000538 ^ clkbuf_0_wr_clk/A (sky130_fd_sc_hd__clkbuf_16)
    16    0.103304    0.118752    0.172854    0.173392 ^ clkbuf_0_wr_clk/X (sky130_fd_sc_hd__clkbuf_16)
                                                         clknet_0_wr_clk (net)
                      0.118782    0.001572    0.174964 ^ clkbuf_4_11_0_wr_clk/A (sky130_fd_sc_hd__clkbuf_8)
     2    0.017471    0.047469    0.155539    0.330504 ^ clkbuf_4_11_0_wr_clk/X (sky130_fd_sc_hd__clkbuf_8)
                                                         clknet_4_11_0_wr_clk (net)
                      0.047469    0.000161    0.330664 ^ clkbuf_5_22__f_wr_clk/A (sky130_fd_sc_hd__clkbuf_16)
     5    0.014498    0.037161    0.121066    0.451730 ^ clkbuf_5_22__f_wr_clk/X (sky130_fd_sc_hd__clkbuf_16)
                                                         clknet_5_22__leaf_wr_clk (net)
                      0.037161    0.000105    0.451836 ^ _1171_/CLK (sky130_fd_sc_hd__dfxtp_2)
                                  0.100000    0.551836   clock uncertainty
                                  0.000000    0.551836   clock reconvergence pessimism
                                 -0.030823    0.521013   library hold time
                                              0.521013   data required time
---------------------------------------------------------------------------------------------
                                              0.521013   data required time
                                             -0.974975   data arrival time
---------------------------------------------------------------------------------------------
                                              0.453962   slack (MET)


Startpoint: _1103_ (rising edge-triggered flip-flop clocked by wr_clk)
Endpoint: _1103_ (rising edge-triggered flip-flop clocked by wr_clk)
Path Group: wr_clk
Path Type: min

Fanout         Cap        Slew       Delay        Time   Description
---------------------------------------------------------------------------------------------
                                  0.000000    0.000000   clock wr_clk (rise edge)
                                  0.000000    0.000000   clock source latency
     1    0.024374    0.000000    0.000000    0.000000 ^ wr_clk (in)
                                                         wr_clk (net)
                      0.001077    0.000538    0.000538 ^ clkbuf_0_wr_clk/A (sky130_fd_sc_hd__clkbuf_16)
    16    0.103304    0.118752    0.172854    0.173392 ^ clkbuf_0_wr_clk/X (sky130_fd_sc_hd__clkbuf_16)
                                                         clknet_0_wr_clk (net)
                      0.118881    0.003194    0.176586 ^ clkbuf_4_5_0_wr_clk/A (sky130_fd_sc_hd__clkbuf_8)
     2    0.018978    0.049855    0.157712    0.334298 ^ clkbuf_4_5_0_wr_clk/X (sky130_fd_sc_hd__clkbuf_8)
                                                         clknet_4_5_0_wr_clk (net)
                      0.049858    0.000408    0.334706 ^ clkbuf_5_11__f_wr_clk/A (sky130_fd_sc_hd__clkbuf_16)
     5    0.013443    0.036264    0.120930    0.455637 ^ clkbuf_5_11__f_wr_clk/X (sky130_fd_sc_hd__clkbuf_16)
                                                         clknet_5_11__leaf_wr_clk (net)
                      0.036264    0.000037    0.455674 ^ _1103_/CLK (sky130_fd_sc_hd__dfxtp_2)
     2    0.005225    0.040232    0.310770    0.766444 ^ _1103_/Q (sky130_fd_sc_hd__dfxtp_2)
                                                         u_fifomem.mem[14][1] (net)
                      0.040232    0.000035    0.766479 ^ _0876_/A0 (sky130_fd_sc_hd__mux2_2)
     1    0.002942    0.037312    0.131755    0.898234 ^ _0876_/X (sky130_fd_sc_hd__mux2_2)
                                                         _0417_ (net)
                      0.037312    0.000037    0.898271 ^ _0877_/A (sky130_fd_sc_hd__buf_2)
     1    0.001847    0.022997    0.083653    0.981924 ^ _0877_/X (sky130_fd_sc_hd__buf_2)
                                                         _0043_ (net)
                      0.022997    0.000015    0.981939 ^ _1103_/D (sky130_fd_sc_hd__dfxtp_2)
                                              0.981939   data arrival time

                                  0.000000    0.000000   clock wr_clk (rise edge)
                                  0.000000    0.000000   clock source latency
     1    0.024374    0.000000    0.000000    0.000000 ^ wr_clk (in)
                                                         wr_clk (net)
                      0.001077    0.000538    0.000538 ^ clkbuf_0_wr_clk/A (sky130_fd_sc_hd__clkbuf_16)
    16    0.103304    0.118752    0.172854    0.173392 ^ clkbuf_0_wr_clk/X (sky130_fd_sc_hd__clkbuf_16)
                                                         clknet_0_wr_clk (net)
                      0.118881    0.003194    0.176586 ^ clkbuf_4_5_0_wr_clk/A (sky130_fd_sc_hd__clkbuf_8)
     2    0.018978    0.049855    0.157712    0.334298 ^ clkbuf_4_5_0_wr_clk/X (sky130_fd_sc_hd__clkbuf_8)
                                                         clknet_4_5_0_wr_clk (net)
                      0.049858    0.000408    0.334706 ^ clkbuf_5_11__f_wr_clk/A (sky130_fd_sc_hd__clkbuf_16)
     5    0.013443    0.036264    0.120930    0.455637 ^ clkbuf_5_11__f_wr_clk/X (sky130_fd_sc_hd__clkbuf_16)
                                                         clknet_5_11__leaf_wr_clk (net)
                      0.036264    0.000037    0.455674 ^ _1103_/CLK (sky130_fd_sc_hd__dfxtp_2)
                                  0.100000    0.555674   clock uncertainty
                                  0.000000    0.555674   clock reconvergence pessimism
                                 -0.027778    0.527896   library hold time
                                              0.527896   data required time
---------------------------------------------------------------------------------------------
                                              0.527896   data required time
                                             -0.981939   data arrival time
---------------------------------------------------------------------------------------------
                                              0.454043   slack (MET)


Startpoint: _1086_ (rising edge-triggered flip-flop clocked by wr_clk)
Endpoint: _1086_ (rising edge-triggered flip-flop clocked by wr_clk)
Path Group: wr_clk
Path Type: min

Fanout         Cap        Slew       Delay        Time   Description
---------------------------------------------------------------------------------------------
                                  0.000000    0.000000   clock wr_clk (rise edge)
                                  0.000000    0.000000   clock source latency
     1    0.024374    0.000000    0.000000    0.000000 ^ wr_clk (in)
                                                         wr_clk (net)
                      0.001077    0.000538    0.000538 ^ clkbuf_0_wr_clk/A (sky130_fd_sc_hd__clkbuf_16)
    16    0.103304    0.118752    0.172854    0.173392 ^ clkbuf_0_wr_clk/X (sky130_fd_sc_hd__clkbuf_16)
                                                         clknet_0_wr_clk (net)
                      0.118881    0.003194    0.176586 ^ clkbuf_4_5_0_wr_clk/A (sky130_fd_sc_hd__clkbuf_8)
     2    0.018978    0.049855    0.157712    0.334298 ^ clkbuf_4_5_0_wr_clk/X (sky130_fd_sc_hd__clkbuf_8)
                                                         clknet_4_5_0_wr_clk (net)
                      0.049858    0.000408    0.334706 ^ clkbuf_5_11__f_wr_clk/A (sky130_fd_sc_hd__clkbuf_16)
     5    0.013443    0.036264    0.120930    0.455637 ^ clkbuf_5_11__f_wr_clk/X (sky130_fd_sc_hd__clkbuf_16)
                                                         clknet_5_11__leaf_wr_clk (net)
                      0.036264    0.000133    0.455770 ^ _1086_/CLK (sky130_fd_sc_hd__dfxtp_2)
     2    0.004692    0.037994    0.308769    0.764539 ^ _1086_/Q (sky130_fd_sc_hd__dfxtp_2)
                                                         u_fifomem.mem[12][0] (net)
                      0.037994    0.000039    0.764579 ^ _0838_/A0 (sky130_fd_sc_hd__mux2_2)
     1    0.002984    0.037141    0.131225    0.895804 ^ _0838_/X (sky130_fd_sc_hd__mux2_2)
                                                         _0396_ (net)
                      0.037141    0.000031    0.895835 ^ _0839_/A (sky130_fd_sc_hd__buf_1)
     1    0.003197    0.048334    0.081150    0.976985 ^ _0839_/X (sky130_fd_sc_hd__buf_1)
                                                         _0026_ (net)
                      0.048334    0.000041    0.977026 ^ _1086_/D (sky130_fd_sc_hd__dfxtp_2)
                                              0.977026   data arrival time

                                  0.000000    0.000000   clock wr_clk (rise edge)
                                  0.000000    0.000000   clock source latency
     1    0.024374    0.000000    0.000000    0.000000 ^ wr_clk (in)
                                                         wr_clk (net)
                      0.001077    0.000538    0.000538 ^ clkbuf_0_wr_clk/A (sky130_fd_sc_hd__clkbuf_16)
    16    0.103304    0.118752    0.172854    0.173392 ^ clkbuf_0_wr_clk/X (sky130_fd_sc_hd__clkbuf_16)
                                                         clknet_0_wr_clk (net)
                      0.118881    0.003194    0.176586 ^ clkbuf_4_5_0_wr_clk/A (sky130_fd_sc_hd__clkbuf_8)
     2    0.018978    0.049855    0.157712    0.334298 ^ clkbuf_4_5_0_wr_clk/X (sky130_fd_sc_hd__clkbuf_8)
                                                         clknet_4_5_0_wr_clk (net)
                      0.049858    0.000408    0.334706 ^ clkbuf_5_11__f_wr_clk/A (sky130_fd_sc_hd__clkbuf_16)
     5    0.013443    0.036264    0.120930    0.455637 ^ clkbuf_5_11__f_wr_clk/X (sky130_fd_sc_hd__clkbuf_16)
                                                         clknet_5_11__leaf_wr_clk (net)
                      0.036264    0.000133    0.455770 ^ _1086_/CLK (sky130_fd_sc_hd__dfxtp_2)
                                  0.100000    0.555770   clock uncertainty
                                  0.000000    0.555770   clock reconvergence pessimism
                                 -0.033031    0.522739   library hold time
                                              0.522739   data required time
---------------------------------------------------------------------------------------------
                                              0.522739   data required time
                                             -0.977026   data arrival time
---------------------------------------------------------------------------------------------
                                              0.454287   slack (MET)


Startpoint: _1140_ (rising edge-triggered flip-flop clocked by wr_clk)
Endpoint: _1140_ (rising edge-triggered flip-flop clocked by wr_clk)
Path Group: wr_clk
Path Type: min

Fanout         Cap        Slew       Delay        Time   Description
---------------------------------------------------------------------------------------------
                                  0.000000    0.000000   clock wr_clk (rise edge)
                                  0.000000    0.000000   clock source latency
     1    0.024374    0.000000    0.000000    0.000000 ^ wr_clk (in)
                                                         wr_clk (net)
                      0.001077    0.000538    0.000538 ^ clkbuf_0_wr_clk/A (sky130_fd_sc_hd__clkbuf_16)
    16    0.103304    0.118752    0.172854    0.173392 ^ clkbuf_0_wr_clk/X (sky130_fd_sc_hd__clkbuf_16)
                                                         clknet_0_wr_clk (net)
                      0.118788    0.001720    0.175112 ^ clkbuf_4_9_0_wr_clk/A (sky130_fd_sc_hd__clkbuf_8)
     2    0.018779    0.049532    0.157408    0.332520 ^ clkbuf_4_9_0_wr_clk/X (sky130_fd_sc_hd__clkbuf_8)
                                                         clknet_4_9_0_wr_clk (net)
                      0.049534    0.000364    0.332884 ^ clkbuf_5_19__f_wr_clk/A (sky130_fd_sc_hd__clkbuf_16)
     5    0.014137    0.036856    0.121454    0.454338 ^ clkbuf_5_19__f_wr_clk/X (sky130_fd_sc_hd__clkbuf_16)
                                                         clknet_5_19__leaf_wr_clk (net)
                      0.036856    0.000127    0.454465 ^ _1140_/CLK (sky130_fd_sc_hd__dfxtp_2)
     2    0.005033    0.039418    0.310268    0.764733 ^ _1140_/Q (sky130_fd_sc_hd__dfxtp_2)
                                                         u_fifomem.mem[3][6] (net)
                      0.039418    0.000045    0.764777 ^ _0954_/A0 (sky130_fd_sc_hd__mux2_2)
     1    0.002421    0.035026    0.128370    0.893147 ^ _0954_/X (sky130_fd_sc_hd__mux2_2)
                                                         _0458_ (net)
                      0.035026    0.000024    0.893171 ^ _0955_/A (sky130_fd_sc_hd__buf_2)
     1    0.002894    0.027192    0.087255    0.980426 ^ _0955_/X (sky130_fd_sc_hd__buf_2)
                                                         _0080_ (net)
                      0.027192    0.000036    0.980462 ^ _1140_/D (sky130_fd_sc_hd__dfxtp_2)
                                              0.980462   data arrival time

                                  0.000000    0.000000   clock wr_clk (rise edge)
                                  0.000000    0.000000   clock source latency
     1    0.024374    0.000000    0.000000    0.000000 ^ wr_clk (in)
                                                         wr_clk (net)
                      0.001077    0.000538    0.000538 ^ clkbuf_0_wr_clk/A (sky130_fd_sc_hd__clkbuf_16)
    16    0.103304    0.118752    0.172854    0.173392 ^ clkbuf_0_wr_clk/X (sky130_fd_sc_hd__clkbuf_16)
                                                         clknet_0_wr_clk (net)
                      0.118788    0.001720    0.175112 ^ clkbuf_4_9_0_wr_clk/A (sky130_fd_sc_hd__clkbuf_8)
     2    0.018779    0.049532    0.157408    0.332520 ^ clkbuf_4_9_0_wr_clk/X (sky130_fd_sc_hd__clkbuf_8)
                                                         clknet_4_9_0_wr_clk (net)
                      0.049534    0.000364    0.332884 ^ clkbuf_5_19__f_wr_clk/A (sky130_fd_sc_hd__clkbuf_16)
     5    0.014137    0.036856    0.121454    0.454338 ^ clkbuf_5_19__f_wr_clk/X (sky130_fd_sc_hd__clkbuf_16)
                                                         clknet_5_19__leaf_wr_clk (net)
                      0.036856    0.000127    0.454465 ^ _1140_/CLK (sky130_fd_sc_hd__dfxtp_2)
                                  0.100000    0.554465   clock uncertainty
                                  0.000000    0.554465   clock reconvergence pessimism
                                 -0.028570    0.525895   library hold time
                                              0.525895   data required time
---------------------------------------------------------------------------------------------
                                              0.525895   data required time
                                             -0.980462   data arrival time
---------------------------------------------------------------------------------------------
                                              0.454567   slack (MET)


Startpoint: _1161_ (rising edge-triggered flip-flop clocked by wr_clk)
Endpoint: _1161_ (rising edge-triggered flip-flop clocked by wr_clk)
Path Group: wr_clk
Path Type: min

Fanout         Cap        Slew       Delay        Time   Description
---------------------------------------------------------------------------------------------
                                  0.000000    0.000000   clock wr_clk (rise edge)
                                  0.000000    0.000000   clock source latency
     1    0.024374    0.000000    0.000000    0.000000 ^ wr_clk (in)
                                                         wr_clk (net)
                      0.001077    0.000538    0.000538 ^ clkbuf_0_wr_clk/A (sky130_fd_sc_hd__clkbuf_16)
    16    0.103304    0.118752    0.172854    0.173392 ^ clkbuf_0_wr_clk/X (sky130_fd_sc_hd__clkbuf_16)
                                                         clknet_0_wr_clk (net)
                      0.118782    0.001572    0.174964 ^ clkbuf_4_11_0_wr_clk/A (sky130_fd_sc_hd__clkbuf_8)
     2    0.017471    0.047469    0.155539    0.330504 ^ clkbuf_4_11_0_wr_clk/X (sky130_fd_sc_hd__clkbuf_8)
                                                         clknet_4_11_0_wr_clk (net)
                      0.047469    0.000128    0.330632 ^ clkbuf_5_23__f_wr_clk/A (sky130_fd_sc_hd__clkbuf_16)
     5    0.013820    0.036584    0.120427    0.451058 ^ clkbuf_5_23__f_wr_clk/X (sky130_fd_sc_hd__clkbuf_16)
                                                         clknet_5_23__leaf_wr_clk (net)
                      0.036584    0.000123    0.451181 ^ _1161_/CLK (sky130_fd_sc_hd__dfxtp_2)
     2    0.006253    0.044670    0.314729    0.765910 ^ _1161_/Q (sky130_fd_sc_hd__dfxtp_2)
                                                         u_fifomem.mem[6][3] (net)
                      0.044670    0.000057    0.765967 ^ _1000_/A0 (sky130_fd_sc_hd__mux2_2)
     1    0.002092    0.033577    0.128247    0.894214 ^ _1000_/X (sky130_fd_sc_hd__mux2_2)
                                                         _0483_ (net)
                      0.033577    0.000009    0.894223 ^ _1001_/A (sky130_fd_sc_hd__buf_2)
     1    0.002160    0.024255    0.083588    0.977812 ^ _1001_/X (sky130_fd_sc_hd__buf_2)
                                                         _0101_ (net)
                      0.024255    0.000020    0.977831 ^ _1161_/D (sky130_fd_sc_hd__dfxtp_2)
                                              0.977831   data arrival time

                                  0.000000    0.000000   clock wr_clk (rise edge)
                                  0.000000    0.000000   clock source latency
     1    0.024374    0.000000    0.000000    0.000000 ^ wr_clk (in)
                                                         wr_clk (net)
                      0.001077    0.000538    0.000538 ^ clkbuf_0_wr_clk/A (sky130_fd_sc_hd__clkbuf_16)
    16    0.103304    0.118752    0.172854    0.173392 ^ clkbuf_0_wr_clk/X (sky130_fd_sc_hd__clkbuf_16)
                                                         clknet_0_wr_clk (net)
                      0.118782    0.001572    0.174964 ^ clkbuf_4_11_0_wr_clk/A (sky130_fd_sc_hd__clkbuf_8)
     2    0.017471    0.047469    0.155539    0.330504 ^ clkbuf_4_11_0_wr_clk/X (sky130_fd_sc_hd__clkbuf_8)
                                                         clknet_4_11_0_wr_clk (net)
                      0.047469    0.000128    0.330632 ^ clkbuf_5_23__f_wr_clk/A (sky130_fd_sc_hd__clkbuf_16)
     5    0.013820    0.036584    0.120427    0.451058 ^ clkbuf_5_23__f_wr_clk/X (sky130_fd_sc_hd__clkbuf_16)
                                                         clknet_5_23__leaf_wr_clk (net)
                      0.036584    0.000123    0.451181 ^ _1161_/CLK (sky130_fd_sc_hd__dfxtp_2)
                                  0.100000    0.551181   clock uncertainty
                                  0.000000    0.551181   clock reconvergence pessimism
                                 -0.027997    0.523184   library hold time
                                              0.523184   data required time
---------------------------------------------------------------------------------------------
                                              0.523184   data required time
                                             -0.977831   data arrival time
---------------------------------------------------------------------------------------------
                                              0.454647   slack (MET)


Startpoint: _1150_ (rising edge-triggered flip-flop clocked by wr_clk)
Endpoint: _1150_ (rising edge-triggered flip-flop clocked by wr_clk)
Path Group: wr_clk
Path Type: min

Fanout         Cap        Slew       Delay        Time   Description
---------------------------------------------------------------------------------------------
                                  0.000000    0.000000   clock wr_clk (rise edge)
                                  0.000000    0.000000   clock source latency
     1    0.024374    0.000000    0.000000    0.000000 ^ wr_clk (in)
                                                         wr_clk (net)
                      0.001077    0.000538    0.000538 ^ clkbuf_0_wr_clk/A (sky130_fd_sc_hd__clkbuf_16)
    16    0.103304    0.118752    0.172854    0.173392 ^ clkbuf_0_wr_clk/X (sky130_fd_sc_hd__clkbuf_16)
                                                         clknet_0_wr_clk (net)
                      0.118829    0.002489    0.175881 ^ clkbuf_4_2_0_wr_clk/A (sky130_fd_sc_hd__clkbuf_8)
     2    0.018786    0.049496    0.157546    0.333427 ^ clkbuf_4_2_0_wr_clk/X (sky130_fd_sc_hd__clkbuf_8)
                                                         clknet_4_2_0_wr_clk (net)
                      0.049496    0.000083    0.333510 ^ clkbuf_5_5__f_wr_clk/A (sky130_fd_sc_hd__clkbuf_16)
     5    0.015741    0.038216    0.122971    0.456482 ^ clkbuf_5_5__f_wr_clk/X (sky130_fd_sc_hd__clkbuf_16)
                                                         clknet_5_5__leaf_wr_clk (net)
                      0.038216    0.000221    0.456703 ^ _1150_/CLK (sky130_fd_sc_hd__dfxtp_2)
     2    0.005652    0.042052    0.313082    0.769784 ^ _1150_/Q (sky130_fd_sc_hd__dfxtp_2)
                                                         u_fifomem.mem[5][0] (net)
                      0.042052    0.000061    0.769846 ^ _0977_/A0 (sky130_fd_sc_hd__mux2_2)
     1    0.004051    0.042727    0.138995    0.908841 ^ _0977_/X (sky130_fd_sc_hd__mux2_2)
                                                         _0471_ (net)
                      0.042727    0.000061    0.908902 ^ _0978_/A (sky130_fd_sc_hd__buf_1)
     1    0.001915    0.034652    0.072574    0.981476 ^ _0978_/X (sky130_fd_sc_hd__buf_1)
                                                         _0090_ (net)
                      0.034652    0.000016    0.981491 ^ _1150_/D (sky130_fd_sc_hd__dfxtp_2)
                                              0.981491   data arrival time

                                  0.000000    0.000000   clock wr_clk (rise edge)
                                  0.000000    0.000000   clock source latency
     1    0.024374    0.000000    0.000000    0.000000 ^ wr_clk (in)
                                                         wr_clk (net)
                      0.001077    0.000538    0.000538 ^ clkbuf_0_wr_clk/A (sky130_fd_sc_hd__clkbuf_16)
    16    0.103304    0.118752    0.172854    0.173392 ^ clkbuf_0_wr_clk/X (sky130_fd_sc_hd__clkbuf_16)
                                                         clknet_0_wr_clk (net)
                      0.118829    0.002489    0.175881 ^ clkbuf_4_2_0_wr_clk/A (sky130_fd_sc_hd__clkbuf_8)
     2    0.018786    0.049496    0.157546    0.333427 ^ clkbuf_4_2_0_wr_clk/X (sky130_fd_sc_hd__clkbuf_8)
                                                         clknet_4_2_0_wr_clk (net)
                      0.049496    0.000083    0.333510 ^ clkbuf_5_5__f_wr_clk/A (sky130_fd_sc_hd__clkbuf_16)
     5    0.015741    0.038216    0.122971    0.456482 ^ clkbuf_5_5__f_wr_clk/X (sky130_fd_sc_hd__clkbuf_16)
                                                         clknet_5_5__leaf_wr_clk (net)
                      0.038216    0.000221    0.456703 ^ _1150_/CLK (sky130_fd_sc_hd__dfxtp_2)
                                  0.100000    0.556703   clock uncertainty
                                  0.000000    0.556703   clock reconvergence pessimism
                                 -0.029938    0.526765   library hold time
                                              0.526765   data required time
---------------------------------------------------------------------------------------------
                                              0.526765   data required time
                                             -0.981491   data arrival time
---------------------------------------------------------------------------------------------
                                              0.454726   slack (MET)


Startpoint: _1175_ (rising edge-triggered flip-flop clocked by wr_clk)
Endpoint: _1175_ (rising edge-triggered flip-flop clocked by wr_clk)
Path Group: wr_clk
Path Type: min

Fanout         Cap        Slew       Delay        Time   Description
---------------------------------------------------------------------------------------------
                                  0.000000    0.000000   clock wr_clk (rise edge)
                                  0.000000    0.000000   clock source latency
     1    0.024374    0.000000    0.000000    0.000000 ^ wr_clk (in)
                                                         wr_clk (net)
                      0.001077    0.000538    0.000538 ^ clkbuf_0_wr_clk/A (sky130_fd_sc_hd__clkbuf_16)
    16    0.103304    0.118752    0.172854    0.173392 ^ clkbuf_0_wr_clk/X (sky130_fd_sc_hd__clkbuf_16)
                                                         clknet_0_wr_clk (net)
                      0.118909    0.003519    0.176911 ^ clkbuf_4_6_0_wr_clk/A (sky130_fd_sc_hd__clkbuf_8)
     2    0.018259    0.048694    0.156750    0.333662 ^ clkbuf_4_6_0_wr_clk/X (sky130_fd_sc_hd__clkbuf_8)
                                                         clknet_4_6_0_wr_clk (net)
                      0.048694    0.000208    0.333870 ^ clkbuf_5_13__f_wr_clk/A (sky130_fd_sc_hd__clkbuf_16)
     5    0.014840    0.037452    0.121824    0.455694 ^ clkbuf_5_13__f_wr_clk/X (sky130_fd_sc_hd__clkbuf_16)
                                                         clknet_5_13__leaf_wr_clk (net)
                      0.037452    0.000167    0.455861 ^ _1175_/CLK (sky130_fd_sc_hd__dfxtp_2)
     2    0.004476    0.036738    0.308414    0.764275 ^ _1175_/Q (sky130_fd_sc_hd__dfxtp_2)
                                                         u_fifomem.mem[8][1] (net)
                      0.036738    0.000024    0.764300 ^ _1031_/A0 (sky130_fd_sc_hd__mux2_2)
     1    0.003053    0.037798    0.131193    0.895493 ^ _1031_/X (sky130_fd_sc_hd__mux2_2)
                                                         _0500_ (net)
                      0.037798    0.000035    0.895528 ^ _1032_/A (sky130_fd_sc_hd__buf_1)
     1    0.003292    0.049376    0.082127    0.977655 ^ _1032_/X (sky130_fd_sc_hd__buf_1)
                                                         _0115_ (net)
                      0.049376    0.000045    0.977700 ^ _1175_/D (sky130_fd_sc_hd__dfxtp_2)
                                              0.977700   data arrival time

                                  0.000000    0.000000   clock wr_clk (rise edge)
                                  0.000000    0.000000   clock source latency
     1    0.024374    0.000000    0.000000    0.000000 ^ wr_clk (in)
                                                         wr_clk (net)
                      0.001077    0.000538    0.000538 ^ clkbuf_0_wr_clk/A (sky130_fd_sc_hd__clkbuf_16)
    16    0.103304    0.118752    0.172854    0.173392 ^ clkbuf_0_wr_clk/X (sky130_fd_sc_hd__clkbuf_16)
                                                         clknet_0_wr_clk (net)
                      0.118909    0.003519    0.176911 ^ clkbuf_4_6_0_wr_clk/A (sky130_fd_sc_hd__clkbuf_8)
     2    0.018259    0.048694    0.156750    0.333662 ^ clkbuf_4_6_0_wr_clk/X (sky130_fd_sc_hd__clkbuf_8)
                                                         clknet_4_6_0_wr_clk (net)
                      0.048694    0.000208    0.333870 ^ clkbuf_5_13__f_wr_clk/A (sky130_fd_sc_hd__clkbuf_16)
     5    0.014840    0.037452    0.121824    0.455694 ^ clkbuf_5_13__f_wr_clk/X (sky130_fd_sc_hd__clkbuf_16)
                                                         clknet_5_13__leaf_wr_clk (net)
                      0.037452    0.000167    0.455861 ^ _1175_/CLK (sky130_fd_sc_hd__dfxtp_2)
                                  0.100000    0.555861   clock uncertainty
                                  0.000000    0.555861   clock reconvergence pessimism
                                 -0.033090    0.522771   library hold time
                                              0.522771   data required time
---------------------------------------------------------------------------------------------
                                              0.522771   data required time
                                             -0.977700   data arrival time
---------------------------------------------------------------------------------------------
                                              0.454929   slack (MET)


Startpoint: _1063_ (rising edge-triggered flip-flop clocked by wr_clk)
Endpoint: _1063_ (rising edge-triggered flip-flop clocked by wr_clk)
Path Group: wr_clk
Path Type: min

Fanout         Cap        Slew       Delay        Time   Description
---------------------------------------------------------------------------------------------
                                  0.000000    0.000000   clock wr_clk (rise edge)
                                  0.000000    0.000000   clock source latency
     1    0.024374    0.000000    0.000000    0.000000 ^ wr_clk (in)
                                                         wr_clk (net)
                      0.001077    0.000538    0.000538 ^ clkbuf_0_wr_clk/A (sky130_fd_sc_hd__clkbuf_16)
    16    0.103304    0.118752    0.172854    0.173392 ^ clkbuf_0_wr_clk/X (sky130_fd_sc_hd__clkbuf_16)
                                                         clknet_0_wr_clk (net)
                      0.118788    0.001720    0.175112 ^ clkbuf_4_9_0_wr_clk/A (sky130_fd_sc_hd__clkbuf_8)
     2    0.018779    0.049532    0.157408    0.332520 ^ clkbuf_4_9_0_wr_clk/X (sky130_fd_sc_hd__clkbuf_8)
                                                         clknet_4_9_0_wr_clk (net)
                      0.049534    0.000364    0.332884 ^ clkbuf_5_19__f_wr_clk/A (sky130_fd_sc_hd__clkbuf_16)
     5    0.014137    0.036856    0.121454    0.454338 ^ clkbuf_5_19__f_wr_clk/X (sky130_fd_sc_hd__clkbuf_16)
                                                         clknet_5_19__leaf_wr_clk (net)
                      0.036856    0.000068    0.454405 ^ _1063_/CLK (sky130_fd_sc_hd__dfxtp_2)
     2    0.005107    0.039732    0.310549    0.764955 ^ _1063_/Q (sky130_fd_sc_hd__dfxtp_2)
                                                         u_fifomem.mem[0][1] (net)
                      0.039732    0.000024    0.764978 ^ _0788_/A0 (sky130_fd_sc_hd__mux2_2)
     1    0.002978    0.037421    0.131796    0.896774 ^ _0788_/X (sky130_fd_sc_hd__mux2_2)
                                                         _0369_ (net)
                      0.037421    0.000032    0.896806 ^ _0789_/A (sky130_fd_sc_hd__buf_1)
     1    0.003049    0.046738    0.080037    0.976843 ^ _0789_/X (sky130_fd_sc_hd__buf_1)
                                                         _0003_ (net)
                      0.046738    0.000038    0.976881 ^ _1063_/D (sky130_fd_sc_hd__dfxtp_2)
                                              0.976881   data arrival time

                                  0.000000    0.000000   clock wr_clk (rise edge)
                                  0.000000    0.000000   clock source latency
     1    0.024374    0.000000    0.000000    0.000000 ^ wr_clk (in)
                                                         wr_clk (net)
                      0.001077    0.000538    0.000538 ^ clkbuf_0_wr_clk/A (sky130_fd_sc_hd__clkbuf_16)
    16    0.103304    0.118752    0.172854    0.173392 ^ clkbuf_0_wr_clk/X (sky130_fd_sc_hd__clkbuf_16)
                                                         clknet_0_wr_clk (net)
                      0.118788    0.001720    0.175112 ^ clkbuf_4_9_0_wr_clk/A (sky130_fd_sc_hd__clkbuf_8)
     2    0.018779    0.049532    0.157408    0.332520 ^ clkbuf_4_9_0_wr_clk/X (sky130_fd_sc_hd__clkbuf_8)
                                                         clknet_4_9_0_wr_clk (net)
                      0.049534    0.000364    0.332884 ^ clkbuf_5_19__f_wr_clk/A (sky130_fd_sc_hd__clkbuf_16)
     5    0.014137    0.036856    0.121454    0.454338 ^ clkbuf_5_19__f_wr_clk/X (sky130_fd_sc_hd__clkbuf_16)
                                                         clknet_5_19__leaf_wr_clk (net)
                      0.036856    0.000068    0.454405 ^ _1063_/CLK (sky130_fd_sc_hd__dfxtp_2)
                                  0.100000    0.554405   clock uncertainty
                                  0.000000    0.554405   clock reconvergence pessimism
                                 -0.032622    0.521783   library hold time
                                              0.521783   data required time
---------------------------------------------------------------------------------------------
                                              0.521783   data required time
                                             -0.976881   data arrival time
---------------------------------------------------------------------------------------------
                                              0.455097   slack (MET)


Startpoint: _1105_ (rising edge-triggered flip-flop clocked by wr_clk)
Endpoint: _1105_ (rising edge-triggered flip-flop clocked by wr_clk)
Path Group: wr_clk
Path Type: min

Fanout         Cap        Slew       Delay        Time   Description
---------------------------------------------------------------------------------------------
                                  0.000000    0.000000   clock wr_clk (rise edge)
                                  0.000000    0.000000   clock source latency
     1    0.024374    0.000000    0.000000    0.000000 ^ wr_clk (in)
                                                         wr_clk (net)
                      0.001077    0.000538    0.000538 ^ clkbuf_0_wr_clk/A (sky130_fd_sc_hd__clkbuf_16)
    16    0.103304    0.118752    0.172854    0.173392 ^ clkbuf_0_wr_clk/X (sky130_fd_sc_hd__clkbuf_16)
                                                         clknet_0_wr_clk (net)
                      0.118909    0.003519    0.176911 ^ clkbuf_4_6_0_wr_clk/A (sky130_fd_sc_hd__clkbuf_8)
     2    0.018259    0.048694    0.156750    0.333662 ^ clkbuf_4_6_0_wr_clk/X (sky130_fd_sc_hd__clkbuf_8)
                                                         clknet_4_6_0_wr_clk (net)
                      0.048694    0.000157    0.333818 ^ clkbuf_5_12__f_wr_clk/A (sky130_fd_sc_hd__clkbuf_16)
     5    0.014556    0.037209    0.121581    0.455399 ^ clkbuf_5_12__f_wr_clk/X (sky130_fd_sc_hd__clkbuf_16)
                                                         clknet_5_12__leaf_wr_clk (net)
                      0.037209    0.000112    0.455511 ^ _1105_/CLK (sky130_fd_sc_hd__dfxtp_2)
     2    0.005897    0.043123    0.313637    0.769148 ^ _1105_/Q (sky130_fd_sc_hd__dfxtp_2)
                                                         u_fifomem.mem[14][3] (net)
                      0.043123    0.000042    0.769190 ^ _0880_/A0 (sky130_fd_sc_hd__mux2_2)
     1    0.002100    0.033610    0.127753    0.896943 ^ _0880_/X (sky130_fd_sc_hd__mux2_2)
                                                         _0419_ (net)
                      0.033610    0.000010    0.896953 ^ _0881_/A (sky130_fd_sc_hd__buf_2)
     1    0.002577    0.025925    0.085376    0.982329 ^ _0881_/X (sky130_fd_sc_hd__buf_2)
                                                         _0045_ (net)
                      0.025925    0.000026    0.982355 ^ _1105_/D (sky130_fd_sc_hd__dfxtp_2)
                                              0.982355   data arrival time

                                  0.000000    0.000000   clock wr_clk (rise edge)
                                  0.000000    0.000000   clock source latency
     1    0.024374    0.000000    0.000000    0.000000 ^ wr_clk (in)
                                                         wr_clk (net)
                      0.001077    0.000538    0.000538 ^ clkbuf_0_wr_clk/A (sky130_fd_sc_hd__clkbuf_16)
    16    0.103304    0.118752    0.172854    0.173392 ^ clkbuf_0_wr_clk/X (sky130_fd_sc_hd__clkbuf_16)
                                                         clknet_0_wr_clk (net)
                      0.118909    0.003519    0.176911 ^ clkbuf_4_6_0_wr_clk/A (sky130_fd_sc_hd__clkbuf_8)
     2    0.018259    0.048694    0.156750    0.333662 ^ clkbuf_4_6_0_wr_clk/X (sky130_fd_sc_hd__clkbuf_8)
                                                         clknet_4_6_0_wr_clk (net)
                      0.048694    0.000157    0.333818 ^ clkbuf_5_12__f_wr_clk/A (sky130_fd_sc_hd__clkbuf_16)
     5    0.014556    0.037209    0.121581    0.455399 ^ clkbuf_5_12__f_wr_clk/X (sky130_fd_sc_hd__clkbuf_16)
                                                         clknet_5_12__leaf_wr_clk (net)
                      0.037209    0.000112    0.455511 ^ _1105_/CLK (sky130_fd_sc_hd__dfxtp_2)
                                  0.100000    0.555511   clock uncertainty
                                  0.000000    0.555511   clock reconvergence pessimism
                                 -0.028261    0.527250   library hold time
                                              0.527250   data required time
---------------------------------------------------------------------------------------------
                                              0.527250   data required time
                                             -0.982355   data arrival time
---------------------------------------------------------------------------------------------
                                              0.455105   slack (MET)


Startpoint: _1113_ (rising edge-triggered flip-flop clocked by wr_clk)
Endpoint: _1113_ (rising edge-triggered flip-flop clocked by wr_clk)
Path Group: wr_clk
Path Type: min

Fanout         Cap        Slew       Delay        Time   Description
---------------------------------------------------------------------------------------------
                                  0.000000    0.000000   clock wr_clk (rise edge)
                                  0.000000    0.000000   clock source latency
     1    0.024374    0.000000    0.000000    0.000000 ^ wr_clk (in)
                                                         wr_clk (net)
                      0.001077    0.000538    0.000538 ^ clkbuf_0_wr_clk/A (sky130_fd_sc_hd__clkbuf_16)
    16    0.103304    0.118752    0.172854    0.173392 ^ clkbuf_0_wr_clk/X (sky130_fd_sc_hd__clkbuf_16)
                                                         clknet_0_wr_clk (net)
                      0.118909    0.003519    0.176911 ^ clkbuf_4_6_0_wr_clk/A (sky130_fd_sc_hd__clkbuf_8)
     2    0.018259    0.048694    0.156750    0.333662 ^ clkbuf_4_6_0_wr_clk/X (sky130_fd_sc_hd__clkbuf_8)
                                                         clknet_4_6_0_wr_clk (net)
                      0.048694    0.000208    0.333870 ^ clkbuf_5_13__f_wr_clk/A (sky130_fd_sc_hd__clkbuf_16)
     5    0.014840    0.037452    0.121824    0.455694 ^ clkbuf_5_13__f_wr_clk/X (sky130_fd_sc_hd__clkbuf_16)
                                                         clknet_5_13__leaf_wr_clk (net)
                      0.037452    0.000139    0.455833 ^ _1113_/CLK (sky130_fd_sc_hd__dfxtp_2)
     2    0.004492    0.036793    0.308466    0.764299 ^ _1113_/Q (sky130_fd_sc_hd__dfxtp_2)
                                                         u_fifomem.mem[15][3] (net)
                      0.036793    0.000042    0.764340 ^ _0897_/A1 (sky130_fd_sc_hd__mux2_2)
     1    0.003277    0.038822    0.133188    0.897528 ^ _0897_/X (sky130_fd_sc_hd__mux2_2)
                                                         _0428_ (net)
                      0.038822    0.000041    0.897569 ^ _0898_/A (sky130_fd_sc_hd__buf_1)
     1    0.003082    0.047090    0.080784    0.978353 ^ _0898_/X (sky130_fd_sc_hd__buf_1)
                                                         _0053_ (net)
                      0.047090    0.000043    0.978396 ^ _1113_/D (sky130_fd_sc_hd__dfxtp_2)
                                              0.978396   data arrival time

                                  0.000000    0.000000   clock wr_clk (rise edge)
                                  0.000000    0.000000   clock source latency
     1    0.024374    0.000000    0.000000    0.000000 ^ wr_clk (in)
                                                         wr_clk (net)
                      0.001077    0.000538    0.000538 ^ clkbuf_0_wr_clk/A (sky130_fd_sc_hd__clkbuf_16)
    16    0.103304    0.118752    0.172854    0.173392 ^ clkbuf_0_wr_clk/X (sky130_fd_sc_hd__clkbuf_16)
                                                         clknet_0_wr_clk (net)
                      0.118909    0.003519    0.176911 ^ clkbuf_4_6_0_wr_clk/A (sky130_fd_sc_hd__clkbuf_8)
     2    0.018259    0.048694    0.156750    0.333662 ^ clkbuf_4_6_0_wr_clk/X (sky130_fd_sc_hd__clkbuf_8)
                                                         clknet_4_6_0_wr_clk (net)
                      0.048694    0.000208    0.333870 ^ clkbuf_5_13__f_wr_clk/A (sky130_fd_sc_hd__clkbuf_16)
     5    0.014840    0.037452    0.121824    0.455694 ^ clkbuf_5_13__f_wr_clk/X (sky130_fd_sc_hd__clkbuf_16)
                                                         clknet_5_13__leaf_wr_clk (net)
                      0.037452    0.000139    0.455833 ^ _1113_/CLK (sky130_fd_sc_hd__dfxtp_2)
                                  0.100000    0.555833   clock uncertainty
                                  0.000000    0.555833   clock reconvergence pessimism
                                 -0.032616    0.523216   library hold time
                                              0.523216   data required time
---------------------------------------------------------------------------------------------
                                              0.523216   data required time
                                             -0.978396   data arrival time
---------------------------------------------------------------------------------------------
                                              0.455180   slack (MET)


Startpoint: _1138_ (rising edge-triggered flip-flop clocked by wr_clk)
Endpoint: _1138_ (rising edge-triggered flip-flop clocked by wr_clk)
Path Group: wr_clk
Path Type: min

Fanout         Cap        Slew       Delay        Time   Description
---------------------------------------------------------------------------------------------
                                  0.000000    0.000000   clock wr_clk (rise edge)
                                  0.000000    0.000000   clock source latency
     1    0.024374    0.000000    0.000000    0.000000 ^ wr_clk (in)
                                                         wr_clk (net)
                      0.001077    0.000538    0.000538 ^ clkbuf_0_wr_clk/A (sky130_fd_sc_hd__clkbuf_16)
    16    0.103304    0.118752    0.172854    0.173392 ^ clkbuf_0_wr_clk/X (sky130_fd_sc_hd__clkbuf_16)
                                                         clknet_0_wr_clk (net)
                      0.118854    0.002852    0.176244 ^ clkbuf_4_0_0_wr_clk/A (sky130_fd_sc_hd__clkbuf_8)
     2    0.018188    0.048610    0.156555    0.332799 ^ clkbuf_4_0_0_wr_clk/X (sky130_fd_sc_hd__clkbuf_8)
                                                         clknet_4_0_0_wr_clk (net)
                      0.048611    0.000330    0.333129 ^ clkbuf_5_1__f_wr_clk/A (sky130_fd_sc_hd__clkbuf_16)
     5    0.015170    0.037736    0.122061    0.455190 ^ clkbuf_5_1__f_wr_clk/X (sky130_fd_sc_hd__clkbuf_16)
                                                         clknet_5_1__leaf_wr_clk (net)
                      0.037736    0.000362    0.455552 ^ _1138_/CLK (sky130_fd_sc_hd__dfxtp_2)
     2    0.004563    0.037075    0.308837    0.764390 ^ _1138_/Q (sky130_fd_sc_hd__dfxtp_2)
                                                         u_fifomem.mem[3][4] (net)
                      0.037454    0.000039    0.764428 ^ _0950_/A0 (sky130_fd_sc_hd__mux2_2)
     1    0.003091    0.037968    0.131672    0.896100 ^ _0950_/X (sky130_fd_sc_hd__mux2_2)
                                                         _0456_ (net)
                      0.037968    0.000039    0.896139 ^ _0951_/A (sky130_fd_sc_hd__buf_2)
     1    0.002473    0.025496    0.086566    0.982705 ^ _0951_/X (sky130_fd_sc_hd__buf_2)
                                                         _0078_ (net)
                      0.025496    0.000025    0.982730 ^ _1138_/D (sky130_fd_sc_hd__dfxtp_2)
                                              0.982730   data arrival time

                                  0.000000    0.000000   clock wr_clk (rise edge)
                                  0.000000    0.000000   clock source latency
     1    0.024374    0.000000    0.000000    0.000000 ^ wr_clk (in)
                                                         wr_clk (net)
                      0.001077    0.000538    0.000538 ^ clkbuf_0_wr_clk/A (sky130_fd_sc_hd__clkbuf_16)
    16    0.103304    0.118752    0.172854    0.173392 ^ clkbuf_0_wr_clk/X (sky130_fd_sc_hd__clkbuf_16)
                                                         clknet_0_wr_clk (net)
                      0.118854    0.002852    0.176244 ^ clkbuf_4_0_0_wr_clk/A (sky130_fd_sc_hd__clkbuf_8)
     2    0.018188    0.048610    0.156555    0.332799 ^ clkbuf_4_0_0_wr_clk/X (sky130_fd_sc_hd__clkbuf_8)
                                                         clknet_4_0_0_wr_clk (net)
                      0.048611    0.000330    0.333129 ^ clkbuf_5_1__f_wr_clk/A (sky130_fd_sc_hd__clkbuf_16)
     5    0.015170    0.037736    0.122061    0.455190 ^ clkbuf_5_1__f_wr_clk/X (sky130_fd_sc_hd__clkbuf_16)
                                                         clknet_5_1__leaf_wr_clk (net)
                      0.037736    0.000362    0.455552 ^ _1138_/CLK (sky130_fd_sc_hd__dfxtp_2)
                                  0.100000    0.555552   clock uncertainty
                                  0.000000    0.555552   clock reconvergence pessimism
                                 -0.028103    0.527450   library hold time
                                              0.527450   data required time
---------------------------------------------------------------------------------------------
                                              0.527450   data required time
                                             -0.982730   data arrival time
---------------------------------------------------------------------------------------------
                                              0.455281   slack (MET)


Startpoint: _1073_ (rising edge-triggered flip-flop clocked by wr_clk)
Endpoint: _1073_ (rising edge-triggered flip-flop clocked by wr_clk)
Path Group: wr_clk
Path Type: min

Fanout         Cap        Slew       Delay        Time   Description
---------------------------------------------------------------------------------------------
                                  0.000000    0.000000   clock wr_clk (rise edge)
                                  0.000000    0.000000   clock source latency
     1    0.024374    0.000000    0.000000    0.000000 ^ wr_clk (in)
                                                         wr_clk (net)
                      0.001077    0.000538    0.000538 ^ clkbuf_0_wr_clk/A (sky130_fd_sc_hd__clkbuf_16)
    16    0.103304    0.118752    0.172854    0.173392 ^ clkbuf_0_wr_clk/X (sky130_fd_sc_hd__clkbuf_16)
                                                         clknet_0_wr_clk (net)
                      0.118752    0.000104    0.173496 ^ clkbuf_4_13_0_wr_clk/A (sky130_fd_sc_hd__clkbuf_8)
     2    0.018667    0.049352    0.157238    0.330735 ^ clkbuf_4_13_0_wr_clk/X (sky130_fd_sc_hd__clkbuf_8)
                                                         clknet_4_13_0_wr_clk (net)
                      0.049353    0.000278    0.331013 ^ clkbuf_5_26__f_wr_clk/A (sky130_fd_sc_hd__clkbuf_16)
     5    0.014898    0.037498    0.122156    0.453169 ^ clkbuf_5_26__f_wr_clk/X (sky130_fd_sc_hd__clkbuf_16)
                                                         clknet_5_26__leaf_wr_clk (net)
                      0.037498    0.000078    0.453247 ^ _1073_/CLK (sky130_fd_sc_hd__dfxtp_2)
     2    0.005653    0.042060    0.312823    0.766069 ^ _1073_/Q (sky130_fd_sc_hd__dfxtp_2)
                                                         u_fifomem.mem[10][3] (net)
                      0.042060    0.000045    0.766115 ^ _0809_/A0 (sky130_fd_sc_hd__mux2_2)
     1    0.002491    0.035277    0.129711    0.895825 ^ _0809_/X (sky130_fd_sc_hd__mux2_2)
                                                         _0380_ (net)
                      0.035277    0.000024    0.895850 ^ _0810_/A (sky130_fd_sc_hd__buf_2)
     1    0.002337    0.024960    0.084981    0.980831 ^ _0810_/X (sky130_fd_sc_hd__buf_2)
                                                         _0013_ (net)
                      0.024960    0.000023    0.980853 ^ _1073_/D (sky130_fd_sc_hd__dfxtp_2)
                                              0.980853   data arrival time

                                  0.000000    0.000000   clock wr_clk (rise edge)
                                  0.000000    0.000000   clock source latency
     1    0.024374    0.000000    0.000000    0.000000 ^ wr_clk (in)
                                                         wr_clk (net)
                      0.001077    0.000538    0.000538 ^ clkbuf_0_wr_clk/A (sky130_fd_sc_hd__clkbuf_16)
    16    0.103304    0.118752    0.172854    0.173392 ^ clkbuf_0_wr_clk/X (sky130_fd_sc_hd__clkbuf_16)
                                                         clknet_0_wr_clk (net)
                      0.118752    0.000104    0.173496 ^ clkbuf_4_13_0_wr_clk/A (sky130_fd_sc_hd__clkbuf_8)
     2    0.018667    0.049352    0.157238    0.330735 ^ clkbuf_4_13_0_wr_clk/X (sky130_fd_sc_hd__clkbuf_8)
                                                         clknet_4_13_0_wr_clk (net)
                      0.049353    0.000278    0.331013 ^ clkbuf_5_26__f_wr_clk/A (sky130_fd_sc_hd__clkbuf_16)
     5    0.014898    0.037498    0.122156    0.453169 ^ clkbuf_5_26__f_wr_clk/X (sky130_fd_sc_hd__clkbuf_16)
                                                         clknet_5_26__leaf_wr_clk (net)
                      0.037498    0.000078    0.453247 ^ _1073_/CLK (sky130_fd_sc_hd__dfxtp_2)
                                  0.100000    0.553247   clock uncertainty
                                  0.000000    0.553247   clock reconvergence pessimism
                                 -0.028023    0.525224   library hold time
                                              0.525224   data required time
---------------------------------------------------------------------------------------------
                                              0.525224   data required time
                                             -0.980853   data arrival time
---------------------------------------------------------------------------------------------
                                              0.455630   slack (MET)


Startpoint: _1118_ (rising edge-triggered flip-flop clocked by wr_clk)
Endpoint: _1118_ (rising edge-triggered flip-flop clocked by wr_clk)
Path Group: wr_clk
Path Type: min

Fanout         Cap        Slew       Delay        Time   Description
---------------------------------------------------------------------------------------------
                                  0.000000    0.000000   clock wr_clk (rise edge)
                                  0.000000    0.000000   clock source latency
     1    0.024374    0.000000    0.000000    0.000000 ^ wr_clk (in)
                                                         wr_clk (net)
                      0.001077    0.000538    0.000538 ^ clkbuf_0_wr_clk/A (sky130_fd_sc_hd__clkbuf_16)
    16    0.103304    0.118752    0.172854    0.173392 ^ clkbuf_0_wr_clk/X (sky130_fd_sc_hd__clkbuf_16)
                                                         clknet_0_wr_clk (net)
                      0.118853    0.002844    0.176237 ^ clkbuf_4_1_0_wr_clk/A (sky130_fd_sc_hd__clkbuf_8)
     2    0.017853    0.048064    0.156127    0.332364 ^ clkbuf_4_1_0_wr_clk/X (sky130_fd_sc_hd__clkbuf_8)
                                                         clknet_4_1_0_wr_clk (net)
                      0.048064    0.000146    0.332509 ^ clkbuf_5_3__f_wr_clk/A (sky130_fd_sc_hd__clkbuf_16)
     5    0.012865    0.035771    0.119737    0.452246 ^ clkbuf_5_3__f_wr_clk/X (sky130_fd_sc_hd__clkbuf_16)
                                                         clknet_5_3__leaf_wr_clk (net)
                      0.035771    0.000069    0.452315 ^ _1118_/CLK (sky130_fd_sc_hd__dfxtp_2)
     2    0.005142    0.039885    0.310281    0.762596 ^ _1118_/Q (sky130_fd_sc_hd__dfxtp_2)
                                                         u_fifomem.mem[1][0] (net)
                      0.039885    0.000033    0.762629 ^ _0908_/A0 (sky130_fd_sc_hd__mux2_2)
     1    0.002580    0.035071    0.129478    0.892107 ^ _0908_/X (sky130_fd_sc_hd__mux2_2)
                                                         _0434_ (net)
                      0.035071    0.000019    0.892126 ^ _0909_/A (sky130_fd_sc_hd__buf_2)
     1    0.002860    0.027059    0.087132    0.979258 ^ _0909_/X (sky130_fd_sc_hd__buf_2)
                                                         _0058_ (net)
                      0.027059    0.000033    0.979291 ^ _1118_/D (sky130_fd_sc_hd__dfxtp_2)
                                              0.979291   data arrival time

                                  0.000000    0.000000   clock wr_clk (rise edge)
                                  0.000000    0.000000   clock source latency
     1    0.024374    0.000000    0.000000    0.000000 ^ wr_clk (in)
                                                         wr_clk (net)
                      0.001077    0.000538    0.000538 ^ clkbuf_0_wr_clk/A (sky130_fd_sc_hd__clkbuf_16)
    16    0.103304    0.118752    0.172854    0.173392 ^ clkbuf_0_wr_clk/X (sky130_fd_sc_hd__clkbuf_16)
                                                         clknet_0_wr_clk (net)
                      0.118853    0.002844    0.176237 ^ clkbuf_4_1_0_wr_clk/A (sky130_fd_sc_hd__clkbuf_8)
     2    0.017853    0.048064    0.156127    0.332364 ^ clkbuf_4_1_0_wr_clk/X (sky130_fd_sc_hd__clkbuf_8)
                                                         clknet_4_1_0_wr_clk (net)
                      0.048064    0.000146    0.332509 ^ clkbuf_5_3__f_wr_clk/A (sky130_fd_sc_hd__clkbuf_16)
     5    0.012865    0.035771    0.119737    0.452246 ^ clkbuf_5_3__f_wr_clk/X (sky130_fd_sc_hd__clkbuf_16)
                                                         clknet_5_3__leaf_wr_clk (net)
                      0.035771    0.000069    0.452315 ^ _1118_/CLK (sky130_fd_sc_hd__dfxtp_2)
                                  0.100000    0.552315   clock uncertainty
                                  0.000000    0.552315   clock reconvergence pessimism
                                 -0.028684    0.523631   library hold time
                                              0.523631   data required time
---------------------------------------------------------------------------------------------
                                              0.523631   data required time
                                             -0.979291   data arrival time
---------------------------------------------------------------------------------------------
                                              0.455660   slack (MET)


Startpoint: _1153_ (rising edge-triggered flip-flop clocked by wr_clk)
Endpoint: _1153_ (rising edge-triggered flip-flop clocked by wr_clk)
Path Group: wr_clk
Path Type: min

Fanout         Cap        Slew       Delay        Time   Description
---------------------------------------------------------------------------------------------
                                  0.000000    0.000000   clock wr_clk (rise edge)
                                  0.000000    0.000000   clock source latency
     1    0.024374    0.000000    0.000000    0.000000 ^ wr_clk (in)
                                                         wr_clk (net)
                      0.001077    0.000538    0.000538 ^ clkbuf_0_wr_clk/A (sky130_fd_sc_hd__clkbuf_16)
    16    0.103304    0.118752    0.172854    0.173392 ^ clkbuf_0_wr_clk/X (sky130_fd_sc_hd__clkbuf_16)
                                                         clknet_0_wr_clk (net)
                      0.118782    0.001572    0.174964 ^ clkbuf_4_11_0_wr_clk/A (sky130_fd_sc_hd__clkbuf_8)
     2    0.017471    0.047469    0.155539    0.330504 ^ clkbuf_4_11_0_wr_clk/X (sky130_fd_sc_hd__clkbuf_8)
                                                         clknet_4_11_0_wr_clk (net)
                      0.047469    0.000128    0.330632 ^ clkbuf_5_23__f_wr_clk/A (sky130_fd_sc_hd__clkbuf_16)
     5    0.013820    0.036584    0.120427    0.451058 ^ clkbuf_5_23__f_wr_clk/X (sky130_fd_sc_hd__clkbuf_16)
                                                         clknet_5_23__leaf_wr_clk (net)
                      0.036584    0.000059    0.451117 ^ _1153_/CLK (sky130_fd_sc_hd__dfxtp_2)
     2    0.005410    0.041018    0.311574    0.762691 ^ _1153_/Q (sky130_fd_sc_hd__dfxtp_2)
                                                         u_fifomem.mem[5][3] (net)
                      0.041018    0.000060    0.762751 ^ _0983_/A0 (sky130_fd_sc_hd__mux2_2)
     1    0.004160    0.043293    0.139281    0.902032 ^ _0983_/X (sky130_fd_sc_hd__mux2_2)
                                                         _0474_ (net)
                      0.043293    0.000068    0.902100 ^ _0984_/A (sky130_fd_sc_hd__buf_1)
     1    0.002094    0.036517    0.074232    0.976332 ^ _0984_/X (sky130_fd_sc_hd__buf_1)
                                                         _0093_ (net)
                      0.036517    0.000019    0.976351 ^ _1153_/D (sky130_fd_sc_hd__dfxtp_2)
                                              0.976351   data arrival time

                                  0.000000    0.000000   clock wr_clk (rise edge)
                                  0.000000    0.000000   clock source latency
     1    0.024374    0.000000    0.000000    0.000000 ^ wr_clk (in)
                                                         wr_clk (net)
                      0.001077    0.000538    0.000538 ^ clkbuf_0_wr_clk/A (sky130_fd_sc_hd__clkbuf_16)
    16    0.103304    0.118752    0.172854    0.173392 ^ clkbuf_0_wr_clk/X (sky130_fd_sc_hd__clkbuf_16)
                                                         clknet_0_wr_clk (net)
                      0.118782    0.001572    0.174964 ^ clkbuf_4_11_0_wr_clk/A (sky130_fd_sc_hd__clkbuf_8)
     2    0.017471    0.047469    0.155539    0.330504 ^ clkbuf_4_11_0_wr_clk/X (sky130_fd_sc_hd__clkbuf_8)
                                                         clknet_4_11_0_wr_clk (net)
                      0.047469    0.000128    0.330632 ^ clkbuf_5_23__f_wr_clk/A (sky130_fd_sc_hd__clkbuf_16)
     5    0.013820    0.036584    0.120427    0.451058 ^ clkbuf_5_23__f_wr_clk/X (sky130_fd_sc_hd__clkbuf_16)
                                                         clknet_5_23__leaf_wr_clk (net)
                      0.036584    0.000059    0.451117 ^ _1153_/CLK (sky130_fd_sc_hd__dfxtp_2)
                                  0.100000    0.551117   clock uncertainty
                                  0.000000    0.551117   clock reconvergence pessimism
                                 -0.030539    0.520578   library hold time
                                              0.520578   data required time
---------------------------------------------------------------------------------------------
                                              0.520578   data required time
                                             -0.976351   data arrival time
---------------------------------------------------------------------------------------------
                                              0.455773   slack (MET)


Startpoint: _1124_ (rising edge-triggered flip-flop clocked by wr_clk)
Endpoint: _1124_ (rising edge-triggered flip-flop clocked by wr_clk)
Path Group: wr_clk
Path Type: min

Fanout         Cap        Slew       Delay        Time   Description
---------------------------------------------------------------------------------------------
                                  0.000000    0.000000   clock wr_clk (rise edge)
                                  0.000000    0.000000   clock source latency
     1    0.024374    0.000000    0.000000    0.000000 ^ wr_clk (in)
                                                         wr_clk (net)
                      0.001077    0.000538    0.000538 ^ clkbuf_0_wr_clk/A (sky130_fd_sc_hd__clkbuf_16)
    16    0.103304    0.118752    0.172854    0.173392 ^ clkbuf_0_wr_clk/X (sky130_fd_sc_hd__clkbuf_16)
                                                         clknet_0_wr_clk (net)
                      0.118782    0.001572    0.174964 ^ clkbuf_4_11_0_wr_clk/A (sky130_fd_sc_hd__clkbuf_8)
     2    0.017471    0.047469    0.155539    0.330504 ^ clkbuf_4_11_0_wr_clk/X (sky130_fd_sc_hd__clkbuf_8)
                                                         clknet_4_11_0_wr_clk (net)
                      0.047469    0.000161    0.330664 ^ clkbuf_5_22__f_wr_clk/A (sky130_fd_sc_hd__clkbuf_16)
     5    0.014498    0.037161    0.121066    0.451730 ^ clkbuf_5_22__f_wr_clk/X (sky130_fd_sc_hd__clkbuf_16)
                                                         clknet_5_22__leaf_wr_clk (net)
                      0.037161    0.000079    0.451809 ^ _1124_/CLK (sky130_fd_sc_hd__dfxtp_2)
     2    0.005727    0.042379    0.312976    0.764786 ^ _1124_/Q (sky130_fd_sc_hd__dfxtp_2)
                                                         u_fifomem.mem[1][6] (net)
                      0.042379    0.000051    0.764836 ^ _0920_/A0 (sky130_fd_sc_hd__mux2_2)
     1    0.002705    0.036248    0.131097    0.895933 ^ _0920_/X (sky130_fd_sc_hd__mux2_2)
                                                         _0440_ (net)
                      0.036248    0.000031    0.895965 ^ _0921_/A (sky130_fd_sc_hd__buf_2)
     1    0.001986    0.023556    0.083848    0.979813 ^ _0921_/X (sky130_fd_sc_hd__buf_2)
                                                         _0064_ (net)
                      0.023556    0.000018    0.979831 ^ _1124_/D (sky130_fd_sc_hd__dfxtp_2)
                                              0.979831   data arrival time

                                  0.000000    0.000000   clock wr_clk (rise edge)
                                  0.000000    0.000000   clock source latency
     1    0.024374    0.000000    0.000000    0.000000 ^ wr_clk (in)
                                                         wr_clk (net)
                      0.001077    0.000538    0.000538 ^ clkbuf_0_wr_clk/A (sky130_fd_sc_hd__clkbuf_16)
    16    0.103304    0.118752    0.172854    0.173392 ^ clkbuf_0_wr_clk/X (sky130_fd_sc_hd__clkbuf_16)
                                                         clknet_0_wr_clk (net)
                      0.118782    0.001572    0.174964 ^ clkbuf_4_11_0_wr_clk/A (sky130_fd_sc_hd__clkbuf_8)
     2    0.017471    0.047469    0.155539    0.330504 ^ clkbuf_4_11_0_wr_clk/X (sky130_fd_sc_hd__clkbuf_8)
                                                         clknet_4_11_0_wr_clk (net)
                      0.047469    0.000161    0.330664 ^ clkbuf_5_22__f_wr_clk/A (sky130_fd_sc_hd__clkbuf_16)
     5    0.014498    0.037161    0.121066    0.451730 ^ clkbuf_5_22__f_wr_clk/X (sky130_fd_sc_hd__clkbuf_16)
                                                         clknet_5_22__leaf_wr_clk (net)
                      0.037161    0.000079    0.451809 ^ _1124_/CLK (sky130_fd_sc_hd__dfxtp_2)
                                  0.100000    0.551809   clock uncertainty
                                  0.000000    0.551809   clock reconvergence pessimism
                                 -0.027776    0.524033   library hold time
                                              0.524033   data required time
---------------------------------------------------------------------------------------------
                                              0.524033   data required time
                                             -0.979831   data arrival time
---------------------------------------------------------------------------------------------
                                              0.455798   slack (MET)


Startpoint: _1177_ (rising edge-triggered flip-flop clocked by wr_clk)
Endpoint: _1177_ (rising edge-triggered flip-flop clocked by wr_clk)
Path Group: wr_clk
Path Type: min

Fanout         Cap        Slew       Delay        Time   Description
---------------------------------------------------------------------------------------------
                                  0.000000    0.000000   clock wr_clk (rise edge)
                                  0.000000    0.000000   clock source latency
     1    0.024374    0.000000    0.000000    0.000000 ^ wr_clk (in)
                                                         wr_clk (net)
                      0.001077    0.000538    0.000538 ^ clkbuf_0_wr_clk/A (sky130_fd_sc_hd__clkbuf_16)
    16    0.103304    0.118752    0.172854    0.173392 ^ clkbuf_0_wr_clk/X (sky130_fd_sc_hd__clkbuf_16)
                                                         clknet_0_wr_clk (net)
                      0.118752    0.000104    0.173496 ^ clkbuf_4_13_0_wr_clk/A (sky130_fd_sc_hd__clkbuf_8)
     2    0.018667    0.049352    0.157238    0.330735 ^ clkbuf_4_13_0_wr_clk/X (sky130_fd_sc_hd__clkbuf_8)
                                                         clknet_4_13_0_wr_clk (net)
                      0.049353    0.000278    0.331013 ^ clkbuf_5_26__f_wr_clk/A (sky130_fd_sc_hd__clkbuf_16)
     5    0.014898    0.037498    0.122156    0.453169 ^ clkbuf_5_26__f_wr_clk/X (sky130_fd_sc_hd__clkbuf_16)
                                                         clknet_5_26__leaf_wr_clk (net)
                      0.037498    0.000058    0.453227 ^ _1177_/CLK (sky130_fd_sc_hd__dfxtp_2)
     2    0.005547    0.041605    0.312429    0.765656 ^ _1177_/Q (sky130_fd_sc_hd__dfxtp_2)
                                                         u_fifomem.mem[8][3] (net)
                      0.041605    0.000049    0.765705 ^ _1035_/A0 (sky130_fd_sc_hd__mux2_2)
     1    0.002832    0.036828    0.131585    0.897290 ^ _1035_/X (sky130_fd_sc_hd__mux2_2)
                                                         _0502_ (net)
                      0.036828    0.000028    0.897317 ^ _1036_/A (sky130_fd_sc_hd__buf_1)
     1    0.002992    0.046116    0.079357    0.976674 ^ _1036_/X (sky130_fd_sc_hd__buf_1)
                                                         _0117_ (net)
                      0.046116    0.000040    0.976714 ^ _1177_/D (sky130_fd_sc_hd__dfxtp_2)
                                              0.976714   data arrival time

                                  0.000000    0.000000   clock wr_clk (rise edge)
                                  0.000000    0.000000   clock source latency
     1    0.024374    0.000000    0.000000    0.000000 ^ wr_clk (in)
                                                         wr_clk (net)
                      0.001077    0.000538    0.000538 ^ clkbuf_0_wr_clk/A (sky130_fd_sc_hd__clkbuf_16)
    16    0.103304    0.118752    0.172854    0.173392 ^ clkbuf_0_wr_clk/X (sky130_fd_sc_hd__clkbuf_16)
                                                         clknet_0_wr_clk (net)
                      0.118752    0.000104    0.173496 ^ clkbuf_4_13_0_wr_clk/A (sky130_fd_sc_hd__clkbuf_8)
     2    0.018667    0.049352    0.157238    0.330735 ^ clkbuf_4_13_0_wr_clk/X (sky130_fd_sc_hd__clkbuf_8)
                                                         clknet_4_13_0_wr_clk (net)
                      0.049353    0.000278    0.331013 ^ clkbuf_5_26__f_wr_clk/A (sky130_fd_sc_hd__clkbuf_16)
     5    0.014898    0.037498    0.122156    0.453169 ^ clkbuf_5_26__f_wr_clk/X (sky130_fd_sc_hd__clkbuf_16)
                                                         clknet_5_26__leaf_wr_clk (net)
                      0.037498    0.000058    0.453227 ^ _1177_/CLK (sky130_fd_sc_hd__dfxtp_2)
                                  0.100000    0.553227   clock uncertainty
                                  0.000000    0.553227   clock reconvergence pessimism
                                 -0.032409    0.520818   library hold time
                                              0.520818   data required time
---------------------------------------------------------------------------------------------
                                              0.520818   data required time
                                             -0.976714   data arrival time
---------------------------------------------------------------------------------------------
                                              0.455896   slack (MET)


Startpoint: _1072_ (rising edge-triggered flip-flop clocked by wr_clk)
Endpoint: _1072_ (rising edge-triggered flip-flop clocked by wr_clk)
Path Group: wr_clk
Path Type: min

Fanout         Cap        Slew       Delay        Time   Description
---------------------------------------------------------------------------------------------
                                  0.000000    0.000000   clock wr_clk (rise edge)
                                  0.000000    0.000000   clock source latency
     1    0.024374    0.000000    0.000000    0.000000 ^ wr_clk (in)
                                                         wr_clk (net)
                      0.001077    0.000538    0.000538 ^ clkbuf_0_wr_clk/A (sky130_fd_sc_hd__clkbuf_16)
    16    0.103304    0.118752    0.172854    0.173392 ^ clkbuf_0_wr_clk/X (sky130_fd_sc_hd__clkbuf_16)
                                                         clknet_0_wr_clk (net)
                      0.118891    0.003312    0.176704 ^ clkbuf_4_4_0_wr_clk/A (sky130_fd_sc_hd__clkbuf_8)
     2    0.018673    0.049333    0.157368    0.334072 ^ clkbuf_4_4_0_wr_clk/X (sky130_fd_sc_hd__clkbuf_8)
                                                         clknet_4_4_0_wr_clk (net)
                      0.049333    0.000165    0.334237 ^ clkbuf_5_9__f_wr_clk/A (sky130_fd_sc_hd__clkbuf_16)
     5    0.013998    0.036735    0.121275    0.455512 ^ clkbuf_5_9__f_wr_clk/X (sky130_fd_sc_hd__clkbuf_16)
                                                         clknet_5_9__leaf_wr_clk (net)
                      0.036735    0.000103    0.455615 ^ _1072_/CLK (sky130_fd_sc_hd__dfxtp_2)
     2    0.005416    0.041045    0.311652    0.767267 ^ _1072_/Q (sky130_fd_sc_hd__dfxtp_2)
                                                         u_fifomem.mem[10][2] (net)
                      0.041045    0.000051    0.767318 ^ _0807_/A0 (sky130_fd_sc_hd__mux2_2)
     1    0.002862    0.036959    0.131562    0.898880 ^ _0807_/X (sky130_fd_sc_hd__mux2_2)
                                                         _0379_ (net)
                      0.036959    0.000034    0.898914 ^ _0808_/A (sky130_fd_sc_hd__buf_2)
     1    0.002135    0.024147    0.084749    0.983663 ^ _0808_/X (sky130_fd_sc_hd__buf_2)
                                                         _0012_ (net)
                      0.024147    0.000011    0.983674 ^ _1072_/D (sky130_fd_sc_hd__dfxtp_2)
                                              0.983674   data arrival time

                                  0.000000    0.000000   clock wr_clk (rise edge)
                                  0.000000    0.000000   clock source latency
     1    0.024374    0.000000    0.000000    0.000000 ^ wr_clk (in)
                                                         wr_clk (net)
                      0.001077    0.000538    0.000538 ^ clkbuf_0_wr_clk/A (sky130_fd_sc_hd__clkbuf_16)
    16    0.103304    0.118752    0.172854    0.173392 ^ clkbuf_0_wr_clk/X (sky130_fd_sc_hd__clkbuf_16)
                                                         clknet_0_wr_clk (net)
                      0.118891    0.003312    0.176704 ^ clkbuf_4_4_0_wr_clk/A (sky130_fd_sc_hd__clkbuf_8)
     2    0.018673    0.049333    0.157368    0.334072 ^ clkbuf_4_4_0_wr_clk/X (sky130_fd_sc_hd__clkbuf_8)
                                                         clknet_4_4_0_wr_clk (net)
                      0.049333    0.000165    0.334237 ^ clkbuf_5_9__f_wr_clk/A (sky130_fd_sc_hd__clkbuf_16)
     5    0.013998    0.036735    0.121275    0.455512 ^ clkbuf_5_9__f_wr_clk/X (sky130_fd_sc_hd__clkbuf_16)
                                                         clknet_5_9__leaf_wr_clk (net)
                      0.036735    0.000103    0.455615 ^ _1072_/CLK (sky130_fd_sc_hd__dfxtp_2)
                                  0.100000    0.555615   clock uncertainty
                                  0.000000    0.555615   clock reconvergence pessimism
                                 -0.027954    0.527661   library hold time
                                              0.527661   data required time
---------------------------------------------------------------------------------------------
                                              0.527661   data required time
                                             -0.983674   data arrival time
---------------------------------------------------------------------------------------------
                                              0.456013   slack (MET)


Startpoint: _1164_ (rising edge-triggered flip-flop clocked by wr_clk)
Endpoint: _1164_ (rising edge-triggered flip-flop clocked by wr_clk)
Path Group: wr_clk
Path Type: min

Fanout         Cap        Slew       Delay        Time   Description
---------------------------------------------------------------------------------------------
                                  0.000000    0.000000   clock wr_clk (rise edge)
                                  0.000000    0.000000   clock source latency
     1    0.024374    0.000000    0.000000    0.000000 ^ wr_clk (in)
                                                         wr_clk (net)
                      0.001077    0.000538    0.000538 ^ clkbuf_0_wr_clk/A (sky130_fd_sc_hd__clkbuf_16)
    16    0.103304    0.118752    0.172854    0.173392 ^ clkbuf_0_wr_clk/X (sky130_fd_sc_hd__clkbuf_16)
                                                         clknet_0_wr_clk (net)
                      0.118752    0.000073    0.173465 ^ clkbuf_4_12_0_wr_clk/A (sky130_fd_sc_hd__clkbuf_8)
     2    0.019367    0.050450    0.158281    0.331746 ^ clkbuf_4_12_0_wr_clk/X (sky130_fd_sc_hd__clkbuf_8)
                                                         clknet_4_12_0_wr_clk (net)
                      0.050451    0.000354    0.332100 ^ clkbuf_5_25__f_wr_clk/A (sky130_fd_sc_hd__clkbuf_16)
     6    0.021455    0.043094    0.128785    0.460885 ^ clkbuf_5_25__f_wr_clk/X (sky130_fd_sc_hd__clkbuf_16)
                                                         clknet_5_25__leaf_wr_clk (net)
                      0.043097    0.000296    0.461181 ^ _1164_/CLK (sky130_fd_sc_hd__dfxtp_2)
     2    0.004751    0.038228    0.311531    0.772712 ^ _1164_/Q (sky130_fd_sc_hd__dfxtp_2)
                                                         u_fifomem.mem[6][6] (net)
                      0.038228    0.000041    0.772753 ^ _1006_/A0 (sky130_fd_sc_hd__mux2_2)
     1    0.003087    0.037948    0.131915    0.904668 ^ _1006_/X (sky130_fd_sc_hd__mux2_2)
                                                         _0486_ (net)
                      0.037948    0.000040    0.904708 ^ _1007_/A (sky130_fd_sc_hd__buf_2)
     1    0.002180    0.024327    0.085311    0.990019 ^ _1007_/X (sky130_fd_sc_hd__buf_2)
                                                         _0104_ (net)
                      0.024327    0.000020    0.990039 ^ _1164_/D (sky130_fd_sc_hd__dfxtp_2)
                                              0.990039   data arrival time

                                  0.000000    0.000000   clock wr_clk (rise edge)
                                  0.000000    0.000000   clock source latency
     1    0.024374    0.000000    0.000000    0.000000 ^ wr_clk (in)
                                                         wr_clk (net)
                      0.001077    0.000538    0.000538 ^ clkbuf_0_wr_clk/A (sky130_fd_sc_hd__clkbuf_16)
    16    0.103304    0.118752    0.172854    0.173392 ^ clkbuf_0_wr_clk/X (sky130_fd_sc_hd__clkbuf_16)
                                                         clknet_0_wr_clk (net)
                      0.118752    0.000073    0.173465 ^ clkbuf_4_12_0_wr_clk/A (sky130_fd_sc_hd__clkbuf_8)
     2    0.019367    0.050450    0.158281    0.331746 ^ clkbuf_4_12_0_wr_clk/X (sky130_fd_sc_hd__clkbuf_8)
                                                         clknet_4_12_0_wr_clk (net)
                      0.050451    0.000354    0.332100 ^ clkbuf_5_25__f_wr_clk/A (sky130_fd_sc_hd__clkbuf_16)
     6    0.021455    0.043094    0.128785    0.460885 ^ clkbuf_5_25__f_wr_clk/X (sky130_fd_sc_hd__clkbuf_16)
                                                         clknet_5_25__leaf_wr_clk (net)
                      0.043097    0.000296    0.461181 ^ _1164_/CLK (sky130_fd_sc_hd__dfxtp_2)
                                  0.100000    0.561181   clock uncertainty
                                  0.000000    0.561181   clock reconvergence pessimism
                                 -0.027157    0.534024   library hold time
                                              0.534024   data required time
---------------------------------------------------------------------------------------------
                                              0.534024   data required time
                                             -0.990039   data arrival time
---------------------------------------------------------------------------------------------
                                              0.456015   slack (MET)


Startpoint: _1133_ (rising edge-triggered flip-flop clocked by wr_clk)
Endpoint: _1133_ (rising edge-triggered flip-flop clocked by wr_clk)
Path Group: wr_clk
Path Type: min

Fanout         Cap        Slew       Delay        Time   Description
---------------------------------------------------------------------------------------------
                                  0.000000    0.000000   clock wr_clk (rise edge)
                                  0.000000    0.000000   clock source latency
     1    0.024374    0.000000    0.000000    0.000000 ^ wr_clk (in)
                                                         wr_clk (net)
                      0.001077    0.000538    0.000538 ^ clkbuf_0_wr_clk/A (sky130_fd_sc_hd__clkbuf_16)
    16    0.103304    0.118752    0.172854    0.173392 ^ clkbuf_0_wr_clk/X (sky130_fd_sc_hd__clkbuf_16)
                                                         clknet_0_wr_clk (net)
                      0.118854    0.002852    0.176244 ^ clkbuf_4_0_0_wr_clk/A (sky130_fd_sc_hd__clkbuf_8)
     2    0.018188    0.048610    0.156555    0.332799 ^ clkbuf_4_0_0_wr_clk/X (sky130_fd_sc_hd__clkbuf_8)
                                                         clknet_4_0_0_wr_clk (net)
                      0.048611    0.000303    0.333102 ^ clkbuf_5_0__f_wr_clk/A (sky130_fd_sc_hd__clkbuf_16)
     5    0.017289    0.039539    0.124103    0.457206 ^ clkbuf_5_0__f_wr_clk/X (sky130_fd_sc_hd__clkbuf_16)
                                                         clknet_5_0__leaf_wr_clk (net)
                      0.039539    0.000247    0.457453 ^ _1133_/CLK (sky130_fd_sc_hd__dfxtp_2)
     2    0.005351    0.040762    0.312451    0.769904 ^ _1133_/Q (sky130_fd_sc_hd__dfxtp_2)
                                                         u_fifomem.mem[2][7] (net)
                      0.040762    0.000040    0.769944 ^ _0939_/A0 (sky130_fd_sc_hd__mux2_2)
     1    0.002704    0.035873    0.130531    0.900476 ^ _0939_/X (sky130_fd_sc_hd__mux2_2)
                                                         _0450_ (net)
                      0.035873    0.000012    0.900488 ^ _0940_/A (sky130_fd_sc_hd__buf_4)
     1    0.002038    0.022051    0.085830    0.986317 ^ _0940_/X (sky130_fd_sc_hd__buf_4)
                                                         _0073_ (net)
                      0.022051    0.000019    0.986336 ^ _1133_/D (sky130_fd_sc_hd__dfxtp_2)
                                              0.986336   data arrival time

                                  0.000000    0.000000   clock wr_clk (rise edge)
                                  0.000000    0.000000   clock source latency
     1    0.024374    0.000000    0.000000    0.000000 ^ wr_clk (in)
                                                         wr_clk (net)
                      0.001077    0.000538    0.000538 ^ clkbuf_0_wr_clk/A (sky130_fd_sc_hd__clkbuf_16)
    16    0.103304    0.118752    0.172854    0.173392 ^ clkbuf_0_wr_clk/X (sky130_fd_sc_hd__clkbuf_16)
                                                         clknet_0_wr_clk (net)
                      0.118854    0.002852    0.176244 ^ clkbuf_4_0_0_wr_clk/A (sky130_fd_sc_hd__clkbuf_8)
     2    0.018188    0.048610    0.156555    0.332799 ^ clkbuf_4_0_0_wr_clk/X (sky130_fd_sc_hd__clkbuf_8)
                                                         clknet_4_0_0_wr_clk (net)
                      0.048611    0.000303    0.333102 ^ clkbuf_5_0__f_wr_clk/A (sky130_fd_sc_hd__clkbuf_16)
     5    0.017289    0.039539    0.124103    0.457206 ^ clkbuf_5_0__f_wr_clk/X (sky130_fd_sc_hd__clkbuf_16)
                                                         clknet_5_0__leaf_wr_clk (net)
                      0.039539    0.000247    0.457453 ^ _1133_/CLK (sky130_fd_sc_hd__dfxtp_2)
                                  0.100000    0.557453   clock uncertainty
                                  0.000000    0.557453   clock reconvergence pessimism
                                 -0.027152    0.530301   library hold time
                                              0.530301   data required time
---------------------------------------------------------------------------------------------
                                              0.530301   data required time
                                             -0.986336   data arrival time
---------------------------------------------------------------------------------------------
                                              0.456035   slack (MET)


Startpoint: _1100_ (rising edge-triggered flip-flop clocked by wr_clk)
Endpoint: _1100_ (rising edge-triggered flip-flop clocked by wr_clk)
Path Group: wr_clk
Path Type: min

Fanout         Cap        Slew       Delay        Time   Description
---------------------------------------------------------------------------------------------
                                  0.000000    0.000000   clock wr_clk (rise edge)
                                  0.000000    0.000000   clock source latency
     1    0.024374    0.000000    0.000000    0.000000 ^ wr_clk (in)
                                                         wr_clk (net)
                      0.001077    0.000538    0.000538 ^ clkbuf_0_wr_clk/A (sky130_fd_sc_hd__clkbuf_16)
    16    0.103304    0.118752    0.172854    0.173392 ^ clkbuf_0_wr_clk/X (sky130_fd_sc_hd__clkbuf_16)
                                                         clknet_0_wr_clk (net)
                      0.118752    0.000104    0.173496 ^ clkbuf_4_13_0_wr_clk/A (sky130_fd_sc_hd__clkbuf_8)
     2    0.018667    0.049352    0.157238    0.330735 ^ clkbuf_4_13_0_wr_clk/X (sky130_fd_sc_hd__clkbuf_8)
                                                         clknet_4_13_0_wr_clk (net)
                      0.049353    0.000336    0.331070 ^ clkbuf_5_27__f_wr_clk/A (sky130_fd_sc_hd__clkbuf_16)
     5    0.016743    0.039068    0.123848    0.454918 ^ clkbuf_5_27__f_wr_clk/X (sky130_fd_sc_hd__clkbuf_16)
                                                         clknet_5_27__leaf_wr_clk (net)
                      0.039076    0.000393    0.455311 ^ _1100_/CLK (sky130_fd_sc_hd__dfxtp_2)
     2    0.005311    0.040593    0.312127    0.767438 ^ _1100_/Q (sky130_fd_sc_hd__dfxtp_2)
                                                         u_fifomem.mem[13][6] (net)
                      0.040593    0.000044    0.767482 ^ _0868_/A0 (sky130_fd_sc_hd__mux2_2)
     1    0.003382    0.039339    0.134503    0.901986 ^ _0868_/X (sky130_fd_sc_hd__mux2_2)
                                                         _0412_ (net)
                      0.039339    0.000038    0.902024 ^ _0869_/A (sky130_fd_sc_hd__buf_1)
     1    0.002704    0.043021    0.077868    0.979891 ^ _0869_/X (sky130_fd_sc_hd__buf_1)
                                                         _0040_ (net)
                      0.043021    0.000030    0.979921 ^ _1100_/D (sky130_fd_sc_hd__dfxtp_2)
                                              0.979921   data arrival time

                                  0.000000    0.000000   clock wr_clk (rise edge)
                                  0.000000    0.000000   clock source latency
     1    0.024374    0.000000    0.000000    0.000000 ^ wr_clk (in)
                                                         wr_clk (net)
                      0.001077    0.000538    0.000538 ^ clkbuf_0_wr_clk/A (sky130_fd_sc_hd__clkbuf_16)
    16    0.103304    0.118752    0.172854    0.173392 ^ clkbuf_0_wr_clk/X (sky130_fd_sc_hd__clkbuf_16)
                                                         clknet_0_wr_clk (net)
                      0.118752    0.000104    0.173496 ^ clkbuf_4_13_0_wr_clk/A (sky130_fd_sc_hd__clkbuf_8)
     2    0.018667    0.049352    0.157238    0.330735 ^ clkbuf_4_13_0_wr_clk/X (sky130_fd_sc_hd__clkbuf_8)
                                                         clknet_4_13_0_wr_clk (net)
                      0.049353    0.000336    0.331070 ^ clkbuf_5_27__f_wr_clk/A (sky130_fd_sc_hd__clkbuf_16)
     5    0.016743    0.039068    0.123848    0.454918 ^ clkbuf_5_27__f_wr_clk/X (sky130_fd_sc_hd__clkbuf_16)
                                                         clknet_5_27__leaf_wr_clk (net)
                      0.039076    0.000393    0.455311 ^ _1100_/CLK (sky130_fd_sc_hd__dfxtp_2)
                                  0.100000    0.555311   clock uncertainty
                                  0.000000    0.555311   clock reconvergence pessimism
                                 -0.031559    0.523752   library hold time
                                              0.523752   data required time
---------------------------------------------------------------------------------------------
                                              0.523752   data required time
                                             -0.979921   data arrival time
---------------------------------------------------------------------------------------------
                                              0.456169   slack (MET)


Startpoint: _1087_ (rising edge-triggered flip-flop clocked by wr_clk)
Endpoint: _1087_ (rising edge-triggered flip-flop clocked by wr_clk)
Path Group: wr_clk
Path Type: min

Fanout         Cap        Slew       Delay        Time   Description
---------------------------------------------------------------------------------------------
                                  0.000000    0.000000   clock wr_clk (rise edge)
                                  0.000000    0.000000   clock source latency
     1    0.024374    0.000000    0.000000    0.000000 ^ wr_clk (in)
                                                         wr_clk (net)
                      0.001077    0.000538    0.000538 ^ clkbuf_0_wr_clk/A (sky130_fd_sc_hd__clkbuf_16)
    16    0.103304    0.118752    0.172854    0.173392 ^ clkbuf_0_wr_clk/X (sky130_fd_sc_hd__clkbuf_16)
                                                         clknet_0_wr_clk (net)
                      0.118911    0.003540    0.176932 ^ clkbuf_4_7_0_wr_clk/A (sky130_fd_sc_hd__clkbuf_8)
     2    0.018555    0.049139    0.157224    0.334157 ^ clkbuf_4_7_0_wr_clk/X (sky130_fd_sc_hd__clkbuf_8)
                                                         clknet_4_7_0_wr_clk (net)
                      0.049139    0.000202    0.334359 ^ clkbuf_5_15__f_wr_clk/A (sky130_fd_sc_hd__clkbuf_16)
     5    0.013680    0.036465    0.120900    0.455259 ^ clkbuf_5_15__f_wr_clk/X (sky130_fd_sc_hd__clkbuf_16)
                                                         clknet_5_15__leaf_wr_clk (net)
                      0.036465    0.000138    0.455397 ^ _1087_/CLK (sky130_fd_sc_hd__dfxtp_2)
     2    0.005584    0.041763    0.312177    0.767574 ^ _1087_/Q (sky130_fd_sc_hd__dfxtp_2)
                                                         u_fifomem.mem[12][1] (net)
                      0.041763    0.000071    0.767645 ^ _0840_/A0 (sky130_fd_sc_hd__mux2_2)
     1    0.004262    0.043354    0.140074    0.907719 ^ _0840_/X (sky130_fd_sc_hd__mux2_2)
                                                         _0397_ (net)
                      0.043354    0.000071    0.907790 ^ _0841_/A (sky130_fd_sc_hd__buf_1)
     1    0.001985    0.036549    0.073368    0.981158 ^ _0841_/X (sky130_fd_sc_hd__buf_1)
                                                         _0027_ (net)
                      0.036549    0.000009    0.981167 ^ _1087_/D (sky130_fd_sc_hd__dfxtp_2)
                                              0.981167   data arrival time

                                  0.000000    0.000000   clock wr_clk (rise edge)
                                  0.000000    0.000000   clock source latency
     1    0.024374    0.000000    0.000000    0.000000 ^ wr_clk (in)
                                                         wr_clk (net)
                      0.001077    0.000538    0.000538 ^ clkbuf_0_wr_clk/A (sky130_fd_sc_hd__clkbuf_16)
    16    0.103304    0.118752    0.172854    0.173392 ^ clkbuf_0_wr_clk/X (sky130_fd_sc_hd__clkbuf_16)
                                                         clknet_0_wr_clk (net)
                      0.118911    0.003540    0.176932 ^ clkbuf_4_7_0_wr_clk/A (sky130_fd_sc_hd__clkbuf_8)
     2    0.018555    0.049139    0.157224    0.334157 ^ clkbuf_4_7_0_wr_clk/X (sky130_fd_sc_hd__clkbuf_8)
                                                         clknet_4_7_0_wr_clk (net)
                      0.049139    0.000202    0.334359 ^ clkbuf_5_15__f_wr_clk/A (sky130_fd_sc_hd__clkbuf_16)
     5    0.013680    0.036465    0.120900    0.455259 ^ clkbuf_5_15__f_wr_clk/X (sky130_fd_sc_hd__clkbuf_16)
                                                         clknet_5_15__leaf_wr_clk (net)
                      0.036465    0.000138    0.455397 ^ _1087_/CLK (sky130_fd_sc_hd__dfxtp_2)
                                  0.100000    0.555397   clock uncertainty
                                  0.000000    0.555397   clock reconvergence pessimism
                                 -0.030561    0.524836   library hold time
                                              0.524836   data required time
---------------------------------------------------------------------------------------------
                                              0.524836   data required time
                                             -0.981167   data arrival time
---------------------------------------------------------------------------------------------
                                              0.456331   slack (MET)


Startpoint: _1069_ (rising edge-triggered flip-flop clocked by wr_clk)
Endpoint: _1069_ (rising edge-triggered flip-flop clocked by wr_clk)
Path Group: wr_clk
Path Type: min

Fanout         Cap        Slew       Delay        Time   Description
---------------------------------------------------------------------------------------------
                                  0.000000    0.000000   clock wr_clk (rise edge)
                                  0.000000    0.000000   clock source latency
     1    0.024374    0.000000    0.000000    0.000000 ^ wr_clk (in)
                                                         wr_clk (net)
                      0.001077    0.000538    0.000538 ^ clkbuf_0_wr_clk/A (sky130_fd_sc_hd__clkbuf_16)
    16    0.103304    0.118752    0.172854    0.173392 ^ clkbuf_0_wr_clk/X (sky130_fd_sc_hd__clkbuf_16)
                                                         clknet_0_wr_clk (net)
                      0.118853    0.002844    0.176237 ^ clkbuf_4_1_0_wr_clk/A (sky130_fd_sc_hd__clkbuf_8)
     2    0.017853    0.048064    0.156127    0.332364 ^ clkbuf_4_1_0_wr_clk/X (sky130_fd_sc_hd__clkbuf_8)
                                                         clknet_4_1_0_wr_clk (net)
                      0.048064    0.000191    0.332554 ^ clkbuf_5_2__f_wr_clk/A (sky130_fd_sc_hd__clkbuf_16)
     5    0.015686    0.038172    0.122372    0.454926 ^ clkbuf_5_2__f_wr_clk/X (sky130_fd_sc_hd__clkbuf_16)
                                                         clknet_5_2__leaf_wr_clk (net)
                      0.038172    0.000209    0.455135 ^ _1069_/CLK (sky130_fd_sc_hd__dfxtp_2)
     2    0.005188    0.040074    0.311342    0.766477 ^ _1069_/Q (sky130_fd_sc_hd__dfxtp_2)
                                                         u_fifomem.mem[0][7] (net)
                      0.040074    0.000032    0.766509 ^ _0800_/A0 (sky130_fd_sc_hd__mux2_2)
     1    0.003602    0.040379    0.135636    0.902145 ^ _0800_/X (sky130_fd_sc_hd__mux2_2)
                                                         _0375_ (net)
                      0.040379    0.000046    0.902190 ^ _0801_/A (sky130_fd_sc_hd__buf_1)
     1    0.002649    0.042422    0.077773    0.979964 ^ _0801_/X (sky130_fd_sc_hd__buf_1)
                                                         _0009_ (net)
                      0.042422    0.000020    0.979984 ^ _1069_/D (sky130_fd_sc_hd__dfxtp_2)
                                              0.979984   data arrival time

                                  0.000000    0.000000   clock wr_clk (rise edge)
                                  0.000000    0.000000   clock source latency
     1    0.024374    0.000000    0.000000    0.000000 ^ wr_clk (in)
                                                         wr_clk (net)
                      0.001077    0.000538    0.000538 ^ clkbuf_0_wr_clk/A (sky130_fd_sc_hd__clkbuf_16)
    16    0.103304    0.118752    0.172854    0.173392 ^ clkbuf_0_wr_clk/X (sky130_fd_sc_hd__clkbuf_16)
                                                         clknet_0_wr_clk (net)
                      0.118853    0.002844    0.176237 ^ clkbuf_4_1_0_wr_clk/A (sky130_fd_sc_hd__clkbuf_8)
     2    0.017853    0.048064    0.156127    0.332364 ^ clkbuf_4_1_0_wr_clk/X (sky130_fd_sc_hd__clkbuf_8)
                                                         clknet_4_1_0_wr_clk (net)
                      0.048064    0.000191    0.332554 ^ clkbuf_5_2__f_wr_clk/A (sky130_fd_sc_hd__clkbuf_16)
     5    0.015686    0.038172    0.122372    0.454926 ^ clkbuf_5_2__f_wr_clk/X (sky130_fd_sc_hd__clkbuf_16)
                                                         clknet_5_2__leaf_wr_clk (net)
                      0.038172    0.000209    0.455135 ^ _1069_/CLK (sky130_fd_sc_hd__dfxtp_2)
                                  0.100000    0.555135   clock uncertainty
                                  0.000000    0.555135   clock reconvergence pessimism
                                 -0.031554    0.523581   library hold time
                                              0.523581   data required time
---------------------------------------------------------------------------------------------
                                              0.523581   data required time
                                             -0.979984   data arrival time
---------------------------------------------------------------------------------------------
                                              0.456403   slack (MET)


Startpoint: _1125_ (rising edge-triggered flip-flop clocked by wr_clk)
Endpoint: _1125_ (rising edge-triggered flip-flop clocked by wr_clk)
Path Group: wr_clk
Path Type: min

Fanout         Cap        Slew       Delay        Time   Description
---------------------------------------------------------------------------------------------
                                  0.000000    0.000000   clock wr_clk (rise edge)
                                  0.000000    0.000000   clock source latency
     1    0.024374    0.000000    0.000000    0.000000 ^ wr_clk (in)
                                                         wr_clk (net)
                      0.001077    0.000538    0.000538 ^ clkbuf_0_wr_clk/A (sky130_fd_sc_hd__clkbuf_16)
    16    0.103304    0.118752    0.172854    0.173392 ^ clkbuf_0_wr_clk/X (sky130_fd_sc_hd__clkbuf_16)
                                                         clknet_0_wr_clk (net)
                      0.118853    0.002844    0.176237 ^ clkbuf_4_1_0_wr_clk/A (sky130_fd_sc_hd__clkbuf_8)
     2    0.017853    0.048064    0.156127    0.332364 ^ clkbuf_4_1_0_wr_clk/X (sky130_fd_sc_hd__clkbuf_8)
                                                         clknet_4_1_0_wr_clk (net)
                      0.048064    0.000191    0.332554 ^ clkbuf_5_2__f_wr_clk/A (sky130_fd_sc_hd__clkbuf_16)
     5    0.015686    0.038172    0.122372    0.454926 ^ clkbuf_5_2__f_wr_clk/X (sky130_fd_sc_hd__clkbuf_16)
                                                         clknet_5_2__leaf_wr_clk (net)
                      0.038172    0.000121    0.455047 ^ _1125_/CLK (sky130_fd_sc_hd__dfxtp_2)
     2    0.005153    0.039926    0.311209    0.766255 ^ _1125_/Q (sky130_fd_sc_hd__dfxtp_2)
                                                         u_fifomem.mem[1][7] (net)
                      0.039926    0.000034    0.766290 ^ _0922_/A0 (sky130_fd_sc_hd__mux2_2)
     1    0.003031    0.037042    0.132181    0.898471 ^ _0922_/X (sky130_fd_sc_hd__mux2_2)
                                                         _0441_ (net)
                      0.037042    0.000039    0.898509 ^ _0923_/A (sky130_fd_sc_hd__buf_2)
     1    0.002209    0.024443    0.085094    0.983604 ^ _0923_/X (sky130_fd_sc_hd__buf_2)
                                                         _0065_ (net)
                      0.024443    0.000021    0.983624 ^ _1125_/D (sky130_fd_sc_hd__dfxtp_2)
                                              0.983624   data arrival time

                                  0.000000    0.000000   clock wr_clk (rise edge)
                                  0.000000    0.000000   clock source latency
     1    0.024374    0.000000    0.000000    0.000000 ^ wr_clk (in)
                                                         wr_clk (net)
                      0.001077    0.000538    0.000538 ^ clkbuf_0_wr_clk/A (sky130_fd_sc_hd__clkbuf_16)
    16    0.103304    0.118752    0.172854    0.173392 ^ clkbuf_0_wr_clk/X (sky130_fd_sc_hd__clkbuf_16)
                                                         clknet_0_wr_clk (net)
                      0.118853    0.002844    0.176237 ^ clkbuf_4_1_0_wr_clk/A (sky130_fd_sc_hd__clkbuf_8)
     2    0.017853    0.048064    0.156127    0.332364 ^ clkbuf_4_1_0_wr_clk/X (sky130_fd_sc_hd__clkbuf_8)
                                                         clknet_4_1_0_wr_clk (net)
                      0.048064    0.000191    0.332554 ^ clkbuf_5_2__f_wr_clk/A (sky130_fd_sc_hd__clkbuf_16)
     5    0.015686    0.038172    0.122372    0.454926 ^ clkbuf_5_2__f_wr_clk/X (sky130_fd_sc_hd__clkbuf_16)
                                                         clknet_5_2__leaf_wr_clk (net)
                      0.038172    0.000121    0.455047 ^ _1125_/CLK (sky130_fd_sc_hd__dfxtp_2)
                                  0.100000    0.555047   clock uncertainty
                                  0.000000    0.555047   clock reconvergence pessimism
                                 -0.027827    0.527219   library hold time
                                              0.527219   data required time
---------------------------------------------------------------------------------------------
                                              0.527219   data required time
                                             -0.983624   data arrival time
---------------------------------------------------------------------------------------------
                                              0.456405   slack (MET)


Startpoint: _1173_ (rising edge-triggered flip-flop clocked by wr_clk)
Endpoint: _1173_ (rising edge-triggered flip-flop clocked by wr_clk)
Path Group: wr_clk
Path Type: min

Fanout         Cap        Slew       Delay        Time   Description
---------------------------------------------------------------------------------------------
                                  0.000000    0.000000   clock wr_clk (rise edge)
                                  0.000000    0.000000   clock source latency
     1    0.024374    0.000000    0.000000    0.000000 ^ wr_clk (in)
                                                         wr_clk (net)
                      0.001077    0.000538    0.000538 ^ clkbuf_0_wr_clk/A (sky130_fd_sc_hd__clkbuf_16)
    16    0.103304    0.118752    0.172854    0.173392 ^ clkbuf_0_wr_clk/X (sky130_fd_sc_hd__clkbuf_16)
                                                         clknet_0_wr_clk (net)
                      0.118788    0.001720    0.175112 ^ clkbuf_4_9_0_wr_clk/A (sky130_fd_sc_hd__clkbuf_8)
     2    0.018779    0.049532    0.157408    0.332520 ^ clkbuf_4_9_0_wr_clk/X (sky130_fd_sc_hd__clkbuf_8)
                                                         clknet_4_9_0_wr_clk (net)
                      0.049533    0.000287    0.332807 ^ clkbuf_5_18__f_wr_clk/A (sky130_fd_sc_hd__clkbuf_16)
     5    0.014405    0.037081    0.121731    0.454537 ^ clkbuf_5_18__f_wr_clk/X (sky130_fd_sc_hd__clkbuf_16)
                                                         clknet_5_18__leaf_wr_clk (net)
                      0.037081    0.000167    0.454704 ^ _1173_/CLK (sky130_fd_sc_hd__dfxtp_2)
     2    0.004549    0.037017    0.308539    0.763243 ^ _1173_/Q (sky130_fd_sc_hd__dfxtp_2)
                                                         u_fifomem.mem[7][7] (net)
                      0.037395    0.000042    0.763286 ^ _1025_/A1 (sky130_fd_sc_hd__mux2_2)
     1    0.004693    0.045544    0.141100    0.904385 ^ _1025_/X (sky130_fd_sc_hd__mux2_2)
                                                         _0496_ (net)
                      0.045544    0.000084    0.904469 ^ _1026_/A (sky130_fd_sc_hd__buf_1)
     1    0.002208    0.037728    0.075956    0.980425 ^ _1026_/X (sky130_fd_sc_hd__buf_1)
                                                         _0113_ (net)
                      0.037728    0.000013    0.980438 ^ _1173_/D (sky130_fd_sc_hd__dfxtp_2)
                                              0.980438   data arrival time

                                  0.000000    0.000000   clock wr_clk (rise edge)
                                  0.000000    0.000000   clock source latency
     1    0.024374    0.000000    0.000000    0.000000 ^ wr_clk (in)
                                                         wr_clk (net)
                      0.001077    0.000538    0.000538 ^ clkbuf_0_wr_clk/A (sky130_fd_sc_hd__clkbuf_16)
    16    0.103304    0.118752    0.172854    0.173392 ^ clkbuf_0_wr_clk/X (sky130_fd_sc_hd__clkbuf_16)
                                                         clknet_0_wr_clk (net)
                      0.118788    0.001720    0.175112 ^ clkbuf_4_9_0_wr_clk/A (sky130_fd_sc_hd__clkbuf_8)
     2    0.018779    0.049532    0.157408    0.332520 ^ clkbuf_4_9_0_wr_clk/X (sky130_fd_sc_hd__clkbuf_8)
                                                         clknet_4_9_0_wr_clk (net)
                      0.049533    0.000287    0.332807 ^ clkbuf_5_18__f_wr_clk/A (sky130_fd_sc_hd__clkbuf_16)
     5    0.014405    0.037081    0.121731    0.454537 ^ clkbuf_5_18__f_wr_clk/X (sky130_fd_sc_hd__clkbuf_16)
                                                         clknet_5_18__leaf_wr_clk (net)
                      0.037081    0.000167    0.454704 ^ _1173_/CLK (sky130_fd_sc_hd__dfxtp_2)
                                  0.100000    0.554704   clock uncertainty
                                  0.000000    0.554704   clock reconvergence pessimism
                                 -0.030725    0.523980   library hold time
                                              0.523980   data required time
---------------------------------------------------------------------------------------------
                                              0.523980   data required time
                                             -0.980438   data arrival time
---------------------------------------------------------------------------------------------
                                              0.456458   slack (MET)


Startpoint: _1120_ (rising edge-triggered flip-flop clocked by wr_clk)
Endpoint: _1120_ (rising edge-triggered flip-flop clocked by wr_clk)
Path Group: wr_clk
Path Type: min

Fanout         Cap        Slew       Delay        Time   Description
---------------------------------------------------------------------------------------------
                                  0.000000    0.000000   clock wr_clk (rise edge)
                                  0.000000    0.000000   clock source latency
     1    0.024374    0.000000    0.000000    0.000000 ^ wr_clk (in)
                                                         wr_clk (net)
                      0.001077    0.000538    0.000538 ^ clkbuf_0_wr_clk/A (sky130_fd_sc_hd__clkbuf_16)
    16    0.103304    0.118752    0.172854    0.173392 ^ clkbuf_0_wr_clk/X (sky130_fd_sc_hd__clkbuf_16)
                                                         clknet_0_wr_clk (net)
                      0.118854    0.002852    0.176244 ^ clkbuf_4_0_0_wr_clk/A (sky130_fd_sc_hd__clkbuf_8)
     2    0.018188    0.048610    0.156555    0.332799 ^ clkbuf_4_0_0_wr_clk/X (sky130_fd_sc_hd__clkbuf_8)
                                                         clknet_4_0_0_wr_clk (net)
                      0.048611    0.000303    0.333102 ^ clkbuf_5_0__f_wr_clk/A (sky130_fd_sc_hd__clkbuf_16)
     5    0.017289    0.039539    0.124103    0.457206 ^ clkbuf_5_0__f_wr_clk/X (sky130_fd_sc_hd__clkbuf_16)
                                                         clknet_5_0__leaf_wr_clk (net)
                      0.039540    0.000361    0.457567 ^ _1120_/CLK (sky130_fd_sc_hd__dfxtp_2)
     2    0.005928    0.043253    0.314604    0.772171 ^ _1120_/Q (sky130_fd_sc_hd__dfxtp_2)
                                                         u_fifomem.mem[1][2] (net)
                      0.043253    0.000063    0.772234 ^ _0912_/A0 (sky130_fd_sc_hd__mux2_2)
     1    0.002588    0.035432    0.130704    0.902938 ^ _0912_/X (sky130_fd_sc_hd__mux2_2)
                                                         _0436_ (net)
                      0.035432    0.000029    0.902967 ^ _0913_/A (sky130_fd_sc_hd__buf_2)
     1    0.001994    0.023589    0.083576    0.986543 ^ _0913_/X (sky130_fd_sc_hd__buf_2)
                                                         _0060_ (net)
                      0.023589    0.000017    0.986560 ^ _1120_/D (sky130_fd_sc_hd__dfxtp_2)
                                              0.986560   data arrival time

                                  0.000000    0.000000   clock wr_clk (rise edge)
                                  0.000000    0.000000   clock source latency
     1    0.024374    0.000000    0.000000    0.000000 ^ wr_clk (in)
                                                         wr_clk (net)
                      0.001077    0.000538    0.000538 ^ clkbuf_0_wr_clk/A (sky130_fd_sc_hd__clkbuf_16)
    16    0.103304    0.118752    0.172854    0.173392 ^ clkbuf_0_wr_clk/X (sky130_fd_sc_hd__clkbuf_16)
                                                         clknet_0_wr_clk (net)
                      0.118854    0.002852    0.176244 ^ clkbuf_4_0_0_wr_clk/A (sky130_fd_sc_hd__clkbuf_8)
     2    0.018188    0.048610    0.156555    0.332799 ^ clkbuf_4_0_0_wr_clk/X (sky130_fd_sc_hd__clkbuf_8)
                                                         clknet_4_0_0_wr_clk (net)
                      0.048611    0.000303    0.333102 ^ clkbuf_5_0__f_wr_clk/A (sky130_fd_sc_hd__clkbuf_16)
     5    0.017289    0.039539    0.124103    0.457206 ^ clkbuf_5_0__f_wr_clk/X (sky130_fd_sc_hd__clkbuf_16)
                                                         clknet_5_0__leaf_wr_clk (net)
                      0.039540    0.000361    0.457567 ^ _1120_/CLK (sky130_fd_sc_hd__dfxtp_2)
                                  0.100000    0.557567   clock uncertainty
                                  0.000000    0.557567   clock reconvergence pessimism
                                 -0.027471    0.530096   library hold time
                                              0.530096   data required time
---------------------------------------------------------------------------------------------
                                              0.530096   data required time
                                             -0.986560   data arrival time
---------------------------------------------------------------------------------------------
                                              0.456464   slack (MET)


Startpoint: _1188_ (rising edge-triggered flip-flop clocked by wr_clk)
Endpoint: _1188_ (rising edge-triggered flip-flop clocked by wr_clk)
Path Group: wr_clk
Path Type: min

Fanout         Cap        Slew       Delay        Time   Description
---------------------------------------------------------------------------------------------
                                  0.000000    0.000000   clock wr_clk (rise edge)
                                  0.000000    0.000000   clock source latency
     1    0.024374    0.000000    0.000000    0.000000 ^ wr_clk (in)
                                                         wr_clk (net)
                      0.001077    0.000538    0.000538 ^ clkbuf_0_wr_clk/A (sky130_fd_sc_hd__clkbuf_16)
    16    0.103304    0.118752    0.172854    0.173392 ^ clkbuf_0_wr_clk/X (sky130_fd_sc_hd__clkbuf_16)
                                                         clknet_0_wr_clk (net)
                      0.118752    0.000104    0.173496 ^ clkbuf_4_13_0_wr_clk/A (sky130_fd_sc_hd__clkbuf_8)
     2    0.018667    0.049352    0.157238    0.330735 ^ clkbuf_4_13_0_wr_clk/X (sky130_fd_sc_hd__clkbuf_8)
                                                         clknet_4_13_0_wr_clk (net)
                      0.049353    0.000336    0.331070 ^ clkbuf_5_27__f_wr_clk/A (sky130_fd_sc_hd__clkbuf_16)
     5    0.016743    0.039068    0.123848    0.454918 ^ clkbuf_5_27__f_wr_clk/X (sky130_fd_sc_hd__clkbuf_16)
                                                         clknet_5_27__leaf_wr_clk (net)
                      0.039076    0.000336    0.455254 ^ _1188_/CLK (sky130_fd_sc_hd__dfxtp_2)
     2    0.004947    0.039056    0.310777    0.766032 ^ _1188_/Q (sky130_fd_sc_hd__dfxtp_2)
                                                         u_fifomem.mem[9][6] (net)
                      0.039056    0.000030    0.766062 ^ _1058_/A0 (sky130_fd_sc_hd__mux2_2)
     1    0.002551    0.035500    0.129022    0.895084 ^ _1058_/X (sky130_fd_sc_hd__mux2_2)
                                                         _0514_ (net)
                      0.035500    0.000013    0.895097 ^ _1059_/A (sky130_fd_sc_hd__buf_1)
     1    0.003559    0.052319    0.083461    0.978558 ^ _1059_/X (sky130_fd_sc_hd__buf_1)
                                                         _0128_ (net)
                      0.052319    0.000049    0.978608 ^ _1188_/D (sky130_fd_sc_hd__dfxtp_2)
                                              0.978608   data arrival time

                                  0.000000    0.000000   clock wr_clk (rise edge)
                                  0.000000    0.000000   clock source latency
     1    0.024374    0.000000    0.000000    0.000000 ^ wr_clk (in)
                                                         wr_clk (net)
                      0.001077    0.000538    0.000538 ^ clkbuf_0_wr_clk/A (sky130_fd_sc_hd__clkbuf_16)
    16    0.103304    0.118752    0.172854    0.173392 ^ clkbuf_0_wr_clk/X (sky130_fd_sc_hd__clkbuf_16)
                                                         clknet_0_wr_clk (net)
                      0.118752    0.000104    0.173496 ^ clkbuf_4_13_0_wr_clk/A (sky130_fd_sc_hd__clkbuf_8)
     2    0.018667    0.049352    0.157238    0.330735 ^ clkbuf_4_13_0_wr_clk/X (sky130_fd_sc_hd__clkbuf_8)
                                                         clknet_4_13_0_wr_clk (net)
                      0.049353    0.000336    0.331070 ^ clkbuf_5_27__f_wr_clk/A (sky130_fd_sc_hd__clkbuf_16)
     5    0.016743    0.039068    0.123848    0.454918 ^ clkbuf_5_27__f_wr_clk/X (sky130_fd_sc_hd__clkbuf_16)
                                                         clknet_5_27__leaf_wr_clk (net)
                      0.039076    0.000336    0.455254 ^ _1188_/CLK (sky130_fd_sc_hd__dfxtp_2)
                                  0.100000    0.555254   clock uncertainty
                                  0.000000    0.555254   clock reconvergence pessimism
                                 -0.033486    0.521768   library hold time
                                              0.521768   data required time
---------------------------------------------------------------------------------------------
                                              0.521768   data required time
                                             -0.978608   data arrival time
---------------------------------------------------------------------------------------------
                                              0.456840   slack (MET)


Startpoint: _1139_ (rising edge-triggered flip-flop clocked by wr_clk)
Endpoint: _1139_ (rising edge-triggered flip-flop clocked by wr_clk)
Path Group: wr_clk
Path Type: min

Fanout         Cap        Slew       Delay        Time   Description
---------------------------------------------------------------------------------------------
                                  0.000000    0.000000   clock wr_clk (rise edge)
                                  0.000000    0.000000   clock source latency
     1    0.024374    0.000000    0.000000    0.000000 ^ wr_clk (in)
                                                         wr_clk (net)
                      0.001077    0.000538    0.000538 ^ clkbuf_0_wr_clk/A (sky130_fd_sc_hd__clkbuf_16)
    16    0.103304    0.118752    0.172854    0.173392 ^ clkbuf_0_wr_clk/X (sky130_fd_sc_hd__clkbuf_16)
                                                         clknet_0_wr_clk (net)
                      0.118789    0.001740    0.175132 ^ clkbuf_4_8_0_wr_clk/A (sky130_fd_sc_hd__clkbuf_8)
     2    0.019793    0.051123    0.158920    0.334052 ^ clkbuf_4_8_0_wr_clk/X (sky130_fd_sc_hd__clkbuf_8)
                                                         clknet_4_8_0_wr_clk (net)
                      0.051126    0.000414    0.334466 ^ clkbuf_5_17__f_wr_clk/A (sky130_fd_sc_hd__clkbuf_16)
     5    0.014686    0.037321    0.122554    0.457020 ^ clkbuf_5_17__f_wr_clk/X (sky130_fd_sc_hd__clkbuf_16)
                                                         clknet_5_17__leaf_wr_clk (net)
                      0.037321    0.000205    0.457225 ^ _1139_/CLK (sky130_fd_sc_hd__dfxtp_2)
     2    0.006083    0.043928    0.314376    0.771601 ^ _1139_/Q (sky130_fd_sc_hd__dfxtp_2)
                                                         u_fifomem.mem[3][5] (net)
                      0.043928    0.000031    0.771631 ^ _0952_/A0 (sky130_fd_sc_hd__mux2_2)
     1    0.002384    0.034861    0.129726    0.901357 ^ _0952_/X (sky130_fd_sc_hd__mux2_2)
                                                         _0457_ (net)
                      0.034861    0.000024    0.901381 ^ _0953_/A (sky130_fd_sc_hd__buf_2)
     1    0.002323    0.024904    0.084764    0.986145 ^ _0953_/X (sky130_fd_sc_hd__buf_2)
                                                         _0079_ (net)
                      0.024904    0.000023    0.986168 ^ _1139_/D (sky130_fd_sc_hd__dfxtp_2)
                                              0.986168   data arrival time

                                  0.000000    0.000000   clock wr_clk (rise edge)
                                  0.000000    0.000000   clock source latency
     1    0.024374    0.000000    0.000000    0.000000 ^ wr_clk (in)
                                                         wr_clk (net)
                      0.001077    0.000538    0.000538 ^ clkbuf_0_wr_clk/A (sky130_fd_sc_hd__clkbuf_16)
    16    0.103304    0.118752    0.172854    0.173392 ^ clkbuf_0_wr_clk/X (sky130_fd_sc_hd__clkbuf_16)
                                                         clknet_0_wr_clk (net)
                      0.118789    0.001740    0.175132 ^ clkbuf_4_8_0_wr_clk/A (sky130_fd_sc_hd__clkbuf_8)
     2    0.019793    0.051123    0.158920    0.334052 ^ clkbuf_4_8_0_wr_clk/X (sky130_fd_sc_hd__clkbuf_8)
                                                         clknet_4_8_0_wr_clk (net)
                      0.051126    0.000414    0.334466 ^ clkbuf_5_17__f_wr_clk/A (sky130_fd_sc_hd__clkbuf_16)
     5    0.014686    0.037321    0.122554    0.457020 ^ clkbuf_5_17__f_wr_clk/X (sky130_fd_sc_hd__clkbuf_16)
                                                         clknet_5_17__leaf_wr_clk (net)
                      0.037321    0.000205    0.457225 ^ _1139_/CLK (sky130_fd_sc_hd__dfxtp_2)
                                  0.100000    0.557225   clock uncertainty
                                  0.000000    0.557225   clock reconvergence pessimism
                                 -0.028034    0.529191   library hold time
                                              0.529191   data required time
---------------------------------------------------------------------------------------------
                                              0.529191   data required time
                                             -0.986168   data arrival time
---------------------------------------------------------------------------------------------
                                              0.456978   slack (MET)


Startpoint: _1090_ (rising edge-triggered flip-flop clocked by wr_clk)
Endpoint: _1090_ (rising edge-triggered flip-flop clocked by wr_clk)
Path Group: wr_clk
Path Type: min

Fanout         Cap        Slew       Delay        Time   Description
---------------------------------------------------------------------------------------------
                                  0.000000    0.000000   clock wr_clk (rise edge)
                                  0.000000    0.000000   clock source latency
     1    0.024374    0.000000    0.000000    0.000000 ^ wr_clk (in)
                                                         wr_clk (net)
                      0.001077    0.000538    0.000538 ^ clkbuf_0_wr_clk/A (sky130_fd_sc_hd__clkbuf_16)
    16    0.103304    0.118752    0.172854    0.173392 ^ clkbuf_0_wr_clk/X (sky130_fd_sc_hd__clkbuf_16)
                                                         clknet_0_wr_clk (net)
                      0.118799    0.001961    0.175353 ^ clkbuf_4_3_0_wr_clk/A (sky130_fd_sc_hd__clkbuf_8)
     2    0.019366    0.050447    0.158300    0.333653 ^ clkbuf_4_3_0_wr_clk/X (sky130_fd_sc_hd__clkbuf_8)
                                                         clknet_4_3_0_wr_clk (net)
                      0.050449    0.000359    0.334011 ^ clkbuf_5_6__f_wr_clk/A (sky130_fd_sc_hd__clkbuf_16)
     5    0.013885    0.036637    0.121581    0.455592 ^ clkbuf_5_6__f_wr_clk/X (sky130_fd_sc_hd__clkbuf_16)
                                                         clknet_5_6__leaf_wr_clk (net)
                      0.036637    0.000097    0.455689 ^ _1090_/CLK (sky130_fd_sc_hd__dfxtp_2)
     2    0.007248    0.049050    0.318449    0.774139 ^ _1090_/Q (sky130_fd_sc_hd__dfxtp_2)
                                                         u_fifomem.mem[12][4] (net)
                      0.049050    0.000123    0.774261 ^ _0846_/A0 (sky130_fd_sc_hd__mux2_2)
     1    0.003103    0.038019    0.135803    0.910065 ^ _0846_/X (sky130_fd_sc_hd__mux2_2)
                                                         _0400_ (net)
                      0.038019    0.000036    0.910100 ^ _0847_/A (sky130_fd_sc_hd__buf_1)
     1    0.002059    0.036138    0.072113    0.982213 ^ _0847_/X (sky130_fd_sc_hd__buf_1)
                                                         _0030_ (net)
                      0.036138    0.000018    0.982231 ^ _1090_/D (sky130_fd_sc_hd__dfxtp_2)
                                              0.982231   data arrival time

                                  0.000000    0.000000   clock wr_clk (rise edge)
                                  0.000000    0.000000   clock source latency
     1    0.024374    0.000000    0.000000    0.000000 ^ wr_clk (in)
                                                         wr_clk (net)
                      0.001077    0.000538    0.000538 ^ clkbuf_0_wr_clk/A (sky130_fd_sc_hd__clkbuf_16)
    16    0.103304    0.118752    0.172854    0.173392 ^ clkbuf_0_wr_clk/X (sky130_fd_sc_hd__clkbuf_16)
                                                         clknet_0_wr_clk (net)
                      0.118799    0.001961    0.175353 ^ clkbuf_4_3_0_wr_clk/A (sky130_fd_sc_hd__clkbuf_8)
     2    0.019366    0.050447    0.158300    0.333653 ^ clkbuf_4_3_0_wr_clk/X (sky130_fd_sc_hd__clkbuf_8)
                                                         clknet_4_3_0_wr_clk (net)
                      0.050449    0.000359    0.334011 ^ clkbuf_5_6__f_wr_clk/A (sky130_fd_sc_hd__clkbuf_16)
     5    0.013885    0.036637    0.121581    0.455592 ^ clkbuf_5_6__f_wr_clk/X (sky130_fd_sc_hd__clkbuf_16)
                                                         clknet_5_6__leaf_wr_clk (net)
                      0.036637    0.000097    0.455689 ^ _1090_/CLK (sky130_fd_sc_hd__dfxtp_2)
                                  0.100000    0.555689   clock uncertainty
                                  0.000000    0.555689   clock reconvergence pessimism
                                 -0.030453    0.525236   library hold time
                                              0.525236   data required time
---------------------------------------------------------------------------------------------
                                              0.525236   data required time
                                             -0.982231   data arrival time
---------------------------------------------------------------------------------------------
                                              0.456995   slack (MET)


Startpoint: _1157_ (rising edge-triggered flip-flop clocked by wr_clk)
Endpoint: _1157_ (rising edge-triggered flip-flop clocked by wr_clk)
Path Group: wr_clk
Path Type: min

Fanout         Cap        Slew       Delay        Time   Description
---------------------------------------------------------------------------------------------
                                  0.000000    0.000000   clock wr_clk (rise edge)
                                  0.000000    0.000000   clock source latency
     1    0.024374    0.000000    0.000000    0.000000 ^ wr_clk (in)
                                                         wr_clk (net)
                      0.001077    0.000538    0.000538 ^ clkbuf_0_wr_clk/A (sky130_fd_sc_hd__clkbuf_16)
    16    0.103304    0.118752    0.172854    0.173392 ^ clkbuf_0_wr_clk/X (sky130_fd_sc_hd__clkbuf_16)
                                                         clknet_0_wr_clk (net)
                      0.118788    0.001720    0.175112 ^ clkbuf_4_9_0_wr_clk/A (sky130_fd_sc_hd__clkbuf_8)
     2    0.018779    0.049532    0.157408    0.332520 ^ clkbuf_4_9_0_wr_clk/X (sky130_fd_sc_hd__clkbuf_8)
                                                         clknet_4_9_0_wr_clk (net)
                      0.049533    0.000287    0.332807 ^ clkbuf_5_18__f_wr_clk/A (sky130_fd_sc_hd__clkbuf_16)
     5    0.014405    0.037081    0.121731    0.454537 ^ clkbuf_5_18__f_wr_clk/X (sky130_fd_sc_hd__clkbuf_16)
                                                         clknet_5_18__leaf_wr_clk (net)
                      0.037081    0.000141    0.454679 ^ _1157_/CLK (sky130_fd_sc_hd__dfxtp_2)
     2    0.006156    0.044245    0.314543    0.769222 ^ _1157_/Q (sky130_fd_sc_hd__dfxtp_2)
                                                         u_fifomem.mem[5][7] (net)
                      0.044245    0.000068    0.769289 ^ _0991_/A0 (sky130_fd_sc_hd__mux2_2)
     1    0.003705    0.040961    0.137705    0.906995 ^ _0991_/X (sky130_fd_sc_hd__mux2_2)
                                                         _0478_ (net)
                      0.040961    0.000053    0.907048 ^ _0992_/A (sky130_fd_sc_hd__buf_1)
     1    0.002188    0.037499    0.074194    0.981241 ^ _0992_/X (sky130_fd_sc_hd__buf_1)
                                                         _0097_ (net)
                      0.037499    0.000021    0.981262 ^ _1157_/D (sky130_fd_sc_hd__dfxtp_2)
                                              0.981262   data arrival time

                                  0.000000    0.000000   clock wr_clk (rise edge)
                                  0.000000    0.000000   clock source latency
     1    0.024374    0.000000    0.000000    0.000000 ^ wr_clk (in)
                                                         wr_clk (net)
                      0.001077    0.000538    0.000538 ^ clkbuf_0_wr_clk/A (sky130_fd_sc_hd__clkbuf_16)
    16    0.103304    0.118752    0.172854    0.173392 ^ clkbuf_0_wr_clk/X (sky130_fd_sc_hd__clkbuf_16)
                                                         clknet_0_wr_clk (net)
                      0.118788    0.001720    0.175112 ^ clkbuf_4_9_0_wr_clk/A (sky130_fd_sc_hd__clkbuf_8)
     2    0.018779    0.049532    0.157408    0.332520 ^ clkbuf_4_9_0_wr_clk/X (sky130_fd_sc_hd__clkbuf_8)
                                                         clknet_4_9_0_wr_clk (net)
                      0.049533    0.000287    0.332807 ^ clkbuf_5_18__f_wr_clk/A (sky130_fd_sc_hd__clkbuf_16)
     5    0.014405    0.037081    0.121731    0.454537 ^ clkbuf_5_18__f_wr_clk/X (sky130_fd_sc_hd__clkbuf_16)
                                                         clknet_5_18__leaf_wr_clk (net)
                      0.037081    0.000141    0.454679 ^ _1157_/CLK (sky130_fd_sc_hd__dfxtp_2)
                                  0.100000    0.554679   clock uncertainty
                                  0.000000    0.554679   clock reconvergence pessimism
                                 -0.030677    0.524001   library hold time
                                              0.524001   data required time
---------------------------------------------------------------------------------------------
                                              0.524001   data required time
                                             -0.981262   data arrival time
---------------------------------------------------------------------------------------------
                                              0.457261   slack (MET)


Startpoint: _1134_ (rising edge-triggered flip-flop clocked by wr_clk)
Endpoint: _1134_ (rising edge-triggered flip-flop clocked by wr_clk)
Path Group: wr_clk
Path Type: min

Fanout         Cap        Slew       Delay        Time   Description
---------------------------------------------------------------------------------------------
                                  0.000000    0.000000   clock wr_clk (rise edge)
                                  0.000000    0.000000   clock source latency
     1    0.024374    0.000000    0.000000    0.000000 ^ wr_clk (in)
                                                         wr_clk (net)
                      0.001077    0.000538    0.000538 ^ clkbuf_0_wr_clk/A (sky130_fd_sc_hd__clkbuf_16)
    16    0.103304    0.118752    0.172854    0.173392 ^ clkbuf_0_wr_clk/X (sky130_fd_sc_hd__clkbuf_16)
                                                         clknet_0_wr_clk (net)
                      0.118853    0.002844    0.176237 ^ clkbuf_4_1_0_wr_clk/A (sky130_fd_sc_hd__clkbuf_8)
     2    0.017853    0.048064    0.156127    0.332364 ^ clkbuf_4_1_0_wr_clk/X (sky130_fd_sc_hd__clkbuf_8)
                                                         clknet_4_1_0_wr_clk (net)
                      0.048064    0.000146    0.332509 ^ clkbuf_5_3__f_wr_clk/A (sky130_fd_sc_hd__clkbuf_16)
     5    0.012865    0.035771    0.119737    0.452246 ^ clkbuf_5_3__f_wr_clk/X (sky130_fd_sc_hd__clkbuf_16)
                                                         clknet_5_3__leaf_wr_clk (net)
                      0.035771    0.000097    0.452343 ^ _1134_/CLK (sky130_fd_sc_hd__dfxtp_2)
     2    0.005889    0.043090    0.313063    0.765406 ^ _1134_/Q (sky130_fd_sc_hd__dfxtp_2)
                                                         u_fifomem.mem[3][0] (net)
                      0.043090    0.000069    0.765475 ^ _0942_/A0 (sky130_fd_sc_hd__mux2_2)
     1    0.002248    0.034263    0.128621    0.894096 ^ _0942_/X (sky130_fd_sc_hd__mux2_2)
                                                         _0452_ (net)
                      0.034263    0.000022    0.894118 ^ _0943_/A (sky130_fd_sc_hd__buf_2)
     1    0.002894    0.027195    0.086972    0.981089 ^ _0943_/X (sky130_fd_sc_hd__buf_2)
                                                         _0074_ (net)
                      0.027195    0.000038    0.981127 ^ _1134_/D (sky130_fd_sc_hd__dfxtp_2)
                                              0.981127   data arrival time

                                  0.000000    0.000000   clock wr_clk (rise edge)
                                  0.000000    0.000000   clock source latency
     1    0.024374    0.000000    0.000000    0.000000 ^ wr_clk (in)
                                                         wr_clk (net)
                      0.001077    0.000538    0.000538 ^ clkbuf_0_wr_clk/A (sky130_fd_sc_hd__clkbuf_16)
    16    0.103304    0.118752    0.172854    0.173392 ^ clkbuf_0_wr_clk/X (sky130_fd_sc_hd__clkbuf_16)
                                                         clknet_0_wr_clk (net)
                      0.118853    0.002844    0.176237 ^ clkbuf_4_1_0_wr_clk/A (sky130_fd_sc_hd__clkbuf_8)
     2    0.017853    0.048064    0.156127    0.332364 ^ clkbuf_4_1_0_wr_clk/X (sky130_fd_sc_hd__clkbuf_8)
                                                         clknet_4_1_0_wr_clk (net)
                      0.048064    0.000146    0.332509 ^ clkbuf_5_3__f_wr_clk/A (sky130_fd_sc_hd__clkbuf_16)
     5    0.012865    0.035771    0.119737    0.452246 ^ clkbuf_5_3__f_wr_clk/X (sky130_fd_sc_hd__clkbuf_16)
                                                         clknet_5_3__leaf_wr_clk (net)
                      0.035771    0.000097    0.452343 ^ _1134_/CLK (sky130_fd_sc_hd__dfxtp_2)
                                  0.100000    0.552343   clock uncertainty
                                  0.000000    0.552343   clock reconvergence pessimism
                                 -0.028713    0.523630   library hold time
                                              0.523630   data required time
---------------------------------------------------------------------------------------------
                                              0.523630   data required time
                                             -0.981127   data arrival time
---------------------------------------------------------------------------------------------
                                              0.457497   slack (MET)


Startpoint: _1089_ (rising edge-triggered flip-flop clocked by wr_clk)
Endpoint: _1089_ (rising edge-triggered flip-flop clocked by wr_clk)
Path Group: wr_clk
Path Type: min

Fanout         Cap        Slew       Delay        Time   Description
---------------------------------------------------------------------------------------------
                                  0.000000    0.000000   clock wr_clk (rise edge)
                                  0.000000    0.000000   clock source latency
     1    0.024374    0.000000    0.000000    0.000000 ^ wr_clk (in)
                                                         wr_clk (net)
                      0.001077    0.000538    0.000538 ^ clkbuf_0_wr_clk/A (sky130_fd_sc_hd__clkbuf_16)
    16    0.103304    0.118752    0.172854    0.173392 ^ clkbuf_0_wr_clk/X (sky130_fd_sc_hd__clkbuf_16)
                                                         clknet_0_wr_clk (net)
                      0.118752    0.000104    0.173496 ^ clkbuf_4_13_0_wr_clk/A (sky130_fd_sc_hd__clkbuf_8)
     2    0.018667    0.049352    0.157238    0.330735 ^ clkbuf_4_13_0_wr_clk/X (sky130_fd_sc_hd__clkbuf_8)
                                                         clknet_4_13_0_wr_clk (net)
                      0.049353    0.000278    0.331013 ^ clkbuf_5_26__f_wr_clk/A (sky130_fd_sc_hd__clkbuf_16)
     5    0.014898    0.037498    0.122156    0.453169 ^ clkbuf_5_26__f_wr_clk/X (sky130_fd_sc_hd__clkbuf_16)
                                                         clknet_5_26__leaf_wr_clk (net)
                      0.037498    0.000086    0.453254 ^ _1089_/CLK (sky130_fd_sc_hd__dfxtp_2)
     2    0.005133    0.039839    0.310875    0.764130 ^ _1089_/Q (sky130_fd_sc_hd__dfxtp_2)
                                                         u_fifomem.mem[12][3] (net)
                      0.039839    0.000050    0.764180 ^ _0844_/A0 (sky130_fd_sc_hd__mux2_2)
     1    0.003359    0.038852    0.134105    0.898284 ^ _0844_/X (sky130_fd_sc_hd__mux2_2)
                                                         _0399_ (net)
                      0.038852    0.000042    0.898327 ^ _0845_/A (sky130_fd_sc_hd__buf_1)
     1    0.002985    0.046046    0.080000    0.978327 ^ _0845_/X (sky130_fd_sc_hd__buf_1)
                                                         _0029_ (net)
                      0.046046    0.000041    0.978368 ^ _1089_/D (sky130_fd_sc_hd__dfxtp_2)
                                              0.978368   data arrival time

                                  0.000000    0.000000   clock wr_clk (rise edge)
                                  0.000000    0.000000   clock source latency
     1    0.024374    0.000000    0.000000    0.000000 ^ wr_clk (in)
                                                         wr_clk (net)
                      0.001077    0.000538    0.000538 ^ clkbuf_0_wr_clk/A (sky130_fd_sc_hd__clkbuf_16)
    16    0.103304    0.118752    0.172854    0.173392 ^ clkbuf_0_wr_clk/X (sky130_fd_sc_hd__clkbuf_16)
                                                         clknet_0_wr_clk (net)
                      0.118752    0.000104    0.173496 ^ clkbuf_4_13_0_wr_clk/A (sky130_fd_sc_hd__clkbuf_8)
     2    0.018667    0.049352    0.157238    0.330735 ^ clkbuf_4_13_0_wr_clk/X (sky130_fd_sc_hd__clkbuf_8)
                                                         clknet_4_13_0_wr_clk (net)
                      0.049353    0.000278    0.331013 ^ clkbuf_5_26__f_wr_clk/A (sky130_fd_sc_hd__clkbuf_16)
     5    0.014898    0.037498    0.122156    0.453169 ^ clkbuf_5_26__f_wr_clk/X (sky130_fd_sc_hd__clkbuf_16)
                                                         clknet_5_26__leaf_wr_clk (net)
                      0.037498    0.000086    0.453254 ^ _1089_/CLK (sky130_fd_sc_hd__dfxtp_2)
                                  0.100000    0.553254   clock uncertainty
                                  0.000000    0.553254   clock reconvergence pessimism
                                 -0.032394    0.520860   library hold time
                                              0.520860   data required time
---------------------------------------------------------------------------------------------
                                              0.520860   data required time
                                             -0.978368   data arrival time
---------------------------------------------------------------------------------------------
                                              0.457508   slack (MET)


Startpoint: _1108_ (rising edge-triggered flip-flop clocked by wr_clk)
Endpoint: _1108_ (rising edge-triggered flip-flop clocked by wr_clk)
Path Group: wr_clk
Path Type: min

Fanout         Cap        Slew       Delay        Time   Description
---------------------------------------------------------------------------------------------
                                  0.000000    0.000000   clock wr_clk (rise edge)
                                  0.000000    0.000000   clock source latency
     1    0.024374    0.000000    0.000000    0.000000 ^ wr_clk (in)
                                                         wr_clk (net)
                      0.001077    0.000538    0.000538 ^ clkbuf_0_wr_clk/A (sky130_fd_sc_hd__clkbuf_16)
    16    0.103304    0.118752    0.172854    0.173392 ^ clkbuf_0_wr_clk/X (sky130_fd_sc_hd__clkbuf_16)
                                                         clknet_0_wr_clk (net)
                      0.118909    0.003519    0.176911 ^ clkbuf_4_6_0_wr_clk/A (sky130_fd_sc_hd__clkbuf_8)
     2    0.018259    0.048694    0.156750    0.333662 ^ clkbuf_4_6_0_wr_clk/X (sky130_fd_sc_hd__clkbuf_8)
                                                         clknet_4_6_0_wr_clk (net)
                      0.048694    0.000208    0.333870 ^ clkbuf_5_13__f_wr_clk/A (sky130_fd_sc_hd__clkbuf_16)
     5    0.014840    0.037452    0.121824    0.455694 ^ clkbuf_5_13__f_wr_clk/X (sky130_fd_sc_hd__clkbuf_16)
                                                         clknet_5_13__leaf_wr_clk (net)
                      0.037452    0.000251    0.455945 ^ _1108_/CLK (sky130_fd_sc_hd__dfxtp_2)
     2    0.006177    0.044337    0.314762    0.770707 ^ _1108_/Q (sky130_fd_sc_hd__dfxtp_2)
                                                         u_fifomem.mem[14][6] (net)
                      0.044337    0.000064    0.770770 ^ _0886_/A0 (sky130_fd_sc_hd__mux2_2)
     1    0.002371    0.034803    0.129793    0.900563 ^ _0886_/X (sky130_fd_sc_hd__mux2_2)
                                                         _0422_ (net)
                      0.034803    0.000023    0.900586 ^ _0887_/A (sky130_fd_sc_hd__buf_2)
     1    0.002410    0.025251    0.085113    0.985699 ^ _0887_/X (sky130_fd_sc_hd__buf_2)
                                                         _0048_ (net)
                      0.025251    0.000025    0.985724 ^ _1108_/D (sky130_fd_sc_hd__dfxtp_2)
                                              0.985724   data arrival time

                                  0.000000    0.000000   clock wr_clk (rise edge)
                                  0.000000    0.000000   clock source latency
     1    0.024374    0.000000    0.000000    0.000000 ^ wr_clk (in)
                                                         wr_clk (net)
                      0.001077    0.000538    0.000538 ^ clkbuf_0_wr_clk/A (sky130_fd_sc_hd__clkbuf_16)
    16    0.103304    0.118752    0.172854    0.173392 ^ clkbuf_0_wr_clk/X (sky130_fd_sc_hd__clkbuf_16)
                                                         clknet_0_wr_clk (net)
                      0.118909    0.003519    0.176911 ^ clkbuf_4_6_0_wr_clk/A (sky130_fd_sc_hd__clkbuf_8)
     2    0.018259    0.048694    0.156750    0.333662 ^ clkbuf_4_6_0_wr_clk/X (sky130_fd_sc_hd__clkbuf_8)
                                                         clknet_4_6_0_wr_clk (net)
                      0.048694    0.000208    0.333870 ^ clkbuf_5_13__f_wr_clk/A (sky130_fd_sc_hd__clkbuf_16)
     5    0.014840    0.037452    0.121824    0.455694 ^ clkbuf_5_13__f_wr_clk/X (sky130_fd_sc_hd__clkbuf_16)
                                                         clknet_5_13__leaf_wr_clk (net)
                      0.037452    0.000251    0.455945 ^ _1108_/CLK (sky130_fd_sc_hd__dfxtp_2)
                                  0.100000    0.555945   clock uncertainty
                                  0.000000    0.555945   clock reconvergence pessimism
                                 -0.028089    0.527856   library hold time
                                              0.527856   data required time
---------------------------------------------------------------------------------------------
                                              0.527856   data required time
                                             -0.985724   data arrival time
---------------------------------------------------------------------------------------------
                                              0.457869   slack (MET)


Startpoint: _1154_ (rising edge-triggered flip-flop clocked by wr_clk)
Endpoint: _1154_ (rising edge-triggered flip-flop clocked by wr_clk)
Path Group: wr_clk
Path Type: min

Fanout         Cap        Slew       Delay        Time   Description
---------------------------------------------------------------------------------------------
                                  0.000000    0.000000   clock wr_clk (rise edge)
                                  0.000000    0.000000   clock source latency
     1    0.024374    0.000000    0.000000    0.000000 ^ wr_clk (in)
                                                         wr_clk (net)
                      0.001077    0.000538    0.000538 ^ clkbuf_0_wr_clk/A (sky130_fd_sc_hd__clkbuf_16)
    16    0.103304    0.118752    0.172854    0.173392 ^ clkbuf_0_wr_clk/X (sky130_fd_sc_hd__clkbuf_16)
                                                         clknet_0_wr_clk (net)
                      0.118789    0.001740    0.175132 ^ clkbuf_4_8_0_wr_clk/A (sky130_fd_sc_hd__clkbuf_8)
     2    0.019793    0.051123    0.158920    0.334052 ^ clkbuf_4_8_0_wr_clk/X (sky130_fd_sc_hd__clkbuf_8)
                                                         clknet_4_8_0_wr_clk (net)
                      0.051124    0.000263    0.334315 ^ clkbuf_5_16__f_wr_clk/A (sky130_fd_sc_hd__clkbuf_16)
     5    0.013219    0.036075    0.121156    0.455471 ^ clkbuf_5_16__f_wr_clk/X (sky130_fd_sc_hd__clkbuf_16)
                                                         clknet_5_16__leaf_wr_clk (net)
                      0.036075    0.000064    0.455535 ^ _1154_/CLK (sky130_fd_sc_hd__dfxtp_2)
     2    0.005415    0.041045    0.311411    0.766946 ^ _1154_/Q (sky130_fd_sc_hd__dfxtp_2)
                                                         u_fifomem.mem[5][4] (net)
                      0.041045    0.000037    0.766984 ^ _0985_/A0 (sky130_fd_sc_hd__mux2_2)
     1    0.003777    0.041323    0.137011    0.903994 ^ _0985_/X (sky130_fd_sc_hd__mux2_2)
                                                         _0475_ (net)
                      0.041323    0.000055    0.904049 ^ _0986_/A (sky130_fd_sc_hd__buf_1)
     1    0.002601    0.041903    0.077704    0.981753 ^ _0986_/X (sky130_fd_sc_hd__buf_1)
                                                         _0094_ (net)
                      0.041903    0.000029    0.981782 ^ _1154_/D (sky130_fd_sc_hd__dfxtp_2)
                                              0.981782   data arrival time

                                  0.000000    0.000000   clock wr_clk (rise edge)
                                  0.000000    0.000000   clock source latency
     1    0.024374    0.000000    0.000000    0.000000 ^ wr_clk (in)
                                                         wr_clk (net)
                      0.001077    0.000538    0.000538 ^ clkbuf_0_wr_clk/A (sky130_fd_sc_hd__clkbuf_16)
    16    0.103304    0.118752    0.172854    0.173392 ^ clkbuf_0_wr_clk/X (sky130_fd_sc_hd__clkbuf_16)
                                                         clknet_0_wr_clk (net)
                      0.118789    0.001740    0.175132 ^ clkbuf_4_8_0_wr_clk/A (sky130_fd_sc_hd__clkbuf_8)
     2    0.019793    0.051123    0.158920    0.334052 ^ clkbuf_4_8_0_wr_clk/X (sky130_fd_sc_hd__clkbuf_8)
                                                         clknet_4_8_0_wr_clk (net)
                      0.051124    0.000263    0.334315 ^ clkbuf_5_16__f_wr_clk/A (sky130_fd_sc_hd__clkbuf_16)
     5    0.013219    0.036075    0.121156    0.455471 ^ clkbuf_5_16__f_wr_clk/X (sky130_fd_sc_hd__clkbuf_16)
                                                         clknet_5_16__leaf_wr_clk (net)
                      0.036075    0.000064    0.455535 ^ _1154_/CLK (sky130_fd_sc_hd__dfxtp_2)
                                  0.100000    0.555535   clock uncertainty
                                  0.000000    0.555535   clock reconvergence pessimism
                                 -0.031722    0.523813   library hold time
                                              0.523813   data required time
---------------------------------------------------------------------------------------------
                                              0.523813   data required time
                                             -0.981782   data arrival time
---------------------------------------------------------------------------------------------
                                              0.457969   slack (MET)


Startpoint: _1151_ (rising edge-triggered flip-flop clocked by wr_clk)
Endpoint: _1151_ (rising edge-triggered flip-flop clocked by wr_clk)
Path Group: wr_clk
Path Type: min

Fanout         Cap        Slew       Delay        Time   Description
---------------------------------------------------------------------------------------------
                                  0.000000    0.000000   clock wr_clk (rise edge)
                                  0.000000    0.000000   clock source latency
     1    0.024374    0.000000    0.000000    0.000000 ^ wr_clk (in)
                                                         wr_clk (net)
                      0.001077    0.000538    0.000538 ^ clkbuf_0_wr_clk/A (sky130_fd_sc_hd__clkbuf_16)
    16    0.103304    0.118752    0.172854    0.173392 ^ clkbuf_0_wr_clk/X (sky130_fd_sc_hd__clkbuf_16)
                                                         clknet_0_wr_clk (net)
                      0.118752    0.000073    0.173465 ^ clkbuf_4_12_0_wr_clk/A (sky130_fd_sc_hd__clkbuf_8)
     2    0.019367    0.050450    0.158281    0.331746 ^ clkbuf_4_12_0_wr_clk/X (sky130_fd_sc_hd__clkbuf_8)
                                                         clknet_4_12_0_wr_clk (net)
                      0.050450    0.000275    0.332021 ^ clkbuf_5_24__f_wr_clk/A (sky130_fd_sc_hd__clkbuf_16)
     5    0.013695    0.036478    0.121388    0.453409 ^ clkbuf_5_24__f_wr_clk/X (sky130_fd_sc_hd__clkbuf_16)
                                                         clknet_5_24__leaf_wr_clk (net)
                      0.036478    0.000164    0.453573 ^ _1151_/CLK (sky130_fd_sc_hd__dfxtp_2)
     2    0.005418    0.041054    0.311567    0.765140 ^ _1151_/Q (sky130_fd_sc_hd__dfxtp_2)
                                                         u_fifomem.mem[5][1] (net)
                      0.041054    0.000048    0.765189 ^ _0979_/A0 (sky130_fd_sc_hd__mux2_2)
     1    0.003407    0.039466    0.134813    0.900002 ^ _0979_/X (sky130_fd_sc_hd__mux2_2)
                                                         _0472_ (net)
                      0.039466    0.000045    0.900047 ^ _0980_/A (sky130_fd_sc_hd__buf_1)
     1    0.002902    0.045147    0.079529    0.979576 ^ _0980_/X (sky130_fd_sc_hd__buf_1)
                                                         _0091_ (net)
                      0.045147    0.000036    0.979612 ^ _1151_/D (sky130_fd_sc_hd__dfxtp_2)
                                              0.979612   data arrival time

                                  0.000000    0.000000   clock wr_clk (rise edge)
                                  0.000000    0.000000   clock source latency
     1    0.024374    0.000000    0.000000    0.000000 ^ wr_clk (in)
                                                         wr_clk (net)
                      0.001077    0.000538    0.000538 ^ clkbuf_0_wr_clk/A (sky130_fd_sc_hd__clkbuf_16)
    16    0.103304    0.118752    0.172854    0.173392 ^ clkbuf_0_wr_clk/X (sky130_fd_sc_hd__clkbuf_16)
                                                         clknet_0_wr_clk (net)
                      0.118752    0.000073    0.173465 ^ clkbuf_4_12_0_wr_clk/A (sky130_fd_sc_hd__clkbuf_8)
     2    0.019367    0.050450    0.158281    0.331746 ^ clkbuf_4_12_0_wr_clk/X (sky130_fd_sc_hd__clkbuf_8)
                                                         clknet_4_12_0_wr_clk (net)
                      0.050450    0.000275    0.332021 ^ clkbuf_5_24__f_wr_clk/A (sky130_fd_sc_hd__clkbuf_16)
     5    0.013695    0.036478    0.121388    0.453409 ^ clkbuf_5_24__f_wr_clk/X (sky130_fd_sc_hd__clkbuf_16)
                                                         clknet_5_24__leaf_wr_clk (net)
                      0.036478    0.000164    0.453573 ^ _1151_/CLK (sky130_fd_sc_hd__dfxtp_2)
                                  0.100000    0.553573   clock uncertainty
                                  0.000000    0.553573   clock reconvergence pessimism
                                 -0.032342    0.521231   library hold time
                                              0.521231   data required time
---------------------------------------------------------------------------------------------
                                              0.521231   data required time
                                             -0.979612   data arrival time
---------------------------------------------------------------------------------------------
                                              0.458381   slack (MET)


Startpoint: _1094_ (rising edge-triggered flip-flop clocked by wr_clk)
Endpoint: _1094_ (rising edge-triggered flip-flop clocked by wr_clk)
Path Group: wr_clk
Path Type: min

Fanout         Cap        Slew       Delay        Time   Description
---------------------------------------------------------------------------------------------
                                  0.000000    0.000000   clock wr_clk (rise edge)
                                  0.000000    0.000000   clock source latency
     1    0.024374    0.000000    0.000000    0.000000 ^ wr_clk (in)
                                                         wr_clk (net)
                      0.001077    0.000538    0.000538 ^ clkbuf_0_wr_clk/A (sky130_fd_sc_hd__clkbuf_16)
    16    0.103304    0.118752    0.172854    0.173392 ^ clkbuf_0_wr_clk/X (sky130_fd_sc_hd__clkbuf_16)
                                                         clknet_0_wr_clk (net)
                      0.118881    0.003194    0.176586 ^ clkbuf_4_5_0_wr_clk/A (sky130_fd_sc_hd__clkbuf_8)
     2    0.018978    0.049855    0.157712    0.334298 ^ clkbuf_4_5_0_wr_clk/X (sky130_fd_sc_hd__clkbuf_8)
                                                         clknet_4_5_0_wr_clk (net)
                      0.049858    0.000408    0.334706 ^ clkbuf_5_11__f_wr_clk/A (sky130_fd_sc_hd__clkbuf_16)
     5    0.013443    0.036264    0.120930    0.455637 ^ clkbuf_5_11__f_wr_clk/X (sky130_fd_sc_hd__clkbuf_16)
                                                         clknet_5_11__leaf_wr_clk (net)
                      0.036264    0.000136    0.455773 ^ _1094_/CLK (sky130_fd_sc_hd__dfxtp_2)
     2    0.005985    0.043506    0.313594    0.769367 ^ _1094_/Q (sky130_fd_sc_hd__dfxtp_2)
                                                         u_fifomem.mem[13][0] (net)
                      0.043506    0.000074    0.769441 ^ _0856_/A0 (sky130_fd_sc_hd__mux2_2)
     1    0.004282    0.043623    0.140770    0.910211 ^ _0856_/X (sky130_fd_sc_hd__mux2_2)
                                                         _0406_ (net)
                      0.043623    0.000067    0.910278 ^ _0857_/A (sky130_fd_sc_hd__buf_1)
     1    0.002012    0.035665    0.073678    0.983957 ^ _0857_/X (sky130_fd_sc_hd__buf_1)
                                                         _0034_ (net)
                      0.035665    0.000017    0.983974 ^ _1094_/D (sky130_fd_sc_hd__dfxtp_2)
                                              0.983974   data arrival time

                                  0.000000    0.000000   clock wr_clk (rise edge)
                                  0.000000    0.000000   clock source latency
     1    0.024374    0.000000    0.000000    0.000000 ^ wr_clk (in)
                                                         wr_clk (net)
                      0.001077    0.000538    0.000538 ^ clkbuf_0_wr_clk/A (sky130_fd_sc_hd__clkbuf_16)
    16    0.103304    0.118752    0.172854    0.173392 ^ clkbuf_0_wr_clk/X (sky130_fd_sc_hd__clkbuf_16)
                                                         clknet_0_wr_clk (net)
                      0.118881    0.003194    0.176586 ^ clkbuf_4_5_0_wr_clk/A (sky130_fd_sc_hd__clkbuf_8)
     2    0.018978    0.049855    0.157712    0.334298 ^ clkbuf_4_5_0_wr_clk/X (sky130_fd_sc_hd__clkbuf_8)
                                                         clknet_4_5_0_wr_clk (net)
                      0.049858    0.000408    0.334706 ^ clkbuf_5_11__f_wr_clk/A (sky130_fd_sc_hd__clkbuf_16)
     5    0.013443    0.036264    0.120930    0.455637 ^ clkbuf_5_11__f_wr_clk/X (sky130_fd_sc_hd__clkbuf_16)
                                                         clknet_5_11__leaf_wr_clk (net)
                      0.036264    0.000136    0.455773 ^ _1094_/CLK (sky130_fd_sc_hd__dfxtp_2)
                                  0.100000    0.555773   clock uncertainty
                                  0.000000    0.555773   clock reconvergence pessimism
                                 -0.030404    0.525368   library hold time
                                              0.525368   data required time
---------------------------------------------------------------------------------------------
                                              0.525368   data required time
                                             -0.983974   data arrival time
---------------------------------------------------------------------------------------------
                                              0.458606   slack (MET)


Startpoint: _1115_ (rising edge-triggered flip-flop clocked by wr_clk)
Endpoint: _1115_ (rising edge-triggered flip-flop clocked by wr_clk)
Path Group: wr_clk
Path Type: min

Fanout         Cap        Slew       Delay        Time   Description
---------------------------------------------------------------------------------------------
                                  0.000000    0.000000   clock wr_clk (rise edge)
                                  0.000000    0.000000   clock source latency
     1    0.024374    0.000000    0.000000    0.000000 ^ wr_clk (in)
                                                         wr_clk (net)
                      0.001077    0.000538    0.000538 ^ clkbuf_0_wr_clk/A (sky130_fd_sc_hd__clkbuf_16)
    16    0.103304    0.118752    0.172854    0.173392 ^ clkbuf_0_wr_clk/X (sky130_fd_sc_hd__clkbuf_16)
                                                         clknet_0_wr_clk (net)
                      0.118909    0.003519    0.176911 ^ clkbuf_4_6_0_wr_clk/A (sky130_fd_sc_hd__clkbuf_8)
     2    0.018259    0.048694    0.156750    0.333662 ^ clkbuf_4_6_0_wr_clk/X (sky130_fd_sc_hd__clkbuf_8)
                                                         clknet_4_6_0_wr_clk (net)
                      0.048694    0.000157    0.333818 ^ clkbuf_5_12__f_wr_clk/A (sky130_fd_sc_hd__clkbuf_16)
     5    0.014556    0.037209    0.121581    0.455399 ^ clkbuf_5_12__f_wr_clk/X (sky130_fd_sc_hd__clkbuf_16)
                                                         clknet_5_12__leaf_wr_clk (net)
                      0.037209    0.000093    0.455492 ^ _1115_/CLK (sky130_fd_sc_hd__dfxtp_2)
     2    0.004598    0.037605    0.308781    0.764273 ^ _1115_/Q (sky130_fd_sc_hd__dfxtp_2)
                                                         u_fifomem.mem[15][5] (net)
                      0.037605    0.000022    0.764295 ^ _0901_/A1 (sky130_fd_sc_hd__mux2_2)
     1    0.003973    0.042325    0.137600    0.901895 ^ _0901_/X (sky130_fd_sc_hd__mux2_2)
                                                         _0430_ (net)
                      0.042325    0.000058    0.901953 ^ _0902_/A (sky130_fd_sc_hd__buf_1)
     1    0.002878    0.044884    0.080316    0.982269 ^ _0902_/X (sky130_fd_sc_hd__buf_1)
                                                         _0055_ (net)
                      0.044884    0.000035    0.982304 ^ _1115_/D (sky130_fd_sc_hd__dfxtp_2)
                                              0.982304   data arrival time

                                  0.000000    0.000000   clock wr_clk (rise edge)
                                  0.000000    0.000000   clock source latency
     1    0.024374    0.000000    0.000000    0.000000 ^ wr_clk (in)
                                                         wr_clk (net)
                      0.001077    0.000538    0.000538 ^ clkbuf_0_wr_clk/A (sky130_fd_sc_hd__clkbuf_16)
    16    0.103304    0.118752    0.172854    0.173392 ^ clkbuf_0_wr_clk/X (sky130_fd_sc_hd__clkbuf_16)
                                                         clknet_0_wr_clk (net)
                      0.118909    0.003519    0.176911 ^ clkbuf_4_6_0_wr_clk/A (sky130_fd_sc_hd__clkbuf_8)
     2    0.018259    0.048694    0.156750    0.333662 ^ clkbuf_4_6_0_wr_clk/X (sky130_fd_sc_hd__clkbuf_8)
                                                         clknet_4_6_0_wr_clk (net)
                      0.048694    0.000157    0.333818 ^ clkbuf_5_12__f_wr_clk/A (sky130_fd_sc_hd__clkbuf_16)
     5    0.014556    0.037209    0.121581    0.455399 ^ clkbuf_5_12__f_wr_clk/X (sky130_fd_sc_hd__clkbuf_16)
                                                         clknet_5_12__leaf_wr_clk (net)
                      0.037209    0.000093    0.455492 ^ _1115_/CLK (sky130_fd_sc_hd__dfxtp_2)
                                  0.100000    0.555492   clock uncertainty
                                  0.000000    0.555492   clock reconvergence pessimism
                                 -0.032191    0.523300   library hold time
                                              0.523300   data required time
---------------------------------------------------------------------------------------------
                                              0.523300   data required time
                                             -0.982304   data arrival time
---------------------------------------------------------------------------------------------
                                              0.459003   slack (MET)


Startpoint: _1147_ (rising edge-triggered flip-flop clocked by wr_clk)
Endpoint: _1147_ (rising edge-triggered flip-flop clocked by wr_clk)
Path Group: wr_clk
Path Type: min

Fanout         Cap        Slew       Delay        Time   Description
---------------------------------------------------------------------------------------------
                                  0.000000    0.000000   clock wr_clk (rise edge)
                                  0.000000    0.000000   clock source latency
     1    0.024374    0.000000    0.000000    0.000000 ^ wr_clk (in)
                                                         wr_clk (net)
                      0.001077    0.000538    0.000538 ^ clkbuf_0_wr_clk/A (sky130_fd_sc_hd__clkbuf_16)
    16    0.103304    0.118752    0.172854    0.173392 ^ clkbuf_0_wr_clk/X (sky130_fd_sc_hd__clkbuf_16)
                                                         clknet_0_wr_clk (net)
                      0.118782    0.001572    0.174964 ^ clkbuf_4_11_0_wr_clk/A (sky130_fd_sc_hd__clkbuf_8)
     2    0.017471    0.047469    0.155539    0.330504 ^ clkbuf_4_11_0_wr_clk/X (sky130_fd_sc_hd__clkbuf_8)
                                                         clknet_4_11_0_wr_clk (net)
                      0.047469    0.000161    0.330664 ^ clkbuf_5_22__f_wr_clk/A (sky130_fd_sc_hd__clkbuf_16)
     5    0.014498    0.037161    0.121066    0.451730 ^ clkbuf_5_22__f_wr_clk/X (sky130_fd_sc_hd__clkbuf_16)
                                                         clknet_5_22__leaf_wr_clk (net)
                      0.037161    0.000184    0.451914 ^ _1147_/CLK (sky130_fd_sc_hd__dfxtp_2)
     2    0.005298    0.040543    0.311380    0.763294 ^ _1147_/Q (sky130_fd_sc_hd__dfxtp_2)
                                                         u_fifomem.mem[4][5] (net)
                      0.040543    0.000020    0.763314 ^ _0970_/A0 (sky130_fd_sc_hd__mux2_2)
     1    0.003488    0.039629    0.135119    0.898432 ^ _0970_/X (sky130_fd_sc_hd__mux2_2)
                                                         _0467_ (net)
                      0.039629    0.000043    0.898476 ^ _0971_/A (sky130_fd_sc_hd__buf_1)
     1    0.002957    0.045744    0.080040    0.978516 ^ _0971_/X (sky130_fd_sc_hd__buf_1)
                                                         _0087_ (net)
                      0.045744    0.000036    0.978552 ^ _1147_/D (sky130_fd_sc_hd__dfxtp_2)
                                              0.978552   data arrival time

                                  0.000000    0.000000   clock wr_clk (rise edge)
                                  0.000000    0.000000   clock source latency
     1    0.024374    0.000000    0.000000    0.000000 ^ wr_clk (in)
                                                         wr_clk (net)
                      0.001077    0.000538    0.000538 ^ clkbuf_0_wr_clk/A (sky130_fd_sc_hd__clkbuf_16)
    16    0.103304    0.118752    0.172854    0.173392 ^ clkbuf_0_wr_clk/X (sky130_fd_sc_hd__clkbuf_16)
                                                         clknet_0_wr_clk (net)
                      0.118782    0.001572    0.174964 ^ clkbuf_4_11_0_wr_clk/A (sky130_fd_sc_hd__clkbuf_8)
     2    0.017471    0.047469    0.155539    0.330504 ^ clkbuf_4_11_0_wr_clk/X (sky130_fd_sc_hd__clkbuf_8)
                                                         clknet_4_11_0_wr_clk (net)
                      0.047469    0.000161    0.330664 ^ clkbuf_5_22__f_wr_clk/A (sky130_fd_sc_hd__clkbuf_16)
     5    0.014498    0.037161    0.121066    0.451730 ^ clkbuf_5_22__f_wr_clk/X (sky130_fd_sc_hd__clkbuf_16)
                                                         clknet_5_22__leaf_wr_clk (net)
                      0.037161    0.000184    0.451914 ^ _1147_/CLK (sky130_fd_sc_hd__dfxtp_2)
                                  0.100000    0.551914   clock uncertainty
                                  0.000000    0.551914   clock reconvergence pessimism
                                 -0.032376    0.519538   library hold time
                                              0.519538   data required time
---------------------------------------------------------------------------------------------
                                              0.519538   data required time
                                             -0.978552   data arrival time
---------------------------------------------------------------------------------------------
                                              0.459014   slack (MET)


Startpoint: _1184_ (rising edge-triggered flip-flop clocked by wr_clk)
Endpoint: _1184_ (rising edge-triggered flip-flop clocked by wr_clk)
Path Group: wr_clk
Path Type: min

Fanout         Cap        Slew       Delay        Time   Description
---------------------------------------------------------------------------------------------
                                  0.000000    0.000000   clock wr_clk (rise edge)
                                  0.000000    0.000000   clock source latency
     1    0.024374    0.000000    0.000000    0.000000 ^ wr_clk (in)
                                                         wr_clk (net)
                      0.001077    0.000538    0.000538 ^ clkbuf_0_wr_clk/A (sky130_fd_sc_hd__clkbuf_16)
    16    0.103304    0.118752    0.172854    0.173392 ^ clkbuf_0_wr_clk/X (sky130_fd_sc_hd__clkbuf_16)
                                                         clknet_0_wr_clk (net)
                      0.118891    0.003312    0.176704 ^ clkbuf_4_4_0_wr_clk/A (sky130_fd_sc_hd__clkbuf_8)
     2    0.018673    0.049333    0.157368    0.334072 ^ clkbuf_4_4_0_wr_clk/X (sky130_fd_sc_hd__clkbuf_8)
                                                         clknet_4_4_0_wr_clk (net)
                      0.049333    0.000165    0.334237 ^ clkbuf_5_9__f_wr_clk/A (sky130_fd_sc_hd__clkbuf_16)
     5    0.013998    0.036735    0.121275    0.455512 ^ clkbuf_5_9__f_wr_clk/X (sky130_fd_sc_hd__clkbuf_16)
                                                         clknet_5_9__leaf_wr_clk (net)
                      0.036735    0.000147    0.455659 ^ _1184_/CLK (sky130_fd_sc_hd__dfxtp_2)
     2    0.006543    0.045939    0.315858    0.771517 ^ _1184_/Q (sky130_fd_sc_hd__dfxtp_2)
                                                         u_fifomem.mem[9][2] (net)
                      0.045939    0.000092    0.771609 ^ _1050_/A0 (sky130_fd_sc_hd__mux2_2)
     1    0.002448    0.035129    0.130818    0.902427 ^ _1050_/X (sky130_fd_sc_hd__mux2_2)
                                                         _0510_ (net)
                      0.035129    0.000012    0.902438 ^ _1051_/A (sky130_fd_sc_hd__buf_1)
     1    0.003081    0.047075    0.079499    0.981937 ^ _1051_/X (sky130_fd_sc_hd__buf_1)
                                                         _0124_ (net)
                      0.047075    0.000045    0.981983 ^ _1184_/D (sky130_fd_sc_hd__dfxtp_2)
                                              0.981983   data arrival time

                                  0.000000    0.000000   clock wr_clk (rise edge)
                                  0.000000    0.000000   clock source latency
     1    0.024374    0.000000    0.000000    0.000000 ^ wr_clk (in)
                                                         wr_clk (net)
                      0.001077    0.000538    0.000538 ^ clkbuf_0_wr_clk/A (sky130_fd_sc_hd__clkbuf_16)
    16    0.103304    0.118752    0.172854    0.173392 ^ clkbuf_0_wr_clk/X (sky130_fd_sc_hd__clkbuf_16)
                                                         clknet_0_wr_clk (net)
                      0.118891    0.003312    0.176704 ^ clkbuf_4_4_0_wr_clk/A (sky130_fd_sc_hd__clkbuf_8)
     2    0.018673    0.049333    0.157368    0.334072 ^ clkbuf_4_4_0_wr_clk/X (sky130_fd_sc_hd__clkbuf_8)
                                                         clknet_4_4_0_wr_clk (net)
                      0.049333    0.000165    0.334237 ^ clkbuf_5_9__f_wr_clk/A (sky130_fd_sc_hd__clkbuf_16)
     5    0.013998    0.036735    0.121275    0.455512 ^ clkbuf_5_9__f_wr_clk/X (sky130_fd_sc_hd__clkbuf_16)
                                                         clknet_5_9__leaf_wr_clk (net)
                      0.036735    0.000147    0.455659 ^ _1184_/CLK (sky130_fd_sc_hd__dfxtp_2)
                                  0.100000    0.555659   clock uncertainty
                                  0.000000    0.555659   clock reconvergence pessimism
                                 -0.032708    0.522951   library hold time
                                              0.522951   data required time
---------------------------------------------------------------------------------------------
                                              0.522951   data required time
                                             -0.981983   data arrival time
---------------------------------------------------------------------------------------------
                                              0.459032   slack (MET)


Startpoint: _1075_ (rising edge-triggered flip-flop clocked by wr_clk)
Endpoint: _1075_ (rising edge-triggered flip-flop clocked by wr_clk)
Path Group: wr_clk
Path Type: min

Fanout         Cap        Slew       Delay        Time   Description
---------------------------------------------------------------------------------------------
                                  0.000000    0.000000   clock wr_clk (rise edge)
                                  0.000000    0.000000   clock source latency
     1    0.024374    0.000000    0.000000    0.000000 ^ wr_clk (in)
                                                         wr_clk (net)
                      0.001077    0.000538    0.000538 ^ clkbuf_0_wr_clk/A (sky130_fd_sc_hd__clkbuf_16)
    16    0.103304    0.118752    0.172854    0.173392 ^ clkbuf_0_wr_clk/X (sky130_fd_sc_hd__clkbuf_16)
                                                         clknet_0_wr_clk (net)
                      0.118799    0.001961    0.175353 ^ clkbuf_4_3_0_wr_clk/A (sky130_fd_sc_hd__clkbuf_8)
     2    0.019366    0.050447    0.158300    0.333653 ^ clkbuf_4_3_0_wr_clk/X (sky130_fd_sc_hd__clkbuf_8)
                                                         clknet_4_3_0_wr_clk (net)
                      0.050448    0.000263    0.333916 ^ clkbuf_5_7__f_wr_clk/A (sky130_fd_sc_hd__clkbuf_16)
     5    0.015654    0.038141    0.123253    0.457169 ^ clkbuf_5_7__f_wr_clk/X (sky130_fd_sc_hd__clkbuf_16)
                                                         clknet_5_7__leaf_wr_clk (net)
                      0.038141    0.000214    0.457383 ^ _1075_/CLK (sky130_fd_sc_hd__dfxtp_2)
     2    0.005686    0.042201    0.313192    0.770574 ^ _1075_/Q (sky130_fd_sc_hd__dfxtp_2)
                                                         u_fifomem.mem[10][5] (net)
                      0.042201    0.000034    0.770608 ^ _0813_/A0 (sky130_fd_sc_hd__mux2_2)
     1    0.003064    0.037850    0.133172    0.903780 ^ _0813_/X (sky130_fd_sc_hd__mux2_2)
                                                         _0382_ (net)
                      0.037850    0.000041    0.903821 ^ _0814_/A (sky130_fd_sc_hd__buf_2)
     1    0.002109    0.024043    0.084972    0.988792 ^ _0814_/X (sky130_fd_sc_hd__buf_2)
                                                         _0015_ (net)
                      0.024043    0.000020    0.988812 ^ _1075_/D (sky130_fd_sc_hd__dfxtp_2)
                                              0.988812   data arrival time

                                  0.000000    0.000000   clock wr_clk (rise edge)
                                  0.000000    0.000000   clock source latency
     1    0.024374    0.000000    0.000000    0.000000 ^ wr_clk (in)
                                                         wr_clk (net)
                      0.001077    0.000538    0.000538 ^ clkbuf_0_wr_clk/A (sky130_fd_sc_hd__clkbuf_16)
    16    0.103304    0.118752    0.172854    0.173392 ^ clkbuf_0_wr_clk/X (sky130_fd_sc_hd__clkbuf_16)
                                                         clknet_0_wr_clk (net)
                      0.118799    0.001961    0.175353 ^ clkbuf_4_3_0_wr_clk/A (sky130_fd_sc_hd__clkbuf_8)
     2    0.019366    0.050447    0.158300    0.333653 ^ clkbuf_4_3_0_wr_clk/X (sky130_fd_sc_hd__clkbuf_8)
                                                         clknet_4_3_0_wr_clk (net)
                      0.050448    0.000263    0.333916 ^ clkbuf_5_7__f_wr_clk/A (sky130_fd_sc_hd__clkbuf_16)
     5    0.015654    0.038141    0.123253    0.457169 ^ clkbuf_5_7__f_wr_clk/X (sky130_fd_sc_hd__clkbuf_16)
                                                         clknet_5_7__leaf_wr_clk (net)
                      0.038141    0.000214    0.457383 ^ _1075_/CLK (sky130_fd_sc_hd__dfxtp_2)
                                  0.100000    0.557383   clock uncertainty
                                  0.000000    0.557383   clock reconvergence pessimism
                                 -0.027748    0.529634   library hold time
                                              0.529634   data required time
---------------------------------------------------------------------------------------------
                                              0.529634   data required time
                                             -0.988812   data arrival time
---------------------------------------------------------------------------------------------
                                              0.459178   slack (MET)


Startpoint: _1186_ (rising edge-triggered flip-flop clocked by wr_clk)
Endpoint: _1186_ (rising edge-triggered flip-flop clocked by wr_clk)
Path Group: wr_clk
Path Type: min

Fanout         Cap        Slew       Delay        Time   Description
---------------------------------------------------------------------------------------------
                                  0.000000    0.000000   clock wr_clk (rise edge)
                                  0.000000    0.000000   clock source latency
     1    0.024374    0.000000    0.000000    0.000000 ^ wr_clk (in)
                                                         wr_clk (net)
                      0.001077    0.000538    0.000538 ^ clkbuf_0_wr_clk/A (sky130_fd_sc_hd__clkbuf_16)
    16    0.103304    0.118752    0.172854    0.173392 ^ clkbuf_0_wr_clk/X (sky130_fd_sc_hd__clkbuf_16)
                                                         clknet_0_wr_clk (net)
                      0.118829    0.002489    0.175881 ^ clkbuf_4_2_0_wr_clk/A (sky130_fd_sc_hd__clkbuf_8)
     2    0.018786    0.049496    0.157546    0.333427 ^ clkbuf_4_2_0_wr_clk/X (sky130_fd_sc_hd__clkbuf_8)
                                                         clknet_4_2_0_wr_clk (net)
                      0.049496    0.000149    0.333576 ^ clkbuf_5_4__f_wr_clk/A (sky130_fd_sc_hd__clkbuf_16)
     5    0.015069    0.037644    0.122356    0.455933 ^ clkbuf_5_4__f_wr_clk/X (sky130_fd_sc_hd__clkbuf_16)
                                                         clknet_5_4__leaf_wr_clk (net)
                      0.037644    0.000059    0.455992 ^ _1186_/CLK (sky130_fd_sc_hd__dfxtp_2)
     2    0.004993    0.039247    0.310410    0.766402 ^ _1186_/Q (sky130_fd_sc_hd__dfxtp_2)
                                                         u_fifomem.mem[9][4] (net)
                      0.039247    0.000029    0.766431 ^ _1054_/A0 (sky130_fd_sc_hd__mux2_2)
     1    0.004061    0.042775    0.138073    0.904504 ^ _1054_/X (sky130_fd_sc_hd__mux2_2)
                                                         _0512_ (net)
                      0.042775    0.000062    0.904566 ^ _1055_/A (sky130_fd_sc_hd__buf_1)
     1    0.002715    0.043131    0.079136    0.983702 ^ _1055_/X (sky130_fd_sc_hd__buf_1)
                                                         _0126_ (net)
                      0.043131    0.000032    0.983734 ^ _1186_/D (sky130_fd_sc_hd__dfxtp_2)
                                              0.983734   data arrival time

                                  0.000000    0.000000   clock wr_clk (rise edge)
                                  0.000000    0.000000   clock source latency
     1    0.024374    0.000000    0.000000    0.000000 ^ wr_clk (in)
                                                         wr_clk (net)
                      0.001077    0.000538    0.000538 ^ clkbuf_0_wr_clk/A (sky130_fd_sc_hd__clkbuf_16)
    16    0.103304    0.118752    0.172854    0.173392 ^ clkbuf_0_wr_clk/X (sky130_fd_sc_hd__clkbuf_16)
                                                         clknet_0_wr_clk (net)
                      0.118829    0.002489    0.175881 ^ clkbuf_4_2_0_wr_clk/A (sky130_fd_sc_hd__clkbuf_8)
     2    0.018786    0.049496    0.157546    0.333427 ^ clkbuf_4_2_0_wr_clk/X (sky130_fd_sc_hd__clkbuf_8)
                                                         clknet_4_2_0_wr_clk (net)
                      0.049496    0.000149    0.333576 ^ clkbuf_5_4__f_wr_clk/A (sky130_fd_sc_hd__clkbuf_16)
     5    0.015069    0.037644    0.122356    0.455933 ^ clkbuf_5_4__f_wr_clk/X (sky130_fd_sc_hd__clkbuf_16)
                                                         clknet_5_4__leaf_wr_clk (net)
                      0.037644    0.000059    0.455992 ^ _1186_/CLK (sky130_fd_sc_hd__dfxtp_2)
                                  0.100000    0.555992   clock uncertainty
                                  0.000000    0.555992   clock reconvergence pessimism
                                 -0.031770    0.524221   library hold time
                                              0.524221   data required time
---------------------------------------------------------------------------------------------
                                              0.524221   data required time
                                             -0.983734   data arrival time
---------------------------------------------------------------------------------------------
                                              0.459513   slack (MET)


Startpoint: _1122_ (rising edge-triggered flip-flop clocked by wr_clk)
Endpoint: _1122_ (rising edge-triggered flip-flop clocked by wr_clk)
Path Group: wr_clk
Path Type: min

Fanout         Cap        Slew       Delay        Time   Description
---------------------------------------------------------------------------------------------
                                  0.000000    0.000000   clock wr_clk (rise edge)
                                  0.000000    0.000000   clock source latency
     1    0.024374    0.000000    0.000000    0.000000 ^ wr_clk (in)
                                                         wr_clk (net)
                      0.001077    0.000538    0.000538 ^ clkbuf_0_wr_clk/A (sky130_fd_sc_hd__clkbuf_16)
    16    0.103304    0.118752    0.172854    0.173392 ^ clkbuf_0_wr_clk/X (sky130_fd_sc_hd__clkbuf_16)
                                                         clknet_0_wr_clk (net)
                      0.118854    0.002852    0.176244 ^ clkbuf_4_0_0_wr_clk/A (sky130_fd_sc_hd__clkbuf_8)
     2    0.018188    0.048610    0.156555    0.332799 ^ clkbuf_4_0_0_wr_clk/X (sky130_fd_sc_hd__clkbuf_8)
                                                         clknet_4_0_0_wr_clk (net)
                      0.048611    0.000330    0.333129 ^ clkbuf_5_1__f_wr_clk/A (sky130_fd_sc_hd__clkbuf_16)
     5    0.015170    0.037736    0.122061    0.455190 ^ clkbuf_5_1__f_wr_clk/X (sky130_fd_sc_hd__clkbuf_16)
                                                         clknet_5_1__leaf_wr_clk (net)
                      0.037736    0.000333    0.455523 ^ _1122_/CLK (sky130_fd_sc_hd__dfxtp_2)
     2    0.005552    0.041627    0.312533    0.768056 ^ _1122_/Q (sky130_fd_sc_hd__dfxtp_2)
                                                         u_fifomem.mem[1][4] (net)
                      0.041627    0.000057    0.768113 ^ _0916_/A0 (sky130_fd_sc_hd__mux2_2)
     1    0.002738    0.036083    0.131030    0.899143 ^ _0916_/X (sky130_fd_sc_hd__mux2_2)
                                                         _0438_ (net)
                      0.036083    0.000032    0.899175 ^ _0917_/A (sky130_fd_sc_hd__buf_2)
     1    0.002891    0.027178    0.087639    0.986814 ^ _0917_/X (sky130_fd_sc_hd__buf_2)
                                                         _0062_ (net)
                      0.027178    0.000034    0.986848 ^ _1122_/D (sky130_fd_sc_hd__dfxtp_2)
                                              0.986848   data arrival time

                                  0.000000    0.000000   clock wr_clk (rise edge)
                                  0.000000    0.000000   clock source latency
     1    0.024374    0.000000    0.000000    0.000000 ^ wr_clk (in)
                                                         wr_clk (net)
                      0.001077    0.000538    0.000538 ^ clkbuf_0_wr_clk/A (sky130_fd_sc_hd__clkbuf_16)
    16    0.103304    0.118752    0.172854    0.173392 ^ clkbuf_0_wr_clk/X (sky130_fd_sc_hd__clkbuf_16)
                                                         clknet_0_wr_clk (net)
                      0.118854    0.002852    0.176244 ^ clkbuf_4_0_0_wr_clk/A (sky130_fd_sc_hd__clkbuf_8)
     2    0.018188    0.048610    0.156555    0.332799 ^ clkbuf_4_0_0_wr_clk/X (sky130_fd_sc_hd__clkbuf_8)
                                                         clknet_4_0_0_wr_clk (net)
                      0.048611    0.000330    0.333129 ^ clkbuf_5_1__f_wr_clk/A (sky130_fd_sc_hd__clkbuf_16)
     5    0.015170    0.037736    0.122061    0.455190 ^ clkbuf_5_1__f_wr_clk/X (sky130_fd_sc_hd__clkbuf_16)
                                                         clknet_5_1__leaf_wr_clk (net)
                      0.037736    0.000333    0.455523 ^ _1122_/CLK (sky130_fd_sc_hd__dfxtp_2)
                                  0.100000    0.555523   clock uncertainty
                                  0.000000    0.555523   clock reconvergence pessimism
                                 -0.028451    0.527072   library hold time
                                              0.527072   data required time
---------------------------------------------------------------------------------------------
                                              0.527072   data required time
                                             -0.986848   data arrival time
---------------------------------------------------------------------------------------------
                                              0.459777   slack (MET)


Startpoint: _1101_ (rising edge-triggered flip-flop clocked by wr_clk)
Endpoint: _1101_ (rising edge-triggered flip-flop clocked by wr_clk)
Path Group: wr_clk
Path Type: min

Fanout         Cap        Slew       Delay        Time   Description
---------------------------------------------------------------------------------------------
                                  0.000000    0.000000   clock wr_clk (rise edge)
                                  0.000000    0.000000   clock source latency
     1    0.024374    0.000000    0.000000    0.000000 ^ wr_clk (in)
                                                         wr_clk (net)
                      0.001077    0.000538    0.000538 ^ clkbuf_0_wr_clk/A (sky130_fd_sc_hd__clkbuf_16)
    16    0.103304    0.118752    0.172854    0.173392 ^ clkbuf_0_wr_clk/X (sky130_fd_sc_hd__clkbuf_16)
                                                         clknet_0_wr_clk (net)
                      0.118799    0.001961    0.175353 ^ clkbuf_4_3_0_wr_clk/A (sky130_fd_sc_hd__clkbuf_8)
     2    0.019366    0.050447    0.158300    0.333653 ^ clkbuf_4_3_0_wr_clk/X (sky130_fd_sc_hd__clkbuf_8)
                                                         clknet_4_3_0_wr_clk (net)
                      0.050449    0.000359    0.334011 ^ clkbuf_5_6__f_wr_clk/A (sky130_fd_sc_hd__clkbuf_16)
     5    0.013885    0.036637    0.121581    0.455592 ^ clkbuf_5_6__f_wr_clk/X (sky130_fd_sc_hd__clkbuf_16)
                                                         clknet_5_6__leaf_wr_clk (net)
                      0.036637    0.000074    0.455666 ^ _1101_/CLK (sky130_fd_sc_hd__dfxtp_2)
     2    0.005548    0.041609    0.312110    0.767776 ^ _1101_/Q (sky130_fd_sc_hd__dfxtp_2)
                                                         u_fifomem.mem[13][7] (net)
                      0.041609    0.000058    0.767834 ^ _0870_/A0 (sky130_fd_sc_hd__mux2_2)
     1    0.002758    0.036365    0.131147    0.898981 ^ _0870_/X (sky130_fd_sc_hd__mux2_2)
                                                         _0413_ (net)
                      0.036365    0.000017    0.898998 ^ _0871_/A (sky130_fd_sc_hd__buf_1)
     1    0.003462    0.051255    0.082990    0.981988 ^ _0871_/X (sky130_fd_sc_hd__buf_1)
                                                         _0041_ (net)
                      0.051255    0.000050    0.982037 ^ _1101_/D (sky130_fd_sc_hd__dfxtp_2)
                                              0.982037   data arrival time

                                  0.000000    0.000000   clock wr_clk (rise edge)
                                  0.000000    0.000000   clock source latency
     1    0.024374    0.000000    0.000000    0.000000 ^ wr_clk (in)
                                                         wr_clk (net)
                      0.001077    0.000538    0.000538 ^ clkbuf_0_wr_clk/A (sky130_fd_sc_hd__clkbuf_16)
    16    0.103304    0.118752    0.172854    0.173392 ^ clkbuf_0_wr_clk/X (sky130_fd_sc_hd__clkbuf_16)
                                                         clknet_0_wr_clk (net)
                      0.118799    0.001961    0.175353 ^ clkbuf_4_3_0_wr_clk/A (sky130_fd_sc_hd__clkbuf_8)
     2    0.019366    0.050447    0.158300    0.333653 ^ clkbuf_4_3_0_wr_clk/X (sky130_fd_sc_hd__clkbuf_8)
                                                         clknet_4_3_0_wr_clk (net)
                      0.050449    0.000359    0.334011 ^ clkbuf_5_6__f_wr_clk/A (sky130_fd_sc_hd__clkbuf_16)
     5    0.013885    0.036637    0.121581    0.455592 ^ clkbuf_5_6__f_wr_clk/X (sky130_fd_sc_hd__clkbuf_16)
                                                         clknet_5_6__leaf_wr_clk (net)
                      0.036637    0.000074    0.455666 ^ _1101_/CLK (sky130_fd_sc_hd__dfxtp_2)
                                  0.100000    0.555666   clock uncertainty
                                  0.000000    0.555666   clock reconvergence pessimism
                                 -0.033587    0.522079   library hold time
                                              0.522079   data required time
---------------------------------------------------------------------------------------------
                                              0.522079   data required time
                                             -0.982037   data arrival time
---------------------------------------------------------------------------------------------
                                              0.459959   slack (MET)


Startpoint: _1128_ (rising edge-triggered flip-flop clocked by wr_clk)
Endpoint: _1128_ (rising edge-triggered flip-flop clocked by wr_clk)
Path Group: wr_clk
Path Type: min

Fanout         Cap        Slew       Delay        Time   Description
---------------------------------------------------------------------------------------------
                                  0.000000    0.000000   clock wr_clk (rise edge)
                                  0.000000    0.000000   clock source latency
     1    0.024374    0.000000    0.000000    0.000000 ^ wr_clk (in)
                                                         wr_clk (net)
                      0.001077    0.000538    0.000538 ^ clkbuf_0_wr_clk/A (sky130_fd_sc_hd__clkbuf_16)
    16    0.103304    0.118752    0.172854    0.173392 ^ clkbuf_0_wr_clk/X (sky130_fd_sc_hd__clkbuf_16)
                                                         clknet_0_wr_clk (net)
                      0.118854    0.002852    0.176244 ^ clkbuf_4_0_0_wr_clk/A (sky130_fd_sc_hd__clkbuf_8)
     2    0.018188    0.048610    0.156555    0.332799 ^ clkbuf_4_0_0_wr_clk/X (sky130_fd_sc_hd__clkbuf_8)
                                                         clknet_4_0_0_wr_clk (net)
                      0.048611    0.000303    0.333102 ^ clkbuf_5_0__f_wr_clk/A (sky130_fd_sc_hd__clkbuf_16)
     5    0.017289    0.039539    0.124103    0.457206 ^ clkbuf_5_0__f_wr_clk/X (sky130_fd_sc_hd__clkbuf_16)
                                                         clknet_5_0__leaf_wr_clk (net)
                      0.039540    0.000375    0.457581 ^ _1128_/CLK (sky130_fd_sc_hd__dfxtp_2)
     2    0.005461    0.041232    0.312863    0.770443 ^ _1128_/Q (sky130_fd_sc_hd__dfxtp_2)
                                                         u_fifomem.mem[2][2] (net)
                      0.041232    0.000048    0.770491 ^ _0929_/A0 (sky130_fd_sc_hd__mux2_2)
     1    0.003205    0.038050    0.133676    0.904167 ^ _0929_/X (sky130_fd_sc_hd__mux2_2)
                                                         _0445_ (net)
                      0.038050    0.000034    0.904200 ^ _0930_/A (sky130_fd_sc_hd__buf_4)
     1    0.002004    0.021966    0.086546    0.990746 ^ _0930_/X (sky130_fd_sc_hd__buf_4)
                                                         _0068_ (net)
                      0.021966    0.000018    0.990764 ^ _1128_/D (sky130_fd_sc_hd__dfxtp_2)
                                              0.990764   data arrival time

                                  0.000000    0.000000   clock wr_clk (rise edge)
                                  0.000000    0.000000   clock source latency
     1    0.024374    0.000000    0.000000    0.000000 ^ wr_clk (in)
                                                         wr_clk (net)
                      0.001077    0.000538    0.000538 ^ clkbuf_0_wr_clk/A (sky130_fd_sc_hd__clkbuf_16)
    16    0.103304    0.118752    0.172854    0.173392 ^ clkbuf_0_wr_clk/X (sky130_fd_sc_hd__clkbuf_16)
                                                         clknet_0_wr_clk (net)
                      0.118854    0.002852    0.176244 ^ clkbuf_4_0_0_wr_clk/A (sky130_fd_sc_hd__clkbuf_8)
     2    0.018188    0.048610    0.156555    0.332799 ^ clkbuf_4_0_0_wr_clk/X (sky130_fd_sc_hd__clkbuf_8)
                                                         clknet_4_0_0_wr_clk (net)
                      0.048611    0.000303    0.333102 ^ clkbuf_5_0__f_wr_clk/A (sky130_fd_sc_hd__clkbuf_16)
     5    0.017289    0.039539    0.124103    0.457206 ^ clkbuf_5_0__f_wr_clk/X (sky130_fd_sc_hd__clkbuf_16)
                                                         clknet_5_0__leaf_wr_clk (net)
                      0.039540    0.000375    0.457581 ^ _1128_/CLK (sky130_fd_sc_hd__dfxtp_2)
                                  0.100000    0.557581   clock uncertainty
                                  0.000000    0.557581   clock reconvergence pessimism
                                 -0.027135    0.530446   library hold time
                                              0.530446   data required time
---------------------------------------------------------------------------------------------
                                              0.530446   data required time
                                             -0.990764   data arrival time
---------------------------------------------------------------------------------------------
                                              0.460318   slack (MET)


Startpoint: _1096_ (rising edge-triggered flip-flop clocked by wr_clk)
Endpoint: _1096_ (rising edge-triggered flip-flop clocked by wr_clk)
Path Group: wr_clk
Path Type: min

Fanout         Cap        Slew       Delay        Time   Description
---------------------------------------------------------------------------------------------
                                  0.000000    0.000000   clock wr_clk (rise edge)
                                  0.000000    0.000000   clock source latency
     1    0.024374    0.000000    0.000000    0.000000 ^ wr_clk (in)
                                                         wr_clk (net)
                      0.001077    0.000538    0.000538 ^ clkbuf_0_wr_clk/A (sky130_fd_sc_hd__clkbuf_16)
    16    0.103304    0.118752    0.172854    0.173392 ^ clkbuf_0_wr_clk/X (sky130_fd_sc_hd__clkbuf_16)
                                                         clknet_0_wr_clk (net)
                      0.118881    0.003194    0.176586 ^ clkbuf_4_5_0_wr_clk/A (sky130_fd_sc_hd__clkbuf_8)
     2    0.018978    0.049855    0.157712    0.334298 ^ clkbuf_4_5_0_wr_clk/X (sky130_fd_sc_hd__clkbuf_8)
                                                         clknet_4_5_0_wr_clk (net)
                      0.049858    0.000408    0.334706 ^ clkbuf_5_11__f_wr_clk/A (sky130_fd_sc_hd__clkbuf_16)
     5    0.013443    0.036264    0.120930    0.455637 ^ clkbuf_5_11__f_wr_clk/X (sky130_fd_sc_hd__clkbuf_16)
                                                         clknet_5_11__leaf_wr_clk (net)
                      0.036264    0.000130    0.455767 ^ _1096_/CLK (sky130_fd_sc_hd__dfxtp_2)
     2    0.005973    0.043455    0.313554    0.769321 ^ _1096_/Q (sky130_fd_sc_hd__dfxtp_2)
                                                         u_fifomem.mem[13][2] (net)
                      0.043455    0.000091    0.769412 ^ _0860_/A0 (sky130_fd_sc_hd__mux2_2)
     1    0.003278    0.038649    0.134885    0.904297 ^ _0860_/X (sky130_fd_sc_hd__mux2_2)
                                                         _0408_ (net)
                      0.038649    0.000037    0.904334 ^ _0861_/A (sky130_fd_sc_hd__buf_1)
     1    0.002939    0.045549    0.079555    0.983889 ^ _0861_/X (sky130_fd_sc_hd__buf_1)
                                                         _0036_ (net)
                      0.045549    0.000035    0.983925 ^ _1096_/D (sky130_fd_sc_hd__dfxtp_2)
                                              0.983925   data arrival time

                                  0.000000    0.000000   clock wr_clk (rise edge)
                                  0.000000    0.000000   clock source latency
     1    0.024374    0.000000    0.000000    0.000000 ^ wr_clk (in)
                                                         wr_clk (net)
                      0.001077    0.000538    0.000538 ^ clkbuf_0_wr_clk/A (sky130_fd_sc_hd__clkbuf_16)
    16    0.103304    0.118752    0.172854    0.173392 ^ clkbuf_0_wr_clk/X (sky130_fd_sc_hd__clkbuf_16)
                                                         clknet_0_wr_clk (net)
                      0.118881    0.003194    0.176586 ^ clkbuf_4_5_0_wr_clk/A (sky130_fd_sc_hd__clkbuf_8)
     2    0.018978    0.049855    0.157712    0.334298 ^ clkbuf_4_5_0_wr_clk/X (sky130_fd_sc_hd__clkbuf_8)
                                                         clknet_4_5_0_wr_clk (net)
                      0.049858    0.000408    0.334706 ^ clkbuf_5_11__f_wr_clk/A (sky130_fd_sc_hd__clkbuf_16)
     5    0.013443    0.036264    0.120930    0.455637 ^ clkbuf_5_11__f_wr_clk/X (sky130_fd_sc_hd__clkbuf_16)
                                                         clknet_5_11__leaf_wr_clk (net)
                      0.036264    0.000130    0.455767 ^ _1096_/CLK (sky130_fd_sc_hd__dfxtp_2)
                                  0.100000    0.555767   clock uncertainty
                                  0.000000    0.555767   clock reconvergence pessimism
                                 -0.032454    0.523313   library hold time
                                              0.523313   data required time
---------------------------------------------------------------------------------------------
                                              0.523313   data required time
                                             -0.983925   data arrival time
---------------------------------------------------------------------------------------------
                                              0.460611   slack (MET)


Startpoint: _1131_ (rising edge-triggered flip-flop clocked by wr_clk)
Endpoint: _1131_ (rising edge-triggered flip-flop clocked by wr_clk)
Path Group: wr_clk
Path Type: min

Fanout         Cap        Slew       Delay        Time   Description
---------------------------------------------------------------------------------------------
                                  0.000000    0.000000   clock wr_clk (rise edge)
                                  0.000000    0.000000   clock source latency
     1    0.024374    0.000000    0.000000    0.000000 ^ wr_clk (in)
                                                         wr_clk (net)
                      0.001077    0.000538    0.000538 ^ clkbuf_0_wr_clk/A (sky130_fd_sc_hd__clkbuf_16)
    16    0.103304    0.118752    0.172854    0.173392 ^ clkbuf_0_wr_clk/X (sky130_fd_sc_hd__clkbuf_16)
                                                         clknet_0_wr_clk (net)
                      0.118789    0.001740    0.175132 ^ clkbuf_4_8_0_wr_clk/A (sky130_fd_sc_hd__clkbuf_8)
     2    0.019793    0.051123    0.158920    0.334052 ^ clkbuf_4_8_0_wr_clk/X (sky130_fd_sc_hd__clkbuf_8)
                                                         clknet_4_8_0_wr_clk (net)
                      0.051126    0.000414    0.334466 ^ clkbuf_5_17__f_wr_clk/A (sky130_fd_sc_hd__clkbuf_16)
     5    0.014686    0.037321    0.122554    0.457020 ^ clkbuf_5_17__f_wr_clk/X (sky130_fd_sc_hd__clkbuf_16)
                                                         clknet_5_17__leaf_wr_clk (net)
                      0.037321    0.000235    0.457256 ^ _1131_/CLK (sky130_fd_sc_hd__dfxtp_2)
     2    0.005430    0.041107    0.311931    0.769186 ^ _1131_/Q (sky130_fd_sc_hd__dfxtp_2)
                                                         u_fifomem.mem[2][5] (net)
                      0.041107    0.000040    0.769227 ^ _0935_/A0 (sky130_fd_sc_hd__mux2_2)
     1    0.003312    0.038567    0.134266    0.903492 ^ _0935_/X (sky130_fd_sc_hd__mux2_2)
                                                         _0448_ (net)
                      0.038567    0.000038    0.903530 ^ _0936_/A (sky130_fd_sc_hd__buf_4)
     1    0.002431    0.022959    0.087887    0.991417 ^ _0936_/X (sky130_fd_sc_hd__buf_4)
                                                         _0071_ (net)
                      0.022959    0.000026    0.991443 ^ _1131_/D (sky130_fd_sc_hd__dfxtp_2)
                                              0.991443   data arrival time

                                  0.000000    0.000000   clock wr_clk (rise edge)
                                  0.000000    0.000000   clock source latency
     1    0.024374    0.000000    0.000000    0.000000 ^ wr_clk (in)
                                                         wr_clk (net)
                      0.001077    0.000538    0.000538 ^ clkbuf_0_wr_clk/A (sky130_fd_sc_hd__clkbuf_16)
    16    0.103304    0.118752    0.172854    0.173392 ^ clkbuf_0_wr_clk/X (sky130_fd_sc_hd__clkbuf_16)
                                                         clknet_0_wr_clk (net)
                      0.118789    0.001740    0.175132 ^ clkbuf_4_8_0_wr_clk/A (sky130_fd_sc_hd__clkbuf_8)
     2    0.019793    0.051123    0.158920    0.334052 ^ clkbuf_4_8_0_wr_clk/X (sky130_fd_sc_hd__clkbuf_8)
                                                         clknet_4_8_0_wr_clk (net)
                      0.051126    0.000414    0.334466 ^ clkbuf_5_17__f_wr_clk/A (sky130_fd_sc_hd__clkbuf_16)
     5    0.014686    0.037321    0.122554    0.457020 ^ clkbuf_5_17__f_wr_clk/X (sky130_fd_sc_hd__clkbuf_16)
                                                         clknet_5_17__leaf_wr_clk (net)
                      0.037321    0.000235    0.457256 ^ _1131_/CLK (sky130_fd_sc_hd__dfxtp_2)
                                  0.100000    0.557256   clock uncertainty
                                  0.000000    0.557256   clock reconvergence pessimism
                                 -0.027631    0.529624   library hold time
                                              0.529624   data required time
---------------------------------------------------------------------------------------------
                                              0.529624   data required time
                                             -0.991443   data arrival time
---------------------------------------------------------------------------------------------
                                              0.461818   slack (MET)


Startpoint: _1126_ (rising edge-triggered flip-flop clocked by wr_clk)
Endpoint: _1126_ (rising edge-triggered flip-flop clocked by wr_clk)
Path Group: wr_clk
Path Type: min

Fanout         Cap        Slew       Delay        Time   Description
---------------------------------------------------------------------------------------------
                                  0.000000    0.000000   clock wr_clk (rise edge)
                                  0.000000    0.000000   clock source latency
     1    0.024374    0.000000    0.000000    0.000000 ^ wr_clk (in)
                                                         wr_clk (net)
                      0.001077    0.000538    0.000538 ^ clkbuf_0_wr_clk/A (sky130_fd_sc_hd__clkbuf_16)
    16    0.103304    0.118752    0.172854    0.173392 ^ clkbuf_0_wr_clk/X (sky130_fd_sc_hd__clkbuf_16)
                                                         clknet_0_wr_clk (net)
                      0.118853    0.002844    0.176237 ^ clkbuf_4_1_0_wr_clk/A (sky130_fd_sc_hd__clkbuf_8)
     2    0.017853    0.048064    0.156127    0.332364 ^ clkbuf_4_1_0_wr_clk/X (sky130_fd_sc_hd__clkbuf_8)
                                                         clknet_4_1_0_wr_clk (net)
                      0.048064    0.000146    0.332509 ^ clkbuf_5_3__f_wr_clk/A (sky130_fd_sc_hd__clkbuf_16)
     5    0.012865    0.035771    0.119737    0.452246 ^ clkbuf_5_3__f_wr_clk/X (sky130_fd_sc_hd__clkbuf_16)
                                                         clknet_5_3__leaf_wr_clk (net)
                      0.035771    0.000102    0.452348 ^ _1126_/CLK (sky130_fd_sc_hd__dfxtp_2)
     2    0.005071    0.039582    0.310015    0.762362 ^ _1126_/Q (sky130_fd_sc_hd__dfxtp_2)
                                                         u_fifomem.mem[2][0] (net)
                      0.039582    0.000036    0.762398 ^ _0925_/A0 (sky130_fd_sc_hd__mux2_2)
     1    0.003769    0.040698    0.136455    0.898853 ^ _0925_/X (sky130_fd_sc_hd__mux2_2)
                                                         _0443_ (net)
                      0.040698    0.000052    0.898905 ^ _0926_/A (sky130_fd_sc_hd__buf_4)
     1    0.002089    0.022157    0.087755    0.986659 ^ _0926_/X (sky130_fd_sc_hd__buf_4)
                                                         _0066_ (net)
                      0.022157    0.000019    0.986678 ^ _1126_/D (sky130_fd_sc_hd__dfxtp_2)
                                              0.986678   data arrival time

                                  0.000000    0.000000   clock wr_clk (rise edge)
                                  0.000000    0.000000   clock source latency
     1    0.024374    0.000000    0.000000    0.000000 ^ wr_clk (in)
                                                         wr_clk (net)
                      0.001077    0.000538    0.000538 ^ clkbuf_0_wr_clk/A (sky130_fd_sc_hd__clkbuf_16)
    16    0.103304    0.118752    0.172854    0.173392 ^ clkbuf_0_wr_clk/X (sky130_fd_sc_hd__clkbuf_16)
                                                         clknet_0_wr_clk (net)
                      0.118853    0.002844    0.176237 ^ clkbuf_4_1_0_wr_clk/A (sky130_fd_sc_hd__clkbuf_8)
     2    0.017853    0.048064    0.156127    0.332364 ^ clkbuf_4_1_0_wr_clk/X (sky130_fd_sc_hd__clkbuf_8)
                                                         clknet_4_1_0_wr_clk (net)
                      0.048064    0.000146    0.332509 ^ clkbuf_5_3__f_wr_clk/A (sky130_fd_sc_hd__clkbuf_16)
     5    0.012865    0.035771    0.119737    0.452246 ^ clkbuf_5_3__f_wr_clk/X (sky130_fd_sc_hd__clkbuf_16)
                                                         clknet_5_3__leaf_wr_clk (net)
                      0.035771    0.000102    0.452348 ^ _1126_/CLK (sky130_fd_sc_hd__dfxtp_2)
                                  0.100000    0.552348   clock uncertainty
                                  0.000000    0.552348   clock reconvergence pessimism
                                 -0.027668    0.524679   library hold time
                                              0.524679   data required time
---------------------------------------------------------------------------------------------
                                              0.524679   data required time
                                             -0.986678   data arrival time
---------------------------------------------------------------------------------------------
                                              0.461999   slack (MET)


Startpoint: _1104_ (rising edge-triggered flip-flop clocked by wr_clk)
Endpoint: _1104_ (rising edge-triggered flip-flop clocked by wr_clk)
Path Group: wr_clk
Path Type: min

Fanout         Cap        Slew       Delay        Time   Description
---------------------------------------------------------------------------------------------
                                  0.000000    0.000000   clock wr_clk (rise edge)
                                  0.000000    0.000000   clock source latency
     1    0.024374    0.000000    0.000000    0.000000 ^ wr_clk (in)
                                                         wr_clk (net)
                      0.001077    0.000538    0.000538 ^ clkbuf_0_wr_clk/A (sky130_fd_sc_hd__clkbuf_16)
    16    0.103304    0.118752    0.172854    0.173392 ^ clkbuf_0_wr_clk/X (sky130_fd_sc_hd__clkbuf_16)
                                                         clknet_0_wr_clk (net)
                      0.118881    0.003194    0.176586 ^ clkbuf_4_5_0_wr_clk/A (sky130_fd_sc_hd__clkbuf_8)
     2    0.018978    0.049855    0.157712    0.334298 ^ clkbuf_4_5_0_wr_clk/X (sky130_fd_sc_hd__clkbuf_8)
                                                         clknet_4_5_0_wr_clk (net)
                      0.049858    0.000408    0.334706 ^ clkbuf_5_11__f_wr_clk/A (sky130_fd_sc_hd__clkbuf_16)
     5    0.013443    0.036264    0.120930    0.455637 ^ clkbuf_5_11__f_wr_clk/X (sky130_fd_sc_hd__clkbuf_16)
                                                         clknet_5_11__leaf_wr_clk (net)
                      0.036264    0.000135    0.455772 ^ _1104_/CLK (sky130_fd_sc_hd__dfxtp_2)
     2    0.005802    0.042701    0.312920    0.768692 ^ _1104_/Q (sky130_fd_sc_hd__dfxtp_2)
                                                         u_fifomem.mem[14][2] (net)
                      0.042701    0.000044    0.768736 ^ _0878_/A0 (sky130_fd_sc_hd__mux2_2)
     1    0.003272    0.038797    0.134582    0.903318 ^ _0878_/X (sky130_fd_sc_hd__mux2_2)
                                                         _0418_ (net)
                      0.038797    0.000045    0.903363 ^ _0879_/A (sky130_fd_sc_hd__buf_2)
     1    0.002328    0.024913    0.086256    0.989619 ^ _0879_/X (sky130_fd_sc_hd__buf_2)
                                                         _0044_ (net)
                      0.024913    0.000024    0.989643 ^ _1104_/D (sky130_fd_sc_hd__dfxtp_2)
                                              0.989643   data arrival time

                                  0.000000    0.000000   clock wr_clk (rise edge)
                                  0.000000    0.000000   clock source latency
     1    0.024374    0.000000    0.000000    0.000000 ^ wr_clk (in)
                                                         wr_clk (net)
                      0.001077    0.000538    0.000538 ^ clkbuf_0_wr_clk/A (sky130_fd_sc_hd__clkbuf_16)
    16    0.103304    0.118752    0.172854    0.173392 ^ clkbuf_0_wr_clk/X (sky130_fd_sc_hd__clkbuf_16)
                                                         clknet_0_wr_clk (net)
                      0.118881    0.003194    0.176586 ^ clkbuf_4_5_0_wr_clk/A (sky130_fd_sc_hd__clkbuf_8)
     2    0.018978    0.049855    0.157712    0.334298 ^ clkbuf_4_5_0_wr_clk/X (sky130_fd_sc_hd__clkbuf_8)
                                                         clknet_4_5_0_wr_clk (net)
                      0.049858    0.000408    0.334706 ^ clkbuf_5_11__f_wr_clk/A (sky130_fd_sc_hd__clkbuf_16)
     5    0.013443    0.036264    0.120930    0.455637 ^ clkbuf_5_11__f_wr_clk/X (sky130_fd_sc_hd__clkbuf_16)
                                                         clknet_5_11__leaf_wr_clk (net)
                      0.036264    0.000135    0.455772 ^ _1104_/CLK (sky130_fd_sc_hd__dfxtp_2)
                                  0.100000    0.555772   clock uncertainty
                                  0.000000    0.555772   clock reconvergence pessimism
                                 -0.028175    0.527597   library hold time
                                              0.527597   data required time
---------------------------------------------------------------------------------------------
                                              0.527597   data required time
                                             -0.989643   data arrival time
---------------------------------------------------------------------------------------------
                                              0.462046   slack (MET)


Startpoint: _1099_ (rising edge-triggered flip-flop clocked by wr_clk)
Endpoint: _1099_ (rising edge-triggered flip-flop clocked by wr_clk)
Path Group: wr_clk
Path Type: min

Fanout         Cap        Slew       Delay        Time   Description
---------------------------------------------------------------------------------------------
                                  0.000000    0.000000   clock wr_clk (rise edge)
                                  0.000000    0.000000   clock source latency
     1    0.024374    0.000000    0.000000    0.000000 ^ wr_clk (in)
                                                         wr_clk (net)
                      0.001077    0.000538    0.000538 ^ clkbuf_0_wr_clk/A (sky130_fd_sc_hd__clkbuf_16)
    16    0.103304    0.118752    0.172854    0.173392 ^ clkbuf_0_wr_clk/X (sky130_fd_sc_hd__clkbuf_16)
                                                         clknet_0_wr_clk (net)
                      0.118909    0.003519    0.176911 ^ clkbuf_4_6_0_wr_clk/A (sky130_fd_sc_hd__clkbuf_8)
     2    0.018259    0.048694    0.156750    0.333662 ^ clkbuf_4_6_0_wr_clk/X (sky130_fd_sc_hd__clkbuf_8)
                                                         clknet_4_6_0_wr_clk (net)
                      0.048694    0.000157    0.333818 ^ clkbuf_5_12__f_wr_clk/A (sky130_fd_sc_hd__clkbuf_16)
     5    0.014556    0.037209    0.121581    0.455399 ^ clkbuf_5_12__f_wr_clk/X (sky130_fd_sc_hd__clkbuf_16)
                                                         clknet_5_12__leaf_wr_clk (net)
                      0.037209    0.000094    0.455493 ^ _1099_/CLK (sky130_fd_sc_hd__dfxtp_2)
     2    0.005940    0.043298    0.313780    0.769273 ^ _1099_/Q (sky130_fd_sc_hd__dfxtp_2)
                                                         u_fifomem.mem[13][5] (net)
                      0.043298    0.000076    0.769350 ^ _0866_/A0 (sky130_fd_sc_hd__mux2_2)
     1    0.003627    0.040370    0.136911    0.906260 ^ _0866_/X (sky130_fd_sc_hd__mux2_2)
                                                         _0411_ (net)
                      0.040370    0.000049    0.906309 ^ _0867_/A (sky130_fd_sc_hd__buf_1)
     1    0.002889    0.045001    0.079732    0.986041 ^ _0867_/X (sky130_fd_sc_hd__buf_1)
                                                         _0039_ (net)
                      0.045001    0.000037    0.986078 ^ _1099_/D (sky130_fd_sc_hd__dfxtp_2)
                                              0.986078   data arrival time

                                  0.000000    0.000000   clock wr_clk (rise edge)
                                  0.000000    0.000000   clock source latency
     1    0.024374    0.000000    0.000000    0.000000 ^ wr_clk (in)
                                                         wr_clk (net)
                      0.001077    0.000538    0.000538 ^ clkbuf_0_wr_clk/A (sky130_fd_sc_hd__clkbuf_16)
    16    0.103304    0.118752    0.172854    0.173392 ^ clkbuf_0_wr_clk/X (sky130_fd_sc_hd__clkbuf_16)
                                                         clknet_0_wr_clk (net)
                      0.118909    0.003519    0.176911 ^ clkbuf_4_6_0_wr_clk/A (sky130_fd_sc_hd__clkbuf_8)
     2    0.018259    0.048694    0.156750    0.333662 ^ clkbuf_4_6_0_wr_clk/X (sky130_fd_sc_hd__clkbuf_8)
                                                         clknet_4_6_0_wr_clk (net)
                      0.048694    0.000157    0.333818 ^ clkbuf_5_12__f_wr_clk/A (sky130_fd_sc_hd__clkbuf_16)
     5    0.014556    0.037209    0.121581    0.455399 ^ clkbuf_5_12__f_wr_clk/X (sky130_fd_sc_hd__clkbuf_16)
                                                         clknet_5_12__leaf_wr_clk (net)
                      0.037209    0.000094    0.455493 ^ _1099_/CLK (sky130_fd_sc_hd__dfxtp_2)
                                  0.100000    0.555493   clock uncertainty
                                  0.000000    0.555493   clock reconvergence pessimism
                                 -0.032216    0.523277   library hold time
                                              0.523277   data required time
---------------------------------------------------------------------------------------------
                                              0.523277   data required time
                                             -0.986078   data arrival time
---------------------------------------------------------------------------------------------
                                              0.462801   slack (MET)


Startpoint: _1071_ (rising edge-triggered flip-flop clocked by wr_clk)
Endpoint: _1071_ (rising edge-triggered flip-flop clocked by wr_clk)
Path Group: wr_clk
Path Type: min

Fanout         Cap        Slew       Delay        Time   Description
---------------------------------------------------------------------------------------------
                                  0.000000    0.000000   clock wr_clk (rise edge)
                                  0.000000    0.000000   clock source latency
     1    0.024374    0.000000    0.000000    0.000000 ^ wr_clk (in)
                                                         wr_clk (net)
                      0.001077    0.000538    0.000538 ^ clkbuf_0_wr_clk/A (sky130_fd_sc_hd__clkbuf_16)
    16    0.103304    0.118752    0.172854    0.173392 ^ clkbuf_0_wr_clk/X (sky130_fd_sc_hd__clkbuf_16)
                                                         clknet_0_wr_clk (net)
                      0.118909    0.003519    0.176911 ^ clkbuf_4_6_0_wr_clk/A (sky130_fd_sc_hd__clkbuf_8)
     2    0.018259    0.048694    0.156750    0.333662 ^ clkbuf_4_6_0_wr_clk/X (sky130_fd_sc_hd__clkbuf_8)
                                                         clknet_4_6_0_wr_clk (net)
                      0.048694    0.000157    0.333818 ^ clkbuf_5_12__f_wr_clk/A (sky130_fd_sc_hd__clkbuf_16)
     5    0.014556    0.037209    0.121581    0.455399 ^ clkbuf_5_12__f_wr_clk/X (sky130_fd_sc_hd__clkbuf_16)
                                                         clknet_5_12__leaf_wr_clk (net)
                      0.037209    0.000101    0.455500 ^ _1071_/CLK (sky130_fd_sc_hd__dfxtp_2)
     2    0.005953    0.043367    0.313834    0.769334 ^ _1071_/Q (sky130_fd_sc_hd__dfxtp_2)
                                                         u_fifomem.mem[10][1] (net)
                      0.043367    0.000078    0.769412 ^ _0805_/A0 (sky130_fd_sc_hd__mux2_2)
     1    0.003093    0.037978    0.133753    0.903165 ^ _0805_/X (sky130_fd_sc_hd__mux2_2)
                                                         _0378_ (net)
                      0.037978    0.000041    0.903206 ^ _0806_/A (sky130_fd_sc_hd__buf_2)
     1    0.002676    0.026314    0.087434    0.990640 ^ _0806_/X (sky130_fd_sc_hd__buf_2)
                                                         _0011_ (net)
                      0.026314    0.000030    0.990670 ^ _1071_/D (sky130_fd_sc_hd__dfxtp_2)
                                              0.990670   data arrival time

                                  0.000000    0.000000   clock wr_clk (rise edge)
                                  0.000000    0.000000   clock source latency
     1    0.024374    0.000000    0.000000    0.000000 ^ wr_clk (in)
                                                         wr_clk (net)
                      0.001077    0.000538    0.000538 ^ clkbuf_0_wr_clk/A (sky130_fd_sc_hd__clkbuf_16)
    16    0.103304    0.118752    0.172854    0.173392 ^ clkbuf_0_wr_clk/X (sky130_fd_sc_hd__clkbuf_16)
                                                         clknet_0_wr_clk (net)
                      0.118909    0.003519    0.176911 ^ clkbuf_4_6_0_wr_clk/A (sky130_fd_sc_hd__clkbuf_8)
     2    0.018259    0.048694    0.156750    0.333662 ^ clkbuf_4_6_0_wr_clk/X (sky130_fd_sc_hd__clkbuf_8)
                                                         clknet_4_6_0_wr_clk (net)
                      0.048694    0.000157    0.333818 ^ clkbuf_5_12__f_wr_clk/A (sky130_fd_sc_hd__clkbuf_16)
     5    0.014556    0.037209    0.121581    0.455399 ^ clkbuf_5_12__f_wr_clk/X (sky130_fd_sc_hd__clkbuf_16)
                                                         clknet_5_12__leaf_wr_clk (net)
                      0.037209    0.000101    0.455500 ^ _1071_/CLK (sky130_fd_sc_hd__dfxtp_2)
                                  0.100000    0.555500   clock uncertainty
                                  0.000000    0.555500   clock reconvergence pessimism
                                 -0.028342    0.527158   library hold time
                                              0.527158   data required time
---------------------------------------------------------------------------------------------
                                              0.527158   data required time
                                             -0.990670   data arrival time
---------------------------------------------------------------------------------------------
                                              0.463512   slack (MET)


Startpoint: _1119_ (rising edge-triggered flip-flop clocked by wr_clk)
Endpoint: _1119_ (rising edge-triggered flip-flop clocked by wr_clk)
Path Group: wr_clk
Path Type: min

Fanout         Cap        Slew       Delay        Time   Description
---------------------------------------------------------------------------------------------
                                  0.000000    0.000000   clock wr_clk (rise edge)
                                  0.000000    0.000000   clock source latency
     1    0.024374    0.000000    0.000000    0.000000 ^ wr_clk (in)
                                                         wr_clk (net)
                      0.001077    0.000538    0.000538 ^ clkbuf_0_wr_clk/A (sky130_fd_sc_hd__clkbuf_16)
    16    0.103304    0.118752    0.172854    0.173392 ^ clkbuf_0_wr_clk/X (sky130_fd_sc_hd__clkbuf_16)
                                                         clknet_0_wr_clk (net)
                      0.118788    0.001720    0.175112 ^ clkbuf_4_9_0_wr_clk/A (sky130_fd_sc_hd__clkbuf_8)
     2    0.018779    0.049532    0.157408    0.332520 ^ clkbuf_4_9_0_wr_clk/X (sky130_fd_sc_hd__clkbuf_8)
                                                         clknet_4_9_0_wr_clk (net)
                      0.049534    0.000364    0.332884 ^ clkbuf_5_19__f_wr_clk/A (sky130_fd_sc_hd__clkbuf_16)
     5    0.014137    0.036856    0.121454    0.454338 ^ clkbuf_5_19__f_wr_clk/X (sky130_fd_sc_hd__clkbuf_16)
                                                         clknet_5_19__leaf_wr_clk (net)
                      0.036856    0.000270    0.454608 ^ _1119_/CLK (sky130_fd_sc_hd__dfxtp_2)
     2    0.005450    0.041189    0.311825    0.766433 ^ _1119_/Q (sky130_fd_sc_hd__dfxtp_2)
                                                         u_fifomem.mem[1][1] (net)
                      0.041189    0.000057    0.766489 ^ _0910_/A0 (sky130_fd_sc_hd__mux2_2)
     1    0.003573    0.039612    0.135844    0.902333 ^ _0910_/X (sky130_fd_sc_hd__mux2_2)
                                                         _0435_ (net)
                      0.039612    0.000054    0.902387 ^ _0911_/A (sky130_fd_sc_hd__buf_2)
     1    0.002541    0.025764    0.087470    0.989858 ^ _0911_/X (sky130_fd_sc_hd__buf_2)
                                                         _0059_ (net)
                      0.025764    0.000027    0.989885 ^ _1119_/D (sky130_fd_sc_hd__dfxtp_2)
                                              0.989885   data arrival time

                                  0.000000    0.000000   clock wr_clk (rise edge)
                                  0.000000    0.000000   clock source latency
     1    0.024374    0.000000    0.000000    0.000000 ^ wr_clk (in)
                                                         wr_clk (net)
                      0.001077    0.000538    0.000538 ^ clkbuf_0_wr_clk/A (sky130_fd_sc_hd__clkbuf_16)
    16    0.103304    0.118752    0.172854    0.173392 ^ clkbuf_0_wr_clk/X (sky130_fd_sc_hd__clkbuf_16)
                                                         clknet_0_wr_clk (net)
                      0.118788    0.001720    0.175112 ^ clkbuf_4_9_0_wr_clk/A (sky130_fd_sc_hd__clkbuf_8)
     2    0.018779    0.049532    0.157408    0.332520 ^ clkbuf_4_9_0_wr_clk/X (sky130_fd_sc_hd__clkbuf_8)
                                                         clknet_4_9_0_wr_clk (net)
                      0.049534    0.000364    0.332884 ^ clkbuf_5_19__f_wr_clk/A (sky130_fd_sc_hd__clkbuf_16)
     5    0.014137    0.036856    0.121454    0.454338 ^ clkbuf_5_19__f_wr_clk/X (sky130_fd_sc_hd__clkbuf_16)
                                                         clknet_5_19__leaf_wr_clk (net)
                      0.036856    0.000270    0.454608 ^ _1119_/CLK (sky130_fd_sc_hd__dfxtp_2)
                                  0.100000    0.554608   clock uncertainty
                                  0.000000    0.554608   clock reconvergence pessimism
                                 -0.028274    0.526334   library hold time
                                              0.526334   data required time
---------------------------------------------------------------------------------------------
                                              0.526334   data required time
                                             -0.989885   data arrival time
---------------------------------------------------------------------------------------------
                                              0.463551   slack (MET)


Startpoint: _1144_ (rising edge-triggered flip-flop clocked by wr_clk)
Endpoint: _1144_ (rising edge-triggered flip-flop clocked by wr_clk)
Path Group: wr_clk
Path Type: min

Fanout         Cap        Slew       Delay        Time   Description
---------------------------------------------------------------------------------------------
                                  0.000000    0.000000   clock wr_clk (rise edge)
                                  0.000000    0.000000   clock source latency
     1    0.024374    0.000000    0.000000    0.000000 ^ wr_clk (in)
                                                         wr_clk (net)
                      0.001077    0.000538    0.000538 ^ clkbuf_0_wr_clk/A (sky130_fd_sc_hd__clkbuf_16)
    16    0.103304    0.118752    0.172854    0.173392 ^ clkbuf_0_wr_clk/X (sky130_fd_sc_hd__clkbuf_16)
                                                         clknet_0_wr_clk (net)
                      0.118854    0.002852    0.176244 ^ clkbuf_4_0_0_wr_clk/A (sky130_fd_sc_hd__clkbuf_8)
     2    0.018188    0.048610    0.156555    0.332799 ^ clkbuf_4_0_0_wr_clk/X (sky130_fd_sc_hd__clkbuf_8)
                                                         clknet_4_0_0_wr_clk (net)
                      0.048611    0.000303    0.333102 ^ clkbuf_5_0__f_wr_clk/A (sky130_fd_sc_hd__clkbuf_16)
     5    0.017289    0.039539    0.124103    0.457206 ^ clkbuf_5_0__f_wr_clk/X (sky130_fd_sc_hd__clkbuf_16)
                                                         clknet_5_0__leaf_wr_clk (net)
                      0.039540    0.000309    0.457514 ^ _1144_/CLK (sky130_fd_sc_hd__dfxtp_2)
     2    0.005507    0.041429    0.313033    0.770547 ^ _1144_/Q (sky130_fd_sc_hd__dfxtp_2)
                                                         u_fifomem.mem[4][2] (net)
                      0.041429    0.000039    0.770586 ^ _0964_/A0 (sky130_fd_sc_hd__mux2_2)
     1    0.003826    0.041317    0.137445    0.908030 ^ _0964_/X (sky130_fd_sc_hd__mux2_2)
                                                         _0464_ (net)
                      0.041317    0.000048    0.908078 ^ _0965_/A (sky130_fd_sc_hd__buf_1)
     1    0.003009    0.046300    0.081044    0.989122 ^ _0965_/X (sky130_fd_sc_hd__buf_1)
                                                         _0084_ (net)
                      0.046300    0.000038    0.989160 ^ _1144_/D (sky130_fd_sc_hd__dfxtp_2)
                                              0.989160   data arrival time

                                  0.000000    0.000000   clock wr_clk (rise edge)
                                  0.000000    0.000000   clock source latency
     1    0.024374    0.000000    0.000000    0.000000 ^ wr_clk (in)
                                                         wr_clk (net)
                      0.001077    0.000538    0.000538 ^ clkbuf_0_wr_clk/A (sky130_fd_sc_hd__clkbuf_16)
    16    0.103304    0.118752    0.172854    0.173392 ^ clkbuf_0_wr_clk/X (sky130_fd_sc_hd__clkbuf_16)
                                                         clknet_0_wr_clk (net)
                      0.118854    0.002852    0.176244 ^ clkbuf_4_0_0_wr_clk/A (sky130_fd_sc_hd__clkbuf_8)
     2    0.018188    0.048610    0.156555    0.332799 ^ clkbuf_4_0_0_wr_clk/X (sky130_fd_sc_hd__clkbuf_8)
                                                         clknet_4_0_0_wr_clk (net)
                      0.048611    0.000303    0.333102 ^ clkbuf_5_0__f_wr_clk/A (sky130_fd_sc_hd__clkbuf_16)
     5    0.017289    0.039539    0.124103    0.457206 ^ clkbuf_5_0__f_wr_clk/X (sky130_fd_sc_hd__clkbuf_16)
                                                         clknet_5_0__leaf_wr_clk (net)
                      0.039540    0.000309    0.457514 ^ _1144_/CLK (sky130_fd_sc_hd__dfxtp_2)
                                  0.100000    0.557514   clock uncertainty
                                  0.000000    0.557514   clock reconvergence pessimism
                                 -0.032178    0.525336   library hold time
                                              0.525336   data required time
---------------------------------------------------------------------------------------------
                                              0.525336   data required time
                                             -0.989160   data arrival time
---------------------------------------------------------------------------------------------
                                              0.463824   slack (MET)


Startpoint: _1130_ (rising edge-triggered flip-flop clocked by wr_clk)
Endpoint: _1130_ (rising edge-triggered flip-flop clocked by wr_clk)
Path Group: wr_clk
Path Type: min

Fanout         Cap        Slew       Delay        Time   Description
---------------------------------------------------------------------------------------------
                                  0.000000    0.000000   clock wr_clk (rise edge)
                                  0.000000    0.000000   clock source latency
     1    0.024374    0.000000    0.000000    0.000000 ^ wr_clk (in)
                                                         wr_clk (net)
                      0.001077    0.000538    0.000538 ^ clkbuf_0_wr_clk/A (sky130_fd_sc_hd__clkbuf_16)
    16    0.103304    0.118752    0.172854    0.173392 ^ clkbuf_0_wr_clk/X (sky130_fd_sc_hd__clkbuf_16)
                                                         clknet_0_wr_clk (net)
                      0.118854    0.002852    0.176244 ^ clkbuf_4_0_0_wr_clk/A (sky130_fd_sc_hd__clkbuf_8)
     2    0.018188    0.048610    0.156555    0.332799 ^ clkbuf_4_0_0_wr_clk/X (sky130_fd_sc_hd__clkbuf_8)
                                                         clknet_4_0_0_wr_clk (net)
                      0.048611    0.000330    0.333129 ^ clkbuf_5_1__f_wr_clk/A (sky130_fd_sc_hd__clkbuf_16)
     5    0.015170    0.037736    0.122061    0.455190 ^ clkbuf_5_1__f_wr_clk/X (sky130_fd_sc_hd__clkbuf_16)
                                                         clknet_5_1__leaf_wr_clk (net)
                      0.037736    0.000390    0.455580 ^ _1130_/CLK (sky130_fd_sc_hd__dfxtp_2)
     2    0.006081    0.043921    0.314498    0.770078 ^ _1130_/Q (sky130_fd_sc_hd__dfxtp_2)
                                                         u_fifomem.mem[2][4] (net)
                      0.043921    0.000094    0.770172 ^ _0933_/A0 (sky130_fd_sc_hd__mux2_2)
     1    0.003341    0.038710    0.135426    0.905598 ^ _0933_/X (sky130_fd_sc_hd__mux2_2)
                                                         _0447_ (net)
                      0.038710    0.000034    0.905632 ^ _0934_/A (sky130_fd_sc_hd__buf_4)
     1    0.002069    0.022117    0.086965    0.992597 ^ _0934_/X (sky130_fd_sc_hd__buf_4)
                                                         _0070_ (net)
                      0.022117    0.000019    0.992616 ^ _1130_/D (sky130_fd_sc_hd__dfxtp_2)
                                              0.992616   data arrival time

                                  0.000000    0.000000   clock wr_clk (rise edge)
                                  0.000000    0.000000   clock source latency
     1    0.024374    0.000000    0.000000    0.000000 ^ wr_clk (in)
                                                         wr_clk (net)
                      0.001077    0.000538    0.000538 ^ clkbuf_0_wr_clk/A (sky130_fd_sc_hd__clkbuf_16)
    16    0.103304    0.118752    0.172854    0.173392 ^ clkbuf_0_wr_clk/X (sky130_fd_sc_hd__clkbuf_16)
                                                         clknet_0_wr_clk (net)
                      0.118854    0.002852    0.176244 ^ clkbuf_4_0_0_wr_clk/A (sky130_fd_sc_hd__clkbuf_8)
     2    0.018188    0.048610    0.156555    0.332799 ^ clkbuf_4_0_0_wr_clk/X (sky130_fd_sc_hd__clkbuf_8)
                                                         clknet_4_0_0_wr_clk (net)
                      0.048611    0.000330    0.333129 ^ clkbuf_5_1__f_wr_clk/A (sky130_fd_sc_hd__clkbuf_16)
     5    0.015170    0.037736    0.122061    0.455190 ^ clkbuf_5_1__f_wr_clk/X (sky130_fd_sc_hd__clkbuf_16)
                                                         clknet_5_1__leaf_wr_clk (net)
                      0.037736    0.000390    0.455580 ^ _1130_/CLK (sky130_fd_sc_hd__dfxtp_2)
                                  0.100000    0.555580   clock uncertainty
                                  0.000000    0.555580   clock reconvergence pessimism
                                 -0.027402    0.528178   library hold time
                                              0.528178   data required time
---------------------------------------------------------------------------------------------
                                              0.528178   data required time
                                             -0.992616   data arrival time
---------------------------------------------------------------------------------------------
                                              0.464438   slack (MET)


Startpoint: _1132_ (rising edge-triggered flip-flop clocked by wr_clk)
Endpoint: _1132_ (rising edge-triggered flip-flop clocked by wr_clk)
Path Group: wr_clk
Path Type: min

Fanout         Cap        Slew       Delay        Time   Description
---------------------------------------------------------------------------------------------
                                  0.000000    0.000000   clock wr_clk (rise edge)
                                  0.000000    0.000000   clock source latency
     1    0.024374    0.000000    0.000000    0.000000 ^ wr_clk (in)
                                                         wr_clk (net)
                      0.001077    0.000538    0.000538 ^ clkbuf_0_wr_clk/A (sky130_fd_sc_hd__clkbuf_16)
    16    0.103304    0.118752    0.172854    0.173392 ^ clkbuf_0_wr_clk/X (sky130_fd_sc_hd__clkbuf_16)
                                                         clknet_0_wr_clk (net)
                      0.118788    0.001720    0.175112 ^ clkbuf_4_9_0_wr_clk/A (sky130_fd_sc_hd__clkbuf_8)
     2    0.018779    0.049532    0.157408    0.332520 ^ clkbuf_4_9_0_wr_clk/X (sky130_fd_sc_hd__clkbuf_8)
                                                         clknet_4_9_0_wr_clk (net)
                      0.049534    0.000364    0.332884 ^ clkbuf_5_19__f_wr_clk/A (sky130_fd_sc_hd__clkbuf_16)
     5    0.014137    0.036856    0.121454    0.454338 ^ clkbuf_5_19__f_wr_clk/X (sky130_fd_sc_hd__clkbuf_16)
                                                         clknet_5_19__leaf_wr_clk (net)
                      0.036856    0.000198    0.454535 ^ _1132_/CLK (sky130_fd_sc_hd__dfxtp_2)
     2    0.005483    0.041332    0.311958    0.766493 ^ _1132_/Q (sky130_fd_sc_hd__dfxtp_2)
                                                         u_fifomem.mem[2][6] (net)
                      0.041332    0.000030    0.766522 ^ _0937_/A0 (sky130_fd_sc_hd__mux2_2)
     1    0.003783    0.040766    0.137147    0.903670 ^ _0937_/X (sky130_fd_sc_hd__mux2_2)
                                                         _0449_ (net)
                      0.040766    0.000051    0.903721 ^ _0938_/A (sky130_fd_sc_hd__buf_4)
     1    0.002139    0.022274    0.087914    0.991635 ^ _0938_/X (sky130_fd_sc_hd__buf_4)
                                                         _0072_ (net)
                      0.022274    0.000020    0.991655 ^ _1132_/D (sky130_fd_sc_hd__dfxtp_2)
                                              0.991655   data arrival time

                                  0.000000    0.000000   clock wr_clk (rise edge)
                                  0.000000    0.000000   clock source latency
     1    0.024374    0.000000    0.000000    0.000000 ^ wr_clk (in)
                                                         wr_clk (net)
                      0.001077    0.000538    0.000538 ^ clkbuf_0_wr_clk/A (sky130_fd_sc_hd__clkbuf_16)
    16    0.103304    0.118752    0.172854    0.173392 ^ clkbuf_0_wr_clk/X (sky130_fd_sc_hd__clkbuf_16)
                                                         clknet_0_wr_clk (net)
                      0.118788    0.001720    0.175112 ^ clkbuf_4_9_0_wr_clk/A (sky130_fd_sc_hd__clkbuf_8)
     2    0.018779    0.049532    0.157408    0.332520 ^ clkbuf_4_9_0_wr_clk/X (sky130_fd_sc_hd__clkbuf_8)
                                                         clknet_4_9_0_wr_clk (net)
                      0.049534    0.000364    0.332884 ^ clkbuf_5_19__f_wr_clk/A (sky130_fd_sc_hd__clkbuf_16)
     5    0.014137    0.036856    0.121454    0.454338 ^ clkbuf_5_19__f_wr_clk/X (sky130_fd_sc_hd__clkbuf_16)
                                                         clknet_5_19__leaf_wr_clk (net)
                      0.036856    0.000198    0.454535 ^ _1132_/CLK (sky130_fd_sc_hd__dfxtp_2)
                                  0.100000    0.554535   clock uncertainty
                                  0.000000    0.554535   clock reconvergence pessimism
                                 -0.027550    0.526985   library hold time
                                              0.526985   data required time
---------------------------------------------------------------------------------------------
                                              0.526985   data required time
                                             -0.991655   data arrival time
---------------------------------------------------------------------------------------------
                                              0.464670   slack (MET)


Startpoint: _1183_ (rising edge-triggered flip-flop clocked by wr_clk)
Endpoint: _1183_ (rising edge-triggered flip-flop clocked by wr_clk)
Path Group: wr_clk
Path Type: min

Fanout         Cap        Slew       Delay        Time   Description
---------------------------------------------------------------------------------------------
                                  0.000000    0.000000   clock wr_clk (rise edge)
                                  0.000000    0.000000   clock source latency
     1    0.024374    0.000000    0.000000    0.000000 ^ wr_clk (in)
                                                         wr_clk (net)
                      0.001077    0.000538    0.000538 ^ clkbuf_0_wr_clk/A (sky130_fd_sc_hd__clkbuf_16)
    16    0.103304    0.118752    0.172854    0.173392 ^ clkbuf_0_wr_clk/X (sky130_fd_sc_hd__clkbuf_16)
                                                         clknet_0_wr_clk (net)
                      0.118911    0.003540    0.176932 ^ clkbuf_4_7_0_wr_clk/A (sky130_fd_sc_hd__clkbuf_8)
     2    0.018555    0.049139    0.157224    0.334157 ^ clkbuf_4_7_0_wr_clk/X (sky130_fd_sc_hd__clkbuf_8)
                                                         clknet_4_7_0_wr_clk (net)
                      0.049139    0.000035    0.334192 ^ clkbuf_5_14__f_wr_clk/A (sky130_fd_sc_hd__clkbuf_16)
     5    0.013697    0.036478    0.120925    0.455116 ^ clkbuf_5_14__f_wr_clk/X (sky130_fd_sc_hd__clkbuf_16)
                                                         clknet_5_14__leaf_wr_clk (net)
                      0.036478    0.000085    0.455202 ^ _1183_/CLK (sky130_fd_sc_hd__dfxtp_2)
     2    0.004893    0.038832    0.309606    0.764807 ^ _1183_/Q (sky130_fd_sc_hd__dfxtp_2)
                                                         u_fifomem.mem[9][1] (net)
                      0.038832    0.000038    0.764846 ^ _1048_/A0 (sky130_fd_sc_hd__mux2_2)
     1    0.003937    0.042137    0.137190    0.902035 ^ _1048_/X (sky130_fd_sc_hd__mux2_2)
                                                         _0509_ (net)
                      0.042137    0.000058    0.902094 ^ _1049_/A (sky130_fd_sc_hd__buf_1)
     1    0.003446    0.051073    0.084847    0.986941 ^ _1049_/X (sky130_fd_sc_hd__buf_1)
                                                         _0123_ (net)
                      0.051073    0.000050    0.986991 ^ _1183_/D (sky130_fd_sc_hd__dfxtp_2)
                                              0.986991   data arrival time

                                  0.000000    0.000000   clock wr_clk (rise edge)
                                  0.000000    0.000000   clock source latency
     1    0.024374    0.000000    0.000000    0.000000 ^ wr_clk (in)
                                                         wr_clk (net)
                      0.001077    0.000538    0.000538 ^ clkbuf_0_wr_clk/A (sky130_fd_sc_hd__clkbuf_16)
    16    0.103304    0.118752    0.172854    0.173392 ^ clkbuf_0_wr_clk/X (sky130_fd_sc_hd__clkbuf_16)
                                                         clknet_0_wr_clk (net)
                      0.118911    0.003540    0.176932 ^ clkbuf_4_7_0_wr_clk/A (sky130_fd_sc_hd__clkbuf_8)
     2    0.018555    0.049139    0.157224    0.334157 ^ clkbuf_4_7_0_wr_clk/X (sky130_fd_sc_hd__clkbuf_8)
                                                         clknet_4_7_0_wr_clk (net)
                      0.049139    0.000035    0.334192 ^ clkbuf_5_14__f_wr_clk/A (sky130_fd_sc_hd__clkbuf_16)
     5    0.013697    0.036478    0.120925    0.455116 ^ clkbuf_5_14__f_wr_clk/X (sky130_fd_sc_hd__clkbuf_16)
                                                         clknet_5_14__leaf_wr_clk (net)
                      0.036478    0.000085    0.455202 ^ _1183_/CLK (sky130_fd_sc_hd__dfxtp_2)
                                  0.100000    0.555202   clock uncertainty
                                  0.000000    0.555202   clock reconvergence pessimism
                                 -0.033571    0.521631   library hold time
                                              0.521631   data required time
---------------------------------------------------------------------------------------------
                                              0.521631   data required time
                                             -0.986991   data arrival time
---------------------------------------------------------------------------------------------
                                              0.465360   slack (MET)


Startpoint: _1095_ (rising edge-triggered flip-flop clocked by wr_clk)
Endpoint: _1095_ (rising edge-triggered flip-flop clocked by wr_clk)
Path Group: wr_clk
Path Type: min

Fanout         Cap        Slew       Delay        Time   Description
---------------------------------------------------------------------------------------------
                                  0.000000    0.000000   clock wr_clk (rise edge)
                                  0.000000    0.000000   clock source latency
     1    0.024374    0.000000    0.000000    0.000000 ^ wr_clk (in)
                                                         wr_clk (net)
                      0.001077    0.000538    0.000538 ^ clkbuf_0_wr_clk/A (sky130_fd_sc_hd__clkbuf_16)
    16    0.103304    0.118752    0.172854    0.173392 ^ clkbuf_0_wr_clk/X (sky130_fd_sc_hd__clkbuf_16)
                                                         clknet_0_wr_clk (net)
                      0.118911    0.003540    0.176932 ^ clkbuf_4_7_0_wr_clk/A (sky130_fd_sc_hd__clkbuf_8)
     2    0.018555    0.049139    0.157224    0.334157 ^ clkbuf_4_7_0_wr_clk/X (sky130_fd_sc_hd__clkbuf_8)
                                                         clknet_4_7_0_wr_clk (net)
                      0.049139    0.000202    0.334359 ^ clkbuf_5_15__f_wr_clk/A (sky130_fd_sc_hd__clkbuf_16)
     5    0.013680    0.036465    0.120900    0.455259 ^ clkbuf_5_15__f_wr_clk/X (sky130_fd_sc_hd__clkbuf_16)
                                                         clknet_5_15__leaf_wr_clk (net)
                      0.036465    0.000075    0.455334 ^ _1095_/CLK (sky130_fd_sc_hd__dfxtp_2)
     2    0.005584    0.041766    0.312190    0.767524 ^ _1095_/Q (sky130_fd_sc_hd__dfxtp_2)
                                                         u_fifomem.mem[13][1] (net)
                      0.041766    0.000028    0.767552 ^ _0858_/A0 (sky130_fd_sc_hd__mux2_2)
     1    0.003388    0.039370    0.134949    0.902501 ^ _0858_/X (sky130_fd_sc_hd__mux2_2)
                                                         _0407_ (net)
                      0.039370    0.000046    0.902547 ^ _0859_/A (sky130_fd_sc_hd__buf_1)
     1    0.003563    0.052367    0.084827    0.987375 ^ _0859_/X (sky130_fd_sc_hd__buf_1)
                                                         _0035_ (net)
                      0.052367    0.000054    0.987428 ^ _1095_/D (sky130_fd_sc_hd__dfxtp_2)
                                              0.987428   data arrival time

                                  0.000000    0.000000   clock wr_clk (rise edge)
                                  0.000000    0.000000   clock source latency
     1    0.024374    0.000000    0.000000    0.000000 ^ wr_clk (in)
                                                         wr_clk (net)
                      0.001077    0.000538    0.000538 ^ clkbuf_0_wr_clk/A (sky130_fd_sc_hd__clkbuf_16)
    16    0.103304    0.118752    0.172854    0.173392 ^ clkbuf_0_wr_clk/X (sky130_fd_sc_hd__clkbuf_16)
                                                         clknet_0_wr_clk (net)
                      0.118911    0.003540    0.176932 ^ clkbuf_4_7_0_wr_clk/A (sky130_fd_sc_hd__clkbuf_8)
     2    0.018555    0.049139    0.157224    0.334157 ^ clkbuf_4_7_0_wr_clk/X (sky130_fd_sc_hd__clkbuf_8)
                                                         clknet_4_7_0_wr_clk (net)
                      0.049139    0.000202    0.334359 ^ clkbuf_5_15__f_wr_clk/A (sky130_fd_sc_hd__clkbuf_16)
     5    0.013680    0.036465    0.120900    0.455259 ^ clkbuf_5_15__f_wr_clk/X (sky130_fd_sc_hd__clkbuf_16)
                                                         clknet_5_15__leaf_wr_clk (net)
                      0.036465    0.000075    0.455334 ^ _1095_/CLK (sky130_fd_sc_hd__dfxtp_2)
                                  0.100000    0.555334   clock uncertainty
                                  0.000000    0.555334   clock reconvergence pessimism
                                 -0.033841    0.521493   library hold time
                                              0.521493   data required time
---------------------------------------------------------------------------------------------
                                              0.521493   data required time
                                             -0.987428   data arrival time
---------------------------------------------------------------------------------------------
                                              0.465935   slack (MET)


Startpoint: _1123_ (rising edge-triggered flip-flop clocked by wr_clk)
Endpoint: _1123_ (rising edge-triggered flip-flop clocked by wr_clk)
Path Group: wr_clk
Path Type: min

Fanout         Cap        Slew       Delay        Time   Description
---------------------------------------------------------------------------------------------
                                  0.000000    0.000000   clock wr_clk (rise edge)
                                  0.000000    0.000000   clock source latency
     1    0.024374    0.000000    0.000000    0.000000 ^ wr_clk (in)
                                                         wr_clk (net)
                      0.001077    0.000538    0.000538 ^ clkbuf_0_wr_clk/A (sky130_fd_sc_hd__clkbuf_16)
    16    0.103304    0.118752    0.172854    0.173392 ^ clkbuf_0_wr_clk/X (sky130_fd_sc_hd__clkbuf_16)
                                                         clknet_0_wr_clk (net)
                      0.118789    0.001740    0.175132 ^ clkbuf_4_8_0_wr_clk/A (sky130_fd_sc_hd__clkbuf_8)
     2    0.019793    0.051123    0.158920    0.334052 ^ clkbuf_4_8_0_wr_clk/X (sky130_fd_sc_hd__clkbuf_8)
                                                         clknet_4_8_0_wr_clk (net)
                      0.051126    0.000414    0.334466 ^ clkbuf_5_17__f_wr_clk/A (sky130_fd_sc_hd__clkbuf_16)
     5    0.014686    0.037321    0.122554    0.457020 ^ clkbuf_5_17__f_wr_clk/X (sky130_fd_sc_hd__clkbuf_16)
                                                         clknet_5_17__leaf_wr_clk (net)
                      0.037321    0.000146    0.457167 ^ _1123_/CLK (sky130_fd_sc_hd__dfxtp_2)
     2    0.005435    0.041124    0.311944    0.769110 ^ _1123_/Q (sky130_fd_sc_hd__dfxtp_2)
                                                         u_fifomem.mem[1][5] (net)
                      0.041124    0.000045    0.769155 ^ _0918_/A0 (sky130_fd_sc_hd__mux2_2)
     1    0.003649    0.040293    0.136279    0.905434 ^ _0918_/X (sky130_fd_sc_hd__mux2_2)
                                                         _0439_ (net)
                      0.040293    0.000056    0.905491 ^ _0919_/A (sky130_fd_sc_hd__buf_2)
     1    0.002931    0.027328    0.089384    0.994874 ^ _0919_/X (sky130_fd_sc_hd__buf_2)
                                                         _0063_ (net)
                      0.027328    0.000035    0.994909 ^ _1123_/D (sky130_fd_sc_hd__dfxtp_2)
                                              0.994909   data arrival time

                                  0.000000    0.000000   clock wr_clk (rise edge)
                                  0.000000    0.000000   clock source latency
     1    0.024374    0.000000    0.000000    0.000000 ^ wr_clk (in)
                                                         wr_clk (net)
                      0.001077    0.000538    0.000538 ^ clkbuf_0_wr_clk/A (sky130_fd_sc_hd__clkbuf_16)
    16    0.103304    0.118752    0.172854    0.173392 ^ clkbuf_0_wr_clk/X (sky130_fd_sc_hd__clkbuf_16)
                                                         clknet_0_wr_clk (net)
                      0.118789    0.001740    0.175132 ^ clkbuf_4_8_0_wr_clk/A (sky130_fd_sc_hd__clkbuf_8)
     2    0.019793    0.051123    0.158920    0.334052 ^ clkbuf_4_8_0_wr_clk/X (sky130_fd_sc_hd__clkbuf_8)
                                                         clknet_4_8_0_wr_clk (net)
                      0.051126    0.000414    0.334466 ^ clkbuf_5_17__f_wr_clk/A (sky130_fd_sc_hd__clkbuf_16)
     5    0.014686    0.037321    0.122554    0.457020 ^ clkbuf_5_17__f_wr_clk/X (sky130_fd_sc_hd__clkbuf_16)
                                                         clknet_5_17__leaf_wr_clk (net)
                      0.037321    0.000146    0.457167 ^ _1123_/CLK (sky130_fd_sc_hd__dfxtp_2)
                                  0.100000    0.557167   clock uncertainty
                                  0.000000    0.557167   clock reconvergence pessimism
                                 -0.028537    0.528630   library hold time
                                              0.528630   data required time
---------------------------------------------------------------------------------------------
                                              0.528630   data required time
                                             -0.994909   data arrival time
---------------------------------------------------------------------------------------------
                                              0.466280   slack (MET)


Startpoint: _1074_ (rising edge-triggered flip-flop clocked by wr_clk)
Endpoint: _1074_ (rising edge-triggered flip-flop clocked by wr_clk)
Path Group: wr_clk
Path Type: min

Fanout         Cap        Slew       Delay        Time   Description
---------------------------------------------------------------------------------------------
                                  0.000000    0.000000   clock wr_clk (rise edge)
                                  0.000000    0.000000   clock source latency
     1    0.024374    0.000000    0.000000    0.000000 ^ wr_clk (in)
                                                         wr_clk (net)
                      0.001077    0.000538    0.000538 ^ clkbuf_0_wr_clk/A (sky130_fd_sc_hd__clkbuf_16)
    16    0.103304    0.118752    0.172854    0.173392 ^ clkbuf_0_wr_clk/X (sky130_fd_sc_hd__clkbuf_16)
                                                         clknet_0_wr_clk (net)
                      0.118829    0.002489    0.175881 ^ clkbuf_4_2_0_wr_clk/A (sky130_fd_sc_hd__clkbuf_8)
     2    0.018786    0.049496    0.157546    0.333427 ^ clkbuf_4_2_0_wr_clk/X (sky130_fd_sc_hd__clkbuf_8)
                                                         clknet_4_2_0_wr_clk (net)
                      0.049496    0.000149    0.333576 ^ clkbuf_5_4__f_wr_clk/A (sky130_fd_sc_hd__clkbuf_16)
     5    0.015069    0.037644    0.122356    0.455933 ^ clkbuf_5_4__f_wr_clk/X (sky130_fd_sc_hd__clkbuf_16)
                                                         clknet_5_4__leaf_wr_clk (net)
                      0.037644    0.000083    0.456016 ^ _1074_/CLK (sky130_fd_sc_hd__dfxtp_2)
     2    0.005255    0.040360    0.311397    0.767412 ^ _1074_/Q (sky130_fd_sc_hd__dfxtp_2)
                                                         u_fifomem.mem[10][4] (net)
                      0.040360    0.000024    0.767437 ^ _0811_/A0 (sky130_fd_sc_hd__mux2_2)
     1    0.003657    0.040719    0.136059    0.903496 ^ _0811_/X (sky130_fd_sc_hd__mux2_2)
                                                         _0381_ (net)
                      0.040719    0.000056    0.903553 ^ _0812_/A (sky130_fd_sc_hd__buf_2)
     1    0.003366    0.029105    0.091392    0.994945 ^ _0812_/X (sky130_fd_sc_hd__buf_2)
                                                         _0014_ (net)
                      0.029105    0.000048    0.994993 ^ _1074_/D (sky130_fd_sc_hd__dfxtp_2)
                                              0.994993   data arrival time

                                  0.000000    0.000000   clock wr_clk (rise edge)
                                  0.000000    0.000000   clock source latency
     1    0.024374    0.000000    0.000000    0.000000 ^ wr_clk (in)
                                                         wr_clk (net)
                      0.001077    0.000538    0.000538 ^ clkbuf_0_wr_clk/A (sky130_fd_sc_hd__clkbuf_16)
    16    0.103304    0.118752    0.172854    0.173392 ^ clkbuf_0_wr_clk/X (sky130_fd_sc_hd__clkbuf_16)
                                                         clknet_0_wr_clk (net)
                      0.118829    0.002489    0.175881 ^ clkbuf_4_2_0_wr_clk/A (sky130_fd_sc_hd__clkbuf_8)
     2    0.018786    0.049496    0.157546    0.333427 ^ clkbuf_4_2_0_wr_clk/X (sky130_fd_sc_hd__clkbuf_8)
                                                         clknet_4_2_0_wr_clk (net)
                      0.049496    0.000149    0.333576 ^ clkbuf_5_4__f_wr_clk/A (sky130_fd_sc_hd__clkbuf_16)
     5    0.015069    0.037644    0.122356    0.455933 ^ clkbuf_5_4__f_wr_clk/X (sky130_fd_sc_hd__clkbuf_16)
                                                         clknet_5_4__leaf_wr_clk (net)
                      0.037644    0.000083    0.456016 ^ _1074_/CLK (sky130_fd_sc_hd__dfxtp_2)
                                  0.100000    0.556016   clock uncertainty
                                  0.000000    0.556016   clock reconvergence pessimism
                                 -0.028863    0.527153   library hold time
                                              0.527153   data required time
---------------------------------------------------------------------------------------------
                                              0.527153   data required time
                                             -0.994993   data arrival time
---------------------------------------------------------------------------------------------
                                              0.467840   slack (MET)


Startpoint: _1107_ (rising edge-triggered flip-flop clocked by wr_clk)
Endpoint: _1107_ (rising edge-triggered flip-flop clocked by wr_clk)
Path Group: wr_clk
Path Type: min

Fanout         Cap        Slew       Delay        Time   Description
---------------------------------------------------------------------------------------------
                                  0.000000    0.000000   clock wr_clk (rise edge)
                                  0.000000    0.000000   clock source latency
     1    0.024374    0.000000    0.000000    0.000000 ^ wr_clk (in)
                                                         wr_clk (net)
                      0.001077    0.000538    0.000538 ^ clkbuf_0_wr_clk/A (sky130_fd_sc_hd__clkbuf_16)
    16    0.103304    0.118752    0.172854    0.173392 ^ clkbuf_0_wr_clk/X (sky130_fd_sc_hd__clkbuf_16)
                                                         clknet_0_wr_clk (net)
                      0.118799    0.001961    0.175353 ^ clkbuf_4_3_0_wr_clk/A (sky130_fd_sc_hd__clkbuf_8)
     2    0.019366    0.050447    0.158300    0.333653 ^ clkbuf_4_3_0_wr_clk/X (sky130_fd_sc_hd__clkbuf_8)
                                                         clknet_4_3_0_wr_clk (net)
                      0.050449    0.000359    0.334011 ^ clkbuf_5_6__f_wr_clk/A (sky130_fd_sc_hd__clkbuf_16)
     5    0.013885    0.036637    0.121581    0.455592 ^ clkbuf_5_6__f_wr_clk/X (sky130_fd_sc_hd__clkbuf_16)
                                                         clknet_5_6__leaf_wr_clk (net)
                      0.036637    0.000049    0.455641 ^ _1107_/CLK (sky130_fd_sc_hd__dfxtp_2)
     2    0.005199    0.040126    0.310817    0.766458 ^ _1107_/Q (sky130_fd_sc_hd__dfxtp_2)
                                                         u_fifomem.mem[14][5] (net)
                      0.040126    0.000021    0.766479 ^ _0884_/A0 (sky130_fd_sc_hd__mux2_2)
     1    0.003777    0.041327    0.136689    0.903168 ^ _0884_/X (sky130_fd_sc_hd__mux2_2)
                                                         _0421_ (net)
                      0.041327    0.000063    0.903231 ^ _0885_/A (sky130_fd_sc_hd__buf_2)
     1    0.003403    0.029263    0.091777    0.995009 ^ _0885_/X (sky130_fd_sc_hd__buf_2)
                                                         _0047_ (net)
                      0.029263    0.000051    0.995059 ^ _1107_/D (sky130_fd_sc_hd__dfxtp_2)
                                              0.995059   data arrival time

                                  0.000000    0.000000   clock wr_clk (rise edge)
                                  0.000000    0.000000   clock source latency
     1    0.024374    0.000000    0.000000    0.000000 ^ wr_clk (in)
                                                         wr_clk (net)
                      0.001077    0.000538    0.000538 ^ clkbuf_0_wr_clk/A (sky130_fd_sc_hd__clkbuf_16)
    16    0.103304    0.118752    0.172854    0.173392 ^ clkbuf_0_wr_clk/X (sky130_fd_sc_hd__clkbuf_16)
                                                         clknet_0_wr_clk (net)
                      0.118799    0.001961    0.175353 ^ clkbuf_4_3_0_wr_clk/A (sky130_fd_sc_hd__clkbuf_8)
     2    0.019366    0.050447    0.158300    0.333653 ^ clkbuf_4_3_0_wr_clk/X (sky130_fd_sc_hd__clkbuf_8)
                                                         clknet_4_3_0_wr_clk (net)
                      0.050449    0.000359    0.334011 ^ clkbuf_5_6__f_wr_clk/A (sky130_fd_sc_hd__clkbuf_16)
     5    0.013885    0.036637    0.121581    0.455592 ^ clkbuf_5_6__f_wr_clk/X (sky130_fd_sc_hd__clkbuf_16)
                                                         clknet_5_6__leaf_wr_clk (net)
                      0.036637    0.000049    0.455641 ^ _1107_/CLK (sky130_fd_sc_hd__dfxtp_2)
                                  0.100000    0.555641   clock uncertainty
                                  0.000000    0.555641   clock reconvergence pessimism
                                 -0.029028    0.526613   library hold time
                                              0.526613   data required time
---------------------------------------------------------------------------------------------
                                              0.526613   data required time
                                             -0.995059   data arrival time
---------------------------------------------------------------------------------------------
                                              0.468446   slack (MET)


Startpoint: _1127_ (rising edge-triggered flip-flop clocked by wr_clk)
Endpoint: _1127_ (rising edge-triggered flip-flop clocked by wr_clk)
Path Group: wr_clk
Path Type: min

Fanout         Cap        Slew       Delay        Time   Description
---------------------------------------------------------------------------------------------
                                  0.000000    0.000000   clock wr_clk (rise edge)
                                  0.000000    0.000000   clock source latency
     1    0.024374    0.000000    0.000000    0.000000 ^ wr_clk (in)
                                                         wr_clk (net)
                      0.001077    0.000538    0.000538 ^ clkbuf_0_wr_clk/A (sky130_fd_sc_hd__clkbuf_16)
    16    0.103304    0.118752    0.172854    0.173392 ^ clkbuf_0_wr_clk/X (sky130_fd_sc_hd__clkbuf_16)
                                                         clknet_0_wr_clk (net)
                      0.118788    0.001720    0.175112 ^ clkbuf_4_9_0_wr_clk/A (sky130_fd_sc_hd__clkbuf_8)
     2    0.018779    0.049532    0.157408    0.332520 ^ clkbuf_4_9_0_wr_clk/X (sky130_fd_sc_hd__clkbuf_8)
                                                         clknet_4_9_0_wr_clk (net)
                      0.049534    0.000364    0.332884 ^ clkbuf_5_19__f_wr_clk/A (sky130_fd_sc_hd__clkbuf_16)
     5    0.014137    0.036856    0.121454    0.454338 ^ clkbuf_5_19__f_wr_clk/X (sky130_fd_sc_hd__clkbuf_16)
                                                         clknet_5_19__leaf_wr_clk (net)
                      0.036856    0.000269    0.454606 ^ _1127_/CLK (sky130_fd_sc_hd__dfxtp_2)
     2    0.005703    0.042275    0.312775    0.767381 ^ _1127_/Q (sky130_fd_sc_hd__dfxtp_2)
                                                         u_fifomem.mem[2][1] (net)
                      0.042275    0.000047    0.767428 ^ _0927_/A0 (sky130_fd_sc_hd__mux2_2)
     1    0.003903    0.041374    0.138192    0.905620 ^ _0927_/X (sky130_fd_sc_hd__mux2_2)
                                                         _0444_ (net)
                      0.041374    0.000054    0.905673 ^ _0928_/A (sky130_fd_sc_hd__buf_4)
     1    0.002751    0.023693    0.089789    0.995462 ^ _0928_/X (sky130_fd_sc_hd__buf_4)
                                                         _0067_ (net)
                      0.023693    0.000034    0.995496 ^ _1127_/D (sky130_fd_sc_hd__dfxtp_2)
                                              0.995496   data arrival time

                                  0.000000    0.000000   clock wr_clk (rise edge)
                                  0.000000    0.000000   clock source latency
     1    0.024374    0.000000    0.000000    0.000000 ^ wr_clk (in)
                                                         wr_clk (net)
                      0.001077    0.000538    0.000538 ^ clkbuf_0_wr_clk/A (sky130_fd_sc_hd__clkbuf_16)
    16    0.103304    0.118752    0.172854    0.173392 ^ clkbuf_0_wr_clk/X (sky130_fd_sc_hd__clkbuf_16)
                                                         clknet_0_wr_clk (net)
                      0.118788    0.001720    0.175112 ^ clkbuf_4_9_0_wr_clk/A (sky130_fd_sc_hd__clkbuf_8)
     2    0.018779    0.049532    0.157408    0.332520 ^ clkbuf_4_9_0_wr_clk/X (sky130_fd_sc_hd__clkbuf_8)
                                                         clknet_4_9_0_wr_clk (net)
                      0.049534    0.000364    0.332884 ^ clkbuf_5_19__f_wr_clk/A (sky130_fd_sc_hd__clkbuf_16)
     5    0.014137    0.036856    0.121454    0.454338 ^ clkbuf_5_19__f_wr_clk/X (sky130_fd_sc_hd__clkbuf_16)
                                                         clknet_5_19__leaf_wr_clk (net)
                      0.036856    0.000269    0.454606 ^ _1127_/CLK (sky130_fd_sc_hd__dfxtp_2)
                                  0.100000    0.554606   clock uncertainty
                                  0.000000    0.554606   clock reconvergence pessimism
                                 -0.027844    0.526762   library hold time
                                              0.526762   data required time
---------------------------------------------------------------------------------------------
                                              0.526762   data required time
                                             -0.995496   data arrival time
---------------------------------------------------------------------------------------------
                                              0.468734   slack (MET)


Startpoint: _1062_ (rising edge-triggered flip-flop clocked by wr_clk)
Endpoint: _1062_ (rising edge-triggered flip-flop clocked by wr_clk)
Path Group: wr_clk
Path Type: min

Fanout         Cap        Slew       Delay        Time   Description
---------------------------------------------------------------------------------------------
                                  0.000000    0.000000   clock wr_clk (rise edge)
                                  0.000000    0.000000   clock source latency
     1    0.024374    0.000000    0.000000    0.000000 ^ wr_clk (in)
                                                         wr_clk (net)
                      0.001077    0.000538    0.000538 ^ clkbuf_0_wr_clk/A (sky130_fd_sc_hd__clkbuf_16)
    16    0.103304    0.118752    0.172854    0.173392 ^ clkbuf_0_wr_clk/X (sky130_fd_sc_hd__clkbuf_16)
                                                         clknet_0_wr_clk (net)
                      0.118853    0.002844    0.176237 ^ clkbuf_4_1_0_wr_clk/A (sky130_fd_sc_hd__clkbuf_8)
     2    0.017853    0.048064    0.156127    0.332364 ^ clkbuf_4_1_0_wr_clk/X (sky130_fd_sc_hd__clkbuf_8)
                                                         clknet_4_1_0_wr_clk (net)
                      0.048064    0.000146    0.332509 ^ clkbuf_5_3__f_wr_clk/A (sky130_fd_sc_hd__clkbuf_16)
     5    0.012865    0.035771    0.119737    0.452246 ^ clkbuf_5_3__f_wr_clk/X (sky130_fd_sc_hd__clkbuf_16)
                                                         clknet_5_3__leaf_wr_clk (net)
                      0.035771    0.000040    0.452286 ^ _1062_/CLK (sky130_fd_sc_hd__dfxtp_2)
     2    0.005407    0.041011    0.311269    0.763554 ^ _1062_/Q (sky130_fd_sc_hd__dfxtp_2)
                                                         u_fifomem.mem[0][0] (net)
                      0.041011    0.000035    0.763590 ^ _0786_/A0 (sky130_fd_sc_hd__mux2_2)
     1    0.004406    0.044302    0.140446    0.904036 ^ _0786_/X (sky130_fd_sc_hd__mux2_2)
                                                         _0368_ (net)
                      0.044302    0.000079    0.904115 ^ _0787_/A (sky130_fd_sc_hd__buf_1)
     1    0.003345    0.049952    0.084783    0.988898 ^ _0787_/X (sky130_fd_sc_hd__buf_1)
                                                         _0002_ (net)
                      0.049952    0.000048    0.988947 ^ _1062_/D (sky130_fd_sc_hd__dfxtp_2)
                                              0.988947   data arrival time

                                  0.000000    0.000000   clock wr_clk (rise edge)
                                  0.000000    0.000000   clock source latency
     1    0.024374    0.000000    0.000000    0.000000 ^ wr_clk (in)
                                                         wr_clk (net)
                      0.001077    0.000538    0.000538 ^ clkbuf_0_wr_clk/A (sky130_fd_sc_hd__clkbuf_16)
    16    0.103304    0.118752    0.172854    0.173392 ^ clkbuf_0_wr_clk/X (sky130_fd_sc_hd__clkbuf_16)
                                                         clknet_0_wr_clk (net)
                      0.118853    0.002844    0.176237 ^ clkbuf_4_1_0_wr_clk/A (sky130_fd_sc_hd__clkbuf_8)
     2    0.017853    0.048064    0.156127    0.332364 ^ clkbuf_4_1_0_wr_clk/X (sky130_fd_sc_hd__clkbuf_8)
                                                         clknet_4_1_0_wr_clk (net)
                      0.048064    0.000146    0.332509 ^ clkbuf_5_3__f_wr_clk/A (sky130_fd_sc_hd__clkbuf_16)
     5    0.012865    0.035771    0.119737    0.452246 ^ clkbuf_5_3__f_wr_clk/X (sky130_fd_sc_hd__clkbuf_16)
                                                         clknet_5_3__leaf_wr_clk (net)
                      0.035771    0.000040    0.452286 ^ _1062_/CLK (sky130_fd_sc_hd__dfxtp_2)
                                  0.100000    0.552286   clock uncertainty
                                  0.000000    0.552286   clock reconvergence pessimism
                                 -0.033431    0.518855   library hold time
                                              0.518855   data required time
---------------------------------------------------------------------------------------------
                                              0.518855   data required time
                                             -0.988947   data arrival time
---------------------------------------------------------------------------------------------
                                              0.470092   slack (MET)


Startpoint: _1082_ (rising edge-triggered flip-flop clocked by wr_clk)
Endpoint: _1082_ (rising edge-triggered flip-flop clocked by wr_clk)
Path Group: wr_clk
Path Type: min

Fanout         Cap        Slew       Delay        Time   Description
---------------------------------------------------------------------------------------------
                                  0.000000    0.000000   clock wr_clk (rise edge)
                                  0.000000    0.000000   clock source latency
     1    0.024374    0.000000    0.000000    0.000000 ^ wr_clk (in)
                                                         wr_clk (net)
                      0.001077    0.000538    0.000538 ^ clkbuf_0_wr_clk/A (sky130_fd_sc_hd__clkbuf_16)
    16    0.103304    0.118752    0.172854    0.173392 ^ clkbuf_0_wr_clk/X (sky130_fd_sc_hd__clkbuf_16)
                                                         clknet_0_wr_clk (net)
                      0.118829    0.002489    0.175881 ^ clkbuf_4_2_0_wr_clk/A (sky130_fd_sc_hd__clkbuf_8)
     2    0.018786    0.049496    0.157546    0.333427 ^ clkbuf_4_2_0_wr_clk/X (sky130_fd_sc_hd__clkbuf_8)
                                                         clknet_4_2_0_wr_clk (net)
                      0.049496    0.000149    0.333576 ^ clkbuf_5_4__f_wr_clk/A (sky130_fd_sc_hd__clkbuf_16)
     5    0.015069    0.037644    0.122356    0.455933 ^ clkbuf_5_4__f_wr_clk/X (sky130_fd_sc_hd__clkbuf_16)
                                                         clknet_5_4__leaf_wr_clk (net)
                      0.037644    0.000080    0.456013 ^ _1082_/CLK (sky130_fd_sc_hd__dfxtp_2)
     2    0.006844    0.047260    0.317322    0.773335 ^ _1082_/Q (sky130_fd_sc_hd__dfxtp_2)
                                                         u_fifomem.mem[11][4] (net)
                      0.047260    0.000089    0.773424 ^ _0828_/A1 (sky130_fd_sc_hd__mux2_2)
     1    0.004371    0.044066    0.142977    0.916401 ^ _0828_/X (sky130_fd_sc_hd__mux2_2)
                                                         _0390_ (net)
                      0.044066    0.000075    0.916476 ^ _0829_/A (sky130_fd_sc_hd__buf_1)
     1    0.002609    0.041989    0.078716    0.995192 ^ _0829_/X (sky130_fd_sc_hd__buf_1)
                                                         _0022_ (net)
                      0.041989    0.000032    0.995223 ^ _1082_/D (sky130_fd_sc_hd__dfxtp_2)
                                              0.995223   data arrival time

                                  0.000000    0.000000   clock wr_clk (rise edge)
                                  0.000000    0.000000   clock source latency
     1    0.024374    0.000000    0.000000    0.000000 ^ wr_clk (in)
                                                         wr_clk (net)
                      0.001077    0.000538    0.000538 ^ clkbuf_0_wr_clk/A (sky130_fd_sc_hd__clkbuf_16)
    16    0.103304    0.118752    0.172854    0.173392 ^ clkbuf_0_wr_clk/X (sky130_fd_sc_hd__clkbuf_16)
                                                         clknet_0_wr_clk (net)
                      0.118829    0.002489    0.175881 ^ clkbuf_4_2_0_wr_clk/A (sky130_fd_sc_hd__clkbuf_8)
     2    0.018786    0.049496    0.157546    0.333427 ^ clkbuf_4_2_0_wr_clk/X (sky130_fd_sc_hd__clkbuf_8)
                                                         clknet_4_2_0_wr_clk (net)
                      0.049496    0.000149    0.333576 ^ clkbuf_5_4__f_wr_clk/A (sky130_fd_sc_hd__clkbuf_16)
     5    0.015069    0.037644    0.122356    0.455933 ^ clkbuf_5_4__f_wr_clk/X (sky130_fd_sc_hd__clkbuf_16)
                                                         clknet_5_4__leaf_wr_clk (net)
                      0.037644    0.000080    0.456013 ^ _1082_/CLK (sky130_fd_sc_hd__dfxtp_2)
                                  0.100000    0.556013   clock uncertainty
                                  0.000000    0.556013   clock reconvergence pessimism
                                 -0.031534    0.524479   library hold time
                                              0.524479   data required time
---------------------------------------------------------------------------------------------
                                              0.524479   data required time
                                             -0.995223   data arrival time
---------------------------------------------------------------------------------------------
                                              0.470745   slack (MET)


Startpoint: _1065_ (rising edge-triggered flip-flop clocked by wr_clk)
Endpoint: _1065_ (rising edge-triggered flip-flop clocked by wr_clk)
Path Group: wr_clk
Path Type: min

Fanout         Cap        Slew       Delay        Time   Description
---------------------------------------------------------------------------------------------
                                  0.000000    0.000000   clock wr_clk (rise edge)
                                  0.000000    0.000000   clock source latency
     1    0.024374    0.000000    0.000000    0.000000 ^ wr_clk (in)
                                                         wr_clk (net)
                      0.001077    0.000538    0.000538 ^ clkbuf_0_wr_clk/A (sky130_fd_sc_hd__clkbuf_16)
    16    0.103304    0.118752    0.172854    0.173392 ^ clkbuf_0_wr_clk/X (sky130_fd_sc_hd__clkbuf_16)
                                                         clknet_0_wr_clk (net)
                      0.118777    0.001434    0.174826 ^ clkbuf_4_10_0_wr_clk/A (sky130_fd_sc_hd__clkbuf_8)
     2    0.019042    0.049921    0.157851    0.332677 ^ clkbuf_4_10_0_wr_clk/X (sky130_fd_sc_hd__clkbuf_8)
                                                         clknet_4_10_0_wr_clk (net)
                      0.049921    0.000235    0.332911 ^ clkbuf_5_20__f_wr_clk/A (sky130_fd_sc_hd__clkbuf_16)
     5    0.013183    0.036041    0.120721    0.453633 ^ clkbuf_5_20__f_wr_clk/X (sky130_fd_sc_hd__clkbuf_16)
                                                         clknet_5_20__leaf_wr_clk (net)
                      0.036041    0.000068    0.453701 ^ _1065_/CLK (sky130_fd_sc_hd__dfxtp_2)
     2    0.006421    0.045404    0.315158    0.768859 ^ _1065_/Q (sky130_fd_sc_hd__dfxtp_2)
                                                         u_fifomem.mem[0][3] (net)
                      0.045404    0.000045    0.768904 ^ _0792_/A0 (sky130_fd_sc_hd__mux2_2)
     1    0.004322    0.043694    0.141610    0.910514 ^ _0792_/X (sky130_fd_sc_hd__mux2_2)
                                                         _0371_ (net)
                      0.043694    0.000073    0.910587 ^ _0793_/A (sky130_fd_sc_hd__buf_1)
     1    0.003268    0.049112    0.083969    0.994556 ^ _0793_/X (sky130_fd_sc_hd__buf_1)
                                                         _0005_ (net)
                      0.049112    0.000048    0.994604 ^ _1065_/D (sky130_fd_sc_hd__dfxtp_2)
                                              0.994604   data arrival time

                                  0.000000    0.000000   clock wr_clk (rise edge)
                                  0.000000    0.000000   clock source latency
     1    0.024374    0.000000    0.000000    0.000000 ^ wr_clk (in)
                                                         wr_clk (net)
                      0.001077    0.000538    0.000538 ^ clkbuf_0_wr_clk/A (sky130_fd_sc_hd__clkbuf_16)
    16    0.103304    0.118752    0.172854    0.173392 ^ clkbuf_0_wr_clk/X (sky130_fd_sc_hd__clkbuf_16)
                                                         clknet_0_wr_clk (net)
                      0.118777    0.001434    0.174826 ^ clkbuf_4_10_0_wr_clk/A (sky130_fd_sc_hd__clkbuf_8)
     2    0.019042    0.049921    0.157851    0.332677 ^ clkbuf_4_10_0_wr_clk/X (sky130_fd_sc_hd__clkbuf_8)
                                                         clknet_4_10_0_wr_clk (net)
                      0.049921    0.000235    0.332911 ^ clkbuf_5_20__f_wr_clk/A (sky130_fd_sc_hd__clkbuf_16)
     5    0.013183    0.036041    0.120721    0.453633 ^ clkbuf_5_20__f_wr_clk/X (sky130_fd_sc_hd__clkbuf_16)
                                                         clknet_5_20__leaf_wr_clk (net)
                      0.036041    0.000068    0.453701 ^ _1065_/CLK (sky130_fd_sc_hd__dfxtp_2)
                                  0.100000    0.553701   clock uncertainty
                                  0.000000    0.553701   clock reconvergence pessimism
                                 -0.033222    0.520479   library hold time
                                              0.520479   data required time
---------------------------------------------------------------------------------------------
                                              0.520479   data required time
                                             -0.994604   data arrival time
---------------------------------------------------------------------------------------------
                                              0.474125   slack (MET)


Startpoint: _1199_ (rising edge-triggered flip-flop clocked by wr_clk)
Endpoint: _1195_ (rising edge-triggered flip-flop clocked by wr_clk)
Path Group: wr_clk
Path Type: min

Fanout         Cap        Slew       Delay        Time   Description
---------------------------------------------------------------------------------------------
                                  0.000000    0.000000   clock wr_clk (rise edge)
                                  0.000000    0.000000   clock source latency
     1    0.024374    0.000000    0.000000    0.000000 ^ wr_clk (in)
                                                         wr_clk (net)
                      0.001077    0.000538    0.000538 ^ clkbuf_0_wr_clk/A (sky130_fd_sc_hd__clkbuf_16)
    16    0.103304    0.118752    0.172854    0.173392 ^ clkbuf_0_wr_clk/X (sky130_fd_sc_hd__clkbuf_16)
                                                         clknet_0_wr_clk (net)
                      0.118777    0.001434    0.174826 ^ clkbuf_4_10_0_wr_clk/A (sky130_fd_sc_hd__clkbuf_8)
     2    0.019042    0.049921    0.157851    0.332677 ^ clkbuf_4_10_0_wr_clk/X (sky130_fd_sc_hd__clkbuf_8)
                                                         clknet_4_10_0_wr_clk (net)
                      0.049921    0.000226    0.332903 ^ clkbuf_5_21__f_wr_clk/A (sky130_fd_sc_hd__clkbuf_16)
     6    0.019165    0.041133    0.126353    0.459256 ^ clkbuf_5_21__f_wr_clk/X (sky130_fd_sc_hd__clkbuf_16)
                                                         clknet_5_21__leaf_wr_clk (net)
                      0.041134    0.000410    0.459666 ^ _1199_/CLK (sky130_fd_sc_hd__dfrtp_2)
     2    0.010915    0.073033    0.366229    0.825895 ^ _1199_/Q (sky130_fd_sc_hd__dfrtp_2)
                                                         afull_thresh_latched[3] (net)
                      0.073033    0.000092    0.825987 ^ _0631_/A2_N (sky130_fd_sc_hd__o2bb2ai_2)
     1    0.010881    0.090638    0.129642    0.955629 ^ _0631_/Y (sky130_fd_sc_hd__o2bb2ai_2)
                                                         _0225_ (net)
                      0.090638    0.000200    0.955829 ^ _0640_/A (sky130_fd_sc_hd__nand3_4)
     1    0.002632    0.036074    0.055764    1.011593 v _0640_/Y (sky130_fd_sc_hd__nand3_4)
                                                         _0001_ (net)
                      0.036074    0.000028    1.011621 v _1195_/D (sky130_fd_sc_hd__dfrtp_2)
                                              1.011621   data arrival time

                                  0.000000    0.000000   clock wr_clk (rise edge)
                                  0.000000    0.000000   clock source latency
     1    0.024374    0.000000    0.000000    0.000000 ^ wr_clk (in)
                                                         wr_clk (net)
                      0.001077    0.000538    0.000538 ^ clkbuf_0_wr_clk/A (sky130_fd_sc_hd__clkbuf_16)
    16    0.103304    0.118752    0.172854    0.173392 ^ clkbuf_0_wr_clk/X (sky130_fd_sc_hd__clkbuf_16)
                                                         clknet_0_wr_clk (net)
                      0.118777    0.001434    0.174826 ^ clkbuf_4_10_0_wr_clk/A (sky130_fd_sc_hd__clkbuf_8)
     2    0.019042    0.049921    0.157851    0.332677 ^ clkbuf_4_10_0_wr_clk/X (sky130_fd_sc_hd__clkbuf_8)
                                                         clknet_4_10_0_wr_clk (net)
                      0.049921    0.000226    0.332903 ^ clkbuf_5_21__f_wr_clk/A (sky130_fd_sc_hd__clkbuf_16)
     6    0.019165    0.041133    0.126353    0.459256 ^ clkbuf_5_21__f_wr_clk/X (sky130_fd_sc_hd__clkbuf_16)
                                                         clknet_5_21__leaf_wr_clk (net)
                      0.041134    0.000510    0.459767 ^ _1195_/CLK (sky130_fd_sc_hd__dfrtp_2)
                                  0.100000    0.559767   clock uncertainty
                                  0.000000    0.559767   clock reconvergence pessimism
                                 -0.039361    0.520406   library hold time
                                              0.520406   data required time
---------------------------------------------------------------------------------------------
                                              0.520406   data required time
                                             -1.011621   data arrival time
---------------------------------------------------------------------------------------------
                                              0.491216   slack (MET)


Startpoint: _1203_ (rising edge-triggered flip-flop clocked by rd_clk)
Endpoint: _1241_ (removal check against rising-edge clock rd_clk)
Path Group: asynchronous
Path Type: min

Fanout         Cap        Slew       Delay        Time   Description
---------------------------------------------------------------------------------------------
                                  0.000000    0.000000   clock rd_clk (rise edge)
                                  0.000000    0.000000   clock source latency
     1    0.013587    0.000000    0.000000    0.000000 ^ rd_clk (in)
                                                         rd_clk (net)
                      0.000583    0.000292    0.000292 ^ clkbuf_0_rd_clk/A (sky130_fd_sc_hd__clkbuf_16)
     4    0.037982    0.057948    0.124843    0.125135 ^ clkbuf_0_rd_clk/X (sky130_fd_sc_hd__clkbuf_16)
                                                         clknet_0_rd_clk (net)
                      0.057952    0.000497    0.125632 ^ clkbuf_2_3__f_rd_clk/A (sky130_fd_sc_hd__clkbuf_16)
     7    0.024943    0.046224    0.134831    0.260463 ^ clkbuf_2_3__f_rd_clk/X (sky130_fd_sc_hd__clkbuf_16)
                                                         clknet_2_3__leaf_rd_clk (net)
                      0.046226    0.000337    0.260799 ^ _1203_/CLK (sky130_fd_sc_hd__dfrtp_2)
     2    0.007993    0.060057    0.355608    0.616408 ^ _1203_/Q (sky130_fd_sc_hd__dfrtp_2)
                                                         u_rd_reset_sync.sync_ff2 (net)
                      0.060057    0.000066    0.616474 ^ hold99/A (sky130_fd_sc_hd__dlygate4sd3_1)
     1    0.007415    0.093381    0.575971    1.192445 ^ hold99/X (sky130_fd_sc_hd__dlygate4sd3_1)
                                                         net98 (net)
                      0.093381    0.000157    1.192602 ^ _1241_/RESET_B (sky130_fd_sc_hd__dfrtp_2)
                                              1.192602   data arrival time

                                  0.000000    0.000000   clock rd_clk (rise edge)
                                  0.000000    0.000000   clock source latency
     1    0.013587    0.000000    0.000000    0.000000 ^ rd_clk (in)
                                                         rd_clk (net)
                      0.000583    0.000292    0.000292 ^ clkbuf_0_rd_clk/A (sky130_fd_sc_hd__clkbuf_16)
     4    0.037982    0.057948    0.124843    0.125135 ^ clkbuf_0_rd_clk/X (sky130_fd_sc_hd__clkbuf_16)
                                                         clknet_0_rd_clk (net)
                      0.057955    0.000590    0.125724 ^ clkbuf_2_2__f_rd_clk/A (sky130_fd_sc_hd__clkbuf_16)
     8    0.029186    0.050360    0.138604    0.264329 ^ clkbuf_2_2__f_rd_clk/X (sky130_fd_sc_hd__clkbuf_16)
                                                         clknet_2_2__leaf_rd_clk (net)
                      0.050361    0.000284    0.264613 ^ _1241_/CLK (sky130_fd_sc_hd__dfrtp_2)
                                  0.100000    0.364613   clock uncertainty
                                  0.000000    0.364613   clock reconvergence pessimism
                                  0.334912    0.699525   library removal time
                                              0.699525   data required time
---------------------------------------------------------------------------------------------
                                              0.699525   data required time
                                             -1.192602   data arrival time
---------------------------------------------------------------------------------------------
                                              0.493078   slack (MET)


Startpoint: _1243_ (rising edge-triggered flip-flop clocked by rd_clk)
Endpoint: _1243_ (rising edge-triggered flip-flop clocked by rd_clk)
Path Group: rd_clk
Path Type: min

Fanout         Cap        Slew       Delay        Time   Description
---------------------------------------------------------------------------------------------
                                  0.000000    0.000000   clock rd_clk (rise edge)
                                  0.000000    0.000000   clock source latency
     1    0.013587    0.000000    0.000000    0.000000 ^ rd_clk (in)
                                                         rd_clk (net)
                      0.000583    0.000292    0.000292 ^ clkbuf_0_rd_clk/A (sky130_fd_sc_hd__clkbuf_16)
     4    0.037982    0.057948    0.124843    0.125135 ^ clkbuf_0_rd_clk/X (sky130_fd_sc_hd__clkbuf_16)
                                                         clknet_0_rd_clk (net)
                      0.057949    0.000396    0.125530 ^ clkbuf_2_1__f_rd_clk/A (sky130_fd_sc_hd__clkbuf_16)
     7    0.019595    0.041505    0.129773    0.255303 ^ clkbuf_2_1__f_rd_clk/X (sky130_fd_sc_hd__clkbuf_16)
                                                         clknet_2_1__leaf_rd_clk (net)
                      0.041506    0.000102    0.255406 ^ _1243_/CLK (sky130_fd_sc_hd__dfrtp_2)
     3    0.037402    0.185079    0.458332    0.713737 ^ _1243_/Q (sky130_fd_sc_hd__dfrtp_2)
                                                         rd_ptr_bin[4] (net)
                      0.185079    0.000705    0.714442 ^ _0536_/A (sky130_fd_sc_hd__xnor2_4)
     2    0.010749    0.047240    0.104149    0.818591 v _0536_/Y (sky130_fd_sc_hd__xnor2_4)
                                                         rd_ptr_bin_next_wm[4] (net)
                      0.047240    0.000068    0.818660 v _1243_/D (sky130_fd_sc_hd__dfrtp_2)
                                              0.818660   data arrival time

                                  0.000000    0.000000   clock rd_clk (rise edge)
                                  0.000000    0.000000   clock source latency
     1    0.013587    0.000000    0.000000    0.000000 ^ rd_clk (in)
                                                         rd_clk (net)
                      0.000583    0.000292    0.000292 ^ clkbuf_0_rd_clk/A (sky130_fd_sc_hd__clkbuf_16)
     4    0.037982    0.057948    0.124843    0.125135 ^ clkbuf_0_rd_clk/X (sky130_fd_sc_hd__clkbuf_16)
                                                         clknet_0_rd_clk (net)
                      0.057949    0.000396    0.125530 ^ clkbuf_2_1__f_rd_clk/A (sky130_fd_sc_hd__clkbuf_16)
     7    0.019595    0.041505    0.129773    0.255303 ^ clkbuf_2_1__f_rd_clk/X (sky130_fd_sc_hd__clkbuf_16)
                                                         clknet_2_1__leaf_rd_clk (net)
                      0.041506    0.000102    0.255406 ^ _1243_/CLK (sky130_fd_sc_hd__dfrtp_2)
                                  0.100000    0.355405   clock uncertainty
                                  0.000000    0.355405   clock reconvergence pessimism
                                 -0.043823    0.311583   library hold time
                                              0.311583   data required time
---------------------------------------------------------------------------------------------
                                              0.311583   data required time
                                             -0.818660   data arrival time
---------------------------------------------------------------------------------------------
                                              0.507077   slack (MET)


Startpoint: _1243_ (rising edge-triggered flip-flop clocked by rd_clk)
Endpoint: _1237_ (rising edge-triggered flip-flop clocked by rd_clk)
Path Group: rd_clk
Path Type: min

Fanout         Cap        Slew       Delay        Time   Description
---------------------------------------------------------------------------------------------
                                  0.000000    0.000000   clock rd_clk (rise edge)
                                  0.000000    0.000000   clock source latency
     1    0.013587    0.000000    0.000000    0.000000 ^ rd_clk (in)
                                                         rd_clk (net)
                      0.000583    0.000292    0.000292 ^ clkbuf_0_rd_clk/A (sky130_fd_sc_hd__clkbuf_16)
     4    0.037982    0.057948    0.124843    0.125135 ^ clkbuf_0_rd_clk/X (sky130_fd_sc_hd__clkbuf_16)
                                                         clknet_0_rd_clk (net)
                      0.057949    0.000396    0.125530 ^ clkbuf_2_1__f_rd_clk/A (sky130_fd_sc_hd__clkbuf_16)
     7    0.019595    0.041505    0.129773    0.255303 ^ clkbuf_2_1__f_rd_clk/X (sky130_fd_sc_hd__clkbuf_16)
                                                         clknet_2_1__leaf_rd_clk (net)
                      0.041506    0.000102    0.255406 ^ _1243_/CLK (sky130_fd_sc_hd__dfrtp_2)
     3    0.037402    0.185079    0.458332    0.713737 ^ _1243_/Q (sky130_fd_sc_hd__dfrtp_2)
                                                         rd_ptr_bin[4] (net)
                      0.185080    0.000899    0.714636 ^ _0563_/A (sky130_fd_sc_hd__xor2_2)
     2    0.011019    0.049553    0.118885    0.833521 v _0563_/X (sky130_fd_sc_hd__xor2_2)
                                                         u_rd_ptr_empty.rd_ptr_gray_next[3] (net)
                      0.049553    0.000062    0.833582 v _1237_/D (sky130_fd_sc_hd__dfrtp_2)
                                              0.833582   data arrival time

                                  0.000000    0.000000   clock rd_clk (rise edge)
                                  0.000000    0.000000   clock source latency
     1    0.013587    0.000000    0.000000    0.000000 ^ rd_clk (in)
                                                         rd_clk (net)
                      0.000583    0.000292    0.000292 ^ clkbuf_0_rd_clk/A (sky130_fd_sc_hd__clkbuf_16)
     4    0.037982    0.057948    0.124843    0.125135 ^ clkbuf_0_rd_clk/X (sky130_fd_sc_hd__clkbuf_16)
                                                         clknet_0_rd_clk (net)
                      0.057949    0.000396    0.125530 ^ clkbuf_2_1__f_rd_clk/A (sky130_fd_sc_hd__clkbuf_16)
     7    0.019595    0.041505    0.129773    0.255303 ^ clkbuf_2_1__f_rd_clk/X (sky130_fd_sc_hd__clkbuf_16)
                                                         clknet_2_1__leaf_rd_clk (net)
                      0.041506    0.000213    0.255516 ^ _1237_/CLK (sky130_fd_sc_hd__dfrtp_2)
                                  0.100000    0.355516   clock uncertainty
                                  0.000000    0.355516   clock reconvergence pessimism
                                 -0.044764    0.310752   library hold time
                                              0.310752   data required time
---------------------------------------------------------------------------------------------
                                              0.310752   data required time
                                             -0.833582   data arrival time
---------------------------------------------------------------------------------------------
                                              0.522830   slack (MET)


Startpoint: _1233_ (rising edge-triggered flip-flop clocked by wr_clk)
Endpoint: _1233_ (rising edge-triggered flip-flop clocked by wr_clk)
Path Group: wr_clk
Path Type: min

Fanout         Cap        Slew       Delay        Time   Description
---------------------------------------------------------------------------------------------
                                  0.000000    0.000000   clock wr_clk (rise edge)
                                  0.000000    0.000000   clock source latency
     1    0.024374    0.000000    0.000000    0.000000 ^ wr_clk (in)
                                                         wr_clk (net)
                      0.001077    0.000538    0.000538 ^ clkbuf_0_wr_clk/A (sky130_fd_sc_hd__clkbuf_16)
    16    0.103304    0.118752    0.172854    0.173392 ^ clkbuf_0_wr_clk/X (sky130_fd_sc_hd__clkbuf_16)
                                                         clknet_0_wr_clk (net)
                      0.118756    0.000574    0.173966 ^ clkbuf_4_15_0_wr_clk/A (sky130_fd_sc_hd__clkbuf_8)
     2    0.018836    0.049627    0.157468    0.331434 ^ clkbuf_4_15_0_wr_clk/X (sky130_fd_sc_hd__clkbuf_8)
                                                         clknet_4_15_0_wr_clk (net)
                      0.049629    0.000420    0.331854 ^ clkbuf_5_31__f_wr_clk/A (sky130_fd_sc_hd__clkbuf_16)
     5    0.013882    0.036639    0.121245    0.453099 ^ clkbuf_5_31__f_wr_clk/X (sky130_fd_sc_hd__clkbuf_16)
                                                         clknet_5_31__leaf_wr_clk (net)
                      0.036639    0.000192    0.453291 ^ _1233_/CLK (sky130_fd_sc_hd__dfrtp_2)
     3    0.016515    0.095612    0.385287    0.838578 ^ _1233_/Q (sky130_fd_sc_hd__dfrtp_2)
                                                         u_sync_w2r.wr_ptr_gray[4] (net)
                      0.095612    0.000188    0.838766 ^ _0549_/A (sky130_fd_sc_hd__xor2_2)
     3    0.024901    0.080490    0.137742    0.976508 v _0549_/X (sky130_fd_sc_hd__xor2_2)
                                                         _0154_ (net)
                      0.080490    0.000175    0.976683 v _0550_/A (sky130_fd_sc_hd__inv_2)
     2    0.006469    0.042328    0.066621    1.043304 ^ _0550_/Y (sky130_fd_sc_hd__inv_2)
                                                         u_wr_ptr_full.wr_ptr_bin_next[4] (net)
                      0.042328    0.000025    1.043329 ^ _1233_/D (sky130_fd_sc_hd__dfrtp_2)
                                              1.043329   data arrival time

                                  0.000000    0.000000   clock wr_clk (rise edge)
                                  0.000000    0.000000   clock source latency
     1    0.024374    0.000000    0.000000    0.000000 ^ wr_clk (in)
                                                         wr_clk (net)
                      0.001077    0.000538    0.000538 ^ clkbuf_0_wr_clk/A (sky130_fd_sc_hd__clkbuf_16)
    16    0.103304    0.118752    0.172854    0.173392 ^ clkbuf_0_wr_clk/X (sky130_fd_sc_hd__clkbuf_16)
                                                         clknet_0_wr_clk (net)
                      0.118756    0.000574    0.173966 ^ clkbuf_4_15_0_wr_clk/A (sky130_fd_sc_hd__clkbuf_8)
     2    0.018836    0.049627    0.157468    0.331434 ^ clkbuf_4_15_0_wr_clk/X (sky130_fd_sc_hd__clkbuf_8)
                                                         clknet_4_15_0_wr_clk (net)
                      0.049629    0.000420    0.331854 ^ clkbuf_5_31__f_wr_clk/A (sky130_fd_sc_hd__clkbuf_16)
     5    0.013882    0.036639    0.121245    0.453099 ^ clkbuf_5_31__f_wr_clk/X (sky130_fd_sc_hd__clkbuf_16)
                                                         clknet_5_31__leaf_wr_clk (net)
                      0.036639    0.000192    0.453291 ^ _1233_/CLK (sky130_fd_sc_hd__dfrtp_2)
                                  0.100000    0.553291   clock uncertainty
                                  0.000000    0.553291   clock reconvergence pessimism
                                 -0.035266    0.518025   library hold time
                                              0.518025   data required time
---------------------------------------------------------------------------------------------
                                              0.518025   data required time
                                             -1.043329   data arrival time
---------------------------------------------------------------------------------------------
                                              0.525304   slack (MET)


Startpoint: _1194_ (rising edge-triggered flip-flop clocked by rd_clk)
Endpoint: _1190_ (rising edge-triggered flip-flop clocked by rd_clk)
Path Group: rd_clk
Path Type: min

Fanout         Cap        Slew       Delay        Time   Description
---------------------------------------------------------------------------------------------
                                  0.000000    0.000000   clock rd_clk (rise edge)
                                  0.000000    0.000000   clock source latency
     1    0.013587    0.000000    0.000000    0.000000 ^ rd_clk (in)
                                                         rd_clk (net)
                      0.000583    0.000292    0.000292 ^ clkbuf_0_rd_clk/A (sky130_fd_sc_hd__clkbuf_16)
     4    0.037982    0.057948    0.124843    0.125135 ^ clkbuf_0_rd_clk/X (sky130_fd_sc_hd__clkbuf_16)
                                                         clknet_0_rd_clk (net)
                      0.057952    0.000497    0.125632 ^ clkbuf_2_3__f_rd_clk/A (sky130_fd_sc_hd__clkbuf_16)
     7    0.024943    0.046224    0.134831    0.260463 ^ clkbuf_2_3__f_rd_clk/X (sky130_fd_sc_hd__clkbuf_16)
                                                         clknet_2_3__leaf_rd_clk (net)
                      0.046225    0.000282    0.260745 ^ _1194_/CLK (sky130_fd_sc_hd__dfrtp_2)
     2    0.007971    0.059958    0.355512    0.616257 ^ _1194_/Q (sky130_fd_sc_hd__dfrtp_2)
                                                         aempty_thresh_latched[3] (net)
                      0.059958    0.000053    0.616310 ^ _0694_/B1 (sky130_fd_sc_hd__o21ai_2)
     1    0.004996    0.031827    0.054473    0.670783 v _0694_/Y (sky130_fd_sc_hd__o21ai_2)
                                                         _0287_ (net)
                      0.031827    0.000055    0.670838 v _0696_/A (sky130_fd_sc_hd__nand2_2)
     1    0.005182    0.038272    0.050166    0.721004 ^ _0696_/Y (sky130_fd_sc_hd__nand2_2)
                                                         _0289_ (net)
                      0.038272    0.000047    0.721051 ^ _0703_/A3 (sky130_fd_sc_hd__o311a_4)
     1    0.003558    0.034392    0.143538    0.864589 ^ _0703_/X (sky130_fd_sc_hd__o311a_4)
                                                         _0000_ (net)
                      0.034392    0.000046    0.864635 ^ _1190_/D (sky130_fd_sc_hd__dfstp_2)
                                              0.864635   data arrival time

                                  0.000000    0.000000   clock rd_clk (rise edge)
                                  0.000000    0.000000   clock source latency
     1    0.013587    0.000000    0.000000    0.000000 ^ rd_clk (in)
                                                         rd_clk (net)
                      0.000583    0.000292    0.000292 ^ clkbuf_0_rd_clk/A (sky130_fd_sc_hd__clkbuf_16)
     4    0.037982    0.057948    0.124843    0.125135 ^ clkbuf_0_rd_clk/X (sky130_fd_sc_hd__clkbuf_16)
                                                         clknet_0_rd_clk (net)
                      0.057952    0.000497    0.125632 ^ clkbuf_2_3__f_rd_clk/A (sky130_fd_sc_hd__clkbuf_16)
     7    0.024943    0.046224    0.134831    0.260463 ^ clkbuf_2_3__f_rd_clk/X (sky130_fd_sc_hd__clkbuf_16)
                                                         clknet_2_3__leaf_rd_clk (net)
                      0.046226    0.000346    0.260809 ^ _1190_/CLK (sky130_fd_sc_hd__dfstp_2)
                                  0.100000    0.360809   clock uncertainty
                                  0.000000    0.360809   clock reconvergence pessimism
                                 -0.029998    0.330811   library hold time
                                              0.330811   data required time
---------------------------------------------------------------------------------------------
                                              0.330811   data required time
                                             -0.864635   data arrival time
---------------------------------------------------------------------------------------------
                                              0.533824   slack (MET)


Startpoint: _1212_ (rising edge-triggered flip-flop clocked by rd_clk)
Endpoint: _1238_ (rising edge-triggered flip-flop clocked by rd_clk)
Path Group: rd_clk
Path Type: min

Fanout         Cap        Slew       Delay        Time   Description
---------------------------------------------------------------------------------------------
                                  0.000000    0.000000   clock rd_clk (rise edge)
                                  0.000000    0.000000   clock source latency
     1    0.013587    0.000000    0.000000    0.000000 ^ rd_clk (in)
                                                         rd_clk (net)
                      0.000583    0.000292    0.000292 ^ clkbuf_0_rd_clk/A (sky130_fd_sc_hd__clkbuf_16)
     4    0.037982    0.057948    0.124843    0.125135 ^ clkbuf_0_rd_clk/X (sky130_fd_sc_hd__clkbuf_16)
                                                         clknet_0_rd_clk (net)
                      0.057949    0.000368    0.125502 ^ clkbuf_2_0__f_rd_clk/A (sky130_fd_sc_hd__clkbuf_16)
     8    0.021482    0.043122    0.131561    0.257064 ^ clkbuf_2_0__f_rd_clk/X (sky130_fd_sc_hd__clkbuf_16)
                                                         clknet_2_0__leaf_rd_clk (net)
                      0.043125    0.000254    0.257318 ^ _1212_/CLK (sky130_fd_sc_hd__dfrtp_2)
     5    0.026615    0.139624    0.422230    0.679548 ^ _1212_/Q (sky130_fd_sc_hd__dfrtp_2)
                                                         u_sync_w2r.sync_stage2[3] (net)
                      0.139624    0.000266    0.679814 ^ _0706_/A (sky130_fd_sc_hd__xnor2_2)
     1    0.003891    0.036808    0.083649    0.763463 v _0706_/Y (sky130_fd_sc_hd__xnor2_2)
                                                         _0298_ (net)
                      0.036808    0.000051    0.763515 v _0711_/B1 (sky130_fd_sc_hd__o211a_2)
     1    0.005045    0.029711    0.131434    0.894949 v _0711_/X (sky130_fd_sc_hd__o211a_2)
                                                         u_rd_ptr_empty.empty_val (net)
                      0.029711    0.000093    0.895042 v _1238_/D (sky130_fd_sc_hd__dfstp_2)
                                              0.895042   data arrival time

                                  0.000000    0.000000   clock rd_clk (rise edge)
                                  0.000000    0.000000   clock source latency
     1    0.013587    0.000000    0.000000    0.000000 ^ rd_clk (in)
                                                         rd_clk (net)
                      0.000583    0.000292    0.000292 ^ clkbuf_0_rd_clk/A (sky130_fd_sc_hd__clkbuf_16)
     4    0.037982    0.057948    0.124843    0.125135 ^ clkbuf_0_rd_clk/X (sky130_fd_sc_hd__clkbuf_16)
                                                         clknet_0_rd_clk (net)
                      0.057949    0.000396    0.125530 ^ clkbuf_2_1__f_rd_clk/A (sky130_fd_sc_hd__clkbuf_16)
     7    0.019595    0.041505    0.129773    0.255303 ^ clkbuf_2_1__f_rd_clk/X (sky130_fd_sc_hd__clkbuf_16)
                                                         clknet_2_1__leaf_rd_clk (net)
                      0.041506    0.000117    0.255420 ^ _1238_/CLK (sky130_fd_sc_hd__dfstp_2)
                                  0.100000    0.355420   clock uncertainty
                                  0.000000    0.355420   clock reconvergence pessimism
                                 -0.004367    0.351053   library hold time
                                              0.351053   data required time
---------------------------------------------------------------------------------------------
                                              0.351053   data required time
                                             -0.895042   data arrival time
---------------------------------------------------------------------------------------------
                                              0.543990   slack (MET)


Startpoint: _1242_ (rising edge-triggered flip-flop clocked by rd_clk)
Endpoint: _1236_ (rising edge-triggered flip-flop clocked by rd_clk)
Path Group: rd_clk
Path Type: min

Fanout         Cap        Slew       Delay        Time   Description
---------------------------------------------------------------------------------------------
                                  0.000000    0.000000   clock rd_clk (rise edge)
                                  0.000000    0.000000   clock source latency
     1    0.013587    0.000000    0.000000    0.000000 ^ rd_clk (in)
                                                         rd_clk (net)
                      0.000583    0.000292    0.000292 ^ clkbuf_0_rd_clk/A (sky130_fd_sc_hd__clkbuf_16)
     4    0.037982    0.057948    0.124843    0.125135 ^ clkbuf_0_rd_clk/X (sky130_fd_sc_hd__clkbuf_16)
                                                         clknet_0_rd_clk (net)
                      0.057955    0.000590    0.125724 ^ clkbuf_2_2__f_rd_clk/A (sky130_fd_sc_hd__clkbuf_16)
     8    0.029186    0.050360    0.138604    0.264329 ^ clkbuf_2_2__f_rd_clk/X (sky130_fd_sc_hd__clkbuf_16)
                                                         clknet_2_2__leaf_rd_clk (net)
                      0.050361    0.000454    0.264782 ^ _1242_/CLK (sky130_fd_sc_hd__dfrtp_2)
     7    0.055017    0.265029    0.518306    0.783088 ^ _1242_/Q (sky130_fd_sc_hd__dfrtp_2)
                                                         rd_ptr_bin[3] (net)
                      0.265029    0.000300    0.783389 ^ _0562_/A (sky130_fd_sc_hd__xor2_2)
     3    0.010669    0.048994    0.135772    0.919161 v _0562_/X (sky130_fd_sc_hd__xor2_2)
                                                         u_rd_ptr_empty.rd_ptr_gray_next[2] (net)
                      0.048994    0.000190    0.919351 v _1236_/D (sky130_fd_sc_hd__dfrtp_2)
                                              0.919351   data arrival time

                                  0.000000    0.000000   clock rd_clk (rise edge)
                                  0.000000    0.000000   clock source latency
     1    0.013587    0.000000    0.000000    0.000000 ^ rd_clk (in)
                                                         rd_clk (net)
                      0.000583    0.000292    0.000292 ^ clkbuf_0_rd_clk/A (sky130_fd_sc_hd__clkbuf_16)
     4    0.037982    0.057948    0.124843    0.125135 ^ clkbuf_0_rd_clk/X (sky130_fd_sc_hd__clkbuf_16)
                                                         clknet_0_rd_clk (net)
                      0.057952    0.000497    0.125632 ^ clkbuf_2_3__f_rd_clk/A (sky130_fd_sc_hd__clkbuf_16)
     7    0.024943    0.046224    0.134831    0.260463 ^ clkbuf_2_3__f_rd_clk/X (sky130_fd_sc_hd__clkbuf_16)
                                                         clknet_2_3__leaf_rd_clk (net)
                      0.046228    0.000424    0.260887 ^ _1236_/CLK (sky130_fd_sc_hd__dfrtp_2)
                                  0.100000    0.360887   clock uncertainty
                                  0.000000    0.360887   clock reconvergence pessimism
                                 -0.043459    0.317428   library hold time
                                              0.317428   data required time
---------------------------------------------------------------------------------------------
                                              0.317428   data required time
                                             -0.919351   data arrival time
---------------------------------------------------------------------------------------------
                                              0.601923   slack (MET)


Startpoint: _1238_ (rising edge-triggered flip-flop clocked by rd_clk)
Endpoint: _1240_ (rising edge-triggered flip-flop clocked by rd_clk)
Path Group: rd_clk
Path Type: min

Fanout         Cap        Slew       Delay        Time   Description
---------------------------------------------------------------------------------------------
                                  0.000000    0.000000   clock rd_clk (rise edge)
                                  0.000000    0.000000   clock source latency
     1    0.013587    0.000000    0.000000    0.000000 ^ rd_clk (in)
                                                         rd_clk (net)
                      0.000583    0.000292    0.000292 ^ clkbuf_0_rd_clk/A (sky130_fd_sc_hd__clkbuf_16)
     4    0.037982    0.057948    0.124843    0.125135 ^ clkbuf_0_rd_clk/X (sky130_fd_sc_hd__clkbuf_16)
                                                         clknet_0_rd_clk (net)
                      0.057949    0.000396    0.125530 ^ clkbuf_2_1__f_rd_clk/A (sky130_fd_sc_hd__clkbuf_16)
     7    0.019595    0.041505    0.129773    0.255303 ^ clkbuf_2_1__f_rd_clk/X (sky130_fd_sc_hd__clkbuf_16)
                                                         clknet_2_1__leaf_rd_clk (net)
                      0.041506    0.000117    0.255420 ^ _1238_/CLK (sky130_fd_sc_hd__dfstp_2)
     5    0.022425    0.061143    0.392970    0.648390 v _1238_/Q (sky130_fd_sc_hd__dfstp_2)
                                                         net23 (net)
                      0.061238    0.000908    0.649298 v _0521_/A (sky130_fd_sc_hd__inv_2)
     4    0.017576    0.085186    0.094349    0.743647 ^ _0521_/Y (sky130_fd_sc_hd__inv_2)
                                                         _0133_ (net)
                      0.085186    0.000083    0.743730 ^ _0522_/B (sky130_fd_sc_hd__nand4_2)
     1    0.008730    0.099770    0.119000    0.862730 v _0522_/Y (sky130_fd_sc_hd__nand4_2)
                                                         _0134_ (net)
                      0.099770    0.000080    0.862810 v _0523_/B (sky130_fd_sc_hd__nand2_4)
     3    0.014621    0.053824    0.103541    0.966351 ^ _0523_/Y (sky130_fd_sc_hd__nand2_4)
                                                         rd_ptr_bin_next_wm[1] (net)
                      0.053824    0.000179    0.966530 ^ _1240_/D (sky130_fd_sc_hd__dfrtp_2)
                                              0.966530   data arrival time

                                  0.000000    0.000000   clock rd_clk (rise edge)
                                  0.000000    0.000000   clock source latency
     1    0.013587    0.000000    0.000000    0.000000 ^ rd_clk (in)
                                                         rd_clk (net)
                      0.000583    0.000292    0.000292 ^ clkbuf_0_rd_clk/A (sky130_fd_sc_hd__clkbuf_16)
     4    0.037982    0.057948    0.124843    0.125135 ^ clkbuf_0_rd_clk/X (sky130_fd_sc_hd__clkbuf_16)
                                                         clknet_0_rd_clk (net)
                      0.057955    0.000590    0.125724 ^ clkbuf_2_2__f_rd_clk/A (sky130_fd_sc_hd__clkbuf_16)
     8    0.029186    0.050360    0.138604    0.264329 ^ clkbuf_2_2__f_rd_clk/X (sky130_fd_sc_hd__clkbuf_16)
                                                         clknet_2_2__leaf_rd_clk (net)
                      0.050361    0.000288    0.264616 ^ _1240_/CLK (sky130_fd_sc_hd__dfrtp_2)
                                  0.100000    0.364616   clock uncertainty
                                  0.000000    0.364616   clock reconvergence pessimism
                                 -0.035771    0.328845   library hold time
                                              0.328845   data required time
---------------------------------------------------------------------------------------------
                                              0.328845   data required time
                                             -0.966530   data arrival time
---------------------------------------------------------------------------------------------
                                              0.637684   slack (MET)


Startpoint: _1230_ (rising edge-triggered flip-flop clocked by wr_clk)
Endpoint: _1230_ (rising edge-triggered flip-flop clocked by wr_clk)
Path Group: wr_clk
Path Type: min

Fanout         Cap        Slew       Delay        Time   Description
---------------------------------------------------------------------------------------------
                                  0.000000    0.000000   clock wr_clk (rise edge)
                                  0.000000    0.000000   clock source latency
     1    0.024374    0.000000    0.000000    0.000000 ^ wr_clk (in)
                                                         wr_clk (net)
                      0.001077    0.000538    0.000538 ^ clkbuf_0_wr_clk/A (sky130_fd_sc_hd__clkbuf_16)
    16    0.103304    0.118752    0.172854    0.173392 ^ clkbuf_0_wr_clk/X (sky130_fd_sc_hd__clkbuf_16)
                                                         clknet_0_wr_clk (net)
                      0.118756    0.000584    0.173977 ^ clkbuf_4_14_0_wr_clk/A (sky130_fd_sc_hd__clkbuf_8)
     2    0.018769    0.049495    0.157434    0.331411 ^ clkbuf_4_14_0_wr_clk/X (sky130_fd_sc_hd__clkbuf_8)
                                                         clknet_4_14_0_wr_clk (net)
                      0.049495    0.000209    0.331619 ^ clkbuf_5_28__f_wr_clk/A (sky130_fd_sc_hd__clkbuf_16)
     5    0.020373    0.042164    0.127441    0.459060 ^ clkbuf_5_28__f_wr_clk/X (sky130_fd_sc_hd__clkbuf_16)
                                                         clknet_5_28__leaf_wr_clk (net)
                      0.042164    0.000125    0.459185 ^ _1230_/CLK (sky130_fd_sc_hd__dfrtp_2)
     8    0.031626    0.161647    0.439075    0.898260 ^ _1230_/Q (sky130_fd_sc_hd__dfrtp_2)
                                                         u_fifomem.wr_addr[1] (net)
                      0.161647    0.000109    0.898370 ^ _0540_/B1 (sky130_fd_sc_hd__a31oi_2)
     4    0.023344    0.082915    0.107233    1.005603 v _0540_/Y (sky130_fd_sc_hd__a31oi_2)
                                                         _0148_ (net)
                      0.082915    0.000102    1.005705 v _0541_/B1 (sky130_fd_sc_hd__a21oi_4)
     3    0.009827    0.119334    0.141604    1.147308 ^ _0541_/Y (sky130_fd_sc_hd__a21oi_4)
                                                         u_wr_ptr_full.wr_ptr_bin_next[1] (net)
                      0.119334    0.000067    1.147376 ^ _1230_/D (sky130_fd_sc_hd__dfrtp_2)
                                              1.147376   data arrival time

                                  0.000000    0.000000   clock wr_clk (rise edge)
                                  0.000000    0.000000   clock source latency
     1    0.024374    0.000000    0.000000    0.000000 ^ wr_clk (in)
                                                         wr_clk (net)
                      0.001077    0.000538    0.000538 ^ clkbuf_0_wr_clk/A (sky130_fd_sc_hd__clkbuf_16)
    16    0.103304    0.118752    0.172854    0.173392 ^ clkbuf_0_wr_clk/X (sky130_fd_sc_hd__clkbuf_16)
                                                         clknet_0_wr_clk (net)
                      0.118756    0.000584    0.173977 ^ clkbuf_4_14_0_wr_clk/A (sky130_fd_sc_hd__clkbuf_8)
     2    0.018769    0.049495    0.157434    0.331411 ^ clkbuf_4_14_0_wr_clk/X (sky130_fd_sc_hd__clkbuf_8)
                                                         clknet_4_14_0_wr_clk (net)
                      0.049495    0.000209    0.331619 ^ clkbuf_5_28__f_wr_clk/A (sky130_fd_sc_hd__clkbuf_16)
     5    0.020373    0.042164    0.127441    0.459060 ^ clkbuf_5_28__f_wr_clk/X (sky130_fd_sc_hd__clkbuf_16)
                                                         clknet_5_28__leaf_wr_clk (net)
                      0.042164    0.000125    0.459185 ^ _1230_/CLK (sky130_fd_sc_hd__dfrtp_2)
                                  0.100000    0.559185   clock uncertainty
                                  0.000000    0.559185   clock reconvergence pessimism
                                 -0.050465    0.508720   library hold time
                                              0.508720   data required time
---------------------------------------------------------------------------------------------
                                              0.508720   data required time
                                             -1.147376   data arrival time
---------------------------------------------------------------------------------------------
                                              0.638656   slack (MET)


Startpoint: _1233_ (rising edge-triggered flip-flop clocked by wr_clk)
Endpoint: _1227_ (rising edge-triggered flip-flop clocked by wr_clk)
Path Group: wr_clk
Path Type: min

Fanout         Cap        Slew       Delay        Time   Description
---------------------------------------------------------------------------------------------
                                  0.000000    0.000000   clock wr_clk (rise edge)
                                  0.000000    0.000000   clock source latency
     1    0.024374    0.000000    0.000000    0.000000 ^ wr_clk (in)
                                                         wr_clk (net)
                      0.001077    0.000538    0.000538 ^ clkbuf_0_wr_clk/A (sky130_fd_sc_hd__clkbuf_16)
    16    0.103304    0.118752    0.172854    0.173392 ^ clkbuf_0_wr_clk/X (sky130_fd_sc_hd__clkbuf_16)
                                                         clknet_0_wr_clk (net)
                      0.118756    0.000574    0.173966 ^ clkbuf_4_15_0_wr_clk/A (sky130_fd_sc_hd__clkbuf_8)
     2    0.018836    0.049627    0.157468    0.331434 ^ clkbuf_4_15_0_wr_clk/X (sky130_fd_sc_hd__clkbuf_8)
                                                         clknet_4_15_0_wr_clk (net)
                      0.049629    0.000420    0.331854 ^ clkbuf_5_31__f_wr_clk/A (sky130_fd_sc_hd__clkbuf_16)
     5    0.013882    0.036639    0.121245    0.453099 ^ clkbuf_5_31__f_wr_clk/X (sky130_fd_sc_hd__clkbuf_16)
                                                         clknet_5_31__leaf_wr_clk (net)
                      0.036639    0.000192    0.453291 ^ _1233_/CLK (sky130_fd_sc_hd__dfrtp_2)
     3    0.016515    0.095612    0.385287    0.838578 ^ _1233_/Q (sky130_fd_sc_hd__dfrtp_2)
                                                         u_sync_w2r.wr_ptr_gray[4] (net)
                      0.095612    0.000188    0.838766 ^ _0549_/A (sky130_fd_sc_hd__xor2_2)
     3    0.024901    0.080490    0.137742    0.976508 v _0549_/X (sky130_fd_sc_hd__xor2_2)
                                                         _0154_ (net)
                      0.080490    0.000175    0.976683 v _0550_/A (sky130_fd_sc_hd__inv_2)
     2    0.006469    0.042328    0.066621    1.043304 ^ _0550_/Y (sky130_fd_sc_hd__inv_2)
                                                         u_wr_ptr_full.wr_ptr_bin_next[4] (net)
                      0.042328    0.000081    1.043386 ^ _0570_/A2 (sky130_fd_sc_hd__o21ba_2)
     1    0.003006    0.033834    0.114009    1.157395 ^ _0570_/X (sky130_fd_sc_hd__o21ba_2)
                                                         u_wr_ptr_full.wr_ptr_gray_next[3] (net)
                      0.033834    0.000031    1.157426 ^ _1227_/D (sky130_fd_sc_hd__dfrtp_2)
                                              1.157426   data arrival time

                                  0.000000    0.000000   clock wr_clk (rise edge)
                                  0.000000    0.000000   clock source latency
     1    0.024374    0.000000    0.000000    0.000000 ^ wr_clk (in)
                                                         wr_clk (net)
                      0.001077    0.000538    0.000538 ^ clkbuf_0_wr_clk/A (sky130_fd_sc_hd__clkbuf_16)
    16    0.103304    0.118752    0.172854    0.173392 ^ clkbuf_0_wr_clk/X (sky130_fd_sc_hd__clkbuf_16)
                                                         clknet_0_wr_clk (net)
                      0.118756    0.000574    0.173966 ^ clkbuf_4_15_0_wr_clk/A (sky130_fd_sc_hd__clkbuf_8)
     2    0.018836    0.049627    0.157468    0.331434 ^ clkbuf_4_15_0_wr_clk/X (sky130_fd_sc_hd__clkbuf_8)
                                                         clknet_4_15_0_wr_clk (net)
                      0.049627    0.000290    0.331723 ^ clkbuf_5_30__f_wr_clk/A (sky130_fd_sc_hd__clkbuf_16)
     5    0.012769    0.035690    0.120202    0.451925 ^ clkbuf_5_30__f_wr_clk/X (sky130_fd_sc_hd__clkbuf_16)
                                                         clknet_5_30__leaf_wr_clk (net)
                      0.035690    0.000097    0.452022 ^ _1227_/CLK (sky130_fd_sc_hd__dfrtp_2)
                                  0.100000    0.552022   clock uncertainty
                                  0.000000    0.552022   clock reconvergence pessimism
                                 -0.033634    0.518388   library hold time
                                              0.518388   data required time
---------------------------------------------------------------------------------------------
                                              0.518388   data required time
                                             -1.157426   data arrival time
---------------------------------------------------------------------------------------------
                                              0.639039   slack (MET)


Startpoint: _1203_ (rising edge-triggered flip-flop clocked by rd_clk)
Endpoint: _1190_ (removal check against rising-edge clock rd_clk)
Path Group: asynchronous
Path Type: min

Fanout         Cap        Slew       Delay        Time   Description
---------------------------------------------------------------------------------------------
                                  0.000000    0.000000   clock rd_clk (rise edge)
                                  0.000000    0.000000   clock source latency
     1    0.013587    0.000000    0.000000    0.000000 ^ rd_clk (in)
                                                         rd_clk (net)
                      0.000583    0.000292    0.000292 ^ clkbuf_0_rd_clk/A (sky130_fd_sc_hd__clkbuf_16)
     4    0.037982    0.057948    0.124843    0.125135 ^ clkbuf_0_rd_clk/X (sky130_fd_sc_hd__clkbuf_16)
                                                         clknet_0_rd_clk (net)
                      0.057952    0.000497    0.125632 ^ clkbuf_2_3__f_rd_clk/A (sky130_fd_sc_hd__clkbuf_16)
     7    0.024943    0.046224    0.134831    0.260463 ^ clkbuf_2_3__f_rd_clk/X (sky130_fd_sc_hd__clkbuf_16)
                                                         clknet_2_3__leaf_rd_clk (net)
                      0.046226    0.000337    0.260799 ^ _1203_/CLK (sky130_fd_sc_hd__dfrtp_2)
     2    0.007993    0.060057    0.355608    0.616408 ^ _1203_/Q (sky130_fd_sc_hd__dfrtp_2)
                                                         u_rd_reset_sync.sync_ff2 (net)
                      0.060057    0.000055    0.616463 ^ fanout76/A (sky130_fd_sc_hd__clkdlybuf4s25_1)
     8    0.040905    0.410406    0.509933    1.126396 ^ fanout76/X (sky130_fd_sc_hd__clkdlybuf4s25_1)
                                                         net76 (net)
                      0.410406    0.000247    1.126643 ^ _1190_/SET_B (sky130_fd_sc_hd__dfstp_2)
                                              1.126643   data arrival time

                                  0.000000    0.000000   clock rd_clk (rise edge)
                                  0.000000    0.000000   clock source latency
     1    0.013587    0.000000    0.000000    0.000000 ^ rd_clk (in)
                                                         rd_clk (net)
                      0.000583    0.000292    0.000292 ^ clkbuf_0_rd_clk/A (sky130_fd_sc_hd__clkbuf_16)
     4    0.037982    0.057948    0.124843    0.125135 ^ clkbuf_0_rd_clk/X (sky130_fd_sc_hd__clkbuf_16)
                                                         clknet_0_rd_clk (net)
                      0.057952    0.000497    0.125632 ^ clkbuf_2_3__f_rd_clk/A (sky130_fd_sc_hd__clkbuf_16)
     7    0.024943    0.046224    0.134831    0.260463 ^ clkbuf_2_3__f_rd_clk/X (sky130_fd_sc_hd__clkbuf_16)
                                                         clknet_2_3__leaf_rd_clk (net)
                      0.046226    0.000346    0.260809 ^ _1190_/CLK (sky130_fd_sc_hd__dfstp_2)
                                  0.100000    0.360809   clock uncertainty
                                  0.000000    0.360809   clock reconvergence pessimism
                                  0.124125    0.484934   library removal time
                                              0.484934   data required time
---------------------------------------------------------------------------------------------
                                              0.484934   data required time
                                             -1.126643   data arrival time
---------------------------------------------------------------------------------------------
                                              0.641709   slack (MET)


Startpoint: _1229_ (rising edge-triggered flip-flop clocked by wr_clk)
Endpoint: _1224_ (rising edge-triggered flip-flop clocked by wr_clk)
Path Group: wr_clk
Path Type: min

Fanout         Cap        Slew       Delay        Time   Description
---------------------------------------------------------------------------------------------
                                  0.000000    0.000000   clock wr_clk (rise edge)
                                  0.000000    0.000000   clock source latency
     1    0.024374    0.000000    0.000000    0.000000 ^ wr_clk (in)
                                                         wr_clk (net)
                      0.001077    0.000538    0.000538 ^ clkbuf_0_wr_clk/A (sky130_fd_sc_hd__clkbuf_16)
    16    0.103304    0.118752    0.172854    0.173392 ^ clkbuf_0_wr_clk/X (sky130_fd_sc_hd__clkbuf_16)
                                                         clknet_0_wr_clk (net)
                      0.118756    0.000584    0.173977 ^ clkbuf_4_14_0_wr_clk/A (sky130_fd_sc_hd__clkbuf_8)
     2    0.018769    0.049495    0.157434    0.331411 ^ clkbuf_4_14_0_wr_clk/X (sky130_fd_sc_hd__clkbuf_8)
                                                         clknet_4_14_0_wr_clk (net)
                      0.049495    0.000209    0.331619 ^ clkbuf_5_28__f_wr_clk/A (sky130_fd_sc_hd__clkbuf_16)
     5    0.020373    0.042164    0.127441    0.459060 ^ clkbuf_5_28__f_wr_clk/X (sky130_fd_sc_hd__clkbuf_16)
                                                         clknet_5_28__leaf_wr_clk (net)
                      0.042164    0.000214    0.459275 ^ _1229_/CLK (sky130_fd_sc_hd__dfrtp_2)
     3    0.010571    0.071484    0.365132    0.824407 ^ _1229_/Q (sky130_fd_sc_hd__dfrtp_2)
                                                         u_fifomem.wr_addr[0] (net)
                      0.071484    0.000138    0.824544 ^ _0564_/B1 (sky130_fd_sc_hd__a21o_2)
     1    0.004296    0.032652    0.094085    0.918629 ^ _0564_/X (sky130_fd_sc_hd__a21o_2)
                                                         _0162_ (net)
                      0.032652    0.000061    0.918690 ^ _0565_/A2 (sky130_fd_sc_hd__a22o_2)
     1    0.007188    0.052290    0.146320    1.065010 ^ _0565_/X (sky130_fd_sc_hd__a22o_2)
                                                         _0163_ (net)
                      0.052290    0.000127    1.065137 ^ _0566_/A (sky130_fd_sc_hd__buf_6)
     2    0.011910    0.036346    0.096027    1.161164 ^ _0566_/X (sky130_fd_sc_hd__buf_6)
                                                         u_wr_ptr_full.wr_ptr_gray_next[0] (net)
                      0.036346    0.000076    1.161240 ^ _1224_/D (sky130_fd_sc_hd__dfrtp_2)
                                              1.161240   data arrival time

                                  0.000000    0.000000   clock wr_clk (rise edge)
                                  0.000000    0.000000   clock source latency
     1    0.024374    0.000000    0.000000    0.000000 ^ wr_clk (in)
                                                         wr_clk (net)
                      0.001077    0.000538    0.000538 ^ clkbuf_0_wr_clk/A (sky130_fd_sc_hd__clkbuf_16)
    16    0.103304    0.118752    0.172854    0.173392 ^ clkbuf_0_wr_clk/X (sky130_fd_sc_hd__clkbuf_16)
                                                         clknet_0_wr_clk (net)
                      0.118756    0.000574    0.173966 ^ clkbuf_4_15_0_wr_clk/A (sky130_fd_sc_hd__clkbuf_8)
     2    0.018836    0.049627    0.157468    0.331434 ^ clkbuf_4_15_0_wr_clk/X (sky130_fd_sc_hd__clkbuf_8)
                                                         clknet_4_15_0_wr_clk (net)
                      0.049627    0.000290    0.331723 ^ clkbuf_5_30__f_wr_clk/A (sky130_fd_sc_hd__clkbuf_16)
     5    0.012769    0.035690    0.120202    0.451925 ^ clkbuf_5_30__f_wr_clk/X (sky130_fd_sc_hd__clkbuf_16)
                                                         clknet_5_30__leaf_wr_clk (net)
                      0.035690    0.000086    0.452011 ^ _1224_/CLK (sky130_fd_sc_hd__dfrtp_2)
                                  0.100000    0.552011   clock uncertainty
                                  0.000000    0.552011   clock reconvergence pessimism
                                 -0.034155    0.517856   library hold time
                                              0.517856   data required time
---------------------------------------------------------------------------------------------
                                              0.517856   data required time
                                             -1.161240   data arrival time
---------------------------------------------------------------------------------------------
                                              0.643384   slack (MET)


Startpoint: _1230_ (rising edge-triggered flip-flop clocked by wr_clk)
Endpoint: _1225_ (rising edge-triggered flip-flop clocked by wr_clk)
Path Group: wr_clk
Path Type: min

Fanout         Cap        Slew       Delay        Time   Description
---------------------------------------------------------------------------------------------
                                  0.000000    0.000000   clock wr_clk (rise edge)
                                  0.000000    0.000000   clock source latency
     1    0.024374    0.000000    0.000000    0.000000 ^ wr_clk (in)
                                                         wr_clk (net)
                      0.001077    0.000538    0.000538 ^ clkbuf_0_wr_clk/A (sky130_fd_sc_hd__clkbuf_16)
    16    0.103304    0.118752    0.172854    0.173392 ^ clkbuf_0_wr_clk/X (sky130_fd_sc_hd__clkbuf_16)
                                                         clknet_0_wr_clk (net)
                      0.118756    0.000584    0.173977 ^ clkbuf_4_14_0_wr_clk/A (sky130_fd_sc_hd__clkbuf_8)
     2    0.018769    0.049495    0.157434    0.331411 ^ clkbuf_4_14_0_wr_clk/X (sky130_fd_sc_hd__clkbuf_8)
                                                         clknet_4_14_0_wr_clk (net)
                      0.049495    0.000209    0.331619 ^ clkbuf_5_28__f_wr_clk/A (sky130_fd_sc_hd__clkbuf_16)
     5    0.020373    0.042164    0.127441    0.459060 ^ clkbuf_5_28__f_wr_clk/X (sky130_fd_sc_hd__clkbuf_16)
                                                         clknet_5_28__leaf_wr_clk (net)
                      0.042164    0.000125    0.459185 ^ _1230_/CLK (sky130_fd_sc_hd__dfrtp_2)
     8    0.031626    0.161647    0.439075    0.898260 ^ _1230_/Q (sky130_fd_sc_hd__dfrtp_2)
                                                         u_fifomem.wr_addr[1] (net)
                      0.161647    0.000109    0.898370 ^ _0540_/B1 (sky130_fd_sc_hd__a31oi_2)
     4    0.023344    0.082915    0.107233    1.005603 v _0540_/Y (sky130_fd_sc_hd__a31oi_2)
                                                         _0148_ (net)
                      0.082915    0.000273    1.005876 v _0567_/B (sky130_fd_sc_hd__xnor2_2)
     2    0.011774    0.067952    0.165732    1.171608 v _0567_/Y (sky130_fd_sc_hd__xnor2_2)
                                                         u_wr_ptr_full.wr_ptr_gray_next[1] (net)
                      0.067952    0.000107    1.171715 v _1225_/D (sky130_fd_sc_hd__dfrtp_2)
                                              1.171715   data arrival time

                                  0.000000    0.000000   clock wr_clk (rise edge)
                                  0.000000    0.000000   clock source latency
     1    0.024374    0.000000    0.000000    0.000000 ^ wr_clk (in)
                                                         wr_clk (net)
                      0.001077    0.000538    0.000538 ^ clkbuf_0_wr_clk/A (sky130_fd_sc_hd__clkbuf_16)
    16    0.103304    0.118752    0.172854    0.173392 ^ clkbuf_0_wr_clk/X (sky130_fd_sc_hd__clkbuf_16)
                                                         clknet_0_wr_clk (net)
                      0.118756    0.000584    0.173977 ^ clkbuf_4_14_0_wr_clk/A (sky130_fd_sc_hd__clkbuf_8)
     2    0.018769    0.049495    0.157434    0.331411 ^ clkbuf_4_14_0_wr_clk/X (sky130_fd_sc_hd__clkbuf_8)
                                                         clknet_4_14_0_wr_clk (net)
                      0.049495    0.000209    0.331619 ^ clkbuf_5_28__f_wr_clk/A (sky130_fd_sc_hd__clkbuf_16)
     5    0.020373    0.042164    0.127441    0.459060 ^ clkbuf_5_28__f_wr_clk/X (sky130_fd_sc_hd__clkbuf_16)
                                                         clknet_5_28__leaf_wr_clk (net)
                      0.042164    0.000097    0.459157 ^ _1225_/CLK (sky130_fd_sc_hd__dfrtp_2)
                                  0.100000    0.559157   clock uncertainty
                                  0.000000    0.559157   clock reconvergence pessimism
                                 -0.052105    0.507052   library hold time
                                              0.507052   data required time
---------------------------------------------------------------------------------------------
                                              0.507052   data required time
                                             -1.171715   data arrival time
---------------------------------------------------------------------------------------------
                                              0.664663   slack (MET)


Startpoint: _1238_ (rising edge-triggered flip-flop clocked by rd_clk)
Endpoint: _1234_ (rising edge-triggered flip-flop clocked by rd_clk)
Path Group: rd_clk
Path Type: min

Fanout         Cap        Slew       Delay        Time   Description
---------------------------------------------------------------------------------------------
                                  0.000000    0.000000   clock rd_clk (rise edge)
                                  0.000000    0.000000   clock source latency
     1    0.013587    0.000000    0.000000    0.000000 ^ rd_clk (in)
                                                         rd_clk (net)
                      0.000583    0.000292    0.000292 ^ clkbuf_0_rd_clk/A (sky130_fd_sc_hd__clkbuf_16)
     4    0.037982    0.057948    0.124843    0.125135 ^ clkbuf_0_rd_clk/X (sky130_fd_sc_hd__clkbuf_16)
                                                         clknet_0_rd_clk (net)
                      0.057949    0.000396    0.125530 ^ clkbuf_2_1__f_rd_clk/A (sky130_fd_sc_hd__clkbuf_16)
     7    0.019595    0.041505    0.129773    0.255303 ^ clkbuf_2_1__f_rd_clk/X (sky130_fd_sc_hd__clkbuf_16)
                                                         clknet_2_1__leaf_rd_clk (net)
                      0.041506    0.000117    0.255420 ^ _1238_/CLK (sky130_fd_sc_hd__dfstp_2)
     5    0.022425    0.061143    0.392970    0.648390 v _1238_/Q (sky130_fd_sc_hd__dfstp_2)
                                                         net23 (net)
                      0.061238    0.000908    0.649298 v _0521_/A (sky130_fd_sc_hd__inv_2)
     4    0.017576    0.085186    0.094349    0.743647 ^ _0521_/Y (sky130_fd_sc_hd__inv_2)
                                                         _0133_ (net)
                      0.085186    0.000044    0.743691 ^ _0551_/A1 (sky130_fd_sc_hd__a21oi_2)
     2    0.010842    0.053725    0.076267    0.819958 v _0551_/Y (sky130_fd_sc_hd__a21oi_2)
                                                         _0155_ (net)
                      0.053725    0.000126    0.820084 v _0557_/B (sky130_fd_sc_hd__xor2_2)
     2    0.012445    0.053114    0.164450    0.984534 v _0557_/X (sky130_fd_sc_hd__xor2_2)
                                                         u_rd_ptr_empty.rd_ptr_gray_next[0] (net)
                      0.053114    0.000155    0.984689 v _1234_/D (sky130_fd_sc_hd__dfrtp_2)
                                              0.984689   data arrival time

                                  0.000000    0.000000   clock rd_clk (rise edge)
                                  0.000000    0.000000   clock source latency
     1    0.013587    0.000000    0.000000    0.000000 ^ rd_clk (in)
                                                         rd_clk (net)
                      0.000583    0.000292    0.000292 ^ clkbuf_0_rd_clk/A (sky130_fd_sc_hd__clkbuf_16)
     4    0.037982    0.057948    0.124843    0.125135 ^ clkbuf_0_rd_clk/X (sky130_fd_sc_hd__clkbuf_16)
                                                         clknet_0_rd_clk (net)
                      0.057949    0.000368    0.125502 ^ clkbuf_2_0__f_rd_clk/A (sky130_fd_sc_hd__clkbuf_16)
     8    0.021482    0.043122    0.131561    0.257064 ^ clkbuf_2_0__f_rd_clk/X (sky130_fd_sc_hd__clkbuf_16)
                                                         clknet_2_0__leaf_rd_clk (net)
                      0.043124    0.000225    0.257288 ^ _1234_/CLK (sky130_fd_sc_hd__dfrtp_2)
                                  0.100000    0.357288   clock uncertainty
                                  0.000000    0.357288   clock reconvergence pessimism
                                 -0.045845    0.311444   library hold time
                                              0.311444   data required time
---------------------------------------------------------------------------------------------
                                              0.311444   data required time
                                             -0.984689   data arrival time
---------------------------------------------------------------------------------------------
                                              0.673245   slack (MET)


Startpoint: _1238_ (rising edge-triggered flip-flop clocked by rd_clk)
Endpoint: _1241_ (rising edge-triggered flip-flop clocked by rd_clk)
Path Group: rd_clk
Path Type: min

Fanout         Cap        Slew       Delay        Time   Description
---------------------------------------------------------------------------------------------
                                  0.000000    0.000000   clock rd_clk (rise edge)
                                  0.000000    0.000000   clock source latency
     1    0.013587    0.000000    0.000000    0.000000 ^ rd_clk (in)
                                                         rd_clk (net)
                      0.000583    0.000292    0.000292 ^ clkbuf_0_rd_clk/A (sky130_fd_sc_hd__clkbuf_16)
     4    0.037982    0.057948    0.124843    0.125135 ^ clkbuf_0_rd_clk/X (sky130_fd_sc_hd__clkbuf_16)
                                                         clknet_0_rd_clk (net)
                      0.057949    0.000396    0.125530 ^ clkbuf_2_1__f_rd_clk/A (sky130_fd_sc_hd__clkbuf_16)
     7    0.019595    0.041505    0.129773    0.255303 ^ clkbuf_2_1__f_rd_clk/X (sky130_fd_sc_hd__clkbuf_16)
                                                         clknet_2_1__leaf_rd_clk (net)
                      0.041506    0.000117    0.255420 ^ _1238_/CLK (sky130_fd_sc_hd__dfstp_2)
     5    0.022425    0.061143    0.392970    0.648390 v _1238_/Q (sky130_fd_sc_hd__dfstp_2)
                                                         net23 (net)
                      0.061238    0.000908    0.649298 v _0521_/A (sky130_fd_sc_hd__inv_2)
     4    0.017576    0.085186    0.094349    0.743647 ^ _0521_/Y (sky130_fd_sc_hd__inv_2)
                                                         _0133_ (net)
                      0.085186    0.000100    0.743747 ^ _0524_/A (sky130_fd_sc_hd__nand4_2)
     2    0.007262    0.090312    0.093004    0.836751 v _0524_/Y (sky130_fd_sc_hd__nand4_2)
                                                         _0135_ (net)
                      0.090312    0.000050    0.836801 v _0528_/A2 (sky130_fd_sc_hd__o21ai_2)
     3    0.011912    0.087263    0.185542    1.022343 ^ _0528_/Y (sky130_fd_sc_hd__o21ai_2)
                                                         _0139_ (net)
                      0.087263    0.000245    1.022588 ^ _0529_/A (sky130_fd_sc_hd__inv_2)
     3    0.010788    0.037516    0.053513    1.076101 v _0529_/Y (sky130_fd_sc_hd__inv_2)
                                                         rd_ptr_bin_next_wm[2] (net)
                      0.037516    0.000151    1.076252 v _1241_/D (sky130_fd_sc_hd__dfrtp_2)
                                              1.076252   data arrival time

                                  0.000000    0.000000   clock rd_clk (rise edge)
                                  0.000000    0.000000   clock source latency
     1    0.013587    0.000000    0.000000    0.000000 ^ rd_clk (in)
                                                         rd_clk (net)
                      0.000583    0.000292    0.000292 ^ clkbuf_0_rd_clk/A (sky130_fd_sc_hd__clkbuf_16)
     4    0.037982    0.057948    0.124843    0.125135 ^ clkbuf_0_rd_clk/X (sky130_fd_sc_hd__clkbuf_16)
                                                         clknet_0_rd_clk (net)
                      0.057955    0.000590    0.125724 ^ clkbuf_2_2__f_rd_clk/A (sky130_fd_sc_hd__clkbuf_16)
     8    0.029186    0.050360    0.138604    0.264329 ^ clkbuf_2_2__f_rd_clk/X (sky130_fd_sc_hd__clkbuf_16)
                                                         clknet_2_2__leaf_rd_clk (net)
                      0.050361    0.000284    0.264613 ^ _1241_/CLK (sky130_fd_sc_hd__dfrtp_2)
                                  0.100000    0.364613   clock uncertainty
                                  0.000000    0.364613   clock reconvergence pessimism
                                 -0.037844    0.326769   library hold time
                                              0.326769   data required time
---------------------------------------------------------------------------------------------
                                              0.326769   data required time
                                             -1.076252   data arrival time
---------------------------------------------------------------------------------------------
                                              0.749483   slack (MET)


Startpoint: _1238_ (rising edge-triggered flip-flop clocked by rd_clk)
Endpoint: _1239_ (rising edge-triggered flip-flop clocked by rd_clk)
Path Group: rd_clk
Path Type: min

Fanout         Cap        Slew       Delay        Time   Description
---------------------------------------------------------------------------------------------
                                  0.000000    0.000000   clock rd_clk (rise edge)
                                  0.000000    0.000000   clock source latency
     1    0.013587    0.000000    0.000000    0.000000 ^ rd_clk (in)
                                                         rd_clk (net)
                      0.000583    0.000292    0.000292 ^ clkbuf_0_rd_clk/A (sky130_fd_sc_hd__clkbuf_16)
     4    0.037982    0.057948    0.124843    0.125135 ^ clkbuf_0_rd_clk/X (sky130_fd_sc_hd__clkbuf_16)
                                                         clknet_0_rd_clk (net)
                      0.057949    0.000396    0.125530 ^ clkbuf_2_1__f_rd_clk/A (sky130_fd_sc_hd__clkbuf_16)
     7    0.019595    0.041505    0.129773    0.255303 ^ clkbuf_2_1__f_rd_clk/X (sky130_fd_sc_hd__clkbuf_16)
                                                         clknet_2_1__leaf_rd_clk (net)
                      0.041506    0.000117    0.255420 ^ _1238_/CLK (sky130_fd_sc_hd__dfstp_2)
     5    0.022425    0.061143    0.392970    0.648390 v _1238_/Q (sky130_fd_sc_hd__dfstp_2)
                                                         net23 (net)
                      0.061240    0.000954    0.649344 v _0530_/A_N (sky130_fd_sc_hd__and3b_4)
     3    0.033870    0.134276    0.368610    1.017954 ^ _0530_/X (sky130_fd_sc_hd__and3b_4)
                                                         _0140_ (net)
                      0.134276    0.000334    1.018289 ^ _0552_/A (sky130_fd_sc_hd__nor2_8)
     5    0.019181    0.038008    0.064291    1.082580 v _0552_/Y (sky130_fd_sc_hd__nor2_8)
                                                         rd_ptr_bin_next_wm[0] (net)
                      0.038009    0.000158    1.082738 v _1239_/D (sky130_fd_sc_hd__dfrtp_2)
                                              1.082738   data arrival time

                                  0.000000    0.000000   clock rd_clk (rise edge)
                                  0.000000    0.000000   clock source latency
     1    0.013587    0.000000    0.000000    0.000000 ^ rd_clk (in)
                                                         rd_clk (net)
                      0.000583    0.000292    0.000292 ^ clkbuf_0_rd_clk/A (sky130_fd_sc_hd__clkbuf_16)
     4    0.037982    0.057948    0.124843    0.125135 ^ clkbuf_0_rd_clk/X (sky130_fd_sc_hd__clkbuf_16)
                                                         clknet_0_rd_clk (net)
                      0.057955    0.000590    0.125724 ^ clkbuf_2_2__f_rd_clk/A (sky130_fd_sc_hd__clkbuf_16)
     8    0.029186    0.050360    0.138604    0.264329 ^ clkbuf_2_2__f_rd_clk/X (sky130_fd_sc_hd__clkbuf_16)
                                                         clknet_2_2__leaf_rd_clk (net)
                      0.050361    0.000299    0.264628 ^ _1239_/CLK (sky130_fd_sc_hd__dfrtp_2)
                                  0.100000    0.364628   clock uncertainty
                                  0.000000    0.364628   clock reconvergence pessimism
                                 -0.038045    0.326583   library hold time
                                              0.326583   data required time
---------------------------------------------------------------------------------------------
                                              0.326583   data required time
                                             -1.082738   data arrival time
---------------------------------------------------------------------------------------------
                                              0.756154   slack (MET)


Startpoint: _1228_ (rising edge-triggered flip-flop clocked by wr_clk)
Endpoint: _1229_ (rising edge-triggered flip-flop clocked by wr_clk)
Path Group: wr_clk
Path Type: min

Fanout         Cap        Slew       Delay        Time   Description
---------------------------------------------------------------------------------------------
                                  0.000000    0.000000   clock wr_clk (rise edge)
                                  0.000000    0.000000   clock source latency
     1    0.024374    0.000000    0.000000    0.000000 ^ wr_clk (in)
                                                         wr_clk (net)
                      0.001077    0.000538    0.000538 ^ clkbuf_0_wr_clk/A (sky130_fd_sc_hd__clkbuf_16)
    16    0.103304    0.118752    0.172854    0.173392 ^ clkbuf_0_wr_clk/X (sky130_fd_sc_hd__clkbuf_16)
                                                         clknet_0_wr_clk (net)
                      0.118756    0.000584    0.173977 ^ clkbuf_4_14_0_wr_clk/A (sky130_fd_sc_hd__clkbuf_8)
     2    0.018769    0.049495    0.157434    0.331411 ^ clkbuf_4_14_0_wr_clk/X (sky130_fd_sc_hd__clkbuf_8)
                                                         clknet_4_14_0_wr_clk (net)
                      0.049495    0.000244    0.331655 ^ clkbuf_5_29__f_wr_clk/A (sky130_fd_sc_hd__clkbuf_16)
     5    0.013959    0.036703    0.121281    0.452935 ^ clkbuf_5_29__f_wr_clk/X (sky130_fd_sc_hd__clkbuf_16)
                                                         clknet_5_29__leaf_wr_clk (net)
                      0.036703    0.000155    0.453091 ^ _1228_/CLK (sky130_fd_sc_hd__dfrtp_2)
     3    0.014960    0.088942    0.379980    0.833070 ^ _1228_/Q (sky130_fd_sc_hd__dfrtp_2)
                                                         net24 (net)
                      0.088942    0.000275    0.833346 ^ _0539_/A (sky130_fd_sc_hd__inv_2)
     6    0.020866    0.055437    0.072871    0.906216 v _0539_/Y (sky130_fd_sc_hd__inv_2)
                                                         _0147_ (net)
                      0.055438    0.000346    0.906562 v _0554_/A1 (sky130_fd_sc_hd__a21oi_2)
     2    0.007939    0.123683    0.152412    1.058974 ^ _0554_/Y (sky130_fd_sc_hd__a21oi_2)
                                                         _0157_ (net)
                      0.123683    0.000074    1.059049 ^ _0555_/B (sky130_fd_sc_hd__or2_2)
     3    0.015677    0.088932    0.171060    1.230108 ^ _0555_/X (sky130_fd_sc_hd__or2_2)
                                                         _0158_ (net)
                      0.088932    0.000280    1.230388 ^ _0556_/A (sky130_fd_sc_hd__inv_2)
     2    0.010322    0.036855    0.052836    1.283224 v _0556_/Y (sky130_fd_sc_hd__inv_2)
                                                         u_wr_ptr_full.wr_ptr_bin_next[0] (net)
                      0.036855    0.000130    1.283354 v _1229_/D (sky130_fd_sc_hd__dfrtp_2)
                                              1.283354   data arrival time

                                  0.000000    0.000000   clock wr_clk (rise edge)
                                  0.000000    0.000000   clock source latency
     1    0.024374    0.000000    0.000000    0.000000 ^ wr_clk (in)
                                                         wr_clk (net)
                      0.001077    0.000538    0.000538 ^ clkbuf_0_wr_clk/A (sky130_fd_sc_hd__clkbuf_16)
    16    0.103304    0.118752    0.172854    0.173392 ^ clkbuf_0_wr_clk/X (sky130_fd_sc_hd__clkbuf_16)
                                                         clknet_0_wr_clk (net)
                      0.118756    0.000584    0.173977 ^ clkbuf_4_14_0_wr_clk/A (sky130_fd_sc_hd__clkbuf_8)
     2    0.018769    0.049495    0.157434    0.331411 ^ clkbuf_4_14_0_wr_clk/X (sky130_fd_sc_hd__clkbuf_8)
                                                         clknet_4_14_0_wr_clk (net)
                      0.049495    0.000209    0.331619 ^ clkbuf_5_28__f_wr_clk/A (sky130_fd_sc_hd__clkbuf_16)
     5    0.020373    0.042164    0.127441    0.459060 ^ clkbuf_5_28__f_wr_clk/X (sky130_fd_sc_hd__clkbuf_16)
                                                         clknet_5_28__leaf_wr_clk (net)
                      0.042164    0.000214    0.459275 ^ _1229_/CLK (sky130_fd_sc_hd__dfrtp_2)
                                  0.100000    0.559275   clock uncertainty
                                  0.000000    0.559275   clock reconvergence pessimism
                                 -0.039444    0.519830   library hold time
                                              0.519830   data required time
---------------------------------------------------------------------------------------------
                                              0.519830   data required time
                                             -1.283354   data arrival time
---------------------------------------------------------------------------------------------
                                              0.763524   slack (MET)


Startpoint: _1242_ (rising edge-triggered flip-flop clocked by rd_clk)
Endpoint: _1242_ (rising edge-triggered flip-flop clocked by rd_clk)
Path Group: rd_clk
Path Type: min

Fanout         Cap        Slew       Delay        Time   Description
---------------------------------------------------------------------------------------------
                                  0.000000    0.000000   clock rd_clk (rise edge)
                                  0.000000    0.000000   clock source latency
     1    0.013587    0.000000    0.000000    0.000000 ^ rd_clk (in)
                                                         rd_clk (net)
                      0.000583    0.000292    0.000292 ^ clkbuf_0_rd_clk/A (sky130_fd_sc_hd__clkbuf_16)
     4    0.037982    0.057948    0.124843    0.125135 ^ clkbuf_0_rd_clk/X (sky130_fd_sc_hd__clkbuf_16)
                                                         clknet_0_rd_clk (net)
                      0.057955    0.000590    0.125724 ^ clkbuf_2_2__f_rd_clk/A (sky130_fd_sc_hd__clkbuf_16)
     8    0.029186    0.050360    0.138604    0.264329 ^ clkbuf_2_2__f_rd_clk/X (sky130_fd_sc_hd__clkbuf_16)
                                                         clknet_2_2__leaf_rd_clk (net)
                      0.050361    0.000454    0.264782 ^ _1242_/CLK (sky130_fd_sc_hd__dfrtp_2)
     7    0.052489    0.146890    0.506476    0.771258 v _1242_/Q (sky130_fd_sc_hd__dfrtp_2)
                                                         rd_ptr_bin[3] (net)
                      0.146891    0.000628    0.771886 v _0531_/C (sky130_fd_sc_hd__nand4_4)
     4    0.031662    0.143802    0.192129    0.964015 ^ _0531_/Y (sky130_fd_sc_hd__nand4_4)
                                                         _0141_ (net)
                      0.143803    0.000761    0.964775 ^ _0534_/A (sky130_fd_sc_hd__nand2_2)
     3    0.012706    0.068733    0.095036    1.059811 v _0534_/Y (sky130_fd_sc_hd__nand2_2)
                                                         _0144_ (net)
                      0.068733    0.000037    1.059848 v _0535_/A (sky130_fd_sc_hd__inv_2)
     1    0.003237    0.028546    0.050410    1.110258 ^ _0535_/Y (sky130_fd_sc_hd__inv_2)
                                                         rd_ptr_bin_next_wm[3] (net)
                      0.028546    0.000040    1.110298 ^ _1242_/D (sky130_fd_sc_hd__dfrtp_2)
                                              1.110298   data arrival time

                                  0.000000    0.000000   clock rd_clk (rise edge)
                                  0.000000    0.000000   clock source latency
     1    0.013587    0.000000    0.000000    0.000000 ^ rd_clk (in)
                                                         rd_clk (net)
                      0.000583    0.000292    0.000292 ^ clkbuf_0_rd_clk/A (sky130_fd_sc_hd__clkbuf_16)
     4    0.037982    0.057948    0.124843    0.125135 ^ clkbuf_0_rd_clk/X (sky130_fd_sc_hd__clkbuf_16)
                                                         clknet_0_rd_clk (net)
                      0.057955    0.000590    0.125724 ^ clkbuf_2_2__f_rd_clk/A (sky130_fd_sc_hd__clkbuf_16)
     8    0.029186    0.050360    0.138604    0.264329 ^ clkbuf_2_2__f_rd_clk/X (sky130_fd_sc_hd__clkbuf_16)
                                                         clknet_2_2__leaf_rd_clk (net)
                      0.050361    0.000454    0.264782 ^ _1242_/CLK (sky130_fd_sc_hd__dfrtp_2)
                                  0.100000    0.364782   clock uncertainty
                                  0.000000    0.364782   clock reconvergence pessimism
                                 -0.030539    0.334243   library hold time
                                              0.334243   data required time
---------------------------------------------------------------------------------------------
                                              0.334243   data required time
                                             -1.110298   data arrival time
---------------------------------------------------------------------------------------------
                                              0.776055   slack (MET)


Startpoint: _1223_ (rising edge-triggered flip-flop clocked by wr_clk)
Endpoint: _1228_ (rising edge-triggered flip-flop clocked by wr_clk)
Path Group: wr_clk
Path Type: min

Fanout         Cap        Slew       Delay        Time   Description
---------------------------------------------------------------------------------------------
                                  0.000000    0.000000   clock wr_clk (rise edge)
                                  0.000000    0.000000   clock source latency
     1    0.024374    0.000000    0.000000    0.000000 ^ wr_clk (in)
                                                         wr_clk (net)
                      0.001077    0.000538    0.000538 ^ clkbuf_0_wr_clk/A (sky130_fd_sc_hd__clkbuf_16)
    16    0.103304    0.118752    0.172854    0.173392 ^ clkbuf_0_wr_clk/X (sky130_fd_sc_hd__clkbuf_16)
                                                         clknet_0_wr_clk (net)
                      0.118756    0.000584    0.173977 ^ clkbuf_4_14_0_wr_clk/A (sky130_fd_sc_hd__clkbuf_8)
     2    0.018769    0.049495    0.157434    0.331411 ^ clkbuf_4_14_0_wr_clk/X (sky130_fd_sc_hd__clkbuf_8)
                                                         clknet_4_14_0_wr_clk (net)
                      0.049495    0.000244    0.331655 ^ clkbuf_5_29__f_wr_clk/A (sky130_fd_sc_hd__clkbuf_16)
     5    0.013959    0.036703    0.121281    0.452935 ^ clkbuf_5_29__f_wr_clk/X (sky130_fd_sc_hd__clkbuf_16)
                                                         clknet_5_29__leaf_wr_clk (net)
                      0.036703    0.000215    0.453151 ^ _1223_/CLK (sky130_fd_sc_hd__dfrtp_2)
     8    0.041709    0.204554    0.470691    0.923842 ^ _1223_/Q (sky130_fd_sc_hd__dfrtp_2)
                                                         u_sync_r2w.sync_stage2[4] (net)
                      0.204554    0.000137    0.923978 ^ _0632_/A (sky130_fd_sc_hd__xnor2_2)
     2    0.006891    0.047948    0.106743    1.030721 v _0632_/Y (sky130_fd_sc_hd__xnor2_2)
                                                         _0226_ (net)
                      0.047948    0.000047    1.030768 v _0716_/C (sky130_fd_sc_hd__and4_4)
     1    0.005302    0.030063    0.177688    1.208457 v _0716_/X (sky130_fd_sc_hd__and4_4)
                                                         _0307_ (net)
                      0.030063    0.000065    1.208522 v _0717_/A (sky130_fd_sc_hd__buf_6)
     1    0.002559    0.019068    0.098741    1.307263 v _0717_/X (sky130_fd_sc_hd__buf_6)
                                                         u_wr_ptr_full.full_val (net)
                      0.019068    0.000016    1.307280 v _1228_/D (sky130_fd_sc_hd__dfrtp_2)
                                              1.307280   data arrival time

                                  0.000000    0.000000   clock wr_clk (rise edge)
                                  0.000000    0.000000   clock source latency
     1    0.024374    0.000000    0.000000    0.000000 ^ wr_clk (in)
                                                         wr_clk (net)
                      0.001077    0.000538    0.000538 ^ clkbuf_0_wr_clk/A (sky130_fd_sc_hd__clkbuf_16)
    16    0.103304    0.118752    0.172854    0.173392 ^ clkbuf_0_wr_clk/X (sky130_fd_sc_hd__clkbuf_16)
                                                         clknet_0_wr_clk (net)
                      0.118756    0.000584    0.173977 ^ clkbuf_4_14_0_wr_clk/A (sky130_fd_sc_hd__clkbuf_8)
     2    0.018769    0.049495    0.157434    0.331411 ^ clkbuf_4_14_0_wr_clk/X (sky130_fd_sc_hd__clkbuf_8)
                                                         clknet_4_14_0_wr_clk (net)
                      0.049495    0.000244    0.331655 ^ clkbuf_5_29__f_wr_clk/A (sky130_fd_sc_hd__clkbuf_16)
     5    0.013959    0.036703    0.121281    0.452935 ^ clkbuf_5_29__f_wr_clk/X (sky130_fd_sc_hd__clkbuf_16)
                                                         clknet_5_29__leaf_wr_clk (net)
                      0.036703    0.000155    0.453091 ^ _1228_/CLK (sky130_fd_sc_hd__dfrtp_2)
                                  0.100000    0.553091   clock uncertainty
                                  0.000000    0.553091   clock reconvergence pessimism
                                 -0.033447    0.519643   library hold time
                                              0.519643   data required time
---------------------------------------------------------------------------------------------
                                              0.519643   data required time
                                             -1.307280   data arrival time
---------------------------------------------------------------------------------------------
                                              0.787636   slack (MET)


Startpoint: _1232_ (rising edge-triggered flip-flop clocked by wr_clk)
Endpoint: _1226_ (rising edge-triggered flip-flop clocked by wr_clk)
Path Group: wr_clk
Path Type: min

Fanout         Cap        Slew       Delay        Time   Description
---------------------------------------------------------------------------------------------
                                  0.000000    0.000000   clock wr_clk (rise edge)
                                  0.000000    0.000000   clock source latency
     1    0.024374    0.000000    0.000000    0.000000 ^ wr_clk (in)
                                                         wr_clk (net)
                      0.001077    0.000538    0.000538 ^ clkbuf_0_wr_clk/A (sky130_fd_sc_hd__clkbuf_16)
    16    0.103304    0.118752    0.172854    0.173392 ^ clkbuf_0_wr_clk/X (sky130_fd_sc_hd__clkbuf_16)
                                                         clknet_0_wr_clk (net)
                      0.118756    0.000574    0.173966 ^ clkbuf_4_15_0_wr_clk/A (sky130_fd_sc_hd__clkbuf_8)
     2    0.018836    0.049627    0.157468    0.331434 ^ clkbuf_4_15_0_wr_clk/X (sky130_fd_sc_hd__clkbuf_8)
                                                         clknet_4_15_0_wr_clk (net)
                      0.049627    0.000290    0.331723 ^ clkbuf_5_30__f_wr_clk/A (sky130_fd_sc_hd__clkbuf_16)
     5    0.012769    0.035690    0.120202    0.451925 ^ clkbuf_5_30__f_wr_clk/X (sky130_fd_sc_hd__clkbuf_16)
                                                         clknet_5_30__leaf_wr_clk (net)
                      0.035690    0.000120    0.452045 ^ _1232_/CLK (sky130_fd_sc_hd__dfrtp_2)
     1    0.002625    0.037209    0.325913    0.777958 ^ _1232_/Q (sky130_fd_sc_hd__dfrtp_2)
                                                         u_fifomem.wr_addr[3] (net)
                      0.037209    0.000023    0.777981 ^ fanout66/A (sky130_fd_sc_hd__clkdlybuf4s25_1)
     4    0.025620    0.261949    0.397579    1.175560 ^ fanout66/X (sky130_fd_sc_hd__clkdlybuf4s25_1)
                                                         net66 (net)
                      0.261949    0.000353    1.175912 ^ _0568_/A (sky130_fd_sc_hd__xnor2_2)
     2    0.011726    0.067086    0.136462    1.312374 v _0568_/Y (sky130_fd_sc_hd__xnor2_2)
                                                         u_wr_ptr_full.wr_ptr_gray_next[2] (net)
                      0.067086    0.000109    1.312483 v _1226_/D (sky130_fd_sc_hd__dfrtp_2)
                                              1.312483   data arrival time

                                  0.000000    0.000000   clock wr_clk (rise edge)
                                  0.000000    0.000000   clock source latency
     1    0.024374    0.000000    0.000000    0.000000 ^ wr_clk (in)
                                                         wr_clk (net)
                      0.001077    0.000538    0.000538 ^ clkbuf_0_wr_clk/A (sky130_fd_sc_hd__clkbuf_16)
    16    0.103304    0.118752    0.172854    0.173392 ^ clkbuf_0_wr_clk/X (sky130_fd_sc_hd__clkbuf_16)
                                                         clknet_0_wr_clk (net)
                      0.118756    0.000574    0.173966 ^ clkbuf_4_15_0_wr_clk/A (sky130_fd_sc_hd__clkbuf_8)
     2    0.018836    0.049627    0.157468    0.331434 ^ clkbuf_4_15_0_wr_clk/X (sky130_fd_sc_hd__clkbuf_8)
                                                         clknet_4_15_0_wr_clk (net)
                      0.049629    0.000420    0.331854 ^ clkbuf_5_31__f_wr_clk/A (sky130_fd_sc_hd__clkbuf_16)
     5    0.013882    0.036639    0.121245    0.453099 ^ clkbuf_5_31__f_wr_clk/X (sky130_fd_sc_hd__clkbuf_16)
                                                         clknet_5_31__leaf_wr_clk (net)
                      0.036639    0.000212    0.453311 ^ _1226_/CLK (sky130_fd_sc_hd__dfrtp_2)
                                  0.100000    0.553311   clock uncertainty
                                  0.000000    0.553311   clock reconvergence pessimism
                                 -0.053013    0.500298   library hold time
                                              0.500298   data required time
---------------------------------------------------------------------------------------------
                                              0.500298   data required time
                                             -1.312483   data arrival time
---------------------------------------------------------------------------------------------
                                              0.812185   slack (MET)


Startpoint: _1230_ (rising edge-triggered flip-flop clocked by wr_clk)
Endpoint: _1231_ (rising edge-triggered flip-flop clocked by wr_clk)
Path Group: wr_clk
Path Type: min

Fanout         Cap        Slew       Delay        Time   Description
---------------------------------------------------------------------------------------------
                                  0.000000    0.000000   clock wr_clk (rise edge)
                                  0.000000    0.000000   clock source latency
     1    0.024374    0.000000    0.000000    0.000000 ^ wr_clk (in)
                                                         wr_clk (net)
                      0.001077    0.000538    0.000538 ^ clkbuf_0_wr_clk/A (sky130_fd_sc_hd__clkbuf_16)
    16    0.103304    0.118752    0.172854    0.173392 ^ clkbuf_0_wr_clk/X (sky130_fd_sc_hd__clkbuf_16)
                                                         clknet_0_wr_clk (net)
                      0.118756    0.000584    0.173977 ^ clkbuf_4_14_0_wr_clk/A (sky130_fd_sc_hd__clkbuf_8)
     2    0.018769    0.049495    0.157434    0.331411 ^ clkbuf_4_14_0_wr_clk/X (sky130_fd_sc_hd__clkbuf_8)
                                                         clknet_4_14_0_wr_clk (net)
                      0.049495    0.000209    0.331619 ^ clkbuf_5_28__f_wr_clk/A (sky130_fd_sc_hd__clkbuf_16)
     5    0.020373    0.042164    0.127441    0.459060 ^ clkbuf_5_28__f_wr_clk/X (sky130_fd_sc_hd__clkbuf_16)
                                                         clknet_5_28__leaf_wr_clk (net)
                      0.042164    0.000125    0.459185 ^ _1230_/CLK (sky130_fd_sc_hd__dfrtp_2)
     8    0.031626    0.161647    0.439075    0.898260 ^ _1230_/Q (sky130_fd_sc_hd__dfrtp_2)
                                                         u_fifomem.wr_addr[1] (net)
                      0.161647    0.000264    0.898524 ^ _0537_/C (sky130_fd_sc_hd__and3b_2)
     1    0.005497    0.054527    0.210021    1.108545 ^ _0537_/X (sky130_fd_sc_hd__and3b_2)
                                                         _0145_ (net)
                      0.054527    0.000054    1.108599 ^ _0538_/A (sky130_fd_sc_hd__buf_6)
     6    0.043344    0.093632    0.141134    1.249732 ^ _0538_/X (sky130_fd_sc_hd__buf_6)
                                                         _0146_ (net)
                      0.093633    0.000577    1.250309 ^ _0544_/A1 (sky130_fd_sc_hd__a21oi_4)
     5    0.020326    0.061563    0.081701    1.332011 v _0544_/Y (sky130_fd_sc_hd__a21oi_4)
                                                         u_wr_ptr_full.wr_ptr_bin_next[2] (net)
                      0.061563    0.000126    1.332137 v _1231_/D (sky130_fd_sc_hd__dfrtp_2)
                                              1.332137   data arrival time

                                  0.000000    0.000000   clock wr_clk (rise edge)
                                  0.000000    0.000000   clock source latency
     1    0.024374    0.000000    0.000000    0.000000 ^ wr_clk (in)
                                                         wr_clk (net)
                      0.001077    0.000538    0.000538 ^ clkbuf_0_wr_clk/A (sky130_fd_sc_hd__clkbuf_16)
    16    0.103304    0.118752    0.172854    0.173392 ^ clkbuf_0_wr_clk/X (sky130_fd_sc_hd__clkbuf_16)
                                                         clknet_0_wr_clk (net)
                      0.118756    0.000584    0.173977 ^ clkbuf_4_14_0_wr_clk/A (sky130_fd_sc_hd__clkbuf_8)
     2    0.018769    0.049495    0.157434    0.331411 ^ clkbuf_4_14_0_wr_clk/X (sky130_fd_sc_hd__clkbuf_8)
                                                         clknet_4_14_0_wr_clk (net)
                      0.049495    0.000209    0.331619 ^ clkbuf_5_28__f_wr_clk/A (sky130_fd_sc_hd__clkbuf_16)
     5    0.020373    0.042164    0.127441    0.459060 ^ clkbuf_5_28__f_wr_clk/X (sky130_fd_sc_hd__clkbuf_16)
                                                         clknet_5_28__leaf_wr_clk (net)
                      0.042164    0.000135    0.459195 ^ _1231_/CLK (sky130_fd_sc_hd__dfrtp_2)
                                  0.100000    0.559195   clock uncertainty
                                  0.000000    0.559195   clock reconvergence pessimism
                                 -0.049504    0.509691   library hold time
                                              0.509691   data required time
---------------------------------------------------------------------------------------------
                                              0.509691   data required time
                                             -1.332137   data arrival time
---------------------------------------------------------------------------------------------
                                              0.822445   slack (MET)


Startpoint: _1201_ (rising edge-triggered flip-flop clocked by wr_clk)
Endpoint: _1226_ (removal check against rising-edge clock wr_clk)
Path Group: asynchronous
Path Type: min

Fanout         Cap        Slew       Delay        Time   Description
---------------------------------------------------------------------------------------------
                                  0.000000    0.000000   clock wr_clk (rise edge)
                                  0.000000    0.000000   clock source latency
     1    0.024374    0.000000    0.000000    0.000000 ^ wr_clk (in)
                                                         wr_clk (net)
                      0.001077    0.000538    0.000538 ^ clkbuf_0_wr_clk/A (sky130_fd_sc_hd__clkbuf_16)
    16    0.103304    0.118752    0.172854    0.173392 ^ clkbuf_0_wr_clk/X (sky130_fd_sc_hd__clkbuf_16)
                                                         clknet_0_wr_clk (net)
                      0.118777    0.001434    0.174826 ^ clkbuf_4_10_0_wr_clk/A (sky130_fd_sc_hd__clkbuf_8)
     2    0.019042    0.049921    0.157851    0.332677 ^ clkbuf_4_10_0_wr_clk/X (sky130_fd_sc_hd__clkbuf_8)
                                                         clknet_4_10_0_wr_clk (net)
                      0.049921    0.000226    0.332903 ^ clkbuf_5_21__f_wr_clk/A (sky130_fd_sc_hd__clkbuf_16)
     6    0.019165    0.041133    0.126353    0.459256 ^ clkbuf_5_21__f_wr_clk/X (sky130_fd_sc_hd__clkbuf_16)
                                                         clknet_5_21__leaf_wr_clk (net)
                      0.041134    0.000499    0.459755 ^ _1201_/CLK (sky130_fd_sc_hd__dfrtp_2)
     1    0.003323    0.040313    0.332041    0.791796 ^ _1201_/Q (sky130_fd_sc_hd__dfrtp_2)
                                                         u_wr_reset_sync.sync_ff2 (net)
                      0.040313    0.000041    0.791836 ^ fanout80/A (sky130_fd_sc_hd__clkdlybuf4s25_1)
     7    0.039623    0.398346    0.493948    1.285784 ^ fanout80/X (sky130_fd_sc_hd__clkdlybuf4s25_1)
                                                         net80 (net)
                      0.398346    0.000185    1.285969 ^ fanout79/A (sky130_fd_sc_hd__clkdlybuf4s25_1)
     5    0.023416    0.240421    0.466582    1.752552 ^ fanout79/X (sky130_fd_sc_hd__clkdlybuf4s25_1)
                                                         net79 (net)
                      0.240421    0.000649    1.753201 ^ _1226_/RESET_B (sky130_fd_sc_hd__dfrtp_2)
                                              1.753201   data arrival time

                                  0.000000    0.000000   clock wr_clk (rise edge)
                                  0.000000    0.000000   clock source latency
     1    0.024374    0.000000    0.000000    0.000000 ^ wr_clk (in)
                                                         wr_clk (net)
                      0.001077    0.000538    0.000538 ^ clkbuf_0_wr_clk/A (sky130_fd_sc_hd__clkbuf_16)
    16    0.103304    0.118752    0.172854    0.173392 ^ clkbuf_0_wr_clk/X (sky130_fd_sc_hd__clkbuf_16)
                                                         clknet_0_wr_clk (net)
                      0.118756    0.000574    0.173966 ^ clkbuf_4_15_0_wr_clk/A (sky130_fd_sc_hd__clkbuf_8)
     2    0.018836    0.049627    0.157468    0.331434 ^ clkbuf_4_15_0_wr_clk/X (sky130_fd_sc_hd__clkbuf_8)
                                                         clknet_4_15_0_wr_clk (net)
                      0.049629    0.000420    0.331854 ^ clkbuf_5_31__f_wr_clk/A (sky130_fd_sc_hd__clkbuf_16)
     5    0.013882    0.036639    0.121245    0.453099 ^ clkbuf_5_31__f_wr_clk/X (sky130_fd_sc_hd__clkbuf_16)
                                                         clknet_5_31__leaf_wr_clk (net)
                      0.036639    0.000212    0.453311 ^ _1226_/CLK (sky130_fd_sc_hd__dfrtp_2)
                                  0.100000    0.553311   clock uncertainty
                                  0.000000    0.553311   clock reconvergence pessimism
                                  0.371234    0.924545   library removal time
                                              0.924545   data required time
---------------------------------------------------------------------------------------------
                                              0.924545   data required time
                                             -1.753201   data arrival time
---------------------------------------------------------------------------------------------
                                              0.828656   slack (MET)


Startpoint: _1201_ (rising edge-triggered flip-flop clocked by wr_clk)
Endpoint: _1233_ (removal check against rising-edge clock wr_clk)
Path Group: asynchronous
Path Type: min

Fanout         Cap        Slew       Delay        Time   Description
---------------------------------------------------------------------------------------------
                                  0.000000    0.000000   clock wr_clk (rise edge)
                                  0.000000    0.000000   clock source latency
     1    0.024374    0.000000    0.000000    0.000000 ^ wr_clk (in)
                                                         wr_clk (net)
                      0.001077    0.000538    0.000538 ^ clkbuf_0_wr_clk/A (sky130_fd_sc_hd__clkbuf_16)
    16    0.103304    0.118752    0.172854    0.173392 ^ clkbuf_0_wr_clk/X (sky130_fd_sc_hd__clkbuf_16)
                                                         clknet_0_wr_clk (net)
                      0.118777    0.001434    0.174826 ^ clkbuf_4_10_0_wr_clk/A (sky130_fd_sc_hd__clkbuf_8)
     2    0.019042    0.049921    0.157851    0.332677 ^ clkbuf_4_10_0_wr_clk/X (sky130_fd_sc_hd__clkbuf_8)
                                                         clknet_4_10_0_wr_clk (net)
                      0.049921    0.000226    0.332903 ^ clkbuf_5_21__f_wr_clk/A (sky130_fd_sc_hd__clkbuf_16)
     6    0.019165    0.041133    0.126353    0.459256 ^ clkbuf_5_21__f_wr_clk/X (sky130_fd_sc_hd__clkbuf_16)
                                                         clknet_5_21__leaf_wr_clk (net)
                      0.041134    0.000499    0.459755 ^ _1201_/CLK (sky130_fd_sc_hd__dfrtp_2)
     1    0.003323    0.040313    0.332041    0.791796 ^ _1201_/Q (sky130_fd_sc_hd__dfrtp_2)
                                                         u_wr_reset_sync.sync_ff2 (net)
                      0.040313    0.000041    0.791836 ^ fanout80/A (sky130_fd_sc_hd__clkdlybuf4s25_1)
     7    0.039623    0.398346    0.493948    1.285784 ^ fanout80/X (sky130_fd_sc_hd__clkdlybuf4s25_1)
                                                         net80 (net)
                      0.398346    0.000185    1.285969 ^ fanout79/A (sky130_fd_sc_hd__clkdlybuf4s25_1)
     5    0.023416    0.240421    0.466582    1.752552 ^ fanout79/X (sky130_fd_sc_hd__clkdlybuf4s25_1)
                                                         net79 (net)
                      0.240421    0.000687    1.753239 ^ _1233_/RESET_B (sky130_fd_sc_hd__dfrtp_2)
                                              1.753239   data arrival time

                                  0.000000    0.000000   clock wr_clk (rise edge)
                                  0.000000    0.000000   clock source latency
     1    0.024374    0.000000    0.000000    0.000000 ^ wr_clk (in)
                                                         wr_clk (net)
                      0.001077    0.000538    0.000538 ^ clkbuf_0_wr_clk/A (sky130_fd_sc_hd__clkbuf_16)
    16    0.103304    0.118752    0.172854    0.173392 ^ clkbuf_0_wr_clk/X (sky130_fd_sc_hd__clkbuf_16)
                                                         clknet_0_wr_clk (net)
                      0.118756    0.000574    0.173966 ^ clkbuf_4_15_0_wr_clk/A (sky130_fd_sc_hd__clkbuf_8)
     2    0.018836    0.049627    0.157468    0.331434 ^ clkbuf_4_15_0_wr_clk/X (sky130_fd_sc_hd__clkbuf_8)
                                                         clknet_4_15_0_wr_clk (net)
                      0.049629    0.000420    0.331854 ^ clkbuf_5_31__f_wr_clk/A (sky130_fd_sc_hd__clkbuf_16)
     5    0.013882    0.036639    0.121245    0.453099 ^ clkbuf_5_31__f_wr_clk/X (sky130_fd_sc_hd__clkbuf_16)
                                                         clknet_5_31__leaf_wr_clk (net)
                      0.036639    0.000192    0.453291 ^ _1233_/CLK (sky130_fd_sc_hd__dfrtp_2)
                                  0.100000    0.553291   clock uncertainty
                                  0.000000    0.553291   clock reconvergence pessimism
                                  0.371234    0.924525   library removal time
                                              0.924525   data required time
---------------------------------------------------------------------------------------------
                                              0.924525   data required time
                                             -1.753239   data arrival time
---------------------------------------------------------------------------------------------
                                              0.828714   slack (MET)


Startpoint: _1201_ (rising edge-triggered flip-flop clocked by wr_clk)
Endpoint: _1232_ (removal check against rising-edge clock wr_clk)
Path Group: asynchronous
Path Type: min

Fanout         Cap        Slew       Delay        Time   Description
---------------------------------------------------------------------------------------------
                                  0.000000    0.000000   clock wr_clk (rise edge)
                                  0.000000    0.000000   clock source latency
     1    0.024374    0.000000    0.000000    0.000000 ^ wr_clk (in)
                                                         wr_clk (net)
                      0.001077    0.000538    0.000538 ^ clkbuf_0_wr_clk/A (sky130_fd_sc_hd__clkbuf_16)
    16    0.103304    0.118752    0.172854    0.173392 ^ clkbuf_0_wr_clk/X (sky130_fd_sc_hd__clkbuf_16)
                                                         clknet_0_wr_clk (net)
                      0.118777    0.001434    0.174826 ^ clkbuf_4_10_0_wr_clk/A (sky130_fd_sc_hd__clkbuf_8)
     2    0.019042    0.049921    0.157851    0.332677 ^ clkbuf_4_10_0_wr_clk/X (sky130_fd_sc_hd__clkbuf_8)
                                                         clknet_4_10_0_wr_clk (net)
                      0.049921    0.000226    0.332903 ^ clkbuf_5_21__f_wr_clk/A (sky130_fd_sc_hd__clkbuf_16)
     6    0.019165    0.041133    0.126353    0.459256 ^ clkbuf_5_21__f_wr_clk/X (sky130_fd_sc_hd__clkbuf_16)
                                                         clknet_5_21__leaf_wr_clk (net)
                      0.041134    0.000499    0.459755 ^ _1201_/CLK (sky130_fd_sc_hd__dfrtp_2)
     1    0.003323    0.040313    0.332041    0.791796 ^ _1201_/Q (sky130_fd_sc_hd__dfrtp_2)
                                                         u_wr_reset_sync.sync_ff2 (net)
                      0.040313    0.000041    0.791836 ^ fanout80/A (sky130_fd_sc_hd__clkdlybuf4s25_1)
     7    0.039623    0.398346    0.493948    1.285784 ^ fanout80/X (sky130_fd_sc_hd__clkdlybuf4s25_1)
                                                         net80 (net)
                      0.398346    0.000185    1.285969 ^ fanout79/A (sky130_fd_sc_hd__clkdlybuf4s25_1)
     5    0.023416    0.240421    0.466582    1.752552 ^ fanout79/X (sky130_fd_sc_hd__clkdlybuf4s25_1)
                                                         net79 (net)
                      0.240421    0.000656    1.753207 ^ _1232_/RESET_B (sky130_fd_sc_hd__dfrtp_2)
                                              1.753207   data arrival time

                                  0.000000    0.000000   clock wr_clk (rise edge)
                                  0.000000    0.000000   clock source latency
     1    0.024374    0.000000    0.000000    0.000000 ^ wr_clk (in)
                                                         wr_clk (net)
                      0.001077    0.000538    0.000538 ^ clkbuf_0_wr_clk/A (sky130_fd_sc_hd__clkbuf_16)
    16    0.103304    0.118752    0.172854    0.173392 ^ clkbuf_0_wr_clk/X (sky130_fd_sc_hd__clkbuf_16)
                                                         clknet_0_wr_clk (net)
                      0.118756    0.000574    0.173966 ^ clkbuf_4_15_0_wr_clk/A (sky130_fd_sc_hd__clkbuf_8)
     2    0.018836    0.049627    0.157468    0.331434 ^ clkbuf_4_15_0_wr_clk/X (sky130_fd_sc_hd__clkbuf_8)
                                                         clknet_4_15_0_wr_clk (net)
                      0.049627    0.000290    0.331723 ^ clkbuf_5_30__f_wr_clk/A (sky130_fd_sc_hd__clkbuf_16)
     5    0.012769    0.035690    0.120202    0.451925 ^ clkbuf_5_30__f_wr_clk/X (sky130_fd_sc_hd__clkbuf_16)
                                                         clknet_5_30__leaf_wr_clk (net)
                      0.035690    0.000120    0.452045 ^ _1232_/CLK (sky130_fd_sc_hd__dfrtp_2)
                                  0.100000    0.552045   clock uncertainty
                                  0.000000    0.552045   clock reconvergence pessimism
                                  0.370974    0.923019   library removal time
                                              0.923019   data required time
---------------------------------------------------------------------------------------------
                                              0.923019   data required time
                                             -1.753207   data arrival time
---------------------------------------------------------------------------------------------
                                              0.830189   slack (MET)


Startpoint: _1238_ (rising edge-triggered flip-flop clocked by rd_clk)
Endpoint: _1235_ (rising edge-triggered flip-flop clocked by rd_clk)
Path Group: rd_clk
Path Type: min

Fanout         Cap        Slew       Delay        Time   Description
---------------------------------------------------------------------------------------------
                                  0.000000    0.000000   clock rd_clk (rise edge)
                                  0.000000    0.000000   clock source latency
     1    0.013587    0.000000    0.000000    0.000000 ^ rd_clk (in)
                                                         rd_clk (net)
                      0.000583    0.000292    0.000292 ^ clkbuf_0_rd_clk/A (sky130_fd_sc_hd__clkbuf_16)
     4    0.037982    0.057948    0.124843    0.125135 ^ clkbuf_0_rd_clk/X (sky130_fd_sc_hd__clkbuf_16)
                                                         clknet_0_rd_clk (net)
                      0.057949    0.000396    0.125530 ^ clkbuf_2_1__f_rd_clk/A (sky130_fd_sc_hd__clkbuf_16)
     7    0.019595    0.041505    0.129773    0.255303 ^ clkbuf_2_1__f_rd_clk/X (sky130_fd_sc_hd__clkbuf_16)
                                                         clknet_2_1__leaf_rd_clk (net)
                      0.041506    0.000117    0.255420 ^ _1238_/CLK (sky130_fd_sc_hd__dfstp_2)
     5    0.022425    0.061143    0.392970    0.648390 v _1238_/Q (sky130_fd_sc_hd__dfstp_2)
                                                         net23 (net)
                      0.061238    0.000908    0.649298 v _0521_/A (sky130_fd_sc_hd__inv_2)
     4    0.017576    0.085186    0.094349    0.743647 ^ _0521_/Y (sky130_fd_sc_hd__inv_2)
                                                         _0133_ (net)
                      0.085186    0.000026    0.743673 ^ _0558_/A1 (sky130_fd_sc_hd__a311o_2)
     1    0.002388    0.036845    0.156032    0.899705 ^ _0558_/X (sky130_fd_sc_hd__a311o_2)
                                                         _0159_ (net)
                      0.036845    0.000026    0.899731 ^ _0560_/A (sky130_fd_sc_hd__and2_2)
     1    0.002228    0.034352    0.117163    1.016894 ^ _0560_/X (sky130_fd_sc_hd__and2_2)
                                                         _0161_ (net)
                      0.034352    0.000020    1.016914 ^ _0561_/A (sky130_fd_sc_hd__buf_2)
     3    0.015049    0.080700    0.130535    1.147449 ^ _0561_/X (sky130_fd_sc_hd__buf_2)
                                                         u_rd_ptr_empty.rd_ptr_gray_next[1] (net)
                      0.080700    0.000108    1.147557 ^ _1235_/D (sky130_fd_sc_hd__dfrtp_2)
                                              1.147557   data arrival time

                                  0.000000    0.000000   clock rd_clk (rise edge)
                                  0.000000    0.000000   clock source latency
     1    0.013587    0.000000    0.000000    0.000000 ^ rd_clk (in)
                                                         rd_clk (net)
                      0.000583    0.000292    0.000292 ^ clkbuf_0_rd_clk/A (sky130_fd_sc_hd__clkbuf_16)
     4    0.037982    0.057948    0.124843    0.125135 ^ clkbuf_0_rd_clk/X (sky130_fd_sc_hd__clkbuf_16)
                                                         clknet_0_rd_clk (net)
                      0.057949    0.000368    0.125502 ^ clkbuf_2_0__f_rd_clk/A (sky130_fd_sc_hd__clkbuf_16)
     8    0.021482    0.043122    0.131561    0.257064 ^ clkbuf_2_0__f_rd_clk/X (sky130_fd_sc_hd__clkbuf_16)
                                                         clknet_2_0__leaf_rd_clk (net)
                      0.043126    0.000298    0.257361 ^ _1235_/CLK (sky130_fd_sc_hd__dfrtp_2)
                                  0.100000    0.357361   clock uncertainty
                                  0.000000    0.357361   clock reconvergence pessimism
                                 -0.042329    0.315032   library hold time
                                              0.315032   data required time
---------------------------------------------------------------------------------------------
                                              0.315032   data required time
                                             -1.147557   data arrival time
---------------------------------------------------------------------------------------------
                                              0.832524   slack (MET)


Startpoint: _1203_ (rising edge-triggered flip-flop clocked by rd_clk)
Endpoint: _1242_ (removal check against rising-edge clock rd_clk)
Path Group: asynchronous
Path Type: min

Fanout         Cap        Slew       Delay        Time   Description
---------------------------------------------------------------------------------------------
                                  0.000000    0.000000   clock rd_clk (rise edge)
                                  0.000000    0.000000   clock source latency
     1    0.013587    0.000000    0.000000    0.000000 ^ rd_clk (in)
                                                         rd_clk (net)
                      0.000583    0.000292    0.000292 ^ clkbuf_0_rd_clk/A (sky130_fd_sc_hd__clkbuf_16)
     4    0.037982    0.057948    0.124843    0.125135 ^ clkbuf_0_rd_clk/X (sky130_fd_sc_hd__clkbuf_16)
                                                         clknet_0_rd_clk (net)
                      0.057952    0.000497    0.125632 ^ clkbuf_2_3__f_rd_clk/A (sky130_fd_sc_hd__clkbuf_16)
     7    0.024943    0.046224    0.134831    0.260463 ^ clkbuf_2_3__f_rd_clk/X (sky130_fd_sc_hd__clkbuf_16)
                                                         clknet_2_3__leaf_rd_clk (net)
                      0.046226    0.000337    0.260799 ^ _1203_/CLK (sky130_fd_sc_hd__dfrtp_2)
     2    0.007993    0.060057    0.355608    0.616408 ^ _1203_/Q (sky130_fd_sc_hd__dfrtp_2)
                                                         u_rd_reset_sync.sync_ff2 (net)
                      0.060057    0.000055    0.616463 ^ fanout76/A (sky130_fd_sc_hd__clkdlybuf4s25_1)
     8    0.040905    0.410406    0.509933    1.126396 ^ fanout76/X (sky130_fd_sc_hd__clkdlybuf4s25_1)
                                                         net76 (net)
                      0.410406    0.000402    1.126798 ^ fanout75/A (sky130_fd_sc_hd__clkdlybuf4s25_1)
     6    0.027960    0.284737    0.499079    1.625877 ^ fanout75/X (sky130_fd_sc_hd__clkdlybuf4s25_1)
                                                         net75 (net)
                      0.284737    0.000910    1.626787 ^ _1242_/RESET_B (sky130_fd_sc_hd__dfrtp_2)
                                              1.626787   data arrival time

                                  0.000000    0.000000   clock rd_clk (rise edge)
                                  0.000000    0.000000   clock source latency
     1    0.013587    0.000000    0.000000    0.000000 ^ rd_clk (in)
                                                         rd_clk (net)
                      0.000583    0.000292    0.000292 ^ clkbuf_0_rd_clk/A (sky130_fd_sc_hd__clkbuf_16)
     4    0.037982    0.057948    0.124843    0.125135 ^ clkbuf_0_rd_clk/X (sky130_fd_sc_hd__clkbuf_16)
                                                         clknet_0_rd_clk (net)
                      0.057955    0.000590    0.125724 ^ clkbuf_2_2__f_rd_clk/A (sky130_fd_sc_hd__clkbuf_16)
     8    0.029186    0.050360    0.138604    0.264329 ^ clkbuf_2_2__f_rd_clk/X (sky130_fd_sc_hd__clkbuf_16)
                                                         clknet_2_2__leaf_rd_clk (net)
                      0.050361    0.000454    0.264782 ^ _1242_/CLK (sky130_fd_sc_hd__dfrtp_2)
                                  0.100000    0.364782   clock uncertainty
                                  0.000000    0.364782   clock reconvergence pessimism
                                  0.387076    0.751858   library removal time
                                              0.751858   data required time
---------------------------------------------------------------------------------------------
                                              0.751858   data required time
                                             -1.626787   data arrival time
---------------------------------------------------------------------------------------------
                                              0.874928   slack (MET)


Startpoint: _1203_ (rising edge-triggered flip-flop clocked by rd_clk)
Endpoint: _1209_ (removal check against rising-edge clock rd_clk)
Path Group: asynchronous
Path Type: min

Fanout         Cap        Slew       Delay        Time   Description
---------------------------------------------------------------------------------------------
                                  0.000000    0.000000   clock rd_clk (rise edge)
                                  0.000000    0.000000   clock source latency
     1    0.013587    0.000000    0.000000    0.000000 ^ rd_clk (in)
                                                         rd_clk (net)
                      0.000583    0.000292    0.000292 ^ clkbuf_0_rd_clk/A (sky130_fd_sc_hd__clkbuf_16)
     4    0.037982    0.057948    0.124843    0.125135 ^ clkbuf_0_rd_clk/X (sky130_fd_sc_hd__clkbuf_16)
                                                         clknet_0_rd_clk (net)
                      0.057952    0.000497    0.125632 ^ clkbuf_2_3__f_rd_clk/A (sky130_fd_sc_hd__clkbuf_16)
     7    0.024943    0.046224    0.134831    0.260463 ^ clkbuf_2_3__f_rd_clk/X (sky130_fd_sc_hd__clkbuf_16)
                                                         clknet_2_3__leaf_rd_clk (net)
                      0.046226    0.000337    0.260799 ^ _1203_/CLK (sky130_fd_sc_hd__dfrtp_2)
     2    0.007993    0.060057    0.355608    0.616408 ^ _1203_/Q (sky130_fd_sc_hd__dfrtp_2)
                                                         u_rd_reset_sync.sync_ff2 (net)
                      0.060057    0.000055    0.616463 ^ fanout76/A (sky130_fd_sc_hd__clkdlybuf4s25_1)
     8    0.040905    0.410406    0.509933    1.126396 ^ fanout76/X (sky130_fd_sc_hd__clkdlybuf4s25_1)
                                                         net76 (net)
                      0.410406    0.000402    1.126798 ^ fanout75/A (sky130_fd_sc_hd__clkdlybuf4s25_1)
     6    0.027960    0.284737    0.499079    1.625877 ^ fanout75/X (sky130_fd_sc_hd__clkdlybuf4s25_1)
                                                         net75 (net)
                      0.284737    0.001003    1.626880 ^ _1209_/RESET_B (sky130_fd_sc_hd__dfrtp_2)
                                              1.626880   data arrival time

                                  0.000000    0.000000   clock rd_clk (rise edge)
                                  0.000000    0.000000   clock source latency
     1    0.013587    0.000000    0.000000    0.000000 ^ rd_clk (in)
                                                         rd_clk (net)
                      0.000583    0.000292    0.000292 ^ clkbuf_0_rd_clk/A (sky130_fd_sc_hd__clkbuf_16)
     4    0.037982    0.057948    0.124843    0.125135 ^ clkbuf_0_rd_clk/X (sky130_fd_sc_hd__clkbuf_16)
                                                         clknet_0_rd_clk (net)
                      0.057949    0.000368    0.125502 ^ clkbuf_2_0__f_rd_clk/A (sky130_fd_sc_hd__clkbuf_16)
     8    0.021482    0.043122    0.131561    0.257064 ^ clkbuf_2_0__f_rd_clk/X (sky130_fd_sc_hd__clkbuf_16)
                                                         clknet_2_0__leaf_rd_clk (net)
                      0.043123    0.000173    0.257237 ^ _1209_/CLK (sky130_fd_sc_hd__dfrtp_2)
                                  0.100000    0.357237   clock uncertainty
                                  0.000000    0.357237   clock reconvergence pessimism
                                  0.385094    0.742330   library removal time
                                              0.742330   data required time
---------------------------------------------------------------------------------------------
                                              0.742330   data required time
                                             -1.626880   data arrival time
---------------------------------------------------------------------------------------------
                                              0.884550   slack (MET)


Startpoint: _1203_ (rising edge-triggered flip-flop clocked by rd_clk)
Endpoint: _1235_ (removal check against rising-edge clock rd_clk)
Path Group: asynchronous
Path Type: min

Fanout         Cap        Slew       Delay        Time   Description
---------------------------------------------------------------------------------------------
                                  0.000000    0.000000   clock rd_clk (rise edge)
                                  0.000000    0.000000   clock source latency
     1    0.013587    0.000000    0.000000    0.000000 ^ rd_clk (in)
                                                         rd_clk (net)
                      0.000583    0.000292    0.000292 ^ clkbuf_0_rd_clk/A (sky130_fd_sc_hd__clkbuf_16)
     4    0.037982    0.057948    0.124843    0.125135 ^ clkbuf_0_rd_clk/X (sky130_fd_sc_hd__clkbuf_16)
                                                         clknet_0_rd_clk (net)
                      0.057952    0.000497    0.125632 ^ clkbuf_2_3__f_rd_clk/A (sky130_fd_sc_hd__clkbuf_16)
     7    0.024943    0.046224    0.134831    0.260463 ^ clkbuf_2_3__f_rd_clk/X (sky130_fd_sc_hd__clkbuf_16)
                                                         clknet_2_3__leaf_rd_clk (net)
                      0.046226    0.000337    0.260799 ^ _1203_/CLK (sky130_fd_sc_hd__dfrtp_2)
     2    0.007993    0.060057    0.355608    0.616408 ^ _1203_/Q (sky130_fd_sc_hd__dfrtp_2)
                                                         u_rd_reset_sync.sync_ff2 (net)
                      0.060057    0.000055    0.616463 ^ fanout76/A (sky130_fd_sc_hd__clkdlybuf4s25_1)
     8    0.040905    0.410406    0.509933    1.126396 ^ fanout76/X (sky130_fd_sc_hd__clkdlybuf4s25_1)
                                                         net76 (net)
                      0.410406    0.000402    1.126798 ^ fanout75/A (sky130_fd_sc_hd__clkdlybuf4s25_1)
     6    0.027960    0.284737    0.499079    1.625877 ^ fanout75/X (sky130_fd_sc_hd__clkdlybuf4s25_1)
                                                         net75 (net)
                      0.284738    0.001173    1.627049 ^ _1235_/RESET_B (sky130_fd_sc_hd__dfrtp_2)
                                              1.627049   data arrival time

                                  0.000000    0.000000   clock rd_clk (rise edge)
                                  0.000000    0.000000   clock source latency
     1    0.013587    0.000000    0.000000    0.000000 ^ rd_clk (in)
                                                         rd_clk (net)
                      0.000583    0.000292    0.000292 ^ clkbuf_0_rd_clk/A (sky130_fd_sc_hd__clkbuf_16)
     4    0.037982    0.057948    0.124843    0.125135 ^ clkbuf_0_rd_clk/X (sky130_fd_sc_hd__clkbuf_16)
                                                         clknet_0_rd_clk (net)
                      0.057949    0.000368    0.125502 ^ clkbuf_2_0__f_rd_clk/A (sky130_fd_sc_hd__clkbuf_16)
     8    0.021482    0.043122    0.131561    0.257064 ^ clkbuf_2_0__f_rd_clk/X (sky130_fd_sc_hd__clkbuf_16)
                                                         clknet_2_0__leaf_rd_clk (net)
                      0.043126    0.000298    0.257361 ^ _1235_/CLK (sky130_fd_sc_hd__dfrtp_2)
                                  0.100000    0.357361   clock uncertainty
                                  0.000000    0.357361   clock reconvergence pessimism
                                  0.385095    0.742456   library removal time
                                              0.742456   data required time
---------------------------------------------------------------------------------------------
                                              0.742456   data required time
                                             -1.627049   data arrival time
---------------------------------------------------------------------------------------------
                                              0.884593   slack (MET)


Startpoint: _1203_ (rising edge-triggered flip-flop clocked by rd_clk)
Endpoint: _1204_ (removal check against rising-edge clock rd_clk)
Path Group: asynchronous
Path Type: min

Fanout         Cap        Slew       Delay        Time   Description
---------------------------------------------------------------------------------------------
                                  0.000000    0.000000   clock rd_clk (rise edge)
                                  0.000000    0.000000   clock source latency
     1    0.013587    0.000000    0.000000    0.000000 ^ rd_clk (in)
                                                         rd_clk (net)
                      0.000583    0.000292    0.000292 ^ clkbuf_0_rd_clk/A (sky130_fd_sc_hd__clkbuf_16)
     4    0.037982    0.057948    0.124843    0.125135 ^ clkbuf_0_rd_clk/X (sky130_fd_sc_hd__clkbuf_16)
                                                         clknet_0_rd_clk (net)
                      0.057952    0.000497    0.125632 ^ clkbuf_2_3__f_rd_clk/A (sky130_fd_sc_hd__clkbuf_16)
     7    0.024943    0.046224    0.134831    0.260463 ^ clkbuf_2_3__f_rd_clk/X (sky130_fd_sc_hd__clkbuf_16)
                                                         clknet_2_3__leaf_rd_clk (net)
                      0.046226    0.000337    0.260799 ^ _1203_/CLK (sky130_fd_sc_hd__dfrtp_2)
     2    0.007993    0.060057    0.355608    0.616408 ^ _1203_/Q (sky130_fd_sc_hd__dfrtp_2)
                                                         u_rd_reset_sync.sync_ff2 (net)
                      0.060057    0.000055    0.616463 ^ fanout76/A (sky130_fd_sc_hd__clkdlybuf4s25_1)
     8    0.040905    0.410406    0.509933    1.126396 ^ fanout76/X (sky130_fd_sc_hd__clkdlybuf4s25_1)
                                                         net76 (net)
                      0.410406    0.000402    1.126798 ^ fanout75/A (sky130_fd_sc_hd__clkdlybuf4s25_1)
     6    0.027960    0.284737    0.499079    1.625877 ^ fanout75/X (sky130_fd_sc_hd__clkdlybuf4s25_1)
                                                         net75 (net)
                      0.284738    0.001083    1.626959 ^ _1204_/RESET_B (sky130_fd_sc_hd__dfrtp_2)
                                              1.626959   data arrival time

                                  0.000000    0.000000   clock rd_clk (rise edge)
                                  0.000000    0.000000   clock source latency
     1    0.013587    0.000000    0.000000    0.000000 ^ rd_clk (in)
                                                         rd_clk (net)
                      0.000583    0.000292    0.000292 ^ clkbuf_0_rd_clk/A (sky130_fd_sc_hd__clkbuf_16)
     4    0.037982    0.057948    0.124843    0.125135 ^ clkbuf_0_rd_clk/X (sky130_fd_sc_hd__clkbuf_16)
                                                         clknet_0_rd_clk (net)
                      0.057949    0.000368    0.125502 ^ clkbuf_2_0__f_rd_clk/A (sky130_fd_sc_hd__clkbuf_16)
     8    0.021482    0.043122    0.131561    0.257064 ^ clkbuf_2_0__f_rd_clk/X (sky130_fd_sc_hd__clkbuf_16)
                                                         clknet_2_0__leaf_rd_clk (net)
                      0.043123    0.000197    0.257261 ^ _1204_/CLK (sky130_fd_sc_hd__dfrtp_2)
                                  0.100000    0.357260   clock uncertainty
                                  0.000000    0.357260   clock reconvergence pessimism
                                  0.385094    0.742354   library removal time
                                              0.742354   data required time
---------------------------------------------------------------------------------------------
                                              0.742354   data required time
                                             -1.626959   data arrival time
---------------------------------------------------------------------------------------------
                                              0.884605   slack (MET)


Startpoint: _1203_ (rising edge-triggered flip-flop clocked by rd_clk)
Endpoint: _1234_ (removal check against rising-edge clock rd_clk)
Path Group: asynchronous
Path Type: min

Fanout         Cap        Slew       Delay        Time   Description
---------------------------------------------------------------------------------------------
                                  0.000000    0.000000   clock rd_clk (rise edge)
                                  0.000000    0.000000   clock source latency
     1    0.013587    0.000000    0.000000    0.000000 ^ rd_clk (in)
                                                         rd_clk (net)
                      0.000583    0.000292    0.000292 ^ clkbuf_0_rd_clk/A (sky130_fd_sc_hd__clkbuf_16)
     4    0.037982    0.057948    0.124843    0.125135 ^ clkbuf_0_rd_clk/X (sky130_fd_sc_hd__clkbuf_16)
                                                         clknet_0_rd_clk (net)
                      0.057952    0.000497    0.125632 ^ clkbuf_2_3__f_rd_clk/A (sky130_fd_sc_hd__clkbuf_16)
     7    0.024943    0.046224    0.134831    0.260463 ^ clkbuf_2_3__f_rd_clk/X (sky130_fd_sc_hd__clkbuf_16)
                                                         clknet_2_3__leaf_rd_clk (net)
                      0.046226    0.000337    0.260799 ^ _1203_/CLK (sky130_fd_sc_hd__dfrtp_2)
     2    0.007993    0.060057    0.355608    0.616408 ^ _1203_/Q (sky130_fd_sc_hd__dfrtp_2)
                                                         u_rd_reset_sync.sync_ff2 (net)
                      0.060057    0.000055    0.616463 ^ fanout76/A (sky130_fd_sc_hd__clkdlybuf4s25_1)
     8    0.040905    0.410406    0.509933    1.126396 ^ fanout76/X (sky130_fd_sc_hd__clkdlybuf4s25_1)
                                                         net76 (net)
                      0.410406    0.000402    1.126798 ^ fanout75/A (sky130_fd_sc_hd__clkdlybuf4s25_1)
     6    0.027960    0.284737    0.499079    1.625877 ^ fanout75/X (sky130_fd_sc_hd__clkdlybuf4s25_1)
                                                         net75 (net)
                      0.284738    0.001150    1.627027 ^ _1234_/RESET_B (sky130_fd_sc_hd__dfrtp_2)
                                              1.627027   data arrival time

                                  0.000000    0.000000   clock rd_clk (rise edge)
                                  0.000000    0.000000   clock source latency
     1    0.013587    0.000000    0.000000    0.000000 ^ rd_clk (in)
                                                         rd_clk (net)
                      0.000583    0.000292    0.000292 ^ clkbuf_0_rd_clk/A (sky130_fd_sc_hd__clkbuf_16)
     4    0.037982    0.057948    0.124843    0.125135 ^ clkbuf_0_rd_clk/X (sky130_fd_sc_hd__clkbuf_16)
                                                         clknet_0_rd_clk (net)
                      0.057949    0.000368    0.125502 ^ clkbuf_2_0__f_rd_clk/A (sky130_fd_sc_hd__clkbuf_16)
     8    0.021482    0.043122    0.131561    0.257064 ^ clkbuf_2_0__f_rd_clk/X (sky130_fd_sc_hd__clkbuf_16)
                                                         clknet_2_0__leaf_rd_clk (net)
                      0.043124    0.000225    0.257288 ^ _1234_/CLK (sky130_fd_sc_hd__dfrtp_2)
                                  0.100000    0.357288   clock uncertainty
                                  0.000000    0.357288   clock reconvergence pessimism
                                  0.385094    0.742383   library removal time
                                              0.742383   data required time
---------------------------------------------------------------------------------------------
                                              0.742383   data required time
                                             -1.627027   data arrival time
---------------------------------------------------------------------------------------------
                                              0.884644   slack (MET)


Startpoint: _1232_ (rising edge-triggered flip-flop clocked by wr_clk)
Endpoint: _1232_ (rising edge-triggered flip-flop clocked by wr_clk)
Path Group: wr_clk
Path Type: min

Fanout         Cap        Slew       Delay        Time   Description
---------------------------------------------------------------------------------------------
                                  0.000000    0.000000   clock wr_clk (rise edge)
                                  0.000000    0.000000   clock source latency
     1    0.024374    0.000000    0.000000    0.000000 ^ wr_clk (in)
                                                         wr_clk (net)
                      0.001077    0.000538    0.000538 ^ clkbuf_0_wr_clk/A (sky130_fd_sc_hd__clkbuf_16)
    16    0.103304    0.118752    0.172854    0.173392 ^ clkbuf_0_wr_clk/X (sky130_fd_sc_hd__clkbuf_16)
                                                         clknet_0_wr_clk (net)
                      0.118756    0.000574    0.173966 ^ clkbuf_4_15_0_wr_clk/A (sky130_fd_sc_hd__clkbuf_8)
     2    0.018836    0.049627    0.157468    0.331434 ^ clkbuf_4_15_0_wr_clk/X (sky130_fd_sc_hd__clkbuf_8)
                                                         clknet_4_15_0_wr_clk (net)
                      0.049627    0.000290    0.331723 ^ clkbuf_5_30__f_wr_clk/A (sky130_fd_sc_hd__clkbuf_16)
     5    0.012769    0.035690    0.120202    0.451925 ^ clkbuf_5_30__f_wr_clk/X (sky130_fd_sc_hd__clkbuf_16)
                                                         clknet_5_30__leaf_wr_clk (net)
                      0.035690    0.000120    0.452045 ^ _1232_/CLK (sky130_fd_sc_hd__dfrtp_2)
     1    0.002625    0.037209    0.325913    0.777958 ^ _1232_/Q (sky130_fd_sc_hd__dfrtp_2)
                                                         u_fifomem.wr_addr[3] (net)
                      0.037209    0.000023    0.777981 ^ fanout66/A (sky130_fd_sc_hd__clkdlybuf4s25_1)
     4    0.025620    0.261949    0.397579    1.175560 ^ fanout66/X (sky130_fd_sc_hd__clkdlybuf4s25_1)
                                                         net66 (net)
                      0.261949    0.000360    1.175920 ^ _0546_/B1 (sky130_fd_sc_hd__a31o_2)
     4    0.015869    0.099608    0.202468    1.378388 ^ _0546_/X (sky130_fd_sc_hd__a31o_2)
                                                         _0152_ (net)
                      0.099608    0.000092    1.378480 ^ _0547_/B (sky130_fd_sc_hd__and2_2)
     1    0.003461    0.039677    0.147216    1.525696 ^ _0547_/X (sky130_fd_sc_hd__and2_2)
                                                         _0153_ (net)
                      0.039677    0.000046    1.525741 ^ _0548_/A (sky130_fd_sc_hd__buf_1)
     2    0.006092    0.080581    0.105077    1.630819 ^ _0548_/X (sky130_fd_sc_hd__buf_1)
                                                         u_wr_ptr_full.wr_ptr_bin_next[3] (net)
                      0.080581    0.000046    1.630864 ^ _1232_/D (sky130_fd_sc_hd__dfrtp_2)
                                              1.630864   data arrival time

                                  0.000000    0.000000   clock wr_clk (rise edge)
                                  0.000000    0.000000   clock source latency
     1    0.024374    0.000000    0.000000    0.000000 ^ wr_clk (in)
                                                         wr_clk (net)
                      0.001077    0.000538    0.000538 ^ clkbuf_0_wr_clk/A (sky130_fd_sc_hd__clkbuf_16)
    16    0.103304    0.118752    0.172854    0.173392 ^ clkbuf_0_wr_clk/X (sky130_fd_sc_hd__clkbuf_16)
                                                         clknet_0_wr_clk (net)
                      0.118756    0.000574    0.173966 ^ clkbuf_4_15_0_wr_clk/A (sky130_fd_sc_hd__clkbuf_8)
     2    0.018836    0.049627    0.157468    0.331434 ^ clkbuf_4_15_0_wr_clk/X (sky130_fd_sc_hd__clkbuf_8)
                                                         clknet_4_15_0_wr_clk (net)
                      0.049627    0.000290    0.331723 ^ clkbuf_5_30__f_wr_clk/A (sky130_fd_sc_hd__clkbuf_16)
     5    0.012769    0.035690    0.120202    0.451925 ^ clkbuf_5_30__f_wr_clk/X (sky130_fd_sc_hd__clkbuf_16)
                                                         clknet_5_30__leaf_wr_clk (net)
                      0.035690    0.000120    0.452045 ^ _1232_/CLK (sky130_fd_sc_hd__dfrtp_2)
                                  0.100000    0.552045   clock uncertainty
                                  0.000000    0.552045   clock reconvergence pessimism
                                 -0.043327    0.508718   library hold time
                                              0.508718   data required time
---------------------------------------------------------------------------------------------
                                              0.508718   data required time
                                             -1.630864   data arrival time
---------------------------------------------------------------------------------------------
                                              1.122146   slack (MET)


Startpoint: afull_thresh[2] (input port clocked by wr_clk)
Endpoint: _1198_ (rising edge-triggered flip-flop clocked by wr_clk)
Path Group: wr_clk
Path Type: min

Fanout         Cap        Slew       Delay        Time   Description
---------------------------------------------------------------------------------------------
                                  0.000000    0.000000   clock wr_clk (rise edge)
                                  0.000000    0.000000   clock network delay (propagated)
                                  1.500000    1.500000 ^ input external delay
     1    0.003331    0.024880    0.009894    1.509894 ^ afull_thresh[2] (in)
                                                         afull_thresh[2] (net)
                      0.024880    0.000000    1.509894 ^ input7/A (sky130_fd_sc_hd__clkdlybuf4s25_1)
     1    0.002515    0.041556    0.233583    1.743477 ^ input7/X (sky130_fd_sc_hd__clkdlybuf4s25_1)
                                                         net7 (net)
                      0.041556    0.000024    1.743500 ^ _1198_/D (sky130_fd_sc_hd__dfrtp_2)
                                              1.743500   data arrival time

                                  0.000000    0.000000   clock wr_clk (rise edge)
                                  0.000000    0.000000   clock source latency
     1    0.024374    0.000000    0.000000    0.000000 ^ wr_clk (in)
                                                         wr_clk (net)
                      0.001077    0.000538    0.000538 ^ clkbuf_0_wr_clk/A (sky130_fd_sc_hd__clkbuf_16)
    16    0.103304    0.118752    0.172854    0.173392 ^ clkbuf_0_wr_clk/X (sky130_fd_sc_hd__clkbuf_16)
                                                         clknet_0_wr_clk (net)
                      0.118777    0.001434    0.174826 ^ clkbuf_4_10_0_wr_clk/A (sky130_fd_sc_hd__clkbuf_8)
     2    0.019042    0.049921    0.157851    0.332677 ^ clkbuf_4_10_0_wr_clk/X (sky130_fd_sc_hd__clkbuf_8)
                                                         clknet_4_10_0_wr_clk (net)
                      0.049921    0.000226    0.332903 ^ clkbuf_5_21__f_wr_clk/A (sky130_fd_sc_hd__clkbuf_16)
     6    0.019165    0.041133    0.126353    0.459256 ^ clkbuf_5_21__f_wr_clk/X (sky130_fd_sc_hd__clkbuf_16)
                                                         clknet_5_21__leaf_wr_clk (net)
                      0.041133    0.000363    0.459619 ^ _1198_/CLK (sky130_fd_sc_hd__dfrtp_2)
                                  0.100000    0.559619   clock uncertainty
                                  0.000000    0.559619   clock reconvergence pessimism
                                 -0.034492    0.525127   library hold time
                                              0.525127   data required time
---------------------------------------------------------------------------------------------
                                              0.525127   data required time
                                             -1.743500   data arrival time
---------------------------------------------------------------------------------------------
                                              1.218374   slack (MET)


Startpoint: afull_thresh[3] (input port clocked by wr_clk)
Endpoint: _1199_ (rising edge-triggered flip-flop clocked by wr_clk)
Path Group: wr_clk
Path Type: min

Fanout         Cap        Slew       Delay        Time   Description
---------------------------------------------------------------------------------------------
                                  0.000000    0.000000   clock wr_clk (rise edge)
                                  0.000000    0.000000   clock network delay (propagated)
                                  1.500000    1.500000 ^ input external delay
     1    0.003401    0.025043    0.010087    1.510087 ^ afull_thresh[3] (in)
                                                         afull_thresh[3] (net)
                      0.025043    0.000000    1.510087 ^ input8/A (sky130_fd_sc_hd__clkdlybuf4s25_1)
     1    0.002699    0.043166    0.235022    1.745109 ^ input8/X (sky130_fd_sc_hd__clkdlybuf4s25_1)
                                                         net8 (net)
                      0.043166    0.000029    1.745138 ^ _1199_/D (sky130_fd_sc_hd__dfrtp_2)
                                              1.745138   data arrival time

                                  0.000000    0.000000   clock wr_clk (rise edge)
                                  0.000000    0.000000   clock source latency
     1    0.024374    0.000000    0.000000    0.000000 ^ wr_clk (in)
                                                         wr_clk (net)
                      0.001077    0.000538    0.000538 ^ clkbuf_0_wr_clk/A (sky130_fd_sc_hd__clkbuf_16)
    16    0.103304    0.118752    0.172854    0.173392 ^ clkbuf_0_wr_clk/X (sky130_fd_sc_hd__clkbuf_16)
                                                         clknet_0_wr_clk (net)
                      0.118777    0.001434    0.174826 ^ clkbuf_4_10_0_wr_clk/A (sky130_fd_sc_hd__clkbuf_8)
     2    0.019042    0.049921    0.157851    0.332677 ^ clkbuf_4_10_0_wr_clk/X (sky130_fd_sc_hd__clkbuf_8)
                                                         clknet_4_10_0_wr_clk (net)
                      0.049921    0.000226    0.332903 ^ clkbuf_5_21__f_wr_clk/A (sky130_fd_sc_hd__clkbuf_16)
     6    0.019165    0.041133    0.126353    0.459256 ^ clkbuf_5_21__f_wr_clk/X (sky130_fd_sc_hd__clkbuf_16)
                                                         clknet_5_21__leaf_wr_clk (net)
                      0.041134    0.000410    0.459666 ^ _1199_/CLK (sky130_fd_sc_hd__dfrtp_2)
                                  0.100000    0.559666   clock uncertainty
                                  0.000000    0.559666   clock reconvergence pessimism
                                 -0.034826    0.524840   library hold time
                                              0.524840   data required time
---------------------------------------------------------------------------------------------
                                              0.524840   data required time
                                             -1.745138   data arrival time
---------------------------------------------------------------------------------------------
                                              1.220297   slack (MET)


Startpoint: afull_thresh[1] (input port clocked by wr_clk)
Endpoint: _1197_ (rising edge-triggered flip-flop clocked by wr_clk)
Path Group: wr_clk
Path Type: min

Fanout         Cap        Slew       Delay        Time   Description
---------------------------------------------------------------------------------------------
                                  0.000000    0.000000   clock wr_clk (rise edge)
                                  0.000000    0.000000   clock network delay (propagated)
                                  1.500000    1.500000 ^ input external delay
     1    0.003617    0.025542    0.010673    1.510673 ^ afull_thresh[1] (in)
                                                         afull_thresh[1] (net)
                      0.025542    0.000000    1.510673 ^ input6/A (sky130_fd_sc_hd__clkdlybuf4s25_1)
     1    0.002179    0.038645    0.231288    1.741962 ^ input6/X (sky130_fd_sc_hd__clkdlybuf4s25_1)
                                                         net6 (net)
                      0.038645    0.000018    1.741980 ^ _1197_/D (sky130_fd_sc_hd__dfrtp_2)
                                              1.741980   data arrival time

                                  0.000000    0.000000   clock wr_clk (rise edge)
                                  0.000000    0.000000   clock source latency
     1    0.024374    0.000000    0.000000    0.000000 ^ wr_clk (in)
                                                         wr_clk (net)
                      0.001077    0.000538    0.000538 ^ clkbuf_0_wr_clk/A (sky130_fd_sc_hd__clkbuf_16)
    16    0.103304    0.118752    0.172854    0.173392 ^ clkbuf_0_wr_clk/X (sky130_fd_sc_hd__clkbuf_16)
                                                         clknet_0_wr_clk (net)
                      0.118777    0.001434    0.174826 ^ clkbuf_4_10_0_wr_clk/A (sky130_fd_sc_hd__clkbuf_8)
     2    0.019042    0.049921    0.157851    0.332677 ^ clkbuf_4_10_0_wr_clk/X (sky130_fd_sc_hd__clkbuf_8)
                                                         clknet_4_10_0_wr_clk (net)
                      0.049921    0.000235    0.332911 ^ clkbuf_5_20__f_wr_clk/A (sky130_fd_sc_hd__clkbuf_16)
     5    0.013183    0.036041    0.120721    0.453633 ^ clkbuf_5_20__f_wr_clk/X (sky130_fd_sc_hd__clkbuf_16)
                                                         clknet_5_20__leaf_wr_clk (net)
                      0.036041    0.000050    0.453682 ^ _1197_/CLK (sky130_fd_sc_hd__dfrtp_2)
                                  0.100000    0.553683   clock uncertainty
                                  0.000000    0.553683   clock reconvergence pessimism
                                 -0.034584    0.519099   library hold time
                                              0.519099   data required time
---------------------------------------------------------------------------------------------
                                              0.519099   data required time
                                             -1.741980   data arrival time
---------------------------------------------------------------------------------------------
                                              1.222881   slack (MET)


Startpoint: afull_thresh[0] (input port clocked by wr_clk)
Endpoint: _1196_ (rising edge-triggered flip-flop clocked by wr_clk)
Path Group: wr_clk
Path Type: min

Fanout         Cap        Slew       Delay        Time   Description
---------------------------------------------------------------------------------------------
                                  0.000000    0.000000   clock wr_clk (rise edge)
                                  0.000000    0.000000   clock network delay (propagated)
                                  1.500000    1.500000 ^ input external delay
     1    0.003550    0.025388    0.010492    1.510492 ^ afull_thresh[0] (in)
                                                         afull_thresh[0] (net)
                      0.025388    0.000000    1.510492 ^ input5/A (sky130_fd_sc_hd__clkdlybuf4s25_1)
     1    0.003364    0.049030    0.240136    1.750628 ^ input5/X (sky130_fd_sc_hd__clkdlybuf4s25_1)
                                                         net5 (net)
                      0.049030    0.000046    1.750674 ^ _1196_/D (sky130_fd_sc_hd__dfrtp_2)
                                              1.750674   data arrival time

                                  0.000000    0.000000   clock wr_clk (rise edge)
                                  0.000000    0.000000   clock source latency
     1    0.024374    0.000000    0.000000    0.000000 ^ wr_clk (in)
                                                         wr_clk (net)
                      0.001077    0.000538    0.000538 ^ clkbuf_0_wr_clk/A (sky130_fd_sc_hd__clkbuf_16)
    16    0.103304    0.118752    0.172854    0.173392 ^ clkbuf_0_wr_clk/X (sky130_fd_sc_hd__clkbuf_16)
                                                         clknet_0_wr_clk (net)
                      0.118777    0.001434    0.174826 ^ clkbuf_4_10_0_wr_clk/A (sky130_fd_sc_hd__clkbuf_8)
     2    0.019042    0.049921    0.157851    0.332677 ^ clkbuf_4_10_0_wr_clk/X (sky130_fd_sc_hd__clkbuf_8)
                                                         clknet_4_10_0_wr_clk (net)
                      0.049921    0.000235    0.332911 ^ clkbuf_5_20__f_wr_clk/A (sky130_fd_sc_hd__clkbuf_16)
     5    0.013183    0.036041    0.120721    0.453633 ^ clkbuf_5_20__f_wr_clk/X (sky130_fd_sc_hd__clkbuf_16)
                                                         clknet_5_20__leaf_wr_clk (net)
                      0.036041    0.000034    0.453667 ^ _1196_/CLK (sky130_fd_sc_hd__dfrtp_2)
                                  0.100000    0.553667   clock uncertainty
                                  0.000000    0.553667   clock reconvergence pessimism
                                 -0.036737    0.516930   library hold time
                                              0.516930   data required time
---------------------------------------------------------------------------------------------
                                              0.516930   data required time
                                             -1.750674   data arrival time
---------------------------------------------------------------------------------------------
                                              1.233745   slack (MET)


Startpoint: _1201_ (rising edge-triggered flip-flop clocked by wr_clk)
Endpoint: _1225_ (removal check against rising-edge clock wr_clk)
Path Group: asynchronous
Path Type: min

Fanout         Cap        Slew       Delay        Time   Description
---------------------------------------------------------------------------------------------
                                  0.000000    0.000000   clock wr_clk (rise edge)
                                  0.000000    0.000000   clock source latency
     1    0.024374    0.000000    0.000000    0.000000 ^ wr_clk (in)
                                                         wr_clk (net)
                      0.001077    0.000538    0.000538 ^ clkbuf_0_wr_clk/A (sky130_fd_sc_hd__clkbuf_16)
    16    0.103304    0.118752    0.172854    0.173392 ^ clkbuf_0_wr_clk/X (sky130_fd_sc_hd__clkbuf_16)
                                                         clknet_0_wr_clk (net)
                      0.118777    0.001434    0.174826 ^ clkbuf_4_10_0_wr_clk/A (sky130_fd_sc_hd__clkbuf_8)
     2    0.019042    0.049921    0.157851    0.332677 ^ clkbuf_4_10_0_wr_clk/X (sky130_fd_sc_hd__clkbuf_8)
                                                         clknet_4_10_0_wr_clk (net)
                      0.049921    0.000226    0.332903 ^ clkbuf_5_21__f_wr_clk/A (sky130_fd_sc_hd__clkbuf_16)
     6    0.019165    0.041133    0.126353    0.459256 ^ clkbuf_5_21__f_wr_clk/X (sky130_fd_sc_hd__clkbuf_16)
                                                         clknet_5_21__leaf_wr_clk (net)
                      0.041134    0.000499    0.459755 ^ _1201_/CLK (sky130_fd_sc_hd__dfrtp_2)
     1    0.003323    0.040313    0.332041    0.791796 ^ _1201_/Q (sky130_fd_sc_hd__dfrtp_2)
                                                         u_wr_reset_sync.sync_ff2 (net)
                      0.040313    0.000041    0.791836 ^ fanout80/A (sky130_fd_sc_hd__clkdlybuf4s25_1)
     7    0.039623    0.398346    0.493948    1.285784 ^ fanout80/X (sky130_fd_sc_hd__clkdlybuf4s25_1)
                                                         net80 (net)
                      0.398346    0.000185    1.285969 ^ fanout79/A (sky130_fd_sc_hd__clkdlybuf4s25_1)
     5    0.023416    0.240421    0.466582    1.752552 ^ fanout79/X (sky130_fd_sc_hd__clkdlybuf4s25_1)
                                                         net79 (net)
                      0.240421    0.000078    1.752630 ^ fanout78/A (sky130_fd_sc_hd__clkdlybuf4s25_1)
     8    0.033877    0.342465    0.511844    2.264474 ^ fanout78/X (sky130_fd_sc_hd__clkdlybuf4s25_1)
                                                         net78 (net)
                      0.342465    0.000725    2.265200 ^ _1225_/RESET_B (sky130_fd_sc_hd__dfrtp_2)
                                              2.265200   data arrival time

                                  0.000000    0.000000   clock wr_clk (rise edge)
                                  0.000000    0.000000   clock source latency
     1    0.024374    0.000000    0.000000    0.000000 ^ wr_clk (in)
                                                         wr_clk (net)
                      0.001077    0.000538    0.000538 ^ clkbuf_0_wr_clk/A (sky130_fd_sc_hd__clkbuf_16)
    16    0.103304    0.118752    0.172854    0.173392 ^ clkbuf_0_wr_clk/X (sky130_fd_sc_hd__clkbuf_16)
                                                         clknet_0_wr_clk (net)
                      0.118756    0.000584    0.173977 ^ clkbuf_4_14_0_wr_clk/A (sky130_fd_sc_hd__clkbuf_8)
     2    0.018769    0.049495    0.157434    0.331411 ^ clkbuf_4_14_0_wr_clk/X (sky130_fd_sc_hd__clkbuf_8)
                                                         clknet_4_14_0_wr_clk (net)
                      0.049495    0.000209    0.331619 ^ clkbuf_5_28__f_wr_clk/A (sky130_fd_sc_hd__clkbuf_16)
     5    0.020373    0.042164    0.127441    0.459060 ^ clkbuf_5_28__f_wr_clk/X (sky130_fd_sc_hd__clkbuf_16)
                                                         clknet_5_28__leaf_wr_clk (net)
                      0.042164    0.000097    0.459157 ^ _1225_/CLK (sky130_fd_sc_hd__dfrtp_2)
                                  0.100000    0.559157   clock uncertainty
                                  0.000000    0.559157   clock reconvergence pessimism
                                  0.400570    0.959727   library removal time
                                              0.959727   data required time
---------------------------------------------------------------------------------------------
                                              0.959727   data required time
                                             -2.265200   data arrival time
---------------------------------------------------------------------------------------------
                                              1.305473   slack (MET)


Startpoint: _1201_ (rising edge-triggered flip-flop clocked by wr_clk)
Endpoint: _1223_ (removal check against rising-edge clock wr_clk)
Path Group: asynchronous
Path Type: min

Fanout         Cap        Slew       Delay        Time   Description
---------------------------------------------------------------------------------------------
                                  0.000000    0.000000   clock wr_clk (rise edge)
                                  0.000000    0.000000   clock source latency
     1    0.024374    0.000000    0.000000    0.000000 ^ wr_clk (in)
                                                         wr_clk (net)
                      0.001077    0.000538    0.000538 ^ clkbuf_0_wr_clk/A (sky130_fd_sc_hd__clkbuf_16)
    16    0.103304    0.118752    0.172854    0.173392 ^ clkbuf_0_wr_clk/X (sky130_fd_sc_hd__clkbuf_16)
                                                         clknet_0_wr_clk (net)
                      0.118777    0.001434    0.174826 ^ clkbuf_4_10_0_wr_clk/A (sky130_fd_sc_hd__clkbuf_8)
     2    0.019042    0.049921    0.157851    0.332677 ^ clkbuf_4_10_0_wr_clk/X (sky130_fd_sc_hd__clkbuf_8)
                                                         clknet_4_10_0_wr_clk (net)
                      0.049921    0.000226    0.332903 ^ clkbuf_5_21__f_wr_clk/A (sky130_fd_sc_hd__clkbuf_16)
     6    0.019165    0.041133    0.126353    0.459256 ^ clkbuf_5_21__f_wr_clk/X (sky130_fd_sc_hd__clkbuf_16)
                                                         clknet_5_21__leaf_wr_clk (net)
                      0.041134    0.000499    0.459755 ^ _1201_/CLK (sky130_fd_sc_hd__dfrtp_2)
     1    0.003323    0.040313    0.332041    0.791796 ^ _1201_/Q (sky130_fd_sc_hd__dfrtp_2)
                                                         u_wr_reset_sync.sync_ff2 (net)
                      0.040313    0.000041    0.791836 ^ fanout80/A (sky130_fd_sc_hd__clkdlybuf4s25_1)
     7    0.039623    0.398346    0.493948    1.285784 ^ fanout80/X (sky130_fd_sc_hd__clkdlybuf4s25_1)
                                                         net80 (net)
                      0.398346    0.000185    1.285969 ^ fanout79/A (sky130_fd_sc_hd__clkdlybuf4s25_1)
     5    0.023416    0.240421    0.466582    1.752552 ^ fanout79/X (sky130_fd_sc_hd__clkdlybuf4s25_1)
                                                         net79 (net)
                      0.240421    0.000078    1.752630 ^ fanout78/A (sky130_fd_sc_hd__clkdlybuf4s25_1)
     8    0.033877    0.342465    0.511844    2.264474 ^ fanout78/X (sky130_fd_sc_hd__clkdlybuf4s25_1)
                                                         net78 (net)
                      0.342465    0.000271    2.264745 ^ _1223_/RESET_B (sky130_fd_sc_hd__dfrtp_2)
                                              2.264745   data arrival time

                                  0.000000    0.000000   clock wr_clk (rise edge)
                                  0.000000    0.000000   clock source latency
     1    0.024374    0.000000    0.000000    0.000000 ^ wr_clk (in)
                                                         wr_clk (net)
                      0.001077    0.000538    0.000538 ^ clkbuf_0_wr_clk/A (sky130_fd_sc_hd__clkbuf_16)
    16    0.103304    0.118752    0.172854    0.173392 ^ clkbuf_0_wr_clk/X (sky130_fd_sc_hd__clkbuf_16)
                                                         clknet_0_wr_clk (net)
                      0.118756    0.000584    0.173977 ^ clkbuf_4_14_0_wr_clk/A (sky130_fd_sc_hd__clkbuf_8)
     2    0.018769    0.049495    0.157434    0.331411 ^ clkbuf_4_14_0_wr_clk/X (sky130_fd_sc_hd__clkbuf_8)
                                                         clknet_4_14_0_wr_clk (net)
                      0.049495    0.000244    0.331655 ^ clkbuf_5_29__f_wr_clk/A (sky130_fd_sc_hd__clkbuf_16)
     5    0.013959    0.036703    0.121281    0.452935 ^ clkbuf_5_29__f_wr_clk/X (sky130_fd_sc_hd__clkbuf_16)
                                                         clknet_5_29__leaf_wr_clk (net)
                      0.036703    0.000215    0.453151 ^ _1223_/CLK (sky130_fd_sc_hd__dfrtp_2)
                                  0.100000    0.553151   clock uncertainty
                                  0.000000    0.553151   clock reconvergence pessimism
                                  0.399076    0.952227   library removal time
                                              0.952227   data required time
---------------------------------------------------------------------------------------------
                                              0.952227   data required time
                                             -2.264745   data arrival time
---------------------------------------------------------------------------------------------
                                              1.312519   slack (MET)


Startpoint: _1201_ (rising edge-triggered flip-flop clocked by wr_clk)
Endpoint: _1218_ (removal check against rising-edge clock wr_clk)
Path Group: asynchronous
Path Type: min

Fanout         Cap        Slew       Delay        Time   Description
---------------------------------------------------------------------------------------------
                                  0.000000    0.000000   clock wr_clk (rise edge)
                                  0.000000    0.000000   clock source latency
     1    0.024374    0.000000    0.000000    0.000000 ^ wr_clk (in)
                                                         wr_clk (net)
                      0.001077    0.000538    0.000538 ^ clkbuf_0_wr_clk/A (sky130_fd_sc_hd__clkbuf_16)
    16    0.103304    0.118752    0.172854    0.173392 ^ clkbuf_0_wr_clk/X (sky130_fd_sc_hd__clkbuf_16)
                                                         clknet_0_wr_clk (net)
                      0.118777    0.001434    0.174826 ^ clkbuf_4_10_0_wr_clk/A (sky130_fd_sc_hd__clkbuf_8)
     2    0.019042    0.049921    0.157851    0.332677 ^ clkbuf_4_10_0_wr_clk/X (sky130_fd_sc_hd__clkbuf_8)
                                                         clknet_4_10_0_wr_clk (net)
                      0.049921    0.000226    0.332903 ^ clkbuf_5_21__f_wr_clk/A (sky130_fd_sc_hd__clkbuf_16)
     6    0.019165    0.041133    0.126353    0.459256 ^ clkbuf_5_21__f_wr_clk/X (sky130_fd_sc_hd__clkbuf_16)
                                                         clknet_5_21__leaf_wr_clk (net)
                      0.041134    0.000499    0.459755 ^ _1201_/CLK (sky130_fd_sc_hd__dfrtp_2)
     1    0.003323    0.040313    0.332041    0.791796 ^ _1201_/Q (sky130_fd_sc_hd__dfrtp_2)
                                                         u_wr_reset_sync.sync_ff2 (net)
                      0.040313    0.000041    0.791836 ^ fanout80/A (sky130_fd_sc_hd__clkdlybuf4s25_1)
     7    0.039623    0.398346    0.493948    1.285784 ^ fanout80/X (sky130_fd_sc_hd__clkdlybuf4s25_1)
                                                         net80 (net)
                      0.398346    0.000185    1.285969 ^ fanout79/A (sky130_fd_sc_hd__clkdlybuf4s25_1)
     5    0.023416    0.240421    0.466582    1.752552 ^ fanout79/X (sky130_fd_sc_hd__clkdlybuf4s25_1)
                                                         net79 (net)
                      0.240421    0.000078    1.752630 ^ fanout78/A (sky130_fd_sc_hd__clkdlybuf4s25_1)
     8    0.033877    0.342465    0.511844    2.264474 ^ fanout78/X (sky130_fd_sc_hd__clkdlybuf4s25_1)
                                                         net78 (net)
                      0.342465    0.000398    2.264872 ^ _1218_/RESET_B (sky130_fd_sc_hd__dfrtp_2)
                                              2.264872   data arrival time

                                  0.000000    0.000000   clock wr_clk (rise edge)
                                  0.000000    0.000000   clock source latency
     1    0.024374    0.000000    0.000000    0.000000 ^ wr_clk (in)
                                                         wr_clk (net)
                      0.001077    0.000538    0.000538 ^ clkbuf_0_wr_clk/A (sky130_fd_sc_hd__clkbuf_16)
    16    0.103304    0.118752    0.172854    0.173392 ^ clkbuf_0_wr_clk/X (sky130_fd_sc_hd__clkbuf_16)
                                                         clknet_0_wr_clk (net)
                      0.118756    0.000584    0.173977 ^ clkbuf_4_14_0_wr_clk/A (sky130_fd_sc_hd__clkbuf_8)
     2    0.018769    0.049495    0.157434    0.331411 ^ clkbuf_4_14_0_wr_clk/X (sky130_fd_sc_hd__clkbuf_8)
                                                         clknet_4_14_0_wr_clk (net)
                      0.049495    0.000244    0.331655 ^ clkbuf_5_29__f_wr_clk/A (sky130_fd_sc_hd__clkbuf_16)
     5    0.013959    0.036703    0.121281    0.452935 ^ clkbuf_5_29__f_wr_clk/X (sky130_fd_sc_hd__clkbuf_16)
                                                         clknet_5_29__leaf_wr_clk (net)
                      0.036703    0.000123    0.453059 ^ _1218_/CLK (sky130_fd_sc_hd__dfrtp_2)
                                  0.100000    0.553059   clock uncertainty
                                  0.000000    0.553059   clock reconvergence pessimism
                                  0.399076    0.952135   library removal time
                                              0.952135   data required time
---------------------------------------------------------------------------------------------
                                              0.952135   data required time
                                             -2.264872   data arrival time
---------------------------------------------------------------------------------------------
                                              1.312737   slack (MET)


Startpoint: _1201_ (rising edge-triggered flip-flop clocked by wr_clk)
Endpoint: _1222_ (removal check against rising-edge clock wr_clk)
Path Group: asynchronous
Path Type: min

Fanout         Cap        Slew       Delay        Time   Description
---------------------------------------------------------------------------------------------
                                  0.000000    0.000000   clock wr_clk (rise edge)
                                  0.000000    0.000000   clock source latency
     1    0.024374    0.000000    0.000000    0.000000 ^ wr_clk (in)
                                                         wr_clk (net)
                      0.001077    0.000538    0.000538 ^ clkbuf_0_wr_clk/A (sky130_fd_sc_hd__clkbuf_16)
    16    0.103304    0.118752    0.172854    0.173392 ^ clkbuf_0_wr_clk/X (sky130_fd_sc_hd__clkbuf_16)
                                                         clknet_0_wr_clk (net)
                      0.118777    0.001434    0.174826 ^ clkbuf_4_10_0_wr_clk/A (sky130_fd_sc_hd__clkbuf_8)
     2    0.019042    0.049921    0.157851    0.332677 ^ clkbuf_4_10_0_wr_clk/X (sky130_fd_sc_hd__clkbuf_8)
                                                         clknet_4_10_0_wr_clk (net)
                      0.049921    0.000226    0.332903 ^ clkbuf_5_21__f_wr_clk/A (sky130_fd_sc_hd__clkbuf_16)
     6    0.019165    0.041133    0.126353    0.459256 ^ clkbuf_5_21__f_wr_clk/X (sky130_fd_sc_hd__clkbuf_16)
                                                         clknet_5_21__leaf_wr_clk (net)
                      0.041134    0.000499    0.459755 ^ _1201_/CLK (sky130_fd_sc_hd__dfrtp_2)
     1    0.003323    0.040313    0.332041    0.791796 ^ _1201_/Q (sky130_fd_sc_hd__dfrtp_2)
                                                         u_wr_reset_sync.sync_ff2 (net)
                      0.040313    0.000041    0.791836 ^ fanout80/A (sky130_fd_sc_hd__clkdlybuf4s25_1)
     7    0.039623    0.398346    0.493948    1.285784 ^ fanout80/X (sky130_fd_sc_hd__clkdlybuf4s25_1)
                                                         net80 (net)
                      0.398346    0.000185    1.285969 ^ fanout79/A (sky130_fd_sc_hd__clkdlybuf4s25_1)
     5    0.023416    0.240421    0.466582    1.752552 ^ fanout79/X (sky130_fd_sc_hd__clkdlybuf4s25_1)
                                                         net79 (net)
                      0.240421    0.000078    1.752630 ^ fanout78/A (sky130_fd_sc_hd__clkdlybuf4s25_1)
     8    0.033877    0.342465    0.511844    2.264474 ^ fanout78/X (sky130_fd_sc_hd__clkdlybuf4s25_1)
                                                         net78 (net)
                      0.342465    0.000541    2.265015 ^ _1222_/RESET_B (sky130_fd_sc_hd__dfrtp_2)
                                              2.265015   data arrival time

                                  0.000000    0.000000   clock wr_clk (rise edge)
                                  0.000000    0.000000   clock source latency
     1    0.024374    0.000000    0.000000    0.000000 ^ wr_clk (in)
                                                         wr_clk (net)
                      0.001077    0.000538    0.000538 ^ clkbuf_0_wr_clk/A (sky130_fd_sc_hd__clkbuf_16)
    16    0.103304    0.118752    0.172854    0.173392 ^ clkbuf_0_wr_clk/X (sky130_fd_sc_hd__clkbuf_16)
                                                         clknet_0_wr_clk (net)
                      0.118756    0.000584    0.173977 ^ clkbuf_4_14_0_wr_clk/A (sky130_fd_sc_hd__clkbuf_8)
     2    0.018769    0.049495    0.157434    0.331411 ^ clkbuf_4_14_0_wr_clk/X (sky130_fd_sc_hd__clkbuf_8)
                                                         clknet_4_14_0_wr_clk (net)
                      0.049495    0.000244    0.331655 ^ clkbuf_5_29__f_wr_clk/A (sky130_fd_sc_hd__clkbuf_16)
     5    0.013959    0.036703    0.121281    0.452935 ^ clkbuf_5_29__f_wr_clk/X (sky130_fd_sc_hd__clkbuf_16)
                                                         clknet_5_29__leaf_wr_clk (net)
                      0.036703    0.000205    0.453140 ^ _1222_/CLK (sky130_fd_sc_hd__dfrtp_2)
                                  0.100000    0.553140   clock uncertainty
                                  0.000000    0.553140   clock reconvergence pessimism
                                  0.399076    0.952216   library removal time
                                              0.952216   data required time
---------------------------------------------------------------------------------------------
                                              0.952216   data required time
                                             -2.265015   data arrival time
---------------------------------------------------------------------------------------------
                                              1.312799   slack (MET)


Startpoint: _1201_ (rising edge-triggered flip-flop clocked by wr_clk)
Endpoint: _1221_ (removal check against rising-edge clock wr_clk)
Path Group: asynchronous
Path Type: min

Fanout         Cap        Slew       Delay        Time   Description
---------------------------------------------------------------------------------------------
                                  0.000000    0.000000   clock wr_clk (rise edge)
                                  0.000000    0.000000   clock source latency
     1    0.024374    0.000000    0.000000    0.000000 ^ wr_clk (in)
                                                         wr_clk (net)
                      0.001077    0.000538    0.000538 ^ clkbuf_0_wr_clk/A (sky130_fd_sc_hd__clkbuf_16)
    16    0.103304    0.118752    0.172854    0.173392 ^ clkbuf_0_wr_clk/X (sky130_fd_sc_hd__clkbuf_16)
                                                         clknet_0_wr_clk (net)
                      0.118777    0.001434    0.174826 ^ clkbuf_4_10_0_wr_clk/A (sky130_fd_sc_hd__clkbuf_8)
     2    0.019042    0.049921    0.157851    0.332677 ^ clkbuf_4_10_0_wr_clk/X (sky130_fd_sc_hd__clkbuf_8)
                                                         clknet_4_10_0_wr_clk (net)
                      0.049921    0.000226    0.332903 ^ clkbuf_5_21__f_wr_clk/A (sky130_fd_sc_hd__clkbuf_16)
     6    0.019165    0.041133    0.126353    0.459256 ^ clkbuf_5_21__f_wr_clk/X (sky130_fd_sc_hd__clkbuf_16)
                                                         clknet_5_21__leaf_wr_clk (net)
                      0.041134    0.000499    0.459755 ^ _1201_/CLK (sky130_fd_sc_hd__dfrtp_2)
     1    0.003323    0.040313    0.332041    0.791796 ^ _1201_/Q (sky130_fd_sc_hd__dfrtp_2)
                                                         u_wr_reset_sync.sync_ff2 (net)
                      0.040313    0.000041    0.791836 ^ fanout80/A (sky130_fd_sc_hd__clkdlybuf4s25_1)
     7    0.039623    0.398346    0.493948    1.285784 ^ fanout80/X (sky130_fd_sc_hd__clkdlybuf4s25_1)
                                                         net80 (net)
                      0.398346    0.000185    1.285969 ^ fanout79/A (sky130_fd_sc_hd__clkdlybuf4s25_1)
     5    0.023416    0.240421    0.466582    1.752552 ^ fanout79/X (sky130_fd_sc_hd__clkdlybuf4s25_1)
                                                         net79 (net)
                      0.240421    0.000078    1.752630 ^ fanout78/A (sky130_fd_sc_hd__clkdlybuf4s25_1)
     8    0.033877    0.342465    0.511844    2.264474 ^ fanout78/X (sky130_fd_sc_hd__clkdlybuf4s25_1)
                                                         net78 (net)
                      0.342465    0.000770    2.265245 ^ _1221_/RESET_B (sky130_fd_sc_hd__dfrtp_2)
                                              2.265245   data arrival time

                                  0.000000    0.000000   clock wr_clk (rise edge)
                                  0.000000    0.000000   clock source latency
     1    0.024374    0.000000    0.000000    0.000000 ^ wr_clk (in)
                                                         wr_clk (net)
                      0.001077    0.000538    0.000538 ^ clkbuf_0_wr_clk/A (sky130_fd_sc_hd__clkbuf_16)
    16    0.103304    0.118752    0.172854    0.173392 ^ clkbuf_0_wr_clk/X (sky130_fd_sc_hd__clkbuf_16)
                                                         clknet_0_wr_clk (net)
                      0.118756    0.000574    0.173966 ^ clkbuf_4_15_0_wr_clk/A (sky130_fd_sc_hd__clkbuf_8)
     2    0.018836    0.049627    0.157468    0.331434 ^ clkbuf_4_15_0_wr_clk/X (sky130_fd_sc_hd__clkbuf_8)
                                                         clknet_4_15_0_wr_clk (net)
                      0.049629    0.000420    0.331854 ^ clkbuf_5_31__f_wr_clk/A (sky130_fd_sc_hd__clkbuf_16)
     5    0.013882    0.036639    0.121245    0.453099 ^ clkbuf_5_31__f_wr_clk/X (sky130_fd_sc_hd__clkbuf_16)
                                                         clknet_5_31__leaf_wr_clk (net)
                      0.036639    0.000240    0.453340 ^ _1221_/CLK (sky130_fd_sc_hd__dfrtp_2)
                                  0.100000    0.553340   clock uncertainty
                                  0.000000    0.553340   clock reconvergence pessimism
                                  0.399058    0.952398   library removal time
                                              0.952398   data required time
---------------------------------------------------------------------------------------------
                                              0.952398   data required time
                                             -2.265245   data arrival time
---------------------------------------------------------------------------------------------
                                              1.312846   slack (MET)


Startpoint: _1201_ (rising edge-triggered flip-flop clocked by wr_clk)
Endpoint: _1216_ (removal check against rising-edge clock wr_clk)
Path Group: asynchronous
Path Type: min

Fanout         Cap        Slew       Delay        Time   Description
---------------------------------------------------------------------------------------------
                                  0.000000    0.000000   clock wr_clk (rise edge)
                                  0.000000    0.000000   clock source latency
     1    0.024374    0.000000    0.000000    0.000000 ^ wr_clk (in)
                                                         wr_clk (net)
                      0.001077    0.000538    0.000538 ^ clkbuf_0_wr_clk/A (sky130_fd_sc_hd__clkbuf_16)
    16    0.103304    0.118752    0.172854    0.173392 ^ clkbuf_0_wr_clk/X (sky130_fd_sc_hd__clkbuf_16)
                                                         clknet_0_wr_clk (net)
                      0.118777    0.001434    0.174826 ^ clkbuf_4_10_0_wr_clk/A (sky130_fd_sc_hd__clkbuf_8)
     2    0.019042    0.049921    0.157851    0.332677 ^ clkbuf_4_10_0_wr_clk/X (sky130_fd_sc_hd__clkbuf_8)
                                                         clknet_4_10_0_wr_clk (net)
                      0.049921    0.000226    0.332903 ^ clkbuf_5_21__f_wr_clk/A (sky130_fd_sc_hd__clkbuf_16)
     6    0.019165    0.041133    0.126353    0.459256 ^ clkbuf_5_21__f_wr_clk/X (sky130_fd_sc_hd__clkbuf_16)
                                                         clknet_5_21__leaf_wr_clk (net)
                      0.041134    0.000499    0.459755 ^ _1201_/CLK (sky130_fd_sc_hd__dfrtp_2)
     1    0.003323    0.040313    0.332041    0.791796 ^ _1201_/Q (sky130_fd_sc_hd__dfrtp_2)
                                                         u_wr_reset_sync.sync_ff2 (net)
                      0.040313    0.000041    0.791836 ^ fanout80/A (sky130_fd_sc_hd__clkdlybuf4s25_1)
     7    0.039623    0.398346    0.493948    1.285784 ^ fanout80/X (sky130_fd_sc_hd__clkdlybuf4s25_1)
                                                         net80 (net)
                      0.398346    0.000185    1.285969 ^ fanout79/A (sky130_fd_sc_hd__clkdlybuf4s25_1)
     5    0.023416    0.240421    0.466582    1.752552 ^ fanout79/X (sky130_fd_sc_hd__clkdlybuf4s25_1)
                                                         net79 (net)
                      0.240421    0.000078    1.752630 ^ fanout78/A (sky130_fd_sc_hd__clkdlybuf4s25_1)
     8    0.033877    0.342465    0.511844    2.264474 ^ fanout78/X (sky130_fd_sc_hd__clkdlybuf4s25_1)
                                                         net78 (net)
                      0.342465    0.000785    2.265260 ^ _1216_/RESET_B (sky130_fd_sc_hd__dfrtp_2)
                                              2.265260   data arrival time

                                  0.000000    0.000000   clock wr_clk (rise edge)
                                  0.000000    0.000000   clock source latency
     1    0.024374    0.000000    0.000000    0.000000 ^ wr_clk (in)
                                                         wr_clk (net)
                      0.001077    0.000538    0.000538 ^ clkbuf_0_wr_clk/A (sky130_fd_sc_hd__clkbuf_16)
    16    0.103304    0.118752    0.172854    0.173392 ^ clkbuf_0_wr_clk/X (sky130_fd_sc_hd__clkbuf_16)
                                                         clknet_0_wr_clk (net)
                      0.118756    0.000574    0.173966 ^ clkbuf_4_15_0_wr_clk/A (sky130_fd_sc_hd__clkbuf_8)
     2    0.018836    0.049627    0.157468    0.331434 ^ clkbuf_4_15_0_wr_clk/X (sky130_fd_sc_hd__clkbuf_8)
                                                         clknet_4_15_0_wr_clk (net)
                      0.049629    0.000420    0.331854 ^ clkbuf_5_31__f_wr_clk/A (sky130_fd_sc_hd__clkbuf_16)
     5    0.013882    0.036639    0.121245    0.453099 ^ clkbuf_5_31__f_wr_clk/X (sky130_fd_sc_hd__clkbuf_16)
                                                         clknet_5_31__leaf_wr_clk (net)
                      0.036639    0.000183    0.453283 ^ _1216_/CLK (sky130_fd_sc_hd__dfrtp_2)
                                  0.100000    0.553283   clock uncertainty
                                  0.000000    0.553283   clock reconvergence pessimism
                                  0.399058    0.952341   library removal time
                                              0.952341   data required time
---------------------------------------------------------------------------------------------
                                              0.952341   data required time
                                             -2.265260   data arrival time
---------------------------------------------------------------------------------------------
                                              1.312918   slack (MET)


Startpoint: _1201_ (rising edge-triggered flip-flop clocked by wr_clk)
Endpoint: _1228_ (removal check against rising-edge clock wr_clk)
Path Group: asynchronous
Path Type: min

Fanout         Cap        Slew       Delay        Time   Description
---------------------------------------------------------------------------------------------
                                  0.000000    0.000000   clock wr_clk (rise edge)
                                  0.000000    0.000000   clock source latency
     1    0.024374    0.000000    0.000000    0.000000 ^ wr_clk (in)
                                                         wr_clk (net)
                      0.001077    0.000538    0.000538 ^ clkbuf_0_wr_clk/A (sky130_fd_sc_hd__clkbuf_16)
    16    0.103304    0.118752    0.172854    0.173392 ^ clkbuf_0_wr_clk/X (sky130_fd_sc_hd__clkbuf_16)
                                                         clknet_0_wr_clk (net)
                      0.118777    0.001434    0.174826 ^ clkbuf_4_10_0_wr_clk/A (sky130_fd_sc_hd__clkbuf_8)
     2    0.019042    0.049921    0.157851    0.332677 ^ clkbuf_4_10_0_wr_clk/X (sky130_fd_sc_hd__clkbuf_8)
                                                         clknet_4_10_0_wr_clk (net)
                      0.049921    0.000226    0.332903 ^ clkbuf_5_21__f_wr_clk/A (sky130_fd_sc_hd__clkbuf_16)
     6    0.019165    0.041133    0.126353    0.459256 ^ clkbuf_5_21__f_wr_clk/X (sky130_fd_sc_hd__clkbuf_16)
                                                         clknet_5_21__leaf_wr_clk (net)
                      0.041134    0.000499    0.459755 ^ _1201_/CLK (sky130_fd_sc_hd__dfrtp_2)
     1    0.003323    0.040313    0.332041    0.791796 ^ _1201_/Q (sky130_fd_sc_hd__dfrtp_2)
                                                         u_wr_reset_sync.sync_ff2 (net)
                      0.040313    0.000041    0.791836 ^ fanout80/A (sky130_fd_sc_hd__clkdlybuf4s25_1)
     7    0.039623    0.398346    0.493948    1.285784 ^ fanout80/X (sky130_fd_sc_hd__clkdlybuf4s25_1)
                                                         net80 (net)
                      0.398346    0.000185    1.285969 ^ fanout79/A (sky130_fd_sc_hd__clkdlybuf4s25_1)
     5    0.023416    0.240421    0.466582    1.752552 ^ fanout79/X (sky130_fd_sc_hd__clkdlybuf4s25_1)
                                                         net79 (net)
                      0.240421    0.000078    1.752630 ^ fanout78/A (sky130_fd_sc_hd__clkdlybuf4s25_1)
     8    0.033877    0.342465    0.511844    2.264474 ^ fanout78/X (sky130_fd_sc_hd__clkdlybuf4s25_1)
                                                         net78 (net)
                      0.342465    0.000621    2.265096 ^ _1228_/RESET_B (sky130_fd_sc_hd__dfrtp_2)
                                              2.265096   data arrival time

                                  0.000000    0.000000   clock wr_clk (rise edge)
                                  0.000000    0.000000   clock source latency
     1    0.024374    0.000000    0.000000    0.000000 ^ wr_clk (in)
                                                         wr_clk (net)
                      0.001077    0.000538    0.000538 ^ clkbuf_0_wr_clk/A (sky130_fd_sc_hd__clkbuf_16)
    16    0.103304    0.118752    0.172854    0.173392 ^ clkbuf_0_wr_clk/X (sky130_fd_sc_hd__clkbuf_16)
                                                         clknet_0_wr_clk (net)
                      0.118756    0.000584    0.173977 ^ clkbuf_4_14_0_wr_clk/A (sky130_fd_sc_hd__clkbuf_8)
     2    0.018769    0.049495    0.157434    0.331411 ^ clkbuf_4_14_0_wr_clk/X (sky130_fd_sc_hd__clkbuf_8)
                                                         clknet_4_14_0_wr_clk (net)
                      0.049495    0.000244    0.331655 ^ clkbuf_5_29__f_wr_clk/A (sky130_fd_sc_hd__clkbuf_16)
     5    0.013959    0.036703    0.121281    0.452935 ^ clkbuf_5_29__f_wr_clk/X (sky130_fd_sc_hd__clkbuf_16)
                                                         clknet_5_29__leaf_wr_clk (net)
                      0.036703    0.000155    0.453091 ^ _1228_/CLK (sky130_fd_sc_hd__dfrtp_2)
                                  0.100000    0.553091   clock uncertainty
                                  0.000000    0.553091   clock reconvergence pessimism
                                  0.399076    0.952167   library removal time
                                              0.952167   data required time
---------------------------------------------------------------------------------------------
                                              0.952167   data required time
                                             -2.265096   data arrival time
---------------------------------------------------------------------------------------------
                                              1.312929   slack (MET)


Startpoint: _1201_ (rising edge-triggered flip-flop clocked by wr_clk)
Endpoint: _1217_ (removal check against rising-edge clock wr_clk)
Path Group: asynchronous
Path Type: min

Fanout         Cap        Slew       Delay        Time   Description
---------------------------------------------------------------------------------------------
                                  0.000000    0.000000   clock wr_clk (rise edge)
                                  0.000000    0.000000   clock source latency
     1    0.024374    0.000000    0.000000    0.000000 ^ wr_clk (in)
                                                         wr_clk (net)
                      0.001077    0.000538    0.000538 ^ clkbuf_0_wr_clk/A (sky130_fd_sc_hd__clkbuf_16)
    16    0.103304    0.118752    0.172854    0.173392 ^ clkbuf_0_wr_clk/X (sky130_fd_sc_hd__clkbuf_16)
                                                         clknet_0_wr_clk (net)
                      0.118777    0.001434    0.174826 ^ clkbuf_4_10_0_wr_clk/A (sky130_fd_sc_hd__clkbuf_8)
     2    0.019042    0.049921    0.157851    0.332677 ^ clkbuf_4_10_0_wr_clk/X (sky130_fd_sc_hd__clkbuf_8)
                                                         clknet_4_10_0_wr_clk (net)
                      0.049921    0.000226    0.332903 ^ clkbuf_5_21__f_wr_clk/A (sky130_fd_sc_hd__clkbuf_16)
     6    0.019165    0.041133    0.126353    0.459256 ^ clkbuf_5_21__f_wr_clk/X (sky130_fd_sc_hd__clkbuf_16)
                                                         clknet_5_21__leaf_wr_clk (net)
                      0.041134    0.000499    0.459755 ^ _1201_/CLK (sky130_fd_sc_hd__dfrtp_2)
     1    0.003323    0.040313    0.332041    0.791796 ^ _1201_/Q (sky130_fd_sc_hd__dfrtp_2)
                                                         u_wr_reset_sync.sync_ff2 (net)
                      0.040313    0.000041    0.791836 ^ fanout80/A (sky130_fd_sc_hd__clkdlybuf4s25_1)
     7    0.039623    0.398346    0.493948    1.285784 ^ fanout80/X (sky130_fd_sc_hd__clkdlybuf4s25_1)
                                                         net80 (net)
                      0.398346    0.000185    1.285969 ^ fanout79/A (sky130_fd_sc_hd__clkdlybuf4s25_1)
     5    0.023416    0.240421    0.466582    1.752552 ^ fanout79/X (sky130_fd_sc_hd__clkdlybuf4s25_1)
                                                         net79 (net)
                      0.240421    0.000078    1.752630 ^ fanout78/A (sky130_fd_sc_hd__clkdlybuf4s25_1)
     8    0.033877    0.342465    0.511844    2.264474 ^ fanout78/X (sky130_fd_sc_hd__clkdlybuf4s25_1)
                                                         net78 (net)
                      0.342465    0.000708    2.265182 ^ _1217_/RESET_B (sky130_fd_sc_hd__dfrtp_2)
                                              2.265182   data arrival time

                                  0.000000    0.000000   clock wr_clk (rise edge)
                                  0.000000    0.000000   clock source latency
     1    0.024374    0.000000    0.000000    0.000000 ^ wr_clk (in)
                                                         wr_clk (net)
                      0.001077    0.000538    0.000538 ^ clkbuf_0_wr_clk/A (sky130_fd_sc_hd__clkbuf_16)
    16    0.103304    0.118752    0.172854    0.173392 ^ clkbuf_0_wr_clk/X (sky130_fd_sc_hd__clkbuf_16)
                                                         clknet_0_wr_clk (net)
                      0.118756    0.000584    0.173977 ^ clkbuf_4_14_0_wr_clk/A (sky130_fd_sc_hd__clkbuf_8)
     2    0.018769    0.049495    0.157434    0.331411 ^ clkbuf_4_14_0_wr_clk/X (sky130_fd_sc_hd__clkbuf_8)
                                                         clknet_4_14_0_wr_clk (net)
                      0.049495    0.000244    0.331655 ^ clkbuf_5_29__f_wr_clk/A (sky130_fd_sc_hd__clkbuf_16)
     5    0.013959    0.036703    0.121281    0.452935 ^ clkbuf_5_29__f_wr_clk/X (sky130_fd_sc_hd__clkbuf_16)
                                                         clknet_5_29__leaf_wr_clk (net)
                      0.036703    0.000065    0.453000 ^ _1217_/CLK (sky130_fd_sc_hd__dfrtp_2)
                                  0.100000    0.553000   clock uncertainty
                                  0.000000    0.553000   clock reconvergence pessimism
                                  0.399076    0.952076   library removal time
                                              0.952076   data required time
---------------------------------------------------------------------------------------------
                                              0.952076   data required time
                                             -2.265182   data arrival time
---------------------------------------------------------------------------------------------
                                              1.313106   slack (MET)


Startpoint: _1201_ (rising edge-triggered flip-flop clocked by wr_clk)
Endpoint: _1215_ (removal check against rising-edge clock wr_clk)
Path Group: asynchronous
Path Type: min

Fanout         Cap        Slew       Delay        Time   Description
---------------------------------------------------------------------------------------------
                                  0.000000    0.000000   clock wr_clk (rise edge)
                                  0.000000    0.000000   clock source latency
     1    0.024374    0.000000    0.000000    0.000000 ^ wr_clk (in)
                                                         wr_clk (net)
                      0.001077    0.000538    0.000538 ^ clkbuf_0_wr_clk/A (sky130_fd_sc_hd__clkbuf_16)
    16    0.103304    0.118752    0.172854    0.173392 ^ clkbuf_0_wr_clk/X (sky130_fd_sc_hd__clkbuf_16)
                                                         clknet_0_wr_clk (net)
                      0.118777    0.001434    0.174826 ^ clkbuf_4_10_0_wr_clk/A (sky130_fd_sc_hd__clkbuf_8)
     2    0.019042    0.049921    0.157851    0.332677 ^ clkbuf_4_10_0_wr_clk/X (sky130_fd_sc_hd__clkbuf_8)
                                                         clknet_4_10_0_wr_clk (net)
                      0.049921    0.000226    0.332903 ^ clkbuf_5_21__f_wr_clk/A (sky130_fd_sc_hd__clkbuf_16)
     6    0.019165    0.041133    0.126353    0.459256 ^ clkbuf_5_21__f_wr_clk/X (sky130_fd_sc_hd__clkbuf_16)
                                                         clknet_5_21__leaf_wr_clk (net)
                      0.041134    0.000499    0.459755 ^ _1201_/CLK (sky130_fd_sc_hd__dfrtp_2)
     1    0.003323    0.040313    0.332041    0.791796 ^ _1201_/Q (sky130_fd_sc_hd__dfrtp_2)
                                                         u_wr_reset_sync.sync_ff2 (net)
                      0.040313    0.000041    0.791836 ^ fanout80/A (sky130_fd_sc_hd__clkdlybuf4s25_1)
     7    0.039623    0.398346    0.493948    1.285784 ^ fanout80/X (sky130_fd_sc_hd__clkdlybuf4s25_1)
                                                         net80 (net)
                      0.398346    0.000185    1.285969 ^ fanout79/A (sky130_fd_sc_hd__clkdlybuf4s25_1)
     5    0.023416    0.240421    0.466582    1.752552 ^ fanout79/X (sky130_fd_sc_hd__clkdlybuf4s25_1)
                                                         net79 (net)
                      0.240421    0.000403    1.752955 ^ fanout77/A (sky130_fd_sc_hd__clkdlybuf4s25_1)
     8    0.036638    0.369443    0.530404    2.283359 ^ fanout77/X (sky130_fd_sc_hd__clkdlybuf4s25_1)
                                                         net77 (net)
                      0.369443    0.001254    2.284613 ^ _1215_/RESET_B (sky130_fd_sc_hd__dfrtp_2)
                                              2.284613   data arrival time

                                  0.000000    0.000000   clock wr_clk (rise edge)
                                  0.000000    0.000000   clock source latency
     1    0.024374    0.000000    0.000000    0.000000 ^ wr_clk (in)
                                                         wr_clk (net)
                      0.001077    0.000538    0.000538 ^ clkbuf_0_wr_clk/A (sky130_fd_sc_hd__clkbuf_16)
    16    0.103304    0.118752    0.172854    0.173392 ^ clkbuf_0_wr_clk/X (sky130_fd_sc_hd__clkbuf_16)
                                                         clknet_0_wr_clk (net)
                      0.118752    0.000073    0.173465 ^ clkbuf_4_12_0_wr_clk/A (sky130_fd_sc_hd__clkbuf_8)
     2    0.019367    0.050450    0.158281    0.331746 ^ clkbuf_4_12_0_wr_clk/X (sky130_fd_sc_hd__clkbuf_8)
                                                         clknet_4_12_0_wr_clk (net)
                      0.050451    0.000354    0.332100 ^ clkbuf_5_25__f_wr_clk/A (sky130_fd_sc_hd__clkbuf_16)
     6    0.021455    0.043094    0.128785    0.460885 ^ clkbuf_5_25__f_wr_clk/X (sky130_fd_sc_hd__clkbuf_16)
                                                         clknet_5_25__leaf_wr_clk (net)
                      0.043096    0.000242    0.461127 ^ _1215_/CLK (sky130_fd_sc_hd__dfrtp_2)
                                  0.100000    0.561127   clock uncertainty
                                  0.000000    0.561127   clock reconvergence pessimism
                                  0.408180    0.969307   library removal time
                                              0.969307   data required time
---------------------------------------------------------------------------------------------
                                              0.969307   data required time
                                             -2.284613   data arrival time
---------------------------------------------------------------------------------------------
                                              1.315306   slack (MET)


Startpoint: _1201_ (rising edge-triggered flip-flop clocked by wr_clk)
Endpoint: _1231_ (removal check against rising-edge clock wr_clk)
Path Group: asynchronous
Path Type: min

Fanout         Cap        Slew       Delay        Time   Description
---------------------------------------------------------------------------------------------
                                  0.000000    0.000000   clock wr_clk (rise edge)
                                  0.000000    0.000000   clock source latency
     1    0.024374    0.000000    0.000000    0.000000 ^ wr_clk (in)
                                                         wr_clk (net)
                      0.001077    0.000538    0.000538 ^ clkbuf_0_wr_clk/A (sky130_fd_sc_hd__clkbuf_16)
    16    0.103304    0.118752    0.172854    0.173392 ^ clkbuf_0_wr_clk/X (sky130_fd_sc_hd__clkbuf_16)
                                                         clknet_0_wr_clk (net)
                      0.118777    0.001434    0.174826 ^ clkbuf_4_10_0_wr_clk/A (sky130_fd_sc_hd__clkbuf_8)
     2    0.019042    0.049921    0.157851    0.332677 ^ clkbuf_4_10_0_wr_clk/X (sky130_fd_sc_hd__clkbuf_8)
                                                         clknet_4_10_0_wr_clk (net)
                      0.049921    0.000226    0.332903 ^ clkbuf_5_21__f_wr_clk/A (sky130_fd_sc_hd__clkbuf_16)
     6    0.019165    0.041133    0.126353    0.459256 ^ clkbuf_5_21__f_wr_clk/X (sky130_fd_sc_hd__clkbuf_16)
                                                         clknet_5_21__leaf_wr_clk (net)
                      0.041134    0.000499    0.459755 ^ _1201_/CLK (sky130_fd_sc_hd__dfrtp_2)
     1    0.003323    0.040313    0.332041    0.791796 ^ _1201_/Q (sky130_fd_sc_hd__dfrtp_2)
                                                         u_wr_reset_sync.sync_ff2 (net)
                      0.040313    0.000041    0.791836 ^ fanout80/A (sky130_fd_sc_hd__clkdlybuf4s25_1)
     7    0.039623    0.398346    0.493948    1.285784 ^ fanout80/X (sky130_fd_sc_hd__clkdlybuf4s25_1)
                                                         net80 (net)
                      0.398346    0.000185    1.285969 ^ fanout79/A (sky130_fd_sc_hd__clkdlybuf4s25_1)
     5    0.023416    0.240421    0.466582    1.752552 ^ fanout79/X (sky130_fd_sc_hd__clkdlybuf4s25_1)
                                                         net79 (net)
                      0.240421    0.000403    1.752955 ^ fanout77/A (sky130_fd_sc_hd__clkdlybuf4s25_1)
     8    0.036638    0.369443    0.530404    2.283359 ^ fanout77/X (sky130_fd_sc_hd__clkdlybuf4s25_1)
                                                         net77 (net)
                      0.369443    0.000304    2.283663 ^ _1231_/RESET_B (sky130_fd_sc_hd__dfrtp_2)
                                              2.283663   data arrival time

                                  0.000000    0.000000   clock wr_clk (rise edge)
                                  0.000000    0.000000   clock source latency
     1    0.024374    0.000000    0.000000    0.000000 ^ wr_clk (in)
                                                         wr_clk (net)
                      0.001077    0.000538    0.000538 ^ clkbuf_0_wr_clk/A (sky130_fd_sc_hd__clkbuf_16)
    16    0.103304    0.118752    0.172854    0.173392 ^ clkbuf_0_wr_clk/X (sky130_fd_sc_hd__clkbuf_16)
                                                         clknet_0_wr_clk (net)
                      0.118756    0.000584    0.173977 ^ clkbuf_4_14_0_wr_clk/A (sky130_fd_sc_hd__clkbuf_8)
     2    0.018769    0.049495    0.157434    0.331411 ^ clkbuf_4_14_0_wr_clk/X (sky130_fd_sc_hd__clkbuf_8)
                                                         clknet_4_14_0_wr_clk (net)
                      0.049495    0.000209    0.331619 ^ clkbuf_5_28__f_wr_clk/A (sky130_fd_sc_hd__clkbuf_16)
     5    0.020373    0.042164    0.127441    0.459060 ^ clkbuf_5_28__f_wr_clk/X (sky130_fd_sc_hd__clkbuf_16)
                                                         clknet_5_28__leaf_wr_clk (net)
                      0.042164    0.000135    0.459195 ^ _1231_/CLK (sky130_fd_sc_hd__dfrtp_2)
                                  0.100000    0.559195   clock uncertainty
                                  0.000000    0.559195   clock reconvergence pessimism
                                  0.407925    0.967121   library removal time
                                              0.967121   data required time
---------------------------------------------------------------------------------------------
                                              0.967121   data required time
                                             -2.283663   data arrival time
---------------------------------------------------------------------------------------------
                                              1.316542   slack (MET)


Startpoint: _1201_ (rising edge-triggered flip-flop clocked by wr_clk)
Endpoint: _1230_ (removal check against rising-edge clock wr_clk)
Path Group: asynchronous
Path Type: min

Fanout         Cap        Slew       Delay        Time   Description
---------------------------------------------------------------------------------------------
                                  0.000000    0.000000   clock wr_clk (rise edge)
                                  0.000000    0.000000   clock source latency
     1    0.024374    0.000000    0.000000    0.000000 ^ wr_clk (in)
                                                         wr_clk (net)
                      0.001077    0.000538    0.000538 ^ clkbuf_0_wr_clk/A (sky130_fd_sc_hd__clkbuf_16)
    16    0.103304    0.118752    0.172854    0.173392 ^ clkbuf_0_wr_clk/X (sky130_fd_sc_hd__clkbuf_16)
                                                         clknet_0_wr_clk (net)
                      0.118777    0.001434    0.174826 ^ clkbuf_4_10_0_wr_clk/A (sky130_fd_sc_hd__clkbuf_8)
     2    0.019042    0.049921    0.157851    0.332677 ^ clkbuf_4_10_0_wr_clk/X (sky130_fd_sc_hd__clkbuf_8)
                                                         clknet_4_10_0_wr_clk (net)
                      0.049921    0.000226    0.332903 ^ clkbuf_5_21__f_wr_clk/A (sky130_fd_sc_hd__clkbuf_16)
     6    0.019165    0.041133    0.126353    0.459256 ^ clkbuf_5_21__f_wr_clk/X (sky130_fd_sc_hd__clkbuf_16)
                                                         clknet_5_21__leaf_wr_clk (net)
                      0.041134    0.000499    0.459755 ^ _1201_/CLK (sky130_fd_sc_hd__dfrtp_2)
     1    0.003323    0.040313    0.332041    0.791796 ^ _1201_/Q (sky130_fd_sc_hd__dfrtp_2)
                                                         u_wr_reset_sync.sync_ff2 (net)
                      0.040313    0.000041    0.791836 ^ fanout80/A (sky130_fd_sc_hd__clkdlybuf4s25_1)
     7    0.039623    0.398346    0.493948    1.285784 ^ fanout80/X (sky130_fd_sc_hd__clkdlybuf4s25_1)
                                                         net80 (net)
                      0.398346    0.000185    1.285969 ^ fanout79/A (sky130_fd_sc_hd__clkdlybuf4s25_1)
     5    0.023416    0.240421    0.466582    1.752552 ^ fanout79/X (sky130_fd_sc_hd__clkdlybuf4s25_1)
                                                         net79 (net)
                      0.240421    0.000403    1.752955 ^ fanout77/A (sky130_fd_sc_hd__clkdlybuf4s25_1)
     8    0.036638    0.369443    0.530404    2.283359 ^ fanout77/X (sky130_fd_sc_hd__clkdlybuf4s25_1)
                                                         net77 (net)
                      0.369443    0.000810    2.284169 ^ _1230_/RESET_B (sky130_fd_sc_hd__dfrtp_2)
                                              2.284169   data arrival time

                                  0.000000    0.000000   clock wr_clk (rise edge)
                                  0.000000    0.000000   clock source latency
     1    0.024374    0.000000    0.000000    0.000000 ^ wr_clk (in)
                                                         wr_clk (net)
                      0.001077    0.000538    0.000538 ^ clkbuf_0_wr_clk/A (sky130_fd_sc_hd__clkbuf_16)
    16    0.103304    0.118752    0.172854    0.173392 ^ clkbuf_0_wr_clk/X (sky130_fd_sc_hd__clkbuf_16)
                                                         clknet_0_wr_clk (net)
                      0.118756    0.000584    0.173977 ^ clkbuf_4_14_0_wr_clk/A (sky130_fd_sc_hd__clkbuf_8)
     2    0.018769    0.049495    0.157434    0.331411 ^ clkbuf_4_14_0_wr_clk/X (sky130_fd_sc_hd__clkbuf_8)
                                                         clknet_4_14_0_wr_clk (net)
                      0.049495    0.000209    0.331619 ^ clkbuf_5_28__f_wr_clk/A (sky130_fd_sc_hd__clkbuf_16)
     5    0.020373    0.042164    0.127441    0.459060 ^ clkbuf_5_28__f_wr_clk/X (sky130_fd_sc_hd__clkbuf_16)
                                                         clknet_5_28__leaf_wr_clk (net)
                      0.042164    0.000125    0.459185 ^ _1230_/CLK (sky130_fd_sc_hd__dfrtp_2)
                                  0.100000    0.559185   clock uncertainty
                                  0.000000    0.559185   clock reconvergence pessimism
                                  0.407925    0.967110   library removal time
                                              0.967110   data required time
---------------------------------------------------------------------------------------------
                                              0.967110   data required time
                                             -2.284169   data arrival time
---------------------------------------------------------------------------------------------
                                              1.317058   slack (MET)


Startpoint: _1201_ (rising edge-triggered flip-flop clocked by wr_clk)
Endpoint: _1220_ (removal check against rising-edge clock wr_clk)
Path Group: asynchronous
Path Type: min

Fanout         Cap        Slew       Delay        Time   Description
---------------------------------------------------------------------------------------------
                                  0.000000    0.000000   clock wr_clk (rise edge)
                                  0.000000    0.000000   clock source latency
     1    0.024374    0.000000    0.000000    0.000000 ^ wr_clk (in)
                                                         wr_clk (net)
                      0.001077    0.000538    0.000538 ^ clkbuf_0_wr_clk/A (sky130_fd_sc_hd__clkbuf_16)
    16    0.103304    0.118752    0.172854    0.173392 ^ clkbuf_0_wr_clk/X (sky130_fd_sc_hd__clkbuf_16)
                                                         clknet_0_wr_clk (net)
                      0.118777    0.001434    0.174826 ^ clkbuf_4_10_0_wr_clk/A (sky130_fd_sc_hd__clkbuf_8)
     2    0.019042    0.049921    0.157851    0.332677 ^ clkbuf_4_10_0_wr_clk/X (sky130_fd_sc_hd__clkbuf_8)
                                                         clknet_4_10_0_wr_clk (net)
                      0.049921    0.000226    0.332903 ^ clkbuf_5_21__f_wr_clk/A (sky130_fd_sc_hd__clkbuf_16)
     6    0.019165    0.041133    0.126353    0.459256 ^ clkbuf_5_21__f_wr_clk/X (sky130_fd_sc_hd__clkbuf_16)
                                                         clknet_5_21__leaf_wr_clk (net)
                      0.041134    0.000499    0.459755 ^ _1201_/CLK (sky130_fd_sc_hd__dfrtp_2)
     1    0.003323    0.040313    0.332041    0.791796 ^ _1201_/Q (sky130_fd_sc_hd__dfrtp_2)
                                                         u_wr_reset_sync.sync_ff2 (net)
                      0.040313    0.000041    0.791836 ^ fanout80/A (sky130_fd_sc_hd__clkdlybuf4s25_1)
     7    0.039623    0.398346    0.493948    1.285784 ^ fanout80/X (sky130_fd_sc_hd__clkdlybuf4s25_1)
                                                         net80 (net)
                      0.398346    0.000185    1.285969 ^ fanout79/A (sky130_fd_sc_hd__clkdlybuf4s25_1)
     5    0.023416    0.240421    0.466582    1.752552 ^ fanout79/X (sky130_fd_sc_hd__clkdlybuf4s25_1)
                                                         net79 (net)
                      0.240421    0.000403    1.752955 ^ fanout77/A (sky130_fd_sc_hd__clkdlybuf4s25_1)
     8    0.036638    0.369443    0.530404    2.283359 ^ fanout77/X (sky130_fd_sc_hd__clkdlybuf4s25_1)
                                                         net77 (net)
                      0.369443    0.001095    2.284453 ^ _1220_/RESET_B (sky130_fd_sc_hd__dfrtp_2)
                                              2.284453   data arrival time

                                  0.000000    0.000000   clock wr_clk (rise edge)
                                  0.000000    0.000000   clock source latency
     1    0.024374    0.000000    0.000000    0.000000 ^ wr_clk (in)
                                                         wr_clk (net)
                      0.001077    0.000538    0.000538 ^ clkbuf_0_wr_clk/A (sky130_fd_sc_hd__clkbuf_16)
    16    0.103304    0.118752    0.172854    0.173392 ^ clkbuf_0_wr_clk/X (sky130_fd_sc_hd__clkbuf_16)
                                                         clknet_0_wr_clk (net)
                      0.118756    0.000584    0.173977 ^ clkbuf_4_14_0_wr_clk/A (sky130_fd_sc_hd__clkbuf_8)
     2    0.018769    0.049495    0.157434    0.331411 ^ clkbuf_4_14_0_wr_clk/X (sky130_fd_sc_hd__clkbuf_8)
                                                         clknet_4_14_0_wr_clk (net)
                      0.049495    0.000209    0.331619 ^ clkbuf_5_28__f_wr_clk/A (sky130_fd_sc_hd__clkbuf_16)
     5    0.020373    0.042164    0.127441    0.459060 ^ clkbuf_5_28__f_wr_clk/X (sky130_fd_sc_hd__clkbuf_16)
                                                         clknet_5_28__leaf_wr_clk (net)
                      0.042164    0.000116    0.459176 ^ _1220_/CLK (sky130_fd_sc_hd__dfrtp_2)
                                  0.100000    0.559176   clock uncertainty
                                  0.000000    0.559176   clock reconvergence pessimism
                                  0.407925    0.967101   library removal time
                                              0.967101   data required time
---------------------------------------------------------------------------------------------
                                              0.967101   data required time
                                             -2.284453   data arrival time
---------------------------------------------------------------------------------------------
                                              1.317352   slack (MET)


Startpoint: _1201_ (rising edge-triggered flip-flop clocked by wr_clk)
Endpoint: _1219_ (removal check against rising-edge clock wr_clk)
Path Group: asynchronous
Path Type: min

Fanout         Cap        Slew       Delay        Time   Description
---------------------------------------------------------------------------------------------
                                  0.000000    0.000000   clock wr_clk (rise edge)
                                  0.000000    0.000000   clock source latency
     1    0.024374    0.000000    0.000000    0.000000 ^ wr_clk (in)
                                                         wr_clk (net)
                      0.001077    0.000538    0.000538 ^ clkbuf_0_wr_clk/A (sky130_fd_sc_hd__clkbuf_16)
    16    0.103304    0.118752    0.172854    0.173392 ^ clkbuf_0_wr_clk/X (sky130_fd_sc_hd__clkbuf_16)
                                                         clknet_0_wr_clk (net)
                      0.118777    0.001434    0.174826 ^ clkbuf_4_10_0_wr_clk/A (sky130_fd_sc_hd__clkbuf_8)
     2    0.019042    0.049921    0.157851    0.332677 ^ clkbuf_4_10_0_wr_clk/X (sky130_fd_sc_hd__clkbuf_8)
                                                         clknet_4_10_0_wr_clk (net)
                      0.049921    0.000226    0.332903 ^ clkbuf_5_21__f_wr_clk/A (sky130_fd_sc_hd__clkbuf_16)
     6    0.019165    0.041133    0.126353    0.459256 ^ clkbuf_5_21__f_wr_clk/X (sky130_fd_sc_hd__clkbuf_16)
                                                         clknet_5_21__leaf_wr_clk (net)
                      0.041134    0.000499    0.459755 ^ _1201_/CLK (sky130_fd_sc_hd__dfrtp_2)
     1    0.003323    0.040313    0.332041    0.791796 ^ _1201_/Q (sky130_fd_sc_hd__dfrtp_2)
                                                         u_wr_reset_sync.sync_ff2 (net)
                      0.040313    0.000041    0.791836 ^ fanout80/A (sky130_fd_sc_hd__clkdlybuf4s25_1)
     7    0.039623    0.398346    0.493948    1.285784 ^ fanout80/X (sky130_fd_sc_hd__clkdlybuf4s25_1)
                                                         net80 (net)
                      0.398346    0.000185    1.285969 ^ fanout79/A (sky130_fd_sc_hd__clkdlybuf4s25_1)
     5    0.023416    0.240421    0.466582    1.752552 ^ fanout79/X (sky130_fd_sc_hd__clkdlybuf4s25_1)
                                                         net79 (net)
                      0.240421    0.000403    1.752955 ^ fanout77/A (sky130_fd_sc_hd__clkdlybuf4s25_1)
     8    0.036638    0.369443    0.530404    2.283359 ^ fanout77/X (sky130_fd_sc_hd__clkdlybuf4s25_1)
                                                         net77 (net)
                      0.369443    0.001179    2.284538 ^ _1219_/RESET_B (sky130_fd_sc_hd__dfrtp_2)
                                              2.284538   data arrival time

                                  0.000000    0.000000   clock wr_clk (rise edge)
                                  0.000000    0.000000   clock source latency
     1    0.024374    0.000000    0.000000    0.000000 ^ wr_clk (in)
                                                         wr_clk (net)
                      0.001077    0.000538    0.000538 ^ clkbuf_0_wr_clk/A (sky130_fd_sc_hd__clkbuf_16)
    16    0.103304    0.118752    0.172854    0.173392 ^ clkbuf_0_wr_clk/X (sky130_fd_sc_hd__clkbuf_16)
                                                         clknet_0_wr_clk (net)
                      0.118756    0.000574    0.173966 ^ clkbuf_4_15_0_wr_clk/A (sky130_fd_sc_hd__clkbuf_8)
     2    0.018836    0.049627    0.157468    0.331434 ^ clkbuf_4_15_0_wr_clk/X (sky130_fd_sc_hd__clkbuf_8)
                                                         clknet_4_15_0_wr_clk (net)
                      0.049627    0.000290    0.331723 ^ clkbuf_5_30__f_wr_clk/A (sky130_fd_sc_hd__clkbuf_16)
     5    0.012769    0.035690    0.120202    0.451925 ^ clkbuf_5_30__f_wr_clk/X (sky130_fd_sc_hd__clkbuf_16)
                                                         clknet_5_30__leaf_wr_clk (net)
                      0.035690    0.000118    0.452043 ^ _1219_/CLK (sky130_fd_sc_hd__dfrtp_2)
                                  0.100000    0.552043   clock uncertainty
                                  0.000000    0.552043   clock reconvergence pessimism
                                  0.406155    0.958198   library removal time
                                              0.958198   data required time
---------------------------------------------------------------------------------------------
                                              0.958198   data required time
                                             -2.284538   data arrival time
---------------------------------------------------------------------------------------------
                                              1.326339   slack (MET)


Startpoint: _1201_ (rising edge-triggered flip-flop clocked by wr_clk)
Endpoint: _1224_ (removal check against rising-edge clock wr_clk)
Path Group: asynchronous
Path Type: min

Fanout         Cap        Slew       Delay        Time   Description
---------------------------------------------------------------------------------------------
                                  0.000000    0.000000   clock wr_clk (rise edge)
                                  0.000000    0.000000   clock source latency
     1    0.024374    0.000000    0.000000    0.000000 ^ wr_clk (in)
                                                         wr_clk (net)
                      0.001077    0.000538    0.000538 ^ clkbuf_0_wr_clk/A (sky130_fd_sc_hd__clkbuf_16)
    16    0.103304    0.118752    0.172854    0.173392 ^ clkbuf_0_wr_clk/X (sky130_fd_sc_hd__clkbuf_16)
                                                         clknet_0_wr_clk (net)
                      0.118777    0.001434    0.174826 ^ clkbuf_4_10_0_wr_clk/A (sky130_fd_sc_hd__clkbuf_8)
     2    0.019042    0.049921    0.157851    0.332677 ^ clkbuf_4_10_0_wr_clk/X (sky130_fd_sc_hd__clkbuf_8)
                                                         clknet_4_10_0_wr_clk (net)
                      0.049921    0.000226    0.332903 ^ clkbuf_5_21__f_wr_clk/A (sky130_fd_sc_hd__clkbuf_16)
     6    0.019165    0.041133    0.126353    0.459256 ^ clkbuf_5_21__f_wr_clk/X (sky130_fd_sc_hd__clkbuf_16)
                                                         clknet_5_21__leaf_wr_clk (net)
                      0.041134    0.000499    0.459755 ^ _1201_/CLK (sky130_fd_sc_hd__dfrtp_2)
     1    0.003323    0.040313    0.332041    0.791796 ^ _1201_/Q (sky130_fd_sc_hd__dfrtp_2)
                                                         u_wr_reset_sync.sync_ff2 (net)
                      0.040313    0.000041    0.791836 ^ fanout80/A (sky130_fd_sc_hd__clkdlybuf4s25_1)
     7    0.039623    0.398346    0.493948    1.285784 ^ fanout80/X (sky130_fd_sc_hd__clkdlybuf4s25_1)
                                                         net80 (net)
                      0.398346    0.000185    1.285969 ^ fanout79/A (sky130_fd_sc_hd__clkdlybuf4s25_1)
     5    0.023416    0.240421    0.466582    1.752552 ^ fanout79/X (sky130_fd_sc_hd__clkdlybuf4s25_1)
                                                         net79 (net)
                      0.240421    0.000403    1.752955 ^ fanout77/A (sky130_fd_sc_hd__clkdlybuf4s25_1)
     8    0.036638    0.369443    0.530404    2.283359 ^ fanout77/X (sky130_fd_sc_hd__clkdlybuf4s25_1)
                                                         net77 (net)
                      0.369443    0.001236    2.284595 ^ _1224_/RESET_B (sky130_fd_sc_hd__dfrtp_2)
                                              2.284595   data arrival time

                                  0.000000    0.000000   clock wr_clk (rise edge)
                                  0.000000    0.000000   clock source latency
     1    0.024374    0.000000    0.000000    0.000000 ^ wr_clk (in)
                                                         wr_clk (net)
                      0.001077    0.000538    0.000538 ^ clkbuf_0_wr_clk/A (sky130_fd_sc_hd__clkbuf_16)
    16    0.103304    0.118752    0.172854    0.173392 ^ clkbuf_0_wr_clk/X (sky130_fd_sc_hd__clkbuf_16)
                                                         clknet_0_wr_clk (net)
                      0.118756    0.000574    0.173966 ^ clkbuf_4_15_0_wr_clk/A (sky130_fd_sc_hd__clkbuf_8)
     2    0.018836    0.049627    0.157468    0.331434 ^ clkbuf_4_15_0_wr_clk/X (sky130_fd_sc_hd__clkbuf_8)
                                                         clknet_4_15_0_wr_clk (net)
                      0.049627    0.000290    0.331723 ^ clkbuf_5_30__f_wr_clk/A (sky130_fd_sc_hd__clkbuf_16)
     5    0.012769    0.035690    0.120202    0.451925 ^ clkbuf_5_30__f_wr_clk/X (sky130_fd_sc_hd__clkbuf_16)
                                                         clknet_5_30__leaf_wr_clk (net)
                      0.035690    0.000086    0.452011 ^ _1224_/CLK (sky130_fd_sc_hd__dfrtp_2)
                                  0.100000    0.552011   clock uncertainty
                                  0.000000    0.552011   clock reconvergence pessimism
                                  0.406155    0.958166   library removal time
                                              0.958166   data required time
---------------------------------------------------------------------------------------------
                                              0.958166   data required time
                                             -2.284595   data arrival time
---------------------------------------------------------------------------------------------
                                              1.326429   slack (MET)


Startpoint: _1201_ (rising edge-triggered flip-flop clocked by wr_clk)
Endpoint: _1214_ (removal check against rising-edge clock wr_clk)
Path Group: asynchronous
Path Type: min

Fanout         Cap        Slew       Delay        Time   Description
---------------------------------------------------------------------------------------------
                                  0.000000    0.000000   clock wr_clk (rise edge)
                                  0.000000    0.000000   clock source latency
     1    0.024374    0.000000    0.000000    0.000000 ^ wr_clk (in)
                                                         wr_clk (net)
                      0.001077    0.000538    0.000538 ^ clkbuf_0_wr_clk/A (sky130_fd_sc_hd__clkbuf_16)
    16    0.103304    0.118752    0.172854    0.173392 ^ clkbuf_0_wr_clk/X (sky130_fd_sc_hd__clkbuf_16)
                                                         clknet_0_wr_clk (net)
                      0.118777    0.001434    0.174826 ^ clkbuf_4_10_0_wr_clk/A (sky130_fd_sc_hd__clkbuf_8)
     2    0.019042    0.049921    0.157851    0.332677 ^ clkbuf_4_10_0_wr_clk/X (sky130_fd_sc_hd__clkbuf_8)
                                                         clknet_4_10_0_wr_clk (net)
                      0.049921    0.000226    0.332903 ^ clkbuf_5_21__f_wr_clk/A (sky130_fd_sc_hd__clkbuf_16)
     6    0.019165    0.041133    0.126353    0.459256 ^ clkbuf_5_21__f_wr_clk/X (sky130_fd_sc_hd__clkbuf_16)
                                                         clknet_5_21__leaf_wr_clk (net)
                      0.041134    0.000499    0.459755 ^ _1201_/CLK (sky130_fd_sc_hd__dfrtp_2)
     1    0.003323    0.040313    0.332041    0.791796 ^ _1201_/Q (sky130_fd_sc_hd__dfrtp_2)
                                                         u_wr_reset_sync.sync_ff2 (net)
                      0.040313    0.000041    0.791836 ^ fanout80/A (sky130_fd_sc_hd__clkdlybuf4s25_1)
     7    0.039623    0.398346    0.493948    1.285784 ^ fanout80/X (sky130_fd_sc_hd__clkdlybuf4s25_1)
                                                         net80 (net)
                      0.398346    0.000185    1.285969 ^ fanout79/A (sky130_fd_sc_hd__clkdlybuf4s25_1)
     5    0.023416    0.240421    0.466582    1.752552 ^ fanout79/X (sky130_fd_sc_hd__clkdlybuf4s25_1)
                                                         net79 (net)
                      0.240421    0.000403    1.752955 ^ fanout77/A (sky130_fd_sc_hd__clkdlybuf4s25_1)
     8    0.036638    0.369443    0.530404    2.283359 ^ fanout77/X (sky130_fd_sc_hd__clkdlybuf4s25_1)
                                                         net77 (net)
                      0.369443    0.001292    2.284651 ^ _1214_/RESET_B (sky130_fd_sc_hd__dfrtp_2)
                                              2.284651   data arrival time

                                  0.000000    0.000000   clock wr_clk (rise edge)
                                  0.000000    0.000000   clock source latency
     1    0.024374    0.000000    0.000000    0.000000 ^ wr_clk (in)
                                                         wr_clk (net)
                      0.001077    0.000538    0.000538 ^ clkbuf_0_wr_clk/A (sky130_fd_sc_hd__clkbuf_16)
    16    0.103304    0.118752    0.172854    0.173392 ^ clkbuf_0_wr_clk/X (sky130_fd_sc_hd__clkbuf_16)
                                                         clknet_0_wr_clk (net)
                      0.118756    0.000574    0.173966 ^ clkbuf_4_15_0_wr_clk/A (sky130_fd_sc_hd__clkbuf_8)
     2    0.018836    0.049627    0.157468    0.331434 ^ clkbuf_4_15_0_wr_clk/X (sky130_fd_sc_hd__clkbuf_8)
                                                         clknet_4_15_0_wr_clk (net)
                      0.049627    0.000290    0.331723 ^ clkbuf_5_30__f_wr_clk/A (sky130_fd_sc_hd__clkbuf_16)
     5    0.012769    0.035690    0.120202    0.451925 ^ clkbuf_5_30__f_wr_clk/X (sky130_fd_sc_hd__clkbuf_16)
                                                         clknet_5_30__leaf_wr_clk (net)
                      0.035690    0.000088    0.452013 ^ _1214_/CLK (sky130_fd_sc_hd__dfrtp_2)
                                  0.100000    0.552013   clock uncertainty
                                  0.000000    0.552013   clock reconvergence pessimism
                                  0.406155    0.958169   library removal time
                                              0.958169   data required time
---------------------------------------------------------------------------------------------
                                              0.958169   data required time
                                             -2.284651   data arrival time
---------------------------------------------------------------------------------------------
                                              1.326482   slack (MET)


Startpoint: _1201_ (rising edge-triggered flip-flop clocked by wr_clk)
Endpoint: _1227_ (removal check against rising-edge clock wr_clk)
Path Group: asynchronous
Path Type: min

Fanout         Cap        Slew       Delay        Time   Description
---------------------------------------------------------------------------------------------
                                  0.000000    0.000000   clock wr_clk (rise edge)
                                  0.000000    0.000000   clock source latency
     1    0.024374    0.000000    0.000000    0.000000 ^ wr_clk (in)
                                                         wr_clk (net)
                      0.001077    0.000538    0.000538 ^ clkbuf_0_wr_clk/A (sky130_fd_sc_hd__clkbuf_16)
    16    0.103304    0.118752    0.172854    0.173392 ^ clkbuf_0_wr_clk/X (sky130_fd_sc_hd__clkbuf_16)
                                                         clknet_0_wr_clk (net)
                      0.118777    0.001434    0.174826 ^ clkbuf_4_10_0_wr_clk/A (sky130_fd_sc_hd__clkbuf_8)
     2    0.019042    0.049921    0.157851    0.332677 ^ clkbuf_4_10_0_wr_clk/X (sky130_fd_sc_hd__clkbuf_8)
                                                         clknet_4_10_0_wr_clk (net)
                      0.049921    0.000226    0.332903 ^ clkbuf_5_21__f_wr_clk/A (sky130_fd_sc_hd__clkbuf_16)
     6    0.019165    0.041133    0.126353    0.459256 ^ clkbuf_5_21__f_wr_clk/X (sky130_fd_sc_hd__clkbuf_16)
                                                         clknet_5_21__leaf_wr_clk (net)
                      0.041134    0.000499    0.459755 ^ _1201_/CLK (sky130_fd_sc_hd__dfrtp_2)
     1    0.003323    0.040313    0.332041    0.791796 ^ _1201_/Q (sky130_fd_sc_hd__dfrtp_2)
                                                         u_wr_reset_sync.sync_ff2 (net)
                      0.040313    0.000041    0.791836 ^ fanout80/A (sky130_fd_sc_hd__clkdlybuf4s25_1)
     7    0.039623    0.398346    0.493948    1.285784 ^ fanout80/X (sky130_fd_sc_hd__clkdlybuf4s25_1)
                                                         net80 (net)
                      0.398346    0.000185    1.285969 ^ fanout79/A (sky130_fd_sc_hd__clkdlybuf4s25_1)
     5    0.023416    0.240421    0.466582    1.752552 ^ fanout79/X (sky130_fd_sc_hd__clkdlybuf4s25_1)
                                                         net79 (net)
                      0.240421    0.000403    1.752955 ^ fanout77/A (sky130_fd_sc_hd__clkdlybuf4s25_1)
     8    0.036638    0.369443    0.530404    2.283359 ^ fanout77/X (sky130_fd_sc_hd__clkdlybuf4s25_1)
                                                         net77 (net)
                      0.369443    0.001341    2.284700 ^ _1227_/RESET_B (sky130_fd_sc_hd__dfrtp_2)
                                              2.284700   data arrival time

                                  0.000000    0.000000   clock wr_clk (rise edge)
                                  0.000000    0.000000   clock source latency
     1    0.024374    0.000000    0.000000    0.000000 ^ wr_clk (in)
                                                         wr_clk (net)
                      0.001077    0.000538    0.000538 ^ clkbuf_0_wr_clk/A (sky130_fd_sc_hd__clkbuf_16)
    16    0.103304    0.118752    0.172854    0.173392 ^ clkbuf_0_wr_clk/X (sky130_fd_sc_hd__clkbuf_16)
                                                         clknet_0_wr_clk (net)
                      0.118756    0.000574    0.173966 ^ clkbuf_4_15_0_wr_clk/A (sky130_fd_sc_hd__clkbuf_8)
     2    0.018836    0.049627    0.157468    0.331434 ^ clkbuf_4_15_0_wr_clk/X (sky130_fd_sc_hd__clkbuf_8)
                                                         clknet_4_15_0_wr_clk (net)
                      0.049627    0.000290    0.331723 ^ clkbuf_5_30__f_wr_clk/A (sky130_fd_sc_hd__clkbuf_16)
     5    0.012769    0.035690    0.120202    0.451925 ^ clkbuf_5_30__f_wr_clk/X (sky130_fd_sc_hd__clkbuf_16)
                                                         clknet_5_30__leaf_wr_clk (net)
                      0.035690    0.000097    0.452022 ^ _1227_/CLK (sky130_fd_sc_hd__dfrtp_2)
                                  0.100000    0.552022   clock uncertainty
                                  0.000000    0.552022   clock reconvergence pessimism
                                  0.406155    0.958177   library removal time
                                              0.958177   data required time
---------------------------------------------------------------------------------------------
                                              0.958177   data required time
                                             -2.284700   data arrival time
---------------------------------------------------------------------------------------------
                                              1.326523   slack (MET)


Startpoint: _1203_ (rising edge-triggered flip-flop clocked by rd_clk)
Endpoint: _1213_ (removal check against rising-edge clock rd_clk)
Path Group: asynchronous
Path Type: min

Fanout         Cap        Slew       Delay        Time   Description
---------------------------------------------------------------------------------------------
                                  0.000000    0.000000   clock rd_clk (rise edge)
                                  0.000000    0.000000   clock source latency
     1    0.013587    0.000000    0.000000    0.000000 ^ rd_clk (in)
                                                         rd_clk (net)
                      0.000583    0.000292    0.000292 ^ clkbuf_0_rd_clk/A (sky130_fd_sc_hd__clkbuf_16)
     4    0.037982    0.057948    0.124843    0.125135 ^ clkbuf_0_rd_clk/X (sky130_fd_sc_hd__clkbuf_16)
                                                         clknet_0_rd_clk (net)
                      0.057952    0.000497    0.125632 ^ clkbuf_2_3__f_rd_clk/A (sky130_fd_sc_hd__clkbuf_16)
     7    0.024943    0.046224    0.134831    0.260463 ^ clkbuf_2_3__f_rd_clk/X (sky130_fd_sc_hd__clkbuf_16)
                                                         clknet_2_3__leaf_rd_clk (net)
                      0.046226    0.000337    0.260799 ^ _1203_/CLK (sky130_fd_sc_hd__dfrtp_2)
     2    0.007993    0.060057    0.355608    0.616408 ^ _1203_/Q (sky130_fd_sc_hd__dfrtp_2)
                                                         u_rd_reset_sync.sync_ff2 (net)
                      0.060057    0.000055    0.616463 ^ fanout76/A (sky130_fd_sc_hd__clkdlybuf4s25_1)
     8    0.040905    0.410406    0.509933    1.126396 ^ fanout76/X (sky130_fd_sc_hd__clkdlybuf4s25_1)
                                                         net76 (net)
                      0.410406    0.000402    1.126798 ^ fanout75/A (sky130_fd_sc_hd__clkdlybuf4s25_1)
     6    0.027960    0.284737    0.499079    1.625877 ^ fanout75/X (sky130_fd_sc_hd__clkdlybuf4s25_1)
                                                         net75 (net)
                      0.284737    0.000282    1.626159 ^ fanout74/A (sky130_fd_sc_hd__clkdlybuf4s25_1)
     5    0.021401    0.221115    0.437125    2.063284 ^ fanout74/X (sky130_fd_sc_hd__clkdlybuf4s25_1)
                                                         net74 (net)
                      0.221115    0.000309    2.063594 ^ _1213_/RESET_B (sky130_fd_sc_hd__dfrtp_2)
                                              2.063594   data arrival time

                                  0.000000    0.000000   clock rd_clk (rise edge)
                                  0.000000    0.000000   clock source latency
     1    0.013587    0.000000    0.000000    0.000000 ^ rd_clk (in)
                                                         rd_clk (net)
                      0.000583    0.000292    0.000292 ^ clkbuf_0_rd_clk/A (sky130_fd_sc_hd__clkbuf_16)
     4    0.037982    0.057948    0.124843    0.125135 ^ clkbuf_0_rd_clk/X (sky130_fd_sc_hd__clkbuf_16)
                                                         clknet_0_rd_clk (net)
                      0.057952    0.000497    0.125632 ^ clkbuf_2_3__f_rd_clk/A (sky130_fd_sc_hd__clkbuf_16)
     7    0.024943    0.046224    0.134831    0.260463 ^ clkbuf_2_3__f_rd_clk/X (sky130_fd_sc_hd__clkbuf_16)
                                                         clknet_2_3__leaf_rd_clk (net)
                      0.046227    0.000374    0.260837 ^ _1213_/CLK (sky130_fd_sc_hd__dfrtp_2)
                                  0.100000    0.360837   clock uncertainty
                                  0.000000    0.360837   clock reconvergence pessimism
                                  0.368599    0.729436   library removal time
                                              0.729436   data required time
---------------------------------------------------------------------------------------------
                                              0.729436   data required time
                                             -2.063594   data arrival time
---------------------------------------------------------------------------------------------
                                              1.334157   slack (MET)


Startpoint: _1203_ (rising edge-triggered flip-flop clocked by rd_clk)
Endpoint: _1243_ (removal check against rising-edge clock rd_clk)
Path Group: asynchronous
Path Type: min

Fanout         Cap        Slew       Delay        Time   Description
---------------------------------------------------------------------------------------------
                                  0.000000    0.000000   clock rd_clk (rise edge)
                                  0.000000    0.000000   clock source latency
     1    0.013587    0.000000    0.000000    0.000000 ^ rd_clk (in)
                                                         rd_clk (net)
                      0.000583    0.000292    0.000292 ^ clkbuf_0_rd_clk/A (sky130_fd_sc_hd__clkbuf_16)
     4    0.037982    0.057948    0.124843    0.125135 ^ clkbuf_0_rd_clk/X (sky130_fd_sc_hd__clkbuf_16)
                                                         clknet_0_rd_clk (net)
                      0.057952    0.000497    0.125632 ^ clkbuf_2_3__f_rd_clk/A (sky130_fd_sc_hd__clkbuf_16)
     7    0.024943    0.046224    0.134831    0.260463 ^ clkbuf_2_3__f_rd_clk/X (sky130_fd_sc_hd__clkbuf_16)
                                                         clknet_2_3__leaf_rd_clk (net)
                      0.046226    0.000337    0.260799 ^ _1203_/CLK (sky130_fd_sc_hd__dfrtp_2)
     2    0.007993    0.060057    0.355608    0.616408 ^ _1203_/Q (sky130_fd_sc_hd__dfrtp_2)
                                                         u_rd_reset_sync.sync_ff2 (net)
                      0.060057    0.000055    0.616463 ^ fanout76/A (sky130_fd_sc_hd__clkdlybuf4s25_1)
     8    0.040905    0.410406    0.509933    1.126396 ^ fanout76/X (sky130_fd_sc_hd__clkdlybuf4s25_1)
                                                         net76 (net)
                      0.410406    0.000402    1.126798 ^ fanout75/A (sky130_fd_sc_hd__clkdlybuf4s25_1)
     6    0.027960    0.284737    0.499079    1.625877 ^ fanout75/X (sky130_fd_sc_hd__clkdlybuf4s25_1)
                                                         net75 (net)
                      0.284737    0.000282    1.626159 ^ fanout74/A (sky130_fd_sc_hd__clkdlybuf4s25_1)
     5    0.021401    0.221115    0.437125    2.063284 ^ fanout74/X (sky130_fd_sc_hd__clkdlybuf4s25_1)
                                                         net74 (net)
                      0.221115    0.000175    2.063460 ^ _1243_/RESET_B (sky130_fd_sc_hd__dfrtp_2)
                                              2.063460   data arrival time

                                  0.000000    0.000000   clock rd_clk (rise edge)
                                  0.000000    0.000000   clock source latency
     1    0.013587    0.000000    0.000000    0.000000 ^ rd_clk (in)
                                                         rd_clk (net)
                      0.000583    0.000292    0.000292 ^ clkbuf_0_rd_clk/A (sky130_fd_sc_hd__clkbuf_16)
     4    0.037982    0.057948    0.124843    0.125135 ^ clkbuf_0_rd_clk/X (sky130_fd_sc_hd__clkbuf_16)
                                                         clknet_0_rd_clk (net)
                      0.057949    0.000396    0.125530 ^ clkbuf_2_1__f_rd_clk/A (sky130_fd_sc_hd__clkbuf_16)
     7    0.019595    0.041505    0.129773    0.255303 ^ clkbuf_2_1__f_rd_clk/X (sky130_fd_sc_hd__clkbuf_16)
                                                         clknet_2_1__leaf_rd_clk (net)
                      0.041506    0.000102    0.255406 ^ _1243_/CLK (sky130_fd_sc_hd__dfrtp_2)
                                  0.100000    0.355405   clock uncertainty
                                  0.000000    0.355405   clock reconvergence pessimism
                                  0.367304    0.722710   library removal time
                                              0.722710   data required time
---------------------------------------------------------------------------------------------
                                              0.722710   data required time
                                             -2.063460   data arrival time
---------------------------------------------------------------------------------------------
                                              1.340750   slack (MET)


Startpoint: _1203_ (rising edge-triggered flip-flop clocked by rd_clk)
Endpoint: _1237_ (removal check against rising-edge clock rd_clk)
Path Group: asynchronous
Path Type: min

Fanout         Cap        Slew       Delay        Time   Description
---------------------------------------------------------------------------------------------
                                  0.000000    0.000000   clock rd_clk (rise edge)
                                  0.000000    0.000000   clock source latency
     1    0.013587    0.000000    0.000000    0.000000 ^ rd_clk (in)
                                                         rd_clk (net)
                      0.000583    0.000292    0.000292 ^ clkbuf_0_rd_clk/A (sky130_fd_sc_hd__clkbuf_16)
     4    0.037982    0.057948    0.124843    0.125135 ^ clkbuf_0_rd_clk/X (sky130_fd_sc_hd__clkbuf_16)
                                                         clknet_0_rd_clk (net)
                      0.057952    0.000497    0.125632 ^ clkbuf_2_3__f_rd_clk/A (sky130_fd_sc_hd__clkbuf_16)
     7    0.024943    0.046224    0.134831    0.260463 ^ clkbuf_2_3__f_rd_clk/X (sky130_fd_sc_hd__clkbuf_16)
                                                         clknet_2_3__leaf_rd_clk (net)
                      0.046226    0.000337    0.260799 ^ _1203_/CLK (sky130_fd_sc_hd__dfrtp_2)
     2    0.007993    0.060057    0.355608    0.616408 ^ _1203_/Q (sky130_fd_sc_hd__dfrtp_2)
                                                         u_rd_reset_sync.sync_ff2 (net)
                      0.060057    0.000055    0.616463 ^ fanout76/A (sky130_fd_sc_hd__clkdlybuf4s25_1)
     8    0.040905    0.410406    0.509933    1.126396 ^ fanout76/X (sky130_fd_sc_hd__clkdlybuf4s25_1)
                                                         net76 (net)
                      0.410406    0.000402    1.126798 ^ fanout75/A (sky130_fd_sc_hd__clkdlybuf4s25_1)
     6    0.027960    0.284737    0.499079    1.625877 ^ fanout75/X (sky130_fd_sc_hd__clkdlybuf4s25_1)
                                                         net75 (net)
                      0.284737    0.000282    1.626159 ^ fanout74/A (sky130_fd_sc_hd__clkdlybuf4s25_1)
     5    0.021401    0.221115    0.437125    2.063284 ^ fanout74/X (sky130_fd_sc_hd__clkdlybuf4s25_1)
                                                         net74 (net)
                      0.221115    0.000367    2.063651 ^ _1237_/RESET_B (sky130_fd_sc_hd__dfrtp_2)
                                              2.063651   data arrival time

                                  0.000000    0.000000   clock rd_clk (rise edge)
                                  0.000000    0.000000   clock source latency
     1    0.013587    0.000000    0.000000    0.000000 ^ rd_clk (in)
                                                         rd_clk (net)
                      0.000583    0.000292    0.000292 ^ clkbuf_0_rd_clk/A (sky130_fd_sc_hd__clkbuf_16)
     4    0.037982    0.057948    0.124843    0.125135 ^ clkbuf_0_rd_clk/X (sky130_fd_sc_hd__clkbuf_16)
                                                         clknet_0_rd_clk (net)
                      0.057949    0.000396    0.125530 ^ clkbuf_2_1__f_rd_clk/A (sky130_fd_sc_hd__clkbuf_16)
     7    0.019595    0.041505    0.129773    0.255303 ^ clkbuf_2_1__f_rd_clk/X (sky130_fd_sc_hd__clkbuf_16)
                                                         clknet_2_1__leaf_rd_clk (net)
                      0.041506    0.000213    0.255516 ^ _1237_/CLK (sky130_fd_sc_hd__dfrtp_2)
                                  0.100000    0.355516   clock uncertainty
                                  0.000000    0.355516   clock reconvergence pessimism
                                  0.367304    0.722820   library removal time
                                              0.722820   data required time
---------------------------------------------------------------------------------------------
                                              0.722820   data required time
                                             -2.063651   data arrival time
---------------------------------------------------------------------------------------------
                                              1.340831   slack (MET)


Startpoint: aempty_thresh[0] (input port clocked by rd_clk)
Endpoint: _1191_ (rising edge-triggered flip-flop clocked by rd_clk)
Path Group: rd_clk
Path Type: min

Fanout         Cap        Slew       Delay        Time   Description
---------------------------------------------------------------------------------------------
                                  0.000000    0.000000   clock rd_clk (rise edge)
                                  0.000000    0.000000   clock network delay (propagated)
                                  1.500000    1.500000 v input external delay
     1    0.004215    0.025425    0.011044    1.511044 v aempty_thresh[0] (in)
                                                         aempty_thresh[0] (net)
                      0.025425    0.000000    1.511044 v input1/A (sky130_fd_sc_hd__clkdlybuf4s25_1)
     1    0.002304    0.036561    0.229078    1.740122 v input1/X (sky130_fd_sc_hd__clkdlybuf4s25_1)
                                                         net1 (net)
                      0.036561    0.000020    1.740142 v _1191_/D (sky130_fd_sc_hd__dfrtp_2)
                                              1.740142   data arrival time

                                  0.000000    0.000000   clock rd_clk (rise edge)
                                  0.000000    0.000000   clock source latency
     1    0.013587    0.000000    0.000000    0.000000 ^ rd_clk (in)
                                                         rd_clk (net)
                      0.000583    0.000292    0.000292 ^ clkbuf_0_rd_clk/A (sky130_fd_sc_hd__clkbuf_16)
     4    0.037982    0.057948    0.124843    0.125135 ^ clkbuf_0_rd_clk/X (sky130_fd_sc_hd__clkbuf_16)
                                                         clknet_0_rd_clk (net)
                      0.057955    0.000590    0.125724 ^ clkbuf_2_2__f_rd_clk/A (sky130_fd_sc_hd__clkbuf_16)
     8    0.029186    0.050360    0.138604    0.264329 ^ clkbuf_2_2__f_rd_clk/X (sky130_fd_sc_hd__clkbuf_16)
                                                         clknet_2_2__leaf_rd_clk (net)
                      0.050361    0.000347    0.264676 ^ _1191_/CLK (sky130_fd_sc_hd__dfrtp_2)
                                  0.100000    0.364676   clock uncertainty
                                  0.000000    0.364676   clock reconvergence pessimism
                                 -0.037455    0.327221   library hold time
                                              0.327221   data required time
---------------------------------------------------------------------------------------------
                                              0.327221   data required time
                                             -1.740142   data arrival time
---------------------------------------------------------------------------------------------
                                              1.412921   slack (MET)


Startpoint: aempty_thresh[3] (input port clocked by rd_clk)
Endpoint: _1194_ (rising edge-triggered flip-flop clocked by rd_clk)
Path Group: rd_clk
Path Type: min

Fanout         Cap        Slew       Delay        Time   Description
---------------------------------------------------------------------------------------------
                                  0.000000    0.000000   clock rd_clk (rise edge)
                                  0.000000    0.000000   clock network delay (propagated)
                                  1.500000    1.500000 v input external delay
     1    0.002765    0.023496    0.007619    1.507619 v aempty_thresh[3] (in)
                                                         aempty_thresh[3] (net)
                      0.023496    0.000000    1.507619 v input4/A (sky130_fd_sc_hd__clkdlybuf4s25_1)
     1    0.002471    0.037640    0.229493    1.737112 v input4/X (sky130_fd_sc_hd__clkdlybuf4s25_1)
                                                         net4 (net)
                      0.037640    0.000023    1.737135 v _1194_/D (sky130_fd_sc_hd__dfrtp_2)
                                              1.737135   data arrival time

                                  0.000000    0.000000   clock rd_clk (rise edge)
                                  0.000000    0.000000   clock source latency
     1    0.013587    0.000000    0.000000    0.000000 ^ rd_clk (in)
                                                         rd_clk (net)
                      0.000583    0.000292    0.000292 ^ clkbuf_0_rd_clk/A (sky130_fd_sc_hd__clkbuf_16)
     4    0.037982    0.057948    0.124843    0.125135 ^ clkbuf_0_rd_clk/X (sky130_fd_sc_hd__clkbuf_16)
                                                         clknet_0_rd_clk (net)
                      0.057952    0.000497    0.125632 ^ clkbuf_2_3__f_rd_clk/A (sky130_fd_sc_hd__clkbuf_16)
     7    0.024943    0.046224    0.134831    0.260463 ^ clkbuf_2_3__f_rd_clk/X (sky130_fd_sc_hd__clkbuf_16)
                                                         clknet_2_3__leaf_rd_clk (net)
                      0.046225    0.000282    0.260745 ^ _1194_/CLK (sky130_fd_sc_hd__dfrtp_2)
                                  0.100000    0.360745   clock uncertainty
                                  0.000000    0.360745   clock reconvergence pessimism
                                 -0.038838    0.321907   library hold time
                                              0.321907   data required time
---------------------------------------------------------------------------------------------
                                              0.321907   data required time
                                             -1.737135   data arrival time
---------------------------------------------------------------------------------------------
                                              1.415228   slack (MET)


Startpoint: aempty_thresh[2] (input port clocked by rd_clk)
Endpoint: _1193_ (rising edge-triggered flip-flop clocked by rd_clk)
Path Group: rd_clk
Path Type: min

Fanout         Cap        Slew       Delay        Time   Description
---------------------------------------------------------------------------------------------
                                  0.000000    0.000000   clock rd_clk (rise edge)
                                  0.000000    0.000000   clock network delay (propagated)
                                  1.500000    1.500000 v input external delay
     1    0.003310    0.024224    0.008912    1.508912 v aempty_thresh[2] (in)
                                                         aempty_thresh[2] (net)
                      0.024224    0.000000    1.508912 v input3/A (sky130_fd_sc_hd__clkdlybuf4s25_1)
     1    0.002984    0.041059    0.233613    1.742525 v input3/X (sky130_fd_sc_hd__clkdlybuf4s25_1)
                                                         net3 (net)
                      0.041059    0.000035    1.742561 v _1193_/D (sky130_fd_sc_hd__dfrtp_2)
                                              1.742561   data arrival time

                                  0.000000    0.000000   clock rd_clk (rise edge)
                                  0.000000    0.000000   clock source latency
     1    0.013587    0.000000    0.000000    0.000000 ^ rd_clk (in)
                                                         rd_clk (net)
                      0.000583    0.000292    0.000292 ^ clkbuf_0_rd_clk/A (sky130_fd_sc_hd__clkbuf_16)
     4    0.037982    0.057948    0.124843    0.125135 ^ clkbuf_0_rd_clk/X (sky130_fd_sc_hd__clkbuf_16)
                                                         clknet_0_rd_clk (net)
                      0.057955    0.000590    0.125724 ^ clkbuf_2_2__f_rd_clk/A (sky130_fd_sc_hd__clkbuf_16)
     8    0.029186    0.050360    0.138604    0.264329 ^ clkbuf_2_2__f_rd_clk/X (sky130_fd_sc_hd__clkbuf_16)
                                                         clknet_2_2__leaf_rd_clk (net)
                      0.050361    0.000385    0.264714 ^ _1193_/CLK (sky130_fd_sc_hd__dfrtp_2)
                                  0.100000    0.364714   clock uncertainty
                                  0.000000    0.364714   clock reconvergence pessimism
                                 -0.039286    0.325428   library hold time
                                              0.325428   data required time
---------------------------------------------------------------------------------------------
                                              0.325428   data required time
                                             -1.742561   data arrival time
---------------------------------------------------------------------------------------------
                                              1.417133   slack (MET)


Startpoint: aempty_thresh[1] (input port clocked by rd_clk)
Endpoint: _1192_ (rising edge-triggered flip-flop clocked by rd_clk)
Path Group: rd_clk
Path Type: min

Fanout         Cap        Slew       Delay        Time   Description
---------------------------------------------------------------------------------------------
                                  0.000000    0.000000   clock rd_clk (rise edge)
                                  0.000000    0.000000   clock network delay (propagated)
                                  1.500000    1.500000 v input external delay
     1    0.003676    0.024707    0.009773    1.509773 v aempty_thresh[1] (in)
                                                         aempty_thresh[1] (net)
                      0.024707    0.000000    1.509773 v input2/A (sky130_fd_sc_hd__clkdlybuf4s25_1)
     1    0.003640    0.045302    0.238333    1.748106 v input2/X (sky130_fd_sc_hd__clkdlybuf4s25_1)
                                                         net2 (net)
                      0.045302    0.000051    1.748157 v _1192_/D (sky130_fd_sc_hd__dfrtp_2)
                                              1.748157   data arrival time

                                  0.000000    0.000000   clock rd_clk (rise edge)
                                  0.000000    0.000000   clock source latency
     1    0.013587    0.000000    0.000000    0.000000 ^ rd_clk (in)
                                                         rd_clk (net)
                      0.000583    0.000292    0.000292 ^ clkbuf_0_rd_clk/A (sky130_fd_sc_hd__clkbuf_16)
     4    0.037982    0.057948    0.124843    0.125135 ^ clkbuf_0_rd_clk/X (sky130_fd_sc_hd__clkbuf_16)
                                                         clknet_0_rd_clk (net)
                      0.057955    0.000590    0.125724 ^ clkbuf_2_2__f_rd_clk/A (sky130_fd_sc_hd__clkbuf_16)
     8    0.029186    0.050360    0.138604    0.264329 ^ clkbuf_2_2__f_rd_clk/X (sky130_fd_sc_hd__clkbuf_16)
                                                         clknet_2_2__leaf_rd_clk (net)
                      0.050361    0.000330    0.264658 ^ _1192_/CLK (sky130_fd_sc_hd__dfrtp_2)
                                  0.100000    0.364658   clock uncertainty
                                  0.000000    0.364658   clock reconvergence pessimism
                                 -0.041014    0.323645   library hold time
                                              0.323645   data required time
---------------------------------------------------------------------------------------------
                                              0.323645   data required time
                                             -1.748157   data arrival time
---------------------------------------------------------------------------------------------
                                              1.424512   slack (MET)


Startpoint: _1203_ (rising edge-triggered flip-flop clocked by rd_clk)
Endpoint: _1238_ (removal check against rising-edge clock rd_clk)
Path Group: asynchronous
Path Type: min

Fanout         Cap        Slew       Delay        Time   Description
---------------------------------------------------------------------------------------------
                                  0.000000    0.000000   clock rd_clk (rise edge)
                                  0.000000    0.000000   clock source latency
     1    0.013587    0.000000    0.000000    0.000000 ^ rd_clk (in)
                                                         rd_clk (net)
                      0.000583    0.000292    0.000292 ^ clkbuf_0_rd_clk/A (sky130_fd_sc_hd__clkbuf_16)
     4    0.037982    0.057948    0.124843    0.125135 ^ clkbuf_0_rd_clk/X (sky130_fd_sc_hd__clkbuf_16)
                                                         clknet_0_rd_clk (net)
                      0.057952    0.000497    0.125632 ^ clkbuf_2_3__f_rd_clk/A (sky130_fd_sc_hd__clkbuf_16)
     7    0.024943    0.046224    0.134831    0.260463 ^ clkbuf_2_3__f_rd_clk/X (sky130_fd_sc_hd__clkbuf_16)
                                                         clknet_2_3__leaf_rd_clk (net)
                      0.046226    0.000337    0.260799 ^ _1203_/CLK (sky130_fd_sc_hd__dfrtp_2)
     2    0.007993    0.060057    0.355608    0.616408 ^ _1203_/Q (sky130_fd_sc_hd__dfrtp_2)
                                                         u_rd_reset_sync.sync_ff2 (net)
                      0.060057    0.000055    0.616463 ^ fanout76/A (sky130_fd_sc_hd__clkdlybuf4s25_1)
     8    0.040905    0.410406    0.509933    1.126396 ^ fanout76/X (sky130_fd_sc_hd__clkdlybuf4s25_1)
                                                         net76 (net)
                      0.410406    0.000402    1.126798 ^ fanout75/A (sky130_fd_sc_hd__clkdlybuf4s25_1)
     6    0.027960    0.284737    0.499079    1.625877 ^ fanout75/X (sky130_fd_sc_hd__clkdlybuf4s25_1)
                                                         net75 (net)
                      0.284737    0.000282    1.626159 ^ fanout74/A (sky130_fd_sc_hd__clkdlybuf4s25_1)
     5    0.021401    0.221115    0.437125    2.063284 ^ fanout74/X (sky130_fd_sc_hd__clkdlybuf4s25_1)
                                                         net74 (net)
                      0.221115    0.000342    2.063627 ^ _1238_/SET_B (sky130_fd_sc_hd__dfstp_2)
                                              2.063627   data arrival time

                                  0.000000    0.000000   clock rd_clk (rise edge)
                                  0.000000    0.000000   clock source latency
     1    0.013587    0.000000    0.000000    0.000000 ^ rd_clk (in)
                                                         rd_clk (net)
                      0.000583    0.000292    0.000292 ^ clkbuf_0_rd_clk/A (sky130_fd_sc_hd__clkbuf_16)
     4    0.037982    0.057948    0.124843    0.125135 ^ clkbuf_0_rd_clk/X (sky130_fd_sc_hd__clkbuf_16)
                                                         clknet_0_rd_clk (net)
                      0.057949    0.000396    0.125530 ^ clkbuf_2_1__f_rd_clk/A (sky130_fd_sc_hd__clkbuf_16)
     7    0.019595    0.041505    0.129773    0.255303 ^ clkbuf_2_1__f_rd_clk/X (sky130_fd_sc_hd__clkbuf_16)
                                                         clknet_2_1__leaf_rd_clk (net)
                      0.041506    0.000117    0.255420 ^ _1238_/CLK (sky130_fd_sc_hd__dfstp_2)
                                  0.100000    0.355420   clock uncertainty
                                  0.000000    0.355420   clock reconvergence pessimism
                                  0.139643    0.495063   library removal time
                                              0.495063   data required time
---------------------------------------------------------------------------------------------
                                              0.495063   data required time
                                             -2.063627   data arrival time
---------------------------------------------------------------------------------------------
                                              1.568564   slack (MET)


Startpoint: _1203_ (rising edge-triggered flip-flop clocked by rd_clk)
Endpoint: _1236_ (removal check against rising-edge clock rd_clk)
Path Group: asynchronous
Path Type: min

Fanout         Cap        Slew       Delay        Time   Description
---------------------------------------------------------------------------------------------
                                  0.000000    0.000000   clock rd_clk (rise edge)
                                  0.000000    0.000000   clock source latency
     1    0.013587    0.000000    0.000000    0.000000 ^ rd_clk (in)
                                                         rd_clk (net)
                      0.000583    0.000292    0.000292 ^ clkbuf_0_rd_clk/A (sky130_fd_sc_hd__clkbuf_16)
     4    0.037982    0.057948    0.124843    0.125135 ^ clkbuf_0_rd_clk/X (sky130_fd_sc_hd__clkbuf_16)
                                                         clknet_0_rd_clk (net)
                      0.057952    0.000497    0.125632 ^ clkbuf_2_3__f_rd_clk/A (sky130_fd_sc_hd__clkbuf_16)
     7    0.024943    0.046224    0.134831    0.260463 ^ clkbuf_2_3__f_rd_clk/X (sky130_fd_sc_hd__clkbuf_16)
                                                         clknet_2_3__leaf_rd_clk (net)
                      0.046226    0.000337    0.260799 ^ _1203_/CLK (sky130_fd_sc_hd__dfrtp_2)
     2    0.007993    0.060057    0.355608    0.616408 ^ _1203_/Q (sky130_fd_sc_hd__dfrtp_2)
                                                         u_rd_reset_sync.sync_ff2 (net)
                      0.060057    0.000055    0.616463 ^ fanout76/A (sky130_fd_sc_hd__clkdlybuf4s25_1)
     8    0.040905    0.410406    0.509933    1.126396 ^ fanout76/X (sky130_fd_sc_hd__clkdlybuf4s25_1)
                                                         net76 (net)
                      0.410406    0.000402    1.126798 ^ fanout75/A (sky130_fd_sc_hd__clkdlybuf4s25_1)
     6    0.027960    0.284737    0.499079    1.625877 ^ fanout75/X (sky130_fd_sc_hd__clkdlybuf4s25_1)
                                                         net75 (net)
                      0.284737    0.000282    1.626159 ^ fanout74/A (sky130_fd_sc_hd__clkdlybuf4s25_1)
     5    0.021401    0.221115    0.437125    2.063284 ^ fanout74/X (sky130_fd_sc_hd__clkdlybuf4s25_1)
                                                         net74 (net)
                      0.221115    0.000328    2.063612 ^ fanout73/A (sky130_fd_sc_hd__clkdlybuf4s25_1)
     8    0.033690    0.340661    0.506045    2.569658 ^ fanout73/X (sky130_fd_sc_hd__clkdlybuf4s25_1)
                                                         net73 (net)
                      0.340661    0.000518    2.570176 ^ _1236_/RESET_B (sky130_fd_sc_hd__dfrtp_2)
                                              2.570176   data arrival time

                                  0.000000    0.000000   clock rd_clk (rise edge)
                                  0.000000    0.000000   clock source latency
     1    0.013587    0.000000    0.000000    0.000000 ^ rd_clk (in)
                                                         rd_clk (net)
                      0.000583    0.000292    0.000292 ^ clkbuf_0_rd_clk/A (sky130_fd_sc_hd__clkbuf_16)
     4    0.037982    0.057948    0.124843    0.125135 ^ clkbuf_0_rd_clk/X (sky130_fd_sc_hd__clkbuf_16)
                                                         clknet_0_rd_clk (net)
                      0.057952    0.000497    0.125632 ^ clkbuf_2_3__f_rd_clk/A (sky130_fd_sc_hd__clkbuf_16)
     7    0.024943    0.046224    0.134831    0.260463 ^ clkbuf_2_3__f_rd_clk/X (sky130_fd_sc_hd__clkbuf_16)
                                                         clknet_2_3__leaf_rd_clk (net)
                      0.046228    0.000424    0.260887 ^ _1236_/CLK (sky130_fd_sc_hd__dfrtp_2)
                                  0.100000    0.360887   clock uncertainty
                                  0.000000    0.360887   clock reconvergence pessimism
                                  0.401190    0.762077   library removal time
                                              0.762077   data required time
---------------------------------------------------------------------------------------------
                                              0.762077   data required time
                                             -2.570176   data arrival time
---------------------------------------------------------------------------------------------
                                              1.808099   slack (MET)


Startpoint: _1203_ (rising edge-triggered flip-flop clocked by rd_clk)
Endpoint: _1212_ (removal check against rising-edge clock rd_clk)
Path Group: asynchronous
Path Type: min

Fanout         Cap        Slew       Delay        Time   Description
---------------------------------------------------------------------------------------------
                                  0.000000    0.000000   clock rd_clk (rise edge)
                                  0.000000    0.000000   clock source latency
     1    0.013587    0.000000    0.000000    0.000000 ^ rd_clk (in)
                                                         rd_clk (net)
                      0.000583    0.000292    0.000292 ^ clkbuf_0_rd_clk/A (sky130_fd_sc_hd__clkbuf_16)
     4    0.037982    0.057948    0.124843    0.125135 ^ clkbuf_0_rd_clk/X (sky130_fd_sc_hd__clkbuf_16)
                                                         clknet_0_rd_clk (net)
                      0.057952    0.000497    0.125632 ^ clkbuf_2_3__f_rd_clk/A (sky130_fd_sc_hd__clkbuf_16)
     7    0.024943    0.046224    0.134831    0.260463 ^ clkbuf_2_3__f_rd_clk/X (sky130_fd_sc_hd__clkbuf_16)
                                                         clknet_2_3__leaf_rd_clk (net)
                      0.046226    0.000337    0.260799 ^ _1203_/CLK (sky130_fd_sc_hd__dfrtp_2)
     2    0.007993    0.060057    0.355608    0.616408 ^ _1203_/Q (sky130_fd_sc_hd__dfrtp_2)
                                                         u_rd_reset_sync.sync_ff2 (net)
                      0.060057    0.000055    0.616463 ^ fanout76/A (sky130_fd_sc_hd__clkdlybuf4s25_1)
     8    0.040905    0.410406    0.509933    1.126396 ^ fanout76/X (sky130_fd_sc_hd__clkdlybuf4s25_1)
                                                         net76 (net)
                      0.410406    0.000402    1.126798 ^ fanout75/A (sky130_fd_sc_hd__clkdlybuf4s25_1)
     6    0.027960    0.284737    0.499079    1.625877 ^ fanout75/X (sky130_fd_sc_hd__clkdlybuf4s25_1)
                                                         net75 (net)
                      0.284737    0.000282    1.626159 ^ fanout74/A (sky130_fd_sc_hd__clkdlybuf4s25_1)
     5    0.021401    0.221115    0.437125    2.063284 ^ fanout74/X (sky130_fd_sc_hd__clkdlybuf4s25_1)
                                                         net74 (net)
                      0.221115    0.000328    2.063612 ^ fanout73/A (sky130_fd_sc_hd__clkdlybuf4s25_1)
     8    0.033690    0.340661    0.506045    2.569658 ^ fanout73/X (sky130_fd_sc_hd__clkdlybuf4s25_1)
                                                         net73 (net)
                      0.340661    0.000452    2.570109 ^ _1212_/RESET_B (sky130_fd_sc_hd__dfrtp_2)
                                              2.570109   data arrival time

                                  0.000000    0.000000   clock rd_clk (rise edge)
                                  0.000000    0.000000   clock source latency
     1    0.013587    0.000000    0.000000    0.000000 ^ rd_clk (in)
                                                         rd_clk (net)
                      0.000583    0.000292    0.000292 ^ clkbuf_0_rd_clk/A (sky130_fd_sc_hd__clkbuf_16)
     4    0.037982    0.057948    0.124843    0.125135 ^ clkbuf_0_rd_clk/X (sky130_fd_sc_hd__clkbuf_16)
                                                         clknet_0_rd_clk (net)
                      0.057949    0.000368    0.125502 ^ clkbuf_2_0__f_rd_clk/A (sky130_fd_sc_hd__clkbuf_16)
     8    0.021482    0.043122    0.131561    0.257064 ^ clkbuf_2_0__f_rd_clk/X (sky130_fd_sc_hd__clkbuf_16)
                                                         clknet_2_0__leaf_rd_clk (net)
                      0.043125    0.000254    0.257318 ^ _1212_/CLK (sky130_fd_sc_hd__dfrtp_2)
                                  0.100000    0.357318   clock uncertainty
                                  0.000000    0.357318   clock reconvergence pessimism
                                  0.400341    0.757659   library removal time
                                              0.757659   data required time
---------------------------------------------------------------------------------------------
                                              0.757659   data required time
                                             -2.570109   data arrival time
---------------------------------------------------------------------------------------------
                                              1.812450   slack (MET)


Startpoint: _1203_ (rising edge-triggered flip-flop clocked by rd_clk)
Endpoint: _1207_ (removal check against rising-edge clock rd_clk)
Path Group: asynchronous
Path Type: min

Fanout         Cap        Slew       Delay        Time   Description
---------------------------------------------------------------------------------------------
                                  0.000000    0.000000   clock rd_clk (rise edge)
                                  0.000000    0.000000   clock source latency
     1    0.013587    0.000000    0.000000    0.000000 ^ rd_clk (in)
                                                         rd_clk (net)
                      0.000583    0.000292    0.000292 ^ clkbuf_0_rd_clk/A (sky130_fd_sc_hd__clkbuf_16)
     4    0.037982    0.057948    0.124843    0.125135 ^ clkbuf_0_rd_clk/X (sky130_fd_sc_hd__clkbuf_16)
                                                         clknet_0_rd_clk (net)
                      0.057952    0.000497    0.125632 ^ clkbuf_2_3__f_rd_clk/A (sky130_fd_sc_hd__clkbuf_16)
     7    0.024943    0.046224    0.134831    0.260463 ^ clkbuf_2_3__f_rd_clk/X (sky130_fd_sc_hd__clkbuf_16)
                                                         clknet_2_3__leaf_rd_clk (net)
                      0.046226    0.000337    0.260799 ^ _1203_/CLK (sky130_fd_sc_hd__dfrtp_2)
     2    0.007993    0.060057    0.355608    0.616408 ^ _1203_/Q (sky130_fd_sc_hd__dfrtp_2)
                                                         u_rd_reset_sync.sync_ff2 (net)
                      0.060057    0.000055    0.616463 ^ fanout76/A (sky130_fd_sc_hd__clkdlybuf4s25_1)
     8    0.040905    0.410406    0.509933    1.126396 ^ fanout76/X (sky130_fd_sc_hd__clkdlybuf4s25_1)
                                                         net76 (net)
                      0.410406    0.000402    1.126798 ^ fanout75/A (sky130_fd_sc_hd__clkdlybuf4s25_1)
     6    0.027960    0.284737    0.499079    1.625877 ^ fanout75/X (sky130_fd_sc_hd__clkdlybuf4s25_1)
                                                         net75 (net)
                      0.284737    0.000282    1.626159 ^ fanout74/A (sky130_fd_sc_hd__clkdlybuf4s25_1)
     5    0.021401    0.221115    0.437125    2.063284 ^ fanout74/X (sky130_fd_sc_hd__clkdlybuf4s25_1)
                                                         net74 (net)
                      0.221115    0.000328    2.063612 ^ fanout73/A (sky130_fd_sc_hd__clkdlybuf4s25_1)
     8    0.033690    0.340661    0.506045    2.569658 ^ fanout73/X (sky130_fd_sc_hd__clkdlybuf4s25_1)
                                                         net73 (net)
                      0.340661    0.000514    2.570172 ^ _1207_/RESET_B (sky130_fd_sc_hd__dfrtp_2)
                                              2.570172   data arrival time

                                  0.000000    0.000000   clock rd_clk (rise edge)
                                  0.000000    0.000000   clock source latency
     1    0.013587    0.000000    0.000000    0.000000 ^ rd_clk (in)
                                                         rd_clk (net)
                      0.000583    0.000292    0.000292 ^ clkbuf_0_rd_clk/A (sky130_fd_sc_hd__clkbuf_16)
     4    0.037982    0.057948    0.124843    0.125135 ^ clkbuf_0_rd_clk/X (sky130_fd_sc_hd__clkbuf_16)
                                                         clknet_0_rd_clk (net)
                      0.057949    0.000368    0.125502 ^ clkbuf_2_0__f_rd_clk/A (sky130_fd_sc_hd__clkbuf_16)
     8    0.021482    0.043122    0.131561    0.257064 ^ clkbuf_2_0__f_rd_clk/X (sky130_fd_sc_hd__clkbuf_16)
                                                         clknet_2_0__leaf_rd_clk (net)
                      0.043125    0.000272    0.257335 ^ _1207_/CLK (sky130_fd_sc_hd__dfrtp_2)
                                  0.100000    0.357335   clock uncertainty
                                  0.000000    0.357335   clock reconvergence pessimism
                                  0.400341    0.757676   library removal time
                                              0.757676   data required time
---------------------------------------------------------------------------------------------
                                              0.757676   data required time
                                             -2.570172   data arrival time
---------------------------------------------------------------------------------------------
                                              1.812495   slack (MET)


Startpoint: _1203_ (rising edge-triggered flip-flop clocked by rd_clk)
Endpoint: _1208_ (removal check against rising-edge clock rd_clk)
Path Group: asynchronous
Path Type: min

Fanout         Cap        Slew       Delay        Time   Description
---------------------------------------------------------------------------------------------
                                  0.000000    0.000000   clock rd_clk (rise edge)
                                  0.000000    0.000000   clock source latency
     1    0.013587    0.000000    0.000000    0.000000 ^ rd_clk (in)
                                                         rd_clk (net)
                      0.000583    0.000292    0.000292 ^ clkbuf_0_rd_clk/A (sky130_fd_sc_hd__clkbuf_16)
     4    0.037982    0.057948    0.124843    0.125135 ^ clkbuf_0_rd_clk/X (sky130_fd_sc_hd__clkbuf_16)
                                                         clknet_0_rd_clk (net)
                      0.057952    0.000497    0.125632 ^ clkbuf_2_3__f_rd_clk/A (sky130_fd_sc_hd__clkbuf_16)
     7    0.024943    0.046224    0.134831    0.260463 ^ clkbuf_2_3__f_rd_clk/X (sky130_fd_sc_hd__clkbuf_16)
                                                         clknet_2_3__leaf_rd_clk (net)
                      0.046226    0.000337    0.260799 ^ _1203_/CLK (sky130_fd_sc_hd__dfrtp_2)
     2    0.007993    0.060057    0.355608    0.616408 ^ _1203_/Q (sky130_fd_sc_hd__dfrtp_2)
                                                         u_rd_reset_sync.sync_ff2 (net)
                      0.060057    0.000055    0.616463 ^ fanout76/A (sky130_fd_sc_hd__clkdlybuf4s25_1)
     8    0.040905    0.410406    0.509933    1.126396 ^ fanout76/X (sky130_fd_sc_hd__clkdlybuf4s25_1)
                                                         net76 (net)
                      0.410406    0.000402    1.126798 ^ fanout75/A (sky130_fd_sc_hd__clkdlybuf4s25_1)
     6    0.027960    0.284737    0.499079    1.625877 ^ fanout75/X (sky130_fd_sc_hd__clkdlybuf4s25_1)
                                                         net75 (net)
                      0.284737    0.000282    1.626159 ^ fanout74/A (sky130_fd_sc_hd__clkdlybuf4s25_1)
     5    0.021401    0.221115    0.437125    2.063284 ^ fanout74/X (sky130_fd_sc_hd__clkdlybuf4s25_1)
                                                         net74 (net)
                      0.221115    0.000328    2.063612 ^ fanout73/A (sky130_fd_sc_hd__clkdlybuf4s25_1)
     8    0.033690    0.340661    0.506045    2.569658 ^ fanout73/X (sky130_fd_sc_hd__clkdlybuf4s25_1)
                                                         net73 (net)
                      0.340661    0.000498    2.570155 ^ _1208_/RESET_B (sky130_fd_sc_hd__dfrtp_2)
                                              2.570155   data arrival time

                                  0.000000    0.000000   clock rd_clk (rise edge)
                                  0.000000    0.000000   clock source latency
     1    0.013587    0.000000    0.000000    0.000000 ^ rd_clk (in)
                                                         rd_clk (net)
                      0.000583    0.000292    0.000292 ^ clkbuf_0_rd_clk/A (sky130_fd_sc_hd__clkbuf_16)
     4    0.037982    0.057948    0.124843    0.125135 ^ clkbuf_0_rd_clk/X (sky130_fd_sc_hd__clkbuf_16)
                                                         clknet_0_rd_clk (net)
                      0.057949    0.000368    0.125502 ^ clkbuf_2_0__f_rd_clk/A (sky130_fd_sc_hd__clkbuf_16)
     8    0.021482    0.043122    0.131561    0.257064 ^ clkbuf_2_0__f_rd_clk/X (sky130_fd_sc_hd__clkbuf_16)
                                                         clknet_2_0__leaf_rd_clk (net)
                      0.043124    0.000219    0.257283 ^ _1208_/CLK (sky130_fd_sc_hd__dfrtp_2)
                                  0.100000    0.357283   clock uncertainty
                                  0.000000    0.357283   clock reconvergence pessimism
                                  0.400341    0.757623   library removal time
                                              0.757623   data required time
---------------------------------------------------------------------------------------------
                                              0.757623   data required time
                                             -2.570155   data arrival time
---------------------------------------------------------------------------------------------
                                              1.812532   slack (MET)


Startpoint: _1203_ (rising edge-triggered flip-flop clocked by rd_clk)
Endpoint: _1210_ (removal check against rising-edge clock rd_clk)
Path Group: asynchronous
Path Type: min

Fanout         Cap        Slew       Delay        Time   Description
---------------------------------------------------------------------------------------------
                                  0.000000    0.000000   clock rd_clk (rise edge)
                                  0.000000    0.000000   clock source latency
     1    0.013587    0.000000    0.000000    0.000000 ^ rd_clk (in)
                                                         rd_clk (net)
                      0.000583    0.000292    0.000292 ^ clkbuf_0_rd_clk/A (sky130_fd_sc_hd__clkbuf_16)
     4    0.037982    0.057948    0.124843    0.125135 ^ clkbuf_0_rd_clk/X (sky130_fd_sc_hd__clkbuf_16)
                                                         clknet_0_rd_clk (net)
                      0.057952    0.000497    0.125632 ^ clkbuf_2_3__f_rd_clk/A (sky130_fd_sc_hd__clkbuf_16)
     7    0.024943    0.046224    0.134831    0.260463 ^ clkbuf_2_3__f_rd_clk/X (sky130_fd_sc_hd__clkbuf_16)
                                                         clknet_2_3__leaf_rd_clk (net)
                      0.046226    0.000337    0.260799 ^ _1203_/CLK (sky130_fd_sc_hd__dfrtp_2)
     2    0.007993    0.060057    0.355608    0.616408 ^ _1203_/Q (sky130_fd_sc_hd__dfrtp_2)
                                                         u_rd_reset_sync.sync_ff2 (net)
                      0.060057    0.000055    0.616463 ^ fanout76/A (sky130_fd_sc_hd__clkdlybuf4s25_1)
     8    0.040905    0.410406    0.509933    1.126396 ^ fanout76/X (sky130_fd_sc_hd__clkdlybuf4s25_1)
                                                         net76 (net)
                      0.410406    0.000402    1.126798 ^ fanout75/A (sky130_fd_sc_hd__clkdlybuf4s25_1)
     6    0.027960    0.284737    0.499079    1.625877 ^ fanout75/X (sky130_fd_sc_hd__clkdlybuf4s25_1)
                                                         net75 (net)
                      0.284737    0.000282    1.626159 ^ fanout74/A (sky130_fd_sc_hd__clkdlybuf4s25_1)
     5    0.021401    0.221115    0.437125    2.063284 ^ fanout74/X (sky130_fd_sc_hd__clkdlybuf4s25_1)
                                                         net74 (net)
                      0.221115    0.000328    2.063612 ^ fanout73/A (sky130_fd_sc_hd__clkdlybuf4s25_1)
     8    0.033690    0.340661    0.506045    2.569658 ^ fanout73/X (sky130_fd_sc_hd__clkdlybuf4s25_1)
                                                         net73 (net)
                      0.340661    0.000159    2.569817 ^ _1210_/RESET_B (sky130_fd_sc_hd__dfrtp_2)
                                              2.569817   data arrival time

                                  0.000000    0.000000   clock rd_clk (rise edge)
                                  0.000000    0.000000   clock source latency
     1    0.013587    0.000000    0.000000    0.000000 ^ rd_clk (in)
                                                         rd_clk (net)
                      0.000583    0.000292    0.000292 ^ clkbuf_0_rd_clk/A (sky130_fd_sc_hd__clkbuf_16)
     4    0.037982    0.057948    0.124843    0.125135 ^ clkbuf_0_rd_clk/X (sky130_fd_sc_hd__clkbuf_16)
                                                         clknet_0_rd_clk (net)
                      0.057949    0.000396    0.125530 ^ clkbuf_2_1__f_rd_clk/A (sky130_fd_sc_hd__clkbuf_16)
     7    0.019595    0.041505    0.129773    0.255303 ^ clkbuf_2_1__f_rd_clk/X (sky130_fd_sc_hd__clkbuf_16)
                                                         clknet_2_1__leaf_rd_clk (net)
                      0.041505    0.000086    0.255390 ^ _1210_/CLK (sky130_fd_sc_hd__dfrtp_2)
                                  0.100000    0.355390   clock uncertainty
                                  0.000000    0.355390   clock reconvergence pessimism
                                  0.399898    0.755288   library removal time
                                              0.755288   data required time
---------------------------------------------------------------------------------------------
                                              0.755288   data required time
                                             -2.569817   data arrival time
---------------------------------------------------------------------------------------------
                                              1.814529   slack (MET)


Startpoint: _1203_ (rising edge-triggered flip-flop clocked by rd_clk)
Endpoint: _1205_ (removal check against rising-edge clock rd_clk)
Path Group: asynchronous
Path Type: min

Fanout         Cap        Slew       Delay        Time   Description
---------------------------------------------------------------------------------------------
                                  0.000000    0.000000   clock rd_clk (rise edge)
                                  0.000000    0.000000   clock source latency
     1    0.013587    0.000000    0.000000    0.000000 ^ rd_clk (in)
                                                         rd_clk (net)
                      0.000583    0.000292    0.000292 ^ clkbuf_0_rd_clk/A (sky130_fd_sc_hd__clkbuf_16)
     4    0.037982    0.057948    0.124843    0.125135 ^ clkbuf_0_rd_clk/X (sky130_fd_sc_hd__clkbuf_16)
                                                         clknet_0_rd_clk (net)
                      0.057952    0.000497    0.125632 ^ clkbuf_2_3__f_rd_clk/A (sky130_fd_sc_hd__clkbuf_16)
     7    0.024943    0.046224    0.134831    0.260463 ^ clkbuf_2_3__f_rd_clk/X (sky130_fd_sc_hd__clkbuf_16)
                                                         clknet_2_3__leaf_rd_clk (net)
                      0.046226    0.000337    0.260799 ^ _1203_/CLK (sky130_fd_sc_hd__dfrtp_2)
     2    0.007993    0.060057    0.355608    0.616408 ^ _1203_/Q (sky130_fd_sc_hd__dfrtp_2)
                                                         u_rd_reset_sync.sync_ff2 (net)
                      0.060057    0.000055    0.616463 ^ fanout76/A (sky130_fd_sc_hd__clkdlybuf4s25_1)
     8    0.040905    0.410406    0.509933    1.126396 ^ fanout76/X (sky130_fd_sc_hd__clkdlybuf4s25_1)
                                                         net76 (net)
                      0.410406    0.000402    1.126798 ^ fanout75/A (sky130_fd_sc_hd__clkdlybuf4s25_1)
     6    0.027960    0.284737    0.499079    1.625877 ^ fanout75/X (sky130_fd_sc_hd__clkdlybuf4s25_1)
                                                         net75 (net)
                      0.284737    0.000282    1.626159 ^ fanout74/A (sky130_fd_sc_hd__clkdlybuf4s25_1)
     5    0.021401    0.221115    0.437125    2.063284 ^ fanout74/X (sky130_fd_sc_hd__clkdlybuf4s25_1)
                                                         net74 (net)
                      0.221115    0.000328    2.063612 ^ fanout73/A (sky130_fd_sc_hd__clkdlybuf4s25_1)
     8    0.033690    0.340661    0.506045    2.569658 ^ fanout73/X (sky130_fd_sc_hd__clkdlybuf4s25_1)
                                                         net73 (net)
                      0.340661    0.000405    2.570063 ^ _1205_/RESET_B (sky130_fd_sc_hd__dfrtp_2)
                                              2.570063   data arrival time

                                  0.000000    0.000000   clock rd_clk (rise edge)
                                  0.000000    0.000000   clock source latency
     1    0.013587    0.000000    0.000000    0.000000 ^ rd_clk (in)
                                                         rd_clk (net)
                      0.000583    0.000292    0.000292 ^ clkbuf_0_rd_clk/A (sky130_fd_sc_hd__clkbuf_16)
     4    0.037982    0.057948    0.124843    0.125135 ^ clkbuf_0_rd_clk/X (sky130_fd_sc_hd__clkbuf_16)
                                                         clknet_0_rd_clk (net)
                      0.057949    0.000396    0.125530 ^ clkbuf_2_1__f_rd_clk/A (sky130_fd_sc_hd__clkbuf_16)
     7    0.019595    0.041505    0.129773    0.255303 ^ clkbuf_2_1__f_rd_clk/X (sky130_fd_sc_hd__clkbuf_16)
                                                         clknet_2_1__leaf_rd_clk (net)
                      0.041506    0.000208    0.255512 ^ _1205_/CLK (sky130_fd_sc_hd__dfrtp_2)
                                  0.100000    0.355512   clock uncertainty
                                  0.000000    0.355512   clock reconvergence pessimism
                                  0.399898    0.755410   library removal time
                                              0.755410   data required time
---------------------------------------------------------------------------------------------
                                              0.755410   data required time
                                             -2.570063   data arrival time
---------------------------------------------------------------------------------------------
                                              1.814653   slack (MET)


Startpoint: _1203_ (rising edge-triggered flip-flop clocked by rd_clk)
Endpoint: _1206_ (removal check against rising-edge clock rd_clk)
Path Group: asynchronous
Path Type: min

Fanout         Cap        Slew       Delay        Time   Description
---------------------------------------------------------------------------------------------
                                  0.000000    0.000000   clock rd_clk (rise edge)
                                  0.000000    0.000000   clock source latency
     1    0.013587    0.000000    0.000000    0.000000 ^ rd_clk (in)
                                                         rd_clk (net)
                      0.000583    0.000292    0.000292 ^ clkbuf_0_rd_clk/A (sky130_fd_sc_hd__clkbuf_16)
     4    0.037982    0.057948    0.124843    0.125135 ^ clkbuf_0_rd_clk/X (sky130_fd_sc_hd__clkbuf_16)
                                                         clknet_0_rd_clk (net)
                      0.057952    0.000497    0.125632 ^ clkbuf_2_3__f_rd_clk/A (sky130_fd_sc_hd__clkbuf_16)
     7    0.024943    0.046224    0.134831    0.260463 ^ clkbuf_2_3__f_rd_clk/X (sky130_fd_sc_hd__clkbuf_16)
                                                         clknet_2_3__leaf_rd_clk (net)
                      0.046226    0.000337    0.260799 ^ _1203_/CLK (sky130_fd_sc_hd__dfrtp_2)
     2    0.007993    0.060057    0.355608    0.616408 ^ _1203_/Q (sky130_fd_sc_hd__dfrtp_2)
                                                         u_rd_reset_sync.sync_ff2 (net)
                      0.060057    0.000055    0.616463 ^ fanout76/A (sky130_fd_sc_hd__clkdlybuf4s25_1)
     8    0.040905    0.410406    0.509933    1.126396 ^ fanout76/X (sky130_fd_sc_hd__clkdlybuf4s25_1)
                                                         net76 (net)
                      0.410406    0.000402    1.126798 ^ fanout75/A (sky130_fd_sc_hd__clkdlybuf4s25_1)
     6    0.027960    0.284737    0.499079    1.625877 ^ fanout75/X (sky130_fd_sc_hd__clkdlybuf4s25_1)
                                                         net75 (net)
                      0.284737    0.000282    1.626159 ^ fanout74/A (sky130_fd_sc_hd__clkdlybuf4s25_1)
     5    0.021401    0.221115    0.437125    2.063284 ^ fanout74/X (sky130_fd_sc_hd__clkdlybuf4s25_1)
                                                         net74 (net)
                      0.221115    0.000328    2.063612 ^ fanout73/A (sky130_fd_sc_hd__clkdlybuf4s25_1)
     8    0.033690    0.340661    0.506045    2.569658 ^ fanout73/X (sky130_fd_sc_hd__clkdlybuf4s25_1)
                                                         net73 (net)
                      0.340661    0.000421    2.570079 ^ _1206_/RESET_B (sky130_fd_sc_hd__dfrtp_2)
                                              2.570079   data arrival time

                                  0.000000    0.000000   clock rd_clk (rise edge)
                                  0.000000    0.000000   clock source latency
     1    0.013587    0.000000    0.000000    0.000000 ^ rd_clk (in)
                                                         rd_clk (net)
                      0.000583    0.000292    0.000292 ^ clkbuf_0_rd_clk/A (sky130_fd_sc_hd__clkbuf_16)
     4    0.037982    0.057948    0.124843    0.125135 ^ clkbuf_0_rd_clk/X (sky130_fd_sc_hd__clkbuf_16)
                                                         clknet_0_rd_clk (net)
                      0.057949    0.000396    0.125530 ^ clkbuf_2_1__f_rd_clk/A (sky130_fd_sc_hd__clkbuf_16)
     7    0.019595    0.041505    0.129773    0.255303 ^ clkbuf_2_1__f_rd_clk/X (sky130_fd_sc_hd__clkbuf_16)
                                                         clknet_2_1__leaf_rd_clk (net)
                      0.041506    0.000218    0.255521 ^ _1206_/CLK (sky130_fd_sc_hd__dfrtp_2)
                                  0.100000    0.355521   clock uncertainty
                                  0.000000    0.355521   clock reconvergence pessimism
                                  0.399898    0.755419   library removal time
                                              0.755419   data required time
---------------------------------------------------------------------------------------------
                                              0.755419   data required time
                                             -2.570079   data arrival time
---------------------------------------------------------------------------------------------
                                              1.814660   slack (MET)


Startpoint: _1203_ (rising edge-triggered flip-flop clocked by rd_clk)
Endpoint: _1211_ (removal check against rising-edge clock rd_clk)
Path Group: asynchronous
Path Type: min

Fanout         Cap        Slew       Delay        Time   Description
---------------------------------------------------------------------------------------------
                                  0.000000    0.000000   clock rd_clk (rise edge)
                                  0.000000    0.000000   clock source latency
     1    0.013587    0.000000    0.000000    0.000000 ^ rd_clk (in)
                                                         rd_clk (net)
                      0.000583    0.000292    0.000292 ^ clkbuf_0_rd_clk/A (sky130_fd_sc_hd__clkbuf_16)
     4    0.037982    0.057948    0.124843    0.125135 ^ clkbuf_0_rd_clk/X (sky130_fd_sc_hd__clkbuf_16)
                                                         clknet_0_rd_clk (net)
                      0.057952    0.000497    0.125632 ^ clkbuf_2_3__f_rd_clk/A (sky130_fd_sc_hd__clkbuf_16)
     7    0.024943    0.046224    0.134831    0.260463 ^ clkbuf_2_3__f_rd_clk/X (sky130_fd_sc_hd__clkbuf_16)
                                                         clknet_2_3__leaf_rd_clk (net)
                      0.046226    0.000337    0.260799 ^ _1203_/CLK (sky130_fd_sc_hd__dfrtp_2)
     2    0.007993    0.060057    0.355608    0.616408 ^ _1203_/Q (sky130_fd_sc_hd__dfrtp_2)
                                                         u_rd_reset_sync.sync_ff2 (net)
                      0.060057    0.000055    0.616463 ^ fanout76/A (sky130_fd_sc_hd__clkdlybuf4s25_1)
     8    0.040905    0.410406    0.509933    1.126396 ^ fanout76/X (sky130_fd_sc_hd__clkdlybuf4s25_1)
                                                         net76 (net)
                      0.410406    0.000402    1.126798 ^ fanout75/A (sky130_fd_sc_hd__clkdlybuf4s25_1)
     6    0.027960    0.284737    0.499079    1.625877 ^ fanout75/X (sky130_fd_sc_hd__clkdlybuf4s25_1)
                                                         net75 (net)
                      0.284737    0.000282    1.626159 ^ fanout74/A (sky130_fd_sc_hd__clkdlybuf4s25_1)
     5    0.021401    0.221115    0.437125    2.063284 ^ fanout74/X (sky130_fd_sc_hd__clkdlybuf4s25_1)
                                                         net74 (net)
                      0.221115    0.000328    2.063612 ^ fanout73/A (sky130_fd_sc_hd__clkdlybuf4s25_1)
     8    0.033690    0.340661    0.506045    2.569658 ^ fanout73/X (sky130_fd_sc_hd__clkdlybuf4s25_1)
                                                         net73 (net)
                      0.340661    0.000401    2.570058 ^ _1211_/RESET_B (sky130_fd_sc_hd__dfrtp_2)
                                              2.570058   data arrival time

                                  0.000000    0.000000   clock rd_clk (rise edge)
                                  0.000000    0.000000   clock source latency
     1    0.013587    0.000000    0.000000    0.000000 ^ rd_clk (in)
                                                         rd_clk (net)
                      0.000583    0.000292    0.000292 ^ clkbuf_0_rd_clk/A (sky130_fd_sc_hd__clkbuf_16)
     4    0.037982    0.057948    0.124843    0.125135 ^ clkbuf_0_rd_clk/X (sky130_fd_sc_hd__clkbuf_16)
                                                         clknet_0_rd_clk (net)
                      0.057949    0.000396    0.125530 ^ clkbuf_2_1__f_rd_clk/A (sky130_fd_sc_hd__clkbuf_16)
     7    0.019595    0.041505    0.129773    0.255303 ^ clkbuf_2_1__f_rd_clk/X (sky130_fd_sc_hd__clkbuf_16)
                                                         clknet_2_1__leaf_rd_clk (net)
                      0.041506    0.000187    0.255490 ^ _1211_/CLK (sky130_fd_sc_hd__dfrtp_2)
                                  0.100000    0.355490   clock uncertainty
                                  0.000000    0.355490   clock reconvergence pessimism
                                  0.399898    0.755388   library removal time
                                              0.755388   data required time
---------------------------------------------------------------------------------------------
                                              0.755388   data required time
                                             -2.570058   data arrival time
---------------------------------------------------------------------------------------------
                                              1.814670   slack (MET)


Startpoint: _1190_ (rising edge-triggered flip-flop clocked by rd_clk)
Endpoint: aempty (output port clocked by rd_clk)
Path Group: rd_clk
Path Type: min

Fanout         Cap        Slew       Delay        Time   Description
---------------------------------------------------------------------------------------------
                                  0.000000    0.000000   clock rd_clk (rise edge)
                                  0.000000    0.000000   clock source latency
     1    0.013587    0.000000    0.000000    0.000000 ^ rd_clk (in)
                                                         rd_clk (net)
                      0.000583    0.000292    0.000292 ^ clkbuf_0_rd_clk/A (sky130_fd_sc_hd__clkbuf_16)
     4    0.037982    0.057948    0.124843    0.125135 ^ clkbuf_0_rd_clk/X (sky130_fd_sc_hd__clkbuf_16)
                                                         clknet_0_rd_clk (net)
                      0.057952    0.000497    0.125632 ^ clkbuf_2_3__f_rd_clk/A (sky130_fd_sc_hd__clkbuf_16)
     7    0.024943    0.046224    0.134831    0.260463 ^ clkbuf_2_3__f_rd_clk/X (sky130_fd_sc_hd__clkbuf_16)
                                                         clknet_2_3__leaf_rd_clk (net)
                      0.046226    0.000346    0.260809 ^ _1190_/CLK (sky130_fd_sc_hd__dfstp_2)
     1    0.002728    0.021086    0.352898    0.613708 v _1190_/Q (sky130_fd_sc_hd__dfstp_2)
                                                         net21 (net)
                      0.021086    0.000027    0.613734 v output21/A (sky130_fd_sc_hd__clkdlybuf4s25_1)
     1    0.016380    0.129963    0.309366    0.923100 v output21/X (sky130_fd_sc_hd__clkdlybuf4s25_1)
                                                         aempty (net)
                      0.129963    0.000152    0.923252 v aempty (out)
                                              0.923252   data arrival time

                                  0.000000    0.000000   clock rd_clk (rise edge)
                                  0.000000    0.000000   clock network delay (propagated)
                                  0.100000    0.100000   clock uncertainty
                                  0.000000    0.100000   clock reconvergence pessimism
                                 -1.500000   -1.400000   output external delay
                                             -1.400000   data required time
---------------------------------------------------------------------------------------------
                                             -1.400000   data required time
                                             -0.923252   data arrival time
---------------------------------------------------------------------------------------------
                                              2.323252   slack (MET)


Startpoint: _1238_ (rising edge-triggered flip-flop clocked by rd_clk)
Endpoint: empty (output port clocked by rd_clk)
Path Group: rd_clk
Path Type: min

Fanout         Cap        Slew       Delay        Time   Description
---------------------------------------------------------------------------------------------
                                  0.000000    0.000000   clock rd_clk (rise edge)
                                  0.000000    0.000000   clock source latency
     1    0.013587    0.000000    0.000000    0.000000 ^ rd_clk (in)
                                                         rd_clk (net)
                      0.000583    0.000292    0.000292 ^ clkbuf_0_rd_clk/A (sky130_fd_sc_hd__clkbuf_16)
     4    0.037982    0.057948    0.124843    0.125135 ^ clkbuf_0_rd_clk/X (sky130_fd_sc_hd__clkbuf_16)
                                                         clknet_0_rd_clk (net)
                      0.057949    0.000396    0.125530 ^ clkbuf_2_1__f_rd_clk/A (sky130_fd_sc_hd__clkbuf_16)
     7    0.019595    0.041505    0.129773    0.255303 ^ clkbuf_2_1__f_rd_clk/X (sky130_fd_sc_hd__clkbuf_16)
                                                         clknet_2_1__leaf_rd_clk (net)
                      0.041506    0.000117    0.255420 ^ _1238_/CLK (sky130_fd_sc_hd__dfstp_2)
     5    0.022425    0.061143    0.392970    0.648390 v _1238_/Q (sky130_fd_sc_hd__dfstp_2)
                                                         net23 (net)
                      0.061143    0.000113    0.648503 v output23/A (sky130_fd_sc_hd__clkdlybuf4s25_1)
     1    0.016028    0.127768    0.324663    0.973166 v output23/X (sky130_fd_sc_hd__clkdlybuf4s25_1)
                                                         empty (net)
                      0.127768    0.000121    0.973287 v empty (out)
                                              0.973287   data arrival time

                                  0.000000    0.000000   clock rd_clk (rise edge)
                                  0.000000    0.000000   clock network delay (propagated)
                                  0.100000    0.100000   clock uncertainty
                                  0.000000    0.100000   clock reconvergence pessimism
                                 -1.500000   -1.400000   output external delay
                                             -1.400000   data required time
---------------------------------------------------------------------------------------------
                                             -1.400000   data required time
                                             -0.973287   data arrival time
---------------------------------------------------------------------------------------------
                                              2.373287   slack (MET)


Startpoint: _1195_ (rising edge-triggered flip-flop clocked by wr_clk)
Endpoint: afull (output port clocked by wr_clk)
Path Group: wr_clk
Path Type: min

Fanout         Cap        Slew       Delay        Time   Description
---------------------------------------------------------------------------------------------
                                  0.000000    0.000000   clock wr_clk (rise edge)
                                  0.000000    0.000000   clock source latency
     1    0.024374    0.000000    0.000000    0.000000 ^ wr_clk (in)
                                                         wr_clk (net)
                      0.001077    0.000538    0.000538 ^ clkbuf_0_wr_clk/A (sky130_fd_sc_hd__clkbuf_16)
    16    0.103304    0.118752    0.172854    0.173392 ^ clkbuf_0_wr_clk/X (sky130_fd_sc_hd__clkbuf_16)
                                                         clknet_0_wr_clk (net)
                      0.118777    0.001434    0.174826 ^ clkbuf_4_10_0_wr_clk/A (sky130_fd_sc_hd__clkbuf_8)
     2    0.019042    0.049921    0.157851    0.332677 ^ clkbuf_4_10_0_wr_clk/X (sky130_fd_sc_hd__clkbuf_8)
                                                         clknet_4_10_0_wr_clk (net)
                      0.049921    0.000226    0.332903 ^ clkbuf_5_21__f_wr_clk/A (sky130_fd_sc_hd__clkbuf_16)
     6    0.019165    0.041133    0.126353    0.459256 ^ clkbuf_5_21__f_wr_clk/X (sky130_fd_sc_hd__clkbuf_16)
                                                         clknet_5_21__leaf_wr_clk (net)
                      0.041134    0.000510    0.459767 ^ _1195_/CLK (sky130_fd_sc_hd__dfrtp_2)
     1    0.003166    0.039640    0.331120    0.790886 ^ _1195_/Q (sky130_fd_sc_hd__dfrtp_2)
                                                         net22 (net)
                      0.039640    0.000036    0.790923 ^ output22/A (sky130_fd_sc_hd__clkdlybuf4s25_1)
     1    0.016025    0.169148    0.332847    1.123770 ^ output22/X (sky130_fd_sc_hd__clkdlybuf4s25_1)
                                                         afull (net)
                      0.169148    0.000150    1.123919 ^ afull (out)
                                              1.123919   data arrival time

                                  0.000000    0.000000   clock wr_clk (rise edge)
                                  0.000000    0.000000   clock network delay (propagated)
                                  0.100000    0.100000   clock uncertainty
                                  0.000000    0.100000   clock reconvergence pessimism
                                 -1.500000   -1.400000   output external delay
                                             -1.400000   data required time
---------------------------------------------------------------------------------------------
                                             -1.400000   data required time
                                             -1.123919   data arrival time
---------------------------------------------------------------------------------------------
                                              2.523919   slack (MET)


Startpoint: _1228_ (rising edge-triggered flip-flop clocked by wr_clk)
Endpoint: full (output port clocked by wr_clk)
Path Group: wr_clk
Path Type: min

Fanout         Cap        Slew       Delay        Time   Description
---------------------------------------------------------------------------------------------
                                  0.000000    0.000000   clock wr_clk (rise edge)
                                  0.000000    0.000000   clock source latency
     1    0.024374    0.000000    0.000000    0.000000 ^ wr_clk (in)
                                                         wr_clk (net)
                      0.001077    0.000538    0.000538 ^ clkbuf_0_wr_clk/A (sky130_fd_sc_hd__clkbuf_16)
    16    0.103304    0.118752    0.172854    0.173392 ^ clkbuf_0_wr_clk/X (sky130_fd_sc_hd__clkbuf_16)
                                                         clknet_0_wr_clk (net)
                      0.118756    0.000584    0.173977 ^ clkbuf_4_14_0_wr_clk/A (sky130_fd_sc_hd__clkbuf_8)
     2    0.018769    0.049495    0.157434    0.331411 ^ clkbuf_4_14_0_wr_clk/X (sky130_fd_sc_hd__clkbuf_8)
                                                         clknet_4_14_0_wr_clk (net)
                      0.049495    0.000244    0.331655 ^ clkbuf_5_29__f_wr_clk/A (sky130_fd_sc_hd__clkbuf_16)
     5    0.013959    0.036703    0.121281    0.452935 ^ clkbuf_5_29__f_wr_clk/X (sky130_fd_sc_hd__clkbuf_16)
                                                         clknet_5_29__leaf_wr_clk (net)
                      0.036703    0.000155    0.453091 ^ _1228_/CLK (sky130_fd_sc_hd__dfrtp_2)
     3    0.014960    0.088942    0.379980    0.833070 ^ _1228_/Q (sky130_fd_sc_hd__dfrtp_2)
                                                         net24 (net)
                      0.088942    0.000065    0.833135 ^ output24/A (sky130_fd_sc_hd__clkdlybuf4s25_1)
     1    0.015802    0.166970    0.348454    1.181590 ^ output24/X (sky130_fd_sc_hd__clkdlybuf4s25_1)
                                                         full (net)
                      0.166970    0.000096    1.181686 ^ full (out)
                                              1.181686   data arrival time

                                  0.000000    0.000000   clock wr_clk (rise edge)
                                  0.000000    0.000000   clock network delay (propagated)
                                  0.100000    0.100000   clock uncertainty
                                  0.000000    0.100000   clock reconvergence pessimism
                                 -1.500000   -1.400000   output external delay
                                             -1.400000   data required time
---------------------------------------------------------------------------------------------
                                             -1.400000   data required time
                                             -1.181686   data arrival time
---------------------------------------------------------------------------------------------
                                              2.581686   slack (MET)


Startpoint: _1242_ (rising edge-triggered flip-flop clocked by rd_clk)
Endpoint: rd_data[6] (output port clocked by rd_clk)
Path Group: rd_clk
Path Type: min

Fanout         Cap        Slew       Delay        Time   Description
---------------------------------------------------------------------------------------------
                                  0.000000    0.000000   clock rd_clk (rise edge)
                                  0.000000    0.000000   clock source latency
     1    0.013587    0.000000    0.000000    0.000000 ^ rd_clk (in)
                                                         rd_clk (net)
                      0.000583    0.000292    0.000292 ^ clkbuf_0_rd_clk/A (sky130_fd_sc_hd__clkbuf_16)
     4    0.037982    0.057948    0.124843    0.125135 ^ clkbuf_0_rd_clk/X (sky130_fd_sc_hd__clkbuf_16)
                                                         clknet_0_rd_clk (net)
                      0.057955    0.000590    0.125724 ^ clkbuf_2_2__f_rd_clk/A (sky130_fd_sc_hd__clkbuf_16)
     8    0.029186    0.050360    0.138604    0.264329 ^ clkbuf_2_2__f_rd_clk/X (sky130_fd_sc_hd__clkbuf_16)
                                                         clknet_2_2__leaf_rd_clk (net)
                      0.050361    0.000454    0.264782 ^ _1242_/CLK (sky130_fd_sc_hd__dfrtp_2)
     7    0.055017    0.265029    0.518306    0.783088 ^ _1242_/Q (sky130_fd_sc_hd__dfrtp_2)
                                                         rd_ptr_bin[3] (net)
                      0.265029    0.000752    0.783841 ^ _0775_/A1 (sky130_fd_sc_hd__a21bo_2)
     1    0.004817    0.039224    0.183197    0.967038 ^ _0775_/X (sky130_fd_sc_hd__a21bo_2)
                                                         net31 (net)
                      0.039224    0.000093    0.967131 ^ output31/A (sky130_fd_sc_hd__clkdlybuf4s25_1)
     1    0.016242    0.171248    0.334140    1.301270 ^ output31/X (sky130_fd_sc_hd__clkdlybuf4s25_1)
                                                         rd_data[6] (net)
                      0.171248    0.000221    1.301491 ^ rd_data[6] (out)
                                              1.301491   data arrival time

                                  0.000000    0.000000   clock rd_clk (rise edge)
                                  0.000000    0.000000   clock network delay (propagated)
                                  0.100000    0.100000   clock uncertainty
                                  0.000000    0.100000   clock reconvergence pessimism
                                 -1.500000   -1.400000   output external delay
                                             -1.400000   data required time
---------------------------------------------------------------------------------------------
                                             -1.400000   data required time
                                             -1.301491   data arrival time
---------------------------------------------------------------------------------------------
                                              2.701491   slack (MET)


Startpoint: _1242_ (rising edge-triggered flip-flop clocked by rd_clk)
Endpoint: rd_data[1] (output port clocked by rd_clk)
Path Group: rd_clk
Path Type: min

Fanout         Cap        Slew       Delay        Time   Description
---------------------------------------------------------------------------------------------
                                  0.000000    0.000000   clock rd_clk (rise edge)
                                  0.000000    0.000000   clock source latency
     1    0.013587    0.000000    0.000000    0.000000 ^ rd_clk (in)
                                                         rd_clk (net)
                      0.000583    0.000292    0.000292 ^ clkbuf_0_rd_clk/A (sky130_fd_sc_hd__clkbuf_16)
     4    0.037982    0.057948    0.124843    0.125135 ^ clkbuf_0_rd_clk/X (sky130_fd_sc_hd__clkbuf_16)
                                                         clknet_0_rd_clk (net)
                      0.057955    0.000590    0.125724 ^ clkbuf_2_2__f_rd_clk/A (sky130_fd_sc_hd__clkbuf_16)
     8    0.029186    0.050360    0.138604    0.264329 ^ clkbuf_2_2__f_rd_clk/X (sky130_fd_sc_hd__clkbuf_16)
                                                         clknet_2_2__leaf_rd_clk (net)
                      0.050361    0.000454    0.264782 ^ _1242_/CLK (sky130_fd_sc_hd__dfrtp_2)
     7    0.055017    0.265029    0.518306    0.783088 ^ _1242_/Q (sky130_fd_sc_hd__dfrtp_2)
                                                         rd_ptr_bin[3] (net)
                      0.265031    0.001280    0.784369 ^ _0735_/A1 (sky130_fd_sc_hd__a21bo_2)
     1    0.008173    0.055149    0.196925    0.981294 ^ _0735_/X (sky130_fd_sc_hd__a21bo_2)
                                                         net26 (net)
                      0.055149    0.000228    0.981522 ^ output26/A (sky130_fd_sc_hd__clkdlybuf4s25_1)
     1    0.016694    0.175555    0.342829    1.324350 ^ output26/X (sky130_fd_sc_hd__clkdlybuf4s25_1)
                                                         rd_data[1] (net)
                      0.175555    0.000221    1.324571 ^ rd_data[1] (out)
                                              1.324571   data arrival time

                                  0.000000    0.000000   clock rd_clk (rise edge)
                                  0.000000    0.000000   clock network delay (propagated)
                                  0.100000    0.100000   clock uncertainty
                                  0.000000    0.100000   clock reconvergence pessimism
                                 -1.500000   -1.400000   output external delay
                                             -1.400000   data required time
---------------------------------------------------------------------------------------------
                                             -1.400000   data required time
                                             -1.324571   data arrival time
---------------------------------------------------------------------------------------------
                                              2.724571   slack (MET)


Startpoint: _1242_ (rising edge-triggered flip-flop clocked by rd_clk)
Endpoint: rd_data[4] (output port clocked by rd_clk)
Path Group: rd_clk
Path Type: min

Fanout         Cap        Slew       Delay        Time   Description
---------------------------------------------------------------------------------------------
                                  0.000000    0.000000   clock rd_clk (rise edge)
                                  0.000000    0.000000   clock source latency
     1    0.013587    0.000000    0.000000    0.000000 ^ rd_clk (in)
                                                         rd_clk (net)
                      0.000583    0.000292    0.000292 ^ clkbuf_0_rd_clk/A (sky130_fd_sc_hd__clkbuf_16)
     4    0.037982    0.057948    0.124843    0.125135 ^ clkbuf_0_rd_clk/X (sky130_fd_sc_hd__clkbuf_16)
                                                         clknet_0_rd_clk (net)
                      0.057955    0.000590    0.125724 ^ clkbuf_2_2__f_rd_clk/A (sky130_fd_sc_hd__clkbuf_16)
     8    0.029186    0.050360    0.138604    0.264329 ^ clkbuf_2_2__f_rd_clk/X (sky130_fd_sc_hd__clkbuf_16)
                                                         clknet_2_2__leaf_rd_clk (net)
                      0.050361    0.000454    0.264782 ^ _1242_/CLK (sky130_fd_sc_hd__dfrtp_2)
     7    0.055017    0.265029    0.518306    0.783088 ^ _1242_/Q (sky130_fd_sc_hd__dfrtp_2)
                                                         rd_ptr_bin[3] (net)
                      0.265032    0.001372    0.784461 ^ _0755_/B1 (sky130_fd_sc_hd__o21a_2)
     1    0.003491    0.032506    0.181783    0.966244 ^ _0755_/X (sky130_fd_sc_hd__o21a_2)
                                                         _0341_ (net)
                      0.032506    0.000027    0.966271 ^ _0759_/A2 (sky130_fd_sc_hd__a22o_2)
     1    0.006533    0.049355    0.143676    1.109947 ^ _0759_/X (sky130_fd_sc_hd__a22o_2)
                                                         net29 (net)
                      0.049355    0.000146    1.110093 ^ output29/A (sky130_fd_sc_hd__clkdlybuf4s25_1)
     1    0.016197    0.170765    0.337436    1.447530 ^ output29/X (sky130_fd_sc_hd__clkdlybuf4s25_1)
                                                         rd_data[4] (net)
                      0.170765    0.000152    1.447682 ^ rd_data[4] (out)
                                              1.447682   data arrival time

                                  0.000000    0.000000   clock rd_clk (rise edge)
                                  0.000000    0.000000   clock network delay (propagated)
                                  0.100000    0.100000   clock uncertainty
                                  0.000000    0.100000   clock reconvergence pessimism
                                 -1.500000   -1.400000   output external delay
                                             -1.400000   data required time
---------------------------------------------------------------------------------------------
                                             -1.400000   data required time
                                             -1.447682   data arrival time
---------------------------------------------------------------------------------------------
                                              2.847682   slack (MET)


Startpoint: _1242_ (rising edge-triggered flip-flop clocked by rd_clk)
Endpoint: rd_data[7] (output port clocked by rd_clk)
Path Group: rd_clk
Path Type: min

Fanout         Cap        Slew       Delay        Time   Description
---------------------------------------------------------------------------------------------
                                  0.000000    0.000000   clock rd_clk (rise edge)
                                  0.000000    0.000000   clock source latency
     1    0.013587    0.000000    0.000000    0.000000 ^ rd_clk (in)
                                                         rd_clk (net)
                      0.000583    0.000292    0.000292 ^ clkbuf_0_rd_clk/A (sky130_fd_sc_hd__clkbuf_16)
     4    0.037982    0.057948    0.124843    0.125135 ^ clkbuf_0_rd_clk/X (sky130_fd_sc_hd__clkbuf_16)
                                                         clknet_0_rd_clk (net)
                      0.057955    0.000590    0.125724 ^ clkbuf_2_2__f_rd_clk/A (sky130_fd_sc_hd__clkbuf_16)
     8    0.029186    0.050360    0.138604    0.264329 ^ clkbuf_2_2__f_rd_clk/X (sky130_fd_sc_hd__clkbuf_16)
                                                         clknet_2_2__leaf_rd_clk (net)
                      0.050361    0.000454    0.264782 ^ _1242_/CLK (sky130_fd_sc_hd__dfrtp_2)
     7    0.055017    0.265029    0.518306    0.783088 ^ _1242_/Q (sky130_fd_sc_hd__dfrtp_2)
                                                         rd_ptr_bin[3] (net)
                      0.265032    0.001325    0.784414 ^ _0779_/B1 (sky130_fd_sc_hd__o21a_2)
     1    0.005659    0.042462    0.191574    0.975988 ^ _0779_/X (sky130_fd_sc_hd__o21a_2)
                                                         _0362_ (net)
                      0.042462    0.000110    0.976098 ^ _0783_/A2 (sky130_fd_sc_hd__a22o_2)
     1    0.006138    0.047565    0.145140    1.121238 ^ _0783_/X (sky130_fd_sc_hd__a22o_2)
                                                         net32 (net)
                      0.047565    0.000146    1.121384 ^ output32/A (sky130_fd_sc_hd__clkdlybuf4s25_1)
     1    0.015934    0.168224    0.335034    1.456417 ^ output32/X (sky130_fd_sc_hd__clkdlybuf4s25_1)
                                                         rd_data[7] (net)
                      0.168224    0.000097    1.456515 ^ rd_data[7] (out)
                                              1.456515   data arrival time

                                  0.000000    0.000000   clock rd_clk (rise edge)
                                  0.000000    0.000000   clock network delay (propagated)
                                  0.100000    0.100000   clock uncertainty
                                  0.000000    0.100000   clock reconvergence pessimism
                                 -1.500000   -1.400000   output external delay
                                             -1.400000   data required time
---------------------------------------------------------------------------------------------
                                             -1.400000   data required time
                                             -1.456515   data arrival time
---------------------------------------------------------------------------------------------
                                              2.856515   slack (MET)


Startpoint: _1242_ (rising edge-triggered flip-flop clocked by rd_clk)
Endpoint: rd_data[0] (output port clocked by rd_clk)
Path Group: rd_clk
Path Type: min

Fanout         Cap        Slew       Delay        Time   Description
---------------------------------------------------------------------------------------------
                                  0.000000    0.000000   clock rd_clk (rise edge)
                                  0.000000    0.000000   clock source latency
     1    0.013587    0.000000    0.000000    0.000000 ^ rd_clk (in)
                                                         rd_clk (net)
                      0.000583    0.000292    0.000292 ^ clkbuf_0_rd_clk/A (sky130_fd_sc_hd__clkbuf_16)
     4    0.037982    0.057948    0.124843    0.125135 ^ clkbuf_0_rd_clk/X (sky130_fd_sc_hd__clkbuf_16)
                                                         clknet_0_rd_clk (net)
                      0.057955    0.000590    0.125724 ^ clkbuf_2_2__f_rd_clk/A (sky130_fd_sc_hd__clkbuf_16)
     8    0.029186    0.050360    0.138604    0.264329 ^ clkbuf_2_2__f_rd_clk/X (sky130_fd_sc_hd__clkbuf_16)
                                                         clknet_2_2__leaf_rd_clk (net)
                      0.050361    0.000454    0.264782 ^ _1242_/CLK (sky130_fd_sc_hd__dfrtp_2)
     7    0.055017    0.265029    0.518306    0.783088 ^ _1242_/Q (sky130_fd_sc_hd__dfrtp_2)
                                                         rd_ptr_bin[3] (net)
                      0.265029    0.000558    0.783646 ^ _0532_/A (sky130_fd_sc_hd__inv_2)
     2    0.006884    0.057228    0.066072    0.849718 v _0532_/Y (sky130_fd_sc_hd__inv_2)
                                                         _0142_ (net)
                      0.057228    0.000029    0.849748 v _0725_/A (sky130_fd_sc_hd__buf_1)
     8    0.037588    0.218808    0.240058    1.089806 v _0725_/X (sky130_fd_sc_hd__buf_1)
                                                         _0315_ (net)
                      0.218885    0.002109    1.091915 v _0726_/S (sky130_fd_sc_hd__mux2_2)
     1    0.003550    0.040169    0.288828    1.380742 ^ _0726_/X (sky130_fd_sc_hd__mux2_2)
                                                         _0316_ (net)
                      0.040169    0.000036    1.380779 ^ _0727_/A (sky130_fd_sc_hd__buf_1)
     1    0.002503    0.042342    0.076513    1.457292 ^ _0727_/X (sky130_fd_sc_hd__buf_1)
                                                         net25 (net)
                      0.042342    0.000011    1.457303 ^ output25/A (sky130_fd_sc_hd__clkdlybuf4s25_1)
     1    0.015942    0.168321    0.333257    1.790560 ^ output25/X (sky130_fd_sc_hd__clkdlybuf4s25_1)
                                                         rd_data[0] (net)
                      0.168321    0.000096    1.790656 ^ rd_data[0] (out)
                                              1.790656   data arrival time

                                  0.000000    0.000000   clock rd_clk (rise edge)
                                  0.000000    0.000000   clock network delay (propagated)
                                  0.100000    0.100000   clock uncertainty
                                  0.000000    0.100000   clock reconvergence pessimism
                                 -1.500000   -1.400000   output external delay
                                             -1.400000   data required time
---------------------------------------------------------------------------------------------
                                             -1.400000   data required time
                                             -1.790656   data arrival time
---------------------------------------------------------------------------------------------
                                              3.190655   slack (MET)


Startpoint: _1242_ (rising edge-triggered flip-flop clocked by rd_clk)
Endpoint: rd_data[2] (output port clocked by rd_clk)
Path Group: rd_clk
Path Type: min

Fanout         Cap        Slew       Delay        Time   Description
---------------------------------------------------------------------------------------------
                                  0.000000    0.000000   clock rd_clk (rise edge)
                                  0.000000    0.000000   clock source latency
     1    0.013587    0.000000    0.000000    0.000000 ^ rd_clk (in)
                                                         rd_clk (net)
                      0.000583    0.000292    0.000292 ^ clkbuf_0_rd_clk/A (sky130_fd_sc_hd__clkbuf_16)
     4    0.037982    0.057948    0.124843    0.125135 ^ clkbuf_0_rd_clk/X (sky130_fd_sc_hd__clkbuf_16)
                                                         clknet_0_rd_clk (net)
                      0.057955    0.000590    0.125724 ^ clkbuf_2_2__f_rd_clk/A (sky130_fd_sc_hd__clkbuf_16)
     8    0.029186    0.050360    0.138604    0.264329 ^ clkbuf_2_2__f_rd_clk/X (sky130_fd_sc_hd__clkbuf_16)
                                                         clknet_2_2__leaf_rd_clk (net)
                      0.050361    0.000454    0.264782 ^ _1242_/CLK (sky130_fd_sc_hd__dfrtp_2)
     7    0.055017    0.265029    0.518306    0.783088 ^ _1242_/Q (sky130_fd_sc_hd__dfrtp_2)
                                                         rd_ptr_bin[3] (net)
                      0.265029    0.000558    0.783646 ^ _0532_/A (sky130_fd_sc_hd__inv_2)
     2    0.006884    0.057228    0.066072    0.849718 v _0532_/Y (sky130_fd_sc_hd__inv_2)
                                                         _0142_ (net)
                      0.057228    0.000029    0.849748 v _0725_/A (sky130_fd_sc_hd__buf_1)
     8    0.037588    0.218808    0.240058    1.089806 v _0725_/X (sky130_fd_sc_hd__buf_1)
                                                         _0315_ (net)
                      0.218885    0.002097    1.091903 v _0742_/S (sky130_fd_sc_hd__mux2_2)
     1    0.004609    0.045204    0.294243    1.386146 ^ _0742_/X (sky130_fd_sc_hd__mux2_2)
                                                         _0330_ (net)
                      0.045204    0.000074    1.386220 ^ _0743_/A (sky130_fd_sc_hd__buf_1)
     1    0.002501    0.042325    0.078240    1.464460 ^ _0743_/X (sky130_fd_sc_hd__buf_1)
                                                         net27 (net)
                      0.042325    0.000011    1.464471 ^ output27/A (sky130_fd_sc_hd__clkdlybuf4s25_1)
     1    0.016032    0.169197    0.333862    1.798333 ^ output27/X (sky130_fd_sc_hd__clkdlybuf4s25_1)
                                                         rd_data[2] (net)
                      0.169197    0.000112    1.798445 ^ rd_data[2] (out)
                                              1.798445   data arrival time

                                  0.000000    0.000000   clock rd_clk (rise edge)
                                  0.000000    0.000000   clock network delay (propagated)
                                  0.100000    0.100000   clock uncertainty
                                  0.000000    0.100000   clock reconvergence pessimism
                                 -1.500000   -1.400000   output external delay
                                             -1.400000   data required time
---------------------------------------------------------------------------------------------
                                             -1.400000   data required time
                                             -1.798445   data arrival time
---------------------------------------------------------------------------------------------
                                              3.198445   slack (MET)


Startpoint: _1242_ (rising edge-triggered flip-flop clocked by rd_clk)
Endpoint: rd_data[3] (output port clocked by rd_clk)
Path Group: rd_clk
Path Type: min

Fanout         Cap        Slew       Delay        Time   Description
---------------------------------------------------------------------------------------------
                                  0.000000    0.000000   clock rd_clk (rise edge)
                                  0.000000    0.000000   clock source latency
     1    0.013587    0.000000    0.000000    0.000000 ^ rd_clk (in)
                                                         rd_clk (net)
                      0.000583    0.000292    0.000292 ^ clkbuf_0_rd_clk/A (sky130_fd_sc_hd__clkbuf_16)
     4    0.037982    0.057948    0.124843    0.125135 ^ clkbuf_0_rd_clk/X (sky130_fd_sc_hd__clkbuf_16)
                                                         clknet_0_rd_clk (net)
                      0.057955    0.000590    0.125724 ^ clkbuf_2_2__f_rd_clk/A (sky130_fd_sc_hd__clkbuf_16)
     8    0.029186    0.050360    0.138604    0.264329 ^ clkbuf_2_2__f_rd_clk/X (sky130_fd_sc_hd__clkbuf_16)
                                                         clknet_2_2__leaf_rd_clk (net)
                      0.050361    0.000454    0.264782 ^ _1242_/CLK (sky130_fd_sc_hd__dfrtp_2)
     7    0.055017    0.265029    0.518306    0.783088 ^ _1242_/Q (sky130_fd_sc_hd__dfrtp_2)
                                                         rd_ptr_bin[3] (net)
                      0.265029    0.000558    0.783646 ^ _0532_/A (sky130_fd_sc_hd__inv_2)
     2    0.006884    0.057228    0.066072    0.849718 v _0532_/Y (sky130_fd_sc_hd__inv_2)
                                                         _0142_ (net)
                      0.057228    0.000029    0.849748 v _0725_/A (sky130_fd_sc_hd__buf_1)
     8    0.037588    0.218808    0.240058    1.089806 v _0725_/X (sky130_fd_sc_hd__buf_1)
                                                         _0315_ (net)
                      0.218808    0.000533    1.090339 v _0750_/S (sky130_fd_sc_hd__mux2_2)
     1    0.009414    0.066864    0.314853    1.405191 ^ _0750_/X (sky130_fd_sc_hd__mux2_2)
                                                         _0337_ (net)
                      0.066864    0.000285    1.405477 ^ _0751_/A (sky130_fd_sc_hd__buf_1)
     1    0.002506    0.042561    0.084631    1.490108 ^ _0751_/X (sky130_fd_sc_hd__buf_1)
                                                         net28 (net)
                      0.042561    0.000011    1.490119 ^ output28/A (sky130_fd_sc_hd__clkdlybuf4s25_1)
     1    0.015833    0.167270    0.332597    1.822716 ^ output28/X (sky130_fd_sc_hd__clkdlybuf4s25_1)
                                                         rd_data[3] (net)
                      0.167270    0.000082    1.822798 ^ rd_data[3] (out)
                                              1.822798   data arrival time

                                  0.000000    0.000000   clock rd_clk (rise edge)
                                  0.000000    0.000000   clock network delay (propagated)
                                  0.100000    0.100000   clock uncertainty
                                  0.000000    0.100000   clock reconvergence pessimism
                                 -1.500000   -1.400000   output external delay
                                             -1.400000   data required time
---------------------------------------------------------------------------------------------
                                             -1.400000   data required time
                                             -1.822798   data arrival time
---------------------------------------------------------------------------------------------
                                              3.222797   slack (MET)


Startpoint: _1242_ (rising edge-triggered flip-flop clocked by rd_clk)
Endpoint: rd_data[5] (output port clocked by rd_clk)
Path Group: rd_clk
Path Type: min

Fanout         Cap        Slew       Delay        Time   Description
---------------------------------------------------------------------------------------------
                                  0.000000    0.000000   clock rd_clk (rise edge)
                                  0.000000    0.000000   clock source latency
     1    0.013587    0.000000    0.000000    0.000000 ^ rd_clk (in)
                                                         rd_clk (net)
                      0.000583    0.000292    0.000292 ^ clkbuf_0_rd_clk/A (sky130_fd_sc_hd__clkbuf_16)
     4    0.037982    0.057948    0.124843    0.125135 ^ clkbuf_0_rd_clk/X (sky130_fd_sc_hd__clkbuf_16)
                                                         clknet_0_rd_clk (net)
                      0.057955    0.000590    0.125724 ^ clkbuf_2_2__f_rd_clk/A (sky130_fd_sc_hd__clkbuf_16)
     8    0.029186    0.050360    0.138604    0.264329 ^ clkbuf_2_2__f_rd_clk/X (sky130_fd_sc_hd__clkbuf_16)
                                                         clknet_2_2__leaf_rd_clk (net)
                      0.050361    0.000454    0.264782 ^ _1242_/CLK (sky130_fd_sc_hd__dfrtp_2)
     7    0.055017    0.265029    0.518306    0.783088 ^ _1242_/Q (sky130_fd_sc_hd__dfrtp_2)
                                                         rd_ptr_bin[3] (net)
                      0.265029    0.000558    0.783646 ^ _0532_/A (sky130_fd_sc_hd__inv_2)
     2    0.006884    0.057228    0.066072    0.849718 v _0532_/Y (sky130_fd_sc_hd__inv_2)
                                                         _0142_ (net)
                      0.057228    0.000029    0.849748 v _0725_/A (sky130_fd_sc_hd__buf_1)
     8    0.037588    0.218808    0.240058    1.089806 v _0725_/X (sky130_fd_sc_hd__buf_1)
                                                         _0315_ (net)
                      0.218817    0.001598    1.091404 v _0766_/S (sky130_fd_sc_hd__mux2_2)
     1    0.012269    0.079200    0.327037    1.418441 ^ _0766_/X (sky130_fd_sc_hd__mux2_2)
                                                         _0351_ (net)
                      0.079201    0.000495    1.418936 ^ _0767_/A (sky130_fd_sc_hd__buf_1)
     1    0.003639    0.053433    0.097084    1.516021 ^ _0767_/X (sky130_fd_sc_hd__buf_1)
                                                         net30 (net)
                      0.053433    0.000048    1.516069 ^ output30/A (sky130_fd_sc_hd__clkdlybuf4s25_1)
     1    0.016267    0.171422    0.339352    1.855421 ^ output30/X (sky130_fd_sc_hd__clkdlybuf4s25_1)
                                                         rd_data[5] (net)
                      0.171422    0.000142    1.855563 ^ rd_data[5] (out)
                                              1.855563   data arrival time

                                  0.000000    0.000000   clock rd_clk (rise edge)
                                  0.000000    0.000000   clock network delay (propagated)
                                  0.100000    0.100000   clock uncertainty
                                  0.000000    0.100000   clock reconvergence pessimism
                                 -1.500000   -1.400000   output external delay
                                             -1.400000   data required time
---------------------------------------------------------------------------------------------
                                             -1.400000   data required time
                                             -1.855563   data arrival time
---------------------------------------------------------------------------------------------
                                              3.255563   slack (MET)



