
===========================================================================
report_checks -path_delay min (Hold)
============================================================================
======================= max_ff_n40C_1v95 Corner ===================================

Startpoint: _1217_ (rising edge-triggered flip-flop clocked by wr_clk)
Endpoint: _1222_ (rising edge-triggered flip-flop clocked by wr_clk)
Path Group: wr_clk
Path Type: min

Fanout         Cap        Slew       Delay        Time   Description
---------------------------------------------------------------------------------------------
                                  0.000000    0.000000   clock wr_clk (rise edge)
                                  0.000000    0.000000   clock source latency
     1    0.027351    0.000000    0.000000    0.000000 ^ wr_clk (in)
                                                         wr_clk (net)
                      0.002217    0.001109    0.001109 ^ clkbuf_0_wr_clk/A (sky130_fd_sc_hd__clkbuf_16)
    16    0.111526    0.098120    0.123922    0.125030 ^ clkbuf_0_wr_clk/X (sky130_fd_sc_hd__clkbuf_16)
                                                         clknet_0_wr_clk (net)
                      0.098338    0.003842    0.128872 ^ clkbuf_4_14_0_wr_clk/A (sky130_fd_sc_hd__clkbuf_8)
     2    0.019680    0.038125    0.105682    0.234554 ^ clkbuf_4_14_0_wr_clk/X (sky130_fd_sc_hd__clkbuf_8)
                                                         clknet_4_14_0_wr_clk (net)
                      0.038183    0.001290    0.235844 ^ clkbuf_5_29__f_wr_clk/A (sky130_fd_sc_hd__clkbuf_16)
     5    0.015367    0.028136    0.083186    0.319029 ^ clkbuf_5_29__f_wr_clk/X (sky130_fd_sc_hd__clkbuf_16)
                                                         clknet_5_29__leaf_wr_clk (net)
                      0.028142    0.000686    0.319715 ^ _1217_/CLK (sky130_fd_sc_hd__dfrtp_2)
     1    0.002708    0.025462    0.204598    0.524313 ^ _1217_/Q (sky130_fd_sc_hd__dfrtp_2)
                                                         u_sync_r2w.sync_stage1[3] (net)
                      0.025462    0.000184    0.524497 ^ _1222_/D (sky130_fd_sc_hd__dfrtp_2)
                                              0.524497   data arrival time

                                  0.000000    0.000000   clock wr_clk (rise edge)
                                  0.000000    0.000000   clock source latency
     1    0.027351    0.000000    0.000000    0.000000 ^ wr_clk (in)
                                                         wr_clk (net)
                      0.002217    0.001109    0.001109 ^ clkbuf_0_wr_clk/A (sky130_fd_sc_hd__clkbuf_16)
    16    0.111526    0.098120    0.123922    0.125030 ^ clkbuf_0_wr_clk/X (sky130_fd_sc_hd__clkbuf_16)
                                                         clknet_0_wr_clk (net)
                      0.098338    0.003842    0.128872 ^ clkbuf_4_14_0_wr_clk/A (sky130_fd_sc_hd__clkbuf_8)
     2    0.019680    0.038125    0.105682    0.234554 ^ clkbuf_4_14_0_wr_clk/X (sky130_fd_sc_hd__clkbuf_8)
                                                         clknet_4_14_0_wr_clk (net)
                      0.038183    0.001290    0.235844 ^ clkbuf_5_29__f_wr_clk/A (sky130_fd_sc_hd__clkbuf_16)
     5    0.015367    0.028136    0.083186    0.319029 ^ clkbuf_5_29__f_wr_clk/X (sky130_fd_sc_hd__clkbuf_16)
                                                         clknet_5_29__leaf_wr_clk (net)
                      0.028149    0.001063    0.320093 ^ _1222_/CLK (sky130_fd_sc_hd__dfrtp_2)
                                  0.100000    0.420093   clock uncertainty
                                  0.000000    0.420093   clock reconvergence pessimism
                                 -0.019411    0.400682   library hold time
                                              0.400682   data required time
---------------------------------------------------------------------------------------------
                                              0.400682   data required time
                                             -0.524497   data arrival time
---------------------------------------------------------------------------------------------
                                              0.123815   slack (MET)


Startpoint: _1207_ (rising edge-triggered flip-flop clocked by rd_clk)
Endpoint: _1212_ (rising edge-triggered flip-flop clocked by rd_clk)
Path Group: rd_clk
Path Type: min

Fanout         Cap        Slew       Delay        Time   Description
---------------------------------------------------------------------------------------------
                                  0.000000    0.000000   clock rd_clk (rise edge)
                                  0.000000    0.000000   clock source latency
     1    0.014762    0.000000    0.000000    0.000000 ^ rd_clk (in)
                                                         rd_clk (net)
                      0.001946    0.000973    0.000973 ^ clkbuf_0_rd_clk/A (sky130_fd_sc_hd__clkbuf_16)
     4    0.039585    0.044672    0.088119    0.089092 ^ clkbuf_0_rd_clk/X (sky130_fd_sc_hd__clkbuf_16)
                                                         clknet_0_rd_clk (net)
                      0.044856    0.001921    0.091013 ^ clkbuf_2_0__f_rd_clk/A (sky130_fd_sc_hd__clkbuf_16)
     8    0.023131    0.033281    0.090223    0.181236 ^ clkbuf_2_0__f_rd_clk/X (sky130_fd_sc_hd__clkbuf_16)
                                                         clknet_2_0__leaf_rd_clk (net)
                      0.033424    0.001482    0.182718 ^ _1207_/CLK (sky130_fd_sc_hd__dfrtp_2)
     1    0.002382    0.024633    0.204938    0.387656 ^ _1207_/Q (sky130_fd_sc_hd__dfrtp_2)
                                                         u_sync_w2r.sync_stage1[3] (net)
                      0.024633    0.000170    0.387826 ^ _1212_/D (sky130_fd_sc_hd__dfrtp_2)
                                              0.387826   data arrival time

                                  0.000000    0.000000   clock rd_clk (rise edge)
                                  0.000000    0.000000   clock source latency
     1    0.014762    0.000000    0.000000    0.000000 ^ rd_clk (in)
                                                         rd_clk (net)
                      0.001946    0.000973    0.000973 ^ clkbuf_0_rd_clk/A (sky130_fd_sc_hd__clkbuf_16)
     4    0.039585    0.044672    0.088119    0.089092 ^ clkbuf_0_rd_clk/X (sky130_fd_sc_hd__clkbuf_16)
                                                         clknet_0_rd_clk (net)
                      0.044856    0.001921    0.091013 ^ clkbuf_2_0__f_rd_clk/A (sky130_fd_sc_hd__clkbuf_16)
     8    0.023131    0.033281    0.090223    0.181236 ^ clkbuf_2_0__f_rd_clk/X (sky130_fd_sc_hd__clkbuf_16)
                                                         clknet_2_0__leaf_rd_clk (net)
                      0.033406    0.001333    0.182568 ^ _1212_/CLK (sky130_fd_sc_hd__dfrtp_2)
                                  0.100000    0.282568   clock uncertainty
                                  0.000000    0.282568   clock reconvergence pessimism
                                 -0.019212    0.263357   library hold time
                                              0.263357   data required time
---------------------------------------------------------------------------------------------
                                              0.263357   data required time
                                             -0.387826   data arrival time
---------------------------------------------------------------------------------------------
                                              0.124469   slack (MET)


Startpoint: _1216_ (rising edge-triggered flip-flop clocked by wr_clk)
Endpoint: _1221_ (rising edge-triggered flip-flop clocked by wr_clk)
Path Group: wr_clk
Path Type: min

Fanout         Cap        Slew       Delay        Time   Description
---------------------------------------------------------------------------------------------
                                  0.000000    0.000000   clock wr_clk (rise edge)
                                  0.000000    0.000000   clock source latency
     1    0.027351    0.000000    0.000000    0.000000 ^ wr_clk (in)
                                                         wr_clk (net)
                      0.002217    0.001109    0.001109 ^ clkbuf_0_wr_clk/A (sky130_fd_sc_hd__clkbuf_16)
    16    0.111526    0.098120    0.123922    0.125030 ^ clkbuf_0_wr_clk/X (sky130_fd_sc_hd__clkbuf_16)
                                                         clknet_0_wr_clk (net)
                      0.098336    0.003823    0.128854 ^ clkbuf_4_15_0_wr_clk/A (sky130_fd_sc_hd__clkbuf_8)
     2    0.019604    0.038072    0.105425    0.234279 ^ clkbuf_4_15_0_wr_clk/X (sky130_fd_sc_hd__clkbuf_8)
                                                         clknet_4_15_0_wr_clk (net)
                      0.038246    0.001834    0.236113 ^ clkbuf_5_31__f_wr_clk/A (sky130_fd_sc_hd__clkbuf_16)
     5    0.015130    0.027981    0.083030    0.319143 ^ clkbuf_5_31__f_wr_clk/X (sky130_fd_sc_hd__clkbuf_16)
                                                         clknet_5_31__leaf_wr_clk (net)
                      0.027992    0.000934    0.320077 ^ _1216_/CLK (sky130_fd_sc_hd__dfrtp_2)
     1    0.002993    0.026493    0.205644    0.525721 ^ _1216_/Q (sky130_fd_sc_hd__dfrtp_2)
                                                         u_sync_r2w.sync_stage1[2] (net)
                      0.026493    0.000199    0.525920 ^ _1221_/D (sky130_fd_sc_hd__dfrtp_2)
                                              0.525920   data arrival time

                                  0.000000    0.000000   clock wr_clk (rise edge)
                                  0.000000    0.000000   clock source latency
     1    0.027351    0.000000    0.000000    0.000000 ^ wr_clk (in)
                                                         wr_clk (net)
                      0.002217    0.001109    0.001109 ^ clkbuf_0_wr_clk/A (sky130_fd_sc_hd__clkbuf_16)
    16    0.111526    0.098120    0.123922    0.125030 ^ clkbuf_0_wr_clk/X (sky130_fd_sc_hd__clkbuf_16)
                                                         clknet_0_wr_clk (net)
                      0.098336    0.003823    0.128854 ^ clkbuf_4_15_0_wr_clk/A (sky130_fd_sc_hd__clkbuf_8)
     2    0.019604    0.038072    0.105425    0.234279 ^ clkbuf_4_15_0_wr_clk/X (sky130_fd_sc_hd__clkbuf_8)
                                                         clknet_4_15_0_wr_clk (net)
                      0.038246    0.001834    0.236113 ^ clkbuf_5_31__f_wr_clk/A (sky130_fd_sc_hd__clkbuf_16)
     5    0.015130    0.027981    0.083030    0.319143 ^ clkbuf_5_31__f_wr_clk/X (sky130_fd_sc_hd__clkbuf_16)
                                                         clknet_5_31__leaf_wr_clk (net)
                      0.027996    0.001132    0.320275 ^ _1221_/CLK (sky130_fd_sc_hd__dfrtp_2)
                                  0.100000    0.420275   clock uncertainty
                                  0.000000    0.420275   clock reconvergence pessimism
                                 -0.019490    0.400785   library hold time
                                              0.400785   data required time
---------------------------------------------------------------------------------------------
                                              0.400785   data required time
                                             -0.525920   data arrival time
---------------------------------------------------------------------------------------------
                                              0.125136   slack (MET)


Startpoint: _1218_ (rising edge-triggered flip-flop clocked by wr_clk)
Endpoint: _1223_ (rising edge-triggered flip-flop clocked by wr_clk)
Path Group: wr_clk
Path Type: min

Fanout         Cap        Slew       Delay        Time   Description
---------------------------------------------------------------------------------------------
                                  0.000000    0.000000   clock wr_clk (rise edge)
                                  0.000000    0.000000   clock source latency
     1    0.027351    0.000000    0.000000    0.000000 ^ wr_clk (in)
                                                         wr_clk (net)
                      0.002217    0.001109    0.001109 ^ clkbuf_0_wr_clk/A (sky130_fd_sc_hd__clkbuf_16)
    16    0.111526    0.098120    0.123922    0.125030 ^ clkbuf_0_wr_clk/X (sky130_fd_sc_hd__clkbuf_16)
                                                         clknet_0_wr_clk (net)
                      0.098338    0.003842    0.128872 ^ clkbuf_4_14_0_wr_clk/A (sky130_fd_sc_hd__clkbuf_8)
     2    0.019680    0.038125    0.105682    0.234554 ^ clkbuf_4_14_0_wr_clk/X (sky130_fd_sc_hd__clkbuf_8)
                                                         clknet_4_14_0_wr_clk (net)
                      0.038183    0.001290    0.235844 ^ clkbuf_5_29__f_wr_clk/A (sky130_fd_sc_hd__clkbuf_16)
     5    0.015367    0.028136    0.083186    0.319029 ^ clkbuf_5_29__f_wr_clk/X (sky130_fd_sc_hd__clkbuf_16)
                                                         clknet_5_29__leaf_wr_clk (net)
                      0.028143    0.000774    0.319804 ^ _1218_/CLK (sky130_fd_sc_hd__dfrtp_2)
     1    0.003151    0.026975    0.206298    0.526102 ^ _1218_/Q (sky130_fd_sc_hd__dfrtp_2)
                                                         u_sync_r2w.sync_stage1[4] (net)
                      0.026975    0.000207    0.526309 ^ _1223_/D (sky130_fd_sc_hd__dfrtp_2)
                                              0.526309   data arrival time

                                  0.000000    0.000000   clock wr_clk (rise edge)
                                  0.000000    0.000000   clock source latency
     1    0.027351    0.000000    0.000000    0.000000 ^ wr_clk (in)
                                                         wr_clk (net)
                      0.002217    0.001109    0.001109 ^ clkbuf_0_wr_clk/A (sky130_fd_sc_hd__clkbuf_16)
    16    0.111526    0.098120    0.123922    0.125030 ^ clkbuf_0_wr_clk/X (sky130_fd_sc_hd__clkbuf_16)
                                                         clknet_0_wr_clk (net)
                      0.098338    0.003842    0.128872 ^ clkbuf_4_14_0_wr_clk/A (sky130_fd_sc_hd__clkbuf_8)
     2    0.019680    0.038125    0.105682    0.234554 ^ clkbuf_4_14_0_wr_clk/X (sky130_fd_sc_hd__clkbuf_8)
                                                         clknet_4_14_0_wr_clk (net)
                      0.038183    0.001290    0.235844 ^ clkbuf_5_29__f_wr_clk/A (sky130_fd_sc_hd__clkbuf_16)
     5    0.015367    0.028136    0.083186    0.319029 ^ clkbuf_5_29__f_wr_clk/X (sky130_fd_sc_hd__clkbuf_16)
                                                         clknet_5_29__leaf_wr_clk (net)
                      0.028150    0.001098    0.320127 ^ _1223_/CLK (sky130_fd_sc_hd__dfrtp_2)
                                  0.100000    0.420127   clock uncertainty
                                  0.000000    0.420127   clock reconvergence pessimism
                                 -0.019522    0.400606   library hold time
                                              0.400606   data required time
---------------------------------------------------------------------------------------------
                                              0.400606   data required time
                                             -0.526309   data arrival time
---------------------------------------------------------------------------------------------
                                              0.125703   slack (MET)


Startpoint: _1204_ (rising edge-triggered flip-flop clocked by rd_clk)
Endpoint: _1209_ (rising edge-triggered flip-flop clocked by rd_clk)
Path Group: rd_clk
Path Type: min

Fanout         Cap        Slew       Delay        Time   Description
---------------------------------------------------------------------------------------------
                                  0.000000    0.000000   clock rd_clk (rise edge)
                                  0.000000    0.000000   clock source latency
     1    0.014762    0.000000    0.000000    0.000000 ^ rd_clk (in)
                                                         rd_clk (net)
                      0.001946    0.000973    0.000973 ^ clkbuf_0_rd_clk/A (sky130_fd_sc_hd__clkbuf_16)
     4    0.039585    0.044672    0.088119    0.089092 ^ clkbuf_0_rd_clk/X (sky130_fd_sc_hd__clkbuf_16)
                                                         clknet_0_rd_clk (net)
                      0.044856    0.001921    0.091013 ^ clkbuf_2_0__f_rd_clk/A (sky130_fd_sc_hd__clkbuf_16)
     8    0.023131    0.033281    0.090223    0.181236 ^ clkbuf_2_0__f_rd_clk/X (sky130_fd_sc_hd__clkbuf_16)
                                                         clknet_2_0__leaf_rd_clk (net)
                      0.033389    0.001188    0.182424 ^ _1204_/CLK (sky130_fd_sc_hd__dfrtp_2)
     1    0.002727    0.025514    0.206254    0.388677 ^ _1204_/Q (sky130_fd_sc_hd__dfrtp_2)
                                                         u_sync_w2r.sync_stage1[0] (net)
                      0.025514    0.000184    0.388862 ^ _1209_/D (sky130_fd_sc_hd__dfrtp_2)
                                              0.388862   data arrival time

                                  0.000000    0.000000   clock rd_clk (rise edge)
                                  0.000000    0.000000   clock source latency
     1    0.014762    0.000000    0.000000    0.000000 ^ rd_clk (in)
                                                         rd_clk (net)
                      0.001946    0.000973    0.000973 ^ clkbuf_0_rd_clk/A (sky130_fd_sc_hd__clkbuf_16)
     4    0.039585    0.044672    0.088119    0.089092 ^ clkbuf_0_rd_clk/X (sky130_fd_sc_hd__clkbuf_16)
                                                         clknet_0_rd_clk (net)
                      0.044856    0.001921    0.091013 ^ clkbuf_2_0__f_rd_clk/A (sky130_fd_sc_hd__clkbuf_16)
     8    0.023131    0.033281    0.090223    0.181236 ^ clkbuf_2_0__f_rd_clk/X (sky130_fd_sc_hd__clkbuf_16)
                                                         clknet_2_0__leaf_rd_clk (net)
                      0.033379    0.001092    0.182328 ^ _1209_/CLK (sky130_fd_sc_hd__dfrtp_2)
                                  0.100000    0.282328   clock uncertainty
                                  0.000000    0.282328   clock reconvergence pessimism
                                 -0.019277    0.263051   library hold time
                                              0.263051   data required time
---------------------------------------------------------------------------------------------
                                              0.263051   data required time
                                             -0.388862   data arrival time
---------------------------------------------------------------------------------------------
                                              0.125811   slack (MET)


Startpoint: _1214_ (rising edge-triggered flip-flop clocked by wr_clk)
Endpoint: _1219_ (rising edge-triggered flip-flop clocked by wr_clk)
Path Group: wr_clk
Path Type: min

Fanout         Cap        Slew       Delay        Time   Description
---------------------------------------------------------------------------------------------
                                  0.000000    0.000000   clock wr_clk (rise edge)
                                  0.000000    0.000000   clock source latency
     1    0.027351    0.000000    0.000000    0.000000 ^ wr_clk (in)
                                                         wr_clk (net)
                      0.002217    0.001109    0.001109 ^ clkbuf_0_wr_clk/A (sky130_fd_sc_hd__clkbuf_16)
    16    0.111526    0.098120    0.123922    0.125030 ^ clkbuf_0_wr_clk/X (sky130_fd_sc_hd__clkbuf_16)
                                                         clknet_0_wr_clk (net)
                      0.098336    0.003823    0.128854 ^ clkbuf_4_15_0_wr_clk/A (sky130_fd_sc_hd__clkbuf_8)
     2    0.019604    0.038072    0.105425    0.234279 ^ clkbuf_4_15_0_wr_clk/X (sky130_fd_sc_hd__clkbuf_8)
                                                         clknet_4_15_0_wr_clk (net)
                      0.038142    0.001431    0.235710 ^ clkbuf_5_30__f_wr_clk/A (sky130_fd_sc_hd__clkbuf_16)
     5    0.013833    0.027101    0.082187    0.317897 ^ clkbuf_5_30__f_wr_clk/X (sky130_fd_sc_hd__clkbuf_16)
                                                         clknet_5_30__leaf_wr_clk (net)
                      0.027102    0.000684    0.318582 ^ _1214_/CLK (sky130_fd_sc_hd__dfrtp_2)
     1    0.003592    0.028344    0.207676    0.526258 ^ _1214_/Q (sky130_fd_sc_hd__dfrtp_2)
                                                         u_sync_r2w.sync_stage1[0] (net)
                      0.028344    0.000234    0.526492 ^ _1219_/D (sky130_fd_sc_hd__dfrtp_2)
                                              0.526492   data arrival time

                                  0.000000    0.000000   clock wr_clk (rise edge)
                                  0.000000    0.000000   clock source latency
     1    0.027351    0.000000    0.000000    0.000000 ^ wr_clk (in)
                                                         wr_clk (net)
                      0.002217    0.001109    0.001109 ^ clkbuf_0_wr_clk/A (sky130_fd_sc_hd__clkbuf_16)
    16    0.111526    0.098120    0.123922    0.125030 ^ clkbuf_0_wr_clk/X (sky130_fd_sc_hd__clkbuf_16)
                                                         clknet_0_wr_clk (net)
                      0.098336    0.003823    0.128854 ^ clkbuf_4_15_0_wr_clk/A (sky130_fd_sc_hd__clkbuf_8)
     2    0.019604    0.038072    0.105425    0.234279 ^ clkbuf_4_15_0_wr_clk/X (sky130_fd_sc_hd__clkbuf_8)
                                                         clknet_4_15_0_wr_clk (net)
                      0.038142    0.001431    0.235710 ^ clkbuf_5_30__f_wr_clk/A (sky130_fd_sc_hd__clkbuf_16)
     5    0.013833    0.027101    0.082187    0.317897 ^ clkbuf_5_30__f_wr_clk/X (sky130_fd_sc_hd__clkbuf_16)
                                                         clknet_5_30__leaf_wr_clk (net)
                      0.027103    0.000756    0.318654 ^ _1219_/CLK (sky130_fd_sc_hd__dfrtp_2)
                                  0.100000    0.418654   clock uncertainty
                                  0.000000    0.418654   clock reconvergence pessimism
                                 -0.019650    0.399004   library hold time
                                              0.399004   data required time
---------------------------------------------------------------------------------------------
                                              0.399004   data required time
                                             -0.526492   data arrival time
---------------------------------------------------------------------------------------------
                                              0.127488   slack (MET)


Startpoint: _1208_ (rising edge-triggered flip-flop clocked by rd_clk)
Endpoint: _1213_ (rising edge-triggered flip-flop clocked by rd_clk)
Path Group: rd_clk
Path Type: min

Fanout         Cap        Slew       Delay        Time   Description
---------------------------------------------------------------------------------------------
                                  0.000000    0.000000   clock rd_clk (rise edge)
                                  0.000000    0.000000   clock source latency
     1    0.014762    0.000000    0.000000    0.000000 ^ rd_clk (in)
                                                         rd_clk (net)
                      0.001946    0.000973    0.000973 ^ clkbuf_0_rd_clk/A (sky130_fd_sc_hd__clkbuf_16)
     4    0.039585    0.044672    0.088119    0.089092 ^ clkbuf_0_rd_clk/X (sky130_fd_sc_hd__clkbuf_16)
                                                         clknet_0_rd_clk (net)
                      0.044856    0.001921    0.091013 ^ clkbuf_2_0__f_rd_clk/A (sky130_fd_sc_hd__clkbuf_16)
     8    0.023131    0.033281    0.090223    0.181236 ^ clkbuf_2_0__f_rd_clk/X (sky130_fd_sc_hd__clkbuf_16)
                                                         clknet_2_0__leaf_rd_clk (net)
                      0.033398    0.001267    0.182503 ^ _1208_/CLK (sky130_fd_sc_hd__dfrtp_2)
     1    0.004146    0.030199    0.211692    0.394195 ^ _1208_/Q (sky130_fd_sc_hd__dfrtp_2)
                                                         u_sync_w2r.sync_stage1[4] (net)
                      0.030203    0.000269    0.394464 ^ _1213_/D (sky130_fd_sc_hd__dfrtp_2)
                                              0.394464   data arrival time

                                  0.000000    0.000000   clock rd_clk (rise edge)
                                  0.000000    0.000000   clock source latency
     1    0.014762    0.000000    0.000000    0.000000 ^ rd_clk (in)
                                                         rd_clk (net)
                      0.001946    0.000973    0.000973 ^ clkbuf_0_rd_clk/A (sky130_fd_sc_hd__clkbuf_16)
     4    0.039585    0.044672    0.088119    0.089092 ^ clkbuf_0_rd_clk/X (sky130_fd_sc_hd__clkbuf_16)
                                                         clknet_0_rd_clk (net)
                      0.044890    0.002168    0.091260 ^ clkbuf_2_3__f_rd_clk/A (sky130_fd_sc_hd__clkbuf_16)
     7    0.028137    0.036922    0.093564    0.184824 ^ clkbuf_2_3__f_rd_clk/X (sky130_fd_sc_hd__clkbuf_16)
                                                         clknet_2_3__leaf_rd_clk (net)
                      0.037004    0.001476    0.186299 ^ _1213_/CLK (sky130_fd_sc_hd__dfrtp_2)
                                  0.100000    0.286299   clock uncertainty
                                  0.000000    0.286299   clock reconvergence pessimism
                                 -0.019525    0.266774   library hold time
                                              0.266774   data required time
---------------------------------------------------------------------------------------------
                                              0.266774   data required time
                                             -0.394464   data arrival time
---------------------------------------------------------------------------------------------
                                              0.127690   slack (MET)


Startpoint: _1206_ (rising edge-triggered flip-flop clocked by rd_clk)
Endpoint: _1211_ (rising edge-triggered flip-flop clocked by rd_clk)
Path Group: rd_clk
Path Type: min

Fanout         Cap        Slew       Delay        Time   Description
---------------------------------------------------------------------------------------------
                                  0.000000    0.000000   clock rd_clk (rise edge)
                                  0.000000    0.000000   clock source latency
     1    0.014762    0.000000    0.000000    0.000000 ^ rd_clk (in)
                                                         rd_clk (net)
                      0.001946    0.000973    0.000973 ^ clkbuf_0_rd_clk/A (sky130_fd_sc_hd__clkbuf_16)
     4    0.039585    0.044672    0.088119    0.089092 ^ clkbuf_0_rd_clk/X (sky130_fd_sc_hd__clkbuf_16)
                                                         clknet_0_rd_clk (net)
                      0.044861    0.001963    0.091055 ^ clkbuf_2_1__f_rd_clk/A (sky130_fd_sc_hd__clkbuf_16)
     7    0.021526    0.032227    0.089221    0.180276 ^ clkbuf_2_1__f_rd_clk/X (sky130_fd_sc_hd__clkbuf_16)
                                                         clknet_2_1__leaf_rd_clk (net)
                      0.032276    0.001122    0.181398 ^ _1206_/CLK (sky130_fd_sc_hd__dfrtp_2)
     1    0.003640    0.028499    0.209419    0.390816 ^ _1206_/Q (sky130_fd_sc_hd__dfrtp_2)
                                                         u_sync_w2r.sync_stage1[2] (net)
                      0.028499    0.000238    0.391054 ^ _1211_/D (sky130_fd_sc_hd__dfrtp_2)
                                              0.391054   data arrival time

                                  0.000000    0.000000   clock rd_clk (rise edge)
                                  0.000000    0.000000   clock source latency
     1    0.014762    0.000000    0.000000    0.000000 ^ rd_clk (in)
                                                         rd_clk (net)
                      0.001946    0.000973    0.000973 ^ clkbuf_0_rd_clk/A (sky130_fd_sc_hd__clkbuf_16)
     4    0.039585    0.044672    0.088119    0.089092 ^ clkbuf_0_rd_clk/X (sky130_fd_sc_hd__clkbuf_16)
                                                         clknet_0_rd_clk (net)
                      0.044861    0.001963    0.091055 ^ clkbuf_2_1__f_rd_clk/A (sky130_fd_sc_hd__clkbuf_16)
     7    0.021526    0.032227    0.089221    0.180276 ^ clkbuf_2_1__f_rd_clk/X (sky130_fd_sc_hd__clkbuf_16)
                                                         clknet_2_1__leaf_rd_clk (net)
                      0.032272    0.001080    0.181356 ^ _1211_/CLK (sky130_fd_sc_hd__dfrtp_2)
                                  0.100000    0.281356   clock uncertainty
                                  0.000000    0.281356   clock reconvergence pessimism
                                 -0.019525    0.261831   library hold time
                                              0.261831   data required time
---------------------------------------------------------------------------------------------
                                              0.261831   data required time
                                             -0.391054   data arrival time
---------------------------------------------------------------------------------------------
                                              0.129223   slack (MET)


Startpoint: _1202_ (rising edge-triggered flip-flop clocked by rd_clk)
Endpoint: _1203_ (rising edge-triggered flip-flop clocked by rd_clk)
Path Group: rd_clk
Path Type: min

Fanout         Cap        Slew       Delay        Time   Description
---------------------------------------------------------------------------------------------
                                  0.000000    0.000000   clock rd_clk (rise edge)
                                  0.000000    0.000000   clock source latency
     1    0.014762    0.000000    0.000000    0.000000 ^ rd_clk (in)
                                                         rd_clk (net)
                      0.001946    0.000973    0.000973 ^ clkbuf_0_rd_clk/A (sky130_fd_sc_hd__clkbuf_16)
     4    0.039585    0.044672    0.088119    0.089092 ^ clkbuf_0_rd_clk/X (sky130_fd_sc_hd__clkbuf_16)
                                                         clknet_0_rd_clk (net)
                      0.044890    0.002168    0.091260 ^ clkbuf_2_3__f_rd_clk/A (sky130_fd_sc_hd__clkbuf_16)
     7    0.028137    0.036922    0.093564    0.184824 ^ clkbuf_2_3__f_rd_clk/X (sky130_fd_sc_hd__clkbuf_16)
                                                         clknet_2_3__leaf_rd_clk (net)
                      0.036986    0.001323    0.186147 ^ _1202_/CLK (sky130_fd_sc_hd__dfrtp_2)
     1    0.003517    0.028108    0.210335    0.396482 ^ _1202_/Q (sky130_fd_sc_hd__dfrtp_2)
                                                         u_rd_reset_sync.sync_ff1 (net)
                      0.028108    0.000269    0.396751 ^ _1203_/D (sky130_fd_sc_hd__dfrtp_2)
                                              0.396751   data arrival time

                                  0.000000    0.000000   clock rd_clk (rise edge)
                                  0.000000    0.000000   clock source latency
     1    0.014762    0.000000    0.000000    0.000000 ^ rd_clk (in)
                                                         rd_clk (net)
                      0.001946    0.000973    0.000973 ^ clkbuf_0_rd_clk/A (sky130_fd_sc_hd__clkbuf_16)
     4    0.039585    0.044672    0.088119    0.089092 ^ clkbuf_0_rd_clk/X (sky130_fd_sc_hd__clkbuf_16)
                                                         clknet_0_rd_clk (net)
                      0.044890    0.002168    0.091260 ^ clkbuf_2_3__f_rd_clk/A (sky130_fd_sc_hd__clkbuf_16)
     7    0.028137    0.036922    0.093564    0.184824 ^ clkbuf_2_3__f_rd_clk/X (sky130_fd_sc_hd__clkbuf_16)
                                                         clknet_2_3__leaf_rd_clk (net)
                      0.037003    0.001470    0.186294 ^ _1203_/CLK (sky130_fd_sc_hd__dfrtp_2)
                                  0.100000    0.286294   clock uncertainty
                                  0.000000    0.286294   clock reconvergence pessimism
                                 -0.019372    0.266922   library hold time
                                              0.266922   data required time
---------------------------------------------------------------------------------------------
                                              0.266922   data required time
                                             -0.396751   data arrival time
---------------------------------------------------------------------------------------------
                                              0.129829   slack (MET)


Startpoint: _1200_ (rising edge-triggered flip-flop clocked by wr_clk)
Endpoint: _1201_ (rising edge-triggered flip-flop clocked by wr_clk)
Path Group: wr_clk
Path Type: min

Fanout         Cap        Slew       Delay        Time   Description
---------------------------------------------------------------------------------------------
                                  0.000000    0.000000   clock wr_clk (rise edge)
                                  0.000000    0.000000   clock source latency
     1    0.027351    0.000000    0.000000    0.000000 ^ wr_clk (in)
                                                         wr_clk (net)
                      0.002217    0.001109    0.001109 ^ clkbuf_0_wr_clk/A (sky130_fd_sc_hd__clkbuf_16)
    16    0.111526    0.098120    0.123922    0.125030 ^ clkbuf_0_wr_clk/X (sky130_fd_sc_hd__clkbuf_16)
                                                         clknet_0_wr_clk (net)
                      0.098550    0.005286    0.130316 ^ clkbuf_4_10_0_wr_clk/A (sky130_fd_sc_hd__clkbuf_8)
     2    0.019905    0.038266    0.106055    0.236371 ^ clkbuf_4_10_0_wr_clk/X (sky130_fd_sc_hd__clkbuf_8)
                                                         clknet_4_10_0_wr_clk (net)
                      0.038308    0.001108    0.237479 ^ clkbuf_5_21__f_wr_clk/A (sky130_fd_sc_hd__clkbuf_16)
     6    0.021161    0.031945    0.086860    0.324339 ^ clkbuf_5_21__f_wr_clk/X (sky130_fd_sc_hd__clkbuf_16)
                                                         clknet_5_21__leaf_wr_clk (net)
                      0.032141    0.002056    0.326395 ^ _1200_/CLK (sky130_fd_sc_hd__dfrtp_2)
     1    0.003865    0.029245    0.210218    0.536613 ^ _1200_/Q (sky130_fd_sc_hd__dfrtp_2)
                                                         u_wr_reset_sync.sync_ff1 (net)
                      0.029245    0.000275    0.536888 ^ _1201_/D (sky130_fd_sc_hd__dfrtp_2)
                                              0.536888   data arrival time

                                  0.000000    0.000000   clock wr_clk (rise edge)
                                  0.000000    0.000000   clock source latency
     1    0.027351    0.000000    0.000000    0.000000 ^ wr_clk (in)
                                                         wr_clk (net)
                      0.002217    0.001109    0.001109 ^ clkbuf_0_wr_clk/A (sky130_fd_sc_hd__clkbuf_16)
    16    0.111526    0.098120    0.123922    0.125030 ^ clkbuf_0_wr_clk/X (sky130_fd_sc_hd__clkbuf_16)
                                                         clknet_0_wr_clk (net)
                      0.098550    0.005286    0.130316 ^ clkbuf_4_10_0_wr_clk/A (sky130_fd_sc_hd__clkbuf_8)
     2    0.019905    0.038266    0.106055    0.236371 ^ clkbuf_4_10_0_wr_clk/X (sky130_fd_sc_hd__clkbuf_8)
                                                         clknet_4_10_0_wr_clk (net)
                      0.038308    0.001108    0.237479 ^ clkbuf_5_21__f_wr_clk/A (sky130_fd_sc_hd__clkbuf_16)
     6    0.021161    0.031945    0.086860    0.324339 ^ clkbuf_5_21__f_wr_clk/X (sky130_fd_sc_hd__clkbuf_16)
                                                         clknet_5_21__leaf_wr_clk (net)
                      0.032163    0.002195    0.326534 ^ _1201_/CLK (sky130_fd_sc_hd__dfrtp_2)
                                  0.100000    0.426534   clock uncertainty
                                  0.000000    0.426534   clock reconvergence pessimism
                                 -0.019582    0.406952   library hold time
                                              0.406952   data required time
---------------------------------------------------------------------------------------------
                                              0.406952   data required time
                                             -0.536888   data arrival time
---------------------------------------------------------------------------------------------
                                              0.129936   slack (MET)


Startpoint: _1215_ (rising edge-triggered flip-flop clocked by wr_clk)
Endpoint: _1220_ (rising edge-triggered flip-flop clocked by wr_clk)
Path Group: wr_clk
Path Type: min

Fanout         Cap        Slew       Delay        Time   Description
---------------------------------------------------------------------------------------------
                                  0.000000    0.000000   clock wr_clk (rise edge)
                                  0.000000    0.000000   clock source latency
     1    0.027351    0.000000    0.000000    0.000000 ^ wr_clk (in)
                                                         wr_clk (net)
                      0.002217    0.001109    0.001109 ^ clkbuf_0_wr_clk/A (sky130_fd_sc_hd__clkbuf_16)
    16    0.111526    0.098120    0.123922    0.125030 ^ clkbuf_0_wr_clk/X (sky130_fd_sc_hd__clkbuf_16)
                                                         clknet_0_wr_clk (net)
                      0.098124    0.000576    0.125606 ^ clkbuf_4_12_0_wr_clk/A (sky130_fd_sc_hd__clkbuf_8)
     2    0.020414    0.038981    0.106337    0.231943 ^ clkbuf_4_12_0_wr_clk/X (sky130_fd_sc_hd__clkbuf_8)
                                                         clknet_4_12_0_wr_clk (net)
                      0.039053    0.001448    0.233390 ^ clkbuf_5_25__f_wr_clk/A (sky130_fd_sc_hd__clkbuf_16)
     6    0.024267    0.034113    0.089306    0.322696 ^ clkbuf_5_25__f_wr_clk/X (sky130_fd_sc_hd__clkbuf_16)
                                                         clknet_5_25__leaf_wr_clk (net)
                      0.034179    0.001253    0.323949 ^ _1215_/CLK (sky130_fd_sc_hd__dfrtp_2)
     1    0.004146    0.030198    0.211906    0.535855 ^ _1215_/Q (sky130_fd_sc_hd__dfrtp_2)
                                                         u_sync_r2w.sync_stage1[1] (net)
                      0.030204    0.000302    0.536157 ^ _1220_/D (sky130_fd_sc_hd__dfrtp_2)
                                              0.536157   data arrival time

                                  0.000000    0.000000   clock wr_clk (rise edge)
                                  0.000000    0.000000   clock source latency
     1    0.027351    0.000000    0.000000    0.000000 ^ wr_clk (in)
                                                         wr_clk (net)
                      0.002217    0.001109    0.001109 ^ clkbuf_0_wr_clk/A (sky130_fd_sc_hd__clkbuf_16)
    16    0.111526    0.098120    0.123922    0.125030 ^ clkbuf_0_wr_clk/X (sky130_fd_sc_hd__clkbuf_16)
                                                         clknet_0_wr_clk (net)
                      0.098338    0.003842    0.128872 ^ clkbuf_4_14_0_wr_clk/A (sky130_fd_sc_hd__clkbuf_8)
     2    0.019680    0.038125    0.105682    0.234554 ^ clkbuf_4_14_0_wr_clk/X (sky130_fd_sc_hd__clkbuf_8)
                                                         clknet_4_14_0_wr_clk (net)
                      0.038176    0.001218    0.235772 ^ clkbuf_5_28__f_wr_clk/A (sky130_fd_sc_hd__clkbuf_16)
     5    0.023306    0.033331    0.088619    0.324391 ^ clkbuf_5_28__f_wr_clk/X (sky130_fd_sc_hd__clkbuf_16)
                                                         clknet_5_28__leaf_wr_clk (net)
                      0.033383    0.000822    0.325213 ^ _1220_/CLK (sky130_fd_sc_hd__dfrtp_2)
                                  0.100000    0.425213   clock uncertainty
                                  0.000000    0.425213   clock reconvergence pessimism
                                 -0.019620    0.405593   library hold time
                                              0.405593   data required time
---------------------------------------------------------------------------------------------
                                              0.405593   data required time
                                             -0.536157   data arrival time
---------------------------------------------------------------------------------------------
                                              0.130564   slack (MET)


Startpoint: _1205_ (rising edge-triggered flip-flop clocked by rd_clk)
Endpoint: _1210_ (rising edge-triggered flip-flop clocked by rd_clk)
Path Group: rd_clk
Path Type: min

Fanout         Cap        Slew       Delay        Time   Description
---------------------------------------------------------------------------------------------
                                  0.000000    0.000000   clock rd_clk (rise edge)
                                  0.000000    0.000000   clock source latency
     1    0.014762    0.000000    0.000000    0.000000 ^ rd_clk (in)
                                                         rd_clk (net)
                      0.001946    0.000973    0.000973 ^ clkbuf_0_rd_clk/A (sky130_fd_sc_hd__clkbuf_16)
     4    0.039585    0.044672    0.088119    0.089092 ^ clkbuf_0_rd_clk/X (sky130_fd_sc_hd__clkbuf_16)
                                                         clknet_0_rd_clk (net)
                      0.044861    0.001963    0.091055 ^ clkbuf_2_1__f_rd_clk/A (sky130_fd_sc_hd__clkbuf_16)
     7    0.021526    0.032227    0.089221    0.180276 ^ clkbuf_2_1__f_rd_clk/X (sky130_fd_sc_hd__clkbuf_16)
                                                         clknet_2_1__leaf_rd_clk (net)
                      0.032273    0.001099    0.181374 ^ _1205_/CLK (sky130_fd_sc_hd__dfrtp_2)
     1    0.005931    0.035815    0.217048    0.398422 ^ _1205_/Q (sky130_fd_sc_hd__dfrtp_2)
                                                         u_sync_w2r.sync_stage1[1] (net)
                      0.035817    0.000436    0.398858 ^ _1210_/D (sky130_fd_sc_hd__dfrtp_2)
                                              0.398858   data arrival time

                                  0.000000    0.000000   clock rd_clk (rise edge)
                                  0.000000    0.000000   clock source latency
     1    0.014762    0.000000    0.000000    0.000000 ^ rd_clk (in)
                                                         rd_clk (net)
                      0.001946    0.000973    0.000973 ^ clkbuf_0_rd_clk/A (sky130_fd_sc_hd__clkbuf_16)
     4    0.039585    0.044672    0.088119    0.089092 ^ clkbuf_0_rd_clk/X (sky130_fd_sc_hd__clkbuf_16)
                                                         clknet_0_rd_clk (net)
                      0.044861    0.001963    0.091055 ^ clkbuf_2_1__f_rd_clk/A (sky130_fd_sc_hd__clkbuf_16)
     7    0.021526    0.032227    0.089221    0.180276 ^ clkbuf_2_1__f_rd_clk/X (sky130_fd_sc_hd__clkbuf_16)
                                                         clknet_2_1__leaf_rd_clk (net)
                      0.032256    0.000906    0.181182 ^ _1210_/CLK (sky130_fd_sc_hd__dfrtp_2)
                                  0.100000    0.281182   clock uncertainty
                                  0.000000    0.281182   clock reconvergence pessimism
                                 -0.020061    0.261121   library hold time
                                              0.261121   data required time
---------------------------------------------------------------------------------------------
                                              0.261121   data required time
                                             -0.398858   data arrival time
---------------------------------------------------------------------------------------------
                                              0.137737   slack (MET)


Startpoint: _1201_ (rising edge-triggered flip-flop clocked by wr_clk)
Endpoint: _1195_ (removal check against rising-edge clock wr_clk)
Path Group: asynchronous
Path Type: min

Fanout         Cap        Slew       Delay        Time   Description
---------------------------------------------------------------------------------------------
                                  0.000000    0.000000   clock wr_clk (rise edge)
                                  0.000000    0.000000   clock source latency
     1    0.027351    0.000000    0.000000    0.000000 ^ wr_clk (in)
                                                         wr_clk (net)
                      0.002217    0.001109    0.001109 ^ clkbuf_0_wr_clk/A (sky130_fd_sc_hd__clkbuf_16)
    16    0.111526    0.098120    0.123922    0.125030 ^ clkbuf_0_wr_clk/X (sky130_fd_sc_hd__clkbuf_16)
                                                         clknet_0_wr_clk (net)
                      0.098550    0.005286    0.130316 ^ clkbuf_4_10_0_wr_clk/A (sky130_fd_sc_hd__clkbuf_8)
     2    0.019905    0.038266    0.106055    0.236371 ^ clkbuf_4_10_0_wr_clk/X (sky130_fd_sc_hd__clkbuf_8)
                                                         clknet_4_10_0_wr_clk (net)
                      0.038308    0.001108    0.237479 ^ clkbuf_5_21__f_wr_clk/A (sky130_fd_sc_hd__clkbuf_16)
     6    0.021161    0.031945    0.086860    0.324339 ^ clkbuf_5_21__f_wr_clk/X (sky130_fd_sc_hd__clkbuf_16)
                                                         clknet_5_21__leaf_wr_clk (net)
                      0.032163    0.002195    0.326534 ^ _1201_/CLK (sky130_fd_sc_hd__dfrtp_2)
     1    0.003589    0.028335    0.209180    0.535715 ^ _1201_/Q (sky130_fd_sc_hd__dfrtp_2)
                                                         u_wr_reset_sync.sync_ff2 (net)
                      0.028335    0.000240    0.535954 ^ fanout80/A (sky130_fd_sc_hd__clkdlybuf4s25_1)
     7    0.042237    0.318350    0.355474    0.891428 ^ fanout80/X (sky130_fd_sc_hd__clkdlybuf4s25_1)
                                                         net80 (net)
                      0.318372    0.002254    0.893682 ^ _1195_/RESET_B (sky130_fd_sc_hd__dfrtp_2)
                                              0.893682   data arrival time

                                  0.000000    0.000000   clock wr_clk (rise edge)
                                  0.000000    0.000000   clock source latency
     1    0.027351    0.000000    0.000000    0.000000 ^ wr_clk (in)
                                                         wr_clk (net)
                      0.002217    0.001109    0.001109 ^ clkbuf_0_wr_clk/A (sky130_fd_sc_hd__clkbuf_16)
    16    0.111526    0.098120    0.123922    0.125030 ^ clkbuf_0_wr_clk/X (sky130_fd_sc_hd__clkbuf_16)
                                                         clknet_0_wr_clk (net)
                      0.098550    0.005286    0.130316 ^ clkbuf_4_10_0_wr_clk/A (sky130_fd_sc_hd__clkbuf_8)
     2    0.019905    0.038266    0.106055    0.236371 ^ clkbuf_4_10_0_wr_clk/X (sky130_fd_sc_hd__clkbuf_8)
                                                         clknet_4_10_0_wr_clk (net)
                      0.038308    0.001108    0.237479 ^ clkbuf_5_21__f_wr_clk/A (sky130_fd_sc_hd__clkbuf_16)
     6    0.021161    0.031945    0.086860    0.324339 ^ clkbuf_5_21__f_wr_clk/X (sky130_fd_sc_hd__clkbuf_16)
                                                         clknet_5_21__leaf_wr_clk (net)
                      0.032169    0.002232    0.326571 ^ _1195_/CLK (sky130_fd_sc_hd__dfrtp_2)
                                  0.100000    0.426571   clock uncertainty
                                  0.000000    0.426571   clock reconvergence pessimism
                                  0.272013    0.698584   library removal time
                                              0.698584   data required time
---------------------------------------------------------------------------------------------
                                              0.698584   data required time
                                             -0.893682   data arrival time
---------------------------------------------------------------------------------------------
                                              0.195098   slack (MET)


Startpoint: _1201_ (rising edge-triggered flip-flop clocked by wr_clk)
Endpoint: _1199_ (removal check against rising-edge clock wr_clk)
Path Group: asynchronous
Path Type: min

Fanout         Cap        Slew       Delay        Time   Description
---------------------------------------------------------------------------------------------
                                  0.000000    0.000000   clock wr_clk (rise edge)
                                  0.000000    0.000000   clock source latency
     1    0.027351    0.000000    0.000000    0.000000 ^ wr_clk (in)
                                                         wr_clk (net)
                      0.002217    0.001109    0.001109 ^ clkbuf_0_wr_clk/A (sky130_fd_sc_hd__clkbuf_16)
    16    0.111526    0.098120    0.123922    0.125030 ^ clkbuf_0_wr_clk/X (sky130_fd_sc_hd__clkbuf_16)
                                                         clknet_0_wr_clk (net)
                      0.098550    0.005286    0.130316 ^ clkbuf_4_10_0_wr_clk/A (sky130_fd_sc_hd__clkbuf_8)
     2    0.019905    0.038266    0.106055    0.236371 ^ clkbuf_4_10_0_wr_clk/X (sky130_fd_sc_hd__clkbuf_8)
                                                         clknet_4_10_0_wr_clk (net)
                      0.038308    0.001108    0.237479 ^ clkbuf_5_21__f_wr_clk/A (sky130_fd_sc_hd__clkbuf_16)
     6    0.021161    0.031945    0.086860    0.324339 ^ clkbuf_5_21__f_wr_clk/X (sky130_fd_sc_hd__clkbuf_16)
                                                         clknet_5_21__leaf_wr_clk (net)
                      0.032163    0.002195    0.326534 ^ _1201_/CLK (sky130_fd_sc_hd__dfrtp_2)
     1    0.003589    0.028335    0.209180    0.535715 ^ _1201_/Q (sky130_fd_sc_hd__dfrtp_2)
                                                         u_wr_reset_sync.sync_ff2 (net)
                      0.028335    0.000240    0.535954 ^ fanout80/A (sky130_fd_sc_hd__clkdlybuf4s25_1)
     7    0.042237    0.318350    0.355474    0.891428 ^ fanout80/X (sky130_fd_sc_hd__clkdlybuf4s25_1)
                                                         net80 (net)
                      0.318423    0.004014    0.895442 ^ _1199_/RESET_B (sky130_fd_sc_hd__dfrtp_2)
                                              0.895442   data arrival time

                                  0.000000    0.000000   clock wr_clk (rise edge)
                                  0.000000    0.000000   clock source latency
     1    0.027351    0.000000    0.000000    0.000000 ^ wr_clk (in)
                                                         wr_clk (net)
                      0.002217    0.001109    0.001109 ^ clkbuf_0_wr_clk/A (sky130_fd_sc_hd__clkbuf_16)
    16    0.111526    0.098120    0.123922    0.125030 ^ clkbuf_0_wr_clk/X (sky130_fd_sc_hd__clkbuf_16)
                                                         clknet_0_wr_clk (net)
                      0.098550    0.005286    0.130316 ^ clkbuf_4_10_0_wr_clk/A (sky130_fd_sc_hd__clkbuf_8)
     2    0.019905    0.038266    0.106055    0.236371 ^ clkbuf_4_10_0_wr_clk/X (sky130_fd_sc_hd__clkbuf_8)
                                                         clknet_4_10_0_wr_clk (net)
                      0.038308    0.001108    0.237479 ^ clkbuf_5_21__f_wr_clk/A (sky130_fd_sc_hd__clkbuf_16)
     6    0.021161    0.031945    0.086860    0.324339 ^ clkbuf_5_21__f_wr_clk/X (sky130_fd_sc_hd__clkbuf_16)
                                                         clknet_5_21__leaf_wr_clk (net)
                      0.032128    0.001974    0.326313 ^ _1199_/CLK (sky130_fd_sc_hd__dfrtp_2)
                                  0.100000    0.426313   clock uncertainty
                                  0.000000    0.426313   clock reconvergence pessimism
                                  0.272020    0.698333   library removal time
                                              0.698333   data required time
---------------------------------------------------------------------------------------------
                                              0.698333   data required time
                                             -0.895442   data arrival time
---------------------------------------------------------------------------------------------
                                              0.197109   slack (MET)


Startpoint: _1201_ (rising edge-triggered flip-flop clocked by wr_clk)
Endpoint: _1198_ (removal check against rising-edge clock wr_clk)
Path Group: asynchronous
Path Type: min

Fanout         Cap        Slew       Delay        Time   Description
---------------------------------------------------------------------------------------------
                                  0.000000    0.000000   clock wr_clk (rise edge)
                                  0.000000    0.000000   clock source latency
     1    0.027351    0.000000    0.000000    0.000000 ^ wr_clk (in)
                                                         wr_clk (net)
                      0.002217    0.001109    0.001109 ^ clkbuf_0_wr_clk/A (sky130_fd_sc_hd__clkbuf_16)
    16    0.111526    0.098120    0.123922    0.125030 ^ clkbuf_0_wr_clk/X (sky130_fd_sc_hd__clkbuf_16)
                                                         clknet_0_wr_clk (net)
                      0.098550    0.005286    0.130316 ^ clkbuf_4_10_0_wr_clk/A (sky130_fd_sc_hd__clkbuf_8)
     2    0.019905    0.038266    0.106055    0.236371 ^ clkbuf_4_10_0_wr_clk/X (sky130_fd_sc_hd__clkbuf_8)
                                                         clknet_4_10_0_wr_clk (net)
                      0.038308    0.001108    0.237479 ^ clkbuf_5_21__f_wr_clk/A (sky130_fd_sc_hd__clkbuf_16)
     6    0.021161    0.031945    0.086860    0.324339 ^ clkbuf_5_21__f_wr_clk/X (sky130_fd_sc_hd__clkbuf_16)
                                                         clknet_5_21__leaf_wr_clk (net)
                      0.032163    0.002195    0.326534 ^ _1201_/CLK (sky130_fd_sc_hd__dfrtp_2)
     1    0.003589    0.028335    0.209180    0.535715 ^ _1201_/Q (sky130_fd_sc_hd__dfrtp_2)
                                                         u_wr_reset_sync.sync_ff2 (net)
                      0.028335    0.000240    0.535954 ^ fanout80/A (sky130_fd_sc_hd__clkdlybuf4s25_1)
     7    0.042237    0.318350    0.355474    0.891428 ^ fanout80/X (sky130_fd_sc_hd__clkdlybuf4s25_1)
                                                         net80 (net)
                      0.318456    0.004833    0.896261 ^ _1198_/RESET_B (sky130_fd_sc_hd__dfrtp_2)
                                              0.896261   data arrival time

                                  0.000000    0.000000   clock wr_clk (rise edge)
                                  0.000000    0.000000   clock source latency
     1    0.027351    0.000000    0.000000    0.000000 ^ wr_clk (in)
                                                         wr_clk (net)
                      0.002217    0.001109    0.001109 ^ clkbuf_0_wr_clk/A (sky130_fd_sc_hd__clkbuf_16)
    16    0.111526    0.098120    0.123922    0.125030 ^ clkbuf_0_wr_clk/X (sky130_fd_sc_hd__clkbuf_16)
                                                         clknet_0_wr_clk (net)
                      0.098550    0.005286    0.130316 ^ clkbuf_4_10_0_wr_clk/A (sky130_fd_sc_hd__clkbuf_8)
     2    0.019905    0.038266    0.106055    0.236371 ^ clkbuf_4_10_0_wr_clk/X (sky130_fd_sc_hd__clkbuf_8)
                                                         clknet_4_10_0_wr_clk (net)
                      0.038308    0.001108    0.237479 ^ clkbuf_5_21__f_wr_clk/A (sky130_fd_sc_hd__clkbuf_16)
     6    0.021161    0.031945    0.086860    0.324339 ^ clkbuf_5_21__f_wr_clk/X (sky130_fd_sc_hd__clkbuf_16)
                                                         clknet_5_21__leaf_wr_clk (net)
                      0.032103    0.001804    0.326143 ^ _1198_/CLK (sky130_fd_sc_hd__dfrtp_2)
                                  0.100000    0.426143   clock uncertainty
                                  0.000000    0.426143   clock reconvergence pessimism
                                  0.272026    0.698169   library removal time
                                              0.698169   data required time
---------------------------------------------------------------------------------------------
                                              0.698169   data required time
                                             -0.896261   data arrival time
---------------------------------------------------------------------------------------------
                                              0.198093   slack (MET)


Startpoint: _1201_ (rising edge-triggered flip-flop clocked by wr_clk)
Endpoint: _1229_ (removal check against rising-edge clock wr_clk)
Path Group: asynchronous
Path Type: min

Fanout         Cap        Slew       Delay        Time   Description
---------------------------------------------------------------------------------------------
                                  0.000000    0.000000   clock wr_clk (rise edge)
                                  0.000000    0.000000   clock source latency
     1    0.027351    0.000000    0.000000    0.000000 ^ wr_clk (in)
                                                         wr_clk (net)
                      0.002217    0.001109    0.001109 ^ clkbuf_0_wr_clk/A (sky130_fd_sc_hd__clkbuf_16)
    16    0.111526    0.098120    0.123922    0.125030 ^ clkbuf_0_wr_clk/X (sky130_fd_sc_hd__clkbuf_16)
                                                         clknet_0_wr_clk (net)
                      0.098550    0.005286    0.130316 ^ clkbuf_4_10_0_wr_clk/A (sky130_fd_sc_hd__clkbuf_8)
     2    0.019905    0.038266    0.106055    0.236371 ^ clkbuf_4_10_0_wr_clk/X (sky130_fd_sc_hd__clkbuf_8)
                                                         clknet_4_10_0_wr_clk (net)
                      0.038308    0.001108    0.237479 ^ clkbuf_5_21__f_wr_clk/A (sky130_fd_sc_hd__clkbuf_16)
     6    0.021161    0.031945    0.086860    0.324339 ^ clkbuf_5_21__f_wr_clk/X (sky130_fd_sc_hd__clkbuf_16)
                                                         clknet_5_21__leaf_wr_clk (net)
                      0.032163    0.002195    0.326534 ^ _1201_/CLK (sky130_fd_sc_hd__dfrtp_2)
     1    0.003589    0.028335    0.209180    0.535715 ^ _1201_/Q (sky130_fd_sc_hd__dfrtp_2)
                                                         u_wr_reset_sync.sync_ff2 (net)
                      0.028335    0.000240    0.535954 ^ fanout80/A (sky130_fd_sc_hd__clkdlybuf4s25_1)
     7    0.042237    0.318350    0.355474    0.891428 ^ fanout80/X (sky130_fd_sc_hd__clkdlybuf4s25_1)
                                                         net80 (net)
                      0.318509    0.005904    0.897332 ^ _1229_/RESET_B (sky130_fd_sc_hd__dfrtp_2)
                                              0.897332   data arrival time

                                  0.000000    0.000000   clock wr_clk (rise edge)
                                  0.000000    0.000000   clock source latency
     1    0.027351    0.000000    0.000000    0.000000 ^ wr_clk (in)
                                                         wr_clk (net)
                      0.002217    0.001109    0.001109 ^ clkbuf_0_wr_clk/A (sky130_fd_sc_hd__clkbuf_16)
    16    0.111526    0.098120    0.123922    0.125030 ^ clkbuf_0_wr_clk/X (sky130_fd_sc_hd__clkbuf_16)
                                                         clknet_0_wr_clk (net)
                      0.098338    0.003842    0.128872 ^ clkbuf_4_14_0_wr_clk/A (sky130_fd_sc_hd__clkbuf_8)
     2    0.019680    0.038125    0.105682    0.234554 ^ clkbuf_4_14_0_wr_clk/X (sky130_fd_sc_hd__clkbuf_8)
                                                         clknet_4_14_0_wr_clk (net)
                      0.038176    0.001218    0.235772 ^ clkbuf_5_28__f_wr_clk/A (sky130_fd_sc_hd__clkbuf_16)
     5    0.023306    0.033331    0.088619    0.324391 ^ clkbuf_5_28__f_wr_clk/X (sky130_fd_sc_hd__clkbuf_16)
                                                         clknet_5_28__leaf_wr_clk (net)
                      0.033416    0.001191    0.325582 ^ _1229_/CLK (sky130_fd_sc_hd__dfrtp_2)
                                  0.100000    0.425582   clock uncertainty
                                  0.000000    0.425582   clock reconvergence pessimism
                                  0.272215    0.697797   library removal time
                                              0.697797   data required time
---------------------------------------------------------------------------------------------
                                              0.697797   data required time
                                             -0.897332   data arrival time
---------------------------------------------------------------------------------------------
                                              0.199535   slack (MET)


Startpoint: _1201_ (rising edge-triggered flip-flop clocked by wr_clk)
Endpoint: _1197_ (removal check against rising-edge clock wr_clk)
Path Group: asynchronous
Path Type: min

Fanout         Cap        Slew       Delay        Time   Description
---------------------------------------------------------------------------------------------
                                  0.000000    0.000000   clock wr_clk (rise edge)
                                  0.000000    0.000000   clock source latency
     1    0.027351    0.000000    0.000000    0.000000 ^ wr_clk (in)
                                                         wr_clk (net)
                      0.002217    0.001109    0.001109 ^ clkbuf_0_wr_clk/A (sky130_fd_sc_hd__clkbuf_16)
    16    0.111526    0.098120    0.123922    0.125030 ^ clkbuf_0_wr_clk/X (sky130_fd_sc_hd__clkbuf_16)
                                                         clknet_0_wr_clk (net)
                      0.098550    0.005286    0.130316 ^ clkbuf_4_10_0_wr_clk/A (sky130_fd_sc_hd__clkbuf_8)
     2    0.019905    0.038266    0.106055    0.236371 ^ clkbuf_4_10_0_wr_clk/X (sky130_fd_sc_hd__clkbuf_8)
                                                         clknet_4_10_0_wr_clk (net)
                      0.038308    0.001108    0.237479 ^ clkbuf_5_21__f_wr_clk/A (sky130_fd_sc_hd__clkbuf_16)
     6    0.021161    0.031945    0.086860    0.324339 ^ clkbuf_5_21__f_wr_clk/X (sky130_fd_sc_hd__clkbuf_16)
                                                         clknet_5_21__leaf_wr_clk (net)
                      0.032163    0.002195    0.326534 ^ _1201_/CLK (sky130_fd_sc_hd__dfrtp_2)
     1    0.003589    0.028335    0.209180    0.535715 ^ _1201_/Q (sky130_fd_sc_hd__dfrtp_2)
                                                         u_wr_reset_sync.sync_ff2 (net)
                      0.028335    0.000240    0.535954 ^ fanout80/A (sky130_fd_sc_hd__clkdlybuf4s25_1)
     7    0.042237    0.318350    0.355474    0.891428 ^ fanout80/X (sky130_fd_sc_hd__clkdlybuf4s25_1)
                                                         net80 (net)
                      0.318478    0.005309    0.896737 ^ _1197_/RESET_B (sky130_fd_sc_hd__dfrtp_2)
                                              0.896737   data arrival time

                                  0.000000    0.000000   clock wr_clk (rise edge)
                                  0.000000    0.000000   clock source latency
     1    0.027351    0.000000    0.000000    0.000000 ^ wr_clk (in)
                                                         wr_clk (net)
                      0.002217    0.001109    0.001109 ^ clkbuf_0_wr_clk/A (sky130_fd_sc_hd__clkbuf_16)
    16    0.111526    0.098120    0.123922    0.125030 ^ clkbuf_0_wr_clk/X (sky130_fd_sc_hd__clkbuf_16)
                                                         clknet_0_wr_clk (net)
                      0.098550    0.005286    0.130316 ^ clkbuf_4_10_0_wr_clk/A (sky130_fd_sc_hd__clkbuf_8)
     2    0.019905    0.038266    0.106055    0.236371 ^ clkbuf_4_10_0_wr_clk/X (sky130_fd_sc_hd__clkbuf_8)
                                                         clknet_4_10_0_wr_clk (net)
                      0.038310    0.001131    0.237502 ^ clkbuf_5_20__f_wr_clk/A (sky130_fd_sc_hd__clkbuf_16)
     5    0.014410    0.027477    0.082748    0.320250 ^ clkbuf_5_20__f_wr_clk/X (sky130_fd_sc_hd__clkbuf_16)
                                                         clknet_5_20__leaf_wr_clk (net)
                      0.027477    0.000281    0.320531 ^ _1197_/CLK (sky130_fd_sc_hd__dfrtp_2)
                                  0.100000    0.420531   clock uncertainty
                                  0.000000    0.420531   clock reconvergence pessimism
                                  0.271414    0.691945   library removal time
                                              0.691945   data required time
---------------------------------------------------------------------------------------------
                                              0.691945   data required time
                                             -0.896737   data arrival time
---------------------------------------------------------------------------------------------
                                              0.204792   slack (MET)


Startpoint: _1201_ (rising edge-triggered flip-flop clocked by wr_clk)
Endpoint: _1196_ (removal check against rising-edge clock wr_clk)
Path Group: asynchronous
Path Type: min

Fanout         Cap        Slew       Delay        Time   Description
---------------------------------------------------------------------------------------------
                                  0.000000    0.000000   clock wr_clk (rise edge)
                                  0.000000    0.000000   clock source latency
     1    0.027351    0.000000    0.000000    0.000000 ^ wr_clk (in)
                                                         wr_clk (net)
                      0.002217    0.001109    0.001109 ^ clkbuf_0_wr_clk/A (sky130_fd_sc_hd__clkbuf_16)
    16    0.111526    0.098120    0.123922    0.125030 ^ clkbuf_0_wr_clk/X (sky130_fd_sc_hd__clkbuf_16)
                                                         clknet_0_wr_clk (net)
                      0.098550    0.005286    0.130316 ^ clkbuf_4_10_0_wr_clk/A (sky130_fd_sc_hd__clkbuf_8)
     2    0.019905    0.038266    0.106055    0.236371 ^ clkbuf_4_10_0_wr_clk/X (sky130_fd_sc_hd__clkbuf_8)
                                                         clknet_4_10_0_wr_clk (net)
                      0.038308    0.001108    0.237479 ^ clkbuf_5_21__f_wr_clk/A (sky130_fd_sc_hd__clkbuf_16)
     6    0.021161    0.031945    0.086860    0.324339 ^ clkbuf_5_21__f_wr_clk/X (sky130_fd_sc_hd__clkbuf_16)
                                                         clknet_5_21__leaf_wr_clk (net)
                      0.032163    0.002195    0.326534 ^ _1201_/CLK (sky130_fd_sc_hd__dfrtp_2)
     1    0.003589    0.028335    0.209180    0.535715 ^ _1201_/Q (sky130_fd_sc_hd__dfrtp_2)
                                                         u_wr_reset_sync.sync_ff2 (net)
                      0.028335    0.000240    0.535954 ^ fanout80/A (sky130_fd_sc_hd__clkdlybuf4s25_1)
     7    0.042237    0.318350    0.355474    0.891428 ^ fanout80/X (sky130_fd_sc_hd__clkdlybuf4s25_1)
                                                         net80 (net)
                      0.318494    0.005625    0.897053 ^ _1196_/RESET_B (sky130_fd_sc_hd__dfrtp_2)
                                              0.897053   data arrival time

                                  0.000000    0.000000   clock wr_clk (rise edge)
                                  0.000000    0.000000   clock source latency
     1    0.027351    0.000000    0.000000    0.000000 ^ wr_clk (in)
                                                         wr_clk (net)
                      0.002217    0.001109    0.001109 ^ clkbuf_0_wr_clk/A (sky130_fd_sc_hd__clkbuf_16)
    16    0.111526    0.098120    0.123922    0.125030 ^ clkbuf_0_wr_clk/X (sky130_fd_sc_hd__clkbuf_16)
                                                         clknet_0_wr_clk (net)
                      0.098550    0.005286    0.130316 ^ clkbuf_4_10_0_wr_clk/A (sky130_fd_sc_hd__clkbuf_8)
     2    0.019905    0.038266    0.106055    0.236371 ^ clkbuf_4_10_0_wr_clk/X (sky130_fd_sc_hd__clkbuf_8)
                                                         clknet_4_10_0_wr_clk (net)
                      0.038310    0.001131    0.237502 ^ clkbuf_5_20__f_wr_clk/A (sky130_fd_sc_hd__clkbuf_16)
     5    0.014410    0.027477    0.082748    0.320250 ^ clkbuf_5_20__f_wr_clk/X (sky130_fd_sc_hd__clkbuf_16)
                                                         clknet_5_20__leaf_wr_clk (net)
                      0.027477    0.000202    0.320453 ^ _1196_/CLK (sky130_fd_sc_hd__dfrtp_2)
                                  0.100000    0.420453   clock uncertainty
                                  0.000000    0.420453   clock reconvergence pessimism
                                  0.271418    0.691871   library removal time
                                              0.691871   data required time
---------------------------------------------------------------------------------------------
                                              0.691871   data required time
                                             -0.897053   data arrival time
---------------------------------------------------------------------------------------------
                                              0.205182   slack (MET)


Startpoint: _1203_ (rising edge-triggered flip-flop clocked by rd_clk)
Endpoint: _1193_ (removal check against rising-edge clock rd_clk)
Path Group: asynchronous
Path Type: min

Fanout         Cap        Slew       Delay        Time   Description
---------------------------------------------------------------------------------------------
                                  0.000000    0.000000   clock rd_clk (rise edge)
                                  0.000000    0.000000   clock source latency
     1    0.014762    0.000000    0.000000    0.000000 ^ rd_clk (in)
                                                         rd_clk (net)
                      0.001946    0.000973    0.000973 ^ clkbuf_0_rd_clk/A (sky130_fd_sc_hd__clkbuf_16)
     4    0.039585    0.044672    0.088119    0.089092 ^ clkbuf_0_rd_clk/X (sky130_fd_sc_hd__clkbuf_16)
                                                         clknet_0_rd_clk (net)
                      0.044890    0.002168    0.091260 ^ clkbuf_2_3__f_rd_clk/A (sky130_fd_sc_hd__clkbuf_16)
     7    0.028137    0.036922    0.093564    0.184824 ^ clkbuf_2_3__f_rd_clk/X (sky130_fd_sc_hd__clkbuf_16)
                                                         clknet_2_3__leaf_rd_clk (net)
                      0.037003    0.001470    0.186294 ^ _1203_/CLK (sky130_fd_sc_hd__dfrtp_2)
     2    0.008898    0.045080    0.227057    0.413351 ^ _1203_/Q (sky130_fd_sc_hd__dfrtp_2)
                                                         u_rd_reset_sync.sync_ff2 (net)
                      0.045082    0.000343    0.413694 ^ fanout76/A (sky130_fd_sc_hd__clkdlybuf4s25_1)
     8    0.044067    0.331085    0.371331    0.785025 ^ fanout76/X (sky130_fd_sc_hd__clkdlybuf4s25_1)
                                                         net76 (net)
                      0.331188    0.001650    0.786675 ^ _1193_/RESET_B (sky130_fd_sc_hd__dfrtp_2)
                                              0.786675   data arrival time

                                  0.000000    0.000000   clock rd_clk (rise edge)
                                  0.000000    0.000000   clock source latency
     1    0.014762    0.000000    0.000000    0.000000 ^ rd_clk (in)
                                                         rd_clk (net)
                      0.001946    0.000973    0.000973 ^ clkbuf_0_rd_clk/A (sky130_fd_sc_hd__clkbuf_16)
     4    0.039585    0.044672    0.088119    0.089092 ^ clkbuf_0_rd_clk/X (sky130_fd_sc_hd__clkbuf_16)
                                                         clknet_0_rd_clk (net)
                      0.044893    0.002189    0.091281 ^ clkbuf_2_2__f_rd_clk/A (sky130_fd_sc_hd__clkbuf_16)
     8    0.032878    0.040103    0.096580    0.187861 ^ clkbuf_2_2__f_rd_clk/X (sky130_fd_sc_hd__clkbuf_16)
                                                         clknet_2_2__leaf_rd_clk (net)
                      0.040245    0.001878    0.189739 ^ _1193_/CLK (sky130_fd_sc_hd__dfrtp_2)
                                  0.100000    0.289739   clock uncertainty
                                  0.000000    0.289739   clock reconvergence pessimism
                                  0.276422    0.566161   library removal time
                                              0.566161   data required time
---------------------------------------------------------------------------------------------
                                              0.566161   data required time
                                             -0.786675   data arrival time
---------------------------------------------------------------------------------------------
                                              0.220513   slack (MET)


Startpoint: _1203_ (rising edge-triggered flip-flop clocked by rd_clk)
Endpoint: _1191_ (removal check against rising-edge clock rd_clk)
Path Group: asynchronous
Path Type: min

Fanout         Cap        Slew       Delay        Time   Description
---------------------------------------------------------------------------------------------
                                  0.000000    0.000000   clock rd_clk (rise edge)
                                  0.000000    0.000000   clock source latency
     1    0.014762    0.000000    0.000000    0.000000 ^ rd_clk (in)
                                                         rd_clk (net)
                      0.001946    0.000973    0.000973 ^ clkbuf_0_rd_clk/A (sky130_fd_sc_hd__clkbuf_16)
     4    0.039585    0.044672    0.088119    0.089092 ^ clkbuf_0_rd_clk/X (sky130_fd_sc_hd__clkbuf_16)
                                                         clknet_0_rd_clk (net)
                      0.044890    0.002168    0.091260 ^ clkbuf_2_3__f_rd_clk/A (sky130_fd_sc_hd__clkbuf_16)
     7    0.028137    0.036922    0.093564    0.184824 ^ clkbuf_2_3__f_rd_clk/X (sky130_fd_sc_hd__clkbuf_16)
                                                         clknet_2_3__leaf_rd_clk (net)
                      0.037003    0.001470    0.186294 ^ _1203_/CLK (sky130_fd_sc_hd__dfrtp_2)
     2    0.008898    0.045080    0.227057    0.413351 ^ _1203_/Q (sky130_fd_sc_hd__dfrtp_2)
                                                         u_rd_reset_sync.sync_ff2 (net)
                      0.045082    0.000343    0.413694 ^ fanout76/A (sky130_fd_sc_hd__clkdlybuf4s25_1)
     8    0.044067    0.331085    0.371331    0.785025 ^ fanout76/X (sky130_fd_sc_hd__clkdlybuf4s25_1)
                                                         net76 (net)
                      0.331195    0.002087    0.787112 ^ _1191_/RESET_B (sky130_fd_sc_hd__dfrtp_2)
                                              0.787112   data arrival time

                                  0.000000    0.000000   clock rd_clk (rise edge)
                                  0.000000    0.000000   clock source latency
     1    0.014762    0.000000    0.000000    0.000000 ^ rd_clk (in)
                                                         rd_clk (net)
                      0.001946    0.000973    0.000973 ^ clkbuf_0_rd_clk/A (sky130_fd_sc_hd__clkbuf_16)
     4    0.039585    0.044672    0.088119    0.089092 ^ clkbuf_0_rd_clk/X (sky130_fd_sc_hd__clkbuf_16)
                                                         clknet_0_rd_clk (net)
                      0.044893    0.002189    0.091281 ^ clkbuf_2_2__f_rd_clk/A (sky130_fd_sc_hd__clkbuf_16)
     8    0.032878    0.040103    0.096580    0.187861 ^ clkbuf_2_2__f_rd_clk/X (sky130_fd_sc_hd__clkbuf_16)
                                                         clknet_2_2__leaf_rd_clk (net)
                      0.040232    0.001764    0.189625 ^ _1191_/CLK (sky130_fd_sc_hd__dfrtp_2)
                                  0.100000    0.289625   clock uncertainty
                                  0.000000    0.289625   clock reconvergence pessimism
                                  0.276422    0.566047   library removal time
                                              0.566047   data required time
---------------------------------------------------------------------------------------------
                                              0.566047   data required time
                                             -0.787112   data arrival time
---------------------------------------------------------------------------------------------
                                              0.221065   slack (MET)


Startpoint: _1203_ (rising edge-triggered flip-flop clocked by rd_clk)
Endpoint: _1192_ (removal check against rising-edge clock rd_clk)
Path Group: asynchronous
Path Type: min

Fanout         Cap        Slew       Delay        Time   Description
---------------------------------------------------------------------------------------------
                                  0.000000    0.000000   clock rd_clk (rise edge)
                                  0.000000    0.000000   clock source latency
     1    0.014762    0.000000    0.000000    0.000000 ^ rd_clk (in)
                                                         rd_clk (net)
                      0.001946    0.000973    0.000973 ^ clkbuf_0_rd_clk/A (sky130_fd_sc_hd__clkbuf_16)
     4    0.039585    0.044672    0.088119    0.089092 ^ clkbuf_0_rd_clk/X (sky130_fd_sc_hd__clkbuf_16)
                                                         clknet_0_rd_clk (net)
                      0.044890    0.002168    0.091260 ^ clkbuf_2_3__f_rd_clk/A (sky130_fd_sc_hd__clkbuf_16)
     7    0.028137    0.036922    0.093564    0.184824 ^ clkbuf_2_3__f_rd_clk/X (sky130_fd_sc_hd__clkbuf_16)
                                                         clknet_2_3__leaf_rd_clk (net)
                      0.037003    0.001470    0.186294 ^ _1203_/CLK (sky130_fd_sc_hd__dfrtp_2)
     2    0.008898    0.045080    0.227057    0.413351 ^ _1203_/Q (sky130_fd_sc_hd__dfrtp_2)
                                                         u_rd_reset_sync.sync_ff2 (net)
                      0.045082    0.000343    0.413694 ^ fanout76/A (sky130_fd_sc_hd__clkdlybuf4s25_1)
     8    0.044067    0.331085    0.371331    0.785025 ^ fanout76/X (sky130_fd_sc_hd__clkdlybuf4s25_1)
                                                         net76 (net)
                      0.331205    0.002589    0.787614 ^ _1192_/RESET_B (sky130_fd_sc_hd__dfrtp_2)
                                              0.787614   data arrival time

                                  0.000000    0.000000   clock rd_clk (rise edge)
                                  0.000000    0.000000   clock source latency
     1    0.014762    0.000000    0.000000    0.000000 ^ rd_clk (in)
                                                         rd_clk (net)
                      0.001946    0.000973    0.000973 ^ clkbuf_0_rd_clk/A (sky130_fd_sc_hd__clkbuf_16)
     4    0.039585    0.044672    0.088119    0.089092 ^ clkbuf_0_rd_clk/X (sky130_fd_sc_hd__clkbuf_16)
                                                         clknet_0_rd_clk (net)
                      0.044893    0.002189    0.091281 ^ clkbuf_2_2__f_rd_clk/A (sky130_fd_sc_hd__clkbuf_16)
     8    0.032878    0.040103    0.096580    0.187861 ^ clkbuf_2_2__f_rd_clk/X (sky130_fd_sc_hd__clkbuf_16)
                                                         clknet_2_2__leaf_rd_clk (net)
                      0.040172    0.001683    0.189544 ^ _1192_/CLK (sky130_fd_sc_hd__dfrtp_2)
                                  0.100000    0.289544   clock uncertainty
                                  0.000000    0.289544   clock reconvergence pessimism
                                  0.276417    0.565961   library removal time
                                              0.565961   data required time
---------------------------------------------------------------------------------------------
                                              0.565961   data required time
                                             -0.787614   data arrival time
---------------------------------------------------------------------------------------------
                                              0.221653   slack (MET)


Startpoint: _1203_ (rising edge-triggered flip-flop clocked by rd_clk)
Endpoint: _1239_ (removal check against rising-edge clock rd_clk)
Path Group: asynchronous
Path Type: min

Fanout         Cap        Slew       Delay        Time   Description
---------------------------------------------------------------------------------------------
                                  0.000000    0.000000   clock rd_clk (rise edge)
                                  0.000000    0.000000   clock source latency
     1    0.014762    0.000000    0.000000    0.000000 ^ rd_clk (in)
                                                         rd_clk (net)
                      0.001946    0.000973    0.000973 ^ clkbuf_0_rd_clk/A (sky130_fd_sc_hd__clkbuf_16)
     4    0.039585    0.044672    0.088119    0.089092 ^ clkbuf_0_rd_clk/X (sky130_fd_sc_hd__clkbuf_16)
                                                         clknet_0_rd_clk (net)
                      0.044890    0.002168    0.091260 ^ clkbuf_2_3__f_rd_clk/A (sky130_fd_sc_hd__clkbuf_16)
     7    0.028137    0.036922    0.093564    0.184824 ^ clkbuf_2_3__f_rd_clk/X (sky130_fd_sc_hd__clkbuf_16)
                                                         clknet_2_3__leaf_rd_clk (net)
                      0.037003    0.001470    0.186294 ^ _1203_/CLK (sky130_fd_sc_hd__dfrtp_2)
     2    0.008898    0.045080    0.227057    0.413351 ^ _1203_/Q (sky130_fd_sc_hd__dfrtp_2)
                                                         u_rd_reset_sync.sync_ff2 (net)
                      0.045082    0.000343    0.413694 ^ fanout76/A (sky130_fd_sc_hd__clkdlybuf4s25_1)
     8    0.044067    0.331085    0.371331    0.785025 ^ fanout76/X (sky130_fd_sc_hd__clkdlybuf4s25_1)
                                                         net76 (net)
                      0.331212    0.002868    0.787893 ^ _1239_/RESET_B (sky130_fd_sc_hd__dfrtp_2)
                                              0.787893   data arrival time

                                  0.000000    0.000000   clock rd_clk (rise edge)
                                  0.000000    0.000000   clock source latency
     1    0.014762    0.000000    0.000000    0.000000 ^ rd_clk (in)
                                                         rd_clk (net)
                      0.001946    0.000973    0.000973 ^ clkbuf_0_rd_clk/A (sky130_fd_sc_hd__clkbuf_16)
     4    0.039585    0.044672    0.088119    0.089092 ^ clkbuf_0_rd_clk/X (sky130_fd_sc_hd__clkbuf_16)
                                                         clknet_0_rd_clk (net)
                      0.044893    0.002189    0.091281 ^ clkbuf_2_2__f_rd_clk/A (sky130_fd_sc_hd__clkbuf_16)
     8    0.032878    0.040103    0.096580    0.187861 ^ clkbuf_2_2__f_rd_clk/X (sky130_fd_sc_hd__clkbuf_16)
                                                         clknet_2_2__leaf_rd_clk (net)
                      0.040162    0.001598    0.189459 ^ _1239_/CLK (sky130_fd_sc_hd__dfrtp_2)
                                  0.100000    0.289459   clock uncertainty
                                  0.000000    0.289459   clock reconvergence pessimism
                                  0.276417    0.565876   library removal time
                                              0.565876   data required time
---------------------------------------------------------------------------------------------
                                              0.565876   data required time
                                             -0.787893   data arrival time
---------------------------------------------------------------------------------------------
                                              0.222016   slack (MET)


Startpoint: _1203_ (rising edge-triggered flip-flop clocked by rd_clk)
Endpoint: _1240_ (removal check against rising-edge clock rd_clk)
Path Group: asynchronous
Path Type: min

Fanout         Cap        Slew       Delay        Time   Description
---------------------------------------------------------------------------------------------
                                  0.000000    0.000000   clock rd_clk (rise edge)
                                  0.000000    0.000000   clock source latency
     1    0.014762    0.000000    0.000000    0.000000 ^ rd_clk (in)
                                                         rd_clk (net)
                      0.001946    0.000973    0.000973 ^ clkbuf_0_rd_clk/A (sky130_fd_sc_hd__clkbuf_16)
     4    0.039585    0.044672    0.088119    0.089092 ^ clkbuf_0_rd_clk/X (sky130_fd_sc_hd__clkbuf_16)
                                                         clknet_0_rd_clk (net)
                      0.044890    0.002168    0.091260 ^ clkbuf_2_3__f_rd_clk/A (sky130_fd_sc_hd__clkbuf_16)
     7    0.028137    0.036922    0.093564    0.184824 ^ clkbuf_2_3__f_rd_clk/X (sky130_fd_sc_hd__clkbuf_16)
                                                         clknet_2_3__leaf_rd_clk (net)
                      0.037003    0.001470    0.186294 ^ _1203_/CLK (sky130_fd_sc_hd__dfrtp_2)
     2    0.008898    0.045080    0.227057    0.413351 ^ _1203_/Q (sky130_fd_sc_hd__dfrtp_2)
                                                         u_rd_reset_sync.sync_ff2 (net)
                      0.045082    0.000343    0.413694 ^ fanout76/A (sky130_fd_sc_hd__clkdlybuf4s25_1)
     8    0.044067    0.331085    0.371331    0.785025 ^ fanout76/X (sky130_fd_sc_hd__clkdlybuf4s25_1)
                                                         net76 (net)
                      0.331215    0.002998    0.788023 ^ _1240_/RESET_B (sky130_fd_sc_hd__dfrtp_2)
                                              0.788023   data arrival time

                                  0.000000    0.000000   clock rd_clk (rise edge)
                                  0.000000    0.000000   clock source latency
     1    0.014762    0.000000    0.000000    0.000000 ^ rd_clk (in)
                                                         rd_clk (net)
                      0.001946    0.000973    0.000973 ^ clkbuf_0_rd_clk/A (sky130_fd_sc_hd__clkbuf_16)
     4    0.039585    0.044672    0.088119    0.089092 ^ clkbuf_0_rd_clk/X (sky130_fd_sc_hd__clkbuf_16)
                                                         clknet_0_rd_clk (net)
                      0.044893    0.002189    0.091281 ^ clkbuf_2_2__f_rd_clk/A (sky130_fd_sc_hd__clkbuf_16)
     8    0.032878    0.040103    0.096580    0.187861 ^ clkbuf_2_2__f_rd_clk/X (sky130_fd_sc_hd__clkbuf_16)
                                                         clknet_2_2__leaf_rd_clk (net)
                      0.040160    0.001585    0.189446 ^ _1240_/CLK (sky130_fd_sc_hd__dfrtp_2)
                                  0.100000    0.289446   clock uncertainty
                                  0.000000    0.289446   clock reconvergence pessimism
                                  0.276418    0.565864   library removal time
                                              0.565864   data required time
---------------------------------------------------------------------------------------------
                                              0.565864   data required time
                                             -0.788023   data arrival time
---------------------------------------------------------------------------------------------
                                              0.222159   slack (MET)


Startpoint: _1203_ (rising edge-triggered flip-flop clocked by rd_clk)
Endpoint: _1194_ (removal check against rising-edge clock rd_clk)
Path Group: asynchronous
Path Type: min

Fanout         Cap        Slew       Delay        Time   Description
---------------------------------------------------------------------------------------------
                                  0.000000    0.000000   clock rd_clk (rise edge)
                                  0.000000    0.000000   clock source latency
     1    0.014762    0.000000    0.000000    0.000000 ^ rd_clk (in)
                                                         rd_clk (net)
                      0.001946    0.000973    0.000973 ^ clkbuf_0_rd_clk/A (sky130_fd_sc_hd__clkbuf_16)
     4    0.039585    0.044672    0.088119    0.089092 ^ clkbuf_0_rd_clk/X (sky130_fd_sc_hd__clkbuf_16)
                                                         clknet_0_rd_clk (net)
                      0.044890    0.002168    0.091260 ^ clkbuf_2_3__f_rd_clk/A (sky130_fd_sc_hd__clkbuf_16)
     7    0.028137    0.036922    0.093564    0.184824 ^ clkbuf_2_3__f_rd_clk/X (sky130_fd_sc_hd__clkbuf_16)
                                                         clknet_2_3__leaf_rd_clk (net)
                      0.037003    0.001470    0.186294 ^ _1203_/CLK (sky130_fd_sc_hd__dfrtp_2)
     2    0.008898    0.045080    0.227057    0.413351 ^ _1203_/Q (sky130_fd_sc_hd__dfrtp_2)
                                                         u_rd_reset_sync.sync_ff2 (net)
                      0.045082    0.000343    0.413694 ^ fanout76/A (sky130_fd_sc_hd__clkdlybuf4s25_1)
     8    0.044067    0.331085    0.371331    0.785025 ^ fanout76/X (sky130_fd_sc_hd__clkdlybuf4s25_1)
                                                         net76 (net)
                      0.331187    0.001597    0.786622 ^ _1194_/RESET_B (sky130_fd_sc_hd__dfrtp_2)
                                              0.786622   data arrival time

                                  0.000000    0.000000   clock rd_clk (rise edge)
                                  0.000000    0.000000   clock source latency
     1    0.014762    0.000000    0.000000    0.000000 ^ rd_clk (in)
                                                         rd_clk (net)
                      0.001946    0.000973    0.000973 ^ clkbuf_0_rd_clk/A (sky130_fd_sc_hd__clkbuf_16)
     4    0.039585    0.044672    0.088119    0.089092 ^ clkbuf_0_rd_clk/X (sky130_fd_sc_hd__clkbuf_16)
                                                         clknet_0_rd_clk (net)
                      0.044890    0.002168    0.091260 ^ clkbuf_2_3__f_rd_clk/A (sky130_fd_sc_hd__clkbuf_16)
     7    0.028137    0.036922    0.093564    0.184824 ^ clkbuf_2_3__f_rd_clk/X (sky130_fd_sc_hd__clkbuf_16)
                                                         clknet_2_3__leaf_rd_clk (net)
                      0.036977    0.001235    0.186059 ^ _1194_/CLK (sky130_fd_sc_hd__dfrtp_2)
                                  0.100000    0.286059   clock uncertainty
                                  0.000000    0.286059   clock reconvergence pessimism
                                  0.275986    0.562045   library removal time
                                              0.562045   data required time
---------------------------------------------------------------------------------------------
                                              0.562045   data required time
                                             -0.786622   data arrival time
---------------------------------------------------------------------------------------------
                                              0.224576   slack (MET)


Startpoint: _1078_ (rising edge-triggered flip-flop clocked by wr_clk)
Endpoint: _1078_ (rising edge-triggered flip-flop clocked by wr_clk)
Path Group: wr_clk
Path Type: min

Fanout         Cap        Slew       Delay        Time   Description
---------------------------------------------------------------------------------------------
                                  0.000000    0.000000   clock wr_clk (rise edge)
                                  0.000000    0.000000   clock source latency
     1    0.027351    0.000000    0.000000    0.000000 ^ wr_clk (in)
                                                         wr_clk (net)
                      0.002217    0.001109    0.001109 ^ clkbuf_0_wr_clk/A (sky130_fd_sc_hd__clkbuf_16)
    16    0.111526    0.098120    0.123922    0.125030 ^ clkbuf_0_wr_clk/X (sky130_fd_sc_hd__clkbuf_16)
                                                         clknet_0_wr_clk (net)
                      0.100425    0.011876    0.136906 ^ clkbuf_4_5_0_wr_clk/A (sky130_fd_sc_hd__clkbuf_8)
     2    0.019828    0.038352    0.106303    0.243209 ^ clkbuf_4_5_0_wr_clk/X (sky130_fd_sc_hd__clkbuf_8)
                                                         clknet_4_5_0_wr_clk (net)
                      0.038424    0.001439    0.244647 ^ clkbuf_5_10__f_wr_clk/A (sky130_fd_sc_hd__clkbuf_16)
     5    0.015595    0.028293    0.083338    0.327986 ^ clkbuf_5_10__f_wr_clk/X (sky130_fd_sc_hd__clkbuf_16)
                                                         clknet_5_10__leaf_wr_clk (net)
                      0.028309    0.001167    0.329153 ^ _1078_/CLK (sky130_fd_sc_hd__dfxtp_2)
     2    0.004945    0.028258    0.192589    0.521741 ^ _1078_/Q (sky130_fd_sc_hd__dfxtp_2)
                                                         u_fifomem.mem[11][0] (net)
                      0.028258    0.000320    0.522062 ^ _0820_/A1 (sky130_fd_sc_hd__mux2_2)
     1    0.002632    0.023807    0.082699    0.604761 ^ _0820_/X (sky130_fd_sc_hd__mux2_2)
                                                         _0386_ (net)
                      0.023807    0.000120    0.604881 ^ _0821_/A (sky130_fd_sc_hd__buf_1)
     1    0.002117    0.026564    0.046209    0.651090 ^ _0821_/X (sky130_fd_sc_hd__buf_1)
                                                         _0018_ (net)
                      0.026565    0.000148    0.651238 ^ _1078_/D (sky130_fd_sc_hd__dfxtp_2)
                                              0.651238   data arrival time

                                  0.000000    0.000000   clock wr_clk (rise edge)
                                  0.000000    0.000000   clock source latency
     1    0.027351    0.000000    0.000000    0.000000 ^ wr_clk (in)
                                                         wr_clk (net)
                      0.002217    0.001109    0.001109 ^ clkbuf_0_wr_clk/A (sky130_fd_sc_hd__clkbuf_16)
    16    0.111526    0.098120    0.123922    0.125030 ^ clkbuf_0_wr_clk/X (sky130_fd_sc_hd__clkbuf_16)
                                                         clknet_0_wr_clk (net)
                      0.100425    0.011876    0.136906 ^ clkbuf_4_5_0_wr_clk/A (sky130_fd_sc_hd__clkbuf_8)
     2    0.019828    0.038352    0.106303    0.243209 ^ clkbuf_4_5_0_wr_clk/X (sky130_fd_sc_hd__clkbuf_8)
                                                         clknet_4_5_0_wr_clk (net)
                      0.038424    0.001439    0.244647 ^ clkbuf_5_10__f_wr_clk/A (sky130_fd_sc_hd__clkbuf_16)
     5    0.015595    0.028293    0.083338    0.327986 ^ clkbuf_5_10__f_wr_clk/X (sky130_fd_sc_hd__clkbuf_16)
                                                         clknet_5_10__leaf_wr_clk (net)
                      0.028309    0.001167    0.329153 ^ _1078_/CLK (sky130_fd_sc_hd__dfxtp_2)
                                  0.100000    0.429153   clock uncertainty
                                  0.000000    0.429153   clock reconvergence pessimism
                                 -0.017050    0.412102   library hold time
                                              0.412102   data required time
---------------------------------------------------------------------------------------------
                                              0.412102   data required time
                                             -0.651238   data arrival time
---------------------------------------------------------------------------------------------
                                              0.239136   slack (MET)


Startpoint: _1117_ (rising edge-triggered flip-flop clocked by wr_clk)
Endpoint: _1117_ (rising edge-triggered flip-flop clocked by wr_clk)
Path Group: wr_clk
Path Type: min

Fanout         Cap        Slew       Delay        Time   Description
---------------------------------------------------------------------------------------------
                                  0.000000    0.000000   clock wr_clk (rise edge)
                                  0.000000    0.000000   clock source latency
     1    0.027351    0.000000    0.000000    0.000000 ^ wr_clk (in)
                                                         wr_clk (net)
                      0.002217    0.001109    0.001109 ^ clkbuf_0_wr_clk/A (sky130_fd_sc_hd__clkbuf_16)
    16    0.111526    0.098120    0.123922    0.125030 ^ clkbuf_0_wr_clk/X (sky130_fd_sc_hd__clkbuf_16)
                                                         clknet_0_wr_clk (net)
                      0.100655    0.012455    0.137485 ^ clkbuf_4_4_0_wr_clk/A (sky130_fd_sc_hd__clkbuf_8)
     2    0.019466    0.037797    0.106201    0.243686 ^ clkbuf_4_4_0_wr_clk/X (sky130_fd_sc_hd__clkbuf_8)
                                                         clknet_4_4_0_wr_clk (net)
                      0.037835    0.001047    0.244733 ^ clkbuf_5_8__f_wr_clk/A (sky130_fd_sc_hd__clkbuf_16)
     5    0.014197    0.027339    0.082377    0.327110 ^ clkbuf_5_8__f_wr_clk/X (sky130_fd_sc_hd__clkbuf_16)
                                                         clknet_5_8__leaf_wr_clk (net)
                      0.027339    0.000126    0.327235 ^ _1117_/CLK (sky130_fd_sc_hd__dfxtp_2)
     2    0.004783    0.027759    0.191912    0.519148 ^ _1117_/Q (sky130_fd_sc_hd__dfxtp_2)
                                                         u_fifomem.mem[15][7] (net)
                      0.027759    0.000220    0.519367 ^ _0905_/A1 (sky130_fd_sc_hd__mux2_2)
     1    0.002536    0.023498    0.082211    0.601578 ^ _0905_/X (sky130_fd_sc_hd__mux2_2)
                                                         _0432_ (net)
                      0.023498    0.000118    0.601696 ^ _0906_/A (sky130_fd_sc_hd__buf_1)
     1    0.002433    0.029106    0.048034    0.649730 ^ _0906_/X (sky130_fd_sc_hd__buf_1)
                                                         _0057_ (net)
                      0.029107    0.000173    0.649903 ^ _1117_/D (sky130_fd_sc_hd__dfxtp_2)
                                              0.649903   data arrival time

                                  0.000000    0.000000   clock wr_clk (rise edge)
                                  0.000000    0.000000   clock source latency
     1    0.027351    0.000000    0.000000    0.000000 ^ wr_clk (in)
                                                         wr_clk (net)
                      0.002217    0.001109    0.001109 ^ clkbuf_0_wr_clk/A (sky130_fd_sc_hd__clkbuf_16)
    16    0.111526    0.098120    0.123922    0.125030 ^ clkbuf_0_wr_clk/X (sky130_fd_sc_hd__clkbuf_16)
                                                         clknet_0_wr_clk (net)
                      0.100655    0.012455    0.137485 ^ clkbuf_4_4_0_wr_clk/A (sky130_fd_sc_hd__clkbuf_8)
     2    0.019466    0.037797    0.106201    0.243686 ^ clkbuf_4_4_0_wr_clk/X (sky130_fd_sc_hd__clkbuf_8)
                                                         clknet_4_4_0_wr_clk (net)
                      0.037835    0.001047    0.244733 ^ clkbuf_5_8__f_wr_clk/A (sky130_fd_sc_hd__clkbuf_16)
     5    0.014197    0.027339    0.082377    0.327110 ^ clkbuf_5_8__f_wr_clk/X (sky130_fd_sc_hd__clkbuf_16)
                                                         clknet_5_8__leaf_wr_clk (net)
                      0.027339    0.000126    0.327235 ^ _1117_/CLK (sky130_fd_sc_hd__dfxtp_2)
                                  0.100000    0.427235   clock uncertainty
                                  0.000000    0.427235   clock reconvergence pessimism
                                 -0.017253    0.409982   library hold time
                                              0.409982   data required time
---------------------------------------------------------------------------------------------
                                              0.409982   data required time
                                             -0.649903   data arrival time
---------------------------------------------------------------------------------------------
                                              0.239921   slack (MET)


Startpoint: _1182_ (rising edge-triggered flip-flop clocked by wr_clk)
Endpoint: _1182_ (rising edge-triggered flip-flop clocked by wr_clk)
Path Group: wr_clk
Path Type: min

Fanout         Cap        Slew       Delay        Time   Description
---------------------------------------------------------------------------------------------
                                  0.000000    0.000000   clock wr_clk (rise edge)
                                  0.000000    0.000000   clock source latency
     1    0.027351    0.000000    0.000000    0.000000 ^ wr_clk (in)
                                                         wr_clk (net)
                      0.002217    0.001109    0.001109 ^ clkbuf_0_wr_clk/A (sky130_fd_sc_hd__clkbuf_16)
    16    0.111526    0.098120    0.123922    0.125030 ^ clkbuf_0_wr_clk/X (sky130_fd_sc_hd__clkbuf_16)
                                                         clknet_0_wr_clk (net)
                      0.100425    0.011876    0.136906 ^ clkbuf_4_5_0_wr_clk/A (sky130_fd_sc_hd__clkbuf_8)
     2    0.019828    0.038352    0.106303    0.243209 ^ clkbuf_4_5_0_wr_clk/X (sky130_fd_sc_hd__clkbuf_8)
                                                         clknet_4_5_0_wr_clk (net)
                      0.038424    0.001439    0.244647 ^ clkbuf_5_10__f_wr_clk/A (sky130_fd_sc_hd__clkbuf_16)
     5    0.015595    0.028293    0.083338    0.327986 ^ clkbuf_5_10__f_wr_clk/X (sky130_fd_sc_hd__clkbuf_16)
                                                         clknet_5_10__leaf_wr_clk (net)
                      0.028312    0.001292    0.329277 ^ _1182_/CLK (sky130_fd_sc_hd__dfxtp_2)
     2    0.005479    0.030017    0.194071    0.523349 ^ _1182_/Q (sky130_fd_sc_hd__dfxtp_2)
                                                         u_fifomem.mem[9][0] (net)
                      0.030017    0.000171    0.523519 ^ _1046_/A0 (sky130_fd_sc_hd__mux2_2)
     1    0.002515    0.023788    0.082981    0.606501 ^ _1046_/X (sky130_fd_sc_hd__mux2_2)
                                                         _0508_ (net)
                      0.023788    0.000117    0.606618 ^ _1047_/A (sky130_fd_sc_hd__buf_1)
     1    0.002019    0.025780    0.045617    0.652235 ^ _1047_/X (sky130_fd_sc_hd__buf_1)
                                                         _0122_ (net)
                      0.025781    0.000145    0.652380 ^ _1182_/D (sky130_fd_sc_hd__dfxtp_2)
                                              0.652380   data arrival time

                                  0.000000    0.000000   clock wr_clk (rise edge)
                                  0.000000    0.000000   clock source latency
     1    0.027351    0.000000    0.000000    0.000000 ^ wr_clk (in)
                                                         wr_clk (net)
                      0.002217    0.001109    0.001109 ^ clkbuf_0_wr_clk/A (sky130_fd_sc_hd__clkbuf_16)
    16    0.111526    0.098120    0.123922    0.125030 ^ clkbuf_0_wr_clk/X (sky130_fd_sc_hd__clkbuf_16)
                                                         clknet_0_wr_clk (net)
                      0.100425    0.011876    0.136906 ^ clkbuf_4_5_0_wr_clk/A (sky130_fd_sc_hd__clkbuf_8)
     2    0.019828    0.038352    0.106303    0.243209 ^ clkbuf_4_5_0_wr_clk/X (sky130_fd_sc_hd__clkbuf_8)
                                                         clknet_4_5_0_wr_clk (net)
                      0.038424    0.001439    0.244647 ^ clkbuf_5_10__f_wr_clk/A (sky130_fd_sc_hd__clkbuf_16)
     5    0.015595    0.028293    0.083338    0.327986 ^ clkbuf_5_10__f_wr_clk/X (sky130_fd_sc_hd__clkbuf_16)
                                                         clknet_5_10__leaf_wr_clk (net)
                      0.028312    0.001292    0.329277 ^ _1182_/CLK (sky130_fd_sc_hd__dfxtp_2)
                                  0.100000    0.429277   clock uncertainty
                                  0.000000    0.429277   clock reconvergence pessimism
                                 -0.016995    0.412283   library hold time
                                              0.412283   data required time
---------------------------------------------------------------------------------------------
                                              0.412283   data required time
                                             -0.652380   data arrival time
---------------------------------------------------------------------------------------------
                                              0.240098   slack (MET)


Startpoint: _1180_ (rising edge-triggered flip-flop clocked by wr_clk)
Endpoint: _1180_ (rising edge-triggered flip-flop clocked by wr_clk)
Path Group: wr_clk
Path Type: min

Fanout         Cap        Slew       Delay        Time   Description
---------------------------------------------------------------------------------------------
                                  0.000000    0.000000   clock wr_clk (rise edge)
                                  0.000000    0.000000   clock source latency
     1    0.027351    0.000000    0.000000    0.000000 ^ wr_clk (in)
                                                         wr_clk (net)
                      0.002217    0.001109    0.001109 ^ clkbuf_0_wr_clk/A (sky130_fd_sc_hd__clkbuf_16)
    16    0.111526    0.098120    0.123922    0.125030 ^ clkbuf_0_wr_clk/X (sky130_fd_sc_hd__clkbuf_16)
                                                         clknet_0_wr_clk (net)
                      0.098125    0.000633    0.125664 ^ clkbuf_4_13_0_wr_clk/A (sky130_fd_sc_hd__clkbuf_8)
     2    0.019504    0.037934    0.105379    0.231042 ^ clkbuf_4_13_0_wr_clk/X (sky130_fd_sc_hd__clkbuf_8)
                                                         clknet_4_13_0_wr_clk (net)
                      0.038007    0.001426    0.232469 ^ clkbuf_5_27__f_wr_clk/A (sky130_fd_sc_hd__clkbuf_16)
     5    0.018742    0.030361    0.085326    0.317794 ^ clkbuf_5_27__f_wr_clk/X (sky130_fd_sc_hd__clkbuf_16)
                                                         clknet_5_27__leaf_wr_clk (net)
                      0.030378    0.001139    0.318934 ^ _1180_/CLK (sky130_fd_sc_hd__dfxtp_2)
     2    0.005037    0.028555    0.193463    0.512397 ^ _1180_/Q (sky130_fd_sc_hd__dfxtp_2)
                                                         u_fifomem.mem[8][6] (net)
                      0.028557    0.000285    0.512682 ^ _1041_/A0 (sky130_fd_sc_hd__mux2_2)
     1    0.002544    0.023884    0.082687    0.595370 ^ _1041_/X (sky130_fd_sc_hd__mux2_2)
                                                         _0505_ (net)
                      0.023884    0.000118    0.595487 ^ _1042_/A (sky130_fd_sc_hd__buf_1)
     1    0.002174    0.027022    0.046564    0.642051 ^ _1042_/X (sky130_fd_sc_hd__buf_1)
                                                         _0120_ (net)
                      0.027022    0.000153    0.642204 ^ _1180_/D (sky130_fd_sc_hd__dfxtp_2)
                                              0.642204   data arrival time

                                  0.000000    0.000000   clock wr_clk (rise edge)
                                  0.000000    0.000000   clock source latency
     1    0.027351    0.000000    0.000000    0.000000 ^ wr_clk (in)
                                                         wr_clk (net)
                      0.002217    0.001109    0.001109 ^ clkbuf_0_wr_clk/A (sky130_fd_sc_hd__clkbuf_16)
    16    0.111526    0.098120    0.123922    0.125030 ^ clkbuf_0_wr_clk/X (sky130_fd_sc_hd__clkbuf_16)
                                                         clknet_0_wr_clk (net)
                      0.098125    0.000633    0.125664 ^ clkbuf_4_13_0_wr_clk/A (sky130_fd_sc_hd__clkbuf_8)
     2    0.019504    0.037934    0.105379    0.231042 ^ clkbuf_4_13_0_wr_clk/X (sky130_fd_sc_hd__clkbuf_8)
                                                         clknet_4_13_0_wr_clk (net)
                      0.038007    0.001426    0.232469 ^ clkbuf_5_27__f_wr_clk/A (sky130_fd_sc_hd__clkbuf_16)
     5    0.018742    0.030361    0.085326    0.317794 ^ clkbuf_5_27__f_wr_clk/X (sky130_fd_sc_hd__clkbuf_16)
                                                         clknet_5_27__leaf_wr_clk (net)
                      0.030378    0.001139    0.318934 ^ _1180_/CLK (sky130_fd_sc_hd__dfxtp_2)
                                  0.100000    0.418934   clock uncertainty
                                  0.000000    0.418934   clock reconvergence pessimism
                                 -0.017033    0.401900   library hold time
                                              0.401900   data required time
---------------------------------------------------------------------------------------------
                                              0.401900   data required time
                                             -0.642204   data arrival time
---------------------------------------------------------------------------------------------
                                              0.240304   slack (MET)


Startpoint: _1174_ (rising edge-triggered flip-flop clocked by wr_clk)
Endpoint: _1174_ (rising edge-triggered flip-flop clocked by wr_clk)
Path Group: wr_clk
Path Type: min

Fanout         Cap        Slew       Delay        Time   Description
---------------------------------------------------------------------------------------------
                                  0.000000    0.000000   clock wr_clk (rise edge)
                                  0.000000    0.000000   clock source latency
     1    0.027351    0.000000    0.000000    0.000000 ^ wr_clk (in)
                                                         wr_clk (net)
                      0.002217    0.001109    0.001109 ^ clkbuf_0_wr_clk/A (sky130_fd_sc_hd__clkbuf_16)
    16    0.111526    0.098120    0.123922    0.125030 ^ clkbuf_0_wr_clk/X (sky130_fd_sc_hd__clkbuf_16)
                                                         clknet_0_wr_clk (net)
                      0.100655    0.012455    0.137485 ^ clkbuf_4_4_0_wr_clk/A (sky130_fd_sc_hd__clkbuf_8)
     2    0.019466    0.037797    0.106201    0.243686 ^ clkbuf_4_4_0_wr_clk/X (sky130_fd_sc_hd__clkbuf_8)
                                                         clknet_4_4_0_wr_clk (net)
                      0.037833    0.001025    0.244711 ^ clkbuf_5_9__f_wr_clk/A (sky130_fd_sc_hd__clkbuf_16)
     5    0.015295    0.028062    0.083094    0.327805 ^ clkbuf_5_9__f_wr_clk/X (sky130_fd_sc_hd__clkbuf_16)
                                                         clknet_5_9__leaf_wr_clk (net)
                      0.028069    0.000704    0.328509 ^ _1174_/CLK (sky130_fd_sc_hd__dfxtp_2)
     2    0.005132    0.028860    0.193021    0.521530 ^ _1174_/Q (sky130_fd_sc_hd__dfxtp_2)
                                                         u_fifomem.mem[8][0] (net)
                      0.028867    0.000282    0.521813 ^ _1029_/A0 (sky130_fd_sc_hd__mux2_2)
     1    0.002603    0.024072    0.082989    0.604802 ^ _1029_/X (sky130_fd_sc_hd__mux2_2)
                                                         _0499_ (net)
                      0.024072    0.000121    0.604923 ^ _1030_/A (sky130_fd_sc_hd__buf_1)
     1    0.002204    0.027268    0.046785    0.651708 ^ _1030_/X (sky130_fd_sc_hd__buf_1)
                                                         _0114_ (net)
                      0.027269    0.000151    0.651859 ^ _1174_/D (sky130_fd_sc_hd__dfxtp_2)
                                              0.651859   data arrival time

                                  0.000000    0.000000   clock wr_clk (rise edge)
                                  0.000000    0.000000   clock source latency
     1    0.027351    0.000000    0.000000    0.000000 ^ wr_clk (in)
                                                         wr_clk (net)
                      0.002217    0.001109    0.001109 ^ clkbuf_0_wr_clk/A (sky130_fd_sc_hd__clkbuf_16)
    16    0.111526    0.098120    0.123922    0.125030 ^ clkbuf_0_wr_clk/X (sky130_fd_sc_hd__clkbuf_16)
                                                         clknet_0_wr_clk (net)
                      0.100655    0.012455    0.137485 ^ clkbuf_4_4_0_wr_clk/A (sky130_fd_sc_hd__clkbuf_8)
     2    0.019466    0.037797    0.106201    0.243686 ^ clkbuf_4_4_0_wr_clk/X (sky130_fd_sc_hd__clkbuf_8)
                                                         clknet_4_4_0_wr_clk (net)
                      0.037833    0.001025    0.244711 ^ clkbuf_5_9__f_wr_clk/A (sky130_fd_sc_hd__clkbuf_16)
     5    0.015295    0.028062    0.083094    0.327805 ^ clkbuf_5_9__f_wr_clk/X (sky130_fd_sc_hd__clkbuf_16)
                                                         clknet_5_9__leaf_wr_clk (net)
                      0.028069    0.000704    0.328509 ^ _1174_/CLK (sky130_fd_sc_hd__dfxtp_2)
                                  0.100000    0.428509   clock uncertainty
                                  0.000000    0.428509   clock reconvergence pessimism
                                 -0.017106    0.411403   library hold time
                                              0.411403   data required time
---------------------------------------------------------------------------------------------
                                              0.411403   data required time
                                             -0.651859   data arrival time
---------------------------------------------------------------------------------------------
                                              0.240455   slack (MET)


Startpoint: _1080_ (rising edge-triggered flip-flop clocked by wr_clk)
Endpoint: _1080_ (rising edge-triggered flip-flop clocked by wr_clk)
Path Group: wr_clk
Path Type: min

Fanout         Cap        Slew       Delay        Time   Description
---------------------------------------------------------------------------------------------
                                  0.000000    0.000000   clock wr_clk (rise edge)
                                  0.000000    0.000000   clock source latency
     1    0.027351    0.000000    0.000000    0.000000 ^ wr_clk (in)
                                                         wr_clk (net)
                      0.002217    0.001109    0.001109 ^ clkbuf_0_wr_clk/A (sky130_fd_sc_hd__clkbuf_16)
    16    0.111526    0.098120    0.123922    0.125030 ^ clkbuf_0_wr_clk/X (sky130_fd_sc_hd__clkbuf_16)
                                                         clknet_0_wr_clk (net)
                      0.100655    0.012455    0.137485 ^ clkbuf_4_4_0_wr_clk/A (sky130_fd_sc_hd__clkbuf_8)
     2    0.019466    0.037797    0.106201    0.243686 ^ clkbuf_4_4_0_wr_clk/X (sky130_fd_sc_hd__clkbuf_8)
                                                         clknet_4_4_0_wr_clk (net)
                      0.037833    0.001025    0.244711 ^ clkbuf_5_9__f_wr_clk/A (sky130_fd_sc_hd__clkbuf_16)
     5    0.015295    0.028062    0.083094    0.327805 ^ clkbuf_5_9__f_wr_clk/X (sky130_fd_sc_hd__clkbuf_16)
                                                         clknet_5_9__leaf_wr_clk (net)
                      0.028062    0.000462    0.328268 ^ _1080_/CLK (sky130_fd_sc_hd__dfxtp_2)
     2    0.005930    0.031500    0.195195    0.523463 ^ _1080_/Q (sky130_fd_sc_hd__dfxtp_2)
                                                         u_fifomem.mem[11][2] (net)
                      0.031500    0.000181    0.523644 ^ _0824_/A1 (sky130_fd_sc_hd__mux2_2)
     1    0.002454    0.023240    0.082913    0.606556 ^ _0824_/X (sky130_fd_sc_hd__mux2_2)
                                                         _0388_ (net)
                      0.023240    0.000113    0.606669 ^ _0825_/A (sky130_fd_sc_hd__buf_1)
     1    0.002150    0.026820    0.046294    0.652964 ^ _0825_/X (sky130_fd_sc_hd__buf_1)
                                                         _0020_ (net)
                      0.026820    0.000147    0.653111 ^ _1080_/D (sky130_fd_sc_hd__dfxtp_2)
                                              0.653111   data arrival time

                                  0.000000    0.000000   clock wr_clk (rise edge)
                                  0.000000    0.000000   clock source latency
     1    0.027351    0.000000    0.000000    0.000000 ^ wr_clk (in)
                                                         wr_clk (net)
                      0.002217    0.001109    0.001109 ^ clkbuf_0_wr_clk/A (sky130_fd_sc_hd__clkbuf_16)
    16    0.111526    0.098120    0.123922    0.125030 ^ clkbuf_0_wr_clk/X (sky130_fd_sc_hd__clkbuf_16)
                                                         clknet_0_wr_clk (net)
                      0.100655    0.012455    0.137485 ^ clkbuf_4_4_0_wr_clk/A (sky130_fd_sc_hd__clkbuf_8)
     2    0.019466    0.037797    0.106201    0.243686 ^ clkbuf_4_4_0_wr_clk/X (sky130_fd_sc_hd__clkbuf_8)
                                                         clknet_4_4_0_wr_clk (net)
                      0.037833    0.001025    0.244711 ^ clkbuf_5_9__f_wr_clk/A (sky130_fd_sc_hd__clkbuf_16)
     5    0.015295    0.028062    0.083094    0.327805 ^ clkbuf_5_9__f_wr_clk/X (sky130_fd_sc_hd__clkbuf_16)
                                                         clknet_5_9__leaf_wr_clk (net)
                      0.028062    0.000462    0.328268 ^ _1080_/CLK (sky130_fd_sc_hd__dfxtp_2)
                                  0.100000    0.428268   clock uncertainty
                                  0.000000    0.428268   clock reconvergence pessimism
                                 -0.017074    0.411193   library hold time
                                              0.411193   data required time
---------------------------------------------------------------------------------------------
                                              0.411193   data required time
                                             -0.653111   data arrival time
---------------------------------------------------------------------------------------------
                                              0.241917   slack (MET)


Startpoint: _1084_ (rising edge-triggered flip-flop clocked by wr_clk)
Endpoint: _1084_ (rising edge-triggered flip-flop clocked by wr_clk)
Path Group: wr_clk
Path Type: min

Fanout         Cap        Slew       Delay        Time   Description
---------------------------------------------------------------------------------------------
                                  0.000000    0.000000   clock wr_clk (rise edge)
                                  0.000000    0.000000   clock source latency
     1    0.027351    0.000000    0.000000    0.000000 ^ wr_clk (in)
                                                         wr_clk (net)
                      0.002217    0.001109    0.001109 ^ clkbuf_0_wr_clk/A (sky130_fd_sc_hd__clkbuf_16)
    16    0.111526    0.098120    0.123922    0.125030 ^ clkbuf_0_wr_clk/X (sky130_fd_sc_hd__clkbuf_16)
                                                         clknet_0_wr_clk (net)
                      0.100861    0.012955    0.137986 ^ clkbuf_4_7_0_wr_clk/A (sky130_fd_sc_hd__clkbuf_8)
     2    0.019330    0.037616    0.106299    0.244285 ^ clkbuf_4_7_0_wr_clk/X (sky130_fd_sc_hd__clkbuf_8)
                                                         clknet_4_7_0_wr_clk (net)
                      0.037644    0.000917    0.245202 ^ clkbuf_5_15__f_wr_clk/A (sky130_fd_sc_hd__clkbuf_16)
     5    0.014803    0.027736    0.082764    0.327966 ^ clkbuf_5_15__f_wr_clk/X (sky130_fd_sc_hd__clkbuf_16)
                                                         clknet_5_15__leaf_wr_clk (net)
                      0.027736    0.000095    0.328060 ^ _1084_/CLK (sky130_fd_sc_hd__dfxtp_2)
     2    0.005433    0.029843    0.193694    0.521754 ^ _1084_/Q (sky130_fd_sc_hd__dfxtp_2)
                                                         u_fifomem.mem[11][6] (net)
                      0.029843    0.000371    0.522125 ^ _0832_/A1 (sky130_fd_sc_hd__mux2_2)
     1    0.002559    0.023576    0.082857    0.604982 ^ _0832_/X (sky130_fd_sc_hd__mux2_2)
                                                         _0392_ (net)
                      0.023576    0.000118    0.605099 ^ _0833_/A (sky130_fd_sc_hd__buf_1)
     1    0.002521    0.029817    0.048570    0.653670 ^ _0833_/X (sky130_fd_sc_hd__buf_1)
                                                         _0024_ (net)
                      0.029818    0.000185    0.653854 ^ _1084_/D (sky130_fd_sc_hd__dfxtp_2)
                                              0.653854   data arrival time

                                  0.000000    0.000000   clock wr_clk (rise edge)
                                  0.000000    0.000000   clock source latency
     1    0.027351    0.000000    0.000000    0.000000 ^ wr_clk (in)
                                                         wr_clk (net)
                      0.002217    0.001109    0.001109 ^ clkbuf_0_wr_clk/A (sky130_fd_sc_hd__clkbuf_16)
    16    0.111526    0.098120    0.123922    0.125030 ^ clkbuf_0_wr_clk/X (sky130_fd_sc_hd__clkbuf_16)
                                                         clknet_0_wr_clk (net)
                      0.100861    0.012955    0.137986 ^ clkbuf_4_7_0_wr_clk/A (sky130_fd_sc_hd__clkbuf_8)
     2    0.019330    0.037616    0.106299    0.244285 ^ clkbuf_4_7_0_wr_clk/X (sky130_fd_sc_hd__clkbuf_8)
                                                         clknet_4_7_0_wr_clk (net)
                      0.037644    0.000917    0.245202 ^ clkbuf_5_15__f_wr_clk/A (sky130_fd_sc_hd__clkbuf_16)
     5    0.014803    0.027736    0.082764    0.327966 ^ clkbuf_5_15__f_wr_clk/X (sky130_fd_sc_hd__clkbuf_16)
                                                         clknet_5_15__leaf_wr_clk (net)
                      0.027736    0.000095    0.328060 ^ _1084_/CLK (sky130_fd_sc_hd__dfxtp_2)
                                  0.100000    0.428060   clock uncertainty
                                  0.000000    0.428060   clock reconvergence pessimism
                                 -0.017294    0.410766   library hold time
                                              0.410766   data required time
---------------------------------------------------------------------------------------------
                                              0.410766   data required time
                                             -0.653854   data arrival time
---------------------------------------------------------------------------------------------
                                              0.243088   slack (MET)


Startpoint: _1152_ (rising edge-triggered flip-flop clocked by wr_clk)
Endpoint: _1152_ (rising edge-triggered flip-flop clocked by wr_clk)
Path Group: wr_clk
Path Type: min

Fanout         Cap        Slew       Delay        Time   Description
---------------------------------------------------------------------------------------------
                                  0.000000    0.000000   clock wr_clk (rise edge)
                                  0.000000    0.000000   clock source latency
     1    0.027351    0.000000    0.000000    0.000000 ^ wr_clk (in)
                                                         wr_clk (net)
                      0.002217    0.001109    0.001109 ^ clkbuf_0_wr_clk/A (sky130_fd_sc_hd__clkbuf_16)
    16    0.111526    0.098120    0.123922    0.125030 ^ clkbuf_0_wr_clk/X (sky130_fd_sc_hd__clkbuf_16)
                                                         clknet_0_wr_clk (net)
                      0.098798    0.006551    0.131582 ^ clkbuf_4_8_0_wr_clk/A (sky130_fd_sc_hd__clkbuf_8)
     2    0.020863    0.039514    0.106974    0.238556 ^ clkbuf_4_8_0_wr_clk/X (sky130_fd_sc_hd__clkbuf_8)
                                                         clknet_4_8_0_wr_clk (net)
                      0.039569    0.001306    0.239862 ^ clkbuf_5_16__f_wr_clk/A (sky130_fd_sc_hd__clkbuf_16)
     5    0.014475    0.027551    0.083000    0.322862 ^ clkbuf_5_16__f_wr_clk/X (sky130_fd_sc_hd__clkbuf_16)
                                                         clknet_5_16__leaf_wr_clk (net)
                      0.027565    0.001080    0.323942 ^ _1152_/CLK (sky130_fd_sc_hd__dfxtp_2)
     2    0.005662    0.030598    0.194264    0.518206 ^ _1152_/Q (sky130_fd_sc_hd__dfxtp_2)
                                                         u_fifomem.mem[5][2] (net)
                      0.030598    0.000357    0.518563 ^ _0981_/A0 (sky130_fd_sc_hd__mux2_2)
     1    0.002912    0.025053    0.084585    0.603148 ^ _0981_/X (sky130_fd_sc_hd__mux2_2)
                                                         _0473_ (net)
                      0.025059    0.000201    0.603349 ^ _0982_/A (sky130_fd_sc_hd__buf_1)
     1    0.002211    0.027332    0.047016    0.650365 ^ _0982_/X (sky130_fd_sc_hd__buf_1)
                                                         _0092_ (net)
                      0.027332    0.000156    0.650521 ^ _1152_/D (sky130_fd_sc_hd__dfxtp_2)
                                              0.650521   data arrival time

                                  0.000000    0.000000   clock wr_clk (rise edge)
                                  0.000000    0.000000   clock source latency
     1    0.027351    0.000000    0.000000    0.000000 ^ wr_clk (in)
                                                         wr_clk (net)
                      0.002217    0.001109    0.001109 ^ clkbuf_0_wr_clk/A (sky130_fd_sc_hd__clkbuf_16)
    16    0.111526    0.098120    0.123922    0.125030 ^ clkbuf_0_wr_clk/X (sky130_fd_sc_hd__clkbuf_16)
                                                         clknet_0_wr_clk (net)
                      0.098798    0.006551    0.131582 ^ clkbuf_4_8_0_wr_clk/A (sky130_fd_sc_hd__clkbuf_8)
     2    0.020863    0.039514    0.106974    0.238556 ^ clkbuf_4_8_0_wr_clk/X (sky130_fd_sc_hd__clkbuf_8)
                                                         clknet_4_8_0_wr_clk (net)
                      0.039569    0.001306    0.239862 ^ clkbuf_5_16__f_wr_clk/A (sky130_fd_sc_hd__clkbuf_16)
     5    0.014475    0.027551    0.083000    0.322862 ^ clkbuf_5_16__f_wr_clk/X (sky130_fd_sc_hd__clkbuf_16)
                                                         clknet_5_16__leaf_wr_clk (net)
                      0.027565    0.001080    0.323942 ^ _1152_/CLK (sky130_fd_sc_hd__dfxtp_2)
                                  0.100000    0.423942   clock uncertainty
                                  0.000000    0.423942   clock reconvergence pessimism
                                 -0.017122    0.406819   library hold time
                                              0.406819   data required time
---------------------------------------------------------------------------------------------
                                              0.406819   data required time
                                             -0.650521   data arrival time
---------------------------------------------------------------------------------------------
                                              0.243702   slack (MET)


Startpoint: _1146_ (rising edge-triggered flip-flop clocked by wr_clk)
Endpoint: _1146_ (rising edge-triggered flip-flop clocked by wr_clk)
Path Group: wr_clk
Path Type: min

Fanout         Cap        Slew       Delay        Time   Description
---------------------------------------------------------------------------------------------
                                  0.000000    0.000000   clock wr_clk (rise edge)
                                  0.000000    0.000000   clock source latency
     1    0.027351    0.000000    0.000000    0.000000 ^ wr_clk (in)
                                                         wr_clk (net)
                      0.002217    0.001109    0.001109 ^ clkbuf_0_wr_clk/A (sky130_fd_sc_hd__clkbuf_16)
    16    0.111526    0.098120    0.123922    0.125030 ^ clkbuf_0_wr_clk/X (sky130_fd_sc_hd__clkbuf_16)
                                                         clknet_0_wr_clk (net)
                      0.098798    0.006551    0.131582 ^ clkbuf_4_8_0_wr_clk/A (sky130_fd_sc_hd__clkbuf_8)
     2    0.020863    0.039514    0.106974    0.238556 ^ clkbuf_4_8_0_wr_clk/X (sky130_fd_sc_hd__clkbuf_8)
                                                         clknet_4_8_0_wr_clk (net)
                      0.039569    0.001306    0.239862 ^ clkbuf_5_16__f_wr_clk/A (sky130_fd_sc_hd__clkbuf_16)
     5    0.014475    0.027551    0.083000    0.322862 ^ clkbuf_5_16__f_wr_clk/X (sky130_fd_sc_hd__clkbuf_16)
                                                         clknet_5_16__leaf_wr_clk (net)
                      0.027559    0.000837    0.323699 ^ _1146_/CLK (sky130_fd_sc_hd__dfxtp_2)
     2    0.005805    0.031070    0.194634    0.518333 ^ _1146_/Q (sky130_fd_sc_hd__dfxtp_2)
                                                         u_fifomem.mem[4][4] (net)
                      0.031070    0.000338    0.518672 ^ _0968_/A0 (sky130_fd_sc_hd__mux2_2)
     1    0.003016    0.025389    0.085098    0.603770 ^ _0968_/X (sky130_fd_sc_hd__mux2_2)
                                                         _0466_ (net)
                      0.025390    0.000204    0.603973 ^ _0969_/A (sky130_fd_sc_hd__buf_1)
     1    0.002113    0.026560    0.046515    0.650488 ^ _0969_/X (sky130_fd_sc_hd__buf_1)
                                                         _0086_ (net)
                      0.026560    0.000096    0.650584 ^ _1146_/D (sky130_fd_sc_hd__dfxtp_2)
                                              0.650584   data arrival time

                                  0.000000    0.000000   clock wr_clk (rise edge)
                                  0.000000    0.000000   clock source latency
     1    0.027351    0.000000    0.000000    0.000000 ^ wr_clk (in)
                                                         wr_clk (net)
                      0.002217    0.001109    0.001109 ^ clkbuf_0_wr_clk/A (sky130_fd_sc_hd__clkbuf_16)
    16    0.111526    0.098120    0.123922    0.125030 ^ clkbuf_0_wr_clk/X (sky130_fd_sc_hd__clkbuf_16)
                                                         clknet_0_wr_clk (net)
                      0.098798    0.006551    0.131582 ^ clkbuf_4_8_0_wr_clk/A (sky130_fd_sc_hd__clkbuf_8)
     2    0.020863    0.039514    0.106974    0.238556 ^ clkbuf_4_8_0_wr_clk/X (sky130_fd_sc_hd__clkbuf_8)
                                                         clknet_4_8_0_wr_clk (net)
                      0.039569    0.001306    0.239862 ^ clkbuf_5_16__f_wr_clk/A (sky130_fd_sc_hd__clkbuf_16)
     5    0.014475    0.027551    0.083000    0.322862 ^ clkbuf_5_16__f_wr_clk/X (sky130_fd_sc_hd__clkbuf_16)
                                                         clknet_5_16__leaf_wr_clk (net)
                      0.027559    0.000837    0.323699 ^ _1146_/CLK (sky130_fd_sc_hd__dfxtp_2)
                                  0.100000    0.423699   clock uncertainty
                                  0.000000    0.423699   clock reconvergence pessimism
                                 -0.017068    0.406631   library hold time
                                              0.406631   data required time
---------------------------------------------------------------------------------------------
                                              0.406631   data required time
                                             -0.650584   data arrival time
---------------------------------------------------------------------------------------------
                                              0.243953   slack (MET)


Startpoint: _1067_ (rising edge-triggered flip-flop clocked by wr_clk)
Endpoint: _1067_ (rising edge-triggered flip-flop clocked by wr_clk)
Path Group: wr_clk
Path Type: min

Fanout         Cap        Slew       Delay        Time   Description
---------------------------------------------------------------------------------------------
                                  0.000000    0.000000   clock wr_clk (rise edge)
                                  0.000000    0.000000   clock source latency
     1    0.027351    0.000000    0.000000    0.000000 ^ wr_clk (in)
                                                         wr_clk (net)
                      0.002217    0.001109    0.001109 ^ clkbuf_0_wr_clk/A (sky130_fd_sc_hd__clkbuf_16)
    16    0.111526    0.098120    0.123922    0.125030 ^ clkbuf_0_wr_clk/X (sky130_fd_sc_hd__clkbuf_16)
                                                         clknet_0_wr_clk (net)
                      0.098798    0.006551    0.131582 ^ clkbuf_4_8_0_wr_clk/A (sky130_fd_sc_hd__clkbuf_8)
     2    0.020863    0.039514    0.106974    0.238556 ^ clkbuf_4_8_0_wr_clk/X (sky130_fd_sc_hd__clkbuf_8)
                                                         clknet_4_8_0_wr_clk (net)
                      0.039595    0.001546    0.240101 ^ clkbuf_5_17__f_wr_clk/A (sky130_fd_sc_hd__clkbuf_16)
     5    0.016214    0.028704    0.084091    0.324192 ^ clkbuf_5_17__f_wr_clk/X (sky130_fd_sc_hd__clkbuf_16)
                                                         clknet_5_17__leaf_wr_clk (net)
                      0.028718    0.001051    0.325243 ^ _1067_/CLK (sky130_fd_sc_hd__dfxtp_2)
     2    0.005181    0.029016    0.193343    0.518586 ^ _1067_/Q (sky130_fd_sc_hd__dfxtp_2)
                                                         u_fifomem.mem[0][5] (net)
                      0.029026    0.000299    0.518885 ^ _0796_/A0 (sky130_fd_sc_hd__mux2_2)
     1    0.002564    0.023947    0.082869    0.601754 ^ _0796_/X (sky130_fd_sc_hd__mux2_2)
                                                         _0373_ (net)
                      0.023947    0.000185    0.601939 ^ _0797_/A (sky130_fd_sc_hd__buf_1)
     1    0.002726    0.031493    0.049883    0.651822 ^ _0797_/X (sky130_fd_sc_hd__buf_1)
                                                         _0007_ (net)
                      0.031493    0.000179    0.652001 ^ _1067_/D (sky130_fd_sc_hd__dfxtp_2)
                                              0.652001   data arrival time

                                  0.000000    0.000000   clock wr_clk (rise edge)
                                  0.000000    0.000000   clock source latency
     1    0.027351    0.000000    0.000000    0.000000 ^ wr_clk (in)
                                                         wr_clk (net)
                      0.002217    0.001109    0.001109 ^ clkbuf_0_wr_clk/A (sky130_fd_sc_hd__clkbuf_16)
    16    0.111526    0.098120    0.123922    0.125030 ^ clkbuf_0_wr_clk/X (sky130_fd_sc_hd__clkbuf_16)
                                                         clknet_0_wr_clk (net)
                      0.098798    0.006551    0.131582 ^ clkbuf_4_8_0_wr_clk/A (sky130_fd_sc_hd__clkbuf_8)
     2    0.020863    0.039514    0.106974    0.238556 ^ clkbuf_4_8_0_wr_clk/X (sky130_fd_sc_hd__clkbuf_8)
                                                         clknet_4_8_0_wr_clk (net)
                      0.039595    0.001546    0.240101 ^ clkbuf_5_17__f_wr_clk/A (sky130_fd_sc_hd__clkbuf_16)
     5    0.016214    0.028704    0.084091    0.324192 ^ clkbuf_5_17__f_wr_clk/X (sky130_fd_sc_hd__clkbuf_16)
                                                         clknet_5_17__leaf_wr_clk (net)
                      0.028718    0.001051    0.325243 ^ _1067_/CLK (sky130_fd_sc_hd__dfxtp_2)
                                  0.100000    0.425243   clock uncertainty
                                  0.000000    0.425243   clock reconvergence pessimism
                                 -0.017389    0.407853   library hold time
                                              0.407853   data required time
---------------------------------------------------------------------------------------------
                                              0.407853   data required time
                                             -0.652001   data arrival time
---------------------------------------------------------------------------------------------
                                              0.244148   slack (MET)


Startpoint: _1179_ (rising edge-triggered flip-flop clocked by wr_clk)
Endpoint: _1179_ (rising edge-triggered flip-flop clocked by wr_clk)
Path Group: wr_clk
Path Type: min

Fanout         Cap        Slew       Delay        Time   Description
---------------------------------------------------------------------------------------------
                                  0.000000    0.000000   clock wr_clk (rise edge)
                                  0.000000    0.000000   clock source latency
     1    0.027351    0.000000    0.000000    0.000000 ^ wr_clk (in)
                                                         wr_clk (net)
                      0.002217    0.001109    0.001109 ^ clkbuf_0_wr_clk/A (sky130_fd_sc_hd__clkbuf_16)
    16    0.111526    0.098120    0.123922    0.125030 ^ clkbuf_0_wr_clk/X (sky130_fd_sc_hd__clkbuf_16)
                                                         clknet_0_wr_clk (net)
                      0.098124    0.000576    0.125606 ^ clkbuf_4_12_0_wr_clk/A (sky130_fd_sc_hd__clkbuf_8)
     2    0.020414    0.038981    0.106337    0.231943 ^ clkbuf_4_12_0_wr_clk/X (sky130_fd_sc_hd__clkbuf_8)
                                                         clknet_4_12_0_wr_clk (net)
                      0.039040    0.001321    0.233264 ^ clkbuf_5_24__f_wr_clk/A (sky130_fd_sc_hd__clkbuf_16)
     5    0.015089    0.027930    0.083348    0.316612 ^ clkbuf_5_24__f_wr_clk/X (sky130_fd_sc_hd__clkbuf_16)
                                                         clknet_5_24__leaf_wr_clk (net)
                      0.027930    0.000237    0.316848 ^ _1179_/CLK (sky130_fd_sc_hd__dfxtp_2)
     2    0.006294    0.032701    0.196092    0.512940 ^ _1179_/Q (sky130_fd_sc_hd__dfxtp_2)
                                                         u_fifomem.mem[8][5] (net)
                      0.032701    0.000279    0.513219 ^ _1039_/A0 (sky130_fd_sc_hd__mux2_2)
     1    0.002658    0.024239    0.084248    0.597467 ^ _1039_/X (sky130_fd_sc_hd__mux2_2)
                                                         _0504_ (net)
                      0.024239    0.000125    0.597591 ^ _1040_/A (sky130_fd_sc_hd__buf_1)
     1    0.002153    0.026860    0.046512    0.644103 ^ _1040_/X (sky130_fd_sc_hd__buf_1)
                                                         _0119_ (net)
                      0.026861    0.000148    0.644252 ^ _1179_/D (sky130_fd_sc_hd__dfxtp_2)
                                              0.644252   data arrival time

                                  0.000000    0.000000   clock wr_clk (rise edge)
                                  0.000000    0.000000   clock source latency
     1    0.027351    0.000000    0.000000    0.000000 ^ wr_clk (in)
                                                         wr_clk (net)
                      0.002217    0.001109    0.001109 ^ clkbuf_0_wr_clk/A (sky130_fd_sc_hd__clkbuf_16)
    16    0.111526    0.098120    0.123922    0.125030 ^ clkbuf_0_wr_clk/X (sky130_fd_sc_hd__clkbuf_16)
                                                         clknet_0_wr_clk (net)
                      0.098124    0.000576    0.125606 ^ clkbuf_4_12_0_wr_clk/A (sky130_fd_sc_hd__clkbuf_8)
     2    0.020414    0.038981    0.106337    0.231943 ^ clkbuf_4_12_0_wr_clk/X (sky130_fd_sc_hd__clkbuf_8)
                                                         clknet_4_12_0_wr_clk (net)
                      0.039040    0.001321    0.233264 ^ clkbuf_5_24__f_wr_clk/A (sky130_fd_sc_hd__clkbuf_16)
     5    0.015089    0.027930    0.083348    0.316612 ^ clkbuf_5_24__f_wr_clk/X (sky130_fd_sc_hd__clkbuf_16)
                                                         clknet_5_24__leaf_wr_clk (net)
                      0.027930    0.000237    0.316848 ^ _1179_/CLK (sky130_fd_sc_hd__dfxtp_2)
                                  0.100000    0.416848   clock uncertainty
                                  0.000000    0.416848   clock reconvergence pessimism
                                 -0.017080    0.399768   library hold time
                                              0.399768   data required time
---------------------------------------------------------------------------------------------
                                              0.399768   data required time
                                             -0.644252   data arrival time
---------------------------------------------------------------------------------------------
                                              0.244484   slack (MET)


Startpoint: _1169_ (rising edge-triggered flip-flop clocked by wr_clk)
Endpoint: _1169_ (rising edge-triggered flip-flop clocked by wr_clk)
Path Group: wr_clk
Path Type: min

Fanout         Cap        Slew       Delay        Time   Description
---------------------------------------------------------------------------------------------
                                  0.000000    0.000000   clock wr_clk (rise edge)
                                  0.000000    0.000000   clock source latency
     1    0.027351    0.000000    0.000000    0.000000 ^ wr_clk (in)
                                                         wr_clk (net)
                      0.002217    0.001109    0.001109 ^ clkbuf_0_wr_clk/A (sky130_fd_sc_hd__clkbuf_16)
    16    0.111526    0.098120    0.123922    0.125030 ^ clkbuf_0_wr_clk/X (sky130_fd_sc_hd__clkbuf_16)
                                                         clknet_0_wr_clk (net)
                      0.098638    0.005770    0.130801 ^ clkbuf_4_11_0_wr_clk/A (sky130_fd_sc_hd__clkbuf_8)
     2    0.017957    0.036150    0.104035    0.234836 ^ clkbuf_4_11_0_wr_clk/X (sky130_fd_sc_hd__clkbuf_8)
                                                         clknet_4_11_0_wr_clk (net)
                      0.036195    0.001101    0.235937 ^ clkbuf_5_22__f_wr_clk/A (sky130_fd_sc_hd__clkbuf_16)
     5    0.016085    0.028602    0.083104    0.319041 ^ clkbuf_5_22__f_wr_clk/X (sky130_fd_sc_hd__clkbuf_16)
                                                         clknet_5_22__leaf_wr_clk (net)
                      0.028613    0.000953    0.319994 ^ _1169_/CLK (sky130_fd_sc_hd__dfxtp_2)
     2    0.005302    0.029433    0.193669    0.513663 ^ _1169_/Q (sky130_fd_sc_hd__dfxtp_2)
                                                         u_fifomem.mem[7][3] (net)
                      0.029433    0.000243    0.513906 ^ _1017_/A1 (sky130_fd_sc_hd__mux2_2)
     1    0.003045    0.025148    0.084544    0.598450 ^ _1017_/X (sky130_fd_sc_hd__mux2_2)
                                                         _0492_ (net)
                      0.025148    0.000131    0.598581 ^ _1018_/A (sky130_fd_sc_hd__buf_1)
     1    0.002515    0.029795    0.048861    0.647442 ^ _1018_/X (sky130_fd_sc_hd__buf_1)
                                                         _0109_ (net)
                      0.029795    0.000169    0.647611 ^ _1169_/D (sky130_fd_sc_hd__dfxtp_2)
                                              0.647611   data arrival time

                                  0.000000    0.000000   clock wr_clk (rise edge)
                                  0.000000    0.000000   clock source latency
     1    0.027351    0.000000    0.000000    0.000000 ^ wr_clk (in)
                                                         wr_clk (net)
                      0.002217    0.001109    0.001109 ^ clkbuf_0_wr_clk/A (sky130_fd_sc_hd__clkbuf_16)
    16    0.111526    0.098120    0.123922    0.125030 ^ clkbuf_0_wr_clk/X (sky130_fd_sc_hd__clkbuf_16)
                                                         clknet_0_wr_clk (net)
                      0.098638    0.005770    0.130801 ^ clkbuf_4_11_0_wr_clk/A (sky130_fd_sc_hd__clkbuf_8)
     2    0.017957    0.036150    0.104035    0.234836 ^ clkbuf_4_11_0_wr_clk/X (sky130_fd_sc_hd__clkbuf_8)
                                                         clknet_4_11_0_wr_clk (net)
                      0.036195    0.001101    0.235937 ^ clkbuf_5_22__f_wr_clk/A (sky130_fd_sc_hd__clkbuf_16)
     5    0.016085    0.028602    0.083104    0.319041 ^ clkbuf_5_22__f_wr_clk/X (sky130_fd_sc_hd__clkbuf_16)
                                                         clknet_5_22__leaf_wr_clk (net)
                      0.028613    0.000953    0.319994 ^ _1169_/CLK (sky130_fd_sc_hd__dfxtp_2)
                                  0.100000    0.419994   clock uncertainty
                                  0.000000    0.419994   clock reconvergence pessimism
                                 -0.017272    0.402722   library hold time
                                              0.402722   data required time
---------------------------------------------------------------------------------------------
                                              0.402722   data required time
                                             -0.647611   data arrival time
---------------------------------------------------------------------------------------------
                                              0.244889   slack (MET)


Startpoint: _1170_ (rising edge-triggered flip-flop clocked by wr_clk)
Endpoint: _1170_ (rising edge-triggered flip-flop clocked by wr_clk)
Path Group: wr_clk
Path Type: min

Fanout         Cap        Slew       Delay        Time   Description
---------------------------------------------------------------------------------------------
                                  0.000000    0.000000   clock wr_clk (rise edge)
                                  0.000000    0.000000   clock source latency
     1    0.027351    0.000000    0.000000    0.000000 ^ wr_clk (in)
                                                         wr_clk (net)
                      0.002217    0.001109    0.001109 ^ clkbuf_0_wr_clk/A (sky130_fd_sc_hd__clkbuf_16)
    16    0.111526    0.098120    0.123922    0.125030 ^ clkbuf_0_wr_clk/X (sky130_fd_sc_hd__clkbuf_16)
                                                         clknet_0_wr_clk (net)
                      0.098798    0.006551    0.131582 ^ clkbuf_4_8_0_wr_clk/A (sky130_fd_sc_hd__clkbuf_8)
     2    0.020863    0.039514    0.106974    0.238556 ^ clkbuf_4_8_0_wr_clk/X (sky130_fd_sc_hd__clkbuf_8)
                                                         clknet_4_8_0_wr_clk (net)
                      0.039569    0.001306    0.239862 ^ clkbuf_5_16__f_wr_clk/A (sky130_fd_sc_hd__clkbuf_16)
     5    0.014475    0.027551    0.083000    0.322862 ^ clkbuf_5_16__f_wr_clk/X (sky130_fd_sc_hd__clkbuf_16)
                                                         clknet_5_16__leaf_wr_clk (net)
                      0.027564    0.001072    0.323934 ^ _1170_/CLK (sky130_fd_sc_hd__dfxtp_2)
     2    0.005774    0.030990    0.194645    0.518579 ^ _1170_/Q (sky130_fd_sc_hd__dfxtp_2)
                                                         u_fifomem.mem[7][4] (net)
                      0.030990    0.000190    0.518769 ^ _1019_/A1 (sky130_fd_sc_hd__mux2_2)
     1    0.003166    0.025538    0.085378    0.604147 ^ _1019_/X (sky130_fd_sc_hd__mux2_2)
                                                         _0493_ (net)
                      0.025539    0.000218    0.604365 ^ _1020_/A (sky130_fd_sc_hd__buf_1)
     1    0.002259    0.027723    0.047398    0.651763 ^ _1020_/X (sky130_fd_sc_hd__buf_1)
                                                         _0110_ (net)
                      0.027724    0.000161    0.651924 ^ _1170_/D (sky130_fd_sc_hd__dfxtp_2)
                                              0.651924   data arrival time

                                  0.000000    0.000000   clock wr_clk (rise edge)
                                  0.000000    0.000000   clock source latency
     1    0.027351    0.000000    0.000000    0.000000 ^ wr_clk (in)
                                                         wr_clk (net)
                      0.002217    0.001109    0.001109 ^ clkbuf_0_wr_clk/A (sky130_fd_sc_hd__clkbuf_16)
    16    0.111526    0.098120    0.123922    0.125030 ^ clkbuf_0_wr_clk/X (sky130_fd_sc_hd__clkbuf_16)
                                                         clknet_0_wr_clk (net)
                      0.098798    0.006551    0.131582 ^ clkbuf_4_8_0_wr_clk/A (sky130_fd_sc_hd__clkbuf_8)
     2    0.020863    0.039514    0.106974    0.238556 ^ clkbuf_4_8_0_wr_clk/X (sky130_fd_sc_hd__clkbuf_8)
                                                         clknet_4_8_0_wr_clk (net)
                      0.039569    0.001306    0.239862 ^ clkbuf_5_16__f_wr_clk/A (sky130_fd_sc_hd__clkbuf_16)
     5    0.014475    0.027551    0.083000    0.322862 ^ clkbuf_5_16__f_wr_clk/X (sky130_fd_sc_hd__clkbuf_16)
                                                         clknet_5_16__leaf_wr_clk (net)
                      0.027564    0.001072    0.323934 ^ _1170_/CLK (sky130_fd_sc_hd__dfxtp_2)
                                  0.100000    0.423934   clock uncertainty
                                  0.000000    0.423934   clock reconvergence pessimism
                                 -0.017150    0.406784   library hold time
                                              0.406784   data required time
---------------------------------------------------------------------------------------------
                                              0.406784   data required time
                                             -0.651924   data arrival time
---------------------------------------------------------------------------------------------
                                              0.245140   slack (MET)


Startpoint: _1178_ (rising edge-triggered flip-flop clocked by wr_clk)
Endpoint: _1178_ (rising edge-triggered flip-flop clocked by wr_clk)
Path Group: wr_clk
Path Type: min

Fanout         Cap        Slew       Delay        Time   Description
---------------------------------------------------------------------------------------------
                                  0.000000    0.000000   clock wr_clk (rise edge)
                                  0.000000    0.000000   clock source latency
     1    0.027351    0.000000    0.000000    0.000000 ^ wr_clk (in)
                                                         wr_clk (net)
                      0.002217    0.001109    0.001109 ^ clkbuf_0_wr_clk/A (sky130_fd_sc_hd__clkbuf_16)
    16    0.111526    0.098120    0.123922    0.125030 ^ clkbuf_0_wr_clk/X (sky130_fd_sc_hd__clkbuf_16)
                                                         clknet_0_wr_clk (net)
                      0.099794    0.010130    0.135160 ^ clkbuf_4_2_0_wr_clk/A (sky130_fd_sc_hd__clkbuf_8)
     2    0.019567    0.037881    0.106206    0.241366 ^ clkbuf_4_2_0_wr_clk/X (sky130_fd_sc_hd__clkbuf_8)
                                                         clknet_4_2_0_wr_clk (net)
                      0.037902    0.000813    0.242179 ^ clkbuf_5_4__f_wr_clk/A (sky130_fd_sc_hd__clkbuf_16)
     5    0.016785    0.029042    0.084153    0.326333 ^ clkbuf_5_4__f_wr_clk/X (sky130_fd_sc_hd__clkbuf_16)
                                                         clknet_5_4__leaf_wr_clk (net)
                      0.029050    0.000735    0.327068 ^ _1178_/CLK (sky130_fd_sc_hd__dfxtp_2)
     2    0.005271    0.029328    0.193706    0.520774 ^ _1178_/Q (sky130_fd_sc_hd__dfxtp_2)
                                                         u_fifomem.mem[8][4] (net)
                      0.029328    0.000258    0.521032 ^ _1037_/A0 (sky130_fd_sc_hd__mux2_2)
     1    0.003393    0.026600    0.086007    0.607039 ^ _1037_/X (sky130_fd_sc_hd__mux2_2)
                                                         _0503_ (net)
                      0.026604    0.000221    0.607260 ^ _1038_/A (sky130_fd_sc_hd__buf_1)
     1    0.002289    0.027994    0.047816    0.655076 ^ _1038_/X (sky130_fd_sc_hd__buf_1)
                                                         _0118_ (net)
                      0.027994    0.000102    0.655178 ^ _1178_/D (sky130_fd_sc_hd__dfxtp_2)
                                              0.655178   data arrival time

                                  0.000000    0.000000   clock wr_clk (rise edge)
                                  0.000000    0.000000   clock source latency
     1    0.027351    0.000000    0.000000    0.000000 ^ wr_clk (in)
                                                         wr_clk (net)
                      0.002217    0.001109    0.001109 ^ clkbuf_0_wr_clk/A (sky130_fd_sc_hd__clkbuf_16)
    16    0.111526    0.098120    0.123922    0.125030 ^ clkbuf_0_wr_clk/X (sky130_fd_sc_hd__clkbuf_16)
                                                         clknet_0_wr_clk (net)
                      0.099794    0.010130    0.135160 ^ clkbuf_4_2_0_wr_clk/A (sky130_fd_sc_hd__clkbuf_8)
     2    0.019567    0.037881    0.106206    0.241366 ^ clkbuf_4_2_0_wr_clk/X (sky130_fd_sc_hd__clkbuf_8)
                                                         clknet_4_2_0_wr_clk (net)
                      0.037902    0.000813    0.242179 ^ clkbuf_5_4__f_wr_clk/A (sky130_fd_sc_hd__clkbuf_16)
     5    0.016785    0.029042    0.084153    0.326333 ^ clkbuf_5_4__f_wr_clk/X (sky130_fd_sc_hd__clkbuf_16)
                                                         clknet_5_4__leaf_wr_clk (net)
                      0.029050    0.000735    0.327068 ^ _1178_/CLK (sky130_fd_sc_hd__dfxtp_2)
                                  0.100000    0.427068   clock uncertainty
                                  0.000000    0.427068   clock reconvergence pessimism
                                 -0.017134    0.409934   library hold time
                                              0.409934   data required time
---------------------------------------------------------------------------------------------
                                              0.409934   data required time
                                             -0.655178   data arrival time
---------------------------------------------------------------------------------------------
                                              0.245244   slack (MET)


Startpoint: _1070_ (rising edge-triggered flip-flop clocked by wr_clk)
Endpoint: _1070_ (rising edge-triggered flip-flop clocked by wr_clk)
Path Group: wr_clk
Path Type: min

Fanout         Cap        Slew       Delay        Time   Description
---------------------------------------------------------------------------------------------
                                  0.000000    0.000000   clock wr_clk (rise edge)
                                  0.000000    0.000000   clock source latency
     1    0.027351    0.000000    0.000000    0.000000 ^ wr_clk (in)
                                                         wr_clk (net)
                      0.002217    0.001109    0.001109 ^ clkbuf_0_wr_clk/A (sky130_fd_sc_hd__clkbuf_16)
    16    0.111526    0.098120    0.123922    0.125030 ^ clkbuf_0_wr_clk/X (sky130_fd_sc_hd__clkbuf_16)
                                                         clknet_0_wr_clk (net)
                      0.100425    0.011876    0.136906 ^ clkbuf_4_5_0_wr_clk/A (sky130_fd_sc_hd__clkbuf_8)
     2    0.019828    0.038352    0.106303    0.243209 ^ clkbuf_4_5_0_wr_clk/X (sky130_fd_sc_hd__clkbuf_8)
                                                         clknet_4_5_0_wr_clk (net)
                      0.038424    0.001439    0.244647 ^ clkbuf_5_10__f_wr_clk/A (sky130_fd_sc_hd__clkbuf_16)
     5    0.015595    0.028293    0.083338    0.327986 ^ clkbuf_5_10__f_wr_clk/X (sky130_fd_sc_hd__clkbuf_16)
                                                         clknet_5_10__leaf_wr_clk (net)
                      0.028313    0.001309    0.329294 ^ _1070_/CLK (sky130_fd_sc_hd__dfxtp_2)
     2    0.005431    0.029840    0.193877    0.523171 ^ _1070_/Q (sky130_fd_sc_hd__dfxtp_2)
                                                         u_fifomem.mem[10][0] (net)
                      0.029840    0.000331    0.523502 ^ _0803_/A0 (sky130_fd_sc_hd__mux2_2)
     1    0.002108    0.022490    0.081437    0.604939 ^ _0803_/X (sky130_fd_sc_hd__mux2_2)
                                                         _0377_ (net)
                      0.022490    0.000096    0.605035 ^ _0804_/A (sky130_fd_sc_hd__buf_2)
     1    0.001975    0.016615    0.053319    0.658354 ^ _0804_/X (sky130_fd_sc_hd__buf_2)
                                                         _0010_ (net)
                      0.016615    0.000142    0.658495 ^ _1070_/D (sky130_fd_sc_hd__dfxtp_2)
                                              0.658495   data arrival time

                                  0.000000    0.000000   clock wr_clk (rise edge)
                                  0.000000    0.000000   clock source latency
     1    0.027351    0.000000    0.000000    0.000000 ^ wr_clk (in)
                                                         wr_clk (net)
                      0.002217    0.001109    0.001109 ^ clkbuf_0_wr_clk/A (sky130_fd_sc_hd__clkbuf_16)
    16    0.111526    0.098120    0.123922    0.125030 ^ clkbuf_0_wr_clk/X (sky130_fd_sc_hd__clkbuf_16)
                                                         clknet_0_wr_clk (net)
                      0.100425    0.011876    0.136906 ^ clkbuf_4_5_0_wr_clk/A (sky130_fd_sc_hd__clkbuf_8)
     2    0.019828    0.038352    0.106303    0.243209 ^ clkbuf_4_5_0_wr_clk/X (sky130_fd_sc_hd__clkbuf_8)
                                                         clknet_4_5_0_wr_clk (net)
                      0.038424    0.001439    0.244647 ^ clkbuf_5_10__f_wr_clk/A (sky130_fd_sc_hd__clkbuf_16)
     5    0.015595    0.028293    0.083338    0.327986 ^ clkbuf_5_10__f_wr_clk/X (sky130_fd_sc_hd__clkbuf_16)
                                                         clknet_5_10__leaf_wr_clk (net)
                      0.028313    0.001309    0.329294 ^ _1070_/CLK (sky130_fd_sc_hd__dfxtp_2)
                                  0.100000    0.429294   clock uncertainty
                                  0.000000    0.429294   clock reconvergence pessimism
                                 -0.016346    0.412948   library hold time
                                              0.412948   data required time
---------------------------------------------------------------------------------------------
                                              0.412948   data required time
                                             -0.658495   data arrival time
---------------------------------------------------------------------------------------------
                                              0.245547   slack (MET)


Startpoint: _1176_ (rising edge-triggered flip-flop clocked by wr_clk)
Endpoint: _1176_ (rising edge-triggered flip-flop clocked by wr_clk)
Path Group: wr_clk
Path Type: min

Fanout         Cap        Slew       Delay        Time   Description
---------------------------------------------------------------------------------------------
                                  0.000000    0.000000   clock wr_clk (rise edge)
                                  0.000000    0.000000   clock source latency
     1    0.027351    0.000000    0.000000    0.000000 ^ wr_clk (in)
                                                         wr_clk (net)
                      0.002217    0.001109    0.001109 ^ clkbuf_0_wr_clk/A (sky130_fd_sc_hd__clkbuf_16)
    16    0.111526    0.098120    0.123922    0.125030 ^ clkbuf_0_wr_clk/X (sky130_fd_sc_hd__clkbuf_16)
                                                         clknet_0_wr_clk (net)
                      0.100655    0.012455    0.137485 ^ clkbuf_4_4_0_wr_clk/A (sky130_fd_sc_hd__clkbuf_8)
     2    0.019466    0.037797    0.106201    0.243686 ^ clkbuf_4_4_0_wr_clk/X (sky130_fd_sc_hd__clkbuf_8)
                                                         clknet_4_4_0_wr_clk (net)
                      0.037833    0.001025    0.244711 ^ clkbuf_5_9__f_wr_clk/A (sky130_fd_sc_hd__clkbuf_16)
     5    0.015295    0.028062    0.083094    0.327805 ^ clkbuf_5_9__f_wr_clk/X (sky130_fd_sc_hd__clkbuf_16)
                                                         clknet_5_9__leaf_wr_clk (net)
                      0.028070    0.000770    0.328575 ^ _1176_/CLK (sky130_fd_sc_hd__dfxtp_2)
     2    0.004974    0.028348    0.192585    0.521160 ^ _1176_/Q (sky130_fd_sc_hd__dfxtp_2)
                                                         u_fifomem.mem[8][2] (net)
                      0.028349    0.000311    0.521471 ^ _1033_/A0 (sky130_fd_sc_hd__mux2_2)
     1    0.003303    0.026313    0.085387    0.606858 ^ _1033_/X (sky130_fd_sc_hd__mux2_2)
                                                         _0501_ (net)
                      0.026314    0.000245    0.607103 ^ _1034_/A (sky130_fd_sc_hd__buf_1)
     1    0.002651    0.030907    0.049904    0.657007 ^ _1034_/X (sky130_fd_sc_hd__buf_1)
                                                         _0116_ (net)
                      0.030907    0.000174    0.657182 ^ _1176_/D (sky130_fd_sc_hd__dfxtp_2)
                                              0.657182   data arrival time

                                  0.000000    0.000000   clock wr_clk (rise edge)
                                  0.000000    0.000000   clock source latency
     1    0.027351    0.000000    0.000000    0.000000 ^ wr_clk (in)
                                                         wr_clk (net)
                      0.002217    0.001109    0.001109 ^ clkbuf_0_wr_clk/A (sky130_fd_sc_hd__clkbuf_16)
    16    0.111526    0.098120    0.123922    0.125030 ^ clkbuf_0_wr_clk/X (sky130_fd_sc_hd__clkbuf_16)
                                                         clknet_0_wr_clk (net)
                      0.100655    0.012455    0.137485 ^ clkbuf_4_4_0_wr_clk/A (sky130_fd_sc_hd__clkbuf_8)
     2    0.019466    0.037797    0.106201    0.243686 ^ clkbuf_4_4_0_wr_clk/X (sky130_fd_sc_hd__clkbuf_8)
                                                         clknet_4_4_0_wr_clk (net)
                      0.037833    0.001025    0.244711 ^ clkbuf_5_9__f_wr_clk/A (sky130_fd_sc_hd__clkbuf_16)
     5    0.015295    0.028062    0.083094    0.327805 ^ clkbuf_5_9__f_wr_clk/X (sky130_fd_sc_hd__clkbuf_16)
                                                         clknet_5_9__leaf_wr_clk (net)
                      0.028070    0.000770    0.328575 ^ _1176_/CLK (sky130_fd_sc_hd__dfxtp_2)
                                  0.100000    0.428575   clock uncertainty
                                  0.000000    0.428575   clock reconvergence pessimism
                                 -0.017363    0.411212   library hold time
                                              0.411212   data required time
---------------------------------------------------------------------------------------------
                                              0.411212   data required time
                                             -0.657182   data arrival time
---------------------------------------------------------------------------------------------
                                              0.245970   slack (MET)


Startpoint: _1162_ (rising edge-triggered flip-flop clocked by wr_clk)
Endpoint: _1162_ (rising edge-triggered flip-flop clocked by wr_clk)
Path Group: wr_clk
Path Type: min

Fanout         Cap        Slew       Delay        Time   Description
---------------------------------------------------------------------------------------------
                                  0.000000    0.000000   clock wr_clk (rise edge)
                                  0.000000    0.000000   clock source latency
     1    0.027351    0.000000    0.000000    0.000000 ^ wr_clk (in)
                                                         wr_clk (net)
                      0.002217    0.001109    0.001109 ^ clkbuf_0_wr_clk/A (sky130_fd_sc_hd__clkbuf_16)
    16    0.111526    0.098120    0.123922    0.125030 ^ clkbuf_0_wr_clk/X (sky130_fd_sc_hd__clkbuf_16)
                                                         clknet_0_wr_clk (net)
                      0.098798    0.006551    0.131582 ^ clkbuf_4_8_0_wr_clk/A (sky130_fd_sc_hd__clkbuf_8)
     2    0.020863    0.039514    0.106974    0.238556 ^ clkbuf_4_8_0_wr_clk/X (sky130_fd_sc_hd__clkbuf_8)
                                                         clknet_4_8_0_wr_clk (net)
                      0.039569    0.001306    0.239862 ^ clkbuf_5_16__f_wr_clk/A (sky130_fd_sc_hd__clkbuf_16)
     5    0.014475    0.027551    0.083000    0.322862 ^ clkbuf_5_16__f_wr_clk/X (sky130_fd_sc_hd__clkbuf_16)
                                                         clknet_5_16__leaf_wr_clk (net)
                      0.027561    0.000923    0.323785 ^ _1162_/CLK (sky130_fd_sc_hd__dfxtp_2)
     2    0.005422    0.029811    0.193626    0.517411 ^ _1162_/Q (sky130_fd_sc_hd__dfxtp_2)
                                                         u_fifomem.mem[6][4] (net)
                      0.029811    0.000319    0.517730 ^ _1002_/A0 (sky130_fd_sc_hd__mux2_2)
     1    0.002128    0.022555    0.081502    0.599232 ^ _1002_/X (sky130_fd_sc_hd__mux2_2)
                                                         _0484_ (net)
                      0.022555    0.000098    0.599331 ^ _1003_/A (sky130_fd_sc_hd__buf_2)
     1    0.002171    0.017201    0.053913    0.653243 ^ _1003_/X (sky130_fd_sc_hd__buf_2)
                                                         _0102_ (net)
                      0.017201    0.000149    0.653392 ^ _1162_/D (sky130_fd_sc_hd__dfxtp_2)
                                              0.653392   data arrival time

                                  0.000000    0.000000   clock wr_clk (rise edge)
                                  0.000000    0.000000   clock source latency
     1    0.027351    0.000000    0.000000    0.000000 ^ wr_clk (in)
                                                         wr_clk (net)
                      0.002217    0.001109    0.001109 ^ clkbuf_0_wr_clk/A (sky130_fd_sc_hd__clkbuf_16)
    16    0.111526    0.098120    0.123922    0.125030 ^ clkbuf_0_wr_clk/X (sky130_fd_sc_hd__clkbuf_16)
                                                         clknet_0_wr_clk (net)
                      0.098798    0.006551    0.131582 ^ clkbuf_4_8_0_wr_clk/A (sky130_fd_sc_hd__clkbuf_8)
     2    0.020863    0.039514    0.106974    0.238556 ^ clkbuf_4_8_0_wr_clk/X (sky130_fd_sc_hd__clkbuf_8)
                                                         clknet_4_8_0_wr_clk (net)
                      0.039569    0.001306    0.239862 ^ clkbuf_5_16__f_wr_clk/A (sky130_fd_sc_hd__clkbuf_16)
     5    0.014475    0.027551    0.083000    0.322862 ^ clkbuf_5_16__f_wr_clk/X (sky130_fd_sc_hd__clkbuf_16)
                                                         clknet_5_16__leaf_wr_clk (net)
                      0.027561    0.000923    0.323785 ^ _1162_/CLK (sky130_fd_sc_hd__dfxtp_2)
                                  0.100000    0.423785   clock uncertainty
                                  0.000000    0.423785   clock reconvergence pessimism
                                 -0.016405    0.407380   library hold time
                                              0.407380   data required time
---------------------------------------------------------------------------------------------
                                              0.407380   data required time
                                             -0.653392   data arrival time
---------------------------------------------------------------------------------------------
                                              0.246013   slack (MET)


Startpoint: _1068_ (rising edge-triggered flip-flop clocked by wr_clk)
Endpoint: _1068_ (rising edge-triggered flip-flop clocked by wr_clk)
Path Group: wr_clk
Path Type: min

Fanout         Cap        Slew       Delay        Time   Description
---------------------------------------------------------------------------------------------
                                  0.000000    0.000000   clock wr_clk (rise edge)
                                  0.000000    0.000000   clock source latency
     1    0.027351    0.000000    0.000000    0.000000 ^ wr_clk (in)
                                                         wr_clk (net)
                      0.002217    0.001109    0.001109 ^ clkbuf_0_wr_clk/A (sky130_fd_sc_hd__clkbuf_16)
    16    0.111526    0.098120    0.123922    0.125030 ^ clkbuf_0_wr_clk/X (sky130_fd_sc_hd__clkbuf_16)
                                                         clknet_0_wr_clk (net)
                      0.098124    0.000576    0.125606 ^ clkbuf_4_12_0_wr_clk/A (sky130_fd_sc_hd__clkbuf_8)
     2    0.020414    0.038981    0.106337    0.231943 ^ clkbuf_4_12_0_wr_clk/X (sky130_fd_sc_hd__clkbuf_8)
                                                         clknet_4_12_0_wr_clk (net)
                      0.039053    0.001448    0.233390 ^ clkbuf_5_25__f_wr_clk/A (sky130_fd_sc_hd__clkbuf_16)
     6    0.024267    0.034113    0.089306    0.322696 ^ clkbuf_5_25__f_wr_clk/X (sky130_fd_sc_hd__clkbuf_16)
                                                         clknet_5_25__leaf_wr_clk (net)
                      0.034177    0.001229    0.323925 ^ _1068_/CLK (sky130_fd_sc_hd__dfxtp_2)
     2    0.006127    0.032140    0.197524    0.521450 ^ _1068_/Q (sky130_fd_sc_hd__dfxtp_2)
                                                         u_fifomem.mem[0][6] (net)
                      0.032140    0.000238    0.521688 ^ _0798_/A0 (sky130_fd_sc_hd__mux2_2)
     1    0.002868    0.024910    0.084838    0.606526 ^ _0798_/X (sky130_fd_sc_hd__mux2_2)
                                                         _0374_ (net)
                      0.024916    0.000212    0.606739 ^ _0799_/A (sky130_fd_sc_hd__buf_1)
     1    0.002128    0.026671    0.046496    0.653235 ^ _0799_/X (sky130_fd_sc_hd__buf_1)
                                                         _0008_ (net)
                      0.026671    0.000150    0.653385 ^ _1068_/D (sky130_fd_sc_hd__dfxtp_2)
                                              0.653385   data arrival time

                                  0.000000    0.000000   clock wr_clk (rise edge)
                                  0.000000    0.000000   clock source latency
     1    0.027351    0.000000    0.000000    0.000000 ^ wr_clk (in)
                                                         wr_clk (net)
                      0.002217    0.001109    0.001109 ^ clkbuf_0_wr_clk/A (sky130_fd_sc_hd__clkbuf_16)
    16    0.111526    0.098120    0.123922    0.125030 ^ clkbuf_0_wr_clk/X (sky130_fd_sc_hd__clkbuf_16)
                                                         clknet_0_wr_clk (net)
                      0.098124    0.000576    0.125606 ^ clkbuf_4_12_0_wr_clk/A (sky130_fd_sc_hd__clkbuf_8)
     2    0.020414    0.038981    0.106337    0.231943 ^ clkbuf_4_12_0_wr_clk/X (sky130_fd_sc_hd__clkbuf_8)
                                                         clknet_4_12_0_wr_clk (net)
                      0.039053    0.001448    0.233390 ^ clkbuf_5_25__f_wr_clk/A (sky130_fd_sc_hd__clkbuf_16)
     6    0.024267    0.034113    0.089306    0.322696 ^ clkbuf_5_25__f_wr_clk/X (sky130_fd_sc_hd__clkbuf_16)
                                                         clknet_5_25__leaf_wr_clk (net)
                      0.034177    0.001229    0.323925 ^ _1068_/CLK (sky130_fd_sc_hd__dfxtp_2)
                                  0.100000    0.423925   clock uncertainty
                                  0.000000    0.423925   clock reconvergence pessimism
                                 -0.016918    0.407007   library hold time
                                              0.407007   data required time
---------------------------------------------------------------------------------------------
                                              0.407007   data required time
                                             -0.653385   data arrival time
---------------------------------------------------------------------------------------------
                                              0.246378   slack (MET)


Startpoint: _1160_ (rising edge-triggered flip-flop clocked by wr_clk)
Endpoint: _1160_ (rising edge-triggered flip-flop clocked by wr_clk)
Path Group: wr_clk
Path Type: min

Fanout         Cap        Slew       Delay        Time   Description
---------------------------------------------------------------------------------------------
                                  0.000000    0.000000   clock wr_clk (rise edge)
                                  0.000000    0.000000   clock source latency
     1    0.027351    0.000000    0.000000    0.000000 ^ wr_clk (in)
                                                         wr_clk (net)
                      0.002217    0.001109    0.001109 ^ clkbuf_0_wr_clk/A (sky130_fd_sc_hd__clkbuf_16)
    16    0.111526    0.098120    0.123922    0.125030 ^ clkbuf_0_wr_clk/X (sky130_fd_sc_hd__clkbuf_16)
                                                         clknet_0_wr_clk (net)
                      0.100147    0.011139    0.136169 ^ clkbuf_4_1_0_wr_clk/A (sky130_fd_sc_hd__clkbuf_8)
     2    0.018511    0.036809    0.104996    0.241165 ^ clkbuf_4_1_0_wr_clk/X (sky130_fd_sc_hd__clkbuf_8)
                                                         clknet_4_1_0_wr_clk (net)
                      0.036860    0.001178    0.242343 ^ clkbuf_5_2__f_wr_clk/A (sky130_fd_sc_hd__clkbuf_16)
     5    0.017246    0.029375    0.083978    0.326321 ^ clkbuf_5_2__f_wr_clk/X (sky130_fd_sc_hd__clkbuf_16)
                                                         clknet_5_2__leaf_wr_clk (net)
                      0.029402    0.001505    0.327826 ^ _1160_/CLK (sky130_fd_sc_hd__dfxtp_2)
     2    0.005408    0.029767    0.194150    0.521976 ^ _1160_/Q (sky130_fd_sc_hd__dfxtp_2)
                                                         u_fifomem.mem[6][2] (net)
                      0.029767    0.000291    0.522268 ^ _0998_/A0 (sky130_fd_sc_hd__mux2_2)
     1    0.002177    0.022712    0.081671    0.603938 ^ _0998_/X (sky130_fd_sc_hd__mux2_2)
                                                         _0482_ (net)
                      0.022712    0.000102    0.604040 ^ _0999_/A (sky130_fd_sc_hd__buf_2)
     1    0.002117    0.017040    0.053796    0.657836 ^ _0999_/X (sky130_fd_sc_hd__buf_2)
                                                         _0100_ (net)
                      0.017040    0.000152    0.657988 ^ _1160_/D (sky130_fd_sc_hd__dfxtp_2)
                                              0.657988   data arrival time

                                  0.000000    0.000000   clock wr_clk (rise edge)
                                  0.000000    0.000000   clock source latency
     1    0.027351    0.000000    0.000000    0.000000 ^ wr_clk (in)
                                                         wr_clk (net)
                      0.002217    0.001109    0.001109 ^ clkbuf_0_wr_clk/A (sky130_fd_sc_hd__clkbuf_16)
    16    0.111526    0.098120    0.123922    0.125030 ^ clkbuf_0_wr_clk/X (sky130_fd_sc_hd__clkbuf_16)
                                                         clknet_0_wr_clk (net)
                      0.100147    0.011139    0.136169 ^ clkbuf_4_1_0_wr_clk/A (sky130_fd_sc_hd__clkbuf_8)
     2    0.018511    0.036809    0.104996    0.241165 ^ clkbuf_4_1_0_wr_clk/X (sky130_fd_sc_hd__clkbuf_8)
                                                         clknet_4_1_0_wr_clk (net)
                      0.036860    0.001178    0.242343 ^ clkbuf_5_2__f_wr_clk/A (sky130_fd_sc_hd__clkbuf_16)
     5    0.017246    0.029375    0.083978    0.326321 ^ clkbuf_5_2__f_wr_clk/X (sky130_fd_sc_hd__clkbuf_16)
                                                         clknet_5_2__leaf_wr_clk (net)
                      0.029402    0.001505    0.327826 ^ _1160_/CLK (sky130_fd_sc_hd__dfxtp_2)
                                  0.100000    0.427826   clock uncertainty
                                  0.000000    0.427826   clock reconvergence pessimism
                                 -0.016350    0.411476   library hold time
                                              0.411476   data required time
---------------------------------------------------------------------------------------------
                                              0.411476   data required time
                                             -0.657988   data arrival time
---------------------------------------------------------------------------------------------
                                              0.246512   slack (MET)


Startpoint: _1135_ (rising edge-triggered flip-flop clocked by wr_clk)
Endpoint: _1135_ (rising edge-triggered flip-flop clocked by wr_clk)
Path Group: wr_clk
Path Type: min

Fanout         Cap        Slew       Delay        Time   Description
---------------------------------------------------------------------------------------------
                                  0.000000    0.000000   clock wr_clk (rise edge)
                                  0.000000    0.000000   clock source latency
     1    0.027351    0.000000    0.000000    0.000000 ^ wr_clk (in)
                                                         wr_clk (net)
                      0.002217    0.001109    0.001109 ^ clkbuf_0_wr_clk/A (sky130_fd_sc_hd__clkbuf_16)
    16    0.111526    0.098120    0.123922    0.125030 ^ clkbuf_0_wr_clk/X (sky130_fd_sc_hd__clkbuf_16)
                                                         clknet_0_wr_clk (net)
                      0.098770    0.006422    0.131452 ^ clkbuf_4_9_0_wr_clk/A (sky130_fd_sc_hd__clkbuf_8)
     2    0.019640    0.038116    0.105604    0.237057 ^ clkbuf_4_9_0_wr_clk/X (sky130_fd_sc_hd__clkbuf_8)
                                                         clknet_4_9_0_wr_clk (net)
                      0.038187    0.001428    0.238485 ^ clkbuf_5_18__f_wr_clk/A (sky130_fd_sc_hd__clkbuf_16)
     5    0.015899    0.028461    0.083643    0.322128 ^ clkbuf_5_18__f_wr_clk/X (sky130_fd_sc_hd__clkbuf_16)
                                                         clknet_5_18__leaf_wr_clk (net)
                      0.028461    0.000202    0.322330 ^ _1135_/CLK (sky130_fd_sc_hd__dfxtp_2)
     2    0.004959    0.028301    0.192665    0.514995 ^ _1135_/Q (sky130_fd_sc_hd__dfxtp_2)
                                                         u_fifomem.mem[3][1] (net)
                      0.028302    0.000335    0.515330 ^ _0944_/A0 (sky130_fd_sc_hd__mux2_2)
     1    0.002555    0.023920    0.082647    0.597977 ^ _0944_/X (sky130_fd_sc_hd__mux2_2)
                                                         _0453_ (net)
                      0.023920    0.000170    0.598147 ^ _0945_/A (sky130_fd_sc_hd__buf_2)
     1    0.002125    0.017066    0.054178    0.652325 ^ _0945_/X (sky130_fd_sc_hd__buf_2)
                                                         _0075_ (net)
                      0.017066    0.000154    0.652478 ^ _1135_/D (sky130_fd_sc_hd__dfxtp_2)
                                              0.652478   data arrival time

                                  0.000000    0.000000   clock wr_clk (rise edge)
                                  0.000000    0.000000   clock source latency
     1    0.027351    0.000000    0.000000    0.000000 ^ wr_clk (in)
                                                         wr_clk (net)
                      0.002217    0.001109    0.001109 ^ clkbuf_0_wr_clk/A (sky130_fd_sc_hd__clkbuf_16)
    16    0.111526    0.098120    0.123922    0.125030 ^ clkbuf_0_wr_clk/X (sky130_fd_sc_hd__clkbuf_16)
                                                         clknet_0_wr_clk (net)
                      0.098770    0.006422    0.131452 ^ clkbuf_4_9_0_wr_clk/A (sky130_fd_sc_hd__clkbuf_8)
     2    0.019640    0.038116    0.105604    0.237057 ^ clkbuf_4_9_0_wr_clk/X (sky130_fd_sc_hd__clkbuf_8)
                                                         clknet_4_9_0_wr_clk (net)
                      0.038187    0.001428    0.238485 ^ clkbuf_5_18__f_wr_clk/A (sky130_fd_sc_hd__clkbuf_16)
     5    0.015899    0.028461    0.083643    0.322128 ^ clkbuf_5_18__f_wr_clk/X (sky130_fd_sc_hd__clkbuf_16)
                                                         clknet_5_18__leaf_wr_clk (net)
                      0.028461    0.000202    0.322330 ^ _1135_/CLK (sky130_fd_sc_hd__dfxtp_2)
                                  0.100000    0.422330   clock uncertainty
                                  0.000000    0.422330   clock reconvergence pessimism
                                 -0.016374    0.405956   library hold time
                                              0.405956   data required time
---------------------------------------------------------------------------------------------
                                              0.405956   data required time
                                             -0.652478   data arrival time
---------------------------------------------------------------------------------------------
                                              0.246523   slack (MET)


Startpoint: _1085_ (rising edge-triggered flip-flop clocked by wr_clk)
Endpoint: _1085_ (rising edge-triggered flip-flop clocked by wr_clk)
Path Group: wr_clk
Path Type: min

Fanout         Cap        Slew       Delay        Time   Description
---------------------------------------------------------------------------------------------
                                  0.000000    0.000000   clock wr_clk (rise edge)
                                  0.000000    0.000000   clock source latency
     1    0.027351    0.000000    0.000000    0.000000 ^ wr_clk (in)
                                                         wr_clk (net)
                      0.002217    0.001109    0.001109 ^ clkbuf_0_wr_clk/A (sky130_fd_sc_hd__clkbuf_16)
    16    0.111526    0.098120    0.123922    0.125030 ^ clkbuf_0_wr_clk/X (sky130_fd_sc_hd__clkbuf_16)
                                                         clknet_0_wr_clk (net)
                      0.100655    0.012455    0.137485 ^ clkbuf_4_4_0_wr_clk/A (sky130_fd_sc_hd__clkbuf_8)
     2    0.019466    0.037797    0.106201    0.243686 ^ clkbuf_4_4_0_wr_clk/X (sky130_fd_sc_hd__clkbuf_8)
                                                         clknet_4_4_0_wr_clk (net)
                      0.037835    0.001047    0.244733 ^ clkbuf_5_8__f_wr_clk/A (sky130_fd_sc_hd__clkbuf_16)
     5    0.014197    0.027339    0.082377    0.327110 ^ clkbuf_5_8__f_wr_clk/X (sky130_fd_sc_hd__clkbuf_16)
                                                         clknet_5_8__leaf_wr_clk (net)
                      0.027347    0.000831    0.327941 ^ _1085_/CLK (sky130_fd_sc_hd__dfxtp_2)
     2    0.006080    0.031989    0.195343    0.523284 ^ _1085_/Q (sky130_fd_sc_hd__dfxtp_2)
                                                         u_fifomem.mem[11][7] (net)
                      0.031989    0.000309    0.523593 ^ _0834_/A1 (sky130_fd_sc_hd__mux2_2)
     1    0.003539    0.026771    0.087026    0.610620 ^ _0834_/X (sky130_fd_sc_hd__mux2_2)
                                                         _0393_ (net)
                      0.026773    0.000232    0.610852 ^ _0835_/A (sky130_fd_sc_hd__buf_1)
     1    0.002063    0.026182    0.046494    0.657345 ^ _0835_/X (sky130_fd_sc_hd__buf_1)
                                                         _0025_ (net)
                      0.026183    0.000092    0.657437 ^ _1085_/D (sky130_fd_sc_hd__dfxtp_2)
                                              0.657437   data arrival time

                                  0.000000    0.000000   clock wr_clk (rise edge)
                                  0.000000    0.000000   clock source latency
     1    0.027351    0.000000    0.000000    0.000000 ^ wr_clk (in)
                                                         wr_clk (net)
                      0.002217    0.001109    0.001109 ^ clkbuf_0_wr_clk/A (sky130_fd_sc_hd__clkbuf_16)
    16    0.111526    0.098120    0.123922    0.125030 ^ clkbuf_0_wr_clk/X (sky130_fd_sc_hd__clkbuf_16)
                                                         clknet_0_wr_clk (net)
                      0.100655    0.012455    0.137485 ^ clkbuf_4_4_0_wr_clk/A (sky130_fd_sc_hd__clkbuf_8)
     2    0.019466    0.037797    0.106201    0.243686 ^ clkbuf_4_4_0_wr_clk/X (sky130_fd_sc_hd__clkbuf_8)
                                                         clknet_4_4_0_wr_clk (net)
                      0.037835    0.001047    0.244733 ^ clkbuf_5_8__f_wr_clk/A (sky130_fd_sc_hd__clkbuf_16)
     5    0.014197    0.027339    0.082377    0.327110 ^ clkbuf_5_8__f_wr_clk/X (sky130_fd_sc_hd__clkbuf_16)
                                                         clknet_5_8__leaf_wr_clk (net)
                      0.027347    0.000831    0.327941 ^ _1085_/CLK (sky130_fd_sc_hd__dfxtp_2)
                                  0.100000    0.427941   clock uncertainty
                                  0.000000    0.427941   clock reconvergence pessimism
                                 -0.017046    0.410895   library hold time
                                              0.410895   data required time
---------------------------------------------------------------------------------------------
                                              0.410895   data required time
                                             -0.657437   data arrival time
---------------------------------------------------------------------------------------------
                                              0.246543   slack (MET)


Startpoint: _1166_ (rising edge-triggered flip-flop clocked by wr_clk)
Endpoint: _1166_ (rising edge-triggered flip-flop clocked by wr_clk)
Path Group: wr_clk
Path Type: min

Fanout         Cap        Slew       Delay        Time   Description
---------------------------------------------------------------------------------------------
                                  0.000000    0.000000   clock wr_clk (rise edge)
                                  0.000000    0.000000   clock source latency
     1    0.027351    0.000000    0.000000    0.000000 ^ wr_clk (in)
                                                         wr_clk (net)
                      0.002217    0.001109    0.001109 ^ clkbuf_0_wr_clk/A (sky130_fd_sc_hd__clkbuf_16)
    16    0.111526    0.098120    0.123922    0.125030 ^ clkbuf_0_wr_clk/X (sky130_fd_sc_hd__clkbuf_16)
                                                         clknet_0_wr_clk (net)
                      0.100147    0.011139    0.136169 ^ clkbuf_4_1_0_wr_clk/A (sky130_fd_sc_hd__clkbuf_8)
     2    0.018511    0.036809    0.104996    0.241165 ^ clkbuf_4_1_0_wr_clk/X (sky130_fd_sc_hd__clkbuf_8)
                                                         clknet_4_1_0_wr_clk (net)
                      0.036852    0.001094    0.242259 ^ clkbuf_5_3__f_wr_clk/A (sky130_fd_sc_hd__clkbuf_16)
     5    0.014021    0.027216    0.082039    0.324298 ^ clkbuf_5_3__f_wr_clk/X (sky130_fd_sc_hd__clkbuf_16)
                                                         clknet_5_3__leaf_wr_clk (net)
                      0.027216    0.000176    0.324474 ^ _1166_/CLK (sky130_fd_sc_hd__dfxtp_2)
     2    0.004977    0.028364    0.192352    0.516825 ^ _1166_/Q (sky130_fd_sc_hd__dfxtp_2)
                                                         u_fifomem.mem[7][0] (net)
                      0.028365    0.000290    0.517115 ^ _1011_/A1 (sky130_fd_sc_hd__mux2_2)
     1    0.003180    0.025583    0.084730    0.601845 ^ _1011_/X (sky130_fd_sc_hd__mux2_2)
                                                         _0489_ (net)
                      0.025584    0.000214    0.602059 ^ _1012_/A (sky130_fd_sc_hd__buf_1)
     1    0.002918    0.033073    0.051339    0.653399 ^ _1012_/X (sky130_fd_sc_hd__buf_1)
                                                         _0106_ (net)
                      0.033074    0.000218    0.653616 ^ _1166_/D (sky130_fd_sc_hd__dfxtp_2)
                                              0.653616   data arrival time

                                  0.000000    0.000000   clock wr_clk (rise edge)
                                  0.000000    0.000000   clock source latency
     1    0.027351    0.000000    0.000000    0.000000 ^ wr_clk (in)
                                                         wr_clk (net)
                      0.002217    0.001109    0.001109 ^ clkbuf_0_wr_clk/A (sky130_fd_sc_hd__clkbuf_16)
    16    0.111526    0.098120    0.123922    0.125030 ^ clkbuf_0_wr_clk/X (sky130_fd_sc_hd__clkbuf_16)
                                                         clknet_0_wr_clk (net)
                      0.100147    0.011139    0.136169 ^ clkbuf_4_1_0_wr_clk/A (sky130_fd_sc_hd__clkbuf_8)
     2    0.018511    0.036809    0.104996    0.241165 ^ clkbuf_4_1_0_wr_clk/X (sky130_fd_sc_hd__clkbuf_8)
                                                         clknet_4_1_0_wr_clk (net)
                      0.036852    0.001094    0.242259 ^ clkbuf_5_3__f_wr_clk/A (sky130_fd_sc_hd__clkbuf_16)
     5    0.014021    0.027216    0.082039    0.324298 ^ clkbuf_5_3__f_wr_clk/X (sky130_fd_sc_hd__clkbuf_16)
                                                         clknet_5_3__leaf_wr_clk (net)
                      0.027216    0.000176    0.324474 ^ _1166_/CLK (sky130_fd_sc_hd__dfxtp_2)
                                  0.100000    0.424474   clock uncertainty
                                  0.000000    0.424474   clock reconvergence pessimism
                                 -0.017537    0.406937   library hold time
                                              0.406937   data required time
---------------------------------------------------------------------------------------------
                                              0.406937   data required time
                                             -0.653616   data arrival time
---------------------------------------------------------------------------------------------
                                              0.246680   slack (MET)


Startpoint: _1083_ (rising edge-triggered flip-flop clocked by wr_clk)
Endpoint: _1083_ (rising edge-triggered flip-flop clocked by wr_clk)
Path Group: wr_clk
Path Type: min

Fanout         Cap        Slew       Delay        Time   Description
---------------------------------------------------------------------------------------------
                                  0.000000    0.000000   clock wr_clk (rise edge)
                                  0.000000    0.000000   clock source latency
     1    0.027351    0.000000    0.000000    0.000000 ^ wr_clk (in)
                                                         wr_clk (net)
                      0.002217    0.001109    0.001109 ^ clkbuf_0_wr_clk/A (sky130_fd_sc_hd__clkbuf_16)
    16    0.111526    0.098120    0.123922    0.125030 ^ clkbuf_0_wr_clk/X (sky130_fd_sc_hd__clkbuf_16)
                                                         clknet_0_wr_clk (net)
                      0.099237    0.008319    0.133349 ^ clkbuf_4_3_0_wr_clk/A (sky130_fd_sc_hd__clkbuf_8)
     2    0.020354    0.038927    0.106583    0.239932 ^ clkbuf_4_3_0_wr_clk/X (sky130_fd_sc_hd__clkbuf_8)
                                                         clknet_4_3_0_wr_clk (net)
                      0.038983    0.001299    0.241231 ^ clkbuf_5_7__f_wr_clk/A (sky130_fd_sc_hd__clkbuf_16)
     5    0.017359    0.029453    0.084764    0.325994 ^ clkbuf_5_7__f_wr_clk/X (sky130_fd_sc_hd__clkbuf_16)
                                                         clknet_5_7__leaf_wr_clk (net)
                      0.029459    0.000598    0.326593 ^ _1083_/CLK (sky130_fd_sc_hd__dfxtp_2)
     2    0.006755    0.034228    0.197726    0.524318 ^ _1083_/Q (sky130_fd_sc_hd__dfxtp_2)
                                                         u_fifomem.mem[11][5] (net)
                      0.034228    0.000357    0.524675 ^ _0830_/A1 (sky130_fd_sc_hd__mux2_2)
     1    0.002572    0.023623    0.084077    0.608752 ^ _0830_/X (sky130_fd_sc_hd__mux2_2)
                                                         _0391_ (net)
                      0.023623    0.000120    0.608872 ^ _0831_/A (sky130_fd_sc_hd__buf_1)
     1    0.002297    0.028004    0.047242    0.656113 ^ _0831_/X (sky130_fd_sc_hd__buf_1)
                                                         _0023_ (net)
                      0.028005    0.000166    0.656280 ^ _1083_/D (sky130_fd_sc_hd__dfxtp_2)
                                              0.656280   data arrival time

                                  0.000000    0.000000   clock wr_clk (rise edge)
                                  0.000000    0.000000   clock source latency
     1    0.027351    0.000000    0.000000    0.000000 ^ wr_clk (in)
                                                         wr_clk (net)
                      0.002217    0.001109    0.001109 ^ clkbuf_0_wr_clk/A (sky130_fd_sc_hd__clkbuf_16)
    16    0.111526    0.098120    0.123922    0.125030 ^ clkbuf_0_wr_clk/X (sky130_fd_sc_hd__clkbuf_16)
                                                         clknet_0_wr_clk (net)
                      0.099237    0.008319    0.133349 ^ clkbuf_4_3_0_wr_clk/A (sky130_fd_sc_hd__clkbuf_8)
     2    0.020354    0.038927    0.106583    0.239932 ^ clkbuf_4_3_0_wr_clk/X (sky130_fd_sc_hd__clkbuf_8)
                                                         clknet_4_3_0_wr_clk (net)
                      0.038983    0.001299    0.241231 ^ clkbuf_5_7__f_wr_clk/A (sky130_fd_sc_hd__clkbuf_16)
     5    0.017359    0.029453    0.084764    0.325994 ^ clkbuf_5_7__f_wr_clk/X (sky130_fd_sc_hd__clkbuf_16)
                                                         clknet_5_7__leaf_wr_clk (net)
                      0.029459    0.000598    0.326593 ^ _1083_/CLK (sky130_fd_sc_hd__dfxtp_2)
                                  0.100000    0.426593   clock uncertainty
                                  0.000000    0.426593   clock reconvergence pessimism
                                 -0.017125    0.409468   library hold time
                                              0.409468   data required time
---------------------------------------------------------------------------------------------
                                              0.409468   data required time
                                             -0.656280   data arrival time
---------------------------------------------------------------------------------------------
                                              0.246812   slack (MET)


Startpoint: _1155_ (rising edge-triggered flip-flop clocked by wr_clk)
Endpoint: _1155_ (rising edge-triggered flip-flop clocked by wr_clk)
Path Group: wr_clk
Path Type: min

Fanout         Cap        Slew       Delay        Time   Description
---------------------------------------------------------------------------------------------
                                  0.000000    0.000000   clock wr_clk (rise edge)
                                  0.000000    0.000000   clock source latency
     1    0.027351    0.000000    0.000000    0.000000 ^ wr_clk (in)
                                                         wr_clk (net)
                      0.002217    0.001109    0.001109 ^ clkbuf_0_wr_clk/A (sky130_fd_sc_hd__clkbuf_16)
    16    0.111526    0.098120    0.123922    0.125030 ^ clkbuf_0_wr_clk/X (sky130_fd_sc_hd__clkbuf_16)
                                                         clknet_0_wr_clk (net)
                      0.098638    0.005770    0.130801 ^ clkbuf_4_11_0_wr_clk/A (sky130_fd_sc_hd__clkbuf_8)
     2    0.017957    0.036150    0.104035    0.234836 ^ clkbuf_4_11_0_wr_clk/X (sky130_fd_sc_hd__clkbuf_8)
                                                         clknet_4_11_0_wr_clk (net)
                      0.036195    0.001101    0.235937 ^ clkbuf_5_22__f_wr_clk/A (sky130_fd_sc_hd__clkbuf_16)
     5    0.016085    0.028602    0.083104    0.319041 ^ clkbuf_5_22__f_wr_clk/X (sky130_fd_sc_hd__clkbuf_16)
                                                         clknet_5_22__leaf_wr_clk (net)
                      0.028613    0.000944    0.319984 ^ _1155_/CLK (sky130_fd_sc_hd__dfxtp_2)
     2    0.006137    0.032168    0.195832    0.515816 ^ _1155_/Q (sky130_fd_sc_hd__dfxtp_2)
                                                         u_fifomem.mem[5][5] (net)
                      0.032168    0.000363    0.516179 ^ _0987_/A0 (sky130_fd_sc_hd__mux2_2)
     1    0.002508    0.023762    0.083549    0.599728 ^ _0987_/X (sky130_fd_sc_hd__mux2_2)
                                                         _0476_ (net)
                      0.023762    0.000117    0.599845 ^ _0988_/A (sky130_fd_sc_hd__buf_1)
     1    0.002667    0.031010    0.049492    0.649337 ^ _0988_/X (sky130_fd_sc_hd__buf_1)
                                                         _0095_ (net)
                      0.031011    0.000179    0.649516 ^ _1155_/D (sky130_fd_sc_hd__dfxtp_2)
                                              0.649516   data arrival time

                                  0.000000    0.000000   clock wr_clk (rise edge)
                                  0.000000    0.000000   clock source latency
     1    0.027351    0.000000    0.000000    0.000000 ^ wr_clk (in)
                                                         wr_clk (net)
                      0.002217    0.001109    0.001109 ^ clkbuf_0_wr_clk/A (sky130_fd_sc_hd__clkbuf_16)
    16    0.111526    0.098120    0.123922    0.125030 ^ clkbuf_0_wr_clk/X (sky130_fd_sc_hd__clkbuf_16)
                                                         clknet_0_wr_clk (net)
                      0.098638    0.005770    0.130801 ^ clkbuf_4_11_0_wr_clk/A (sky130_fd_sc_hd__clkbuf_8)
     2    0.017957    0.036150    0.104035    0.234836 ^ clkbuf_4_11_0_wr_clk/X (sky130_fd_sc_hd__clkbuf_8)
                                                         clknet_4_11_0_wr_clk (net)
                      0.036195    0.001101    0.235937 ^ clkbuf_5_22__f_wr_clk/A (sky130_fd_sc_hd__clkbuf_16)
     5    0.016085    0.028602    0.083104    0.319041 ^ clkbuf_5_22__f_wr_clk/X (sky130_fd_sc_hd__clkbuf_16)
                                                         clknet_5_22__leaf_wr_clk (net)
                      0.028613    0.000944    0.319984 ^ _1155_/CLK (sky130_fd_sc_hd__dfxtp_2)
                                  0.100000    0.419984   clock uncertainty
                                  0.000000    0.419984   clock reconvergence pessimism
                                 -0.017358    0.402626   library hold time
                                              0.402626   data required time
---------------------------------------------------------------------------------------------
                                              0.402626   data required time
                                             -0.649516   data arrival time
---------------------------------------------------------------------------------------------
                                              0.246889   slack (MET)


Startpoint: _1148_ (rising edge-triggered flip-flop clocked by wr_clk)
Endpoint: _1148_ (rising edge-triggered flip-flop clocked by wr_clk)
Path Group: wr_clk
Path Type: min

Fanout         Cap        Slew       Delay        Time   Description
---------------------------------------------------------------------------------------------
                                  0.000000    0.000000   clock wr_clk (rise edge)
                                  0.000000    0.000000   clock source latency
     1    0.027351    0.000000    0.000000    0.000000 ^ wr_clk (in)
                                                         wr_clk (net)
                      0.002217    0.001109    0.001109 ^ clkbuf_0_wr_clk/A (sky130_fd_sc_hd__clkbuf_16)
    16    0.111526    0.098120    0.123922    0.125030 ^ clkbuf_0_wr_clk/X (sky130_fd_sc_hd__clkbuf_16)
                                                         clknet_0_wr_clk (net)
                      0.098124    0.000576    0.125606 ^ clkbuf_4_12_0_wr_clk/A (sky130_fd_sc_hd__clkbuf_8)
     2    0.020414    0.038981    0.106337    0.231943 ^ clkbuf_4_12_0_wr_clk/X (sky130_fd_sc_hd__clkbuf_8)
                                                         clknet_4_12_0_wr_clk (net)
                      0.039053    0.001448    0.233390 ^ clkbuf_5_25__f_wr_clk/A (sky130_fd_sc_hd__clkbuf_16)
     6    0.024267    0.034113    0.089306    0.322696 ^ clkbuf_5_25__f_wr_clk/X (sky130_fd_sc_hd__clkbuf_16)
                                                         clknet_5_25__leaf_wr_clk (net)
                      0.034167    0.001135    0.323831 ^ _1148_/CLK (sky130_fd_sc_hd__dfxtp_2)
     2    0.005431    0.029836    0.195627    0.519458 ^ _1148_/Q (sky130_fd_sc_hd__dfxtp_2)
                                                         u_fifomem.mem[4][6] (net)
                      0.029836    0.000351    0.519809 ^ _0972_/A0 (sky130_fd_sc_hd__mux2_2)
     1    0.002875    0.024937    0.084237    0.604046 ^ _0972_/X (sky130_fd_sc_hd__mux2_2)
                                                         _0468_ (net)
                      0.024944    0.000202    0.604248 ^ _0973_/A (sky130_fd_sc_hd__buf_1)
     1    0.002602    0.030490    0.049325    0.653573 ^ _0973_/X (sky130_fd_sc_hd__buf_1)
                                                         _0088_ (net)
                      0.030490    0.000190    0.653763 ^ _1148_/D (sky130_fd_sc_hd__dfxtp_2)
                                              0.653763   data arrival time

                                  0.000000    0.000000   clock wr_clk (rise edge)
                                  0.000000    0.000000   clock source latency
     1    0.027351    0.000000    0.000000    0.000000 ^ wr_clk (in)
                                                         wr_clk (net)
                      0.002217    0.001109    0.001109 ^ clkbuf_0_wr_clk/A (sky130_fd_sc_hd__clkbuf_16)
    16    0.111526    0.098120    0.123922    0.125030 ^ clkbuf_0_wr_clk/X (sky130_fd_sc_hd__clkbuf_16)
                                                         clknet_0_wr_clk (net)
                      0.098124    0.000576    0.125606 ^ clkbuf_4_12_0_wr_clk/A (sky130_fd_sc_hd__clkbuf_8)
     2    0.020414    0.038981    0.106337    0.231943 ^ clkbuf_4_12_0_wr_clk/X (sky130_fd_sc_hd__clkbuf_8)
                                                         clknet_4_12_0_wr_clk (net)
                      0.039053    0.001448    0.233390 ^ clkbuf_5_25__f_wr_clk/A (sky130_fd_sc_hd__clkbuf_16)
     6    0.024267    0.034113    0.089306    0.322696 ^ clkbuf_5_25__f_wr_clk/X (sky130_fd_sc_hd__clkbuf_16)
                                                         clknet_5_25__leaf_wr_clk (net)
                      0.034167    0.001135    0.323831 ^ _1148_/CLK (sky130_fd_sc_hd__dfxtp_2)
                                  0.100000    0.423831   clock uncertainty
                                  0.000000    0.423831   clock reconvergence pessimism
                                 -0.017188    0.406643   library hold time
                                              0.406643   data required time
---------------------------------------------------------------------------------------------
                                              0.406643   data required time
                                             -0.653763   data arrival time
---------------------------------------------------------------------------------------------
                                              0.247120   slack (MET)


Startpoint: _1066_ (rising edge-triggered flip-flop clocked by wr_clk)
Endpoint: _1066_ (rising edge-triggered flip-flop clocked by wr_clk)
Path Group: wr_clk
Path Type: min

Fanout         Cap        Slew       Delay        Time   Description
---------------------------------------------------------------------------------------------
                                  0.000000    0.000000   clock wr_clk (rise edge)
                                  0.000000    0.000000   clock source latency
     1    0.027351    0.000000    0.000000    0.000000 ^ wr_clk (in)
                                                         wr_clk (net)
                      0.002217    0.001109    0.001109 ^ clkbuf_0_wr_clk/A (sky130_fd_sc_hd__clkbuf_16)
    16    0.111526    0.098120    0.123922    0.125030 ^ clkbuf_0_wr_clk/X (sky130_fd_sc_hd__clkbuf_16)
                                                         clknet_0_wr_clk (net)
                      0.100150    0.011146    0.136176 ^ clkbuf_4_0_0_wr_clk/A (sky130_fd_sc_hd__clkbuf_8)
     2    0.018929    0.037304    0.105345    0.241522 ^ clkbuf_4_0_0_wr_clk/X (sky130_fd_sc_hd__clkbuf_8)
                                                         clknet_4_0_0_wr_clk (net)
                      0.037372    0.001370    0.242892 ^ clkbuf_5_1__f_wr_clk/A (sky130_fd_sc_hd__clkbuf_16)
     5    0.016939    0.029173    0.083909    0.326801 ^ clkbuf_5_1__f_wr_clk/X (sky130_fd_sc_hd__clkbuf_16)
                                                         clknet_5_1__leaf_wr_clk (net)
                      0.029192    0.001264    0.328065 ^ _1066_/CLK (sky130_fd_sc_hd__dfxtp_2)
     2    0.005815    0.031105    0.195164    0.523229 ^ _1066_/Q (sky130_fd_sc_hd__dfxtp_2)
                                                         u_fifomem.mem[0][4] (net)
                      0.031105    0.000339    0.523568 ^ _0794_/A0 (sky130_fd_sc_hd__mux2_2)
     1    0.002889    0.024977    0.084652    0.608221 ^ _0794_/X (sky130_fd_sc_hd__mux2_2)
                                                         _0372_ (net)
                      0.024984    0.000140    0.608361 ^ _0795_/A (sky130_fd_sc_hd__buf_1)
     1    0.002612    0.030579    0.049407    0.657768 ^ _0795_/X (sky130_fd_sc_hd__buf_1)
                                                         _0006_ (net)
                      0.030579    0.000179    0.657947 ^ _1066_/D (sky130_fd_sc_hd__dfxtp_2)
                                              0.657947   data arrival time

                                  0.000000    0.000000   clock wr_clk (rise edge)
                                  0.000000    0.000000   clock source latency
     1    0.027351    0.000000    0.000000    0.000000 ^ wr_clk (in)
                                                         wr_clk (net)
                      0.002217    0.001109    0.001109 ^ clkbuf_0_wr_clk/A (sky130_fd_sc_hd__clkbuf_16)
    16    0.111526    0.098120    0.123922    0.125030 ^ clkbuf_0_wr_clk/X (sky130_fd_sc_hd__clkbuf_16)
                                                         clknet_0_wr_clk (net)
                      0.100150    0.011146    0.136176 ^ clkbuf_4_0_0_wr_clk/A (sky130_fd_sc_hd__clkbuf_8)
     2    0.018929    0.037304    0.105345    0.241522 ^ clkbuf_4_0_0_wr_clk/X (sky130_fd_sc_hd__clkbuf_8)
                                                         clknet_4_0_0_wr_clk (net)
                      0.037372    0.001370    0.242892 ^ clkbuf_5_1__f_wr_clk/A (sky130_fd_sc_hd__clkbuf_16)
     5    0.016939    0.029173    0.083909    0.326801 ^ clkbuf_5_1__f_wr_clk/X (sky130_fd_sc_hd__clkbuf_16)
                                                         clknet_5_1__leaf_wr_clk (net)
                      0.029192    0.001264    0.328065 ^ _1066_/CLK (sky130_fd_sc_hd__dfxtp_2)
                                  0.100000    0.428065   clock uncertainty
                                  0.000000    0.428065   clock reconvergence pessimism
                                 -0.017313    0.410751   library hold time
                                              0.410751   data required time
---------------------------------------------------------------------------------------------
                                              0.410751   data required time
                                             -0.657947   data arrival time
---------------------------------------------------------------------------------------------
                                              0.247196   slack (MET)


Startpoint: _1149_ (rising edge-triggered flip-flop clocked by wr_clk)
Endpoint: _1149_ (rising edge-triggered flip-flop clocked by wr_clk)
Path Group: wr_clk
Path Type: min

Fanout         Cap        Slew       Delay        Time   Description
---------------------------------------------------------------------------------------------
                                  0.000000    0.000000   clock wr_clk (rise edge)
                                  0.000000    0.000000   clock source latency
     1    0.027351    0.000000    0.000000    0.000000 ^ wr_clk (in)
                                                         wr_clk (net)
                      0.002217    0.001109    0.001109 ^ clkbuf_0_wr_clk/A (sky130_fd_sc_hd__clkbuf_16)
    16    0.111526    0.098120    0.123922    0.125030 ^ clkbuf_0_wr_clk/X (sky130_fd_sc_hd__clkbuf_16)
                                                         clknet_0_wr_clk (net)
                      0.098770    0.006422    0.131452 ^ clkbuf_4_9_0_wr_clk/A (sky130_fd_sc_hd__clkbuf_8)
     2    0.019640    0.038116    0.105604    0.237057 ^ clkbuf_4_9_0_wr_clk/X (sky130_fd_sc_hd__clkbuf_8)
                                                         clknet_4_9_0_wr_clk (net)
                      0.038187    0.001428    0.238485 ^ clkbuf_5_18__f_wr_clk/A (sky130_fd_sc_hd__clkbuf_16)
     5    0.015899    0.028461    0.083643    0.322128 ^ clkbuf_5_18__f_wr_clk/X (sky130_fd_sc_hd__clkbuf_16)
                                                         clknet_5_18__leaf_wr_clk (net)
                      0.028465    0.000426    0.322554 ^ _1149_/CLK (sky130_fd_sc_hd__dfxtp_2)
     2    0.005049    0.028567    0.192850    0.515404 ^ _1149_/Q (sky130_fd_sc_hd__dfxtp_2)
                                                         u_fifomem.mem[4][7] (net)
                      0.028575    0.000380    0.515784 ^ _0974_/A0 (sky130_fd_sc_hd__mux2_2)
     1    0.004044    0.028829    0.088159    0.603942 ^ _0974_/X (sky130_fd_sc_hd__mux2_2)
                                                         _0469_ (net)
                      0.028838    0.000305    0.604247 ^ _0975_/A (sky130_fd_sc_hd__buf_1)
     1    0.002310    0.028189    0.048386    0.652634 ^ _0975_/X (sky130_fd_sc_hd__buf_1)
                                                         _0089_ (net)
                      0.028189    0.000100    0.652733 ^ _1149_/D (sky130_fd_sc_hd__dfxtp_2)
                                              0.652733   data arrival time

                                  0.000000    0.000000   clock wr_clk (rise edge)
                                  0.000000    0.000000   clock source latency
     1    0.027351    0.000000    0.000000    0.000000 ^ wr_clk (in)
                                                         wr_clk (net)
                      0.002217    0.001109    0.001109 ^ clkbuf_0_wr_clk/A (sky130_fd_sc_hd__clkbuf_16)
    16    0.111526    0.098120    0.123922    0.125030 ^ clkbuf_0_wr_clk/X (sky130_fd_sc_hd__clkbuf_16)
                                                         clknet_0_wr_clk (net)
                      0.098770    0.006422    0.131452 ^ clkbuf_4_9_0_wr_clk/A (sky130_fd_sc_hd__clkbuf_8)
     2    0.019640    0.038116    0.105604    0.237057 ^ clkbuf_4_9_0_wr_clk/X (sky130_fd_sc_hd__clkbuf_8)
                                                         clknet_4_9_0_wr_clk (net)
                      0.038187    0.001428    0.238485 ^ clkbuf_5_18__f_wr_clk/A (sky130_fd_sc_hd__clkbuf_16)
     5    0.015899    0.028461    0.083643    0.322128 ^ clkbuf_5_18__f_wr_clk/X (sky130_fd_sc_hd__clkbuf_16)
                                                         clknet_5_18__leaf_wr_clk (net)
                      0.028465    0.000426    0.322554 ^ _1149_/CLK (sky130_fd_sc_hd__dfxtp_2)
                                  0.100000    0.422554   clock uncertainty
                                  0.000000    0.422554   clock reconvergence pessimism
                                 -0.017161    0.405393   library hold time
                                              0.405393   data required time
---------------------------------------------------------------------------------------------
                                              0.405393   data required time
                                             -0.652733   data arrival time
---------------------------------------------------------------------------------------------
                                              0.247340   slack (MET)


Startpoint: _1172_ (rising edge-triggered flip-flop clocked by wr_clk)
Endpoint: _1172_ (rising edge-triggered flip-flop clocked by wr_clk)
Path Group: wr_clk
Path Type: min

Fanout         Cap        Slew       Delay        Time   Description
---------------------------------------------------------------------------------------------
                                  0.000000    0.000000   clock wr_clk (rise edge)
                                  0.000000    0.000000   clock source latency
     1    0.027351    0.000000    0.000000    0.000000 ^ wr_clk (in)
                                                         wr_clk (net)
                      0.002217    0.001109    0.001109 ^ clkbuf_0_wr_clk/A (sky130_fd_sc_hd__clkbuf_16)
    16    0.111526    0.098120    0.123922    0.125030 ^ clkbuf_0_wr_clk/X (sky130_fd_sc_hd__clkbuf_16)
                                                         clknet_0_wr_clk (net)
                      0.098124    0.000576    0.125606 ^ clkbuf_4_12_0_wr_clk/A (sky130_fd_sc_hd__clkbuf_8)
     2    0.020414    0.038981    0.106337    0.231943 ^ clkbuf_4_12_0_wr_clk/X (sky130_fd_sc_hd__clkbuf_8)
                                                         clknet_4_12_0_wr_clk (net)
                      0.039040    0.001321    0.233264 ^ clkbuf_5_24__f_wr_clk/A (sky130_fd_sc_hd__clkbuf_16)
     5    0.015089    0.027930    0.083348    0.316612 ^ clkbuf_5_24__f_wr_clk/X (sky130_fd_sc_hd__clkbuf_16)
                                                         clknet_5_24__leaf_wr_clk (net)
                      0.027937    0.000702    0.317313 ^ _1172_/CLK (sky130_fd_sc_hd__dfxtp_2)
     2    0.005656    0.030591    0.194402    0.511716 ^ _1172_/Q (sky130_fd_sc_hd__dfxtp_2)
                                                         u_fifomem.mem[7][6] (net)
                      0.030591    0.000282    0.511997 ^ _1023_/A1 (sky130_fd_sc_hd__mux2_2)
     1    0.003050    0.025165    0.084840    0.596838 ^ _1023_/X (sky130_fd_sc_hd__mux2_2)
                                                         _0495_ (net)
                      0.025166    0.000220    0.597057 ^ _1024_/A (sky130_fd_sc_hd__buf_1)
     1    0.002733    0.031564    0.050170    0.647227 ^ _1024_/X (sky130_fd_sc_hd__buf_1)
                                                         _0112_ (net)
                      0.031564    0.000180    0.647407 ^ _1172_/D (sky130_fd_sc_hd__dfxtp_2)
                                              0.647407   data arrival time

                                  0.000000    0.000000   clock wr_clk (rise edge)
                                  0.000000    0.000000   clock source latency
     1    0.027351    0.000000    0.000000    0.000000 ^ wr_clk (in)
                                                         wr_clk (net)
                      0.002217    0.001109    0.001109 ^ clkbuf_0_wr_clk/A (sky130_fd_sc_hd__clkbuf_16)
    16    0.111526    0.098120    0.123922    0.125030 ^ clkbuf_0_wr_clk/X (sky130_fd_sc_hd__clkbuf_16)
                                                         clknet_0_wr_clk (net)
                      0.098124    0.000576    0.125606 ^ clkbuf_4_12_0_wr_clk/A (sky130_fd_sc_hd__clkbuf_8)
     2    0.020414    0.038981    0.106337    0.231943 ^ clkbuf_4_12_0_wr_clk/X (sky130_fd_sc_hd__clkbuf_8)
                                                         clknet_4_12_0_wr_clk (net)
                      0.039040    0.001321    0.233264 ^ clkbuf_5_24__f_wr_clk/A (sky130_fd_sc_hd__clkbuf_16)
     5    0.015089    0.027930    0.083348    0.316612 ^ clkbuf_5_24__f_wr_clk/X (sky130_fd_sc_hd__clkbuf_16)
                                                         clknet_5_24__leaf_wr_clk (net)
                      0.027937    0.000702    0.317313 ^ _1172_/CLK (sky130_fd_sc_hd__dfxtp_2)
                                  0.100000    0.417313   clock uncertainty
                                  0.000000    0.417313   clock reconvergence pessimism
                                 -0.017413    0.399900   library hold time
                                              0.399900   data required time
---------------------------------------------------------------------------------------------
                                              0.399900   data required time
                                             -0.647407   data arrival time
---------------------------------------------------------------------------------------------
                                              0.247507   slack (MET)


Startpoint: _1106_ (rising edge-triggered flip-flop clocked by wr_clk)
Endpoint: _1106_ (rising edge-triggered flip-flop clocked by wr_clk)
Path Group: wr_clk
Path Type: min

Fanout         Cap        Slew       Delay        Time   Description
---------------------------------------------------------------------------------------------
                                  0.000000    0.000000   clock wr_clk (rise edge)
                                  0.000000    0.000000   clock source latency
     1    0.027351    0.000000    0.000000    0.000000 ^ wr_clk (in)
                                                         wr_clk (net)
                      0.002217    0.001109    0.001109 ^ clkbuf_0_wr_clk/A (sky130_fd_sc_hd__clkbuf_16)
    16    0.111526    0.098120    0.123922    0.125030 ^ clkbuf_0_wr_clk/X (sky130_fd_sc_hd__clkbuf_16)
                                                         clknet_0_wr_clk (net)
                      0.099794    0.010130    0.135160 ^ clkbuf_4_2_0_wr_clk/A (sky130_fd_sc_hd__clkbuf_8)
     2    0.019567    0.037881    0.106206    0.241366 ^ clkbuf_4_2_0_wr_clk/X (sky130_fd_sc_hd__clkbuf_8)
                                                         clknet_4_2_0_wr_clk (net)
                      0.037896    0.000701    0.242067 ^ clkbuf_5_5__f_wr_clk/A (sky130_fd_sc_hd__clkbuf_16)
     5    0.017642    0.029602    0.084672    0.326739 ^ clkbuf_5_5__f_wr_clk/X (sky130_fd_sc_hd__clkbuf_16)
                                                         clknet_5_5__leaf_wr_clk (net)
                      0.029614    0.000880    0.327620 ^ _1106_/CLK (sky130_fd_sc_hd__dfxtp_2)
     2    0.005406    0.029761    0.194211    0.521831 ^ _1106_/Q (sky130_fd_sc_hd__dfxtp_2)
                                                         u_fifomem.mem[14][4] (net)
                      0.029761    0.000313    0.522144 ^ _0882_/A0 (sky130_fd_sc_hd__mux2_2)
     1    0.002268    0.023000    0.082002    0.604146 ^ _0882_/X (sky130_fd_sc_hd__mux2_2)
                                                         _0420_ (net)
                      0.023000    0.000105    0.604251 ^ _0883_/A (sky130_fd_sc_hd__buf_2)
     1    0.002298    0.017581    0.054410    0.658661 ^ _0883_/X (sky130_fd_sc_hd__buf_2)
                                                         _0046_ (net)
                      0.017581    0.000157    0.658818 ^ _1106_/D (sky130_fd_sc_hd__dfxtp_2)
                                              0.658818   data arrival time

                                  0.000000    0.000000   clock wr_clk (rise edge)
                                  0.000000    0.000000   clock source latency
     1    0.027351    0.000000    0.000000    0.000000 ^ wr_clk (in)
                                                         wr_clk (net)
                      0.002217    0.001109    0.001109 ^ clkbuf_0_wr_clk/A (sky130_fd_sc_hd__clkbuf_16)
    16    0.111526    0.098120    0.123922    0.125030 ^ clkbuf_0_wr_clk/X (sky130_fd_sc_hd__clkbuf_16)
                                                         clknet_0_wr_clk (net)
                      0.099794    0.010130    0.135160 ^ clkbuf_4_2_0_wr_clk/A (sky130_fd_sc_hd__clkbuf_8)
     2    0.019567    0.037881    0.106206    0.241366 ^ clkbuf_4_2_0_wr_clk/X (sky130_fd_sc_hd__clkbuf_8)
                                                         clknet_4_2_0_wr_clk (net)
                      0.037896    0.000701    0.242067 ^ clkbuf_5_5__f_wr_clk/A (sky130_fd_sc_hd__clkbuf_16)
     5    0.017642    0.029602    0.084672    0.326739 ^ clkbuf_5_5__f_wr_clk/X (sky130_fd_sc_hd__clkbuf_16)
                                                         clknet_5_5__leaf_wr_clk (net)
                      0.029614    0.000880    0.327620 ^ _1106_/CLK (sky130_fd_sc_hd__dfxtp_2)
                                  0.100000    0.427620   clock uncertainty
                                  0.000000    0.427620   clock reconvergence pessimism
                                 -0.016383    0.411236   library hold time
                                              0.411236   data required time
---------------------------------------------------------------------------------------------
                                              0.411236   data required time
                                             -0.658818   data arrival time
---------------------------------------------------------------------------------------------
                                              0.247581   slack (MET)


Startpoint: _1163_ (rising edge-triggered flip-flop clocked by wr_clk)
Endpoint: _1163_ (rising edge-triggered flip-flop clocked by wr_clk)
Path Group: wr_clk
Path Type: min

Fanout         Cap        Slew       Delay        Time   Description
---------------------------------------------------------------------------------------------
                                  0.000000    0.000000   clock wr_clk (rise edge)
                                  0.000000    0.000000   clock source latency
     1    0.027351    0.000000    0.000000    0.000000 ^ wr_clk (in)
                                                         wr_clk (net)
                      0.002217    0.001109    0.001109 ^ clkbuf_0_wr_clk/A (sky130_fd_sc_hd__clkbuf_16)
    16    0.111526    0.098120    0.123922    0.125030 ^ clkbuf_0_wr_clk/X (sky130_fd_sc_hd__clkbuf_16)
                                                         clknet_0_wr_clk (net)
                      0.098798    0.006551    0.131582 ^ clkbuf_4_8_0_wr_clk/A (sky130_fd_sc_hd__clkbuf_8)
     2    0.020863    0.039514    0.106974    0.238556 ^ clkbuf_4_8_0_wr_clk/X (sky130_fd_sc_hd__clkbuf_8)
                                                         clknet_4_8_0_wr_clk (net)
                      0.039595    0.001546    0.240101 ^ clkbuf_5_17__f_wr_clk/A (sky130_fd_sc_hd__clkbuf_16)
     5    0.016214    0.028704    0.084091    0.324192 ^ clkbuf_5_17__f_wr_clk/X (sky130_fd_sc_hd__clkbuf_16)
                                                         clknet_5_17__leaf_wr_clk (net)
                      0.028724    0.001287    0.325479 ^ _1163_/CLK (sky130_fd_sc_hd__dfxtp_2)
     2    0.005481    0.030017    0.194173    0.519653 ^ _1163_/Q (sky130_fd_sc_hd__dfxtp_2)
                                                         u_fifomem.mem[6][5] (net)
                      0.030017    0.000277    0.519930 ^ _1004_/A0 (sky130_fd_sc_hd__mux2_2)
     1    0.002447    0.023572    0.082721    0.602651 ^ _1004_/X (sky130_fd_sc_hd__mux2_2)
                                                         _0485_ (net)
                      0.023572    0.000165    0.602816 ^ _1005_/A (sky130_fd_sc_hd__buf_2)
     1    0.002026    0.016768    0.053783    0.656599 ^ _1005_/X (sky130_fd_sc_hd__buf_2)
                                                         _0103_ (net)
                      0.016768    0.000147    0.656746 ^ _1163_/D (sky130_fd_sc_hd__dfxtp_2)
                                              0.656746   data arrival time

                                  0.000000    0.000000   clock wr_clk (rise edge)
                                  0.000000    0.000000   clock source latency
     1    0.027351    0.000000    0.000000    0.000000 ^ wr_clk (in)
                                                         wr_clk (net)
                      0.002217    0.001109    0.001109 ^ clkbuf_0_wr_clk/A (sky130_fd_sc_hd__clkbuf_16)
    16    0.111526    0.098120    0.123922    0.125030 ^ clkbuf_0_wr_clk/X (sky130_fd_sc_hd__clkbuf_16)
                                                         clknet_0_wr_clk (net)
                      0.098798    0.006551    0.131582 ^ clkbuf_4_8_0_wr_clk/A (sky130_fd_sc_hd__clkbuf_8)
     2    0.020863    0.039514    0.106974    0.238556 ^ clkbuf_4_8_0_wr_clk/X (sky130_fd_sc_hd__clkbuf_8)
                                                         clknet_4_8_0_wr_clk (net)
                      0.039595    0.001546    0.240101 ^ clkbuf_5_17__f_wr_clk/A (sky130_fd_sc_hd__clkbuf_16)
     5    0.016214    0.028704    0.084091    0.324192 ^ clkbuf_5_17__f_wr_clk/X (sky130_fd_sc_hd__clkbuf_16)
                                                         clknet_5_17__leaf_wr_clk (net)
                      0.028724    0.001287    0.325479 ^ _1163_/CLK (sky130_fd_sc_hd__dfxtp_2)
                                  0.100000    0.425479   clock uncertainty
                                  0.000000    0.425479   clock reconvergence pessimism
                                 -0.016347    0.409132   library hold time
                                              0.409132   data required time
---------------------------------------------------------------------------------------------
                                              0.409132   data required time
                                             -0.656746   data arrival time
---------------------------------------------------------------------------------------------
                                              0.247613   slack (MET)


Startpoint: _1111_ (rising edge-triggered flip-flop clocked by wr_clk)
Endpoint: _1111_ (rising edge-triggered flip-flop clocked by wr_clk)
Path Group: wr_clk
Path Type: min

Fanout         Cap        Slew       Delay        Time   Description
---------------------------------------------------------------------------------------------
                                  0.000000    0.000000   clock wr_clk (rise edge)
                                  0.000000    0.000000   clock source latency
     1    0.027351    0.000000    0.000000    0.000000 ^ wr_clk (in)
                                                         wr_clk (net)
                      0.002217    0.001109    0.001109 ^ clkbuf_0_wr_clk/A (sky130_fd_sc_hd__clkbuf_16)
    16    0.111526    0.098120    0.123922    0.125030 ^ clkbuf_0_wr_clk/X (sky130_fd_sc_hd__clkbuf_16)
                                                         clknet_0_wr_clk (net)
                      0.100861    0.012955    0.137986 ^ clkbuf_4_7_0_wr_clk/A (sky130_fd_sc_hd__clkbuf_8)
     2    0.019330    0.037616    0.106299    0.244285 ^ clkbuf_4_7_0_wr_clk/X (sky130_fd_sc_hd__clkbuf_8)
                                                         clknet_4_7_0_wr_clk (net)
                      0.037619    0.000385    0.244670 ^ clkbuf_5_14__f_wr_clk/A (sky130_fd_sc_hd__clkbuf_16)
     5    0.015009    0.027870    0.082925    0.327595 ^ clkbuf_5_14__f_wr_clk/X (sky130_fd_sc_hd__clkbuf_16)
                                                         clknet_5_14__leaf_wr_clk (net)
                      0.027870    0.000379    0.327974 ^ _1111_/CLK (sky130_fd_sc_hd__dfxtp_2)
     2    0.005680    0.030659    0.194403    0.522378 ^ _1111_/Q (sky130_fd_sc_hd__dfxtp_2)
                                                         u_fifomem.mem[15][1] (net)
                      0.030659    0.000355    0.522732 ^ _0893_/A1 (sky130_fd_sc_hd__mux2_2)
     1    0.004102    0.028732    0.088723    0.611456 ^ _0893_/X (sky130_fd_sc_hd__mux2_2)
                                                         _0426_ (net)
                      0.028744    0.000301    0.611756 ^ _0894_/A (sky130_fd_sc_hd__buf_1)
     1    0.002056    0.026154    0.046843    0.658599 ^ _0894_/X (sky130_fd_sc_hd__buf_1)
                                                         _0051_ (net)
                      0.026154    0.000092    0.658691 ^ _1111_/D (sky130_fd_sc_hd__dfxtp_2)
                                              0.658691   data arrival time

                                  0.000000    0.000000   clock wr_clk (rise edge)
                                  0.000000    0.000000   clock source latency
     1    0.027351    0.000000    0.000000    0.000000 ^ wr_clk (in)
                                                         wr_clk (net)
                      0.002217    0.001109    0.001109 ^ clkbuf_0_wr_clk/A (sky130_fd_sc_hd__clkbuf_16)
    16    0.111526    0.098120    0.123922    0.125030 ^ clkbuf_0_wr_clk/X (sky130_fd_sc_hd__clkbuf_16)
                                                         clknet_0_wr_clk (net)
                      0.100861    0.012955    0.137986 ^ clkbuf_4_7_0_wr_clk/A (sky130_fd_sc_hd__clkbuf_8)
     2    0.019330    0.037616    0.106299    0.244285 ^ clkbuf_4_7_0_wr_clk/X (sky130_fd_sc_hd__clkbuf_8)
                                                         clknet_4_7_0_wr_clk (net)
                      0.037619    0.000385    0.244670 ^ clkbuf_5_14__f_wr_clk/A (sky130_fd_sc_hd__clkbuf_16)
     5    0.015009    0.027870    0.082925    0.327595 ^ clkbuf_5_14__f_wr_clk/X (sky130_fd_sc_hd__clkbuf_16)
                                                         clknet_5_14__leaf_wr_clk (net)
                      0.027870    0.000379    0.327974 ^ _1111_/CLK (sky130_fd_sc_hd__dfxtp_2)
                                  0.100000    0.427974   clock uncertainty
                                  0.000000    0.427974   clock reconvergence pessimism
                                 -0.017032    0.410943   library hold time
                                              0.410943   data required time
---------------------------------------------------------------------------------------------
                                              0.410943   data required time
                                             -0.658691   data arrival time
---------------------------------------------------------------------------------------------
                                              0.247748   slack (MET)


Startpoint: _1079_ (rising edge-triggered flip-flop clocked by wr_clk)
Endpoint: _1079_ (rising edge-triggered flip-flop clocked by wr_clk)
Path Group: wr_clk
Path Type: min

Fanout         Cap        Slew       Delay        Time   Description
---------------------------------------------------------------------------------------------
                                  0.000000    0.000000   clock wr_clk (rise edge)
                                  0.000000    0.000000   clock source latency
     1    0.027351    0.000000    0.000000    0.000000 ^ wr_clk (in)
                                                         wr_clk (net)
                      0.002217    0.001109    0.001109 ^ clkbuf_0_wr_clk/A (sky130_fd_sc_hd__clkbuf_16)
    16    0.111526    0.098120    0.123922    0.125030 ^ clkbuf_0_wr_clk/X (sky130_fd_sc_hd__clkbuf_16)
                                                         clknet_0_wr_clk (net)
                      0.100861    0.012955    0.137986 ^ clkbuf_4_7_0_wr_clk/A (sky130_fd_sc_hd__clkbuf_8)
     2    0.019330    0.037616    0.106299    0.244285 ^ clkbuf_4_7_0_wr_clk/X (sky130_fd_sc_hd__clkbuf_8)
                                                         clknet_4_7_0_wr_clk (net)
                      0.037619    0.000385    0.244670 ^ clkbuf_5_14__f_wr_clk/A (sky130_fd_sc_hd__clkbuf_16)
     5    0.015009    0.027870    0.082925    0.327595 ^ clkbuf_5_14__f_wr_clk/X (sky130_fd_sc_hd__clkbuf_16)
                                                         clknet_5_14__leaf_wr_clk (net)
                      0.027870    0.000334    0.327929 ^ _1079_/CLK (sky130_fd_sc_hd__dfxtp_2)
     2    0.005582    0.030333    0.194135    0.522065 ^ _1079_/Q (sky130_fd_sc_hd__dfxtp_2)
                                                         u_fifomem.mem[11][1] (net)
                      0.030333    0.000368    0.522433 ^ _0822_/A1 (sky130_fd_sc_hd__mux2_2)
     1    0.002799    0.024350    0.083853    0.606285 ^ _0822_/X (sky130_fd_sc_hd__mux2_2)
                                                         _0387_ (net)
                      0.024356    0.000197    0.606482 ^ _0823_/A (sky130_fd_sc_hd__buf_1)
     1    0.002985    0.033616    0.051518    0.658000 ^ _0823_/X (sky130_fd_sc_hd__buf_1)
                                                         _0019_ (net)
                      0.033617    0.000195    0.658195 ^ _1079_/D (sky130_fd_sc_hd__dfxtp_2)
                                              0.658195   data arrival time

                                  0.000000    0.000000   clock wr_clk (rise edge)
                                  0.000000    0.000000   clock source latency
     1    0.027351    0.000000    0.000000    0.000000 ^ wr_clk (in)
                                                         wr_clk (net)
                      0.002217    0.001109    0.001109 ^ clkbuf_0_wr_clk/A (sky130_fd_sc_hd__clkbuf_16)
    16    0.111526    0.098120    0.123922    0.125030 ^ clkbuf_0_wr_clk/X (sky130_fd_sc_hd__clkbuf_16)
                                                         clknet_0_wr_clk (net)
                      0.100861    0.012955    0.137986 ^ clkbuf_4_7_0_wr_clk/A (sky130_fd_sc_hd__clkbuf_8)
     2    0.019330    0.037616    0.106299    0.244285 ^ clkbuf_4_7_0_wr_clk/X (sky130_fd_sc_hd__clkbuf_8)
                                                         clknet_4_7_0_wr_clk (net)
                      0.037619    0.000385    0.244670 ^ clkbuf_5_14__f_wr_clk/A (sky130_fd_sc_hd__clkbuf_16)
     5    0.015009    0.027870    0.082925    0.327595 ^ clkbuf_5_14__f_wr_clk/X (sky130_fd_sc_hd__clkbuf_16)
                                                         clknet_5_14__leaf_wr_clk (net)
                      0.027870    0.000334    0.327929 ^ _1079_/CLK (sky130_fd_sc_hd__dfxtp_2)
                                  0.100000    0.427929   clock uncertainty
                                  0.000000    0.427929   clock reconvergence pessimism
                                 -0.017560    0.410369   library hold time
                                              0.410369   data required time
---------------------------------------------------------------------------------------------
                                              0.410369   data required time
                                             -0.658195   data arrival time
---------------------------------------------------------------------------------------------
                                              0.247825   slack (MET)


Startpoint: _1143_ (rising edge-triggered flip-flop clocked by wr_clk)
Endpoint: _1143_ (rising edge-triggered flip-flop clocked by wr_clk)
Path Group: wr_clk
Path Type: min

Fanout         Cap        Slew       Delay        Time   Description
---------------------------------------------------------------------------------------------
                                  0.000000    0.000000   clock wr_clk (rise edge)
                                  0.000000    0.000000   clock source latency
     1    0.027351    0.000000    0.000000    0.000000 ^ wr_clk (in)
                                                         wr_clk (net)
                      0.002217    0.001109    0.001109 ^ clkbuf_0_wr_clk/A (sky130_fd_sc_hd__clkbuf_16)
    16    0.111526    0.098120    0.123922    0.125030 ^ clkbuf_0_wr_clk/X (sky130_fd_sc_hd__clkbuf_16)
                                                         clknet_0_wr_clk (net)
                      0.098124    0.000576    0.125606 ^ clkbuf_4_12_0_wr_clk/A (sky130_fd_sc_hd__clkbuf_8)
     2    0.020414    0.038981    0.106337    0.231943 ^ clkbuf_4_12_0_wr_clk/X (sky130_fd_sc_hd__clkbuf_8)
                                                         clknet_4_12_0_wr_clk (net)
                      0.039040    0.001321    0.233264 ^ clkbuf_5_24__f_wr_clk/A (sky130_fd_sc_hd__clkbuf_16)
     5    0.015089    0.027930    0.083348    0.316612 ^ clkbuf_5_24__f_wr_clk/X (sky130_fd_sc_hd__clkbuf_16)
                                                         clknet_5_24__leaf_wr_clk (net)
                      0.027930    0.000527    0.317139 ^ _1143_/CLK (sky130_fd_sc_hd__dfxtp_2)
     2    0.005541    0.030211    0.194089    0.511228 ^ _1143_/Q (sky130_fd_sc_hd__dfxtp_2)
                                                         u_fifomem.mem[4][1] (net)
                      0.030211    0.000292    0.511520 ^ _0962_/A0 (sky130_fd_sc_hd__mux2_2)
     1    0.002716    0.024429    0.083755    0.595276 ^ _0962_/X (sky130_fd_sc_hd__mux2_2)
                                                         _0463_ (net)
                      0.024429    0.000191    0.595467 ^ _0963_/A (sky130_fd_sc_hd__buf_1)
     1    0.003026    0.033940    0.051746    0.647212 ^ _0963_/X (sky130_fd_sc_hd__buf_1)
                                                         _0083_ (net)
                      0.033941    0.000234    0.647446 ^ _1143_/D (sky130_fd_sc_hd__dfxtp_2)
                                              0.647446   data arrival time

                                  0.000000    0.000000   clock wr_clk (rise edge)
                                  0.000000    0.000000   clock source latency
     1    0.027351    0.000000    0.000000    0.000000 ^ wr_clk (in)
                                                         wr_clk (net)
                      0.002217    0.001109    0.001109 ^ clkbuf_0_wr_clk/A (sky130_fd_sc_hd__clkbuf_16)
    16    0.111526    0.098120    0.123922    0.125030 ^ clkbuf_0_wr_clk/X (sky130_fd_sc_hd__clkbuf_16)
                                                         clknet_0_wr_clk (net)
                      0.098124    0.000576    0.125606 ^ clkbuf_4_12_0_wr_clk/A (sky130_fd_sc_hd__clkbuf_8)
     2    0.020414    0.038981    0.106337    0.231943 ^ clkbuf_4_12_0_wr_clk/X (sky130_fd_sc_hd__clkbuf_8)
                                                         clknet_4_12_0_wr_clk (net)
                      0.039040    0.001321    0.233264 ^ clkbuf_5_24__f_wr_clk/A (sky130_fd_sc_hd__clkbuf_16)
     5    0.015089    0.027930    0.083348    0.316612 ^ clkbuf_5_24__f_wr_clk/X (sky130_fd_sc_hd__clkbuf_16)
                                                         clknet_5_24__leaf_wr_clk (net)
                      0.027930    0.000527    0.317139 ^ _1143_/CLK (sky130_fd_sc_hd__dfxtp_2)
                                  0.100000    0.417139   clock uncertainty
                                  0.000000    0.417139   clock reconvergence pessimism
                                 -0.017581    0.399557   library hold time
                                              0.399557   data required time
---------------------------------------------------------------------------------------------
                                              0.399557   data required time
                                             -0.647446   data arrival time
---------------------------------------------------------------------------------------------
                                              0.247889   slack (MET)


Startpoint: _1112_ (rising edge-triggered flip-flop clocked by wr_clk)
Endpoint: _1112_ (rising edge-triggered flip-flop clocked by wr_clk)
Path Group: wr_clk
Path Type: min

Fanout         Cap        Slew       Delay        Time   Description
---------------------------------------------------------------------------------------------
                                  0.000000    0.000000   clock wr_clk (rise edge)
                                  0.000000    0.000000   clock source latency
     1    0.027351    0.000000    0.000000    0.000000 ^ wr_clk (in)
                                                         wr_clk (net)
                      0.002217    0.001109    0.001109 ^ clkbuf_0_wr_clk/A (sky130_fd_sc_hd__clkbuf_16)
    16    0.111526    0.098120    0.123922    0.125030 ^ clkbuf_0_wr_clk/X (sky130_fd_sc_hd__clkbuf_16)
                                                         clknet_0_wr_clk (net)
                      0.100861    0.012955    0.137986 ^ clkbuf_4_7_0_wr_clk/A (sky130_fd_sc_hd__clkbuf_8)
     2    0.019330    0.037616    0.106299    0.244285 ^ clkbuf_4_7_0_wr_clk/X (sky130_fd_sc_hd__clkbuf_8)
                                                         clknet_4_7_0_wr_clk (net)
                      0.037619    0.000385    0.244670 ^ clkbuf_5_14__f_wr_clk/A (sky130_fd_sc_hd__clkbuf_16)
     5    0.015009    0.027870    0.082925    0.327595 ^ clkbuf_5_14__f_wr_clk/X (sky130_fd_sc_hd__clkbuf_16)
                                                         clknet_5_14__leaf_wr_clk (net)
                      0.027875    0.000488    0.328083 ^ _1112_/CLK (sky130_fd_sc_hd__dfxtp_2)
     2    0.005478    0.029994    0.193863    0.521946 ^ _1112_/Q (sky130_fd_sc_hd__dfxtp_2)
                                                         u_fifomem.mem[15][2] (net)
                      0.029994    0.000338    0.522284 ^ _0895_/A1 (sky130_fd_sc_hd__mux2_2)
     1    0.003375    0.026215    0.085883    0.608167 ^ _0895_/X (sky130_fd_sc_hd__mux2_2)
                                                         _0427_ (net)
                      0.026223    0.000226    0.608393 ^ _0896_/A (sky130_fd_sc_hd__buf_1)
     1    0.002690    0.031224    0.050120    0.658513 ^ _0896_/X (sky130_fd_sc_hd__buf_1)
                                                         _0052_ (net)
                      0.031225    0.000180    0.658692 ^ _1112_/D (sky130_fd_sc_hd__dfxtp_2)
                                              0.658692   data arrival time

                                  0.000000    0.000000   clock wr_clk (rise edge)
                                  0.000000    0.000000   clock source latency
     1    0.027351    0.000000    0.000000    0.000000 ^ wr_clk (in)
                                                         wr_clk (net)
                      0.002217    0.001109    0.001109 ^ clkbuf_0_wr_clk/A (sky130_fd_sc_hd__clkbuf_16)
    16    0.111526    0.098120    0.123922    0.125030 ^ clkbuf_0_wr_clk/X (sky130_fd_sc_hd__clkbuf_16)
                                                         clknet_0_wr_clk (net)
                      0.100861    0.012955    0.137986 ^ clkbuf_4_7_0_wr_clk/A (sky130_fd_sc_hd__clkbuf_8)
     2    0.019330    0.037616    0.106299    0.244285 ^ clkbuf_4_7_0_wr_clk/X (sky130_fd_sc_hd__clkbuf_8)
                                                         clknet_4_7_0_wr_clk (net)
                      0.037619    0.000385    0.244670 ^ clkbuf_5_14__f_wr_clk/A (sky130_fd_sc_hd__clkbuf_16)
     5    0.015009    0.027870    0.082925    0.327595 ^ clkbuf_5_14__f_wr_clk/X (sky130_fd_sc_hd__clkbuf_16)
                                                         clknet_5_14__leaf_wr_clk (net)
                      0.027875    0.000488    0.328083 ^ _1112_/CLK (sky130_fd_sc_hd__dfxtp_2)
                                  0.100000    0.428083   clock uncertainty
                                  0.000000    0.428083   clock reconvergence pessimism
                                 -0.017390    0.410693   library hold time
                                              0.410693   data required time
---------------------------------------------------------------------------------------------
                                              0.410693   data required time
                                             -0.658692   data arrival time
---------------------------------------------------------------------------------------------
                                              0.248000   slack (MET)


Startpoint: _1091_ (rising edge-triggered flip-flop clocked by wr_clk)
Endpoint: _1091_ (rising edge-triggered flip-flop clocked by wr_clk)
Path Group: wr_clk
Path Type: min

Fanout         Cap        Slew       Delay        Time   Description
---------------------------------------------------------------------------------------------
                                  0.000000    0.000000   clock wr_clk (rise edge)
                                  0.000000    0.000000   clock source latency
     1    0.027351    0.000000    0.000000    0.000000 ^ wr_clk (in)
                                                         wr_clk (net)
                      0.002217    0.001109    0.001109 ^ clkbuf_0_wr_clk/A (sky130_fd_sc_hd__clkbuf_16)
    16    0.111526    0.098120    0.123922    0.125030 ^ clkbuf_0_wr_clk/X (sky130_fd_sc_hd__clkbuf_16)
                                                         clknet_0_wr_clk (net)
                      0.100852    0.012934    0.137964 ^ clkbuf_4_6_0_wr_clk/A (sky130_fd_sc_hd__clkbuf_8)
     2    0.018956    0.037221    0.105721    0.243685 ^ clkbuf_4_6_0_wr_clk/X (sky130_fd_sc_hd__clkbuf_8)
                                                         clknet_4_6_0_wr_clk (net)
                      0.037254    0.000977    0.244662 ^ clkbuf_5_12__f_wr_clk/A (sky130_fd_sc_hd__clkbuf_16)
     5    0.016006    0.028527    0.083424    0.328086 ^ clkbuf_5_12__f_wr_clk/X (sky130_fd_sc_hd__clkbuf_16)
                                                         clknet_5_12__leaf_wr_clk (net)
                      0.028534    0.000655    0.328741 ^ _1091_/CLK (sky130_fd_sc_hd__dfxtp_2)
     2    0.006025    0.031796    0.195507    0.524248 ^ _1091_/Q (sky130_fd_sc_hd__dfxtp_2)
                                                         u_fifomem.mem[12][5] (net)
                      0.031796    0.000368    0.524617 ^ _0848_/A0 (sky130_fd_sc_hd__mux2_2)
     1    0.002486    0.023691    0.083363    0.607980 ^ _0848_/X (sky130_fd_sc_hd__mux2_2)
                                                         _0401_ (net)
                      0.023691    0.000116    0.608096 ^ _0849_/A (sky130_fd_sc_hd__buf_1)
     1    0.002931    0.033166    0.051066    0.659162 ^ _0849_/X (sky130_fd_sc_hd__buf_1)
                                                         _0031_ (net)
                      0.033167    0.000184    0.659346 ^ _1091_/D (sky130_fd_sc_hd__dfxtp_2)
                                              0.659346   data arrival time

                                  0.000000    0.000000   clock wr_clk (rise edge)
                                  0.000000    0.000000   clock source latency
     1    0.027351    0.000000    0.000000    0.000000 ^ wr_clk (in)
                                                         wr_clk (net)
                      0.002217    0.001109    0.001109 ^ clkbuf_0_wr_clk/A (sky130_fd_sc_hd__clkbuf_16)
    16    0.111526    0.098120    0.123922    0.125030 ^ clkbuf_0_wr_clk/X (sky130_fd_sc_hd__clkbuf_16)
                                                         clknet_0_wr_clk (net)
                      0.100852    0.012934    0.137964 ^ clkbuf_4_6_0_wr_clk/A (sky130_fd_sc_hd__clkbuf_8)
     2    0.018956    0.037221    0.105721    0.243685 ^ clkbuf_4_6_0_wr_clk/X (sky130_fd_sc_hd__clkbuf_8)
                                                         clknet_4_6_0_wr_clk (net)
                      0.037254    0.000977    0.244662 ^ clkbuf_5_12__f_wr_clk/A (sky130_fd_sc_hd__clkbuf_16)
     5    0.016006    0.028527    0.083424    0.328086 ^ clkbuf_5_12__f_wr_clk/X (sky130_fd_sc_hd__clkbuf_16)
                                                         clknet_5_12__leaf_wr_clk (net)
                      0.028534    0.000655    0.328741 ^ _1091_/CLK (sky130_fd_sc_hd__dfxtp_2)
                                  0.100000    0.428741   clock uncertainty
                                  0.000000    0.428741   clock reconvergence pessimism
                                 -0.017512    0.411229   library hold time
                                              0.411229   data required time
---------------------------------------------------------------------------------------------
                                              0.411229   data required time
                                             -0.659346   data arrival time
---------------------------------------------------------------------------------------------
                                              0.248117   slack (MET)


Startpoint: _1092_ (rising edge-triggered flip-flop clocked by wr_clk)
Endpoint: _1092_ (rising edge-triggered flip-flop clocked by wr_clk)
Path Group: wr_clk
Path Type: min

Fanout         Cap        Slew       Delay        Time   Description
---------------------------------------------------------------------------------------------
                                  0.000000    0.000000   clock wr_clk (rise edge)
                                  0.000000    0.000000   clock source latency
     1    0.027351    0.000000    0.000000    0.000000 ^ wr_clk (in)
                                                         wr_clk (net)
                      0.002217    0.001109    0.001109 ^ clkbuf_0_wr_clk/A (sky130_fd_sc_hd__clkbuf_16)
    16    0.111526    0.098120    0.123922    0.125030 ^ clkbuf_0_wr_clk/X (sky130_fd_sc_hd__clkbuf_16)
                                                         clknet_0_wr_clk (net)
                      0.098125    0.000633    0.125664 ^ clkbuf_4_13_0_wr_clk/A (sky130_fd_sc_hd__clkbuf_8)
     2    0.019504    0.037934    0.105379    0.231042 ^ clkbuf_4_13_0_wr_clk/X (sky130_fd_sc_hd__clkbuf_8)
                                                         clknet_4_13_0_wr_clk (net)
                      0.038007    0.001426    0.232469 ^ clkbuf_5_27__f_wr_clk/A (sky130_fd_sc_hd__clkbuf_16)
     5    0.018742    0.030361    0.085326    0.317794 ^ clkbuf_5_27__f_wr_clk/X (sky130_fd_sc_hd__clkbuf_16)
                                                         clknet_5_27__leaf_wr_clk (net)
                      0.030386    0.001419    0.319213 ^ _1092_/CLK (sky130_fd_sc_hd__dfxtp_2)
     2    0.005833    0.031156    0.195536    0.514749 ^ _1092_/Q (sky130_fd_sc_hd__dfxtp_2)
                                                         u_fifomem.mem[12][6] (net)
                      0.031156    0.000369    0.515118 ^ _0850_/A0 (sky130_fd_sc_hd__mux2_2)
     1    0.003916    0.028373    0.088413    0.603532 ^ _0850_/X (sky130_fd_sc_hd__mux2_2)
                                                         _0402_ (net)
                      0.028381    0.000288    0.603820 ^ _0851_/A (sky130_fd_sc_hd__buf_1)
     1    0.002010    0.025782    0.046481    0.650301 ^ _0851_/X (sky130_fd_sc_hd__buf_1)
                                                         _0032_ (net)
                      0.025783    0.000143    0.650444 ^ _1092_/D (sky130_fd_sc_hd__dfxtp_2)
                                              0.650444   data arrival time

                                  0.000000    0.000000   clock wr_clk (rise edge)
                                  0.000000    0.000000   clock source latency
     1    0.027351    0.000000    0.000000    0.000000 ^ wr_clk (in)
                                                         wr_clk (net)
                      0.002217    0.001109    0.001109 ^ clkbuf_0_wr_clk/A (sky130_fd_sc_hd__clkbuf_16)
    16    0.111526    0.098120    0.123922    0.125030 ^ clkbuf_0_wr_clk/X (sky130_fd_sc_hd__clkbuf_16)
                                                         clknet_0_wr_clk (net)
                      0.098125    0.000633    0.125664 ^ clkbuf_4_13_0_wr_clk/A (sky130_fd_sc_hd__clkbuf_8)
     2    0.019504    0.037934    0.105379    0.231042 ^ clkbuf_4_13_0_wr_clk/X (sky130_fd_sc_hd__clkbuf_8)
                                                         clknet_4_13_0_wr_clk (net)
                      0.038007    0.001426    0.232469 ^ clkbuf_5_27__f_wr_clk/A (sky130_fd_sc_hd__clkbuf_16)
     5    0.018742    0.030361    0.085326    0.317794 ^ clkbuf_5_27__f_wr_clk/X (sky130_fd_sc_hd__clkbuf_16)
                                                         clknet_5_27__leaf_wr_clk (net)
                      0.030386    0.001419    0.319213 ^ _1092_/CLK (sky130_fd_sc_hd__dfxtp_2)
                                  0.100000    0.419213   clock uncertainty
                                  0.000000    0.419213   clock reconvergence pessimism
                                 -0.016945    0.402268   library hold time
                                              0.402268   data required time
---------------------------------------------------------------------------------------------
                                              0.402268   data required time
                                             -0.650444   data arrival time
---------------------------------------------------------------------------------------------
                                              0.248177   slack (MET)


Startpoint: _1093_ (rising edge-triggered flip-flop clocked by wr_clk)
Endpoint: _1093_ (rising edge-triggered flip-flop clocked by wr_clk)
Path Group: wr_clk
Path Type: min

Fanout         Cap        Slew       Delay        Time   Description
---------------------------------------------------------------------------------------------
                                  0.000000    0.000000   clock wr_clk (rise edge)
                                  0.000000    0.000000   clock source latency
     1    0.027351    0.000000    0.000000    0.000000 ^ wr_clk (in)
                                                         wr_clk (net)
                      0.002217    0.001109    0.001109 ^ clkbuf_0_wr_clk/A (sky130_fd_sc_hd__clkbuf_16)
    16    0.111526    0.098120    0.123922    0.125030 ^ clkbuf_0_wr_clk/X (sky130_fd_sc_hd__clkbuf_16)
                                                         clknet_0_wr_clk (net)
                      0.099237    0.008319    0.133349 ^ clkbuf_4_3_0_wr_clk/A (sky130_fd_sc_hd__clkbuf_8)
     2    0.020354    0.038927    0.106583    0.239932 ^ clkbuf_4_3_0_wr_clk/X (sky130_fd_sc_hd__clkbuf_8)
                                                         clknet_4_3_0_wr_clk (net)
                      0.039000    0.001450    0.241382 ^ clkbuf_5_6__f_wr_clk/A (sky130_fd_sc_hd__clkbuf_16)
     5    0.015268    0.028046    0.083512    0.324893 ^ clkbuf_5_6__f_wr_clk/X (sky130_fd_sc_hd__clkbuf_16)
                                                         clknet_5_6__leaf_wr_clk (net)
                      0.028046    0.000245    0.325139 ^ _1093_/CLK (sky130_fd_sc_hd__dfxtp_2)
     2    0.005294    0.029390    0.193424    0.518563 ^ _1093_/Q (sky130_fd_sc_hd__dfxtp_2)
                                                         u_fifomem.mem[12][7] (net)
                      0.029391    0.000342    0.518905 ^ _0852_/A0 (sky130_fd_sc_hd__mux2_2)
     1    0.004197    0.029382    0.088957    0.607862 ^ _0852_/X (sky130_fd_sc_hd__mux2_2)
                                                         _0403_ (net)
                      0.029383    0.000308    0.608170 ^ _0853_/A (sky130_fd_sc_hd__buf_1)
     1    0.002226    0.027511    0.047966    0.656136 ^ _0853_/X (sky130_fd_sc_hd__buf_1)
                                                         _0033_ (net)
                      0.027512    0.000158    0.656294 ^ _1093_/D (sky130_fd_sc_hd__dfxtp_2)
                                              0.656294   data arrival time

                                  0.000000    0.000000   clock wr_clk (rise edge)
                                  0.000000    0.000000   clock source latency
     1    0.027351    0.000000    0.000000    0.000000 ^ wr_clk (in)
                                                         wr_clk (net)
                      0.002217    0.001109    0.001109 ^ clkbuf_0_wr_clk/A (sky130_fd_sc_hd__clkbuf_16)
    16    0.111526    0.098120    0.123922    0.125030 ^ clkbuf_0_wr_clk/X (sky130_fd_sc_hd__clkbuf_16)
                                                         clknet_0_wr_clk (net)
                      0.099237    0.008319    0.133349 ^ clkbuf_4_3_0_wr_clk/A (sky130_fd_sc_hd__clkbuf_8)
     2    0.020354    0.038927    0.106583    0.239932 ^ clkbuf_4_3_0_wr_clk/X (sky130_fd_sc_hd__clkbuf_8)
                                                         clknet_4_3_0_wr_clk (net)
                      0.039000    0.001450    0.241382 ^ clkbuf_5_6__f_wr_clk/A (sky130_fd_sc_hd__clkbuf_16)
     5    0.015268    0.028046    0.083512    0.324893 ^ clkbuf_5_6__f_wr_clk/X (sky130_fd_sc_hd__clkbuf_16)
                                                         clknet_5_6__leaf_wr_clk (net)
                      0.028046    0.000245    0.325139 ^ _1093_/CLK (sky130_fd_sc_hd__dfxtp_2)
                                  0.100000    0.425139   clock uncertainty
                                  0.000000    0.425139   clock reconvergence pessimism
                                 -0.017124    0.408015   library hold time
                                              0.408015   data required time
---------------------------------------------------------------------------------------------
                                              0.408015   data required time
                                             -0.656294   data arrival time
---------------------------------------------------------------------------------------------
                                              0.248279   slack (MET)


Startpoint: _1102_ (rising edge-triggered flip-flop clocked by wr_clk)
Endpoint: _1102_ (rising edge-triggered flip-flop clocked by wr_clk)
Path Group: wr_clk
Path Type: min

Fanout         Cap        Slew       Delay        Time   Description
---------------------------------------------------------------------------------------------
                                  0.000000    0.000000   clock wr_clk (rise edge)
                                  0.000000    0.000000   clock source latency
     1    0.027351    0.000000    0.000000    0.000000 ^ wr_clk (in)
                                                         wr_clk (net)
                      0.002217    0.001109    0.001109 ^ clkbuf_0_wr_clk/A (sky130_fd_sc_hd__clkbuf_16)
    16    0.111526    0.098120    0.123922    0.125030 ^ clkbuf_0_wr_clk/X (sky130_fd_sc_hd__clkbuf_16)
                                                         clknet_0_wr_clk (net)
                      0.100425    0.011876    0.136906 ^ clkbuf_4_5_0_wr_clk/A (sky130_fd_sc_hd__clkbuf_8)
     2    0.019828    0.038352    0.106303    0.243209 ^ clkbuf_4_5_0_wr_clk/X (sky130_fd_sc_hd__clkbuf_8)
                                                         clknet_4_5_0_wr_clk (net)
                      0.038424    0.001439    0.244647 ^ clkbuf_5_10__f_wr_clk/A (sky130_fd_sc_hd__clkbuf_16)
     5    0.015595    0.028293    0.083338    0.327986 ^ clkbuf_5_10__f_wr_clk/X (sky130_fd_sc_hd__clkbuf_16)
                                                         clknet_5_10__leaf_wr_clk (net)
                      0.028306    0.001066    0.329052 ^ _1102_/CLK (sky130_fd_sc_hd__dfxtp_2)
     2    0.005705    0.030759    0.194671    0.523722 ^ _1102_/Q (sky130_fd_sc_hd__dfxtp_2)
                                                         u_fifomem.mem[14][0] (net)
                      0.030759    0.000229    0.523952 ^ _0874_/A0 (sky130_fd_sc_hd__mux2_2)
     1    0.002415    0.023469    0.082808    0.606760 ^ _0874_/X (sky130_fd_sc_hd__mux2_2)
                                                         _0416_ (net)
                      0.023469    0.000163    0.606923 ^ _0875_/A (sky130_fd_sc_hd__buf_2)
     1    0.002112    0.017027    0.054007    0.660930 ^ _0875_/X (sky130_fd_sc_hd__buf_2)
                                                         _0042_ (net)
                      0.017027    0.000149    0.661078 ^ _1102_/D (sky130_fd_sc_hd__dfxtp_2)
                                              0.661078   data arrival time

                                  0.000000    0.000000   clock wr_clk (rise edge)
                                  0.000000    0.000000   clock source latency
     1    0.027351    0.000000    0.000000    0.000000 ^ wr_clk (in)
                                                         wr_clk (net)
                      0.002217    0.001109    0.001109 ^ clkbuf_0_wr_clk/A (sky130_fd_sc_hd__clkbuf_16)
    16    0.111526    0.098120    0.123922    0.125030 ^ clkbuf_0_wr_clk/X (sky130_fd_sc_hd__clkbuf_16)
                                                         clknet_0_wr_clk (net)
                      0.100425    0.011876    0.136906 ^ clkbuf_4_5_0_wr_clk/A (sky130_fd_sc_hd__clkbuf_8)
     2    0.019828    0.038352    0.106303    0.243209 ^ clkbuf_4_5_0_wr_clk/X (sky130_fd_sc_hd__clkbuf_8)
                                                         clknet_4_5_0_wr_clk (net)
                      0.038424    0.001439    0.244647 ^ clkbuf_5_10__f_wr_clk/A (sky130_fd_sc_hd__clkbuf_16)
     5    0.015595    0.028293    0.083338    0.327986 ^ clkbuf_5_10__f_wr_clk/X (sky130_fd_sc_hd__clkbuf_16)
                                                         clknet_5_10__leaf_wr_clk (net)
                      0.028306    0.001066    0.329052 ^ _1102_/CLK (sky130_fd_sc_hd__dfxtp_2)
                                  0.100000    0.429052   clock uncertainty
                                  0.000000    0.429052   clock reconvergence pessimism
                                 -0.016375    0.412677   library hold time
                                              0.412677   data required time
---------------------------------------------------------------------------------------------
                                              0.412677   data required time
                                             -0.661078   data arrival time
---------------------------------------------------------------------------------------------
                                              0.248402   slack (MET)


Startpoint: _1168_ (rising edge-triggered flip-flop clocked by wr_clk)
Endpoint: _1168_ (rising edge-triggered flip-flop clocked by wr_clk)
Path Group: wr_clk
Path Type: min

Fanout         Cap        Slew       Delay        Time   Description
---------------------------------------------------------------------------------------------
                                  0.000000    0.000000   clock wr_clk (rise edge)
                                  0.000000    0.000000   clock source latency
     1    0.027351    0.000000    0.000000    0.000000 ^ wr_clk (in)
                                                         wr_clk (net)
                      0.002217    0.001109    0.001109 ^ clkbuf_0_wr_clk/A (sky130_fd_sc_hd__clkbuf_16)
    16    0.111526    0.098120    0.123922    0.125030 ^ clkbuf_0_wr_clk/X (sky130_fd_sc_hd__clkbuf_16)
                                                         clknet_0_wr_clk (net)
                      0.100150    0.011146    0.136176 ^ clkbuf_4_0_0_wr_clk/A (sky130_fd_sc_hd__clkbuf_8)
     2    0.018929    0.037304    0.105345    0.241522 ^ clkbuf_4_0_0_wr_clk/X (sky130_fd_sc_hd__clkbuf_8)
                                                         clknet_4_0_0_wr_clk (net)
                      0.037366    0.001319    0.242841 ^ clkbuf_5_0__f_wr_clk/A (sky130_fd_sc_hd__clkbuf_16)
     5    0.019291    0.030719    0.085521    0.328362 ^ clkbuf_5_0__f_wr_clk/X (sky130_fd_sc_hd__clkbuf_16)
                                                         clknet_5_0__leaf_wr_clk (net)
                      0.030735    0.001059    0.329421 ^ _1168_/CLK (sky130_fd_sc_hd__dfxtp_2)
     2    0.005207    0.029105    0.194015    0.523436 ^ _1168_/Q (sky130_fd_sc_hd__dfxtp_2)
                                                         u_fifomem.mem[7][2] (net)
                      0.029107    0.000281    0.523717 ^ _1015_/A1 (sky130_fd_sc_hd__mux2_2)
     1    0.003819    0.027741    0.087280    0.610997 ^ _1015_/X (sky130_fd_sc_hd__mux2_2)
                                                         _0491_ (net)
                      0.027744    0.000253    0.611251 ^ _1016_/A (sky130_fd_sc_hd__buf_1)
     1    0.002516    0.029831    0.049384    0.660635 ^ _1016_/X (sky130_fd_sc_hd__buf_1)
                                                         _0108_ (net)
                      0.029832    0.000167    0.660802 ^ _1168_/D (sky130_fd_sc_hd__dfxtp_2)
                                              0.660802   data arrival time

                                  0.000000    0.000000   clock wr_clk (rise edge)
                                  0.000000    0.000000   clock source latency
     1    0.027351    0.000000    0.000000    0.000000 ^ wr_clk (in)
                                                         wr_clk (net)
                      0.002217    0.001109    0.001109 ^ clkbuf_0_wr_clk/A (sky130_fd_sc_hd__clkbuf_16)
    16    0.111526    0.098120    0.123922    0.125030 ^ clkbuf_0_wr_clk/X (sky130_fd_sc_hd__clkbuf_16)
                                                         clknet_0_wr_clk (net)
                      0.100150    0.011146    0.136176 ^ clkbuf_4_0_0_wr_clk/A (sky130_fd_sc_hd__clkbuf_8)
     2    0.018929    0.037304    0.105345    0.241522 ^ clkbuf_4_0_0_wr_clk/X (sky130_fd_sc_hd__clkbuf_8)
                                                         clknet_4_0_0_wr_clk (net)
                      0.037366    0.001319    0.242841 ^ clkbuf_5_0__f_wr_clk/A (sky130_fd_sc_hd__clkbuf_16)
     5    0.019291    0.030719    0.085521    0.328362 ^ clkbuf_5_0__f_wr_clk/X (sky130_fd_sc_hd__clkbuf_16)
                                                         clknet_5_0__leaf_wr_clk (net)
                      0.030735    0.001059    0.329421 ^ _1168_/CLK (sky130_fd_sc_hd__dfxtp_2)
                                  0.100000    0.429421   clock uncertainty
                                  0.000000    0.429421   clock reconvergence pessimism
                                 -0.017224    0.412198   library hold time
                                              0.412198   data required time
---------------------------------------------------------------------------------------------
                                              0.412198   data required time
                                             -0.660802   data arrival time
---------------------------------------------------------------------------------------------
                                              0.248605   slack (MET)


Startpoint: _1129_ (rising edge-triggered flip-flop clocked by wr_clk)
Endpoint: _1129_ (rising edge-triggered flip-flop clocked by wr_clk)
Path Group: wr_clk
Path Type: min

Fanout         Cap        Slew       Delay        Time   Description
---------------------------------------------------------------------------------------------
                                  0.000000    0.000000   clock wr_clk (rise edge)
                                  0.000000    0.000000   clock source latency
     1    0.027351    0.000000    0.000000    0.000000 ^ wr_clk (in)
                                                         wr_clk (net)
                      0.002217    0.001109    0.001109 ^ clkbuf_0_wr_clk/A (sky130_fd_sc_hd__clkbuf_16)
    16    0.111526    0.098120    0.123922    0.125030 ^ clkbuf_0_wr_clk/X (sky130_fd_sc_hd__clkbuf_16)
                                                         clknet_0_wr_clk (net)
                      0.098638    0.005770    0.130801 ^ clkbuf_4_11_0_wr_clk/A (sky130_fd_sc_hd__clkbuf_8)
     2    0.017957    0.036150    0.104035    0.234836 ^ clkbuf_4_11_0_wr_clk/X (sky130_fd_sc_hd__clkbuf_8)
                                                         clknet_4_11_0_wr_clk (net)
                      0.036190    0.001054    0.235890 ^ clkbuf_5_23__f_wr_clk/A (sky130_fd_sc_hd__clkbuf_16)
     5    0.015030    0.027881    0.082475    0.318366 ^ clkbuf_5_23__f_wr_clk/X (sky130_fd_sc_hd__clkbuf_16)
                                                         clknet_5_23__leaf_wr_clk (net)
                      0.027890    0.000856    0.319222 ^ _1129_/CLK (sky130_fd_sc_hd__dfxtp_2)
     2    0.004972    0.028360    0.192573    0.511795 ^ _1129_/Q (sky130_fd_sc_hd__dfxtp_2)
                                                         u_fifomem.mem[2][3] (net)
                      0.028360    0.000243    0.512037 ^ _0931_/A0 (sky130_fd_sc_hd__mux2_2)
     1    0.002769    0.024601    0.083458    0.595495 ^ _0931_/X (sky130_fd_sc_hd__mux2_2)
                                                         _0446_ (net)
                      0.024607    0.000129    0.595624 ^ _0932_/A (sky130_fd_sc_hd__buf_4)
     1    0.002054    0.015685    0.055845    0.651469 ^ _0932_/X (sky130_fd_sc_hd__buf_4)
                                                         _0069_ (net)
                      0.015686    0.000145    0.651614 ^ _1129_/D (sky130_fd_sc_hd__dfxtp_2)
                                              0.651614   data arrival time

                                  0.000000    0.000000   clock wr_clk (rise edge)
                                  0.000000    0.000000   clock source latency
     1    0.027351    0.000000    0.000000    0.000000 ^ wr_clk (in)
                                                         wr_clk (net)
                      0.002217    0.001109    0.001109 ^ clkbuf_0_wr_clk/A (sky130_fd_sc_hd__clkbuf_16)
    16    0.111526    0.098120    0.123922    0.125030 ^ clkbuf_0_wr_clk/X (sky130_fd_sc_hd__clkbuf_16)
                                                         clknet_0_wr_clk (net)
                      0.098638    0.005770    0.130801 ^ clkbuf_4_11_0_wr_clk/A (sky130_fd_sc_hd__clkbuf_8)
     2    0.017957    0.036150    0.104035    0.234836 ^ clkbuf_4_11_0_wr_clk/X (sky130_fd_sc_hd__clkbuf_8)
                                                         clknet_4_11_0_wr_clk (net)
                      0.036190    0.001054    0.235890 ^ clkbuf_5_23__f_wr_clk/A (sky130_fd_sc_hd__clkbuf_16)
     5    0.015030    0.027881    0.082475    0.318366 ^ clkbuf_5_23__f_wr_clk/X (sky130_fd_sc_hd__clkbuf_16)
                                                         clknet_5_23__leaf_wr_clk (net)
                      0.027890    0.000856    0.319222 ^ _1129_/CLK (sky130_fd_sc_hd__dfxtp_2)
                                  0.100000    0.419222   clock uncertainty
                                  0.000000    0.419222   clock reconvergence pessimism
                                 -0.016290    0.402932   library hold time
                                              0.402932   data required time
---------------------------------------------------------------------------------------------
                                              0.402932   data required time
                                             -0.651614   data arrival time
---------------------------------------------------------------------------------------------
                                              0.248682   slack (MET)


Startpoint: _1081_ (rising edge-triggered flip-flop clocked by wr_clk)
Endpoint: _1081_ (rising edge-triggered flip-flop clocked by wr_clk)
Path Group: wr_clk
Path Type: min

Fanout         Cap        Slew       Delay        Time   Description
---------------------------------------------------------------------------------------------
                                  0.000000    0.000000   clock wr_clk (rise edge)
                                  0.000000    0.000000   clock source latency
     1    0.027351    0.000000    0.000000    0.000000 ^ wr_clk (in)
                                                         wr_clk (net)
                      0.002217    0.001109    0.001109 ^ clkbuf_0_wr_clk/A (sky130_fd_sc_hd__clkbuf_16)
    16    0.111526    0.098120    0.123922    0.125030 ^ clkbuf_0_wr_clk/X (sky130_fd_sc_hd__clkbuf_16)
                                                         clknet_0_wr_clk (net)
                      0.098125    0.000633    0.125664 ^ clkbuf_4_13_0_wr_clk/A (sky130_fd_sc_hd__clkbuf_8)
     2    0.019504    0.037934    0.105379    0.231042 ^ clkbuf_4_13_0_wr_clk/X (sky130_fd_sc_hd__clkbuf_8)
                                                         clknet_4_13_0_wr_clk (net)
                      0.037995    0.001313    0.232355 ^ clkbuf_5_26__f_wr_clk/A (sky130_fd_sc_hd__clkbuf_16)
     5    0.016587    0.028912    0.084097    0.316452 ^ clkbuf_5_26__f_wr_clk/X (sky130_fd_sc_hd__clkbuf_16)
                                                         clknet_5_26__leaf_wr_clk (net)
                      0.028918    0.000516    0.316968 ^ _1081_/CLK (sky130_fd_sc_hd__dfxtp_2)
     2    0.006686    0.033993    0.197356    0.514324 ^ _1081_/Q (sky130_fd_sc_hd__dfxtp_2)
                                                         u_fifomem.mem[11][3] (net)
                      0.033993    0.000360    0.514685 ^ _0826_/A1 (sky130_fd_sc_hd__mux2_2)
     1    0.003402    0.026312    0.087060    0.601745 ^ _0826_/X (sky130_fd_sc_hd__mux2_2)
                                                         _0389_ (net)
                      0.026315    0.000221    0.601966 ^ _0827_/A (sky130_fd_sc_hd__buf_1)
     1    0.002131    0.026722    0.046810    0.648776 ^ _0827_/X (sky130_fd_sc_hd__buf_1)
                                                         _0021_ (net)
                      0.026722    0.000097    0.648873 ^ _1081_/D (sky130_fd_sc_hd__dfxtp_2)
                                              0.648873   data arrival time

                                  0.000000    0.000000   clock wr_clk (rise edge)
                                  0.000000    0.000000   clock source latency
     1    0.027351    0.000000    0.000000    0.000000 ^ wr_clk (in)
                                                         wr_clk (net)
                      0.002217    0.001109    0.001109 ^ clkbuf_0_wr_clk/A (sky130_fd_sc_hd__clkbuf_16)
    16    0.111526    0.098120    0.123922    0.125030 ^ clkbuf_0_wr_clk/X (sky130_fd_sc_hd__clkbuf_16)
                                                         clknet_0_wr_clk (net)
                      0.098125    0.000633    0.125664 ^ clkbuf_4_13_0_wr_clk/A (sky130_fd_sc_hd__clkbuf_8)
     2    0.019504    0.037934    0.105379    0.231042 ^ clkbuf_4_13_0_wr_clk/X (sky130_fd_sc_hd__clkbuf_8)
                                                         clknet_4_13_0_wr_clk (net)
                      0.037995    0.001313    0.232355 ^ clkbuf_5_26__f_wr_clk/A (sky130_fd_sc_hd__clkbuf_16)
     5    0.016587    0.028912    0.084097    0.316452 ^ clkbuf_5_26__f_wr_clk/X (sky130_fd_sc_hd__clkbuf_16)
                                                         clknet_5_26__leaf_wr_clk (net)
                      0.028918    0.000516    0.316968 ^ _1081_/CLK (sky130_fd_sc_hd__dfxtp_2)
                                  0.100000    0.416968   clock uncertainty
                                  0.000000    0.416968   clock reconvergence pessimism
                                 -0.017047    0.399922   library hold time
                                              0.399922   data required time
---------------------------------------------------------------------------------------------
                                              0.399922   data required time
                                             -0.648873   data arrival time
---------------------------------------------------------------------------------------------
                                              0.248952   slack (MET)


Startpoint: _1110_ (rising edge-triggered flip-flop clocked by wr_clk)
Endpoint: _1110_ (rising edge-triggered flip-flop clocked by wr_clk)
Path Group: wr_clk
Path Type: min

Fanout         Cap        Slew       Delay        Time   Description
---------------------------------------------------------------------------------------------
                                  0.000000    0.000000   clock wr_clk (rise edge)
                                  0.000000    0.000000   clock source latency
     1    0.027351    0.000000    0.000000    0.000000 ^ wr_clk (in)
                                                         wr_clk (net)
                      0.002217    0.001109    0.001109 ^ clkbuf_0_wr_clk/A (sky130_fd_sc_hd__clkbuf_16)
    16    0.111526    0.098120    0.123922    0.125030 ^ clkbuf_0_wr_clk/X (sky130_fd_sc_hd__clkbuf_16)
                                                         clknet_0_wr_clk (net)
                      0.100425    0.011876    0.136906 ^ clkbuf_4_5_0_wr_clk/A (sky130_fd_sc_hd__clkbuf_8)
     2    0.019828    0.038352    0.106303    0.243209 ^ clkbuf_4_5_0_wr_clk/X (sky130_fd_sc_hd__clkbuf_8)
                                                         clknet_4_5_0_wr_clk (net)
                      0.038424    0.001439    0.244647 ^ clkbuf_5_10__f_wr_clk/A (sky130_fd_sc_hd__clkbuf_16)
     5    0.015595    0.028293    0.083338    0.327986 ^ clkbuf_5_10__f_wr_clk/X (sky130_fd_sc_hd__clkbuf_16)
                                                         clknet_5_10__leaf_wr_clk (net)
                      0.028307    0.001103    0.329089 ^ _1110_/CLK (sky130_fd_sc_hd__dfxtp_2)
     2    0.004750    0.027639    0.192081    0.521170 ^ _1110_/Q (sky130_fd_sc_hd__dfxtp_2)
                                                         u_fifomem.mem[15][0] (net)
                      0.027639    0.000259    0.521429 ^ _0891_/A1 (sky130_fd_sc_hd__mux2_2)
     1    0.003634    0.027095    0.086210    0.607638 ^ _0891_/X (sky130_fd_sc_hd__mux2_2)
                                                         _0425_ (net)
                      0.027098    0.000240    0.607878 ^ _0892_/A (sky130_fd_sc_hd__buf_1)
     1    0.003062    0.034263    0.052518    0.660397 ^ _0892_/X (sky130_fd_sc_hd__buf_1)
                                                         _0050_ (net)
                      0.034264    0.000202    0.660599 ^ _1110_/D (sky130_fd_sc_hd__dfxtp_2)
                                              0.660599   data arrival time

                                  0.000000    0.000000   clock wr_clk (rise edge)
                                  0.000000    0.000000   clock source latency
     1    0.027351    0.000000    0.000000    0.000000 ^ wr_clk (in)
                                                         wr_clk (net)
                      0.002217    0.001109    0.001109 ^ clkbuf_0_wr_clk/A (sky130_fd_sc_hd__clkbuf_16)
    16    0.111526    0.098120    0.123922    0.125030 ^ clkbuf_0_wr_clk/X (sky130_fd_sc_hd__clkbuf_16)
                                                         clknet_0_wr_clk (net)
                      0.100425    0.011876    0.136906 ^ clkbuf_4_5_0_wr_clk/A (sky130_fd_sc_hd__clkbuf_8)
     2    0.019828    0.038352    0.106303    0.243209 ^ clkbuf_4_5_0_wr_clk/X (sky130_fd_sc_hd__clkbuf_8)
                                                         clknet_4_5_0_wr_clk (net)
                      0.038424    0.001439    0.244647 ^ clkbuf_5_10__f_wr_clk/A (sky130_fd_sc_hd__clkbuf_16)
     5    0.015595    0.028293    0.083338    0.327986 ^ clkbuf_5_10__f_wr_clk/X (sky130_fd_sc_hd__clkbuf_16)
                                                         clknet_5_10__leaf_wr_clk (net)
                      0.028307    0.001103    0.329089 ^ _1110_/CLK (sky130_fd_sc_hd__dfxtp_2)
                                  0.100000    0.429089   clock uncertainty
                                  0.000000    0.429089   clock reconvergence pessimism
                                 -0.017595    0.411494   library hold time
                                              0.411494   data required time
---------------------------------------------------------------------------------------------
                                              0.411494   data required time
                                             -0.660599   data arrival time
---------------------------------------------------------------------------------------------
                                              0.249105   slack (MET)


Startpoint: _1167_ (rising edge-triggered flip-flop clocked by wr_clk)
Endpoint: _1167_ (rising edge-triggered flip-flop clocked by wr_clk)
Path Group: wr_clk
Path Type: min

Fanout         Cap        Slew       Delay        Time   Description
---------------------------------------------------------------------------------------------
                                  0.000000    0.000000   clock wr_clk (rise edge)
                                  0.000000    0.000000   clock source latency
     1    0.027351    0.000000    0.000000    0.000000 ^ wr_clk (in)
                                                         wr_clk (net)
                      0.002217    0.001109    0.001109 ^ clkbuf_0_wr_clk/A (sky130_fd_sc_hd__clkbuf_16)
    16    0.111526    0.098120    0.123922    0.125030 ^ clkbuf_0_wr_clk/X (sky130_fd_sc_hd__clkbuf_16)
                                                         clknet_0_wr_clk (net)
                      0.099237    0.008319    0.133349 ^ clkbuf_4_3_0_wr_clk/A (sky130_fd_sc_hd__clkbuf_8)
     2    0.020354    0.038927    0.106583    0.239932 ^ clkbuf_4_3_0_wr_clk/X (sky130_fd_sc_hd__clkbuf_8)
                                                         clknet_4_3_0_wr_clk (net)
                      0.038983    0.001299    0.241231 ^ clkbuf_5_7__f_wr_clk/A (sky130_fd_sc_hd__clkbuf_16)
     5    0.017359    0.029453    0.084764    0.325994 ^ clkbuf_5_7__f_wr_clk/X (sky130_fd_sc_hd__clkbuf_16)
                                                         clknet_5_7__leaf_wr_clk (net)
                      0.029470    0.001166    0.327161 ^ _1167_/CLK (sky130_fd_sc_hd__dfxtp_2)
     2    0.005964    0.031593    0.195629    0.522790 ^ _1167_/Q (sky130_fd_sc_hd__dfxtp_2)
                                                         u_fifomem.mem[7][1] (net)
                      0.031593    0.000386    0.523176 ^ _1013_/A1 (sky130_fd_sc_hd__mux2_2)
     1    0.004141    0.028871    0.089110    0.612286 ^ _1013_/X (sky130_fd_sc_hd__mux2_2)
                                                         _0490_ (net)
                      0.028883    0.000313    0.612599 ^ _1014_/A (sky130_fd_sc_hd__buf_1)
     1    0.002014    0.025820    0.046603    0.659202 ^ _1014_/X (sky130_fd_sc_hd__buf_1)
                                                         _0107_ (net)
                      0.025821    0.000145    0.659347 ^ _1167_/D (sky130_fd_sc_hd__dfxtp_2)
                                              0.659347   data arrival time

                                  0.000000    0.000000   clock wr_clk (rise edge)
                                  0.000000    0.000000   clock source latency
     1    0.027351    0.000000    0.000000    0.000000 ^ wr_clk (in)
                                                         wr_clk (net)
                      0.002217    0.001109    0.001109 ^ clkbuf_0_wr_clk/A (sky130_fd_sc_hd__clkbuf_16)
    16    0.111526    0.098120    0.123922    0.125030 ^ clkbuf_0_wr_clk/X (sky130_fd_sc_hd__clkbuf_16)
                                                         clknet_0_wr_clk (net)
                      0.099237    0.008319    0.133349 ^ clkbuf_4_3_0_wr_clk/A (sky130_fd_sc_hd__clkbuf_8)
     2    0.020354    0.038927    0.106583    0.239932 ^ clkbuf_4_3_0_wr_clk/X (sky130_fd_sc_hd__clkbuf_8)
                                                         clknet_4_3_0_wr_clk (net)
                      0.038983    0.001299    0.241231 ^ clkbuf_5_7__f_wr_clk/A (sky130_fd_sc_hd__clkbuf_16)
     5    0.017359    0.029453    0.084764    0.325994 ^ clkbuf_5_7__f_wr_clk/X (sky130_fd_sc_hd__clkbuf_16)
                                                         clknet_5_7__leaf_wr_clk (net)
                      0.029470    0.001166    0.327161 ^ _1167_/CLK (sky130_fd_sc_hd__dfxtp_2)
                                  0.100000    0.427161   clock uncertainty
                                  0.000000    0.427161   clock reconvergence pessimism
                                 -0.016970    0.410191   library hold time
                                              0.410191   data required time
---------------------------------------------------------------------------------------------
                                              0.410191   data required time
                                             -0.659347   data arrival time
---------------------------------------------------------------------------------------------
                                              0.249156   slack (MET)


Startpoint: _1136_ (rising edge-triggered flip-flop clocked by wr_clk)
Endpoint: _1136_ (rising edge-triggered flip-flop clocked by wr_clk)
Path Group: wr_clk
Path Type: min

Fanout         Cap        Slew       Delay        Time   Description
---------------------------------------------------------------------------------------------
                                  0.000000    0.000000   clock wr_clk (rise edge)
                                  0.000000    0.000000   clock source latency
     1    0.027351    0.000000    0.000000    0.000000 ^ wr_clk (in)
                                                         wr_clk (net)
                      0.002217    0.001109    0.001109 ^ clkbuf_0_wr_clk/A (sky130_fd_sc_hd__clkbuf_16)
    16    0.111526    0.098120    0.123922    0.125030 ^ clkbuf_0_wr_clk/X (sky130_fd_sc_hd__clkbuf_16)
                                                         clknet_0_wr_clk (net)
                      0.100147    0.011139    0.136169 ^ clkbuf_4_1_0_wr_clk/A (sky130_fd_sc_hd__clkbuf_8)
     2    0.018511    0.036809    0.104996    0.241165 ^ clkbuf_4_1_0_wr_clk/X (sky130_fd_sc_hd__clkbuf_8)
                                                         clknet_4_1_0_wr_clk (net)
                      0.036860    0.001178    0.242343 ^ clkbuf_5_2__f_wr_clk/A (sky130_fd_sc_hd__clkbuf_16)
     5    0.017246    0.029375    0.083978    0.326321 ^ clkbuf_5_2__f_wr_clk/X (sky130_fd_sc_hd__clkbuf_16)
                                                         clknet_5_2__leaf_wr_clk (net)
                      0.029406    0.001620    0.327941 ^ _1136_/CLK (sky130_fd_sc_hd__dfxtp_2)
     2    0.004921    0.028198    0.192894    0.520835 ^ _1136_/Q (sky130_fd_sc_hd__dfxtp_2)
                                                         u_fifomem.mem[3][2] (net)
                      0.028198    0.000240    0.521075 ^ _0946_/A0 (sky130_fd_sc_hd__mux2_2)
     1    0.002964    0.025231    0.084124    0.605199 ^ _0946_/X (sky130_fd_sc_hd__mux2_2)
                                                         _0454_ (net)
                      0.025231    0.000190    0.605389 ^ _0947_/A (sky130_fd_sc_hd__buf_2)
     1    0.002349    0.017738    0.055229    0.660618 ^ _0947_/X (sky130_fd_sc_hd__buf_2)
                                                         _0076_ (net)
                      0.017738    0.000168    0.660786 ^ _1136_/D (sky130_fd_sc_hd__dfxtp_2)
                                              0.660786   data arrival time

                                  0.000000    0.000000   clock wr_clk (rise edge)
                                  0.000000    0.000000   clock source latency
     1    0.027351    0.000000    0.000000    0.000000 ^ wr_clk (in)
                                                         wr_clk (net)
                      0.002217    0.001109    0.001109 ^ clkbuf_0_wr_clk/A (sky130_fd_sc_hd__clkbuf_16)
    16    0.111526    0.098120    0.123922    0.125030 ^ clkbuf_0_wr_clk/X (sky130_fd_sc_hd__clkbuf_16)
                                                         clknet_0_wr_clk (net)
                      0.100147    0.011139    0.136169 ^ clkbuf_4_1_0_wr_clk/A (sky130_fd_sc_hd__clkbuf_8)
     2    0.018511    0.036809    0.104996    0.241165 ^ clkbuf_4_1_0_wr_clk/X (sky130_fd_sc_hd__clkbuf_8)
                                                         clknet_4_1_0_wr_clk (net)
                      0.036860    0.001178    0.242343 ^ clkbuf_5_2__f_wr_clk/A (sky130_fd_sc_hd__clkbuf_16)
     5    0.017246    0.029375    0.083978    0.326321 ^ clkbuf_5_2__f_wr_clk/X (sky130_fd_sc_hd__clkbuf_16)
                                                         clknet_5_2__leaf_wr_clk (net)
                      0.029406    0.001620    0.327941 ^ _1136_/CLK (sky130_fd_sc_hd__dfxtp_2)
                                  0.100000    0.427941   clock uncertainty
                                  0.000000    0.427941   clock reconvergence pessimism
                                 -0.016399    0.411542   library hold time
                                              0.411542   data required time
---------------------------------------------------------------------------------------------
                                              0.411542   data required time
                                             -0.660786   data arrival time
---------------------------------------------------------------------------------------------
                                              0.249244   slack (MET)


Startpoint: _1097_ (rising edge-triggered flip-flop clocked by wr_clk)
Endpoint: _1097_ (rising edge-triggered flip-flop clocked by wr_clk)
Path Group: wr_clk
Path Type: min

Fanout         Cap        Slew       Delay        Time   Description
---------------------------------------------------------------------------------------------
                                  0.000000    0.000000   clock wr_clk (rise edge)
                                  0.000000    0.000000   clock source latency
     1    0.027351    0.000000    0.000000    0.000000 ^ wr_clk (in)
                                                         wr_clk (net)
                      0.002217    0.001109    0.001109 ^ clkbuf_0_wr_clk/A (sky130_fd_sc_hd__clkbuf_16)
    16    0.111526    0.098120    0.123922    0.125030 ^ clkbuf_0_wr_clk/X (sky130_fd_sc_hd__clkbuf_16)
                                                         clknet_0_wr_clk (net)
                      0.100852    0.012934    0.137964 ^ clkbuf_4_6_0_wr_clk/A (sky130_fd_sc_hd__clkbuf_8)
     2    0.018956    0.037221    0.105721    0.243685 ^ clkbuf_4_6_0_wr_clk/X (sky130_fd_sc_hd__clkbuf_8)
                                                         clknet_4_6_0_wr_clk (net)
                      0.037262    0.001078    0.244763 ^ clkbuf_5_13__f_wr_clk/A (sky130_fd_sc_hd__clkbuf_16)
     5    0.016457    0.028853    0.083636    0.328399 ^ clkbuf_5_13__f_wr_clk/X (sky130_fd_sc_hd__clkbuf_16)
                                                         clknet_5_13__leaf_wr_clk (net)
                      0.028863    0.000878    0.329277 ^ _1097_/CLK (sky130_fd_sc_hd__dfxtp_2)
     2    0.004938    0.028238    0.192743    0.522021 ^ _1097_/Q (sky130_fd_sc_hd__dfxtp_2)
                                                         u_fifomem.mem[13][3] (net)
                      0.028238    0.000299    0.522320 ^ _0862_/A0 (sky130_fd_sc_hd__mux2_2)
     1    0.003020    0.025409    0.084331    0.606650 ^ _0862_/X (sky130_fd_sc_hd__mux2_2)
                                                         _0409_ (net)
                      0.025410    0.000207    0.606857 ^ _0863_/A (sky130_fd_sc_hd__buf_1)
     1    0.003321    0.036372    0.053736    0.660593 ^ _0863_/X (sky130_fd_sc_hd__buf_1)
                                                         _0037_ (net)
                      0.036373    0.000219    0.660812 ^ _1097_/D (sky130_fd_sc_hd__dfxtp_2)
                                              0.660812   data arrival time

                                  0.000000    0.000000   clock wr_clk (rise edge)
                                  0.000000    0.000000   clock source latency
     1    0.027351    0.000000    0.000000    0.000000 ^ wr_clk (in)
                                                         wr_clk (net)
                      0.002217    0.001109    0.001109 ^ clkbuf_0_wr_clk/A (sky130_fd_sc_hd__clkbuf_16)
    16    0.111526    0.098120    0.123922    0.125030 ^ clkbuf_0_wr_clk/X (sky130_fd_sc_hd__clkbuf_16)
                                                         clknet_0_wr_clk (net)
                      0.100852    0.012934    0.137964 ^ clkbuf_4_6_0_wr_clk/A (sky130_fd_sc_hd__clkbuf_8)
     2    0.018956    0.037221    0.105721    0.243685 ^ clkbuf_4_6_0_wr_clk/X (sky130_fd_sc_hd__clkbuf_8)
                                                         clknet_4_6_0_wr_clk (net)
                      0.037262    0.001078    0.244763 ^ clkbuf_5_13__f_wr_clk/A (sky130_fd_sc_hd__clkbuf_16)
     5    0.016457    0.028853    0.083636    0.328399 ^ clkbuf_5_13__f_wr_clk/X (sky130_fd_sc_hd__clkbuf_16)
                                                         clknet_5_13__leaf_wr_clk (net)
                      0.028863    0.000878    0.329277 ^ _1097_/CLK (sky130_fd_sc_hd__dfxtp_2)
                                  0.100000    0.429277   clock uncertainty
                                  0.000000    0.429277   clock reconvergence pessimism
                                 -0.017731    0.411546   library hold time
                                              0.411546   data required time
---------------------------------------------------------------------------------------------
                                              0.411546   data required time
                                             -0.660812   data arrival time
---------------------------------------------------------------------------------------------
                                              0.249266   slack (MET)


Startpoint: _1142_ (rising edge-triggered flip-flop clocked by wr_clk)
Endpoint: _1142_ (rising edge-triggered flip-flop clocked by wr_clk)
Path Group: wr_clk
Path Type: min

Fanout         Cap        Slew       Delay        Time   Description
---------------------------------------------------------------------------------------------
                                  0.000000    0.000000   clock wr_clk (rise edge)
                                  0.000000    0.000000   clock source latency
     1    0.027351    0.000000    0.000000    0.000000 ^ wr_clk (in)
                                                         wr_clk (net)
                      0.002217    0.001109    0.001109 ^ clkbuf_0_wr_clk/A (sky130_fd_sc_hd__clkbuf_16)
    16    0.111526    0.098120    0.123922    0.125030 ^ clkbuf_0_wr_clk/X (sky130_fd_sc_hd__clkbuf_16)
                                                         clknet_0_wr_clk (net)
                      0.099794    0.010130    0.135160 ^ clkbuf_4_2_0_wr_clk/A (sky130_fd_sc_hd__clkbuf_8)
     2    0.019567    0.037881    0.106206    0.241366 ^ clkbuf_4_2_0_wr_clk/X (sky130_fd_sc_hd__clkbuf_8)
                                                         clknet_4_2_0_wr_clk (net)
                      0.037896    0.000701    0.242067 ^ clkbuf_5_5__f_wr_clk/A (sky130_fd_sc_hd__clkbuf_16)
     5    0.017642    0.029602    0.084672    0.326739 ^ clkbuf_5_5__f_wr_clk/X (sky130_fd_sc_hd__clkbuf_16)
                                                         clknet_5_5__leaf_wr_clk (net)
                      0.029613    0.000820    0.327559 ^ _1142_/CLK (sky130_fd_sc_hd__dfxtp_2)
     2    0.006184    0.032323    0.196259    0.523819 ^ _1142_/Q (sky130_fd_sc_hd__dfxtp_2)
                                                         u_fifomem.mem[4][0] (net)
                      0.032323    0.000377    0.524196 ^ _0960_/A0 (sky130_fd_sc_hd__mux2_2)
     1    0.003797    0.027961    0.088313    0.612509 ^ _0960_/X (sky130_fd_sc_hd__mux2_2)
                                                         _0462_ (net)
                      0.027964    0.000254    0.612763 ^ _0961_/A (sky130_fd_sc_hd__buf_1)
     1    0.002101    0.026500    0.046957    0.659720 ^ _0961_/X (sky130_fd_sc_hd__buf_1)
                                                         _0082_ (net)
                      0.026502    0.000095    0.659815 ^ _1142_/D (sky130_fd_sc_hd__dfxtp_2)
                                              0.659815   data arrival time

                                  0.000000    0.000000   clock wr_clk (rise edge)
                                  0.000000    0.000000   clock source latency
     1    0.027351    0.000000    0.000000    0.000000 ^ wr_clk (in)
                                                         wr_clk (net)
                      0.002217    0.001109    0.001109 ^ clkbuf_0_wr_clk/A (sky130_fd_sc_hd__clkbuf_16)
    16    0.111526    0.098120    0.123922    0.125030 ^ clkbuf_0_wr_clk/X (sky130_fd_sc_hd__clkbuf_16)
                                                         clknet_0_wr_clk (net)
                      0.099794    0.010130    0.135160 ^ clkbuf_4_2_0_wr_clk/A (sky130_fd_sc_hd__clkbuf_8)
     2    0.019567    0.037881    0.106206    0.241366 ^ clkbuf_4_2_0_wr_clk/X (sky130_fd_sc_hd__clkbuf_8)
                                                         clknet_4_2_0_wr_clk (net)
                      0.037896    0.000701    0.242067 ^ clkbuf_5_5__f_wr_clk/A (sky130_fd_sc_hd__clkbuf_16)
     5    0.017642    0.029602    0.084672    0.326739 ^ clkbuf_5_5__f_wr_clk/X (sky130_fd_sc_hd__clkbuf_16)
                                                         clknet_5_5__leaf_wr_clk (net)
                      0.029613    0.000820    0.327559 ^ _1142_/CLK (sky130_fd_sc_hd__dfxtp_2)
                                  0.100000    0.427559   clock uncertainty
                                  0.000000    0.427559   clock reconvergence pessimism
                                 -0.017015    0.410545   library hold time
                                              0.410545   data required time
---------------------------------------------------------------------------------------------
                                              0.410545   data required time
                                             -0.659815   data arrival time
---------------------------------------------------------------------------------------------
                                              0.249270   slack (MET)


Startpoint: _1121_ (rising edge-triggered flip-flop clocked by wr_clk)
Endpoint: _1121_ (rising edge-triggered flip-flop clocked by wr_clk)
Path Group: wr_clk
Path Type: min

Fanout         Cap        Slew       Delay        Time   Description
---------------------------------------------------------------------------------------------
                                  0.000000    0.000000   clock wr_clk (rise edge)
                                  0.000000    0.000000   clock source latency
     1    0.027351    0.000000    0.000000    0.000000 ^ wr_clk (in)
                                                         wr_clk (net)
                      0.002217    0.001109    0.001109 ^ clkbuf_0_wr_clk/A (sky130_fd_sc_hd__clkbuf_16)
    16    0.111526    0.098120    0.123922    0.125030 ^ clkbuf_0_wr_clk/X (sky130_fd_sc_hd__clkbuf_16)
                                                         clknet_0_wr_clk (net)
                      0.098550    0.005286    0.130316 ^ clkbuf_4_10_0_wr_clk/A (sky130_fd_sc_hd__clkbuf_8)
     2    0.019905    0.038266    0.106055    0.236371 ^ clkbuf_4_10_0_wr_clk/X (sky130_fd_sc_hd__clkbuf_8)
                                                         clknet_4_10_0_wr_clk (net)
                      0.038310    0.001131    0.237502 ^ clkbuf_5_20__f_wr_clk/A (sky130_fd_sc_hd__clkbuf_16)
     5    0.014410    0.027477    0.082748    0.320250 ^ clkbuf_5_20__f_wr_clk/X (sky130_fd_sc_hd__clkbuf_16)
                                                         clknet_5_20__leaf_wr_clk (net)
                      0.027477    0.000391    0.320641 ^ _1121_/CLK (sky130_fd_sc_hd__dfxtp_2)
     2    0.005353    0.029582    0.193404    0.514045 ^ _1121_/Q (sky130_fd_sc_hd__dfxtp_2)
                                                         u_fifomem.mem[1][3] (net)
                      0.029584    0.000417    0.514461 ^ _0914_/A0 (sky130_fd_sc_hd__mux2_2)
     1    0.002188    0.022747    0.081661    0.596122 ^ _0914_/X (sky130_fd_sc_hd__mux2_2)
                                                         _0437_ (net)
                      0.022747    0.000102    0.596224 ^ _0915_/A (sky130_fd_sc_hd__buf_2)
     1    0.003190    0.020247    0.056948    0.653172 ^ _0915_/X (sky130_fd_sc_hd__buf_2)
                                                         _0061_ (net)
                      0.020248    0.000199    0.653371 ^ _1121_/D (sky130_fd_sc_hd__dfxtp_2)
                                              0.653371   data arrival time

                                  0.000000    0.000000   clock wr_clk (rise edge)
                                  0.000000    0.000000   clock source latency
     1    0.027351    0.000000    0.000000    0.000000 ^ wr_clk (in)
                                                         wr_clk (net)
                      0.002217    0.001109    0.001109 ^ clkbuf_0_wr_clk/A (sky130_fd_sc_hd__clkbuf_16)
    16    0.111526    0.098120    0.123922    0.125030 ^ clkbuf_0_wr_clk/X (sky130_fd_sc_hd__clkbuf_16)
                                                         clknet_0_wr_clk (net)
                      0.098550    0.005286    0.130316 ^ clkbuf_4_10_0_wr_clk/A (sky130_fd_sc_hd__clkbuf_8)
     2    0.019905    0.038266    0.106055    0.236371 ^ clkbuf_4_10_0_wr_clk/X (sky130_fd_sc_hd__clkbuf_8)
                                                         clknet_4_10_0_wr_clk (net)
                      0.038310    0.001131    0.237502 ^ clkbuf_5_20__f_wr_clk/A (sky130_fd_sc_hd__clkbuf_16)
     5    0.014410    0.027477    0.082748    0.320250 ^ clkbuf_5_20__f_wr_clk/X (sky130_fd_sc_hd__clkbuf_16)
                                                         clknet_5_20__leaf_wr_clk (net)
                      0.027477    0.000391    0.320641 ^ _1121_/CLK (sky130_fd_sc_hd__dfxtp_2)
                                  0.100000    0.420641   clock uncertainty
                                  0.000000    0.420641   clock reconvergence pessimism
                                 -0.016623    0.404018   library hold time
                                              0.404018   data required time
---------------------------------------------------------------------------------------------
                                              0.404018   data required time
                                             -0.653371   data arrival time
---------------------------------------------------------------------------------------------
                                              0.249354   slack (MET)


Startpoint: _1114_ (rising edge-triggered flip-flop clocked by wr_clk)
Endpoint: _1114_ (rising edge-triggered flip-flop clocked by wr_clk)
Path Group: wr_clk
Path Type: min

Fanout         Cap        Slew       Delay        Time   Description
---------------------------------------------------------------------------------------------
                                  0.000000    0.000000   clock wr_clk (rise edge)
                                  0.000000    0.000000   clock source latency
     1    0.027351    0.000000    0.000000    0.000000 ^ wr_clk (in)
                                                         wr_clk (net)
                      0.002217    0.001109    0.001109 ^ clkbuf_0_wr_clk/A (sky130_fd_sc_hd__clkbuf_16)
    16    0.111526    0.098120    0.123922    0.125030 ^ clkbuf_0_wr_clk/X (sky130_fd_sc_hd__clkbuf_16)
                                                         clknet_0_wr_clk (net)
                      0.099794    0.010130    0.135160 ^ clkbuf_4_2_0_wr_clk/A (sky130_fd_sc_hd__clkbuf_8)
     2    0.019567    0.037881    0.106206    0.241366 ^ clkbuf_4_2_0_wr_clk/X (sky130_fd_sc_hd__clkbuf_8)
                                                         clknet_4_2_0_wr_clk (net)
                      0.037896    0.000701    0.242067 ^ clkbuf_5_5__f_wr_clk/A (sky130_fd_sc_hd__clkbuf_16)
     5    0.017642    0.029602    0.084672    0.326739 ^ clkbuf_5_5__f_wr_clk/X (sky130_fd_sc_hd__clkbuf_16)
                                                         clknet_5_5__leaf_wr_clk (net)
                      0.029613    0.000852    0.327591 ^ _1114_/CLK (sky130_fd_sc_hd__dfxtp_2)
     2    0.005372    0.029660    0.194154    0.521745 ^ _1114_/Q (sky130_fd_sc_hd__dfxtp_2)
                                                         u_fifomem.mem[15][4] (net)
                      0.029660    0.000265    0.522010 ^ _0899_/A1 (sky130_fd_sc_hd__mux2_2)
     1    0.004538    0.030333    0.090092    0.612102 ^ _0899_/X (sky130_fd_sc_hd__mux2_2)
                                                         _0429_ (net)
                      0.030333    0.000278    0.612380 ^ _0900_/A (sky130_fd_sc_hd__buf_1)
     1    0.002124    0.026721    0.047567    0.659948 ^ _0900_/X (sky130_fd_sc_hd__buf_1)
                                                         _0054_ (net)
                      0.026721    0.000095    0.660043 ^ _1114_/D (sky130_fd_sc_hd__dfxtp_2)
                                              0.660043   data arrival time

                                  0.000000    0.000000   clock wr_clk (rise edge)
                                  0.000000    0.000000   clock source latency
     1    0.027351    0.000000    0.000000    0.000000 ^ wr_clk (in)
                                                         wr_clk (net)
                      0.002217    0.001109    0.001109 ^ clkbuf_0_wr_clk/A (sky130_fd_sc_hd__clkbuf_16)
    16    0.111526    0.098120    0.123922    0.125030 ^ clkbuf_0_wr_clk/X (sky130_fd_sc_hd__clkbuf_16)
                                                         clknet_0_wr_clk (net)
                      0.099794    0.010130    0.135160 ^ clkbuf_4_2_0_wr_clk/A (sky130_fd_sc_hd__clkbuf_8)
     2    0.019567    0.037881    0.106206    0.241366 ^ clkbuf_4_2_0_wr_clk/X (sky130_fd_sc_hd__clkbuf_8)
                                                         clknet_4_2_0_wr_clk (net)
                      0.037896    0.000701    0.242067 ^ clkbuf_5_5__f_wr_clk/A (sky130_fd_sc_hd__clkbuf_16)
     5    0.017642    0.029602    0.084672    0.326739 ^ clkbuf_5_5__f_wr_clk/X (sky130_fd_sc_hd__clkbuf_16)
                                                         clknet_5_5__leaf_wr_clk (net)
                      0.029613    0.000852    0.327591 ^ _1114_/CLK (sky130_fd_sc_hd__dfxtp_2)
                                  0.100000    0.427591   clock uncertainty
                                  0.000000    0.427591   clock reconvergence pessimism
                                 -0.017030    0.410561   library hold time
                                              0.410561   data required time
---------------------------------------------------------------------------------------------
                                              0.410561   data required time
                                             -0.660043   data arrival time
---------------------------------------------------------------------------------------------
                                              0.249482   slack (MET)


Startpoint: _1185_ (rising edge-triggered flip-flop clocked by wr_clk)
Endpoint: _1185_ (rising edge-triggered flip-flop clocked by wr_clk)
Path Group: wr_clk
Path Type: min

Fanout         Cap        Slew       Delay        Time   Description
---------------------------------------------------------------------------------------------
                                  0.000000    0.000000   clock wr_clk (rise edge)
                                  0.000000    0.000000   clock source latency
     1    0.027351    0.000000    0.000000    0.000000 ^ wr_clk (in)
                                                         wr_clk (net)
                      0.002217    0.001109    0.001109 ^ clkbuf_0_wr_clk/A (sky130_fd_sc_hd__clkbuf_16)
    16    0.111526    0.098120    0.123922    0.125030 ^ clkbuf_0_wr_clk/X (sky130_fd_sc_hd__clkbuf_16)
                                                         clknet_0_wr_clk (net)
                      0.098125    0.000633    0.125664 ^ clkbuf_4_13_0_wr_clk/A (sky130_fd_sc_hd__clkbuf_8)
     2    0.019504    0.037934    0.105379    0.231042 ^ clkbuf_4_13_0_wr_clk/X (sky130_fd_sc_hd__clkbuf_8)
                                                         clknet_4_13_0_wr_clk (net)
                      0.037995    0.001313    0.232355 ^ clkbuf_5_26__f_wr_clk/A (sky130_fd_sc_hd__clkbuf_16)
     5    0.016587    0.028912    0.084097    0.316452 ^ clkbuf_5_26__f_wr_clk/X (sky130_fd_sc_hd__clkbuf_16)
                                                         clknet_5_26__leaf_wr_clk (net)
                      0.028916    0.000378    0.316830 ^ _1185_/CLK (sky130_fd_sc_hd__dfxtp_2)
     2    0.005175    0.029010    0.193420    0.510251 ^ _1185_/Q (sky130_fd_sc_hd__dfxtp_2)
                                                         u_fifomem.mem[9][3] (net)
                      0.029016    0.000189    0.510440 ^ _1052_/A0 (sky130_fd_sc_hd__mux2_2)
     1    0.004397    0.030115    0.089621    0.600060 ^ _1052_/X (sky130_fd_sc_hd__mux2_2)
                                                         _0511_ (net)
                      0.030116    0.000272    0.600332 ^ _1053_/A (sky130_fd_sc_hd__buf_1)
     1    0.002325    0.028323    0.048713    0.649045 ^ _1053_/X (sky130_fd_sc_hd__buf_1)
                                                         _0125_ (net)
                      0.028323    0.000158    0.649203 ^ _1185_/D (sky130_fd_sc_hd__dfxtp_2)
                                              0.649203   data arrival time

                                  0.000000    0.000000   clock wr_clk (rise edge)
                                  0.000000    0.000000   clock source latency
     1    0.027351    0.000000    0.000000    0.000000 ^ wr_clk (in)
                                                         wr_clk (net)
                      0.002217    0.001109    0.001109 ^ clkbuf_0_wr_clk/A (sky130_fd_sc_hd__clkbuf_16)
    16    0.111526    0.098120    0.123922    0.125030 ^ clkbuf_0_wr_clk/X (sky130_fd_sc_hd__clkbuf_16)
                                                         clknet_0_wr_clk (net)
                      0.098125    0.000633    0.125664 ^ clkbuf_4_13_0_wr_clk/A (sky130_fd_sc_hd__clkbuf_8)
     2    0.019504    0.037934    0.105379    0.231042 ^ clkbuf_4_13_0_wr_clk/X (sky130_fd_sc_hd__clkbuf_8)
                                                         clknet_4_13_0_wr_clk (net)
                      0.037995    0.001313    0.232355 ^ clkbuf_5_26__f_wr_clk/A (sky130_fd_sc_hd__clkbuf_16)
     5    0.016587    0.028912    0.084097    0.316452 ^ clkbuf_5_26__f_wr_clk/X (sky130_fd_sc_hd__clkbuf_16)
                                                         clknet_5_26__leaf_wr_clk (net)
                      0.028916    0.000378    0.316830 ^ _1185_/CLK (sky130_fd_sc_hd__dfxtp_2)
                                  0.100000    0.416830   clock uncertainty
                                  0.000000    0.416830   clock reconvergence pessimism
                                 -0.017160    0.399670   library hold time
                                              0.399670   data required time
---------------------------------------------------------------------------------------------
                                              0.399670   data required time
                                             -0.649203   data arrival time
---------------------------------------------------------------------------------------------
                                              0.249533   slack (MET)


Startpoint: _1189_ (rising edge-triggered flip-flop clocked by wr_clk)
Endpoint: _1189_ (rising edge-triggered flip-flop clocked by wr_clk)
Path Group: wr_clk
Path Type: min

Fanout         Cap        Slew       Delay        Time   Description
---------------------------------------------------------------------------------------------
                                  0.000000    0.000000   clock wr_clk (rise edge)
                                  0.000000    0.000000   clock source latency
     1    0.027351    0.000000    0.000000    0.000000 ^ wr_clk (in)
                                                         wr_clk (net)
                      0.002217    0.001109    0.001109 ^ clkbuf_0_wr_clk/A (sky130_fd_sc_hd__clkbuf_16)
    16    0.111526    0.098120    0.123922    0.125030 ^ clkbuf_0_wr_clk/X (sky130_fd_sc_hd__clkbuf_16)
                                                         clknet_0_wr_clk (net)
                      0.100655    0.012455    0.137485 ^ clkbuf_4_4_0_wr_clk/A (sky130_fd_sc_hd__clkbuf_8)
     2    0.019466    0.037797    0.106201    0.243686 ^ clkbuf_4_4_0_wr_clk/X (sky130_fd_sc_hd__clkbuf_8)
                                                         clknet_4_4_0_wr_clk (net)
                      0.037835    0.001047    0.244733 ^ clkbuf_5_8__f_wr_clk/A (sky130_fd_sc_hd__clkbuf_16)
     5    0.014197    0.027339    0.082377    0.327110 ^ clkbuf_5_8__f_wr_clk/X (sky130_fd_sc_hd__clkbuf_16)
                                                         clknet_5_8__leaf_wr_clk (net)
                      0.027347    0.000801    0.327911 ^ _1189_/CLK (sky130_fd_sc_hd__dfxtp_2)
     2    0.006067    0.031936    0.195263    0.523174 ^ _1189_/Q (sky130_fd_sc_hd__dfxtp_2)
                                                         u_fifomem.mem[9][7] (net)
                      0.031936    0.000390    0.523564 ^ _1060_/A0 (sky130_fd_sc_hd__mux2_2)
     1    0.003871    0.028218    0.088480    0.612044 ^ _1060_/X (sky130_fd_sc_hd__mux2_2)
                                                         _0515_ (net)
                      0.028221    0.000249    0.612293 ^ _1061_/A (sky130_fd_sc_hd__buf_1)
     1    0.002250    0.027687    0.047878    0.660171 ^ _1061_/X (sky130_fd_sc_hd__buf_1)
                                                         _0129_ (net)
                      0.027688    0.000159    0.660330 ^ _1189_/D (sky130_fd_sc_hd__dfxtp_2)
                                              0.660330   data arrival time

                                  0.000000    0.000000   clock wr_clk (rise edge)
                                  0.000000    0.000000   clock source latency
     1    0.027351    0.000000    0.000000    0.000000 ^ wr_clk (in)
                                                         wr_clk (net)
                      0.002217    0.001109    0.001109 ^ clkbuf_0_wr_clk/A (sky130_fd_sc_hd__clkbuf_16)
    16    0.111526    0.098120    0.123922    0.125030 ^ clkbuf_0_wr_clk/X (sky130_fd_sc_hd__clkbuf_16)
                                                         clknet_0_wr_clk (net)
                      0.100655    0.012455    0.137485 ^ clkbuf_4_4_0_wr_clk/A (sky130_fd_sc_hd__clkbuf_8)
     2    0.019466    0.037797    0.106201    0.243686 ^ clkbuf_4_4_0_wr_clk/X (sky130_fd_sc_hd__clkbuf_8)
                                                         clknet_4_4_0_wr_clk (net)
                      0.037835    0.001047    0.244733 ^ clkbuf_5_8__f_wr_clk/A (sky130_fd_sc_hd__clkbuf_16)
     5    0.014197    0.027339    0.082377    0.327110 ^ clkbuf_5_8__f_wr_clk/X (sky130_fd_sc_hd__clkbuf_16)
                                                         clknet_5_8__leaf_wr_clk (net)
                      0.027347    0.000801    0.327911 ^ _1189_/CLK (sky130_fd_sc_hd__dfxtp_2)
                                  0.100000    0.427911   clock uncertainty
                                  0.000000    0.427911   clock reconvergence pessimism
                                 -0.017153    0.410758   library hold time
                                              0.410758   data required time
---------------------------------------------------------------------------------------------
                                              0.410758   data required time
                                             -0.660330   data arrival time
---------------------------------------------------------------------------------------------
                                              0.249572   slack (MET)


Startpoint: _1137_ (rising edge-triggered flip-flop clocked by wr_clk)
Endpoint: _1137_ (rising edge-triggered flip-flop clocked by wr_clk)
Path Group: wr_clk
Path Type: min

Fanout         Cap        Slew       Delay        Time   Description
---------------------------------------------------------------------------------------------
                                  0.000000    0.000000   clock wr_clk (rise edge)
                                  0.000000    0.000000   clock source latency
     1    0.027351    0.000000    0.000000    0.000000 ^ wr_clk (in)
                                                         wr_clk (net)
                      0.002217    0.001109    0.001109 ^ clkbuf_0_wr_clk/A (sky130_fd_sc_hd__clkbuf_16)
    16    0.111526    0.098120    0.123922    0.125030 ^ clkbuf_0_wr_clk/X (sky130_fd_sc_hd__clkbuf_16)
                                                         clknet_0_wr_clk (net)
                      0.098550    0.005286    0.130316 ^ clkbuf_4_10_0_wr_clk/A (sky130_fd_sc_hd__clkbuf_8)
     2    0.019905    0.038266    0.106055    0.236371 ^ clkbuf_4_10_0_wr_clk/X (sky130_fd_sc_hd__clkbuf_8)
                                                         clknet_4_10_0_wr_clk (net)
                      0.038310    0.001131    0.237502 ^ clkbuf_5_20__f_wr_clk/A (sky130_fd_sc_hd__clkbuf_16)
     5    0.014410    0.027477    0.082748    0.320250 ^ clkbuf_5_20__f_wr_clk/X (sky130_fd_sc_hd__clkbuf_16)
                                                         clknet_5_20__leaf_wr_clk (net)
                      0.027477    0.000304    0.320554 ^ _1137_/CLK (sky130_fd_sc_hd__dfxtp_2)
     2    0.005524    0.030164    0.193940    0.514494 ^ _1137_/Q (sky130_fd_sc_hd__dfxtp_2)
                                                         u_fifomem.mem[3][3] (net)
                      0.030164    0.000195    0.514689 ^ _0948_/A0 (sky130_fd_sc_hd__mux2_2)
     1    0.002647    0.024208    0.083498    0.598187 ^ _0948_/X (sky130_fd_sc_hd__mux2_2)
                                                         _0455_ (net)
                      0.024208    0.000174    0.598361 ^ _0949_/A (sky130_fd_sc_hd__buf_2)
     1    0.002465    0.018081    0.055266    0.653627 ^ _0949_/X (sky130_fd_sc_hd__buf_2)
                                                         _0077_ (net)
                      0.018084    0.000161    0.653787 ^ _1137_/D (sky130_fd_sc_hd__dfxtp_2)
                                              0.653787   data arrival time

                                  0.000000    0.000000   clock wr_clk (rise edge)
                                  0.000000    0.000000   clock source latency
     1    0.027351    0.000000    0.000000    0.000000 ^ wr_clk (in)
                                                         wr_clk (net)
                      0.002217    0.001109    0.001109 ^ clkbuf_0_wr_clk/A (sky130_fd_sc_hd__clkbuf_16)
    16    0.111526    0.098120    0.123922    0.125030 ^ clkbuf_0_wr_clk/X (sky130_fd_sc_hd__clkbuf_16)
                                                         clknet_0_wr_clk (net)
                      0.098550    0.005286    0.130316 ^ clkbuf_4_10_0_wr_clk/A (sky130_fd_sc_hd__clkbuf_8)
     2    0.019905    0.038266    0.106055    0.236371 ^ clkbuf_4_10_0_wr_clk/X (sky130_fd_sc_hd__clkbuf_8)
                                                         clknet_4_10_0_wr_clk (net)
                      0.038310    0.001131    0.237502 ^ clkbuf_5_20__f_wr_clk/A (sky130_fd_sc_hd__clkbuf_16)
     5    0.014410    0.027477    0.082748    0.320250 ^ clkbuf_5_20__f_wr_clk/X (sky130_fd_sc_hd__clkbuf_16)
                                                         clknet_5_20__leaf_wr_clk (net)
                      0.027477    0.000304    0.320554 ^ _1137_/CLK (sky130_fd_sc_hd__dfxtp_2)
                                  0.100000    0.420554   clock uncertainty
                                  0.000000    0.420554   clock reconvergence pessimism
                                 -0.016470    0.404085   library hold time
                                              0.404085   data required time
---------------------------------------------------------------------------------------------
                                              0.404085   data required time
                                             -0.653787   data arrival time
---------------------------------------------------------------------------------------------
                                              0.249703   slack (MET)


Startpoint: _1165_ (rising edge-triggered flip-flop clocked by wr_clk)
Endpoint: _1165_ (rising edge-triggered flip-flop clocked by wr_clk)
Path Group: wr_clk
Path Type: min

Fanout         Cap        Slew       Delay        Time   Description
---------------------------------------------------------------------------------------------
                                  0.000000    0.000000   clock wr_clk (rise edge)
                                  0.000000    0.000000   clock source latency
     1    0.027351    0.000000    0.000000    0.000000 ^ wr_clk (in)
                                                         wr_clk (net)
                      0.002217    0.001109    0.001109 ^ clkbuf_0_wr_clk/A (sky130_fd_sc_hd__clkbuf_16)
    16    0.111526    0.098120    0.123922    0.125030 ^ clkbuf_0_wr_clk/X (sky130_fd_sc_hd__clkbuf_16)
                                                         clknet_0_wr_clk (net)
                      0.098770    0.006422    0.131452 ^ clkbuf_4_9_0_wr_clk/A (sky130_fd_sc_hd__clkbuf_8)
     2    0.019640    0.038116    0.105604    0.237057 ^ clkbuf_4_9_0_wr_clk/X (sky130_fd_sc_hd__clkbuf_8)
                                                         clknet_4_9_0_wr_clk (net)
                      0.038187    0.001428    0.238485 ^ clkbuf_5_18__f_wr_clk/A (sky130_fd_sc_hd__clkbuf_16)
     5    0.015899    0.028461    0.083643    0.322128 ^ clkbuf_5_18__f_wr_clk/X (sky130_fd_sc_hd__clkbuf_16)
                                                         clknet_5_18__leaf_wr_clk (net)
                      0.028472    0.000907    0.323035 ^ _1165_/CLK (sky130_fd_sc_hd__dfxtp_2)
     2    0.005004    0.028462    0.192833    0.515868 ^ _1165_/Q (sky130_fd_sc_hd__dfxtp_2)
                                                         u_fifomem.mem[6][7] (net)
                      0.028462    0.000247    0.516115 ^ _1008_/A0 (sky130_fd_sc_hd__mux2_2)
     1    0.002932    0.025128    0.084081    0.600196 ^ _1008_/X (sky130_fd_sc_hd__mux2_2)
                                                         _0487_ (net)
                      0.025128    0.000189    0.600385 ^ _1009_/A (sky130_fd_sc_hd__buf_2)
     1    0.002581    0.018428    0.055877    0.656262 ^ _1009_/X (sky130_fd_sc_hd__buf_2)
                                                         _0105_ (net)
                      0.018432    0.000177    0.656439 ^ _1165_/D (sky130_fd_sc_hd__dfxtp_2)
                                              0.656439   data arrival time

                                  0.000000    0.000000   clock wr_clk (rise edge)
                                  0.000000    0.000000   clock source latency
     1    0.027351    0.000000    0.000000    0.000000 ^ wr_clk (in)
                                                         wr_clk (net)
                      0.002217    0.001109    0.001109 ^ clkbuf_0_wr_clk/A (sky130_fd_sc_hd__clkbuf_16)
    16    0.111526    0.098120    0.123922    0.125030 ^ clkbuf_0_wr_clk/X (sky130_fd_sc_hd__clkbuf_16)
                                                         clknet_0_wr_clk (net)
                      0.098770    0.006422    0.131452 ^ clkbuf_4_9_0_wr_clk/A (sky130_fd_sc_hd__clkbuf_8)
     2    0.019640    0.038116    0.105604    0.237057 ^ clkbuf_4_9_0_wr_clk/X (sky130_fd_sc_hd__clkbuf_8)
                                                         clknet_4_9_0_wr_clk (net)
                      0.038187    0.001428    0.238485 ^ clkbuf_5_18__f_wr_clk/A (sky130_fd_sc_hd__clkbuf_16)
     5    0.015899    0.028461    0.083643    0.322128 ^ clkbuf_5_18__f_wr_clk/X (sky130_fd_sc_hd__clkbuf_16)
                                                         clknet_5_18__leaf_wr_clk (net)
                      0.028472    0.000907    0.323035 ^ _1165_/CLK (sky130_fd_sc_hd__dfxtp_2)
                                  0.100000    0.423035   clock uncertainty
                                  0.000000    0.423035   clock reconvergence pessimism
                                 -0.016471    0.406565   library hold time
                                              0.406565   data required time
---------------------------------------------------------------------------------------------
                                              0.406565   data required time
                                             -0.656439   data arrival time
---------------------------------------------------------------------------------------------
                                              0.249874   slack (MET)


Startpoint: _1077_ (rising edge-triggered flip-flop clocked by wr_clk)
Endpoint: _1077_ (rising edge-triggered flip-flop clocked by wr_clk)
Path Group: wr_clk
Path Type: min

Fanout         Cap        Slew       Delay        Time   Description
---------------------------------------------------------------------------------------------
                                  0.000000    0.000000   clock wr_clk (rise edge)
                                  0.000000    0.000000   clock source latency
     1    0.027351    0.000000    0.000000    0.000000 ^ wr_clk (in)
                                                         wr_clk (net)
                      0.002217    0.001109    0.001109 ^ clkbuf_0_wr_clk/A (sky130_fd_sc_hd__clkbuf_16)
    16    0.111526    0.098120    0.123922    0.125030 ^ clkbuf_0_wr_clk/X (sky130_fd_sc_hd__clkbuf_16)
                                                         clknet_0_wr_clk (net)
                      0.100655    0.012455    0.137485 ^ clkbuf_4_4_0_wr_clk/A (sky130_fd_sc_hd__clkbuf_8)
     2    0.019466    0.037797    0.106201    0.243686 ^ clkbuf_4_4_0_wr_clk/X (sky130_fd_sc_hd__clkbuf_8)
                                                         clknet_4_4_0_wr_clk (net)
                      0.037835    0.001047    0.244733 ^ clkbuf_5_8__f_wr_clk/A (sky130_fd_sc_hd__clkbuf_16)
     5    0.014197    0.027339    0.082377    0.327110 ^ clkbuf_5_8__f_wr_clk/X (sky130_fd_sc_hd__clkbuf_16)
                                                         clknet_5_8__leaf_wr_clk (net)
                      0.027346    0.000756    0.327866 ^ _1077_/CLK (sky130_fd_sc_hd__dfxtp_2)
     2    0.006159    0.032242    0.195511    0.523377 ^ _1077_/Q (sky130_fd_sc_hd__dfxtp_2)
                                                         u_fifomem.mem[10][7] (net)
                      0.032242    0.000386    0.523763 ^ _0817_/A0 (sky130_fd_sc_hd__mux2_2)
     1    0.002074    0.022378    0.081975    0.605738 ^ _0817_/X (sky130_fd_sc_hd__mux2_2)
                                                         _0384_ (net)
                      0.022378    0.000095    0.605832 ^ _0818_/A (sky130_fd_sc_hd__buf_2)
     1    0.002658    0.018657    0.055286    0.661118 ^ _0818_/X (sky130_fd_sc_hd__buf_2)
                                                         _0017_ (net)
                      0.018658    0.000178    0.661296 ^ _1077_/D (sky130_fd_sc_hd__dfxtp_2)
                                              0.661296   data arrival time

                                  0.000000    0.000000   clock wr_clk (rise edge)
                                  0.000000    0.000000   clock source latency
     1    0.027351    0.000000    0.000000    0.000000 ^ wr_clk (in)
                                                         wr_clk (net)
                      0.002217    0.001109    0.001109 ^ clkbuf_0_wr_clk/A (sky130_fd_sc_hd__clkbuf_16)
    16    0.111526    0.098120    0.123922    0.125030 ^ clkbuf_0_wr_clk/X (sky130_fd_sc_hd__clkbuf_16)
                                                         clknet_0_wr_clk (net)
                      0.100655    0.012455    0.137485 ^ clkbuf_4_4_0_wr_clk/A (sky130_fd_sc_hd__clkbuf_8)
     2    0.019466    0.037797    0.106201    0.243686 ^ clkbuf_4_4_0_wr_clk/X (sky130_fd_sc_hd__clkbuf_8)
                                                         clknet_4_4_0_wr_clk (net)
                      0.037835    0.001047    0.244733 ^ clkbuf_5_8__f_wr_clk/A (sky130_fd_sc_hd__clkbuf_16)
     5    0.014197    0.027339    0.082377    0.327110 ^ clkbuf_5_8__f_wr_clk/X (sky130_fd_sc_hd__clkbuf_16)
                                                         clknet_5_8__leaf_wr_clk (net)
                      0.027346    0.000756    0.327866 ^ _1077_/CLK (sky130_fd_sc_hd__dfxtp_2)
                                  0.100000    0.427866   clock uncertainty
                                  0.000000    0.427866   clock reconvergence pessimism
                                 -0.016513    0.411353   library hold time
                                              0.411353   data required time
---------------------------------------------------------------------------------------------
                                              0.411353   data required time
                                             -0.661296   data arrival time
---------------------------------------------------------------------------------------------
                                              0.249944   slack (MET)


Startpoint: _1159_ (rising edge-triggered flip-flop clocked by wr_clk)
Endpoint: _1159_ (rising edge-triggered flip-flop clocked by wr_clk)
Path Group: wr_clk
Path Type: min

Fanout         Cap        Slew       Delay        Time   Description
---------------------------------------------------------------------------------------------
                                  0.000000    0.000000   clock wr_clk (rise edge)
                                  0.000000    0.000000   clock source latency
     1    0.027351    0.000000    0.000000    0.000000 ^ wr_clk (in)
                                                         wr_clk (net)
                      0.002217    0.001109    0.001109 ^ clkbuf_0_wr_clk/A (sky130_fd_sc_hd__clkbuf_16)
    16    0.111526    0.098120    0.123922    0.125030 ^ clkbuf_0_wr_clk/X (sky130_fd_sc_hd__clkbuf_16)
                                                         clknet_0_wr_clk (net)
                      0.098124    0.000576    0.125606 ^ clkbuf_4_12_0_wr_clk/A (sky130_fd_sc_hd__clkbuf_8)
     2    0.020414    0.038981    0.106337    0.231943 ^ clkbuf_4_12_0_wr_clk/X (sky130_fd_sc_hd__clkbuf_8)
                                                         clknet_4_12_0_wr_clk (net)
                      0.039040    0.001321    0.233264 ^ clkbuf_5_24__f_wr_clk/A (sky130_fd_sc_hd__clkbuf_16)
     5    0.015089    0.027930    0.083348    0.316612 ^ clkbuf_5_24__f_wr_clk/X (sky130_fd_sc_hd__clkbuf_16)
                                                         clknet_5_24__leaf_wr_clk (net)
                      0.027938    0.000760    0.317372 ^ _1159_/CLK (sky130_fd_sc_hd__dfxtp_2)
     2    0.005800    0.031052    0.194739    0.512111 ^ _1159_/Q (sky130_fd_sc_hd__dfxtp_2)
                                                         u_fifomem.mem[6][1] (net)
                      0.031052    0.000353    0.512464 ^ _0996_/A0 (sky130_fd_sc_hd__mux2_2)
     1    0.002169    0.022683    0.081981    0.594445 ^ _0996_/X (sky130_fd_sc_hd__mux2_2)
                                                         _0481_ (net)
                      0.022683    0.000154    0.594599 ^ _0997_/A (sky130_fd_sc_hd__buf_2)
     1    0.002874    0.019301    0.055998    0.650597 ^ _0997_/X (sky130_fd_sc_hd__buf_2)
                                                         _0099_ (net)
                      0.019302    0.000199    0.650796 ^ _1159_/D (sky130_fd_sc_hd__dfxtp_2)
                                              0.650796   data arrival time

                                  0.000000    0.000000   clock wr_clk (rise edge)
                                  0.000000    0.000000   clock source latency
     1    0.027351    0.000000    0.000000    0.000000 ^ wr_clk (in)
                                                         wr_clk (net)
                      0.002217    0.001109    0.001109 ^ clkbuf_0_wr_clk/A (sky130_fd_sc_hd__clkbuf_16)
    16    0.111526    0.098120    0.123922    0.125030 ^ clkbuf_0_wr_clk/X (sky130_fd_sc_hd__clkbuf_16)
                                                         clknet_0_wr_clk (net)
                      0.098124    0.000576    0.125606 ^ clkbuf_4_12_0_wr_clk/A (sky130_fd_sc_hd__clkbuf_8)
     2    0.020414    0.038981    0.106337    0.231943 ^ clkbuf_4_12_0_wr_clk/X (sky130_fd_sc_hd__clkbuf_8)
                                                         clknet_4_12_0_wr_clk (net)
                      0.039040    0.001321    0.233264 ^ clkbuf_5_24__f_wr_clk/A (sky130_fd_sc_hd__clkbuf_16)
     5    0.015089    0.027930    0.083348    0.316612 ^ clkbuf_5_24__f_wr_clk/X (sky130_fd_sc_hd__clkbuf_16)
                                                         clknet_5_24__leaf_wr_clk (net)
                      0.027938    0.000760    0.317372 ^ _1159_/CLK (sky130_fd_sc_hd__dfxtp_2)
                                  0.100000    0.417372   clock uncertainty
                                  0.000000    0.417372   clock reconvergence pessimism
                                 -0.016545    0.400827   library hold time
                                              0.400827   data required time
---------------------------------------------------------------------------------------------
                                              0.400827   data required time
                                             -0.650796   data arrival time
---------------------------------------------------------------------------------------------
                                              0.249969   slack (MET)


Startpoint: _1116_ (rising edge-triggered flip-flop clocked by wr_clk)
Endpoint: _1116_ (rising edge-triggered flip-flop clocked by wr_clk)
Path Group: wr_clk
Path Type: min

Fanout         Cap        Slew       Delay        Time   Description
---------------------------------------------------------------------------------------------
                                  0.000000    0.000000   clock wr_clk (rise edge)
                                  0.000000    0.000000   clock source latency
     1    0.027351    0.000000    0.000000    0.000000 ^ wr_clk (in)
                                                         wr_clk (net)
                      0.002217    0.001109    0.001109 ^ clkbuf_0_wr_clk/A (sky130_fd_sc_hd__clkbuf_16)
    16    0.111526    0.098120    0.123922    0.125030 ^ clkbuf_0_wr_clk/X (sky130_fd_sc_hd__clkbuf_16)
                                                         clknet_0_wr_clk (net)
                      0.100861    0.012955    0.137986 ^ clkbuf_4_7_0_wr_clk/A (sky130_fd_sc_hd__clkbuf_8)
     2    0.019330    0.037616    0.106299    0.244285 ^ clkbuf_4_7_0_wr_clk/X (sky130_fd_sc_hd__clkbuf_8)
                                                         clknet_4_7_0_wr_clk (net)
                      0.037644    0.000917    0.245202 ^ clkbuf_5_15__f_wr_clk/A (sky130_fd_sc_hd__clkbuf_16)
     5    0.014803    0.027736    0.082764    0.327966 ^ clkbuf_5_15__f_wr_clk/X (sky130_fd_sc_hd__clkbuf_16)
                                                         clknet_5_15__leaf_wr_clk (net)
                      0.027742    0.000677    0.328643 ^ _1116_/CLK (sky130_fd_sc_hd__dfxtp_2)
     2    0.005890    0.031363    0.194967    0.523610 ^ _1116_/Q (sky130_fd_sc_hd__dfxtp_2)
                                                         u_fifomem.mem[15][6] (net)
                      0.031363    0.000274    0.523883 ^ _0903_/A1 (sky130_fd_sc_hd__mux2_2)
     1    0.003352    0.026140    0.086170    0.610054 ^ _0903_/X (sky130_fd_sc_hd__mux2_2)
                                                         _0431_ (net)
                      0.026147    0.000222    0.610276 ^ _0904_/A (sky130_fd_sc_hd__buf_1)
     1    0.002816    0.032247    0.050850    0.661126 ^ _0904_/X (sky130_fd_sc_hd__buf_1)
                                                         _0056_ (net)
                      0.032248    0.000200    0.661326 ^ _1116_/D (sky130_fd_sc_hd__dfxtp_2)
                                              0.661326   data arrival time

                                  0.000000    0.000000   clock wr_clk (rise edge)
                                  0.000000    0.000000   clock source latency
     1    0.027351    0.000000    0.000000    0.000000 ^ wr_clk (in)
                                                         wr_clk (net)
                      0.002217    0.001109    0.001109 ^ clkbuf_0_wr_clk/A (sky130_fd_sc_hd__clkbuf_16)
    16    0.111526    0.098120    0.123922    0.125030 ^ clkbuf_0_wr_clk/X (sky130_fd_sc_hd__clkbuf_16)
                                                         clknet_0_wr_clk (net)
                      0.100861    0.012955    0.137986 ^ clkbuf_4_7_0_wr_clk/A (sky130_fd_sc_hd__clkbuf_8)
     2    0.019330    0.037616    0.106299    0.244285 ^ clkbuf_4_7_0_wr_clk/X (sky130_fd_sc_hd__clkbuf_8)
                                                         clknet_4_7_0_wr_clk (net)
                      0.037644    0.000917    0.245202 ^ clkbuf_5_15__f_wr_clk/A (sky130_fd_sc_hd__clkbuf_16)
     5    0.014803    0.027736    0.082764    0.327966 ^ clkbuf_5_15__f_wr_clk/X (sky130_fd_sc_hd__clkbuf_16)
                                                         clknet_5_15__leaf_wr_clk (net)
                      0.027742    0.000677    0.328643 ^ _1116_/CLK (sky130_fd_sc_hd__dfxtp_2)
                                  0.100000    0.428643   clock uncertainty
                                  0.000000    0.428643   clock reconvergence pessimism
                                 -0.017466    0.411177   library hold time
                                              0.411177   data required time
---------------------------------------------------------------------------------------------
                                              0.411177   data required time
                                             -0.661326   data arrival time
---------------------------------------------------------------------------------------------
                                              0.250149   slack (MET)


Startpoint: _1181_ (rising edge-triggered flip-flop clocked by wr_clk)
Endpoint: _1181_ (rising edge-triggered flip-flop clocked by wr_clk)
Path Group: wr_clk
Path Type: min

Fanout         Cap        Slew       Delay        Time   Description
---------------------------------------------------------------------------------------------
                                  0.000000    0.000000   clock wr_clk (rise edge)
                                  0.000000    0.000000   clock source latency
     1    0.027351    0.000000    0.000000    0.000000 ^ wr_clk (in)
                                                         wr_clk (net)
                      0.002217    0.001109    0.001109 ^ clkbuf_0_wr_clk/A (sky130_fd_sc_hd__clkbuf_16)
    16    0.111526    0.098120    0.123922    0.125030 ^ clkbuf_0_wr_clk/X (sky130_fd_sc_hd__clkbuf_16)
                                                         clknet_0_wr_clk (net)
                      0.100655    0.012455    0.137485 ^ clkbuf_4_4_0_wr_clk/A (sky130_fd_sc_hd__clkbuf_8)
     2    0.019466    0.037797    0.106201    0.243686 ^ clkbuf_4_4_0_wr_clk/X (sky130_fd_sc_hd__clkbuf_8)
                                                         clknet_4_4_0_wr_clk (net)
                      0.037835    0.001047    0.244733 ^ clkbuf_5_8__f_wr_clk/A (sky130_fd_sc_hd__clkbuf_16)
     5    0.014197    0.027339    0.082377    0.327110 ^ clkbuf_5_8__f_wr_clk/X (sky130_fd_sc_hd__clkbuf_16)
                                                         clknet_5_8__leaf_wr_clk (net)
                      0.027340    0.000676    0.327786 ^ _1181_/CLK (sky130_fd_sc_hd__dfxtp_2)
     2    0.005100    0.028733    0.192654    0.520440 ^ _1181_/Q (sky130_fd_sc_hd__dfxtp_2)
                                                         u_fifomem.mem[8][7] (net)
                      0.028744    0.000380    0.520820 ^ _1043_/A0 (sky130_fd_sc_hd__mux2_2)
     1    0.003413    0.026664    0.085910    0.606729 ^ _1043_/X (sky130_fd_sc_hd__mux2_2)
                                                         _0506_ (net)
                      0.026670    0.000240    0.606969 ^ _1044_/A (sky130_fd_sc_hd__buf_1)
     1    0.003186    0.035272    0.053182    0.660151 ^ _1044_/X (sky130_fd_sc_hd__buf_1)
                                                         _0121_ (net)
                      0.035273    0.000199    0.660350 ^ _1181_/D (sky130_fd_sc_hd__dfxtp_2)
                                              0.660350   data arrival time

                                  0.000000    0.000000   clock wr_clk (rise edge)
                                  0.000000    0.000000   clock source latency
     1    0.027351    0.000000    0.000000    0.000000 ^ wr_clk (in)
                                                         wr_clk (net)
                      0.002217    0.001109    0.001109 ^ clkbuf_0_wr_clk/A (sky130_fd_sc_hd__clkbuf_16)
    16    0.111526    0.098120    0.123922    0.125030 ^ clkbuf_0_wr_clk/X (sky130_fd_sc_hd__clkbuf_16)
                                                         clknet_0_wr_clk (net)
                      0.100655    0.012455    0.137485 ^ clkbuf_4_4_0_wr_clk/A (sky130_fd_sc_hd__clkbuf_8)
     2    0.019466    0.037797    0.106201    0.243686 ^ clkbuf_4_4_0_wr_clk/X (sky130_fd_sc_hd__clkbuf_8)
                                                         clknet_4_4_0_wr_clk (net)
                      0.037835    0.001047    0.244733 ^ clkbuf_5_8__f_wr_clk/A (sky130_fd_sc_hd__clkbuf_16)
     5    0.014197    0.027339    0.082377    0.327110 ^ clkbuf_5_8__f_wr_clk/X (sky130_fd_sc_hd__clkbuf_16)
                                                         clknet_5_8__leaf_wr_clk (net)
                      0.027340    0.000676    0.327786 ^ _1181_/CLK (sky130_fd_sc_hd__dfxtp_2)
                                  0.100000    0.427786   clock uncertainty
                                  0.000000    0.427786   clock reconvergence pessimism
                                 -0.017690    0.410096   library hold time
                                              0.410096   data required time
---------------------------------------------------------------------------------------------
                                              0.410096   data required time
                                             -0.660350   data arrival time
---------------------------------------------------------------------------------------------
                                              0.250254   slack (MET)


Startpoint: _1145_ (rising edge-triggered flip-flop clocked by wr_clk)
Endpoint: _1145_ (rising edge-triggered flip-flop clocked by wr_clk)
Path Group: wr_clk
Path Type: min

Fanout         Cap        Slew       Delay        Time   Description
---------------------------------------------------------------------------------------------
                                  0.000000    0.000000   clock wr_clk (rise edge)
                                  0.000000    0.000000   clock source latency
     1    0.027351    0.000000    0.000000    0.000000 ^ wr_clk (in)
                                                         wr_clk (net)
                      0.002217    0.001109    0.001109 ^ clkbuf_0_wr_clk/A (sky130_fd_sc_hd__clkbuf_16)
    16    0.111526    0.098120    0.123922    0.125030 ^ clkbuf_0_wr_clk/X (sky130_fd_sc_hd__clkbuf_16)
                                                         clknet_0_wr_clk (net)
                      0.098638    0.005770    0.130801 ^ clkbuf_4_11_0_wr_clk/A (sky130_fd_sc_hd__clkbuf_8)
     2    0.017957    0.036150    0.104035    0.234836 ^ clkbuf_4_11_0_wr_clk/X (sky130_fd_sc_hd__clkbuf_8)
                                                         clknet_4_11_0_wr_clk (net)
                      0.036190    0.001054    0.235890 ^ clkbuf_5_23__f_wr_clk/A (sky130_fd_sc_hd__clkbuf_16)
     5    0.015030    0.027881    0.082475    0.318366 ^ clkbuf_5_23__f_wr_clk/X (sky130_fd_sc_hd__clkbuf_16)
                                                         clknet_5_23__leaf_wr_clk (net)
                      0.027881    0.000093    0.318459 ^ _1145_/CLK (sky130_fd_sc_hd__dfxtp_2)
     2    0.005809    0.031084    0.194753    0.513212 ^ _1145_/Q (sky130_fd_sc_hd__dfxtp_2)
                                                         u_fifomem.mem[4][3] (net)
                      0.031084    0.000360    0.513572 ^ _0966_/A0 (sky130_fd_sc_hd__mux2_2)
     1    0.003802    0.027982    0.087992    0.601565 ^ _0966_/X (sky130_fd_sc_hd__mux2_2)
                                                         _0465_ (net)
                      0.027984    0.000252    0.601817 ^ _0967_/A (sky130_fd_sc_hd__buf_1)
     1    0.002519    0.029855    0.049447    0.651264 ^ _0967_/X (sky130_fd_sc_hd__buf_1)
                                                         _0085_ (net)
                      0.029855    0.000169    0.651433 ^ _1145_/D (sky130_fd_sc_hd__dfxtp_2)
                                              0.651433   data arrival time

                                  0.000000    0.000000   clock wr_clk (rise edge)
                                  0.000000    0.000000   clock source latency
     1    0.027351    0.000000    0.000000    0.000000 ^ wr_clk (in)
                                                         wr_clk (net)
                      0.002217    0.001109    0.001109 ^ clkbuf_0_wr_clk/A (sky130_fd_sc_hd__clkbuf_16)
    16    0.111526    0.098120    0.123922    0.125030 ^ clkbuf_0_wr_clk/X (sky130_fd_sc_hd__clkbuf_16)
                                                         clknet_0_wr_clk (net)
                      0.098638    0.005770    0.130801 ^ clkbuf_4_11_0_wr_clk/A (sky130_fd_sc_hd__clkbuf_8)
     2    0.017957    0.036150    0.104035    0.234836 ^ clkbuf_4_11_0_wr_clk/X (sky130_fd_sc_hd__clkbuf_8)
                                                         clknet_4_11_0_wr_clk (net)
                      0.036190    0.001054    0.235890 ^ clkbuf_5_23__f_wr_clk/A (sky130_fd_sc_hd__clkbuf_16)
     5    0.015030    0.027881    0.082475    0.318366 ^ clkbuf_5_23__f_wr_clk/X (sky130_fd_sc_hd__clkbuf_16)
                                                         clknet_5_23__leaf_wr_clk (net)
                      0.027881    0.000093    0.318459 ^ _1145_/CLK (sky130_fd_sc_hd__dfxtp_2)
                                  0.100000    0.418459   clock uncertainty
                                  0.000000    0.418459   clock reconvergence pessimism
                                 -0.017293    0.401166   library hold time
                                              0.401166   data required time
---------------------------------------------------------------------------------------------
                                              0.401166   data required time
                                             -0.651433   data arrival time
---------------------------------------------------------------------------------------------
                                              0.250267   slack (MET)


Startpoint: _1158_ (rising edge-triggered flip-flop clocked by wr_clk)
Endpoint: _1158_ (rising edge-triggered flip-flop clocked by wr_clk)
Path Group: wr_clk
Path Type: min

Fanout         Cap        Slew       Delay        Time   Description
---------------------------------------------------------------------------------------------
                                  0.000000    0.000000   clock wr_clk (rise edge)
                                  0.000000    0.000000   clock source latency
     1    0.027351    0.000000    0.000000    0.000000 ^ wr_clk (in)
                                                         wr_clk (net)
                      0.002217    0.001109    0.001109 ^ clkbuf_0_wr_clk/A (sky130_fd_sc_hd__clkbuf_16)
    16    0.111526    0.098120    0.123922    0.125030 ^ clkbuf_0_wr_clk/X (sky130_fd_sc_hd__clkbuf_16)
                                                         clknet_0_wr_clk (net)
                      0.099794    0.010130    0.135160 ^ clkbuf_4_2_0_wr_clk/A (sky130_fd_sc_hd__clkbuf_8)
     2    0.019567    0.037881    0.106206    0.241366 ^ clkbuf_4_2_0_wr_clk/X (sky130_fd_sc_hd__clkbuf_8)
                                                         clknet_4_2_0_wr_clk (net)
                      0.037902    0.000813    0.242179 ^ clkbuf_5_4__f_wr_clk/A (sky130_fd_sc_hd__clkbuf_16)
     5    0.016785    0.029042    0.084153    0.326333 ^ clkbuf_5_4__f_wr_clk/X (sky130_fd_sc_hd__clkbuf_16)
                                                         clknet_5_4__leaf_wr_clk (net)
                      0.029054    0.000916    0.327249 ^ _1158_/CLK (sky130_fd_sc_hd__dfxtp_2)
     2    0.006265    0.032601    0.196348    0.523597 ^ _1158_/Q (sky130_fd_sc_hd__dfxtp_2)
                                                         u_fifomem.mem[6][0] (net)
                      0.032601    0.000307    0.523903 ^ _0994_/A0 (sky130_fd_sc_hd__mux2_2)
     1    0.001997    0.022130    0.081789    0.605692 ^ _0994_/X (sky130_fd_sc_hd__mux2_2)
                                                         _0480_ (net)
                      0.022130    0.000091    0.605784 ^ _0995_/A (sky130_fd_sc_hd__buf_2)
     1    0.002758    0.018954    0.055495    0.661278 ^ _0995_/X (sky130_fd_sc_hd__buf_2)
                                                         _0098_ (net)
                      0.018955    0.000204    0.661482 ^ _1158_/D (sky130_fd_sc_hd__dfxtp_2)
                                              0.661482   data arrival time

                                  0.000000    0.000000   clock wr_clk (rise edge)
                                  0.000000    0.000000   clock source latency
     1    0.027351    0.000000    0.000000    0.000000 ^ wr_clk (in)
                                                         wr_clk (net)
                      0.002217    0.001109    0.001109 ^ clkbuf_0_wr_clk/A (sky130_fd_sc_hd__clkbuf_16)
    16    0.111526    0.098120    0.123922    0.125030 ^ clkbuf_0_wr_clk/X (sky130_fd_sc_hd__clkbuf_16)
                                                         clknet_0_wr_clk (net)
                      0.099794    0.010130    0.135160 ^ clkbuf_4_2_0_wr_clk/A (sky130_fd_sc_hd__clkbuf_8)
     2    0.019567    0.037881    0.106206    0.241366 ^ clkbuf_4_2_0_wr_clk/X (sky130_fd_sc_hd__clkbuf_8)
                                                         clknet_4_2_0_wr_clk (net)
                      0.037902    0.000813    0.242179 ^ clkbuf_5_4__f_wr_clk/A (sky130_fd_sc_hd__clkbuf_16)
     5    0.016785    0.029042    0.084153    0.326333 ^ clkbuf_5_4__f_wr_clk/X (sky130_fd_sc_hd__clkbuf_16)
                                                         clknet_5_4__leaf_wr_clk (net)
                      0.029054    0.000916    0.327249 ^ _1158_/CLK (sky130_fd_sc_hd__dfxtp_2)
                                  0.100000    0.427249   clock uncertainty
                                  0.000000    0.427249   clock reconvergence pessimism
                                 -0.016494    0.410755   library hold time
                                              0.410755   data required time
---------------------------------------------------------------------------------------------
                                              0.410755   data required time
                                             -0.661482   data arrival time
---------------------------------------------------------------------------------------------
                                              0.250727   slack (MET)


Startpoint: _1156_ (rising edge-triggered flip-flop clocked by wr_clk)
Endpoint: _1156_ (rising edge-triggered flip-flop clocked by wr_clk)
Path Group: wr_clk
Path Type: min

Fanout         Cap        Slew       Delay        Time   Description
---------------------------------------------------------------------------------------------
                                  0.000000    0.000000   clock wr_clk (rise edge)
                                  0.000000    0.000000   clock source latency
     1    0.027351    0.000000    0.000000    0.000000 ^ wr_clk (in)
                                                         wr_clk (net)
                      0.002217    0.001109    0.001109 ^ clkbuf_0_wr_clk/A (sky130_fd_sc_hd__clkbuf_16)
    16    0.111526    0.098120    0.123922    0.125030 ^ clkbuf_0_wr_clk/X (sky130_fd_sc_hd__clkbuf_16)
                                                         clknet_0_wr_clk (net)
                      0.098124    0.000576    0.125606 ^ clkbuf_4_12_0_wr_clk/A (sky130_fd_sc_hd__clkbuf_8)
     2    0.020414    0.038981    0.106337    0.231943 ^ clkbuf_4_12_0_wr_clk/X (sky130_fd_sc_hd__clkbuf_8)
                                                         clknet_4_12_0_wr_clk (net)
                      0.039053    0.001448    0.233390 ^ clkbuf_5_25__f_wr_clk/A (sky130_fd_sc_hd__clkbuf_16)
     6    0.024267    0.034113    0.089306    0.322696 ^ clkbuf_5_25__f_wr_clk/X (sky130_fd_sc_hd__clkbuf_16)
                                                         clknet_5_25__leaf_wr_clk (net)
                      0.034189    0.001333    0.324029 ^ _1156_/CLK (sky130_fd_sc_hd__dfxtp_2)
     2    0.006127    0.032130    0.197488    0.521517 ^ _1156_/Q (sky130_fd_sc_hd__dfxtp_2)
                                                         u_fifomem.mem[5][6] (net)
                      0.032130    0.000333    0.521850 ^ _0989_/A0 (sky130_fd_sc_hd__mux2_2)
     1    0.003339    0.026421    0.086581    0.608431 ^ _0989_/X (sky130_fd_sc_hd__mux2_2)
                                                         _0477_ (net)
                      0.026422    0.000217    0.608648 ^ _0990_/A (sky130_fd_sc_hd__buf_1)
     1    0.002486    0.029579    0.048957    0.657605 ^ _0990_/X (sky130_fd_sc_hd__buf_1)
                                                         _0096_ (net)
                      0.029579    0.000113    0.657718 ^ _1156_/D (sky130_fd_sc_hd__dfxtp_2)
                                              0.657718   data arrival time

                                  0.000000    0.000000   clock wr_clk (rise edge)
                                  0.000000    0.000000   clock source latency
     1    0.027351    0.000000    0.000000    0.000000 ^ wr_clk (in)
                                                         wr_clk (net)
                      0.002217    0.001109    0.001109 ^ clkbuf_0_wr_clk/A (sky130_fd_sc_hd__clkbuf_16)
    16    0.111526    0.098120    0.123922    0.125030 ^ clkbuf_0_wr_clk/X (sky130_fd_sc_hd__clkbuf_16)
                                                         clknet_0_wr_clk (net)
                      0.098124    0.000576    0.125606 ^ clkbuf_4_12_0_wr_clk/A (sky130_fd_sc_hd__clkbuf_8)
     2    0.020414    0.038981    0.106337    0.231943 ^ clkbuf_4_12_0_wr_clk/X (sky130_fd_sc_hd__clkbuf_8)
                                                         clknet_4_12_0_wr_clk (net)
                      0.039053    0.001448    0.233390 ^ clkbuf_5_25__f_wr_clk/A (sky130_fd_sc_hd__clkbuf_16)
     6    0.024267    0.034113    0.089306    0.322696 ^ clkbuf_5_25__f_wr_clk/X (sky130_fd_sc_hd__clkbuf_16)
                                                         clknet_5_25__leaf_wr_clk (net)
                      0.034189    0.001333    0.324029 ^ _1156_/CLK (sky130_fd_sc_hd__dfxtp_2)
                                  0.100000    0.424029   clock uncertainty
                                  0.000000    0.424029   clock reconvergence pessimism
                                 -0.017123    0.406906   library hold time
                                              0.406906   data required time
---------------------------------------------------------------------------------------------
                                              0.406906   data required time
                                             -0.657718   data arrival time
---------------------------------------------------------------------------------------------
                                              0.250813   slack (MET)


Startpoint: _1076_ (rising edge-triggered flip-flop clocked by wr_clk)
Endpoint: _1076_ (rising edge-triggered flip-flop clocked by wr_clk)
Path Group: wr_clk
Path Type: min

Fanout         Cap        Slew       Delay        Time   Description
---------------------------------------------------------------------------------------------
                                  0.000000    0.000000   clock wr_clk (rise edge)
                                  0.000000    0.000000   clock source latency
     1    0.027351    0.000000    0.000000    0.000000 ^ wr_clk (in)
                                                         wr_clk (net)
                      0.002217    0.001109    0.001109 ^ clkbuf_0_wr_clk/A (sky130_fd_sc_hd__clkbuf_16)
    16    0.111526    0.098120    0.123922    0.125030 ^ clkbuf_0_wr_clk/X (sky130_fd_sc_hd__clkbuf_16)
                                                         clknet_0_wr_clk (net)
                      0.100852    0.012934    0.137964 ^ clkbuf_4_6_0_wr_clk/A (sky130_fd_sc_hd__clkbuf_8)
     2    0.018956    0.037221    0.105721    0.243685 ^ clkbuf_4_6_0_wr_clk/X (sky130_fd_sc_hd__clkbuf_8)
                                                         clknet_4_6_0_wr_clk (net)
                      0.037262    0.001078    0.244763 ^ clkbuf_5_13__f_wr_clk/A (sky130_fd_sc_hd__clkbuf_16)
     5    0.016457    0.028853    0.083636    0.328399 ^ clkbuf_5_13__f_wr_clk/X (sky130_fd_sc_hd__clkbuf_16)
                                                         clknet_5_13__leaf_wr_clk (net)
                      0.028869    0.001134    0.329534 ^ _1076_/CLK (sky130_fd_sc_hd__dfxtp_2)
     2    0.006493    0.033354    0.196852    0.526386 ^ _1076_/Q (sky130_fd_sc_hd__dfxtp_2)
                                                         u_fifomem.mem[10][6] (net)
                      0.033354    0.000338    0.526724 ^ _0815_/A0 (sky130_fd_sc_hd__mux2_2)
     1    0.002083    0.022404    0.082313    0.609037 ^ _0815_/X (sky130_fd_sc_hd__mux2_2)
                                                         _0383_ (net)
                      0.022404    0.000096    0.609133 ^ _0816_/A (sky130_fd_sc_hd__buf_2)
     1    0.002482    0.018127    0.054780    0.663912 ^ _0816_/X (sky130_fd_sc_hd__buf_2)
                                                         _0016_ (net)
                      0.018131    0.000162    0.664075 ^ _1076_/D (sky130_fd_sc_hd__dfxtp_2)
                                              0.664075   data arrival time

                                  0.000000    0.000000   clock wr_clk (rise edge)
                                  0.000000    0.000000   clock source latency
     1    0.027351    0.000000    0.000000    0.000000 ^ wr_clk (in)
                                                         wr_clk (net)
                      0.002217    0.001109    0.001109 ^ clkbuf_0_wr_clk/A (sky130_fd_sc_hd__clkbuf_16)
    16    0.111526    0.098120    0.123922    0.125030 ^ clkbuf_0_wr_clk/X (sky130_fd_sc_hd__clkbuf_16)
                                                         clknet_0_wr_clk (net)
                      0.100852    0.012934    0.137964 ^ clkbuf_4_6_0_wr_clk/A (sky130_fd_sc_hd__clkbuf_8)
     2    0.018956    0.037221    0.105721    0.243685 ^ clkbuf_4_6_0_wr_clk/X (sky130_fd_sc_hd__clkbuf_8)
                                                         clknet_4_6_0_wr_clk (net)
                      0.037262    0.001078    0.244763 ^ clkbuf_5_13__f_wr_clk/A (sky130_fd_sc_hd__clkbuf_16)
     5    0.016457    0.028853    0.083636    0.328399 ^ clkbuf_5_13__f_wr_clk/X (sky130_fd_sc_hd__clkbuf_16)
                                                         clknet_5_13__leaf_wr_clk (net)
                      0.028869    0.001134    0.329534 ^ _1076_/CLK (sky130_fd_sc_hd__dfxtp_2)
                                  0.100000    0.429534   clock uncertainty
                                  0.000000    0.429534   clock reconvergence pessimism
                                 -0.016440    0.413094   library hold time
                                              0.413094   data required time
---------------------------------------------------------------------------------------------
                                              0.413094   data required time
                                             -0.664075   data arrival time
---------------------------------------------------------------------------------------------
                                              0.250981   slack (MET)


Startpoint: _1171_ (rising edge-triggered flip-flop clocked by wr_clk)
Endpoint: _1171_ (rising edge-triggered flip-flop clocked by wr_clk)
Path Group: wr_clk
Path Type: min

Fanout         Cap        Slew       Delay        Time   Description
---------------------------------------------------------------------------------------------
                                  0.000000    0.000000   clock wr_clk (rise edge)
                                  0.000000    0.000000   clock source latency
     1    0.027351    0.000000    0.000000    0.000000 ^ wr_clk (in)
                                                         wr_clk (net)
                      0.002217    0.001109    0.001109 ^ clkbuf_0_wr_clk/A (sky130_fd_sc_hd__clkbuf_16)
    16    0.111526    0.098120    0.123922    0.125030 ^ clkbuf_0_wr_clk/X (sky130_fd_sc_hd__clkbuf_16)
                                                         clknet_0_wr_clk (net)
                      0.098638    0.005770    0.130801 ^ clkbuf_4_11_0_wr_clk/A (sky130_fd_sc_hd__clkbuf_8)
     2    0.017957    0.036150    0.104035    0.234836 ^ clkbuf_4_11_0_wr_clk/X (sky130_fd_sc_hd__clkbuf_8)
                                                         clknet_4_11_0_wr_clk (net)
                      0.036195    0.001101    0.235937 ^ clkbuf_5_22__f_wr_clk/A (sky130_fd_sc_hd__clkbuf_16)
     5    0.016085    0.028602    0.083104    0.319041 ^ clkbuf_5_22__f_wr_clk/X (sky130_fd_sc_hd__clkbuf_16)
                                                         clknet_5_22__leaf_wr_clk (net)
                      0.028610    0.000763    0.319803 ^ _1171_/CLK (sky130_fd_sc_hd__dfxtp_2)
     2    0.006166    0.032261    0.195887    0.515690 ^ _1171_/Q (sky130_fd_sc_hd__dfxtp_2)
                                                         u_fifomem.mem[7][5] (net)
                      0.032261    0.000391    0.516082 ^ _1021_/A1 (sky130_fd_sc_hd__mux2_2)
     1    0.003845    0.027834    0.088221    0.604302 ^ _1021_/X (sky130_fd_sc_hd__mux2_2)
                                                         _0494_ (net)
                      0.027837    0.000262    0.604564 ^ _1022_/A (sky130_fd_sc_hd__buf_1)
     1    0.002425    0.029093    0.048847    0.653411 ^ _1022_/X (sky130_fd_sc_hd__buf_1)
                                                         _0111_ (net)
                      0.029093    0.000178    0.653589 ^ _1171_/D (sky130_fd_sc_hd__dfxtp_2)
                                              0.653589   data arrival time

                                  0.000000    0.000000   clock wr_clk (rise edge)
                                  0.000000    0.000000   clock source latency
     1    0.027351    0.000000    0.000000    0.000000 ^ wr_clk (in)
                                                         wr_clk (net)
                      0.002217    0.001109    0.001109 ^ clkbuf_0_wr_clk/A (sky130_fd_sc_hd__clkbuf_16)
    16    0.111526    0.098120    0.123922    0.125030 ^ clkbuf_0_wr_clk/X (sky130_fd_sc_hd__clkbuf_16)
                                                         clknet_0_wr_clk (net)
                      0.098638    0.005770    0.130801 ^ clkbuf_4_11_0_wr_clk/A (sky130_fd_sc_hd__clkbuf_8)
     2    0.017957    0.036150    0.104035    0.234836 ^ clkbuf_4_11_0_wr_clk/X (sky130_fd_sc_hd__clkbuf_8)
                                                         clknet_4_11_0_wr_clk (net)
                      0.036195    0.001101    0.235937 ^ clkbuf_5_22__f_wr_clk/A (sky130_fd_sc_hd__clkbuf_16)
     5    0.016085    0.028602    0.083104    0.319041 ^ clkbuf_5_22__f_wr_clk/X (sky130_fd_sc_hd__clkbuf_16)
                                                         clknet_5_22__leaf_wr_clk (net)
                      0.028610    0.000763    0.319803 ^ _1171_/CLK (sky130_fd_sc_hd__dfxtp_2)
                                  0.100000    0.419803   clock uncertainty
                                  0.000000    0.419803   clock reconvergence pessimism
                                 -0.017222    0.402581   library hold time
                                              0.402581   data required time
---------------------------------------------------------------------------------------------
                                              0.402581   data required time
                                             -0.653589   data arrival time
---------------------------------------------------------------------------------------------
                                              0.251008   slack (MET)


Startpoint: _1088_ (rising edge-triggered flip-flop clocked by wr_clk)
Endpoint: _1088_ (rising edge-triggered flip-flop clocked by wr_clk)
Path Group: wr_clk
Path Type: min

Fanout         Cap        Slew       Delay        Time   Description
---------------------------------------------------------------------------------------------
                                  0.000000    0.000000   clock wr_clk (rise edge)
                                  0.000000    0.000000   clock source latency
     1    0.027351    0.000000    0.000000    0.000000 ^ wr_clk (in)
                                                         wr_clk (net)
                      0.002217    0.001109    0.001109 ^ clkbuf_0_wr_clk/A (sky130_fd_sc_hd__clkbuf_16)
    16    0.111526    0.098120    0.123922    0.125030 ^ clkbuf_0_wr_clk/X (sky130_fd_sc_hd__clkbuf_16)
                                                         clknet_0_wr_clk (net)
                      0.100861    0.012955    0.137986 ^ clkbuf_4_7_0_wr_clk/A (sky130_fd_sc_hd__clkbuf_8)
     2    0.019330    0.037616    0.106299    0.244285 ^ clkbuf_4_7_0_wr_clk/X (sky130_fd_sc_hd__clkbuf_8)
                                                         clknet_4_7_0_wr_clk (net)
                      0.037619    0.000385    0.244670 ^ clkbuf_5_14__f_wr_clk/A (sky130_fd_sc_hd__clkbuf_16)
     5    0.015009    0.027870    0.082925    0.327595 ^ clkbuf_5_14__f_wr_clk/X (sky130_fd_sc_hd__clkbuf_16)
                                                         clknet_5_14__leaf_wr_clk (net)
                      0.027875    0.000485    0.328080 ^ _1088_/CLK (sky130_fd_sc_hd__dfxtp_2)
     2    0.006617    0.033760    0.196842    0.524922 ^ _1088_/Q (sky130_fd_sc_hd__dfxtp_2)
                                                         u_fifomem.mem[12][2] (net)
                      0.033761    0.000534    0.525456 ^ _0842_/A0 (sky130_fd_sc_hd__mux2_2)
     1    0.004015    0.028718    0.089513    0.614969 ^ _0842_/X (sky130_fd_sc_hd__mux2_2)
                                                         _0398_ (net)
                      0.028724    0.000258    0.615227 ^ _0843_/A (sky130_fd_sc_hd__buf_1)
     1    0.002036    0.025990    0.046702    0.661929 ^ _0843_/X (sky130_fd_sc_hd__buf_1)
                                                         _0028_ (net)
                      0.025991    0.000146    0.662075 ^ _1088_/D (sky130_fd_sc_hd__dfxtp_2)
                                              0.662075   data arrival time

                                  0.000000    0.000000   clock wr_clk (rise edge)
                                  0.000000    0.000000   clock source latency
     1    0.027351    0.000000    0.000000    0.000000 ^ wr_clk (in)
                                                         wr_clk (net)
                      0.002217    0.001109    0.001109 ^ clkbuf_0_wr_clk/A (sky130_fd_sc_hd__clkbuf_16)
    16    0.111526    0.098120    0.123922    0.125030 ^ clkbuf_0_wr_clk/X (sky130_fd_sc_hd__clkbuf_16)
                                                         clknet_0_wr_clk (net)
                      0.100861    0.012955    0.137986 ^ clkbuf_4_7_0_wr_clk/A (sky130_fd_sc_hd__clkbuf_8)
     2    0.019330    0.037616    0.106299    0.244285 ^ clkbuf_4_7_0_wr_clk/X (sky130_fd_sc_hd__clkbuf_8)
                                                         clknet_4_7_0_wr_clk (net)
                      0.037619    0.000385    0.244670 ^ clkbuf_5_14__f_wr_clk/A (sky130_fd_sc_hd__clkbuf_16)
     5    0.015009    0.027870    0.082925    0.327595 ^ clkbuf_5_14__f_wr_clk/X (sky130_fd_sc_hd__clkbuf_16)
                                                         clknet_5_14__leaf_wr_clk (net)
                      0.027875    0.000485    0.328080 ^ _1088_/CLK (sky130_fd_sc_hd__dfxtp_2)
                                  0.100000    0.428080   clock uncertainty
                                  0.000000    0.428080   clock reconvergence pessimism
                                 -0.017020    0.411061   library hold time
                                              0.411061   data required time
---------------------------------------------------------------------------------------------
                                              0.411061   data required time
                                             -0.662075   data arrival time
---------------------------------------------------------------------------------------------
                                              0.251014   slack (MET)


Startpoint: _1098_ (rising edge-triggered flip-flop clocked by wr_clk)
Endpoint: _1098_ (rising edge-triggered flip-flop clocked by wr_clk)
Path Group: wr_clk
Path Type: min

Fanout         Cap        Slew       Delay        Time   Description
---------------------------------------------------------------------------------------------
                                  0.000000    0.000000   clock wr_clk (rise edge)
                                  0.000000    0.000000   clock source latency
     1    0.027351    0.000000    0.000000    0.000000 ^ wr_clk (in)
                                                         wr_clk (net)
                      0.002217    0.001109    0.001109 ^ clkbuf_0_wr_clk/A (sky130_fd_sc_hd__clkbuf_16)
    16    0.111526    0.098120    0.123922    0.125030 ^ clkbuf_0_wr_clk/X (sky130_fd_sc_hd__clkbuf_16)
                                                         clknet_0_wr_clk (net)
                      0.099237    0.008319    0.133349 ^ clkbuf_4_3_0_wr_clk/A (sky130_fd_sc_hd__clkbuf_8)
     2    0.020354    0.038927    0.106583    0.239932 ^ clkbuf_4_3_0_wr_clk/X (sky130_fd_sc_hd__clkbuf_8)
                                                         clknet_4_3_0_wr_clk (net)
                      0.039000    0.001450    0.241382 ^ clkbuf_5_6__f_wr_clk/A (sky130_fd_sc_hd__clkbuf_16)
     5    0.015268    0.028046    0.083512    0.324893 ^ clkbuf_5_6__f_wr_clk/X (sky130_fd_sc_hd__clkbuf_16)
                                                         clknet_5_6__leaf_wr_clk (net)
                      0.028051    0.000468    0.325361 ^ _1098_/CLK (sky130_fd_sc_hd__dfxtp_2)
     2    0.005334    0.029524    0.193541    0.518902 ^ _1098_/Q (sky130_fd_sc_hd__dfxtp_2)
                                                         u_fifomem.mem[13][4] (net)
                      0.029524    0.000335    0.519238 ^ _0864_/A0 (sky130_fd_sc_hd__mux2_2)
     1    0.002463    0.023624    0.082656    0.601893 ^ _0864_/X (sky130_fd_sc_hd__mux2_2)
                                                         _0410_ (net)
                      0.023624    0.000112    0.602005 ^ _0865_/A (sky130_fd_sc_hd__buf_1)
     1    0.003802    0.040365    0.056219    0.658224 ^ _0865_/X (sky130_fd_sc_hd__buf_1)
                                                         _0038_ (net)
                      0.040366    0.000247    0.658471 ^ _1098_/D (sky130_fd_sc_hd__dfxtp_2)
                                              0.658471   data arrival time

                                  0.000000    0.000000   clock wr_clk (rise edge)
                                  0.000000    0.000000   clock source latency
     1    0.027351    0.000000    0.000000    0.000000 ^ wr_clk (in)
                                                         wr_clk (net)
                      0.002217    0.001109    0.001109 ^ clkbuf_0_wr_clk/A (sky130_fd_sc_hd__clkbuf_16)
    16    0.111526    0.098120    0.123922    0.125030 ^ clkbuf_0_wr_clk/X (sky130_fd_sc_hd__clkbuf_16)
                                                         clknet_0_wr_clk (net)
                      0.099237    0.008319    0.133349 ^ clkbuf_4_3_0_wr_clk/A (sky130_fd_sc_hd__clkbuf_8)
     2    0.020354    0.038927    0.106583    0.239932 ^ clkbuf_4_3_0_wr_clk/X (sky130_fd_sc_hd__clkbuf_8)
                                                         clknet_4_3_0_wr_clk (net)
                      0.039000    0.001450    0.241382 ^ clkbuf_5_6__f_wr_clk/A (sky130_fd_sc_hd__clkbuf_16)
     5    0.015268    0.028046    0.083512    0.324893 ^ clkbuf_5_6__f_wr_clk/X (sky130_fd_sc_hd__clkbuf_16)
                                                         clknet_5_6__leaf_wr_clk (net)
                      0.028051    0.000468    0.325361 ^ _1098_/CLK (sky130_fd_sc_hd__dfxtp_2)
                                  0.100000    0.425361   clock uncertainty
                                  0.000000    0.425361   clock reconvergence pessimism
                                 -0.018033    0.407327   library hold time
                                              0.407327   data required time
---------------------------------------------------------------------------------------------
                                              0.407327   data required time
                                             -0.658471   data arrival time
---------------------------------------------------------------------------------------------
                                              0.251144   slack (MET)


Startpoint: _1141_ (rising edge-triggered flip-flop clocked by wr_clk)
Endpoint: _1141_ (rising edge-triggered flip-flop clocked by wr_clk)
Path Group: wr_clk
Path Type: min

Fanout         Cap        Slew       Delay        Time   Description
---------------------------------------------------------------------------------------------
                                  0.000000    0.000000   clock wr_clk (rise edge)
                                  0.000000    0.000000   clock source latency
     1    0.027351    0.000000    0.000000    0.000000 ^ wr_clk (in)
                                                         wr_clk (net)
                      0.002217    0.001109    0.001109 ^ clkbuf_0_wr_clk/A (sky130_fd_sc_hd__clkbuf_16)
    16    0.111526    0.098120    0.123922    0.125030 ^ clkbuf_0_wr_clk/X (sky130_fd_sc_hd__clkbuf_16)
                                                         clknet_0_wr_clk (net)
                      0.100147    0.011139    0.136169 ^ clkbuf_4_1_0_wr_clk/A (sky130_fd_sc_hd__clkbuf_8)
     2    0.018511    0.036809    0.104996    0.241165 ^ clkbuf_4_1_0_wr_clk/X (sky130_fd_sc_hd__clkbuf_8)
                                                         clknet_4_1_0_wr_clk (net)
                      0.036860    0.001178    0.242343 ^ clkbuf_5_2__f_wr_clk/A (sky130_fd_sc_hd__clkbuf_16)
     5    0.017246    0.029375    0.083978    0.326321 ^ clkbuf_5_2__f_wr_clk/X (sky130_fd_sc_hd__clkbuf_16)
                                                         clknet_5_2__leaf_wr_clk (net)
                      0.029397    0.001367    0.327688 ^ _1141_/CLK (sky130_fd_sc_hd__dfxtp_2)
     2    0.006696    0.034026    0.197528    0.525216 ^ _1141_/Q (sky130_fd_sc_hd__dfxtp_2)
                                                         u_fifomem.mem[3][7] (net)
                      0.034026    0.000378    0.525594 ^ _0956_/A0 (sky130_fd_sc_hd__mux2_2)
     1    0.001986    0.022090    0.082139    0.607733 ^ _0956_/X (sky130_fd_sc_hd__mux2_2)
                                                         _0459_ (net)
                      0.022090    0.000091    0.607824 ^ _0957_/A (sky130_fd_sc_hd__buf_2)
     1    0.002409    0.017911    0.054477    0.662301 ^ _0957_/X (sky130_fd_sc_hd__buf_2)
                                                         _0081_ (net)
                      0.017914    0.000163    0.662464 ^ _1141_/D (sky130_fd_sc_hd__dfxtp_2)
                                              0.662464   data arrival time

                                  0.000000    0.000000   clock wr_clk (rise edge)
                                  0.000000    0.000000   clock source latency
     1    0.027351    0.000000    0.000000    0.000000 ^ wr_clk (in)
                                                         wr_clk (net)
                      0.002217    0.001109    0.001109 ^ clkbuf_0_wr_clk/A (sky130_fd_sc_hd__clkbuf_16)
    16    0.111526    0.098120    0.123922    0.125030 ^ clkbuf_0_wr_clk/X (sky130_fd_sc_hd__clkbuf_16)
                                                         clknet_0_wr_clk (net)
                      0.100147    0.011139    0.136169 ^ clkbuf_4_1_0_wr_clk/A (sky130_fd_sc_hd__clkbuf_8)
     2    0.018511    0.036809    0.104996    0.241165 ^ clkbuf_4_1_0_wr_clk/X (sky130_fd_sc_hd__clkbuf_8)
                                                         clknet_4_1_0_wr_clk (net)
                      0.036860    0.001178    0.242343 ^ clkbuf_5_2__f_wr_clk/A (sky130_fd_sc_hd__clkbuf_16)
     5    0.017246    0.029375    0.083978    0.326321 ^ clkbuf_5_2__f_wr_clk/X (sky130_fd_sc_hd__clkbuf_16)
                                                         clknet_5_2__leaf_wr_clk (net)
                      0.029397    0.001367    0.327688 ^ _1141_/CLK (sky130_fd_sc_hd__dfxtp_2)
                                  0.100000    0.427688   clock uncertainty
                                  0.000000    0.427688   clock reconvergence pessimism
                                 -0.016412    0.411276   library hold time
                                              0.411276   data required time
---------------------------------------------------------------------------------------------
                                              0.411276   data required time
                                             -0.662464   data arrival time
---------------------------------------------------------------------------------------------
                                              0.251187   slack (MET)


Startpoint: _1103_ (rising edge-triggered flip-flop clocked by wr_clk)
Endpoint: _1103_ (rising edge-triggered flip-flop clocked by wr_clk)
Path Group: wr_clk
Path Type: min

Fanout         Cap        Slew       Delay        Time   Description
---------------------------------------------------------------------------------------------
                                  0.000000    0.000000   clock wr_clk (rise edge)
                                  0.000000    0.000000   clock source latency
     1    0.027351    0.000000    0.000000    0.000000 ^ wr_clk (in)
                                                         wr_clk (net)
                      0.002217    0.001109    0.001109 ^ clkbuf_0_wr_clk/A (sky130_fd_sc_hd__clkbuf_16)
    16    0.111526    0.098120    0.123922    0.125030 ^ clkbuf_0_wr_clk/X (sky130_fd_sc_hd__clkbuf_16)
                                                         clknet_0_wr_clk (net)
                      0.100425    0.011876    0.136906 ^ clkbuf_4_5_0_wr_clk/A (sky130_fd_sc_hd__clkbuf_8)
     2    0.019828    0.038352    0.106303    0.243209 ^ clkbuf_4_5_0_wr_clk/X (sky130_fd_sc_hd__clkbuf_8)
                                                         clknet_4_5_0_wr_clk (net)
                      0.038433    0.001512    0.244720 ^ clkbuf_5_11__f_wr_clk/A (sky130_fd_sc_hd__clkbuf_16)
     5    0.014632    0.027626    0.082852    0.327572 ^ clkbuf_5_11__f_wr_clk/X (sky130_fd_sc_hd__clkbuf_16)
                                                         clknet_5_11__leaf_wr_clk (net)
                      0.027626    0.000452    0.328024 ^ _1103_/CLK (sky130_fd_sc_hd__dfxtp_2)
     2    0.005672    0.030639    0.194338    0.522362 ^ _1103_/Q (sky130_fd_sc_hd__dfxtp_2)
                                                         u_fifomem.mem[14][1] (net)
                      0.030639    0.000275    0.522637 ^ _0876_/A0 (sky130_fd_sc_hd__mux2_2)
     1    0.003254    0.026153    0.085866    0.608504 ^ _0876_/X (sky130_fd_sc_hd__mux2_2)
                                                         _0417_ (net)
                      0.026154    0.000205    0.608708 ^ _0877_/A (sky130_fd_sc_hd__buf_2)
     1    0.001964    0.016590    0.054384    0.663093 ^ _0877_/X (sky130_fd_sc_hd__buf_2)
                                                         _0043_ (net)
                      0.016590    0.000142    0.663235 ^ _1103_/D (sky130_fd_sc_hd__dfxtp_2)
                                              0.663235   data arrival time

                                  0.000000    0.000000   clock wr_clk (rise edge)
                                  0.000000    0.000000   clock source latency
     1    0.027351    0.000000    0.000000    0.000000 ^ wr_clk (in)
                                                         wr_clk (net)
                      0.002217    0.001109    0.001109 ^ clkbuf_0_wr_clk/A (sky130_fd_sc_hd__clkbuf_16)
    16    0.111526    0.098120    0.123922    0.125030 ^ clkbuf_0_wr_clk/X (sky130_fd_sc_hd__clkbuf_16)
                                                         clknet_0_wr_clk (net)
                      0.100425    0.011876    0.136906 ^ clkbuf_4_5_0_wr_clk/A (sky130_fd_sc_hd__clkbuf_8)
     2    0.019828    0.038352    0.106303    0.243209 ^ clkbuf_4_5_0_wr_clk/X (sky130_fd_sc_hd__clkbuf_8)
                                                         clknet_4_5_0_wr_clk (net)
                      0.038433    0.001512    0.244720 ^ clkbuf_5_11__f_wr_clk/A (sky130_fd_sc_hd__clkbuf_16)
     5    0.014632    0.027626    0.082852    0.327572 ^ clkbuf_5_11__f_wr_clk/X (sky130_fd_sc_hd__clkbuf_16)
                                                         clknet_5_11__leaf_wr_clk (net)
                      0.027626    0.000452    0.328024 ^ _1103_/CLK (sky130_fd_sc_hd__dfxtp_2)
                                  0.100000    0.428024   clock uncertainty
                                  0.000000    0.428024   clock reconvergence pessimism
                                 -0.016360    0.411664   library hold time
                                              0.411664   data required time
---------------------------------------------------------------------------------------------
                                              0.411664   data required time
                                             -0.663235   data arrival time
---------------------------------------------------------------------------------------------
                                              0.251571   slack (MET)


Startpoint: _1064_ (rising edge-triggered flip-flop clocked by wr_clk)
Endpoint: _1064_ (rising edge-triggered flip-flop clocked by wr_clk)
Path Group: wr_clk
Path Type: min

Fanout         Cap        Slew       Delay        Time   Description
---------------------------------------------------------------------------------------------
                                  0.000000    0.000000   clock wr_clk (rise edge)
                                  0.000000    0.000000   clock source latency
     1    0.027351    0.000000    0.000000    0.000000 ^ wr_clk (in)
                                                         wr_clk (net)
                      0.002217    0.001109    0.001109 ^ clkbuf_0_wr_clk/A (sky130_fd_sc_hd__clkbuf_16)
    16    0.111526    0.098120    0.123922    0.125030 ^ clkbuf_0_wr_clk/X (sky130_fd_sc_hd__clkbuf_16)
                                                         clknet_0_wr_clk (net)
                      0.100150    0.011146    0.136176 ^ clkbuf_4_0_0_wr_clk/A (sky130_fd_sc_hd__clkbuf_8)
     2    0.018929    0.037304    0.105345    0.241522 ^ clkbuf_4_0_0_wr_clk/X (sky130_fd_sc_hd__clkbuf_8)
                                                         clknet_4_0_0_wr_clk (net)
                      0.037372    0.001370    0.242892 ^ clkbuf_5_1__f_wr_clk/A (sky130_fd_sc_hd__clkbuf_16)
     5    0.016939    0.029173    0.083909    0.326801 ^ clkbuf_5_1__f_wr_clk/X (sky130_fd_sc_hd__clkbuf_16)
                                                         clknet_5_1__leaf_wr_clk (net)
                      0.029193    0.001299    0.328100 ^ _1064_/CLK (sky130_fd_sc_hd__dfxtp_2)
     2    0.006350    0.032874    0.196569    0.524669 ^ _1064_/Q (sky130_fd_sc_hd__dfxtp_2)
                                                         u_fifomem.mem[0][2] (net)
                      0.032874    0.000361    0.525031 ^ _0790_/A0 (sky130_fd_sc_hd__mux2_2)
     1    0.004018    0.028730    0.089277    0.614308 ^ _0790_/X (sky130_fd_sc_hd__mux2_2)
                                                         _0370_ (net)
                      0.028737    0.000261    0.614569 ^ _0791_/A (sky130_fd_sc_hd__buf_1)
     1    0.002231    0.027545    0.047873    0.662442 ^ _0791_/X (sky130_fd_sc_hd__buf_1)
                                                         _0004_ (net)
                      0.027546    0.000152    0.662594 ^ _1064_/D (sky130_fd_sc_hd__dfxtp_2)
                                              0.662594   data arrival time

                                  0.000000    0.000000   clock wr_clk (rise edge)
                                  0.000000    0.000000   clock source latency
     1    0.027351    0.000000    0.000000    0.000000 ^ wr_clk (in)
                                                         wr_clk (net)
                      0.002217    0.001109    0.001109 ^ clkbuf_0_wr_clk/A (sky130_fd_sc_hd__clkbuf_16)
    16    0.111526    0.098120    0.123922    0.125030 ^ clkbuf_0_wr_clk/X (sky130_fd_sc_hd__clkbuf_16)
                                                         clknet_0_wr_clk (net)
                      0.100150    0.011146    0.136176 ^ clkbuf_4_0_0_wr_clk/A (sky130_fd_sc_hd__clkbuf_8)
     2    0.018929    0.037304    0.105345    0.241522 ^ clkbuf_4_0_0_wr_clk/X (sky130_fd_sc_hd__clkbuf_8)
                                                         clknet_4_0_0_wr_clk (net)
                      0.037372    0.001370    0.242892 ^ clkbuf_5_1__f_wr_clk/A (sky130_fd_sc_hd__clkbuf_16)
     5    0.016939    0.029173    0.083909    0.326801 ^ clkbuf_5_1__f_wr_clk/X (sky130_fd_sc_hd__clkbuf_16)
                                                         clknet_5_1__leaf_wr_clk (net)
                      0.029193    0.001299    0.328100 ^ _1064_/CLK (sky130_fd_sc_hd__dfxtp_2)
                                  0.100000    0.428100   clock uncertainty
                                  0.000000    0.428100   clock reconvergence pessimism
                                 -0.017099    0.411002   library hold time
                                              0.411002   data required time
---------------------------------------------------------------------------------------------
                                              0.411002   data required time
                                             -0.662594   data arrival time
---------------------------------------------------------------------------------------------
                                              0.251593   slack (MET)


Startpoint: _1113_ (rising edge-triggered flip-flop clocked by wr_clk)
Endpoint: _1113_ (rising edge-triggered flip-flop clocked by wr_clk)
Path Group: wr_clk
Path Type: min

Fanout         Cap        Slew       Delay        Time   Description
---------------------------------------------------------------------------------------------
                                  0.000000    0.000000   clock wr_clk (rise edge)
                                  0.000000    0.000000   clock source latency
     1    0.027351    0.000000    0.000000    0.000000 ^ wr_clk (in)
                                                         wr_clk (net)
                      0.002217    0.001109    0.001109 ^ clkbuf_0_wr_clk/A (sky130_fd_sc_hd__clkbuf_16)
    16    0.111526    0.098120    0.123922    0.125030 ^ clkbuf_0_wr_clk/X (sky130_fd_sc_hd__clkbuf_16)
                                                         clknet_0_wr_clk (net)
                      0.100852    0.012934    0.137964 ^ clkbuf_4_6_0_wr_clk/A (sky130_fd_sc_hd__clkbuf_8)
     2    0.018956    0.037221    0.105721    0.243685 ^ clkbuf_4_6_0_wr_clk/X (sky130_fd_sc_hd__clkbuf_8)
                                                         clknet_4_6_0_wr_clk (net)
                      0.037262    0.001078    0.244763 ^ clkbuf_5_13__f_wr_clk/A (sky130_fd_sc_hd__clkbuf_16)
     5    0.016457    0.028853    0.083636    0.328399 ^ clkbuf_5_13__f_wr_clk/X (sky130_fd_sc_hd__clkbuf_16)
                                                         clknet_5_13__leaf_wr_clk (net)
                      0.028862    0.000801    0.329200 ^ _1113_/CLK (sky130_fd_sc_hd__dfxtp_2)
     2    0.004804    0.027805    0.192378    0.521578 ^ _1113_/Q (sky130_fd_sc_hd__dfxtp_2)
                                                         u_fifomem.mem[15][3] (net)
                      0.027805    0.000315    0.521893 ^ _0897_/A1 (sky130_fd_sc_hd__mux2_2)
     1    0.003601    0.026982    0.086127    0.608020 ^ _0897_/X (sky130_fd_sc_hd__mux2_2)
                                                         _0428_ (net)
                      0.026984    0.000243    0.608263 ^ _0898_/A (sky130_fd_sc_hd__buf_1)
     1    0.003464    0.037547    0.054905    0.663168 ^ _0898_/X (sky130_fd_sc_hd__buf_1)
                                                         _0053_ (net)
                      0.037548    0.000222    0.663390 ^ _1113_/D (sky130_fd_sc_hd__dfxtp_2)
                                              0.663390   data arrival time

                                  0.000000    0.000000   clock wr_clk (rise edge)
                                  0.000000    0.000000   clock source latency
     1    0.027351    0.000000    0.000000    0.000000 ^ wr_clk (in)
                                                         wr_clk (net)
                      0.002217    0.001109    0.001109 ^ clkbuf_0_wr_clk/A (sky130_fd_sc_hd__clkbuf_16)
    16    0.111526    0.098120    0.123922    0.125030 ^ clkbuf_0_wr_clk/X (sky130_fd_sc_hd__clkbuf_16)
                                                         clknet_0_wr_clk (net)
                      0.100852    0.012934    0.137964 ^ clkbuf_4_6_0_wr_clk/A (sky130_fd_sc_hd__clkbuf_8)
     2    0.018956    0.037221    0.105721    0.243685 ^ clkbuf_4_6_0_wr_clk/X (sky130_fd_sc_hd__clkbuf_8)
                                                         clknet_4_6_0_wr_clk (net)
                      0.037262    0.001078    0.244763 ^ clkbuf_5_13__f_wr_clk/A (sky130_fd_sc_hd__clkbuf_16)
     5    0.016457    0.028853    0.083636    0.328399 ^ clkbuf_5_13__f_wr_clk/X (sky130_fd_sc_hd__clkbuf_16)
                                                         clknet_5_13__leaf_wr_clk (net)
                      0.028862    0.000801    0.329200 ^ _1113_/CLK (sky130_fd_sc_hd__dfxtp_2)
                                  0.100000    0.429200   clock uncertainty
                                  0.000000    0.429200   clock reconvergence pessimism
                                 -0.017815    0.411386   library hold time
                                              0.411386   data required time
---------------------------------------------------------------------------------------------
                                              0.411386   data required time
                                             -0.663390   data arrival time
---------------------------------------------------------------------------------------------
                                              0.252004   slack (MET)


Startpoint: _1173_ (rising edge-triggered flip-flop clocked by wr_clk)
Endpoint: _1173_ (rising edge-triggered flip-flop clocked by wr_clk)
Path Group: wr_clk
Path Type: min

Fanout         Cap        Slew       Delay        Time   Description
---------------------------------------------------------------------------------------------
                                  0.000000    0.000000   clock wr_clk (rise edge)
                                  0.000000    0.000000   clock source latency
     1    0.027351    0.000000    0.000000    0.000000 ^ wr_clk (in)
                                                         wr_clk (net)
                      0.002217    0.001109    0.001109 ^ clkbuf_0_wr_clk/A (sky130_fd_sc_hd__clkbuf_16)
    16    0.111526    0.098120    0.123922    0.125030 ^ clkbuf_0_wr_clk/X (sky130_fd_sc_hd__clkbuf_16)
                                                         clknet_0_wr_clk (net)
                      0.098770    0.006422    0.131452 ^ clkbuf_4_9_0_wr_clk/A (sky130_fd_sc_hd__clkbuf_8)
     2    0.019640    0.038116    0.105604    0.237057 ^ clkbuf_4_9_0_wr_clk/X (sky130_fd_sc_hd__clkbuf_8)
                                                         clknet_4_9_0_wr_clk (net)
                      0.038187    0.001428    0.238485 ^ clkbuf_5_18__f_wr_clk/A (sky130_fd_sc_hd__clkbuf_16)
     5    0.015899    0.028461    0.083643    0.322128 ^ clkbuf_5_18__f_wr_clk/X (sky130_fd_sc_hd__clkbuf_16)
                                                         clknet_5_18__leaf_wr_clk (net)
                      0.028469    0.000782    0.322910 ^ _1173_/CLK (sky130_fd_sc_hd__dfxtp_2)
     2    0.004915    0.028170    0.192576    0.515486 ^ _1173_/Q (sky130_fd_sc_hd__dfxtp_2)
                                                         u_fifomem.mem[7][7] (net)
                      0.028170    0.000281    0.515767 ^ _1025_/A1 (sky130_fd_sc_hd__mux2_2)
     1    0.005273    0.032739    0.091898    0.607665 ^ _1025_/X (sky130_fd_sc_hd__mux2_2)
                                                         _0496_ (net)
                      0.032755    0.000386    0.608051 ^ _1026_/A (sky130_fd_sc_hd__buf_1)
     1    0.002375    0.028767    0.049562    0.657613 ^ _1026_/X (sky130_fd_sc_hd__buf_1)
                                                         _0113_ (net)
                      0.028767    0.000099    0.657712 ^ _1173_/D (sky130_fd_sc_hd__dfxtp_2)
                                              0.657712   data arrival time

                                  0.000000    0.000000   clock wr_clk (rise edge)
                                  0.000000    0.000000   clock source latency
     1    0.027351    0.000000    0.000000    0.000000 ^ wr_clk (in)
                                                         wr_clk (net)
                      0.002217    0.001109    0.001109 ^ clkbuf_0_wr_clk/A (sky130_fd_sc_hd__clkbuf_16)
    16    0.111526    0.098120    0.123922    0.125030 ^ clkbuf_0_wr_clk/X (sky130_fd_sc_hd__clkbuf_16)
                                                         clknet_0_wr_clk (net)
                      0.098770    0.006422    0.131452 ^ clkbuf_4_9_0_wr_clk/A (sky130_fd_sc_hd__clkbuf_8)
     2    0.019640    0.038116    0.105604    0.237057 ^ clkbuf_4_9_0_wr_clk/X (sky130_fd_sc_hd__clkbuf_8)
                                                         clknet_4_9_0_wr_clk (net)
                      0.038187    0.001428    0.238485 ^ clkbuf_5_18__f_wr_clk/A (sky130_fd_sc_hd__clkbuf_16)
     5    0.015899    0.028461    0.083643    0.322128 ^ clkbuf_5_18__f_wr_clk/X (sky130_fd_sc_hd__clkbuf_16)
                                                         clknet_5_18__leaf_wr_clk (net)
                      0.028469    0.000782    0.322910 ^ _1173_/CLK (sky130_fd_sc_hd__dfxtp_2)
                                  0.100000    0.422910   clock uncertainty
                                  0.000000    0.422910   clock reconvergence pessimism
                                 -0.017202    0.405708   library hold time
                                              0.405708   data required time
---------------------------------------------------------------------------------------------
                                              0.405708   data required time
                                             -0.657712   data arrival time
---------------------------------------------------------------------------------------------
                                              0.252004   slack (MET)


Startpoint: _1187_ (rising edge-triggered flip-flop clocked by wr_clk)
Endpoint: _1187_ (rising edge-triggered flip-flop clocked by wr_clk)
Path Group: wr_clk
Path Type: min

Fanout         Cap        Slew       Delay        Time   Description
---------------------------------------------------------------------------------------------
                                  0.000000    0.000000   clock wr_clk (rise edge)
                                  0.000000    0.000000   clock source latency
     1    0.027351    0.000000    0.000000    0.000000 ^ wr_clk (in)
                                                         wr_clk (net)
                      0.002217    0.001109    0.001109 ^ clkbuf_0_wr_clk/A (sky130_fd_sc_hd__clkbuf_16)
    16    0.111526    0.098120    0.123922    0.125030 ^ clkbuf_0_wr_clk/X (sky130_fd_sc_hd__clkbuf_16)
                                                         clknet_0_wr_clk (net)
                      0.099237    0.008319    0.133349 ^ clkbuf_4_3_0_wr_clk/A (sky130_fd_sc_hd__clkbuf_8)
     2    0.020354    0.038927    0.106583    0.239932 ^ clkbuf_4_3_0_wr_clk/X (sky130_fd_sc_hd__clkbuf_8)
                                                         clknet_4_3_0_wr_clk (net)
                      0.038983    0.001299    0.241231 ^ clkbuf_5_7__f_wr_clk/A (sky130_fd_sc_hd__clkbuf_16)
     5    0.017359    0.029453    0.084764    0.325994 ^ clkbuf_5_7__f_wr_clk/X (sky130_fd_sc_hd__clkbuf_16)
                                                         clknet_5_7__leaf_wr_clk (net)
                      0.029459    0.000579    0.326573 ^ _1187_/CLK (sky130_fd_sc_hd__dfxtp_2)
     2    0.006446    0.033188    0.196864    0.523438 ^ _1187_/Q (sky130_fd_sc_hd__dfxtp_2)
                                                         u_fifomem.mem[9][5] (net)
                      0.033190    0.000527    0.523965 ^ _1056_/A0 (sky130_fd_sc_hd__mux2_2)
     1    0.004318    0.029813    0.090467    0.614431 ^ _1056_/X (sky130_fd_sc_hd__mux2_2)
                                                         _0513_ (net)
                      0.029814    0.000286    0.614717 ^ _1057_/A (sky130_fd_sc_hd__buf_1)
     1    0.002031    0.025963    0.046886    0.661604 ^ _1057_/X (sky130_fd_sc_hd__buf_1)
                                                         _0127_ (net)
                      0.025964    0.000145    0.661749 ^ _1187_/D (sky130_fd_sc_hd__dfxtp_2)
                                              0.661749   data arrival time

                                  0.000000    0.000000   clock wr_clk (rise edge)
                                  0.000000    0.000000   clock source latency
     1    0.027351    0.000000    0.000000    0.000000 ^ wr_clk (in)
                                                         wr_clk (net)
                      0.002217    0.001109    0.001109 ^ clkbuf_0_wr_clk/A (sky130_fd_sc_hd__clkbuf_16)
    16    0.111526    0.098120    0.123922    0.125030 ^ clkbuf_0_wr_clk/X (sky130_fd_sc_hd__clkbuf_16)
                                                         clknet_0_wr_clk (net)
                      0.099237    0.008319    0.133349 ^ clkbuf_4_3_0_wr_clk/A (sky130_fd_sc_hd__clkbuf_8)
     2    0.020354    0.038927    0.106583    0.239932 ^ clkbuf_4_3_0_wr_clk/X (sky130_fd_sc_hd__clkbuf_8)
                                                         clknet_4_3_0_wr_clk (net)
                      0.038983    0.001299    0.241231 ^ clkbuf_5_7__f_wr_clk/A (sky130_fd_sc_hd__clkbuf_16)
     5    0.017359    0.029453    0.084764    0.325994 ^ clkbuf_5_7__f_wr_clk/X (sky130_fd_sc_hd__clkbuf_16)
                                                         clknet_5_7__leaf_wr_clk (net)
                      0.029459    0.000579    0.326573 ^ _1187_/CLK (sky130_fd_sc_hd__dfxtp_2)
                                  0.100000    0.426573   clock uncertainty
                                  0.000000    0.426573   clock reconvergence pessimism
                                 -0.016980    0.409593   library hold time
                                              0.409593   data required time
---------------------------------------------------------------------------------------------
                                              0.409593   data required time
                                             -0.661749   data arrival time
---------------------------------------------------------------------------------------------
                                              0.252156   slack (MET)


Startpoint: _1140_ (rising edge-triggered flip-flop clocked by wr_clk)
Endpoint: _1140_ (rising edge-triggered flip-flop clocked by wr_clk)
Path Group: wr_clk
Path Type: min

Fanout         Cap        Slew       Delay        Time   Description
---------------------------------------------------------------------------------------------
                                  0.000000    0.000000   clock wr_clk (rise edge)
                                  0.000000    0.000000   clock source latency
     1    0.027351    0.000000    0.000000    0.000000 ^ wr_clk (in)
                                                         wr_clk (net)
                      0.002217    0.001109    0.001109 ^ clkbuf_0_wr_clk/A (sky130_fd_sc_hd__clkbuf_16)
    16    0.111526    0.098120    0.123922    0.125030 ^ clkbuf_0_wr_clk/X (sky130_fd_sc_hd__clkbuf_16)
                                                         clknet_0_wr_clk (net)
                      0.098770    0.006422    0.131452 ^ clkbuf_4_9_0_wr_clk/A (sky130_fd_sc_hd__clkbuf_8)
     2    0.019640    0.038116    0.105604    0.237057 ^ clkbuf_4_9_0_wr_clk/X (sky130_fd_sc_hd__clkbuf_8)
                                                         clknet_4_9_0_wr_clk (net)
                      0.038227    0.001748    0.238805 ^ clkbuf_5_19__f_wr_clk/A (sky130_fd_sc_hd__clkbuf_16)
     5    0.015523    0.028245    0.083225    0.322030 ^ clkbuf_5_19__f_wr_clk/X (sky130_fd_sc_hd__clkbuf_16)
                                                         clknet_5_19__leaf_wr_clk (net)
                      0.028255    0.000900    0.322930 ^ _1140_/CLK (sky130_fd_sc_hd__dfxtp_2)
     2    0.005425    0.029822    0.193843    0.516774 ^ _1140_/Q (sky130_fd_sc_hd__dfxtp_2)
                                                         u_fifomem.mem[3][6] (net)
                      0.029822    0.000336    0.517109 ^ _0954_/A0 (sky130_fd_sc_hd__mux2_2)
     1    0.002656    0.024240    0.083436    0.600545 ^ _0954_/X (sky130_fd_sc_hd__mux2_2)
                                                         _0458_ (net)
                      0.024240    0.000178    0.600723 ^ _0955_/A (sky130_fd_sc_hd__buf_2)
     1    0.003271    0.020490    0.057624    0.658347 ^ _0955_/X (sky130_fd_sc_hd__buf_2)
                                                         _0080_ (net)
                      0.020493    0.000211    0.658558 ^ _1140_/D (sky130_fd_sc_hd__dfxtp_2)
                                              0.658558   data arrival time

                                  0.000000    0.000000   clock wr_clk (rise edge)
                                  0.000000    0.000000   clock source latency
     1    0.027351    0.000000    0.000000    0.000000 ^ wr_clk (in)
                                                         wr_clk (net)
                      0.002217    0.001109    0.001109 ^ clkbuf_0_wr_clk/A (sky130_fd_sc_hd__clkbuf_16)
    16    0.111526    0.098120    0.123922    0.125030 ^ clkbuf_0_wr_clk/X (sky130_fd_sc_hd__clkbuf_16)
                                                         clknet_0_wr_clk (net)
                      0.098770    0.006422    0.131452 ^ clkbuf_4_9_0_wr_clk/A (sky130_fd_sc_hd__clkbuf_8)
     2    0.019640    0.038116    0.105604    0.237057 ^ clkbuf_4_9_0_wr_clk/X (sky130_fd_sc_hd__clkbuf_8)
                                                         clknet_4_9_0_wr_clk (net)
                      0.038227    0.001748    0.238805 ^ clkbuf_5_19__f_wr_clk/A (sky130_fd_sc_hd__clkbuf_16)
     5    0.015523    0.028245    0.083225    0.322030 ^ clkbuf_5_19__f_wr_clk/X (sky130_fd_sc_hd__clkbuf_16)
                                                         clknet_5_19__leaf_wr_clk (net)
                      0.028255    0.000900    0.322930 ^ _1140_/CLK (sky130_fd_sc_hd__dfxtp_2)
                                  0.100000    0.422930   clock uncertainty
                                  0.000000    0.422930   clock reconvergence pessimism
                                 -0.016622    0.406309   library hold time
                                              0.406309   data required time
---------------------------------------------------------------------------------------------
                                              0.406309   data required time
                                             -0.658558   data arrival time
---------------------------------------------------------------------------------------------
                                              0.252250   slack (MET)


Startpoint: _1109_ (rising edge-triggered flip-flop clocked by wr_clk)
Endpoint: _1109_ (rising edge-triggered flip-flop clocked by wr_clk)
Path Group: wr_clk
Path Type: min

Fanout         Cap        Slew       Delay        Time   Description
---------------------------------------------------------------------------------------------
                                  0.000000    0.000000   clock wr_clk (rise edge)
                                  0.000000    0.000000   clock source latency
     1    0.027351    0.000000    0.000000    0.000000 ^ wr_clk (in)
                                                         wr_clk (net)
                      0.002217    0.001109    0.001109 ^ clkbuf_0_wr_clk/A (sky130_fd_sc_hd__clkbuf_16)
    16    0.111526    0.098120    0.123922    0.125030 ^ clkbuf_0_wr_clk/X (sky130_fd_sc_hd__clkbuf_16)
                                                         clknet_0_wr_clk (net)
                      0.099794    0.010130    0.135160 ^ clkbuf_4_2_0_wr_clk/A (sky130_fd_sc_hd__clkbuf_8)
     2    0.019567    0.037881    0.106206    0.241366 ^ clkbuf_4_2_0_wr_clk/X (sky130_fd_sc_hd__clkbuf_8)
                                                         clknet_4_2_0_wr_clk (net)
                      0.037896    0.000701    0.242067 ^ clkbuf_5_5__f_wr_clk/A (sky130_fd_sc_hd__clkbuf_16)
     5    0.017642    0.029602    0.084672    0.326739 ^ clkbuf_5_5__f_wr_clk/X (sky130_fd_sc_hd__clkbuf_16)
                                                         clknet_5_5__leaf_wr_clk (net)
                      0.029614    0.000916    0.327656 ^ _1109_/CLK (sky130_fd_sc_hd__dfxtp_2)
     2    0.005947    0.031540    0.195639    0.523295 ^ _1109_/Q (sky130_fd_sc_hd__dfxtp_2)
                                                         u_fifomem.mem[14][7] (net)
                      0.031540    0.000358    0.523653 ^ _0888_/A0 (sky130_fd_sc_hd__mux2_2)
     1    0.002923    0.025087    0.084896    0.608550 ^ _0888_/X (sky130_fd_sc_hd__mux2_2)
                                                         _0423_ (net)
                      0.025094    0.000186    0.608736 ^ _0889_/A (sky130_fd_sc_hd__buf_2)
     1    0.002188    0.017257    0.054721    0.663457 ^ _0889_/X (sky130_fd_sc_hd__buf_2)
                                                         _0049_ (net)
                      0.017257    0.000150    0.663607 ^ _1109_/D (sky130_fd_sc_hd__dfxtp_2)
                                              0.663607   data arrival time

                                  0.000000    0.000000   clock wr_clk (rise edge)
                                  0.000000    0.000000   clock source latency
     1    0.027351    0.000000    0.000000    0.000000 ^ wr_clk (in)
                                                         wr_clk (net)
                      0.002217    0.001109    0.001109 ^ clkbuf_0_wr_clk/A (sky130_fd_sc_hd__clkbuf_16)
    16    0.111526    0.098120    0.123922    0.125030 ^ clkbuf_0_wr_clk/X (sky130_fd_sc_hd__clkbuf_16)
                                                         clknet_0_wr_clk (net)
                      0.099794    0.010130    0.135160 ^ clkbuf_4_2_0_wr_clk/A (sky130_fd_sc_hd__clkbuf_8)
     2    0.019567    0.037881    0.106206    0.241366 ^ clkbuf_4_2_0_wr_clk/X (sky130_fd_sc_hd__clkbuf_8)
                                                         clknet_4_2_0_wr_clk (net)
                      0.037896    0.000701    0.242067 ^ clkbuf_5_5__f_wr_clk/A (sky130_fd_sc_hd__clkbuf_16)
     5    0.017642    0.029602    0.084672    0.326739 ^ clkbuf_5_5__f_wr_clk/X (sky130_fd_sc_hd__clkbuf_16)
                                                         clknet_5_5__leaf_wr_clk (net)
                      0.029614    0.000916    0.327656 ^ _1109_/CLK (sky130_fd_sc_hd__dfxtp_2)
                                  0.100000    0.427656   clock uncertainty
                                  0.000000    0.427656   clock reconvergence pessimism
                                 -0.016360    0.411295   library hold time
                                              0.411295   data required time
---------------------------------------------------------------------------------------------
                                              0.411295   data required time
                                             -0.663607   data arrival time
---------------------------------------------------------------------------------------------
                                              0.252312   slack (MET)


Startpoint: _1175_ (rising edge-triggered flip-flop clocked by wr_clk)
Endpoint: _1175_ (rising edge-triggered flip-flop clocked by wr_clk)
Path Group: wr_clk
Path Type: min

Fanout         Cap        Slew       Delay        Time   Description
---------------------------------------------------------------------------------------------
                                  0.000000    0.000000   clock wr_clk (rise edge)
                                  0.000000    0.000000   clock source latency
     1    0.027351    0.000000    0.000000    0.000000 ^ wr_clk (in)
                                                         wr_clk (net)
                      0.002217    0.001109    0.001109 ^ clkbuf_0_wr_clk/A (sky130_fd_sc_hd__clkbuf_16)
    16    0.111526    0.098120    0.123922    0.125030 ^ clkbuf_0_wr_clk/X (sky130_fd_sc_hd__clkbuf_16)
                                                         clknet_0_wr_clk (net)
                      0.100852    0.012934    0.137964 ^ clkbuf_4_6_0_wr_clk/A (sky130_fd_sc_hd__clkbuf_8)
     2    0.018956    0.037221    0.105721    0.243685 ^ clkbuf_4_6_0_wr_clk/X (sky130_fd_sc_hd__clkbuf_8)
                                                         clknet_4_6_0_wr_clk (net)
                      0.037262    0.001078    0.244763 ^ clkbuf_5_13__f_wr_clk/A (sky130_fd_sc_hd__clkbuf_16)
     5    0.016457    0.028853    0.083636    0.328399 ^ clkbuf_5_13__f_wr_clk/X (sky130_fd_sc_hd__clkbuf_16)
                                                         clknet_5_13__leaf_wr_clk (net)
                      0.028864    0.000936    0.329335 ^ _1175_/CLK (sky130_fd_sc_hd__dfxtp_2)
     2    0.004743    0.027626    0.192260    0.521595 ^ _1175_/Q (sky130_fd_sc_hd__dfxtp_2)
                                                         u_fifomem.mem[8][1] (net)
                      0.027626    0.000227    0.521821 ^ _1031_/A0 (sky130_fd_sc_hd__mux2_2)
     1    0.003339    0.026430    0.085333    0.607155 ^ _1031_/X (sky130_fd_sc_hd__mux2_2)
                                                         _0500_ (net)
                      0.026430    0.000227    0.607382 ^ _1032_/A (sky130_fd_sc_hd__buf_1)
     1    0.003704    0.039518    0.056171    0.663553 ^ _1032_/X (sky130_fd_sc_hd__buf_1)
                                                         _0115_ (net)
                      0.039519    0.000286    0.663840 ^ _1175_/D (sky130_fd_sc_hd__dfxtp_2)
                                              0.663840   data arrival time

                                  0.000000    0.000000   clock wr_clk (rise edge)
                                  0.000000    0.000000   clock source latency
     1    0.027351    0.000000    0.000000    0.000000 ^ wr_clk (in)
                                                         wr_clk (net)
                      0.002217    0.001109    0.001109 ^ clkbuf_0_wr_clk/A (sky130_fd_sc_hd__clkbuf_16)
    16    0.111526    0.098120    0.123922    0.125030 ^ clkbuf_0_wr_clk/X (sky130_fd_sc_hd__clkbuf_16)
                                                         clknet_0_wr_clk (net)
                      0.100852    0.012934    0.137964 ^ clkbuf_4_6_0_wr_clk/A (sky130_fd_sc_hd__clkbuf_8)
     2    0.018956    0.037221    0.105721    0.243685 ^ clkbuf_4_6_0_wr_clk/X (sky130_fd_sc_hd__clkbuf_8)
                                                         clknet_4_6_0_wr_clk (net)
                      0.037262    0.001078    0.244763 ^ clkbuf_5_13__f_wr_clk/A (sky130_fd_sc_hd__clkbuf_16)
     5    0.016457    0.028853    0.083636    0.328399 ^ clkbuf_5_13__f_wr_clk/X (sky130_fd_sc_hd__clkbuf_16)
                                                         clknet_5_13__leaf_wr_clk (net)
                      0.028864    0.000936    0.329335 ^ _1175_/CLK (sky130_fd_sc_hd__dfxtp_2)
                                  0.100000    0.429335   clock uncertainty
                                  0.000000    0.429335   clock reconvergence pessimism
                                 -0.017954    0.411381   library hold time
                                              0.411381   data required time
---------------------------------------------------------------------------------------------
                                              0.411381   data required time
                                             -0.663840   data arrival time
---------------------------------------------------------------------------------------------
                                              0.252459   slack (MET)


Startpoint: _1150_ (rising edge-triggered flip-flop clocked by wr_clk)
Endpoint: _1150_ (rising edge-triggered flip-flop clocked by wr_clk)
Path Group: wr_clk
Path Type: min

Fanout         Cap        Slew       Delay        Time   Description
---------------------------------------------------------------------------------------------
                                  0.000000    0.000000   clock wr_clk (rise edge)
                                  0.000000    0.000000   clock source latency
     1    0.027351    0.000000    0.000000    0.000000 ^ wr_clk (in)
                                                         wr_clk (net)
                      0.002217    0.001109    0.001109 ^ clkbuf_0_wr_clk/A (sky130_fd_sc_hd__clkbuf_16)
    16    0.111526    0.098120    0.123922    0.125030 ^ clkbuf_0_wr_clk/X (sky130_fd_sc_hd__clkbuf_16)
                                                         clknet_0_wr_clk (net)
                      0.099794    0.010130    0.135160 ^ clkbuf_4_2_0_wr_clk/A (sky130_fd_sc_hd__clkbuf_8)
     2    0.019567    0.037881    0.106206    0.241366 ^ clkbuf_4_2_0_wr_clk/X (sky130_fd_sc_hd__clkbuf_8)
                                                         clknet_4_2_0_wr_clk (net)
                      0.037896    0.000701    0.242067 ^ clkbuf_5_5__f_wr_clk/A (sky130_fd_sc_hd__clkbuf_16)
     5    0.017642    0.029602    0.084672    0.326739 ^ clkbuf_5_5__f_wr_clk/X (sky130_fd_sc_hd__clkbuf_16)
                                                         clknet_5_5__leaf_wr_clk (net)
                      0.029613    0.000842    0.327581 ^ _1150_/CLK (sky130_fd_sc_hd__dfxtp_2)
     2    0.006182    0.032316    0.196257    0.523838 ^ _1150_/Q (sky130_fd_sc_hd__dfxtp_2)
                                                         u_fifomem.mem[5][0] (net)
                      0.032316    0.000360    0.524198 ^ _0977_/A0 (sky130_fd_sc_hd__mux2_2)
     1    0.004577    0.030757    0.091142    0.615340 ^ _0977_/X (sky130_fd_sc_hd__mux2_2)
                                                         _0471_ (net)
                      0.030759    0.000355    0.615695 ^ _0978_/A (sky130_fd_sc_hd__buf_1)
     1    0.002066    0.026253    0.047284    0.662979 ^ _0978_/X (sky130_fd_sc_hd__buf_1)
                                                         _0090_ (net)
                      0.026255    0.000147    0.663125 ^ _1150_/D (sky130_fd_sc_hd__dfxtp_2)
                                              0.663125   data arrival time

                                  0.000000    0.000000   clock wr_clk (rise edge)
                                  0.000000    0.000000   clock source latency
     1    0.027351    0.000000    0.000000    0.000000 ^ wr_clk (in)
                                                         wr_clk (net)
                      0.002217    0.001109    0.001109 ^ clkbuf_0_wr_clk/A (sky130_fd_sc_hd__clkbuf_16)
    16    0.111526    0.098120    0.123922    0.125030 ^ clkbuf_0_wr_clk/X (sky130_fd_sc_hd__clkbuf_16)
                                                         clknet_0_wr_clk (net)
                      0.099794    0.010130    0.135160 ^ clkbuf_4_2_0_wr_clk/A (sky130_fd_sc_hd__clkbuf_8)
     2    0.019567    0.037881    0.106206    0.241366 ^ clkbuf_4_2_0_wr_clk/X (sky130_fd_sc_hd__clkbuf_8)
                                                         clknet_4_2_0_wr_clk (net)
                      0.037896    0.000701    0.242067 ^ clkbuf_5_5__f_wr_clk/A (sky130_fd_sc_hd__clkbuf_16)
     5    0.017642    0.029602    0.084672    0.326739 ^ clkbuf_5_5__f_wr_clk/X (sky130_fd_sc_hd__clkbuf_16)
                                                         clknet_5_5__leaf_wr_clk (net)
                      0.029613    0.000842    0.327581 ^ _1150_/CLK (sky130_fd_sc_hd__dfxtp_2)
                                  0.100000    0.427581   clock uncertainty
                                  0.000000    0.427581   clock reconvergence pessimism
                                 -0.016997    0.410584   library hold time
                                              0.410584   data required time
---------------------------------------------------------------------------------------------
                                              0.410584   data required time
                                             -0.663125   data arrival time
---------------------------------------------------------------------------------------------
                                              0.252541   slack (MET)


Startpoint: _1086_ (rising edge-triggered flip-flop clocked by wr_clk)
Endpoint: _1086_ (rising edge-triggered flip-flop clocked by wr_clk)
Path Group: wr_clk
Path Type: min

Fanout         Cap        Slew       Delay        Time   Description
---------------------------------------------------------------------------------------------
                                  0.000000    0.000000   clock wr_clk (rise edge)
                                  0.000000    0.000000   clock source latency
     1    0.027351    0.000000    0.000000    0.000000 ^ wr_clk (in)
                                                         wr_clk (net)
                      0.002217    0.001109    0.001109 ^ clkbuf_0_wr_clk/A (sky130_fd_sc_hd__clkbuf_16)
    16    0.111526    0.098120    0.123922    0.125030 ^ clkbuf_0_wr_clk/X (sky130_fd_sc_hd__clkbuf_16)
                                                         clknet_0_wr_clk (net)
                      0.100425    0.011876    0.136906 ^ clkbuf_4_5_0_wr_clk/A (sky130_fd_sc_hd__clkbuf_8)
     2    0.019828    0.038352    0.106303    0.243209 ^ clkbuf_4_5_0_wr_clk/X (sky130_fd_sc_hd__clkbuf_8)
                                                         clknet_4_5_0_wr_clk (net)
                      0.038433    0.001512    0.244720 ^ clkbuf_5_11__f_wr_clk/A (sky130_fd_sc_hd__clkbuf_16)
     5    0.014632    0.027626    0.082852    0.327572 ^ clkbuf_5_11__f_wr_clk/X (sky130_fd_sc_hd__clkbuf_16)
                                                         clknet_5_11__leaf_wr_clk (net)
                      0.027632    0.000637    0.328209 ^ _1086_/CLK (sky130_fd_sc_hd__dfxtp_2)
     2    0.005003    0.028420    0.192479    0.520688 ^ _1086_/Q (sky130_fd_sc_hd__dfxtp_2)
                                                         u_fifomem.mem[12][0] (net)
                      0.028425    0.000376    0.521065 ^ _0838_/A0 (sky130_fd_sc_hd__mux2_2)
     1    0.003255    0.026159    0.085248    0.606312 ^ _0838_/X (sky130_fd_sc_hd__mux2_2)
                                                         _0396_ (net)
                      0.026159    0.000216    0.606528 ^ _0839_/A (sky130_fd_sc_hd__buf_1)
     1    0.003685    0.039404    0.056043    0.662571 ^ _0839_/X (sky130_fd_sc_hd__buf_1)
                                                         _0026_ (net)
                      0.039404    0.000231    0.662802 ^ _1086_/D (sky130_fd_sc_hd__dfxtp_2)
                                              0.662802   data arrival time

                                  0.000000    0.000000   clock wr_clk (rise edge)
                                  0.000000    0.000000   clock source latency
     1    0.027351    0.000000    0.000000    0.000000 ^ wr_clk (in)
                                                         wr_clk (net)
                      0.002217    0.001109    0.001109 ^ clkbuf_0_wr_clk/A (sky130_fd_sc_hd__clkbuf_16)
    16    0.111526    0.098120    0.123922    0.125030 ^ clkbuf_0_wr_clk/X (sky130_fd_sc_hd__clkbuf_16)
                                                         clknet_0_wr_clk (net)
                      0.100425    0.011876    0.136906 ^ clkbuf_4_5_0_wr_clk/A (sky130_fd_sc_hd__clkbuf_8)
     2    0.019828    0.038352    0.106303    0.243209 ^ clkbuf_4_5_0_wr_clk/X (sky130_fd_sc_hd__clkbuf_8)
                                                         clknet_4_5_0_wr_clk (net)
                      0.038433    0.001512    0.244720 ^ clkbuf_5_11__f_wr_clk/A (sky130_fd_sc_hd__clkbuf_16)
     5    0.014632    0.027626    0.082852    0.327572 ^ clkbuf_5_11__f_wr_clk/X (sky130_fd_sc_hd__clkbuf_16)
                                                         clknet_5_11__leaf_wr_clk (net)
                      0.027632    0.000637    0.328209 ^ _1086_/CLK (sky130_fd_sc_hd__dfxtp_2)
                                  0.100000    0.428209   clock uncertainty
                                  0.000000    0.428209   clock reconvergence pessimism
                                 -0.017975    0.410234   library hold time
                                              0.410234   data required time
---------------------------------------------------------------------------------------------
                                              0.410234   data required time
                                             -0.662802   data arrival time
---------------------------------------------------------------------------------------------
                                              0.252568   slack (MET)


Startpoint: _1161_ (rising edge-triggered flip-flop clocked by wr_clk)
Endpoint: _1161_ (rising edge-triggered flip-flop clocked by wr_clk)
Path Group: wr_clk
Path Type: min

Fanout         Cap        Slew       Delay        Time   Description
---------------------------------------------------------------------------------------------
                                  0.000000    0.000000   clock wr_clk (rise edge)
                                  0.000000    0.000000   clock source latency
     1    0.027351    0.000000    0.000000    0.000000 ^ wr_clk (in)
                                                         wr_clk (net)
                      0.002217    0.001109    0.001109 ^ clkbuf_0_wr_clk/A (sky130_fd_sc_hd__clkbuf_16)
    16    0.111526    0.098120    0.123922    0.125030 ^ clkbuf_0_wr_clk/X (sky130_fd_sc_hd__clkbuf_16)
                                                         clknet_0_wr_clk (net)
                      0.098638    0.005770    0.130801 ^ clkbuf_4_11_0_wr_clk/A (sky130_fd_sc_hd__clkbuf_8)
     2    0.017957    0.036150    0.104035    0.234836 ^ clkbuf_4_11_0_wr_clk/X (sky130_fd_sc_hd__clkbuf_8)
                                                         clknet_4_11_0_wr_clk (net)
                      0.036190    0.001054    0.235890 ^ clkbuf_5_23__f_wr_clk/A (sky130_fd_sc_hd__clkbuf_16)
     5    0.015030    0.027881    0.082475    0.318366 ^ clkbuf_5_23__f_wr_clk/X (sky130_fd_sc_hd__clkbuf_16)
                                                         clknet_5_23__leaf_wr_clk (net)
                      0.027888    0.000716    0.319082 ^ _1161_/CLK (sky130_fd_sc_hd__dfxtp_2)
     2    0.006938    0.034841    0.197719    0.516801 ^ _1161_/Q (sky130_fd_sc_hd__dfxtp_2)
                                                         u_fifomem.mem[6][3] (net)
                      0.034841    0.000421    0.517221 ^ _1000_/A0 (sky130_fd_sc_hd__mux2_2)
     1    0.002217    0.022829    0.083216    0.600437 ^ _1000_/X (sky130_fd_sc_hd__mux2_2)
                                                         _0483_ (net)
                      0.022829    0.000103    0.600540 ^ _1001_/A (sky130_fd_sc_hd__buf_2)
     1    0.002374    0.017806    0.054581    0.655121 ^ _1001_/X (sky130_fd_sc_hd__buf_2)
                                                         _0101_ (net)
                      0.017809    0.000165    0.655286 ^ _1161_/D (sky130_fd_sc_hd__dfxtp_2)
                                              0.655286   data arrival time

                                  0.000000    0.000000   clock wr_clk (rise edge)
                                  0.000000    0.000000   clock source latency
     1    0.027351    0.000000    0.000000    0.000000 ^ wr_clk (in)
                                                         wr_clk (net)
                      0.002217    0.001109    0.001109 ^ clkbuf_0_wr_clk/A (sky130_fd_sc_hd__clkbuf_16)
    16    0.111526    0.098120    0.123922    0.125030 ^ clkbuf_0_wr_clk/X (sky130_fd_sc_hd__clkbuf_16)
                                                         clknet_0_wr_clk (net)
                      0.098638    0.005770    0.130801 ^ clkbuf_4_11_0_wr_clk/A (sky130_fd_sc_hd__clkbuf_8)
     2    0.017957    0.036150    0.104035    0.234836 ^ clkbuf_4_11_0_wr_clk/X (sky130_fd_sc_hd__clkbuf_8)
                                                         clknet_4_11_0_wr_clk (net)
                      0.036190    0.001054    0.235890 ^ clkbuf_5_23__f_wr_clk/A (sky130_fd_sc_hd__clkbuf_16)
     5    0.015030    0.027881    0.082475    0.318366 ^ clkbuf_5_23__f_wr_clk/X (sky130_fd_sc_hd__clkbuf_16)
                                                         clknet_5_23__leaf_wr_clk (net)
                      0.027888    0.000716    0.319082 ^ _1161_/CLK (sky130_fd_sc_hd__dfxtp_2)
                                  0.100000    0.419082   clock uncertainty
                                  0.000000    0.419082   clock reconvergence pessimism
                                 -0.016440    0.402641   library hold time
                                              0.402641   data required time
---------------------------------------------------------------------------------------------
                                              0.402641   data required time
                                             -0.655286   data arrival time
---------------------------------------------------------------------------------------------
                                              0.252645   slack (MET)


Startpoint: _1063_ (rising edge-triggered flip-flop clocked by wr_clk)
Endpoint: _1063_ (rising edge-triggered flip-flop clocked by wr_clk)
Path Group: wr_clk
Path Type: min

Fanout         Cap        Slew       Delay        Time   Description
---------------------------------------------------------------------------------------------
                                  0.000000    0.000000   clock wr_clk (rise edge)
                                  0.000000    0.000000   clock source latency
     1    0.027351    0.000000    0.000000    0.000000 ^ wr_clk (in)
                                                         wr_clk (net)
                      0.002217    0.001109    0.001109 ^ clkbuf_0_wr_clk/A (sky130_fd_sc_hd__clkbuf_16)
    16    0.111526    0.098120    0.123922    0.125030 ^ clkbuf_0_wr_clk/X (sky130_fd_sc_hd__clkbuf_16)
                                                         clknet_0_wr_clk (net)
                      0.098770    0.006422    0.131452 ^ clkbuf_4_9_0_wr_clk/A (sky130_fd_sc_hd__clkbuf_8)
     2    0.019640    0.038116    0.105604    0.237057 ^ clkbuf_4_9_0_wr_clk/X (sky130_fd_sc_hd__clkbuf_8)
                                                         clknet_4_9_0_wr_clk (net)
                      0.038227    0.001748    0.238805 ^ clkbuf_5_19__f_wr_clk/A (sky130_fd_sc_hd__clkbuf_16)
     5    0.015523    0.028245    0.083225    0.322030 ^ clkbuf_5_19__f_wr_clk/X (sky130_fd_sc_hd__clkbuf_16)
                                                         clknet_5_19__leaf_wr_clk (net)
                      0.028246    0.000687    0.322717 ^ _1063_/CLK (sky130_fd_sc_hd__dfxtp_2)
     2    0.005512    0.030118    0.194114    0.516831 ^ _1063_/Q (sky130_fd_sc_hd__dfxtp_2)
                                                         u_fifomem.mem[0][1] (net)
                      0.030118    0.000193    0.517024 ^ _0788_/A0 (sky130_fd_sc_hd__mux2_2)
     1    0.003242    0.026113    0.085668    0.602692 ^ _0788_/X (sky130_fd_sc_hd__mux2_2)
                                                         _0369_ (net)
                      0.026114    0.000213    0.602905 ^ _0789_/A (sky130_fd_sc_hd__buf_1)
     1    0.003415    0.037149    0.054452    0.657358 ^ _0789_/X (sky130_fd_sc_hd__buf_1)
                                                         _0003_ (net)
                      0.037150    0.000209    0.657567 ^ _1063_/D (sky130_fd_sc_hd__dfxtp_2)
                                              0.657567   data arrival time

                                  0.000000    0.000000   clock wr_clk (rise edge)
                                  0.000000    0.000000   clock source latency
     1    0.027351    0.000000    0.000000    0.000000 ^ wr_clk (in)
                                                         wr_clk (net)
                      0.002217    0.001109    0.001109 ^ clkbuf_0_wr_clk/A (sky130_fd_sc_hd__clkbuf_16)
    16    0.111526    0.098120    0.123922    0.125030 ^ clkbuf_0_wr_clk/X (sky130_fd_sc_hd__clkbuf_16)
                                                         clknet_0_wr_clk (net)
                      0.098770    0.006422    0.131452 ^ clkbuf_4_9_0_wr_clk/A (sky130_fd_sc_hd__clkbuf_8)
     2    0.019640    0.038116    0.105604    0.237057 ^ clkbuf_4_9_0_wr_clk/X (sky130_fd_sc_hd__clkbuf_8)
                                                         clknet_4_9_0_wr_clk (net)
                      0.038227    0.001748    0.238805 ^ clkbuf_5_19__f_wr_clk/A (sky130_fd_sc_hd__clkbuf_16)
     5    0.015523    0.028245    0.083225    0.322030 ^ clkbuf_5_19__f_wr_clk/X (sky130_fd_sc_hd__clkbuf_16)
                                                         clknet_5_19__leaf_wr_clk (net)
                      0.028246    0.000687    0.322717 ^ _1063_/CLK (sky130_fd_sc_hd__dfxtp_2)
                                  0.100000    0.422717   clock uncertainty
                                  0.000000    0.422717   clock reconvergence pessimism
                                 -0.017801    0.404916   library hold time
                                              0.404916   data required time
---------------------------------------------------------------------------------------------
                                              0.404916   data required time
                                             -0.657567   data arrival time
---------------------------------------------------------------------------------------------
                                              0.252651   slack (MET)


Startpoint: _1133_ (rising edge-triggered flip-flop clocked by wr_clk)
Endpoint: _1133_ (rising edge-triggered flip-flop clocked by wr_clk)
Path Group: wr_clk
Path Type: min

Fanout         Cap        Slew       Delay        Time   Description
---------------------------------------------------------------------------------------------
                                  0.000000    0.000000   clock wr_clk (rise edge)
                                  0.000000    0.000000   clock source latency
     1    0.027351    0.000000    0.000000    0.000000 ^ wr_clk (in)
                                                         wr_clk (net)
                      0.002217    0.001109    0.001109 ^ clkbuf_0_wr_clk/A (sky130_fd_sc_hd__clkbuf_16)
    16    0.111526    0.098120    0.123922    0.125030 ^ clkbuf_0_wr_clk/X (sky130_fd_sc_hd__clkbuf_16)
                                                         clknet_0_wr_clk (net)
                      0.100150    0.011146    0.136176 ^ clkbuf_4_0_0_wr_clk/A (sky130_fd_sc_hd__clkbuf_8)
     2    0.018929    0.037304    0.105345    0.241522 ^ clkbuf_4_0_0_wr_clk/X (sky130_fd_sc_hd__clkbuf_8)
                                                         clknet_4_0_0_wr_clk (net)
                      0.037366    0.001319    0.242841 ^ clkbuf_5_0__f_wr_clk/A (sky130_fd_sc_hd__clkbuf_16)
     5    0.019291    0.030719    0.085521    0.328362 ^ clkbuf_5_0__f_wr_clk/X (sky130_fd_sc_hd__clkbuf_16)
                                                         clknet_5_0__leaf_wr_clk (net)
                      0.030736    0.001121    0.329483 ^ _1133_/CLK (sky130_fd_sc_hd__dfxtp_2)
     2    0.005829    0.031148    0.195656    0.525138 ^ _1133_/Q (sky130_fd_sc_hd__dfxtp_2)
                                                         u_fifomem.mem[2][7] (net)
                      0.031148    0.000327    0.525466 ^ _0939_/A0 (sky130_fd_sc_hd__mux2_2)
     1    0.002762    0.024575    0.084203    0.609669 ^ _0939_/X (sky130_fd_sc_hd__mux2_2)
                                                         _0450_ (net)
                      0.024575    0.000128    0.609797 ^ _0940_/A (sky130_fd_sc_hd__buf_4)
     1    0.002184    0.015911    0.056080    0.665877 ^ _0940_/X (sky130_fd_sc_hd__buf_4)
                                                         _0073_ (net)
                      0.015912    0.000152    0.666029 ^ _1133_/D (sky130_fd_sc_hd__dfxtp_2)
                                              0.666029   data arrival time

                                  0.000000    0.000000   clock wr_clk (rise edge)
                                  0.000000    0.000000   clock source latency
     1    0.027351    0.000000    0.000000    0.000000 ^ wr_clk (in)
                                                         wr_clk (net)
                      0.002217    0.001109    0.001109 ^ clkbuf_0_wr_clk/A (sky130_fd_sc_hd__clkbuf_16)
    16    0.111526    0.098120    0.123922    0.125030 ^ clkbuf_0_wr_clk/X (sky130_fd_sc_hd__clkbuf_16)
                                                         clknet_0_wr_clk (net)
                      0.100150    0.011146    0.136176 ^ clkbuf_4_0_0_wr_clk/A (sky130_fd_sc_hd__clkbuf_8)
     2    0.018929    0.037304    0.105345    0.241522 ^ clkbuf_4_0_0_wr_clk/X (sky130_fd_sc_hd__clkbuf_8)
                                                         clknet_4_0_0_wr_clk (net)
                      0.037366    0.001319    0.242841 ^ clkbuf_5_0__f_wr_clk/A (sky130_fd_sc_hd__clkbuf_16)
     5    0.019291    0.030719    0.085521    0.328362 ^ clkbuf_5_0__f_wr_clk/X (sky130_fd_sc_hd__clkbuf_16)
                                                         clknet_5_0__leaf_wr_clk (net)
                      0.030736    0.001121    0.329483 ^ _1133_/CLK (sky130_fd_sc_hd__dfxtp_2)
                                  0.100000    0.429483   clock uncertainty
                                  0.000000    0.429483   clock reconvergence pessimism
                                 -0.016238    0.413244   library hold time
                                              0.413244   data required time
---------------------------------------------------------------------------------------------
                                              0.413244   data required time
                                             -0.666029   data arrival time
---------------------------------------------------------------------------------------------
                                              0.252784   slack (MET)


Startpoint: _1118_ (rising edge-triggered flip-flop clocked by wr_clk)
Endpoint: _1118_ (rising edge-triggered flip-flop clocked by wr_clk)
Path Group: wr_clk
Path Type: min

Fanout         Cap        Slew       Delay        Time   Description
---------------------------------------------------------------------------------------------
                                  0.000000    0.000000   clock wr_clk (rise edge)
                                  0.000000    0.000000   clock source latency
     1    0.027351    0.000000    0.000000    0.000000 ^ wr_clk (in)
                                                         wr_clk (net)
                      0.002217    0.001109    0.001109 ^ clkbuf_0_wr_clk/A (sky130_fd_sc_hd__clkbuf_16)
    16    0.111526    0.098120    0.123922    0.125030 ^ clkbuf_0_wr_clk/X (sky130_fd_sc_hd__clkbuf_16)
                                                         clknet_0_wr_clk (net)
                      0.100147    0.011139    0.136169 ^ clkbuf_4_1_0_wr_clk/A (sky130_fd_sc_hd__clkbuf_8)
     2    0.018511    0.036809    0.104996    0.241165 ^ clkbuf_4_1_0_wr_clk/X (sky130_fd_sc_hd__clkbuf_8)
                                                         clknet_4_1_0_wr_clk (net)
                      0.036852    0.001094    0.242259 ^ clkbuf_5_3__f_wr_clk/A (sky130_fd_sc_hd__clkbuf_16)
     5    0.014021    0.027216    0.082039    0.324298 ^ clkbuf_5_3__f_wr_clk/X (sky130_fd_sc_hd__clkbuf_16)
                                                         clknet_5_3__leaf_wr_clk (net)
                      0.027216    0.000379    0.324678 ^ _1118_/CLK (sky130_fd_sc_hd__dfxtp_2)
     2    0.005589    0.030368    0.193996    0.518673 ^ _1118_/Q (sky130_fd_sc_hd__dfxtp_2)
                                                         u_fifomem.mem[1][0] (net)
                      0.030368    0.000270    0.518943 ^ _0908_/A0 (sky130_fd_sc_hd__mux2_2)
     1    0.002796    0.024593    0.084121    0.603064 ^ _0908_/X (sky130_fd_sc_hd__mux2_2)
                                                         _0434_ (net)
                      0.024593    0.000118    0.603182 ^ _0909_/A (sky130_fd_sc_hd__buf_2)
     1    0.003197    0.020270    0.057523    0.660705 ^ _0909_/X (sky130_fd_sc_hd__buf_2)
                                                         _0058_ (net)
                      0.020270    0.000193    0.660898 ^ _1118_/D (sky130_fd_sc_hd__dfxtp_2)
                                              0.660898   data arrival time

                                  0.000000    0.000000   clock wr_clk (rise edge)
                                  0.000000    0.000000   clock source latency
     1    0.027351    0.000000    0.000000    0.000000 ^ wr_clk (in)
                                                         wr_clk (net)
                      0.002217    0.001109    0.001109 ^ clkbuf_0_wr_clk/A (sky130_fd_sc_hd__clkbuf_16)
    16    0.111526    0.098120    0.123922    0.125030 ^ clkbuf_0_wr_clk/X (sky130_fd_sc_hd__clkbuf_16)
                                                         clknet_0_wr_clk (net)
                      0.100147    0.011139    0.136169 ^ clkbuf_4_1_0_wr_clk/A (sky130_fd_sc_hd__clkbuf_8)
     2    0.018511    0.036809    0.104996    0.241165 ^ clkbuf_4_1_0_wr_clk/X (sky130_fd_sc_hd__clkbuf_8)
                                                         clknet_4_1_0_wr_clk (net)
                      0.036852    0.001094    0.242259 ^ clkbuf_5_3__f_wr_clk/A (sky130_fd_sc_hd__clkbuf_16)
     5    0.014021    0.027216    0.082039    0.324298 ^ clkbuf_5_3__f_wr_clk/X (sky130_fd_sc_hd__clkbuf_16)
                                                         clknet_5_3__leaf_wr_clk (net)
                      0.027216    0.000379    0.324678 ^ _1118_/CLK (sky130_fd_sc_hd__dfxtp_2)
                                  0.100000    0.424678   clock uncertainty
                                  0.000000    0.424678   clock reconvergence pessimism
                                 -0.016631    0.408047   library hold time
                                              0.408047   data required time
---------------------------------------------------------------------------------------------
                                              0.408047   data required time
                                             -0.660898   data arrival time
---------------------------------------------------------------------------------------------
                                              0.252851   slack (MET)


Startpoint: _1105_ (rising edge-triggered flip-flop clocked by wr_clk)
Endpoint: _1105_ (rising edge-triggered flip-flop clocked by wr_clk)
Path Group: wr_clk
Path Type: min

Fanout         Cap        Slew       Delay        Time   Description
---------------------------------------------------------------------------------------------
                                  0.000000    0.000000   clock wr_clk (rise edge)
                                  0.000000    0.000000   clock source latency
     1    0.027351    0.000000    0.000000    0.000000 ^ wr_clk (in)
                                                         wr_clk (net)
                      0.002217    0.001109    0.001109 ^ clkbuf_0_wr_clk/A (sky130_fd_sc_hd__clkbuf_16)
    16    0.111526    0.098120    0.123922    0.125030 ^ clkbuf_0_wr_clk/X (sky130_fd_sc_hd__clkbuf_16)
                                                         clknet_0_wr_clk (net)
                      0.100852    0.012934    0.137964 ^ clkbuf_4_6_0_wr_clk/A (sky130_fd_sc_hd__clkbuf_8)
     2    0.018956    0.037221    0.105721    0.243685 ^ clkbuf_4_6_0_wr_clk/X (sky130_fd_sc_hd__clkbuf_8)
                                                         clknet_4_6_0_wr_clk (net)
                      0.037254    0.000977    0.244662 ^ clkbuf_5_12__f_wr_clk/A (sky130_fd_sc_hd__clkbuf_16)
     5    0.016006    0.028527    0.083424    0.328086 ^ clkbuf_5_12__f_wr_clk/X (sky130_fd_sc_hd__clkbuf_16)
                                                         clknet_5_12__leaf_wr_clk (net)
                      0.028535    0.000729    0.328814 ^ _1105_/CLK (sky130_fd_sc_hd__dfxtp_2)
     2    0.006524    0.033461    0.196867    0.525681 ^ _1105_/Q (sky130_fd_sc_hd__dfxtp_2)
                                                         u_fifomem.mem[14][3] (net)
                      0.033461    0.000316    0.525998 ^ _0880_/A0 (sky130_fd_sc_hd__mux2_2)
     1    0.002220    0.022841    0.082846    0.608844 ^ _0880_/X (sky130_fd_sc_hd__mux2_2)
                                                         _0419_ (net)
                      0.022841    0.000104    0.608948 ^ _0881_/A (sky130_fd_sc_hd__buf_2)
     1    0.002867    0.019281    0.056031    0.664979 ^ _0881_/X (sky130_fd_sc_hd__buf_2)
                                                         _0045_ (net)
                      0.019282    0.000180    0.665159 ^ _1105_/D (sky130_fd_sc_hd__dfxtp_2)
                                              0.665159   data arrival time

                                  0.000000    0.000000   clock wr_clk (rise edge)
                                  0.000000    0.000000   clock source latency
     1    0.027351    0.000000    0.000000    0.000000 ^ wr_clk (in)
                                                         wr_clk (net)
                      0.002217    0.001109    0.001109 ^ clkbuf_0_wr_clk/A (sky130_fd_sc_hd__clkbuf_16)
    16    0.111526    0.098120    0.123922    0.125030 ^ clkbuf_0_wr_clk/X (sky130_fd_sc_hd__clkbuf_16)
                                                         clknet_0_wr_clk (net)
                      0.100852    0.012934    0.137964 ^ clkbuf_4_6_0_wr_clk/A (sky130_fd_sc_hd__clkbuf_8)
     2    0.018956    0.037221    0.105721    0.243685 ^ clkbuf_4_6_0_wr_clk/X (sky130_fd_sc_hd__clkbuf_8)
                                                         clknet_4_6_0_wr_clk (net)
                      0.037254    0.000977    0.244662 ^ clkbuf_5_12__f_wr_clk/A (sky130_fd_sc_hd__clkbuf_16)
     5    0.016006    0.028527    0.083424    0.328086 ^ clkbuf_5_12__f_wr_clk/X (sky130_fd_sc_hd__clkbuf_16)
                                                         clknet_5_12__leaf_wr_clk (net)
                      0.028535    0.000729    0.328814 ^ _1105_/CLK (sky130_fd_sc_hd__dfxtp_2)
                                  0.100000    0.428814   clock uncertainty
                                  0.000000    0.428814   clock reconvergence pessimism
                                 -0.016529    0.412285   library hold time
                                              0.412285   data required time
---------------------------------------------------------------------------------------------
                                              0.412285   data required time
                                             -0.665159   data arrival time
---------------------------------------------------------------------------------------------
                                              0.252874   slack (MET)


Startpoint: _1138_ (rising edge-triggered flip-flop clocked by wr_clk)
Endpoint: _1138_ (rising edge-triggered flip-flop clocked by wr_clk)
Path Group: wr_clk
Path Type: min

Fanout         Cap        Slew       Delay        Time   Description
---------------------------------------------------------------------------------------------
                                  0.000000    0.000000   clock wr_clk (rise edge)
                                  0.000000    0.000000   clock source latency
     1    0.027351    0.000000    0.000000    0.000000 ^ wr_clk (in)
                                                         wr_clk (net)
                      0.002217    0.001109    0.001109 ^ clkbuf_0_wr_clk/A (sky130_fd_sc_hd__clkbuf_16)
    16    0.111526    0.098120    0.123922    0.125030 ^ clkbuf_0_wr_clk/X (sky130_fd_sc_hd__clkbuf_16)
                                                         clknet_0_wr_clk (net)
                      0.100150    0.011146    0.136176 ^ clkbuf_4_0_0_wr_clk/A (sky130_fd_sc_hd__clkbuf_8)
     2    0.018929    0.037304    0.105345    0.241522 ^ clkbuf_4_0_0_wr_clk/X (sky130_fd_sc_hd__clkbuf_8)
                                                         clknet_4_0_0_wr_clk (net)
                      0.037372    0.001370    0.242892 ^ clkbuf_5_1__f_wr_clk/A (sky130_fd_sc_hd__clkbuf_16)
     5    0.016939    0.029173    0.083909    0.326801 ^ clkbuf_5_1__f_wr_clk/X (sky130_fd_sc_hd__clkbuf_16)
                                                         clknet_5_1__leaf_wr_clk (net)
                      0.029193    0.001278    0.328079 ^ _1138_/CLK (sky130_fd_sc_hd__dfxtp_2)
     2    0.004854    0.027972    0.192624    0.520703 ^ _1138_/Q (sky130_fd_sc_hd__dfxtp_2)
                                                         u_fifomem.mem[3][4] (net)
                      0.027972    0.000288    0.520991 ^ _0950_/A0 (sky130_fd_sc_hd__mux2_2)
     1    0.003548    0.027112    0.086208    0.607199 ^ _0950_/X (sky130_fd_sc_hd__mux2_2)
                                                         _0456_ (net)
                      0.027114    0.000218    0.607417 ^ _0951_/A (sky130_fd_sc_hd__buf_2)
     1    0.002741    0.018913    0.056936    0.664353 ^ _0951_/X (sky130_fd_sc_hd__buf_2)
                                                         _0078_ (net)
                      0.018913    0.000200    0.664553 ^ _1138_/D (sky130_fd_sc_hd__dfxtp_2)
                                              0.664553   data arrival time

                                  0.000000    0.000000   clock wr_clk (rise edge)
                                  0.000000    0.000000   clock source latency
     1    0.027351    0.000000    0.000000    0.000000 ^ wr_clk (in)
                                                         wr_clk (net)
                      0.002217    0.001109    0.001109 ^ clkbuf_0_wr_clk/A (sky130_fd_sc_hd__clkbuf_16)
    16    0.111526    0.098120    0.123922    0.125030 ^ clkbuf_0_wr_clk/X (sky130_fd_sc_hd__clkbuf_16)
                                                         clknet_0_wr_clk (net)
                      0.100150    0.011146    0.136176 ^ clkbuf_4_0_0_wr_clk/A (sky130_fd_sc_hd__clkbuf_8)
     2    0.018929    0.037304    0.105345    0.241522 ^ clkbuf_4_0_0_wr_clk/X (sky130_fd_sc_hd__clkbuf_8)
                                                         clknet_4_0_0_wr_clk (net)
                      0.037372    0.001370    0.242892 ^ clkbuf_5_1__f_wr_clk/A (sky130_fd_sc_hd__clkbuf_16)
     5    0.016939    0.029173    0.083909    0.326801 ^ clkbuf_5_1__f_wr_clk/X (sky130_fd_sc_hd__clkbuf_16)
                                                         clknet_5_1__leaf_wr_clk (net)
                      0.029193    0.001278    0.328079 ^ _1138_/CLK (sky130_fd_sc_hd__dfxtp_2)
                                  0.100000    0.428079   clock uncertainty
                                  0.000000    0.428079   clock reconvergence pessimism
                                 -0.016488    0.411592   library hold time
                                              0.411592   data required time
---------------------------------------------------------------------------------------------
                                              0.411592   data required time
                                             -0.664553   data arrival time
---------------------------------------------------------------------------------------------
                                              0.252961   slack (MET)


Startpoint: _1087_ (rising edge-triggered flip-flop clocked by wr_clk)
Endpoint: _1087_ (rising edge-triggered flip-flop clocked by wr_clk)
Path Group: wr_clk
Path Type: min

Fanout         Cap        Slew       Delay        Time   Description
---------------------------------------------------------------------------------------------
                                  0.000000    0.000000   clock wr_clk (rise edge)
                                  0.000000    0.000000   clock source latency
     1    0.027351    0.000000    0.000000    0.000000 ^ wr_clk (in)
                                                         wr_clk (net)
                      0.002217    0.001109    0.001109 ^ clkbuf_0_wr_clk/A (sky130_fd_sc_hd__clkbuf_16)
    16    0.111526    0.098120    0.123922    0.125030 ^ clkbuf_0_wr_clk/X (sky130_fd_sc_hd__clkbuf_16)
                                                         clknet_0_wr_clk (net)
                      0.100861    0.012955    0.137986 ^ clkbuf_4_7_0_wr_clk/A (sky130_fd_sc_hd__clkbuf_8)
     2    0.019330    0.037616    0.106299    0.244285 ^ clkbuf_4_7_0_wr_clk/X (sky130_fd_sc_hd__clkbuf_8)
                                                         clknet_4_7_0_wr_clk (net)
                      0.037644    0.000917    0.245202 ^ clkbuf_5_15__f_wr_clk/A (sky130_fd_sc_hd__clkbuf_16)
     5    0.014803    0.027736    0.082764    0.327966 ^ clkbuf_5_15__f_wr_clk/X (sky130_fd_sc_hd__clkbuf_16)
                                                         clknet_5_15__leaf_wr_clk (net)
                      0.027742    0.000669    0.328635 ^ _1087_/CLK (sky130_fd_sc_hd__dfxtp_2)
     2    0.006128    0.032139    0.195555    0.524190 ^ _1087_/Q (sky130_fd_sc_hd__dfxtp_2)
                                                         u_fifomem.mem[12][1] (net)
                      0.032139    0.000378    0.524568 ^ _0840_/A0 (sky130_fd_sc_hd__mux2_2)
     1    0.004797    0.031492    0.091812    0.616380 ^ _0840_/X (sky130_fd_sc_hd__mux2_2)
                                                         _0397_ (net)
                      0.031493    0.000333    0.616713 ^ _0841_/A (sky130_fd_sc_hd__buf_1)
     1    0.002116    0.026674    0.047750    0.664464 ^ _0841_/X (sky130_fd_sc_hd__buf_1)
                                                         _0027_ (net)
                      0.026675    0.000097    0.664560 ^ _1087_/D (sky130_fd_sc_hd__dfxtp_2)
                                              0.664560   data arrival time

                                  0.000000    0.000000   clock wr_clk (rise edge)
                                  0.000000    0.000000   clock source latency
     1    0.027351    0.000000    0.000000    0.000000 ^ wr_clk (in)
                                                         wr_clk (net)
                      0.002217    0.001109    0.001109 ^ clkbuf_0_wr_clk/A (sky130_fd_sc_hd__clkbuf_16)
    16    0.111526    0.098120    0.123922    0.125030 ^ clkbuf_0_wr_clk/X (sky130_fd_sc_hd__clkbuf_16)
                                                         clknet_0_wr_clk (net)
                      0.100861    0.012955    0.137986 ^ clkbuf_4_7_0_wr_clk/A (sky130_fd_sc_hd__clkbuf_8)
     2    0.019330    0.037616    0.106299    0.244285 ^ clkbuf_4_7_0_wr_clk/X (sky130_fd_sc_hd__clkbuf_8)
                                                         clknet_4_7_0_wr_clk (net)
                      0.037644    0.000917    0.245202 ^ clkbuf_5_15__f_wr_clk/A (sky130_fd_sc_hd__clkbuf_16)
     5    0.014803    0.027736    0.082764    0.327966 ^ clkbuf_5_15__f_wr_clk/X (sky130_fd_sc_hd__clkbuf_16)
                                                         clknet_5_15__leaf_wr_clk (net)
                      0.027742    0.000669    0.328635 ^ _1087_/CLK (sky130_fd_sc_hd__dfxtp_2)
                                  0.100000    0.428635   clock uncertainty
                                  0.000000    0.428635   clock reconvergence pessimism
                                 -0.017072    0.411564   library hold time
                                              0.411564   data required time
---------------------------------------------------------------------------------------------
                                              0.411564   data required time
                                             -0.664560   data arrival time
---------------------------------------------------------------------------------------------
                                              0.252997   slack (MET)


Startpoint: _1153_ (rising edge-triggered flip-flop clocked by wr_clk)
Endpoint: _1153_ (rising edge-triggered flip-flop clocked by wr_clk)
Path Group: wr_clk
Path Type: min

Fanout         Cap        Slew       Delay        Time   Description
---------------------------------------------------------------------------------------------
                                  0.000000    0.000000   clock wr_clk (rise edge)
                                  0.000000    0.000000   clock source latency
     1    0.027351    0.000000    0.000000    0.000000 ^ wr_clk (in)
                                                         wr_clk (net)
                      0.002217    0.001109    0.001109 ^ clkbuf_0_wr_clk/A (sky130_fd_sc_hd__clkbuf_16)
    16    0.111526    0.098120    0.123922    0.125030 ^ clkbuf_0_wr_clk/X (sky130_fd_sc_hd__clkbuf_16)
                                                         clknet_0_wr_clk (net)
                      0.098638    0.005770    0.130801 ^ clkbuf_4_11_0_wr_clk/A (sky130_fd_sc_hd__clkbuf_8)
     2    0.017957    0.036150    0.104035    0.234836 ^ clkbuf_4_11_0_wr_clk/X (sky130_fd_sc_hd__clkbuf_8)
                                                         clknet_4_11_0_wr_clk (net)
                      0.036190    0.001054    0.235890 ^ clkbuf_5_23__f_wr_clk/A (sky130_fd_sc_hd__clkbuf_16)
     5    0.015030    0.027881    0.082475    0.318366 ^ clkbuf_5_23__f_wr_clk/X (sky130_fd_sc_hd__clkbuf_16)
                                                         clknet_5_23__leaf_wr_clk (net)
                      0.027881    0.000463    0.318829 ^ _1153_/CLK (sky130_fd_sc_hd__dfxtp_2)
     2    0.005906    0.031403    0.194999    0.513829 ^ _1153_/Q (sky130_fd_sc_hd__dfxtp_2)
                                                         u_fifomem.mem[5][3] (net)
                      0.031403    0.000381    0.514210 ^ _0983_/A0 (sky130_fd_sc_hd__mux2_2)
     1    0.004725    0.031257    0.091386    0.605596 ^ _0983_/X (sky130_fd_sc_hd__mux2_2)
                                                         _0474_ (net)
                      0.031258    0.000345    0.605941 ^ _0984_/A (sky130_fd_sc_hd__buf_1)
     1    0.002281    0.027983    0.048674    0.654615 ^ _0984_/X (sky130_fd_sc_hd__buf_1)
                                                         _0093_ (net)
                      0.027984    0.000160    0.654775 ^ _1153_/D (sky130_fd_sc_hd__dfxtp_2)
                                              0.654775   data arrival time

                                  0.000000    0.000000   clock wr_clk (rise edge)
                                  0.000000    0.000000   clock source latency
     1    0.027351    0.000000    0.000000    0.000000 ^ wr_clk (in)
                                                         wr_clk (net)
                      0.002217    0.001109    0.001109 ^ clkbuf_0_wr_clk/A (sky130_fd_sc_hd__clkbuf_16)
    16    0.111526    0.098120    0.123922    0.125030 ^ clkbuf_0_wr_clk/X (sky130_fd_sc_hd__clkbuf_16)
                                                         clknet_0_wr_clk (net)
                      0.098638    0.005770    0.130801 ^ clkbuf_4_11_0_wr_clk/A (sky130_fd_sc_hd__clkbuf_8)
     2    0.017957    0.036150    0.104035    0.234836 ^ clkbuf_4_11_0_wr_clk/X (sky130_fd_sc_hd__clkbuf_8)
                                                         clknet_4_11_0_wr_clk (net)
                      0.036190    0.001054    0.235890 ^ clkbuf_5_23__f_wr_clk/A (sky130_fd_sc_hd__clkbuf_16)
     5    0.015030    0.027881    0.082475    0.318366 ^ clkbuf_5_23__f_wr_clk/X (sky130_fd_sc_hd__clkbuf_16)
                                                         clknet_5_23__leaf_wr_clk (net)
                      0.027881    0.000463    0.318829 ^ _1153_/CLK (sky130_fd_sc_hd__dfxtp_2)
                                  0.100000    0.418829   clock uncertainty
                                  0.000000    0.418829   clock reconvergence pessimism
                                 -0.017161    0.401668   library hold time
                                              0.401668   data required time
---------------------------------------------------------------------------------------------
                                              0.401668   data required time
                                             -0.654775   data arrival time
---------------------------------------------------------------------------------------------
                                              0.253106   slack (MET)


Startpoint: _1072_ (rising edge-triggered flip-flop clocked by wr_clk)
Endpoint: _1072_ (rising edge-triggered flip-flop clocked by wr_clk)
Path Group: wr_clk
Path Type: min

Fanout         Cap        Slew       Delay        Time   Description
---------------------------------------------------------------------------------------------
                                  0.000000    0.000000   clock wr_clk (rise edge)
                                  0.000000    0.000000   clock source latency
     1    0.027351    0.000000    0.000000    0.000000 ^ wr_clk (in)
                                                         wr_clk (net)
                      0.002217    0.001109    0.001109 ^ clkbuf_0_wr_clk/A (sky130_fd_sc_hd__clkbuf_16)
    16    0.111526    0.098120    0.123922    0.125030 ^ clkbuf_0_wr_clk/X (sky130_fd_sc_hd__clkbuf_16)
                                                         clknet_0_wr_clk (net)
                      0.100655    0.012455    0.137485 ^ clkbuf_4_4_0_wr_clk/A (sky130_fd_sc_hd__clkbuf_8)
     2    0.019466    0.037797    0.106201    0.243686 ^ clkbuf_4_4_0_wr_clk/X (sky130_fd_sc_hd__clkbuf_8)
                                                         clknet_4_4_0_wr_clk (net)
                      0.037833    0.001025    0.244711 ^ clkbuf_5_9__f_wr_clk/A (sky130_fd_sc_hd__clkbuf_16)
     5    0.015295    0.028062    0.083094    0.327805 ^ clkbuf_5_9__f_wr_clk/X (sky130_fd_sc_hd__clkbuf_16)
                                                         clknet_5_9__leaf_wr_clk (net)
                      0.028070    0.000759    0.328564 ^ _1072_/CLK (sky130_fd_sc_hd__dfxtp_2)
     2    0.005888    0.031343    0.195007    0.523571 ^ _1072_/Q (sky130_fd_sc_hd__dfxtp_2)
                                                         u_fifomem.mem[10][2] (net)
                      0.031343    0.000359    0.523930 ^ _0807_/A0 (sky130_fd_sc_hd__mux2_2)
     1    0.003166    0.025867    0.085713    0.609643 ^ _0807_/X (sky130_fd_sc_hd__mux2_2)
                                                         _0379_ (net)
                      0.025868    0.000233    0.609876 ^ _0808_/A (sky130_fd_sc_hd__buf_2)
     1    0.002306    0.017612    0.055313    0.665189 ^ _0808_/X (sky130_fd_sc_hd__buf_2)
                                                         _0012_ (net)
                      0.017612    0.000105    0.665294 ^ _1072_/D (sky130_fd_sc_hd__dfxtp_2)
                                              0.665294   data arrival time

                                  0.000000    0.000000   clock wr_clk (rise edge)
                                  0.000000    0.000000   clock source latency
     1    0.027351    0.000000    0.000000    0.000000 ^ wr_clk (in)
                                                         wr_clk (net)
                      0.002217    0.001109    0.001109 ^ clkbuf_0_wr_clk/A (sky130_fd_sc_hd__clkbuf_16)
    16    0.111526    0.098120    0.123922    0.125030 ^ clkbuf_0_wr_clk/X (sky130_fd_sc_hd__clkbuf_16)
                                                         clknet_0_wr_clk (net)
                      0.100655    0.012455    0.137485 ^ clkbuf_4_4_0_wr_clk/A (sky130_fd_sc_hd__clkbuf_8)
     2    0.019466    0.037797    0.106201    0.243686 ^ clkbuf_4_4_0_wr_clk/X (sky130_fd_sc_hd__clkbuf_8)
                                                         clknet_4_4_0_wr_clk (net)
                      0.037833    0.001025    0.244711 ^ clkbuf_5_9__f_wr_clk/A (sky130_fd_sc_hd__clkbuf_16)
     5    0.015295    0.028062    0.083094    0.327805 ^ clkbuf_5_9__f_wr_clk/X (sky130_fd_sc_hd__clkbuf_16)
                                                         clknet_5_9__leaf_wr_clk (net)
                      0.028070    0.000759    0.328564 ^ _1072_/CLK (sky130_fd_sc_hd__dfxtp_2)
                                  0.100000    0.428564   clock uncertainty
                                  0.000000    0.428564   clock reconvergence pessimism
                                 -0.016422    0.412142   library hold time
                                              0.412142   data required time
---------------------------------------------------------------------------------------------
                                              0.412142   data required time
                                             -0.665294   data arrival time
---------------------------------------------------------------------------------------------
                                              0.253153   slack (MET)


Startpoint: _1124_ (rising edge-triggered flip-flop clocked by wr_clk)
Endpoint: _1124_ (rising edge-triggered flip-flop clocked by wr_clk)
Path Group: wr_clk
Path Type: min

Fanout         Cap        Slew       Delay        Time   Description
---------------------------------------------------------------------------------------------
                                  0.000000    0.000000   clock wr_clk (rise edge)
                                  0.000000    0.000000   clock source latency
     1    0.027351    0.000000    0.000000    0.000000 ^ wr_clk (in)
                                                         wr_clk (net)
                      0.002217    0.001109    0.001109 ^ clkbuf_0_wr_clk/A (sky130_fd_sc_hd__clkbuf_16)
    16    0.111526    0.098120    0.123922    0.125030 ^ clkbuf_0_wr_clk/X (sky130_fd_sc_hd__clkbuf_16)
                                                         clknet_0_wr_clk (net)
                      0.098638    0.005770    0.130801 ^ clkbuf_4_11_0_wr_clk/A (sky130_fd_sc_hd__clkbuf_8)
     2    0.017957    0.036150    0.104035    0.234836 ^ clkbuf_4_11_0_wr_clk/X (sky130_fd_sc_hd__clkbuf_8)
                                                         clknet_4_11_0_wr_clk (net)
                      0.036195    0.001101    0.235937 ^ clkbuf_5_22__f_wr_clk/A (sky130_fd_sc_hd__clkbuf_16)
     5    0.016085    0.028602    0.083104    0.319041 ^ clkbuf_5_22__f_wr_clk/X (sky130_fd_sc_hd__clkbuf_16)
                                                         clknet_5_22__leaf_wr_clk (net)
                      0.028609    0.000744    0.319785 ^ _1124_/CLK (sky130_fd_sc_hd__dfxtp_2)
     2    0.006309    0.032741    0.196291    0.516075 ^ _1124_/Q (sky130_fd_sc_hd__dfxtp_2)
                                                         u_fifomem.mem[1][6] (net)
                      0.032741    0.000357    0.516433 ^ _0920_/A0 (sky130_fd_sc_hd__mux2_2)
     1    0.002975    0.025257    0.085413    0.601846 ^ _0920_/X (sky130_fd_sc_hd__mux2_2)
                                                         _0440_ (net)
                      0.025258    0.000199    0.602045 ^ _0921_/A (sky130_fd_sc_hd__buf_2)
     1    0.002124    0.017066    0.054581    0.656625 ^ _0921_/X (sky130_fd_sc_hd__buf_2)
                                                         _0064_ (net)
                      0.017066    0.000152    0.656777 ^ _1124_/D (sky130_fd_sc_hd__dfxtp_2)
                                              0.656777   data arrival time

                                  0.000000    0.000000   clock wr_clk (rise edge)
                                  0.000000    0.000000   clock source latency
     1    0.027351    0.000000    0.000000    0.000000 ^ wr_clk (in)
                                                         wr_clk (net)
                      0.002217    0.001109    0.001109 ^ clkbuf_0_wr_clk/A (sky130_fd_sc_hd__clkbuf_16)
    16    0.111526    0.098120    0.123922    0.125030 ^ clkbuf_0_wr_clk/X (sky130_fd_sc_hd__clkbuf_16)
                                                         clknet_0_wr_clk (net)
                      0.098638    0.005770    0.130801 ^ clkbuf_4_11_0_wr_clk/A (sky130_fd_sc_hd__clkbuf_8)
     2    0.017957    0.036150    0.104035    0.234836 ^ clkbuf_4_11_0_wr_clk/X (sky130_fd_sc_hd__clkbuf_8)
                                                         clknet_4_11_0_wr_clk (net)
                      0.036195    0.001101    0.235937 ^ clkbuf_5_22__f_wr_clk/A (sky130_fd_sc_hd__clkbuf_16)
     5    0.016085    0.028602    0.083104    0.319041 ^ clkbuf_5_22__f_wr_clk/X (sky130_fd_sc_hd__clkbuf_16)
                                                         clknet_5_22__leaf_wr_clk (net)
                      0.028609    0.000744    0.319785 ^ _1124_/CLK (sky130_fd_sc_hd__dfxtp_2)
                                  0.100000    0.419784   clock uncertainty
                                  0.000000    0.419784   clock reconvergence pessimism
                                 -0.016371    0.403414   library hold time
                                              0.403414   data required time
---------------------------------------------------------------------------------------------
                                              0.403414   data required time
                                             -0.656777   data arrival time
---------------------------------------------------------------------------------------------
                                              0.253363   slack (MET)


Startpoint: _1073_ (rising edge-triggered flip-flop clocked by wr_clk)
Endpoint: _1073_ (rising edge-triggered flip-flop clocked by wr_clk)
Path Group: wr_clk
Path Type: min

Fanout         Cap        Slew       Delay        Time   Description
---------------------------------------------------------------------------------------------
                                  0.000000    0.000000   clock wr_clk (rise edge)
                                  0.000000    0.000000   clock source latency
     1    0.027351    0.000000    0.000000    0.000000 ^ wr_clk (in)
                                                         wr_clk (net)
                      0.002217    0.001109    0.001109 ^ clkbuf_0_wr_clk/A (sky130_fd_sc_hd__clkbuf_16)
    16    0.111526    0.098120    0.123922    0.125030 ^ clkbuf_0_wr_clk/X (sky130_fd_sc_hd__clkbuf_16)
                                                         clknet_0_wr_clk (net)
                      0.098125    0.000633    0.125664 ^ clkbuf_4_13_0_wr_clk/A (sky130_fd_sc_hd__clkbuf_8)
     2    0.019504    0.037934    0.105379    0.231042 ^ clkbuf_4_13_0_wr_clk/X (sky130_fd_sc_hd__clkbuf_8)
                                                         clknet_4_13_0_wr_clk (net)
                      0.037995    0.001313    0.232355 ^ clkbuf_5_26__f_wr_clk/A (sky130_fd_sc_hd__clkbuf_16)
     5    0.016587    0.028912    0.084097    0.316452 ^ clkbuf_5_26__f_wr_clk/X (sky130_fd_sc_hd__clkbuf_16)
                                                         clknet_5_26__leaf_wr_clk (net)
                      0.028918    0.000531    0.316984 ^ _1073_/CLK (sky130_fd_sc_hd__dfxtp_2)
     2    0.006267    0.032599    0.196265    0.513249 ^ _1073_/Q (sky130_fd_sc_hd__dfxtp_2)
                                                         u_fifomem.mem[10][3] (net)
                      0.032599    0.000337    0.513586 ^ _0809_/A0 (sky130_fd_sc_hd__mux2_2)
     1    0.002713    0.024414    0.084415    0.598001 ^ _0809_/X (sky130_fd_sc_hd__mux2_2)
                                                         _0380_ (net)
                      0.024414    0.000173    0.598174 ^ _0810_/A (sky130_fd_sc_hd__buf_2)
     1    0.002565    0.018378    0.055615    0.653789 ^ _0810_/X (sky130_fd_sc_hd__buf_2)
                                                         _0013_ (net)
                      0.018382    0.000173    0.653962 ^ _1073_/D (sky130_fd_sc_hd__dfxtp_2)
                                              0.653962   data arrival time

                                  0.000000    0.000000   clock wr_clk (rise edge)
                                  0.000000    0.000000   clock source latency
     1    0.027351    0.000000    0.000000    0.000000 ^ wr_clk (in)
                                                         wr_clk (net)
                      0.002217    0.001109    0.001109 ^ clkbuf_0_wr_clk/A (sky130_fd_sc_hd__clkbuf_16)
    16    0.111526    0.098120    0.123922    0.125030 ^ clkbuf_0_wr_clk/X (sky130_fd_sc_hd__clkbuf_16)
                                                         clknet_0_wr_clk (net)
                      0.098125    0.000633    0.125664 ^ clkbuf_4_13_0_wr_clk/A (sky130_fd_sc_hd__clkbuf_8)
     2    0.019504    0.037934    0.105379    0.231042 ^ clkbuf_4_13_0_wr_clk/X (sky130_fd_sc_hd__clkbuf_8)
                                                         clknet_4_13_0_wr_clk (net)
                      0.037995    0.001313    0.232355 ^ clkbuf_5_26__f_wr_clk/A (sky130_fd_sc_hd__clkbuf_16)
     5    0.016587    0.028912    0.084097    0.316452 ^ clkbuf_5_26__f_wr_clk/X (sky130_fd_sc_hd__clkbuf_16)
                                                         clknet_5_26__leaf_wr_clk (net)
                      0.028918    0.000531    0.316984 ^ _1073_/CLK (sky130_fd_sc_hd__dfxtp_2)
                                  0.100000    0.416984   clock uncertainty
                                  0.000000    0.416984   clock reconvergence pessimism
                                 -0.016456    0.400527   library hold time
                                              0.400527   data required time
---------------------------------------------------------------------------------------------
                                              0.400527   data required time
                                             -0.653962   data arrival time
---------------------------------------------------------------------------------------------
                                              0.253435   slack (MET)


Startpoint: _1125_ (rising edge-triggered flip-flop clocked by wr_clk)
Endpoint: _1125_ (rising edge-triggered flip-flop clocked by wr_clk)
Path Group: wr_clk
Path Type: min

Fanout         Cap        Slew       Delay        Time   Description
---------------------------------------------------------------------------------------------
                                  0.000000    0.000000   clock wr_clk (rise edge)
                                  0.000000    0.000000   clock source latency
     1    0.027351    0.000000    0.000000    0.000000 ^ wr_clk (in)
                                                         wr_clk (net)
                      0.002217    0.001109    0.001109 ^ clkbuf_0_wr_clk/A (sky130_fd_sc_hd__clkbuf_16)
    16    0.111526    0.098120    0.123922    0.125030 ^ clkbuf_0_wr_clk/X (sky130_fd_sc_hd__clkbuf_16)
                                                         clknet_0_wr_clk (net)
                      0.100147    0.011139    0.136169 ^ clkbuf_4_1_0_wr_clk/A (sky130_fd_sc_hd__clkbuf_8)
     2    0.018511    0.036809    0.104996    0.241165 ^ clkbuf_4_1_0_wr_clk/X (sky130_fd_sc_hd__clkbuf_8)
                                                         clknet_4_1_0_wr_clk (net)
                      0.036860    0.001178    0.242343 ^ clkbuf_5_2__f_wr_clk/A (sky130_fd_sc_hd__clkbuf_16)
     5    0.017246    0.029375    0.083978    0.326321 ^ clkbuf_5_2__f_wr_clk/X (sky130_fd_sc_hd__clkbuf_16)
                                                         clknet_5_2__leaf_wr_clk (net)
                      0.029381    0.000583    0.326904 ^ _1125_/CLK (sky130_fd_sc_hd__dfxtp_2)
     2    0.005548    0.030225    0.194508    0.521412 ^ _1125_/Q (sky130_fd_sc_hd__dfxtp_2)
                                                         u_fifomem.mem[1][7] (net)
                      0.030225    0.000311    0.521723 ^ _0922_/A0 (sky130_fd_sc_hd__mux2_2)
     1    0.003339    0.026344    0.086061    0.607784 ^ _0922_/X (sky130_fd_sc_hd__mux2_2)
                                                         _0441_ (net)
                      0.026346    0.000212    0.607997 ^ _0923_/A (sky130_fd_sc_hd__buf_2)
     1    0.002429    0.017977    0.055801    0.663797 ^ _0923_/X (sky130_fd_sc_hd__buf_2)
                                                         _0065_ (net)
                      0.017980    0.000167    0.663964 ^ _1125_/D (sky130_fd_sc_hd__dfxtp_2)
                                              0.663964   data arrival time

                                  0.000000    0.000000   clock wr_clk (rise edge)
                                  0.000000    0.000000   clock source latency
     1    0.027351    0.000000    0.000000    0.000000 ^ wr_clk (in)
                                                         wr_clk (net)
                      0.002217    0.001109    0.001109 ^ clkbuf_0_wr_clk/A (sky130_fd_sc_hd__clkbuf_16)
    16    0.111526    0.098120    0.123922    0.125030 ^ clkbuf_0_wr_clk/X (sky130_fd_sc_hd__clkbuf_16)
                                                         clknet_0_wr_clk (net)
                      0.100147    0.011139    0.136169 ^ clkbuf_4_1_0_wr_clk/A (sky130_fd_sc_hd__clkbuf_8)
     2    0.018511    0.036809    0.104996    0.241165 ^ clkbuf_4_1_0_wr_clk/X (sky130_fd_sc_hd__clkbuf_8)
                                                         clknet_4_1_0_wr_clk (net)
                      0.036860    0.001178    0.242343 ^ clkbuf_5_2__f_wr_clk/A (sky130_fd_sc_hd__clkbuf_16)
     5    0.017246    0.029375    0.083978    0.326321 ^ clkbuf_5_2__f_wr_clk/X (sky130_fd_sc_hd__clkbuf_16)
                                                         clknet_5_2__leaf_wr_clk (net)
                      0.029381    0.000583    0.326904 ^ _1125_/CLK (sky130_fd_sc_hd__dfxtp_2)
                                  0.100000    0.426904   clock uncertainty
                                  0.000000    0.426904   clock reconvergence pessimism
                                 -0.016417    0.410487   library hold time
                                              0.410487   data required time
---------------------------------------------------------------------------------------------
                                              0.410487   data required time
                                             -0.663964   data arrival time
---------------------------------------------------------------------------------------------
                                              0.253477   slack (MET)


Startpoint: _1069_ (rising edge-triggered flip-flop clocked by wr_clk)
Endpoint: _1069_ (rising edge-triggered flip-flop clocked by wr_clk)
Path Group: wr_clk
Path Type: min

Fanout         Cap        Slew       Delay        Time   Description
---------------------------------------------------------------------------------------------
                                  0.000000    0.000000   clock wr_clk (rise edge)
                                  0.000000    0.000000   clock source latency
     1    0.027351    0.000000    0.000000    0.000000 ^ wr_clk (in)
                                                         wr_clk (net)
                      0.002217    0.001109    0.001109 ^ clkbuf_0_wr_clk/A (sky130_fd_sc_hd__clkbuf_16)
    16    0.111526    0.098120    0.123922    0.125030 ^ clkbuf_0_wr_clk/X (sky130_fd_sc_hd__clkbuf_16)
                                                         clknet_0_wr_clk (net)
                      0.100147    0.011139    0.136169 ^ clkbuf_4_1_0_wr_clk/A (sky130_fd_sc_hd__clkbuf_8)
     2    0.018511    0.036809    0.104996    0.241165 ^ clkbuf_4_1_0_wr_clk/X (sky130_fd_sc_hd__clkbuf_8)
                                                         clknet_4_1_0_wr_clk (net)
                      0.036860    0.001178    0.242343 ^ clkbuf_5_2__f_wr_clk/A (sky130_fd_sc_hd__clkbuf_16)
     5    0.017246    0.029375    0.083978    0.326321 ^ clkbuf_5_2__f_wr_clk/X (sky130_fd_sc_hd__clkbuf_16)
                                                         clknet_5_2__leaf_wr_clk (net)
                      0.029388    0.001026    0.327347 ^ _1069_/CLK (sky130_fd_sc_hd__dfxtp_2)
     2    0.005693    0.030708    0.194923    0.522270 ^ _1069_/Q (sky130_fd_sc_hd__dfxtp_2)
                                                         u_fifomem.mem[0][7] (net)
                      0.030708    0.000275    0.522545 ^ _0800_/A0 (sky130_fd_sc_hd__mux2_2)
     1    0.004005    0.028691    0.088642    0.611187 ^ _0800_/X (sky130_fd_sc_hd__mux2_2)
                                                         _0375_ (net)
                      0.028697    0.000250    0.611437 ^ _0801_/A (sky130_fd_sc_hd__buf_1)
     1    0.002926    0.033180    0.052058    0.663495 ^ _0801_/X (sky130_fd_sc_hd__buf_1)
                                                         _0009_ (net)
                      0.033180    0.000116    0.663612 ^ _1069_/D (sky130_fd_sc_hd__dfxtp_2)
                                              0.663612   data arrival time

                                  0.000000    0.000000   clock wr_clk (rise edge)
                                  0.000000    0.000000   clock source latency
     1    0.027351    0.000000    0.000000    0.000000 ^ wr_clk (in)
                                                         wr_clk (net)
                      0.002217    0.001109    0.001109 ^ clkbuf_0_wr_clk/A (sky130_fd_sc_hd__clkbuf_16)
    16    0.111526    0.098120    0.123922    0.125030 ^ clkbuf_0_wr_clk/X (sky130_fd_sc_hd__clkbuf_16)
                                                         clknet_0_wr_clk (net)
                      0.100147    0.011139    0.136169 ^ clkbuf_4_1_0_wr_clk/A (sky130_fd_sc_hd__clkbuf_8)
     2    0.018511    0.036809    0.104996    0.241165 ^ clkbuf_4_1_0_wr_clk/X (sky130_fd_sc_hd__clkbuf_8)
                                                         clknet_4_1_0_wr_clk (net)
                      0.036860    0.001178    0.242343 ^ clkbuf_5_2__f_wr_clk/A (sky130_fd_sc_hd__clkbuf_16)
     5    0.017246    0.029375    0.083978    0.326321 ^ clkbuf_5_2__f_wr_clk/X (sky130_fd_sc_hd__clkbuf_16)
                                                         clknet_5_2__leaf_wr_clk (net)
                      0.029388    0.001026    0.327347 ^ _1069_/CLK (sky130_fd_sc_hd__dfxtp_2)
                                  0.100000    0.427347   clock uncertainty
                                  0.000000    0.427347   clock reconvergence pessimism
                                 -0.017493    0.409855   library hold time
                                              0.409855   data required time
---------------------------------------------------------------------------------------------
                                              0.409855   data required time
                                             -0.663612   data arrival time
---------------------------------------------------------------------------------------------
                                              0.253757   slack (MET)


Startpoint: _1177_ (rising edge-triggered flip-flop clocked by wr_clk)
Endpoint: _1177_ (rising edge-triggered flip-flop clocked by wr_clk)
Path Group: wr_clk
Path Type: min

Fanout         Cap        Slew       Delay        Time   Description
---------------------------------------------------------------------------------------------
                                  0.000000    0.000000   clock wr_clk (rise edge)
                                  0.000000    0.000000   clock source latency
     1    0.027351    0.000000    0.000000    0.000000 ^ wr_clk (in)
                                                         wr_clk (net)
                      0.002217    0.001109    0.001109 ^ clkbuf_0_wr_clk/A (sky130_fd_sc_hd__clkbuf_16)
    16    0.111526    0.098120    0.123922    0.125030 ^ clkbuf_0_wr_clk/X (sky130_fd_sc_hd__clkbuf_16)
                                                         clknet_0_wr_clk (net)
                      0.098125    0.000633    0.125664 ^ clkbuf_4_13_0_wr_clk/A (sky130_fd_sc_hd__clkbuf_8)
     2    0.019504    0.037934    0.105379    0.231042 ^ clkbuf_4_13_0_wr_clk/X (sky130_fd_sc_hd__clkbuf_8)
                                                         clknet_4_13_0_wr_clk (net)
                      0.037995    0.001313    0.232355 ^ clkbuf_5_26__f_wr_clk/A (sky130_fd_sc_hd__clkbuf_16)
     5    0.016587    0.028912    0.084097    0.316452 ^ clkbuf_5_26__f_wr_clk/X (sky130_fd_sc_hd__clkbuf_16)
                                                         clknet_5_26__leaf_wr_clk (net)
                      0.028917    0.000418    0.316871 ^ _1177_/CLK (sky130_fd_sc_hd__dfxtp_2)
     2    0.006052    0.031886    0.195697    0.512568 ^ _1177_/Q (sky130_fd_sc_hd__dfxtp_2)
                                                         u_fifomem.mem[8][3] (net)
                      0.031886    0.000358    0.512927 ^ _1035_/A0 (sky130_fd_sc_hd__mux2_2)
     1    0.003065    0.025544    0.085505    0.598432 ^ _1035_/X (sky130_fd_sc_hd__mux2_2)
                                                         _0502_ (net)
                      0.025545    0.000203    0.598634 ^ _1036_/A (sky130_fd_sc_hd__buf_1)
     1    0.003374    0.036804    0.054072    0.652706 ^ _1036_/X (sky130_fd_sc_hd__buf_1)
                                                         _0117_ (net)
                      0.036805    0.000235    0.652941 ^ _1177_/D (sky130_fd_sc_hd__dfxtp_2)
                                              0.652941   data arrival time

                                  0.000000    0.000000   clock wr_clk (rise edge)
                                  0.000000    0.000000   clock source latency
     1    0.027351    0.000000    0.000000    0.000000 ^ wr_clk (in)
                                                         wr_clk (net)
                      0.002217    0.001109    0.001109 ^ clkbuf_0_wr_clk/A (sky130_fd_sc_hd__clkbuf_16)
    16    0.111526    0.098120    0.123922    0.125030 ^ clkbuf_0_wr_clk/X (sky130_fd_sc_hd__clkbuf_16)
                                                         clknet_0_wr_clk (net)
                      0.098125    0.000633    0.125664 ^ clkbuf_4_13_0_wr_clk/A (sky130_fd_sc_hd__clkbuf_8)
     2    0.019504    0.037934    0.105379    0.231042 ^ clkbuf_4_13_0_wr_clk/X (sky130_fd_sc_hd__clkbuf_8)
                                                         clknet_4_13_0_wr_clk (net)
                      0.037995    0.001313    0.232355 ^ clkbuf_5_26__f_wr_clk/A (sky130_fd_sc_hd__clkbuf_16)
     5    0.016587    0.028912    0.084097    0.316452 ^ clkbuf_5_26__f_wr_clk/X (sky130_fd_sc_hd__clkbuf_16)
                                                         clknet_5_26__leaf_wr_clk (net)
                      0.028917    0.000418    0.316871 ^ _1177_/CLK (sky130_fd_sc_hd__dfxtp_2)
                                  0.100000    0.416871   clock uncertainty
                                  0.000000    0.416871   clock reconvergence pessimism
                                 -0.017761    0.399110   library hold time
                                              0.399110   data required time
---------------------------------------------------------------------------------------------
                                              0.399110   data required time
                                             -0.652941   data arrival time
---------------------------------------------------------------------------------------------
                                              0.253831   slack (MET)


Startpoint: _1164_ (rising edge-triggered flip-flop clocked by wr_clk)
Endpoint: _1164_ (rising edge-triggered flip-flop clocked by wr_clk)
Path Group: wr_clk
Path Type: min

Fanout         Cap        Slew       Delay        Time   Description
---------------------------------------------------------------------------------------------
                                  0.000000    0.000000   clock wr_clk (rise edge)
                                  0.000000    0.000000   clock source latency
     1    0.027351    0.000000    0.000000    0.000000 ^ wr_clk (in)
                                                         wr_clk (net)
                      0.002217    0.001109    0.001109 ^ clkbuf_0_wr_clk/A (sky130_fd_sc_hd__clkbuf_16)
    16    0.111526    0.098120    0.123922    0.125030 ^ clkbuf_0_wr_clk/X (sky130_fd_sc_hd__clkbuf_16)
                                                         clknet_0_wr_clk (net)
                      0.098124    0.000576    0.125606 ^ clkbuf_4_12_0_wr_clk/A (sky130_fd_sc_hd__clkbuf_8)
     2    0.020414    0.038981    0.106337    0.231943 ^ clkbuf_4_12_0_wr_clk/X (sky130_fd_sc_hd__clkbuf_8)
                                                         clknet_4_12_0_wr_clk (net)
                      0.039053    0.001448    0.233390 ^ clkbuf_5_25__f_wr_clk/A (sky130_fd_sc_hd__clkbuf_16)
     6    0.024267    0.034113    0.089306    0.322696 ^ clkbuf_5_25__f_wr_clk/X (sky130_fd_sc_hd__clkbuf_16)
                                                         clknet_5_25__leaf_wr_clk (net)
                      0.034210    0.001505    0.324202 ^ _1164_/CLK (sky130_fd_sc_hd__dfxtp_2)
     2    0.005120    0.028815    0.194825    0.519026 ^ _1164_/Q (sky130_fd_sc_hd__dfxtp_2)
                                                         u_fifomem.mem[6][6] (net)
                      0.028822    0.000314    0.519340 ^ _1006_/A0 (sky130_fd_sc_hd__mux2_2)
     1    0.003502    0.026961    0.086269    0.605609 ^ _1006_/X (sky130_fd_sc_hd__mux2_2)
                                                         _0486_ (net)
                      0.026963    0.000224    0.605833 ^ _1007_/A (sky130_fd_sc_hd__buf_2)
     1    0.002382    0.017839    0.055846    0.661679 ^ _1007_/X (sky130_fd_sc_hd__buf_2)
                                                         _0104_ (net)
                      0.017839    0.000173    0.661852 ^ _1164_/D (sky130_fd_sc_hd__dfxtp_2)
                                              0.661852   data arrival time

                                  0.000000    0.000000   clock wr_clk (rise edge)
                                  0.000000    0.000000   clock source latency
     1    0.027351    0.000000    0.000000    0.000000 ^ wr_clk (in)
                                                         wr_clk (net)
                      0.002217    0.001109    0.001109 ^ clkbuf_0_wr_clk/A (sky130_fd_sc_hd__clkbuf_16)
    16    0.111526    0.098120    0.123922    0.125030 ^ clkbuf_0_wr_clk/X (sky130_fd_sc_hd__clkbuf_16)
                                                         clknet_0_wr_clk (net)
                      0.098124    0.000576    0.125606 ^ clkbuf_4_12_0_wr_clk/A (sky130_fd_sc_hd__clkbuf_8)
     2    0.020414    0.038981    0.106337    0.231943 ^ clkbuf_4_12_0_wr_clk/X (sky130_fd_sc_hd__clkbuf_8)
                                                         clknet_4_12_0_wr_clk (net)
                      0.039053    0.001448    0.233390 ^ clkbuf_5_25__f_wr_clk/A (sky130_fd_sc_hd__clkbuf_16)
     6    0.024267    0.034113    0.089306    0.322696 ^ clkbuf_5_25__f_wr_clk/X (sky130_fd_sc_hd__clkbuf_16)
                                                         clknet_5_25__leaf_wr_clk (net)
                      0.034210    0.001505    0.324202 ^ _1164_/CLK (sky130_fd_sc_hd__dfxtp_2)
                                  0.100000    0.424202   clock uncertainty
                                  0.000000    0.424202   clock reconvergence pessimism
                                 -0.016292    0.407909   library hold time
                                              0.407909   data required time
---------------------------------------------------------------------------------------------
                                              0.407909   data required time
                                             -0.661852   data arrival time
---------------------------------------------------------------------------------------------
                                              0.253943   slack (MET)


Startpoint: _1120_ (rising edge-triggered flip-flop clocked by wr_clk)
Endpoint: _1120_ (rising edge-triggered flip-flop clocked by wr_clk)
Path Group: wr_clk
Path Type: min

Fanout         Cap        Slew       Delay        Time   Description
---------------------------------------------------------------------------------------------
                                  0.000000    0.000000   clock wr_clk (rise edge)
                                  0.000000    0.000000   clock source latency
     1    0.027351    0.000000    0.000000    0.000000 ^ wr_clk (in)
                                                         wr_clk (net)
                      0.002217    0.001109    0.001109 ^ clkbuf_0_wr_clk/A (sky130_fd_sc_hd__clkbuf_16)
    16    0.111526    0.098120    0.123922    0.125030 ^ clkbuf_0_wr_clk/X (sky130_fd_sc_hd__clkbuf_16)
                                                         clknet_0_wr_clk (net)
                      0.100150    0.011146    0.136176 ^ clkbuf_4_0_0_wr_clk/A (sky130_fd_sc_hd__clkbuf_8)
     2    0.018929    0.037304    0.105345    0.241522 ^ clkbuf_4_0_0_wr_clk/X (sky130_fd_sc_hd__clkbuf_8)
                                                         clknet_4_0_0_wr_clk (net)
                      0.037366    0.001319    0.242841 ^ clkbuf_5_0__f_wr_clk/A (sky130_fd_sc_hd__clkbuf_16)
     5    0.019291    0.030719    0.085521    0.328362 ^ clkbuf_5_0__f_wr_clk/X (sky130_fd_sc_hd__clkbuf_16)
                                                         clknet_5_0__leaf_wr_clk (net)
                      0.030740    0.001243    0.329605 ^ _1120_/CLK (sky130_fd_sc_hd__dfxtp_2)
     2    0.006506    0.033394    0.197443    0.527048 ^ _1120_/Q (sky130_fd_sc_hd__dfxtp_2)
                                                         u_fifomem.mem[1][2] (net)
                      0.033394    0.000388    0.527437 ^ _0912_/A0 (sky130_fd_sc_hd__mux2_2)
     1    0.002831    0.024789    0.085067    0.612504 ^ _0912_/X (sky130_fd_sc_hd__mux2_2)
                                                         _0436_ (net)
                      0.024795    0.000184    0.612688 ^ _0913_/A (sky130_fd_sc_hd__buf_2)
     1    0.002143    0.017120    0.054498    0.667186 ^ _0913_/X (sky130_fd_sc_hd__buf_2)
                                                         _0060_ (net)
                      0.017120    0.000148    0.667333 ^ _1120_/D (sky130_fd_sc_hd__dfxtp_2)
                                              0.667333   data arrival time

                                  0.000000    0.000000   clock wr_clk (rise edge)
                                  0.000000    0.000000   clock source latency
     1    0.027351    0.000000    0.000000    0.000000 ^ wr_clk (in)
                                                         wr_clk (net)
                      0.002217    0.001109    0.001109 ^ clkbuf_0_wr_clk/A (sky130_fd_sc_hd__clkbuf_16)
    16    0.111526    0.098120    0.123922    0.125030 ^ clkbuf_0_wr_clk/X (sky130_fd_sc_hd__clkbuf_16)
                                                         clknet_0_wr_clk (net)
                      0.100150    0.011146    0.136176 ^ clkbuf_4_0_0_wr_clk/A (sky130_fd_sc_hd__clkbuf_8)
     2    0.018929    0.037304    0.105345    0.241522 ^ clkbuf_4_0_0_wr_clk/X (sky130_fd_sc_hd__clkbuf_8)
                                                         clknet_4_0_0_wr_clk (net)
                      0.037366    0.001319    0.242841 ^ clkbuf_5_0__f_wr_clk/A (sky130_fd_sc_hd__clkbuf_16)
     5    0.019291    0.030719    0.085521    0.328362 ^ clkbuf_5_0__f_wr_clk/X (sky130_fd_sc_hd__clkbuf_16)
                                                         clknet_5_0__leaf_wr_clk (net)
                      0.030740    0.001243    0.329605 ^ _1120_/CLK (sky130_fd_sc_hd__dfxtp_2)
                                  0.100000    0.429605   clock uncertainty
                                  0.000000    0.429605   clock reconvergence pessimism
                                 -0.016324    0.413281   library hold time
                                              0.413281   data required time
---------------------------------------------------------------------------------------------
                                              0.413281   data required time
                                             -0.667333   data arrival time
---------------------------------------------------------------------------------------------
                                              0.254052   slack (MET)


Startpoint: _1100_ (rising edge-triggered flip-flop clocked by wr_clk)
Endpoint: _1100_ (rising edge-triggered flip-flop clocked by wr_clk)
Path Group: wr_clk
Path Type: min

Fanout         Cap        Slew       Delay        Time   Description
---------------------------------------------------------------------------------------------
                                  0.000000    0.000000   clock wr_clk (rise edge)
                                  0.000000    0.000000   clock source latency
     1    0.027351    0.000000    0.000000    0.000000 ^ wr_clk (in)
                                                         wr_clk (net)
                      0.002217    0.001109    0.001109 ^ clkbuf_0_wr_clk/A (sky130_fd_sc_hd__clkbuf_16)
    16    0.111526    0.098120    0.123922    0.125030 ^ clkbuf_0_wr_clk/X (sky130_fd_sc_hd__clkbuf_16)
                                                         clknet_0_wr_clk (net)
                      0.098125    0.000633    0.125664 ^ clkbuf_4_13_0_wr_clk/A (sky130_fd_sc_hd__clkbuf_8)
     2    0.019504    0.037934    0.105379    0.231042 ^ clkbuf_4_13_0_wr_clk/X (sky130_fd_sc_hd__clkbuf_8)
                                                         clknet_4_13_0_wr_clk (net)
                      0.038007    0.001426    0.232469 ^ clkbuf_5_27__f_wr_clk/A (sky130_fd_sc_hd__clkbuf_16)
     5    0.018742    0.030361    0.085326    0.317794 ^ clkbuf_5_27__f_wr_clk/X (sky130_fd_sc_hd__clkbuf_16)
                                                         clknet_5_27__leaf_wr_clk (net)
                      0.030383    0.001331    0.319125 ^ _1100_/CLK (sky130_fd_sc_hd__dfxtp_2)
     2    0.005775    0.030964    0.195387    0.514512 ^ _1100_/Q (sky130_fd_sc_hd__dfxtp_2)
                                                         u_fifomem.mem[13][6] (net)
                      0.030964    0.000357    0.514869 ^ _0868_/A0 (sky130_fd_sc_hd__mux2_2)
     1    0.003708    0.027653    0.087616    0.602485 ^ _0868_/X (sky130_fd_sc_hd__mux2_2)
                                                         _0412_ (net)
                      0.027655    0.000235    0.602720 ^ _0869_/A (sky130_fd_sc_hd__buf_1)
     1    0.003080    0.034418    0.052748    0.655468 ^ _0869_/X (sky130_fd_sc_hd__buf_1)
                                                         _0040_ (net)
                      0.034419    0.000190    0.655658 ^ _1100_/D (sky130_fd_sc_hd__dfxtp_2)
                                              0.655658   data arrival time

                                  0.000000    0.000000   clock wr_clk (rise edge)
                                  0.000000    0.000000   clock source latency
     1    0.027351    0.000000    0.000000    0.000000 ^ wr_clk (in)
                                                         wr_clk (net)
                      0.002217    0.001109    0.001109 ^ clkbuf_0_wr_clk/A (sky130_fd_sc_hd__clkbuf_16)
    16    0.111526    0.098120    0.123922    0.125030 ^ clkbuf_0_wr_clk/X (sky130_fd_sc_hd__clkbuf_16)
                                                         clknet_0_wr_clk (net)
                      0.098125    0.000633    0.125664 ^ clkbuf_4_13_0_wr_clk/A (sky130_fd_sc_hd__clkbuf_8)
     2    0.019504    0.037934    0.105379    0.231042 ^ clkbuf_4_13_0_wr_clk/X (sky130_fd_sc_hd__clkbuf_8)
                                                         clknet_4_13_0_wr_clk (net)
                      0.038007    0.001426    0.232469 ^ clkbuf_5_27__f_wr_clk/A (sky130_fd_sc_hd__clkbuf_16)
     5    0.018742    0.030361    0.085326    0.317794 ^ clkbuf_5_27__f_wr_clk/X (sky130_fd_sc_hd__clkbuf_16)
                                                         clknet_5_27__leaf_wr_clk (net)
                      0.030383    0.001331    0.319125 ^ _1100_/CLK (sky130_fd_sc_hd__dfxtp_2)
                                  0.100000    0.419125   clock uncertainty
                                  0.000000    0.419125   clock reconvergence pessimism
                                 -0.017557    0.401569   library hold time
                                              0.401569   data required time
---------------------------------------------------------------------------------------------
                                              0.401569   data required time
                                             -0.655658   data arrival time
---------------------------------------------------------------------------------------------
                                              0.254089   slack (MET)


Startpoint: _1139_ (rising edge-triggered flip-flop clocked by wr_clk)
Endpoint: _1139_ (rising edge-triggered flip-flop clocked by wr_clk)
Path Group: wr_clk
Path Type: min

Fanout         Cap        Slew       Delay        Time   Description
---------------------------------------------------------------------------------------------
                                  0.000000    0.000000   clock wr_clk (rise edge)
                                  0.000000    0.000000   clock source latency
     1    0.027351    0.000000    0.000000    0.000000 ^ wr_clk (in)
                                                         wr_clk (net)
                      0.002217    0.001109    0.001109 ^ clkbuf_0_wr_clk/A (sky130_fd_sc_hd__clkbuf_16)
    16    0.111526    0.098120    0.123922    0.125030 ^ clkbuf_0_wr_clk/X (sky130_fd_sc_hd__clkbuf_16)
                                                         clknet_0_wr_clk (net)
                      0.098798    0.006551    0.131582 ^ clkbuf_4_8_0_wr_clk/A (sky130_fd_sc_hd__clkbuf_8)
     2    0.020863    0.039514    0.106974    0.238556 ^ clkbuf_4_8_0_wr_clk/X (sky130_fd_sc_hd__clkbuf_8)
                                                         clknet_4_8_0_wr_clk (net)
                      0.039595    0.001546    0.240101 ^ clkbuf_5_17__f_wr_clk/A (sky130_fd_sc_hd__clkbuf_16)
     5    0.016214    0.028704    0.084091    0.324192 ^ clkbuf_5_17__f_wr_clk/X (sky130_fd_sc_hd__clkbuf_16)
                                                         clknet_5_17__leaf_wr_clk (net)
                      0.028718    0.001075    0.325267 ^ _1139_/CLK (sky130_fd_sc_hd__dfxtp_2)
     2    0.006680    0.033992    0.197388    0.522655 ^ _1139_/Q (sky130_fd_sc_hd__dfxtp_2)
                                                         u_fifomem.mem[3][5] (net)
                      0.033992    0.000211    0.522865 ^ _0952_/A0 (sky130_fd_sc_hd__mux2_2)
     1    0.002588    0.024014    0.084337    0.607203 ^ _0952_/X (sky130_fd_sc_hd__mux2_2)
                                                         _0457_ (net)
                      0.024014    0.000172    0.607374 ^ _0953_/A (sky130_fd_sc_hd__buf_2)
     1    0.002539    0.018300    0.055411    0.662785 ^ _0953_/X (sky130_fd_sc_hd__buf_2)
                                                         _0079_ (net)
                      0.018303    0.000184    0.662970 ^ _1139_/D (sky130_fd_sc_hd__dfxtp_2)
                                              0.662970   data arrival time

                                  0.000000    0.000000   clock wr_clk (rise edge)
                                  0.000000    0.000000   clock source latency
     1    0.027351    0.000000    0.000000    0.000000 ^ wr_clk (in)
                                                         wr_clk (net)
                      0.002217    0.001109    0.001109 ^ clkbuf_0_wr_clk/A (sky130_fd_sc_hd__clkbuf_16)
    16    0.111526    0.098120    0.123922    0.125030 ^ clkbuf_0_wr_clk/X (sky130_fd_sc_hd__clkbuf_16)
                                                         clknet_0_wr_clk (net)
                      0.098798    0.006551    0.131582 ^ clkbuf_4_8_0_wr_clk/A (sky130_fd_sc_hd__clkbuf_8)
     2    0.020863    0.039514    0.106974    0.238556 ^ clkbuf_4_8_0_wr_clk/X (sky130_fd_sc_hd__clkbuf_8)
                                                         clknet_4_8_0_wr_clk (net)
                      0.039595    0.001546    0.240101 ^ clkbuf_5_17__f_wr_clk/A (sky130_fd_sc_hd__clkbuf_16)
     5    0.016214    0.028704    0.084091    0.324192 ^ clkbuf_5_17__f_wr_clk/X (sky130_fd_sc_hd__clkbuf_16)
                                                         clknet_5_17__leaf_wr_clk (net)
                      0.028718    0.001075    0.325267 ^ _1139_/CLK (sky130_fd_sc_hd__dfxtp_2)
                                  0.100000    0.425267   clock uncertainty
                                  0.000000    0.425267   clock reconvergence pessimism
                                 -0.016456    0.408812   library hold time
                                              0.408812   data required time
---------------------------------------------------------------------------------------------
                                              0.408812   data required time
                                             -0.662970   data arrival time
---------------------------------------------------------------------------------------------
                                              0.254158   slack (MET)


Startpoint: _1188_ (rising edge-triggered flip-flop clocked by wr_clk)
Endpoint: _1188_ (rising edge-triggered flip-flop clocked by wr_clk)
Path Group: wr_clk
Path Type: min

Fanout         Cap        Slew       Delay        Time   Description
---------------------------------------------------------------------------------------------
                                  0.000000    0.000000   clock wr_clk (rise edge)
                                  0.000000    0.000000   clock source latency
     1    0.027351    0.000000    0.000000    0.000000 ^ wr_clk (in)
                                                         wr_clk (net)
                      0.002217    0.001109    0.001109 ^ clkbuf_0_wr_clk/A (sky130_fd_sc_hd__clkbuf_16)
    16    0.111526    0.098120    0.123922    0.125030 ^ clkbuf_0_wr_clk/X (sky130_fd_sc_hd__clkbuf_16)
                                                         clknet_0_wr_clk (net)
                      0.098125    0.000633    0.125664 ^ clkbuf_4_13_0_wr_clk/A (sky130_fd_sc_hd__clkbuf_8)
     2    0.019504    0.037934    0.105379    0.231042 ^ clkbuf_4_13_0_wr_clk/X (sky130_fd_sc_hd__clkbuf_8)
                                                         clknet_4_13_0_wr_clk (net)
                      0.038007    0.001426    0.232469 ^ clkbuf_5_27__f_wr_clk/A (sky130_fd_sc_hd__clkbuf_16)
     5    0.018742    0.030361    0.085326    0.317794 ^ clkbuf_5_27__f_wr_clk/X (sky130_fd_sc_hd__clkbuf_16)
                                                         clknet_5_27__leaf_wr_clk (net)
                      0.030380    0.001201    0.318995 ^ _1188_/CLK (sky130_fd_sc_hd__dfxtp_2)
     2    0.005338    0.029548    0.194291    0.513286 ^ _1188_/Q (sky130_fd_sc_hd__dfxtp_2)
                                                         u_fifomem.mem[9][6] (net)
                      0.029548    0.000254    0.513540 ^ _1058_/A0 (sky130_fd_sc_hd__mux2_2)
     1    0.002673    0.024293    0.083432    0.596973 ^ _1058_/X (sky130_fd_sc_hd__mux2_2)
                                                         _0514_ (net)
                      0.024293    0.000126    0.597099 ^ _1059_/A (sky130_fd_sc_hd__buf_1)
     1    0.004064    0.042550    0.057899    0.654998 ^ _1059_/X (sky130_fd_sc_hd__buf_1)
                                                         _0128_ (net)
                      0.042551    0.000248    0.655246 ^ _1188_/D (sky130_fd_sc_hd__dfxtp_2)
                                              0.655246   data arrival time

                                  0.000000    0.000000   clock wr_clk (rise edge)
                                  0.000000    0.000000   clock source latency
     1    0.027351    0.000000    0.000000    0.000000 ^ wr_clk (in)
                                                         wr_clk (net)
                      0.002217    0.001109    0.001109 ^ clkbuf_0_wr_clk/A (sky130_fd_sc_hd__clkbuf_16)
    16    0.111526    0.098120    0.123922    0.125030 ^ clkbuf_0_wr_clk/X (sky130_fd_sc_hd__clkbuf_16)
                                                         clknet_0_wr_clk (net)
                      0.098125    0.000633    0.125664 ^ clkbuf_4_13_0_wr_clk/A (sky130_fd_sc_hd__clkbuf_8)
     2    0.019504    0.037934    0.105379    0.231042 ^ clkbuf_4_13_0_wr_clk/X (sky130_fd_sc_hd__clkbuf_8)
                                                         clknet_4_13_0_wr_clk (net)
                      0.038007    0.001426    0.232469 ^ clkbuf_5_27__f_wr_clk/A (sky130_fd_sc_hd__clkbuf_16)
     5    0.018742    0.030361    0.085326    0.317794 ^ clkbuf_5_27__f_wr_clk/X (sky130_fd_sc_hd__clkbuf_16)
                                                         clknet_5_27__leaf_wr_clk (net)
                      0.030380    0.001201    0.318995 ^ _1188_/CLK (sky130_fd_sc_hd__dfxtp_2)
                                  0.100000    0.418995   clock uncertainty
                                  0.000000    0.418995   clock reconvergence pessimism
                                 -0.018132    0.400863   library hold time
                                              0.400863   data required time
---------------------------------------------------------------------------------------------
                                              0.400863   data required time
                                             -0.655246   data arrival time
---------------------------------------------------------------------------------------------
                                              0.254384   slack (MET)


Startpoint: _1134_ (rising edge-triggered flip-flop clocked by wr_clk)
Endpoint: _1134_ (rising edge-triggered flip-flop clocked by wr_clk)
Path Group: wr_clk
Path Type: min

Fanout         Cap        Slew       Delay        Time   Description
---------------------------------------------------------------------------------------------
                                  0.000000    0.000000   clock wr_clk (rise edge)
                                  0.000000    0.000000   clock source latency
     1    0.027351    0.000000    0.000000    0.000000 ^ wr_clk (in)
                                                         wr_clk (net)
                      0.002217    0.001109    0.001109 ^ clkbuf_0_wr_clk/A (sky130_fd_sc_hd__clkbuf_16)
    16    0.111526    0.098120    0.123922    0.125030 ^ clkbuf_0_wr_clk/X (sky130_fd_sc_hd__clkbuf_16)
                                                         clknet_0_wr_clk (net)
                      0.100147    0.011139    0.136169 ^ clkbuf_4_1_0_wr_clk/A (sky130_fd_sc_hd__clkbuf_8)
     2    0.018511    0.036809    0.104996    0.241165 ^ clkbuf_4_1_0_wr_clk/X (sky130_fd_sc_hd__clkbuf_8)
                                                         clknet_4_1_0_wr_clk (net)
                      0.036852    0.001094    0.242259 ^ clkbuf_5_3__f_wr_clk/A (sky130_fd_sc_hd__clkbuf_16)
     5    0.014021    0.027216    0.082039    0.324298 ^ clkbuf_5_3__f_wr_clk/X (sky130_fd_sc_hd__clkbuf_16)
                                                         clknet_5_3__leaf_wr_clk (net)
                      0.027216    0.000512    0.324811 ^ _1134_/CLK (sky130_fd_sc_hd__dfxtp_2)
     2    0.006473    0.033287    0.196292    0.521103 ^ _1134_/Q (sky130_fd_sc_hd__dfxtp_2)
                                                         u_fifomem.mem[3][0] (net)
                      0.033287    0.000424    0.521527 ^ _0942_/A0 (sky130_fd_sc_hd__mux2_2)
     1    0.002406    0.023435    0.083469    0.604996 ^ _0942_/X (sky130_fd_sc_hd__mux2_2)
                                                         _0452_ (net)
                      0.023435    0.000166    0.605162 ^ _0943_/A (sky130_fd_sc_hd__buf_2)
     1    0.003223    0.020345    0.057247    0.662410 ^ _0943_/X (sky130_fd_sc_hd__buf_2)
                                                         _0074_ (net)
                      0.020345    0.000200    0.662610 ^ _1134_/D (sky130_fd_sc_hd__dfxtp_2)
                                              0.662610   data arrival time

                                  0.000000    0.000000   clock wr_clk (rise edge)
                                  0.000000    0.000000   clock source latency
     1    0.027351    0.000000    0.000000    0.000000 ^ wr_clk (in)
                                                         wr_clk (net)
                      0.002217    0.001109    0.001109 ^ clkbuf_0_wr_clk/A (sky130_fd_sc_hd__clkbuf_16)
    16    0.111526    0.098120    0.123922    0.125030 ^ clkbuf_0_wr_clk/X (sky130_fd_sc_hd__clkbuf_16)
                                                         clknet_0_wr_clk (net)
                      0.100147    0.011139    0.136169 ^ clkbuf_4_1_0_wr_clk/A (sky130_fd_sc_hd__clkbuf_8)
     2    0.018511    0.036809    0.104996    0.241165 ^ clkbuf_4_1_0_wr_clk/X (sky130_fd_sc_hd__clkbuf_8)
                                                         clknet_4_1_0_wr_clk (net)
                      0.036852    0.001094    0.242259 ^ clkbuf_5_3__f_wr_clk/A (sky130_fd_sc_hd__clkbuf_16)
     5    0.014021    0.027216    0.082039    0.324298 ^ clkbuf_5_3__f_wr_clk/X (sky130_fd_sc_hd__clkbuf_16)
                                                         clknet_5_3__leaf_wr_clk (net)
                      0.027216    0.000512    0.324811 ^ _1134_/CLK (sky130_fd_sc_hd__dfxtp_2)
                                  0.100000    0.424811   clock uncertainty
                                  0.000000    0.424811   clock reconvergence pessimism
                                 -0.016636    0.408175   library hold time
                                              0.408175   data required time
---------------------------------------------------------------------------------------------
                                              0.408175   data required time
                                             -0.662610   data arrival time
---------------------------------------------------------------------------------------------
                                              0.254435   slack (MET)


Startpoint: _1089_ (rising edge-triggered flip-flop clocked by wr_clk)
Endpoint: _1089_ (rising edge-triggered flip-flop clocked by wr_clk)
Path Group: wr_clk
Path Type: min

Fanout         Cap        Slew       Delay        Time   Description
---------------------------------------------------------------------------------------------
                                  0.000000    0.000000   clock wr_clk (rise edge)
                                  0.000000    0.000000   clock source latency
     1    0.027351    0.000000    0.000000    0.000000 ^ wr_clk (in)
                                                         wr_clk (net)
                      0.002217    0.001109    0.001109 ^ clkbuf_0_wr_clk/A (sky130_fd_sc_hd__clkbuf_16)
    16    0.111526    0.098120    0.123922    0.125030 ^ clkbuf_0_wr_clk/X (sky130_fd_sc_hd__clkbuf_16)
                                                         clknet_0_wr_clk (net)
                      0.098125    0.000633    0.125664 ^ clkbuf_4_13_0_wr_clk/A (sky130_fd_sc_hd__clkbuf_8)
     2    0.019504    0.037934    0.105379    0.231042 ^ clkbuf_4_13_0_wr_clk/X (sky130_fd_sc_hd__clkbuf_8)
                                                         clknet_4_13_0_wr_clk (net)
                      0.037995    0.001313    0.232355 ^ clkbuf_5_26__f_wr_clk/A (sky130_fd_sc_hd__clkbuf_16)
     5    0.016587    0.028912    0.084097    0.316452 ^ clkbuf_5_26__f_wr_clk/X (sky130_fd_sc_hd__clkbuf_16)
                                                         clknet_5_26__leaf_wr_clk (net)
                      0.028918    0.000543    0.316996 ^ _1089_/CLK (sky130_fd_sc_hd__dfxtp_2)
     2    0.005519    0.030125    0.194281    0.511277 ^ _1089_/Q (sky130_fd_sc_hd__dfxtp_2)
                                                         u_fifomem.mem[12][3] (net)
                      0.030125    0.000346    0.511623 ^ _0844_/A0 (sky130_fd_sc_hd__mux2_2)
     1    0.003671    0.027528    0.087238    0.598861 ^ _0844_/X (sky130_fd_sc_hd__mux2_2)
                                                         _0399_ (net)
                      0.027531    0.000256    0.599116 ^ _0845_/A (sky130_fd_sc_hd__buf_1)
     1    0.003368    0.036770    0.054442    0.653558 ^ _0845_/X (sky130_fd_sc_hd__buf_1)
                                                         _0029_ (net)
                      0.036771    0.000215    0.653774 ^ _1089_/D (sky130_fd_sc_hd__dfxtp_2)
                                              0.653774   data arrival time

                                  0.000000    0.000000   clock wr_clk (rise edge)
                                  0.000000    0.000000   clock source latency
     1    0.027351    0.000000    0.000000    0.000000 ^ wr_clk (in)
                                                         wr_clk (net)
                      0.002217    0.001109    0.001109 ^ clkbuf_0_wr_clk/A (sky130_fd_sc_hd__clkbuf_16)
    16    0.111526    0.098120    0.123922    0.125030 ^ clkbuf_0_wr_clk/X (sky130_fd_sc_hd__clkbuf_16)
                                                         clknet_0_wr_clk (net)
                      0.098125    0.000633    0.125664 ^ clkbuf_4_13_0_wr_clk/A (sky130_fd_sc_hd__clkbuf_8)
     2    0.019504    0.037934    0.105379    0.231042 ^ clkbuf_4_13_0_wr_clk/X (sky130_fd_sc_hd__clkbuf_8)
                                                         clknet_4_13_0_wr_clk (net)
                      0.037995    0.001313    0.232355 ^ clkbuf_5_26__f_wr_clk/A (sky130_fd_sc_hd__clkbuf_16)
     5    0.016587    0.028912    0.084097    0.316452 ^ clkbuf_5_26__f_wr_clk/X (sky130_fd_sc_hd__clkbuf_16)
                                                         clknet_5_26__leaf_wr_clk (net)
                      0.028918    0.000543    0.316996 ^ _1089_/CLK (sky130_fd_sc_hd__dfxtp_2)
                                  0.100000    0.416996   clock uncertainty
                                  0.000000    0.416996   clock reconvergence pessimism
                                 -0.017758    0.399238   library hold time
                                              0.399238   data required time
---------------------------------------------------------------------------------------------
                                              0.399238   data required time
                                             -0.653774   data arrival time
---------------------------------------------------------------------------------------------
                                              0.254536   slack (MET)


Startpoint: _1154_ (rising edge-triggered flip-flop clocked by wr_clk)
Endpoint: _1154_ (rising edge-triggered flip-flop clocked by wr_clk)
Path Group: wr_clk
Path Type: min

Fanout         Cap        Slew       Delay        Time   Description
---------------------------------------------------------------------------------------------
                                  0.000000    0.000000   clock wr_clk (rise edge)
                                  0.000000    0.000000   clock source latency
     1    0.027351    0.000000    0.000000    0.000000 ^ wr_clk (in)
                                                         wr_clk (net)
                      0.002217    0.001109    0.001109 ^ clkbuf_0_wr_clk/A (sky130_fd_sc_hd__clkbuf_16)
    16    0.111526    0.098120    0.123922    0.125030 ^ clkbuf_0_wr_clk/X (sky130_fd_sc_hd__clkbuf_16)
                                                         clknet_0_wr_clk (net)
                      0.098798    0.006551    0.131582 ^ clkbuf_4_8_0_wr_clk/A (sky130_fd_sc_hd__clkbuf_8)
     2    0.020863    0.039514    0.106974    0.238556 ^ clkbuf_4_8_0_wr_clk/X (sky130_fd_sc_hd__clkbuf_8)
                                                         clknet_4_8_0_wr_clk (net)
                      0.039569    0.001306    0.239862 ^ clkbuf_5_16__f_wr_clk/A (sky130_fd_sc_hd__clkbuf_16)
     5    0.014475    0.027551    0.083000    0.322862 ^ clkbuf_5_16__f_wr_clk/X (sky130_fd_sc_hd__clkbuf_16)
                                                         clknet_5_16__leaf_wr_clk (net)
                      0.027551    0.000487    0.323349 ^ _1154_/CLK (sky130_fd_sc_hd__dfxtp_2)
     2    0.005822    0.031128    0.194680    0.518029 ^ _1154_/Q (sky130_fd_sc_hd__dfxtp_2)
                                                         u_fifomem.mem[5][4] (net)
                      0.031128    0.000330    0.518359 ^ _0985_/A0 (sky130_fd_sc_hd__mux2_2)
     1    0.004242    0.029543    0.089620    0.607979 ^ _0985_/X (sky130_fd_sc_hd__mux2_2)
                                                         _0475_ (net)
                      0.029544    0.000278    0.608256 ^ _0986_/A (sky130_fd_sc_hd__buf_1)
     1    0.002913    0.033073    0.052119    0.660375 ^ _0986_/X (sky130_fd_sc_hd__buf_1)
                                                         _0094_ (net)
                      0.033074    0.000190    0.660565 ^ _1154_/D (sky130_fd_sc_hd__dfxtp_2)
                                              0.660565   data arrival time

                                  0.000000    0.000000   clock wr_clk (rise edge)
                                  0.000000    0.000000   clock source latency
     1    0.027351    0.000000    0.000000    0.000000 ^ wr_clk (in)
                                                         wr_clk (net)
                      0.002217    0.001109    0.001109 ^ clkbuf_0_wr_clk/A (sky130_fd_sc_hd__clkbuf_16)
    16    0.111526    0.098120    0.123922    0.125030 ^ clkbuf_0_wr_clk/X (sky130_fd_sc_hd__clkbuf_16)
                                                         clknet_0_wr_clk (net)
                      0.098798    0.006551    0.131582 ^ clkbuf_4_8_0_wr_clk/A (sky130_fd_sc_hd__clkbuf_8)
     2    0.020863    0.039514    0.106974    0.238556 ^ clkbuf_4_8_0_wr_clk/X (sky130_fd_sc_hd__clkbuf_8)
                                                         clknet_4_8_0_wr_clk (net)
                      0.039569    0.001306    0.239862 ^ clkbuf_5_16__f_wr_clk/A (sky130_fd_sc_hd__clkbuf_16)
     5    0.014475    0.027551    0.083000    0.322862 ^ clkbuf_5_16__f_wr_clk/X (sky130_fd_sc_hd__clkbuf_16)
                                                         clknet_5_16__leaf_wr_clk (net)
                      0.027551    0.000487    0.323349 ^ _1154_/CLK (sky130_fd_sc_hd__dfxtp_2)
                                  0.100000    0.423349   clock uncertainty
                                  0.000000    0.423349   clock reconvergence pessimism
                                 -0.017529    0.405820   library hold time
                                              0.405820   data required time
---------------------------------------------------------------------------------------------
                                              0.405820   data required time
                                             -0.660565   data arrival time
---------------------------------------------------------------------------------------------
                                              0.254745   slack (MET)


Startpoint: _1090_ (rising edge-triggered flip-flop clocked by wr_clk)
Endpoint: _1090_ (rising edge-triggered flip-flop clocked by wr_clk)
Path Group: wr_clk
Path Type: min

Fanout         Cap        Slew       Delay        Time   Description
---------------------------------------------------------------------------------------------
                                  0.000000    0.000000   clock wr_clk (rise edge)
                                  0.000000    0.000000   clock source latency
     1    0.027351    0.000000    0.000000    0.000000 ^ wr_clk (in)
                                                         wr_clk (net)
                      0.002217    0.001109    0.001109 ^ clkbuf_0_wr_clk/A (sky130_fd_sc_hd__clkbuf_16)
    16    0.111526    0.098120    0.123922    0.125030 ^ clkbuf_0_wr_clk/X (sky130_fd_sc_hd__clkbuf_16)
                                                         clknet_0_wr_clk (net)
                      0.099237    0.008319    0.133349 ^ clkbuf_4_3_0_wr_clk/A (sky130_fd_sc_hd__clkbuf_8)
     2    0.020354    0.038927    0.106583    0.239932 ^ clkbuf_4_3_0_wr_clk/X (sky130_fd_sc_hd__clkbuf_8)
                                                         clknet_4_3_0_wr_clk (net)
                      0.039000    0.001450    0.241382 ^ clkbuf_5_6__f_wr_clk/A (sky130_fd_sc_hd__clkbuf_16)
     5    0.015268    0.028046    0.083512    0.324893 ^ clkbuf_5_6__f_wr_clk/X (sky130_fd_sc_hd__clkbuf_16)
                                                         clknet_5_6__leaf_wr_clk (net)
                      0.028051    0.000524    0.325417 ^ _1090_/CLK (sky130_fd_sc_hd__dfxtp_2)
     2    0.008111    0.038799    0.200879    0.526296 ^ _1090_/Q (sky130_fd_sc_hd__dfxtp_2)
                                                         u_fifomem.mem[12][4] (net)
                      0.038835    0.000531    0.526827 ^ _0846_/A0 (sky130_fd_sc_hd__mux2_2)
     1    0.003428    0.026690    0.088753    0.615580 ^ _0846_/X (sky130_fd_sc_hd__mux2_2)
                                                         _0400_ (net)
                      0.026697    0.000227    0.615807 ^ _0847_/A (sky130_fd_sc_hd__buf_1)
     1    0.002230    0.027509    0.047457    0.663263 ^ _0847_/X (sky130_fd_sc_hd__buf_1)
                                                         _0030_ (net)
                      0.027509    0.000159    0.663422 ^ _1090_/D (sky130_fd_sc_hd__dfxtp_2)
                                              0.663422   data arrival time

                                  0.000000    0.000000   clock wr_clk (rise edge)
                                  0.000000    0.000000   clock source latency
     1    0.027351    0.000000    0.000000    0.000000 ^ wr_clk (in)
                                                         wr_clk (net)
                      0.002217    0.001109    0.001109 ^ clkbuf_0_wr_clk/A (sky130_fd_sc_hd__clkbuf_16)
    16    0.111526    0.098120    0.123922    0.125030 ^ clkbuf_0_wr_clk/X (sky130_fd_sc_hd__clkbuf_16)
                                                         clknet_0_wr_clk (net)
                      0.099237    0.008319    0.133349 ^ clkbuf_4_3_0_wr_clk/A (sky130_fd_sc_hd__clkbuf_8)
     2    0.020354    0.038927    0.106583    0.239932 ^ clkbuf_4_3_0_wr_clk/X (sky130_fd_sc_hd__clkbuf_8)
                                                         clknet_4_3_0_wr_clk (net)
                      0.039000    0.001450    0.241382 ^ clkbuf_5_6__f_wr_clk/A (sky130_fd_sc_hd__clkbuf_16)
     5    0.015268    0.028046    0.083512    0.324893 ^ clkbuf_5_6__f_wr_clk/X (sky130_fd_sc_hd__clkbuf_16)
                                                         clknet_5_6__leaf_wr_clk (net)
                      0.028051    0.000524    0.325417 ^ _1090_/CLK (sky130_fd_sc_hd__dfxtp_2)
                                  0.100000    0.425417   clock uncertainty
                                  0.000000    0.425417   clock reconvergence pessimism
                                 -0.017123    0.408294   library hold time
                                              0.408294   data required time
---------------------------------------------------------------------------------------------
                                              0.408294   data required time
                                             -0.663422   data arrival time
---------------------------------------------------------------------------------------------
                                              0.255128   slack (MET)


Startpoint: _1186_ (rising edge-triggered flip-flop clocked by wr_clk)
Endpoint: _1186_ (rising edge-triggered flip-flop clocked by wr_clk)
Path Group: wr_clk
Path Type: min

Fanout         Cap        Slew       Delay        Time   Description
---------------------------------------------------------------------------------------------
                                  0.000000    0.000000   clock wr_clk (rise edge)
                                  0.000000    0.000000   clock source latency
     1    0.027351    0.000000    0.000000    0.000000 ^ wr_clk (in)
                                                         wr_clk (net)
                      0.002217    0.001109    0.001109 ^ clkbuf_0_wr_clk/A (sky130_fd_sc_hd__clkbuf_16)
    16    0.111526    0.098120    0.123922    0.125030 ^ clkbuf_0_wr_clk/X (sky130_fd_sc_hd__clkbuf_16)
                                                         clknet_0_wr_clk (net)
                      0.099794    0.010130    0.135160 ^ clkbuf_4_2_0_wr_clk/A (sky130_fd_sc_hd__clkbuf_8)
     2    0.019567    0.037881    0.106206    0.241366 ^ clkbuf_4_2_0_wr_clk/X (sky130_fd_sc_hd__clkbuf_8)
                                                         clknet_4_2_0_wr_clk (net)
                      0.037902    0.000813    0.242179 ^ clkbuf_5_4__f_wr_clk/A (sky130_fd_sc_hd__clkbuf_16)
     5    0.016785    0.029042    0.084153    0.326333 ^ clkbuf_5_4__f_wr_clk/X (sky130_fd_sc_hd__clkbuf_16)
                                                         clknet_5_4__leaf_wr_clk (net)
                      0.029046    0.000376    0.326709 ^ _1186_/CLK (sky130_fd_sc_hd__dfxtp_2)
     2    0.005368    0.029630    0.193919    0.520628 ^ _1186_/Q (sky130_fd_sc_hd__dfxtp_2)
                                                         u_fifomem.mem[9][4] (net)
                      0.029630    0.000257    0.520885 ^ _1054_/A0 (sky130_fd_sc_hd__mux2_2)
     1    0.004419    0.030190    0.089850    0.610735 ^ _1054_/X (sky130_fd_sc_hd__mux2_2)
                                                         _0512_ (net)
                      0.030191    0.000303    0.611038 ^ _1055_/A (sky130_fd_sc_hd__buf_1)
     1    0.003049    0.034185    0.053063    0.664101 ^ _1055_/X (sky130_fd_sc_hd__buf_1)
                                                         _0126_ (net)
                      0.034185    0.000194    0.664296 ^ _1186_/D (sky130_fd_sc_hd__dfxtp_2)
                                              0.664296   data arrival time

                                  0.000000    0.000000   clock wr_clk (rise edge)
                                  0.000000    0.000000   clock source latency
     1    0.027351    0.000000    0.000000    0.000000 ^ wr_clk (in)
                                                         wr_clk (net)
                      0.002217    0.001109    0.001109 ^ clkbuf_0_wr_clk/A (sky130_fd_sc_hd__clkbuf_16)
    16    0.111526    0.098120    0.123922    0.125030 ^ clkbuf_0_wr_clk/X (sky130_fd_sc_hd__clkbuf_16)
                                                         clknet_0_wr_clk (net)
                      0.099794    0.010130    0.135160 ^ clkbuf_4_2_0_wr_clk/A (sky130_fd_sc_hd__clkbuf_8)
     2    0.019567    0.037881    0.106206    0.241366 ^ clkbuf_4_2_0_wr_clk/X (sky130_fd_sc_hd__clkbuf_8)
                                                         clknet_4_2_0_wr_clk (net)
                      0.037902    0.000813    0.242179 ^ clkbuf_5_4__f_wr_clk/A (sky130_fd_sc_hd__clkbuf_16)
     5    0.016785    0.029042    0.084153    0.326333 ^ clkbuf_5_4__f_wr_clk/X (sky130_fd_sc_hd__clkbuf_16)
                                                         clknet_5_4__leaf_wr_clk (net)
                      0.029046    0.000376    0.326709 ^ _1186_/CLK (sky130_fd_sc_hd__dfxtp_2)
                                  0.100000    0.426709   clock uncertainty
                                  0.000000    0.426709   clock reconvergence pessimism
                                 -0.017572    0.409137   library hold time
                                              0.409137   data required time
---------------------------------------------------------------------------------------------
                                              0.409137   data required time
                                             -0.664296   data arrival time
---------------------------------------------------------------------------------------------
                                              0.255159   slack (MET)


Startpoint: _1157_ (rising edge-triggered flip-flop clocked by wr_clk)
Endpoint: _1157_ (rising edge-triggered flip-flop clocked by wr_clk)
Path Group: wr_clk
Path Type: min

Fanout         Cap        Slew       Delay        Time   Description
---------------------------------------------------------------------------------------------
                                  0.000000    0.000000   clock wr_clk (rise edge)
                                  0.000000    0.000000   clock source latency
     1    0.027351    0.000000    0.000000    0.000000 ^ wr_clk (in)
                                                         wr_clk (net)
                      0.002217    0.001109    0.001109 ^ clkbuf_0_wr_clk/A (sky130_fd_sc_hd__clkbuf_16)
    16    0.111526    0.098120    0.123922    0.125030 ^ clkbuf_0_wr_clk/X (sky130_fd_sc_hd__clkbuf_16)
                                                         clknet_0_wr_clk (net)
                      0.098770    0.006422    0.131452 ^ clkbuf_4_9_0_wr_clk/A (sky130_fd_sc_hd__clkbuf_8)
     2    0.019640    0.038116    0.105604    0.237057 ^ clkbuf_4_9_0_wr_clk/X (sky130_fd_sc_hd__clkbuf_8)
                                                         clknet_4_9_0_wr_clk (net)
                      0.038187    0.001428    0.238485 ^ clkbuf_5_18__f_wr_clk/A (sky130_fd_sc_hd__clkbuf_16)
     5    0.015899    0.028461    0.083643    0.322128 ^ clkbuf_5_18__f_wr_clk/X (sky130_fd_sc_hd__clkbuf_16)
                                                         clknet_5_18__leaf_wr_clk (net)
                      0.028469    0.000734    0.322862 ^ _1157_/CLK (sky130_fd_sc_hd__dfxtp_2)
     2    0.006880    0.034647    0.197751    0.520613 ^ _1157_/Q (sky130_fd_sc_hd__dfxtp_2)
                                                         u_fifomem.mem[5][7] (net)
                      0.034647    0.000411    0.521024 ^ _0991_/A0 (sky130_fd_sc_hd__mux2_2)
     1    0.004178    0.029297    0.090326    0.611350 ^ _0991_/X (sky130_fd_sc_hd__mux2_2)
                                                         _0478_ (net)
                      0.029299    0.000310    0.611659 ^ _0992_/A (sky130_fd_sc_hd__buf_1)
     1    0.002401    0.028922    0.049006    0.660665 ^ _0992_/X (sky130_fd_sc_hd__buf_1)
                                                         _0097_ (net)
                      0.028923    0.000161    0.660826 ^ _1157_/D (sky130_fd_sc_hd__dfxtp_2)
                                              0.660826   data arrival time

                                  0.000000    0.000000   clock wr_clk (rise edge)
                                  0.000000    0.000000   clock source latency
     1    0.027351    0.000000    0.000000    0.000000 ^ wr_clk (in)
                                                         wr_clk (net)
                      0.002217    0.001109    0.001109 ^ clkbuf_0_wr_clk/A (sky130_fd_sc_hd__clkbuf_16)
    16    0.111526    0.098120    0.123922    0.125030 ^ clkbuf_0_wr_clk/X (sky130_fd_sc_hd__clkbuf_16)
                                                         clknet_0_wr_clk (net)
                      0.098770    0.006422    0.131452 ^ clkbuf_4_9_0_wr_clk/A (sky130_fd_sc_hd__clkbuf_8)
     2    0.019640    0.038116    0.105604    0.237057 ^ clkbuf_4_9_0_wr_clk/X (sky130_fd_sc_hd__clkbuf_8)
                                                         clknet_4_9_0_wr_clk (net)
                      0.038187    0.001428    0.238485 ^ clkbuf_5_18__f_wr_clk/A (sky130_fd_sc_hd__clkbuf_16)
     5    0.015899    0.028461    0.083643    0.322128 ^ clkbuf_5_18__f_wr_clk/X (sky130_fd_sc_hd__clkbuf_16)
                                                         clknet_5_18__leaf_wr_clk (net)
                      0.028469    0.000734    0.322862 ^ _1157_/CLK (sky130_fd_sc_hd__dfxtp_2)
                                  0.100000    0.422862   clock uncertainty
                                  0.000000    0.422862   clock reconvergence pessimism
                                 -0.017213    0.405648   library hold time
                                              0.405648   data required time
---------------------------------------------------------------------------------------------
                                              0.405648   data required time
                                             -0.660826   data arrival time
---------------------------------------------------------------------------------------------
                                              0.255177   slack (MET)


Startpoint: _1115_ (rising edge-triggered flip-flop clocked by wr_clk)
Endpoint: _1115_ (rising edge-triggered flip-flop clocked by wr_clk)
Path Group: wr_clk
Path Type: min

Fanout         Cap        Slew       Delay        Time   Description
---------------------------------------------------------------------------------------------
                                  0.000000    0.000000   clock wr_clk (rise edge)
                                  0.000000    0.000000   clock source latency
     1    0.027351    0.000000    0.000000    0.000000 ^ wr_clk (in)
                                                         wr_clk (net)
                      0.002217    0.001109    0.001109 ^ clkbuf_0_wr_clk/A (sky130_fd_sc_hd__clkbuf_16)
    16    0.111526    0.098120    0.123922    0.125030 ^ clkbuf_0_wr_clk/X (sky130_fd_sc_hd__clkbuf_16)
                                                         clknet_0_wr_clk (net)
                      0.100852    0.012934    0.137964 ^ clkbuf_4_6_0_wr_clk/A (sky130_fd_sc_hd__clkbuf_8)
     2    0.018956    0.037221    0.105721    0.243685 ^ clkbuf_4_6_0_wr_clk/X (sky130_fd_sc_hd__clkbuf_8)
                                                         clknet_4_6_0_wr_clk (net)
                      0.037254    0.000977    0.244662 ^ clkbuf_5_12__f_wr_clk/A (sky130_fd_sc_hd__clkbuf_16)
     5    0.016006    0.028527    0.083424    0.328086 ^ clkbuf_5_12__f_wr_clk/X (sky130_fd_sc_hd__clkbuf_16)
                                                         clknet_5_12__leaf_wr_clk (net)
                      0.028533    0.000637    0.328722 ^ _1115_/CLK (sky130_fd_sc_hd__dfxtp_2)
     2    0.004938    0.028265    0.192707    0.521430 ^ _1115_/Q (sky130_fd_sc_hd__dfxtp_2)
                                                         u_fifomem.mem[15][5] (net)
                      0.028265    0.000175    0.521605 ^ _0901_/A1 (sky130_fd_sc_hd__mux2_2)
     1    0.004503    0.030201    0.089574    0.611179 ^ _0901_/X (sky130_fd_sc_hd__mux2_2)
                                                         _0430_ (net)
                      0.030202    0.000292    0.611471 ^ _0902_/A (sky130_fd_sc_hd__buf_1)
     1    0.003290    0.036146    0.054501    0.665972 ^ _0902_/X (sky130_fd_sc_hd__buf_1)
                                                         _0055_ (net)
                      0.036147    0.000210    0.666182 ^ _1115_/D (sky130_fd_sc_hd__dfxtp_2)
                                              0.666182   data arrival time

                                  0.000000    0.000000   clock wr_clk (rise edge)
                                  0.000000    0.000000   clock source latency
     1    0.027351    0.000000    0.000000    0.000000 ^ wr_clk (in)
                                                         wr_clk (net)
                      0.002217    0.001109    0.001109 ^ clkbuf_0_wr_clk/A (sky130_fd_sc_hd__clkbuf_16)
    16    0.111526    0.098120    0.123922    0.125030 ^ clkbuf_0_wr_clk/X (sky130_fd_sc_hd__clkbuf_16)
                                                         clknet_0_wr_clk (net)
                      0.100852    0.012934    0.137964 ^ clkbuf_4_6_0_wr_clk/A (sky130_fd_sc_hd__clkbuf_8)
     2    0.018956    0.037221    0.105721    0.243685 ^ clkbuf_4_6_0_wr_clk/X (sky130_fd_sc_hd__clkbuf_8)
                                                         clknet_4_6_0_wr_clk (net)
                      0.037254    0.000977    0.244662 ^ clkbuf_5_12__f_wr_clk/A (sky130_fd_sc_hd__clkbuf_16)
     5    0.016006    0.028527    0.083424    0.328086 ^ clkbuf_5_12__f_wr_clk/X (sky130_fd_sc_hd__clkbuf_16)
                                                         clknet_5_12__leaf_wr_clk (net)
                      0.028533    0.000637    0.328722 ^ _1115_/CLK (sky130_fd_sc_hd__dfxtp_2)
                                  0.100000    0.428722   clock uncertainty
                                  0.000000    0.428722   clock reconvergence pessimism
                                 -0.017723    0.410999   library hold time
                                              0.410999   data required time
---------------------------------------------------------------------------------------------
                                              0.410999   data required time
                                             -0.666182   data arrival time
---------------------------------------------------------------------------------------------
                                              0.255183   slack (MET)


Startpoint: _1108_ (rising edge-triggered flip-flop clocked by wr_clk)
Endpoint: _1108_ (rising edge-triggered flip-flop clocked by wr_clk)
Path Group: wr_clk
Path Type: min

Fanout         Cap        Slew       Delay        Time   Description
---------------------------------------------------------------------------------------------
                                  0.000000    0.000000   clock wr_clk (rise edge)
                                  0.000000    0.000000   clock source latency
     1    0.027351    0.000000    0.000000    0.000000 ^ wr_clk (in)
                                                         wr_clk (net)
                      0.002217    0.001109    0.001109 ^ clkbuf_0_wr_clk/A (sky130_fd_sc_hd__clkbuf_16)
    16    0.111526    0.098120    0.123922    0.125030 ^ clkbuf_0_wr_clk/X (sky130_fd_sc_hd__clkbuf_16)
                                                         clknet_0_wr_clk (net)
                      0.100852    0.012934    0.137964 ^ clkbuf_4_6_0_wr_clk/A (sky130_fd_sc_hd__clkbuf_8)
     2    0.018956    0.037221    0.105721    0.243685 ^ clkbuf_4_6_0_wr_clk/X (sky130_fd_sc_hd__clkbuf_8)
                                                         clknet_4_6_0_wr_clk (net)
                      0.037262    0.001078    0.244763 ^ clkbuf_5_13__f_wr_clk/A (sky130_fd_sc_hd__clkbuf_16)
     5    0.016457    0.028853    0.083636    0.328399 ^ clkbuf_5_13__f_wr_clk/X (sky130_fd_sc_hd__clkbuf_16)
                                                         clknet_5_13__leaf_wr_clk (net)
                      0.028870    0.001179    0.329578 ^ _1108_/CLK (sky130_fd_sc_hd__dfxtp_2)
     2    0.006799    0.034369    0.197627    0.527205 ^ _1108_/Q (sky130_fd_sc_hd__dfxtp_2)
                                                         u_fifomem.mem[14][6] (net)
                      0.034369    0.000453    0.527657 ^ _0886_/A0 (sky130_fd_sc_hd__mux2_2)
     1    0.002591    0.024024    0.084450    0.612107 ^ _0886_/X (sky130_fd_sc_hd__mux2_2)
                                                         _0422_ (net)
                      0.024024    0.000179    0.612285 ^ _0887_/A (sky130_fd_sc_hd__buf_2)
     1    0.002700    0.018786    0.055897    0.668182 ^ _0887_/X (sky130_fd_sc_hd__buf_2)
                                                         _0048_ (net)
                      0.018786    0.000175    0.668357 ^ _1108_/D (sky130_fd_sc_hd__dfxtp_2)
                                              0.668357   data arrival time

                                  0.000000    0.000000   clock wr_clk (rise edge)
                                  0.000000    0.000000   clock source latency
     1    0.027351    0.000000    0.000000    0.000000 ^ wr_clk (in)
                                                         wr_clk (net)
                      0.002217    0.001109    0.001109 ^ clkbuf_0_wr_clk/A (sky130_fd_sc_hd__clkbuf_16)
    16    0.111526    0.098120    0.123922    0.125030 ^ clkbuf_0_wr_clk/X (sky130_fd_sc_hd__clkbuf_16)
                                                         clknet_0_wr_clk (net)
                      0.100852    0.012934    0.137964 ^ clkbuf_4_6_0_wr_clk/A (sky130_fd_sc_hd__clkbuf_8)
     2    0.018956    0.037221    0.105721    0.243685 ^ clkbuf_4_6_0_wr_clk/X (sky130_fd_sc_hd__clkbuf_8)
                                                         clknet_4_6_0_wr_clk (net)
                      0.037262    0.001078    0.244763 ^ clkbuf_5_13__f_wr_clk/A (sky130_fd_sc_hd__clkbuf_16)
     5    0.016457    0.028853    0.083636    0.328399 ^ clkbuf_5_13__f_wr_clk/X (sky130_fd_sc_hd__clkbuf_16)
                                                         clknet_5_13__leaf_wr_clk (net)
                      0.028870    0.001179    0.329578 ^ _1108_/CLK (sky130_fd_sc_hd__dfxtp_2)
                                  0.100000    0.429578   clock uncertainty
                                  0.000000    0.429578   clock reconvergence pessimism
                                 -0.016486    0.413092   library hold time
                                              0.413092   data required time
---------------------------------------------------------------------------------------------
                                              0.413092   data required time
                                             -0.668357   data arrival time
---------------------------------------------------------------------------------------------
                                              0.255266   slack (MET)


Startpoint: _1094_ (rising edge-triggered flip-flop clocked by wr_clk)
Endpoint: _1094_ (rising edge-triggered flip-flop clocked by wr_clk)
Path Group: wr_clk
Path Type: min

Fanout         Cap        Slew       Delay        Time   Description
---------------------------------------------------------------------------------------------
                                  0.000000    0.000000   clock wr_clk (rise edge)
                                  0.000000    0.000000   clock source latency
     1    0.027351    0.000000    0.000000    0.000000 ^ wr_clk (in)
                                                         wr_clk (net)
                      0.002217    0.001109    0.001109 ^ clkbuf_0_wr_clk/A (sky130_fd_sc_hd__clkbuf_16)
    16    0.111526    0.098120    0.123922    0.125030 ^ clkbuf_0_wr_clk/X (sky130_fd_sc_hd__clkbuf_16)
                                                         clknet_0_wr_clk (net)
                      0.100425    0.011876    0.136906 ^ clkbuf_4_5_0_wr_clk/A (sky130_fd_sc_hd__clkbuf_8)
     2    0.019828    0.038352    0.106303    0.243209 ^ clkbuf_4_5_0_wr_clk/X (sky130_fd_sc_hd__clkbuf_8)
                                                         clknet_4_5_0_wr_clk (net)
                      0.038433    0.001512    0.244720 ^ clkbuf_5_11__f_wr_clk/A (sky130_fd_sc_hd__clkbuf_16)
     5    0.014632    0.027626    0.082852    0.327572 ^ clkbuf_5_11__f_wr_clk/X (sky130_fd_sc_hd__clkbuf_16)
                                                         clknet_5_11__leaf_wr_clk (net)
                      0.027632    0.000645    0.328217 ^ _1094_/CLK (sky130_fd_sc_hd__dfxtp_2)
     2    0.006657    0.033897    0.196891    0.525108 ^ _1094_/Q (sky130_fd_sc_hd__dfxtp_2)
                                                         u_fifomem.mem[13][0] (net)
                      0.033897    0.000418    0.525526 ^ _0856_/A0 (sky130_fd_sc_hd__mux2_2)
     1    0.004858    0.031684    0.092470    0.617996 ^ _0856_/X (sky130_fd_sc_hd__mux2_2)
                                                         _0406_ (net)
                      0.031685    0.000338    0.618334 ^ _0857_/A (sky130_fd_sc_hd__buf_1)
     1    0.002170    0.027099    0.048091    0.666425 ^ _0857_/X (sky130_fd_sc_hd__buf_1)
                                                         _0034_ (net)
                      0.027099    0.000156    0.666581 ^ _1094_/D (sky130_fd_sc_hd__dfxtp_2)
                                              0.666581   data arrival time

                                  0.000000    0.000000   clock wr_clk (rise edge)
                                  0.000000    0.000000   clock source latency
     1    0.027351    0.000000    0.000000    0.000000 ^ wr_clk (in)
                                                         wr_clk (net)
                      0.002217    0.001109    0.001109 ^ clkbuf_0_wr_clk/A (sky130_fd_sc_hd__clkbuf_16)
    16    0.111526    0.098120    0.123922    0.125030 ^ clkbuf_0_wr_clk/X (sky130_fd_sc_hd__clkbuf_16)
                                                         clknet_0_wr_clk (net)
                      0.100425    0.011876    0.136906 ^ clkbuf_4_5_0_wr_clk/A (sky130_fd_sc_hd__clkbuf_8)
     2    0.019828    0.038352    0.106303    0.243209 ^ clkbuf_4_5_0_wr_clk/X (sky130_fd_sc_hd__clkbuf_8)
                                                         clknet_4_5_0_wr_clk (net)
                      0.038433    0.001512    0.244720 ^ clkbuf_5_11__f_wr_clk/A (sky130_fd_sc_hd__clkbuf_16)
     5    0.014632    0.027626    0.082852    0.327572 ^ clkbuf_5_11__f_wr_clk/X (sky130_fd_sc_hd__clkbuf_16)
                                                         clknet_5_11__leaf_wr_clk (net)
                      0.027632    0.000645    0.328217 ^ _1094_/CLK (sky130_fd_sc_hd__dfxtp_2)
                                  0.100000    0.428217   clock uncertainty
                                  0.000000    0.428217   clock reconvergence pessimism
                                 -0.017104    0.411113   library hold time
                                              0.411113   data required time
---------------------------------------------------------------------------------------------
                                              0.411113   data required time
                                             -0.666581   data arrival time
---------------------------------------------------------------------------------------------
                                              0.255468   slack (MET)


Startpoint: _1147_ (rising edge-triggered flip-flop clocked by wr_clk)
Endpoint: _1147_ (rising edge-triggered flip-flop clocked by wr_clk)
Path Group: wr_clk
Path Type: min

Fanout         Cap        Slew       Delay        Time   Description
---------------------------------------------------------------------------------------------
                                  0.000000    0.000000   clock wr_clk (rise edge)
                                  0.000000    0.000000   clock source latency
     1    0.027351    0.000000    0.000000    0.000000 ^ wr_clk (in)
                                                         wr_clk (net)
                      0.002217    0.001109    0.001109 ^ clkbuf_0_wr_clk/A (sky130_fd_sc_hd__clkbuf_16)
    16    0.111526    0.098120    0.123922    0.125030 ^ clkbuf_0_wr_clk/X (sky130_fd_sc_hd__clkbuf_16)
                                                         clknet_0_wr_clk (net)
                      0.098638    0.005770    0.130801 ^ clkbuf_4_11_0_wr_clk/A (sky130_fd_sc_hd__clkbuf_8)
     2    0.017957    0.036150    0.104035    0.234836 ^ clkbuf_4_11_0_wr_clk/X (sky130_fd_sc_hd__clkbuf_8)
                                                         clknet_4_11_0_wr_clk (net)
                      0.036195    0.001101    0.235937 ^ clkbuf_5_22__f_wr_clk/A (sky130_fd_sc_hd__clkbuf_16)
     5    0.016085    0.028602    0.083104    0.319041 ^ clkbuf_5_22__f_wr_clk/X (sky130_fd_sc_hd__clkbuf_16)
                                                         clknet_5_22__leaf_wr_clk (net)
                      0.028615    0.001023    0.320064 ^ _1147_/CLK (sky130_fd_sc_hd__dfxtp_2)
     2    0.005729    0.030830    0.194797    0.514861 ^ _1147_/Q (sky130_fd_sc_hd__dfxtp_2)
                                                         u_fifomem.mem[4][5] (net)
                      0.030830    0.000202    0.515063 ^ _0970_/A0 (sky130_fd_sc_hd__mux2_2)
     1    0.003853    0.028160    0.088102    0.603165 ^ _0970_/X (sky130_fd_sc_hd__mux2_2)
                                                         _0467_ (net)
                      0.028163    0.000263    0.603428 ^ _0971_/A (sky130_fd_sc_hd__buf_1)
     1    0.003339    0.036531    0.054379    0.657806 ^ _0971_/X (sky130_fd_sc_hd__buf_1)
                                                         _0087_ (net)
                      0.036532    0.000231    0.658038 ^ _1147_/D (sky130_fd_sc_hd__dfxtp_2)
                                              0.658038   data arrival time

                                  0.000000    0.000000   clock wr_clk (rise edge)
                                  0.000000    0.000000   clock source latency
     1    0.027351    0.000000    0.000000    0.000000 ^ wr_clk (in)
                                                         wr_clk (net)
                      0.002217    0.001109    0.001109 ^ clkbuf_0_wr_clk/A (sky130_fd_sc_hd__clkbuf_16)
    16    0.111526    0.098120    0.123922    0.125030 ^ clkbuf_0_wr_clk/X (sky130_fd_sc_hd__clkbuf_16)
                                                         clknet_0_wr_clk (net)
                      0.098638    0.005770    0.130801 ^ clkbuf_4_11_0_wr_clk/A (sky130_fd_sc_hd__clkbuf_8)
     2    0.017957    0.036150    0.104035    0.234836 ^ clkbuf_4_11_0_wr_clk/X (sky130_fd_sc_hd__clkbuf_8)
                                                         clknet_4_11_0_wr_clk (net)
                      0.036195    0.001101    0.235937 ^ clkbuf_5_22__f_wr_clk/A (sky130_fd_sc_hd__clkbuf_16)
     5    0.016085    0.028602    0.083104    0.319041 ^ clkbuf_5_22__f_wr_clk/X (sky130_fd_sc_hd__clkbuf_16)
                                                         clknet_5_22__leaf_wr_clk (net)
                      0.028615    0.001023    0.320064 ^ _1147_/CLK (sky130_fd_sc_hd__dfxtp_2)
                                  0.100000    0.420064   clock uncertainty
                                  0.000000    0.420064   clock reconvergence pessimism
                                 -0.017749    0.402315   library hold time
                                              0.402315   data required time
---------------------------------------------------------------------------------------------
                                              0.402315   data required time
                                             -0.658038   data arrival time
---------------------------------------------------------------------------------------------
                                              0.255722   slack (MET)


Startpoint: _1151_ (rising edge-triggered flip-flop clocked by wr_clk)
Endpoint: _1151_ (rising edge-triggered flip-flop clocked by wr_clk)
Path Group: wr_clk
Path Type: min

Fanout         Cap        Slew       Delay        Time   Description
---------------------------------------------------------------------------------------------
                                  0.000000    0.000000   clock wr_clk (rise edge)
                                  0.000000    0.000000   clock source latency
     1    0.027351    0.000000    0.000000    0.000000 ^ wr_clk (in)
                                                         wr_clk (net)
                      0.002217    0.001109    0.001109 ^ clkbuf_0_wr_clk/A (sky130_fd_sc_hd__clkbuf_16)
    16    0.111526    0.098120    0.123922    0.125030 ^ clkbuf_0_wr_clk/X (sky130_fd_sc_hd__clkbuf_16)
                                                         clknet_0_wr_clk (net)
                      0.098124    0.000576    0.125606 ^ clkbuf_4_12_0_wr_clk/A (sky130_fd_sc_hd__clkbuf_8)
     2    0.020414    0.038981    0.106337    0.231943 ^ clkbuf_4_12_0_wr_clk/X (sky130_fd_sc_hd__clkbuf_8)
                                                         clknet_4_12_0_wr_clk (net)
                      0.039040    0.001321    0.233264 ^ clkbuf_5_24__f_wr_clk/A (sky130_fd_sc_hd__clkbuf_16)
     5    0.015089    0.027930    0.083348    0.316612 ^ clkbuf_5_24__f_wr_clk/X (sky130_fd_sc_hd__clkbuf_16)
                                                         clknet_5_24__leaf_wr_clk (net)
                      0.027938    0.000758    0.317370 ^ _1151_/CLK (sky130_fd_sc_hd__dfxtp_2)
     2    0.005958    0.031578    0.195168    0.512538 ^ _1151_/Q (sky130_fd_sc_hd__dfxtp_2)
                                                         u_fifomem.mem[5][1] (net)
                      0.031578    0.000341    0.512878 ^ _0979_/A0 (sky130_fd_sc_hd__mux2_2)
     1    0.003771    0.027870    0.088013    0.600892 ^ _0979_/X (sky130_fd_sc_hd__mux2_2)
                                                         _0472_ (net)
                      0.027873    0.000247    0.601138 ^ _0980_/A (sky130_fd_sc_hd__buf_1)
     1    0.003300    0.036218    0.054104    0.655242 ^ _0980_/X (sky130_fd_sc_hd__buf_1)
                                                         _0091_ (net)
                      0.036218    0.000208    0.655450 ^ _1151_/D (sky130_fd_sc_hd__dfxtp_2)
                                              0.655450   data arrival time

                                  0.000000    0.000000   clock wr_clk (rise edge)
                                  0.000000    0.000000   clock source latency
     1    0.027351    0.000000    0.000000    0.000000 ^ wr_clk (in)
                                                         wr_clk (net)
                      0.002217    0.001109    0.001109 ^ clkbuf_0_wr_clk/A (sky130_fd_sc_hd__clkbuf_16)
    16    0.111526    0.098120    0.123922    0.125030 ^ clkbuf_0_wr_clk/X (sky130_fd_sc_hd__clkbuf_16)
                                                         clknet_0_wr_clk (net)
                      0.098124    0.000576    0.125606 ^ clkbuf_4_12_0_wr_clk/A (sky130_fd_sc_hd__clkbuf_8)
     2    0.020414    0.038981    0.106337    0.231943 ^ clkbuf_4_12_0_wr_clk/X (sky130_fd_sc_hd__clkbuf_8)
                                                         clknet_4_12_0_wr_clk (net)
                      0.039040    0.001321    0.233264 ^ clkbuf_5_24__f_wr_clk/A (sky130_fd_sc_hd__clkbuf_16)
     5    0.015089    0.027930    0.083348    0.316612 ^ clkbuf_5_24__f_wr_clk/X (sky130_fd_sc_hd__clkbuf_16)
                                                         clknet_5_24__leaf_wr_clk (net)
                      0.027938    0.000758    0.317370 ^ _1151_/CLK (sky130_fd_sc_hd__dfxtp_2)
                                  0.100000    0.417370   clock uncertainty
                                  0.000000    0.417370   clock reconvergence pessimism
                                 -0.017743    0.399628   library hold time
                                              0.399628   data required time
---------------------------------------------------------------------------------------------
                                              0.399628   data required time
                                             -0.655450   data arrival time
---------------------------------------------------------------------------------------------
                                              0.255823   slack (MET)


Startpoint: _1075_ (rising edge-triggered flip-flop clocked by wr_clk)
Endpoint: _1075_ (rising edge-triggered flip-flop clocked by wr_clk)
Path Group: wr_clk
Path Type: min

Fanout         Cap        Slew       Delay        Time   Description
---------------------------------------------------------------------------------------------
                                  0.000000    0.000000   clock wr_clk (rise edge)
                                  0.000000    0.000000   clock source latency
     1    0.027351    0.000000    0.000000    0.000000 ^ wr_clk (in)
                                                         wr_clk (net)
                      0.002217    0.001109    0.001109 ^ clkbuf_0_wr_clk/A (sky130_fd_sc_hd__clkbuf_16)
    16    0.111526    0.098120    0.123922    0.125030 ^ clkbuf_0_wr_clk/X (sky130_fd_sc_hd__clkbuf_16)
                                                         clknet_0_wr_clk (net)
                      0.099237    0.008319    0.133349 ^ clkbuf_4_3_0_wr_clk/A (sky130_fd_sc_hd__clkbuf_8)
     2    0.020354    0.038927    0.106583    0.239932 ^ clkbuf_4_3_0_wr_clk/X (sky130_fd_sc_hd__clkbuf_8)
                                                         clknet_4_3_0_wr_clk (net)
                      0.038983    0.001299    0.241231 ^ clkbuf_5_7__f_wr_clk/A (sky130_fd_sc_hd__clkbuf_16)
     5    0.017359    0.029453    0.084764    0.325994 ^ clkbuf_5_7__f_wr_clk/X (sky130_fd_sc_hd__clkbuf_16)
                                                         clknet_5_7__leaf_wr_clk (net)
                      0.029469    0.001139    0.327133 ^ _1075_/CLK (sky130_fd_sc_hd__dfxtp_2)
     2    0.006277    0.032638    0.196492    0.523625 ^ _1075_/Q (sky130_fd_sc_hd__dfxtp_2)
                                                         u_fifomem.mem[10][5] (net)
                      0.032638    0.000290    0.523915 ^ _0813_/A0 (sky130_fd_sc_hd__mux2_2)
     1    0.003422    0.026686    0.087024    0.610938 ^ _0813_/X (sky130_fd_sc_hd__mux2_2)
                                                         _0382_ (net)
                      0.026692    0.000231    0.611169 ^ _0814_/A (sky130_fd_sc_hd__buf_2)
     1    0.002278    0.017528    0.055464    0.666633 ^ _0814_/X (sky130_fd_sc_hd__buf_2)
                                                         _0015_ (net)
                      0.017528    0.000161    0.666794 ^ _1075_/D (sky130_fd_sc_hd__dfxtp_2)
                                              0.666794   data arrival time

                                  0.000000    0.000000   clock wr_clk (rise edge)
                                  0.000000    0.000000   clock source latency
     1    0.027351    0.000000    0.000000    0.000000 ^ wr_clk (in)
                                                         wr_clk (net)
                      0.002217    0.001109    0.001109 ^ clkbuf_0_wr_clk/A (sky130_fd_sc_hd__clkbuf_16)
    16    0.111526    0.098120    0.123922    0.125030 ^ clkbuf_0_wr_clk/X (sky130_fd_sc_hd__clkbuf_16)
                                                         clknet_0_wr_clk (net)
                      0.099237    0.008319    0.133349 ^ clkbuf_4_3_0_wr_clk/A (sky130_fd_sc_hd__clkbuf_8)
     2    0.020354    0.038927    0.106583    0.239932 ^ clkbuf_4_3_0_wr_clk/X (sky130_fd_sc_hd__clkbuf_8)
                                                         clknet_4_3_0_wr_clk (net)
                      0.038983    0.001299    0.241231 ^ clkbuf_5_7__f_wr_clk/A (sky130_fd_sc_hd__clkbuf_16)
     5    0.017359    0.029453    0.084764    0.325994 ^ clkbuf_5_7__f_wr_clk/X (sky130_fd_sc_hd__clkbuf_16)
                                                         clknet_5_7__leaf_wr_clk (net)
                      0.029469    0.001139    0.327133 ^ _1075_/CLK (sky130_fd_sc_hd__dfxtp_2)
                                  0.100000    0.427133   clock uncertainty
                                  0.000000    0.427133   clock reconvergence pessimism
                                 -0.016383    0.410750   library hold time
                                              0.410750   data required time
---------------------------------------------------------------------------------------------
                                              0.410750   data required time
                                             -0.666794   data arrival time
---------------------------------------------------------------------------------------------
                                              0.256043   slack (MET)


Startpoint: _1128_ (rising edge-triggered flip-flop clocked by wr_clk)
Endpoint: _1128_ (rising edge-triggered flip-flop clocked by wr_clk)
Path Group: wr_clk
Path Type: min

Fanout         Cap        Slew       Delay        Time   Description
---------------------------------------------------------------------------------------------
                                  0.000000    0.000000   clock wr_clk (rise edge)
                                  0.000000    0.000000   clock source latency
     1    0.027351    0.000000    0.000000    0.000000 ^ wr_clk (in)
                                                         wr_clk (net)
                      0.002217    0.001109    0.001109 ^ clkbuf_0_wr_clk/A (sky130_fd_sc_hd__clkbuf_16)
    16    0.111526    0.098120    0.123922    0.125030 ^ clkbuf_0_wr_clk/X (sky130_fd_sc_hd__clkbuf_16)
                                                         clknet_0_wr_clk (net)
                      0.100150    0.011146    0.136176 ^ clkbuf_4_0_0_wr_clk/A (sky130_fd_sc_hd__clkbuf_8)
     2    0.018929    0.037304    0.105345    0.241522 ^ clkbuf_4_0_0_wr_clk/X (sky130_fd_sc_hd__clkbuf_8)
                                                         clknet_4_0_0_wr_clk (net)
                      0.037366    0.001319    0.242841 ^ clkbuf_5_0__f_wr_clk/A (sky130_fd_sc_hd__clkbuf_16)
     5    0.019291    0.030719    0.085521    0.328362 ^ clkbuf_5_0__f_wr_clk/X (sky130_fd_sc_hd__clkbuf_16)
                                                         clknet_5_0__leaf_wr_clk (net)
                      0.030741    0.001279    0.329641 ^ _1128_/CLK (sky130_fd_sc_hd__dfxtp_2)
     2    0.005924    0.031462    0.195910    0.525550 ^ _1128_/Q (sky130_fd_sc_hd__dfxtp_2)
                                                         u_fifomem.mem[2][2] (net)
                      0.031462    0.000348    0.525898 ^ _0929_/A0 (sky130_fd_sc_hd__mux2_2)
     1    0.003414    0.026661    0.086659    0.612557 ^ _0929_/X (sky130_fd_sc_hd__mux2_2)
                                                         _0445_ (net)
                      0.026668    0.000241    0.612798 ^ _0930_/A (sky130_fd_sc_hd__buf_4)
     1    0.002144    0.015842    0.056596    0.669394 ^ _0930_/X (sky130_fd_sc_hd__buf_4)
                                                         _0068_ (net)
                      0.015842    0.000149    0.669543 ^ _1128_/D (sky130_fd_sc_hd__dfxtp_2)
                                              0.669543   data arrival time

                                  0.000000    0.000000   clock wr_clk (rise edge)
                                  0.000000    0.000000   clock source latency
     1    0.027351    0.000000    0.000000    0.000000 ^ wr_clk (in)
                                                         wr_clk (net)
                      0.002217    0.001109    0.001109 ^ clkbuf_0_wr_clk/A (sky130_fd_sc_hd__clkbuf_16)
    16    0.111526    0.098120    0.123922    0.125030 ^ clkbuf_0_wr_clk/X (sky130_fd_sc_hd__clkbuf_16)
                                                         clknet_0_wr_clk (net)
                      0.100150    0.011146    0.136176 ^ clkbuf_4_0_0_wr_clk/A (sky130_fd_sc_hd__clkbuf_8)
     2    0.018929    0.037304    0.105345    0.241522 ^ clkbuf_4_0_0_wr_clk/X (sky130_fd_sc_hd__clkbuf_8)
                                                         clknet_4_0_0_wr_clk (net)
                      0.037366    0.001319    0.242841 ^ clkbuf_5_0__f_wr_clk/A (sky130_fd_sc_hd__clkbuf_16)
     5    0.019291    0.030719    0.085521    0.328362 ^ clkbuf_5_0__f_wr_clk/X (sky130_fd_sc_hd__clkbuf_16)
                                                         clknet_5_0__leaf_wr_clk (net)
                      0.030741    0.001279    0.329641 ^ _1128_/CLK (sky130_fd_sc_hd__dfxtp_2)
                                  0.100000    0.429641   clock uncertainty
                                  0.000000    0.429641   clock reconvergence pessimism
                                 -0.016233    0.413407   library hold time
                                              0.413407   data required time
---------------------------------------------------------------------------------------------
                                              0.413407   data required time
                                             -0.669543   data arrival time
---------------------------------------------------------------------------------------------
                                              0.256136   slack (MET)


Startpoint: _1122_ (rising edge-triggered flip-flop clocked by wr_clk)
Endpoint: _1122_ (rising edge-triggered flip-flop clocked by wr_clk)
Path Group: wr_clk
Path Type: min

Fanout         Cap        Slew       Delay        Time   Description
---------------------------------------------------------------------------------------------
                                  0.000000    0.000000   clock wr_clk (rise edge)
                                  0.000000    0.000000   clock source latency
     1    0.027351    0.000000    0.000000    0.000000 ^ wr_clk (in)
                                                         wr_clk (net)
                      0.002217    0.001109    0.001109 ^ clkbuf_0_wr_clk/A (sky130_fd_sc_hd__clkbuf_16)
    16    0.111526    0.098120    0.123922    0.125030 ^ clkbuf_0_wr_clk/X (sky130_fd_sc_hd__clkbuf_16)
                                                         clknet_0_wr_clk (net)
                      0.100150    0.011146    0.136176 ^ clkbuf_4_0_0_wr_clk/A (sky130_fd_sc_hd__clkbuf_8)
     2    0.018929    0.037304    0.105345    0.241522 ^ clkbuf_4_0_0_wr_clk/X (sky130_fd_sc_hd__clkbuf_8)
                                                         clknet_4_0_0_wr_clk (net)
                      0.037372    0.001370    0.242892 ^ clkbuf_5_1__f_wr_clk/A (sky130_fd_sc_hd__clkbuf_16)
     5    0.016939    0.029173    0.083909    0.326801 ^ clkbuf_5_1__f_wr_clk/X (sky130_fd_sc_hd__clkbuf_16)
                                                         clknet_5_1__leaf_wr_clk (net)
                      0.029189    0.001153    0.327954 ^ _1122_/CLK (sky130_fd_sc_hd__dfxtp_2)
     2    0.006048    0.031872    0.195771    0.523725 ^ _1122_/Q (sky130_fd_sc_hd__dfxtp_2)
                                                         u_fifomem.mem[1][4] (net)
                      0.031872    0.000360    0.524085 ^ _0916_/A0 (sky130_fd_sc_hd__mux2_2)
     1    0.003033    0.025443    0.085377    0.609463 ^ _0916_/X (sky130_fd_sc_hd__mux2_2)
                                                         _0438_ (net)
                      0.025443    0.000216    0.609679 ^ _0917_/A (sky130_fd_sc_hd__buf_2)
     1    0.003281    0.020523    0.058018    0.667697 ^ _0917_/X (sky130_fd_sc_hd__buf_2)
                                                         _0062_ (net)
                      0.020526    0.000212    0.667910 ^ _1122_/D (sky130_fd_sc_hd__dfxtp_2)
                                              0.667910   data arrival time

                                  0.000000    0.000000   clock wr_clk (rise edge)
                                  0.000000    0.000000   clock source latency
     1    0.027351    0.000000    0.000000    0.000000 ^ wr_clk (in)
                                                         wr_clk (net)
                      0.002217    0.001109    0.001109 ^ clkbuf_0_wr_clk/A (sky130_fd_sc_hd__clkbuf_16)
    16    0.111526    0.098120    0.123922    0.125030 ^ clkbuf_0_wr_clk/X (sky130_fd_sc_hd__clkbuf_16)
                                                         clknet_0_wr_clk (net)
                      0.100150    0.011146    0.136176 ^ clkbuf_4_0_0_wr_clk/A (sky130_fd_sc_hd__clkbuf_8)
     2    0.018929    0.037304    0.105345    0.241522 ^ clkbuf_4_0_0_wr_clk/X (sky130_fd_sc_hd__clkbuf_8)
                                                         clknet_4_0_0_wr_clk (net)
                      0.037372    0.001370    0.242892 ^ clkbuf_5_1__f_wr_clk/A (sky130_fd_sc_hd__clkbuf_16)
     5    0.016939    0.029173    0.083909    0.326801 ^ clkbuf_5_1__f_wr_clk/X (sky130_fd_sc_hd__clkbuf_16)
                                                         clknet_5_1__leaf_wr_clk (net)
                      0.029189    0.001153    0.327954 ^ _1122_/CLK (sky130_fd_sc_hd__dfxtp_2)
                                  0.100000    0.427954   clock uncertainty
                                  0.000000    0.427954   clock reconvergence pessimism
                                 -0.016602    0.411352   library hold time
                                              0.411352   data required time
---------------------------------------------------------------------------------------------
                                              0.411352   data required time
                                             -0.667910   data arrival time
---------------------------------------------------------------------------------------------
                                              0.256557   slack (MET)


Startpoint: _1184_ (rising edge-triggered flip-flop clocked by wr_clk)
Endpoint: _1184_ (rising edge-triggered flip-flop clocked by wr_clk)
Path Group: wr_clk
Path Type: min

Fanout         Cap        Slew       Delay        Time   Description
---------------------------------------------------------------------------------------------
                                  0.000000    0.000000   clock wr_clk (rise edge)
                                  0.000000    0.000000   clock source latency
     1    0.027351    0.000000    0.000000    0.000000 ^ wr_clk (in)
                                                         wr_clk (net)
                      0.002217    0.001109    0.001109 ^ clkbuf_0_wr_clk/A (sky130_fd_sc_hd__clkbuf_16)
    16    0.111526    0.098120    0.123922    0.125030 ^ clkbuf_0_wr_clk/X (sky130_fd_sc_hd__clkbuf_16)
                                                         clknet_0_wr_clk (net)
                      0.100655    0.012455    0.137485 ^ clkbuf_4_4_0_wr_clk/A (sky130_fd_sc_hd__clkbuf_8)
     2    0.019466    0.037797    0.106201    0.243686 ^ clkbuf_4_4_0_wr_clk/X (sky130_fd_sc_hd__clkbuf_8)
                                                         clknet_4_4_0_wr_clk (net)
                      0.037833    0.001025    0.244711 ^ clkbuf_5_9__f_wr_clk/A (sky130_fd_sc_hd__clkbuf_16)
     5    0.015295    0.028062    0.083094    0.327805 ^ clkbuf_5_9__f_wr_clk/X (sky130_fd_sc_hd__clkbuf_16)
                                                         clknet_5_9__leaf_wr_clk (net)
                      0.028072    0.000883    0.328689 ^ _1184_/CLK (sky130_fd_sc_hd__dfxtp_2)
     2    0.007342    0.036198    0.198847    0.527535 ^ _1184_/Q (sky130_fd_sc_hd__dfxtp_2)
                                                         u_fifomem.mem[9][2] (net)
                      0.036229    0.000474    0.528010 ^ _1050_/A0 (sky130_fd_sc_hd__mux2_2)
     1    0.002562    0.023926    0.084868    0.612877 ^ _1050_/X (sky130_fd_sc_hd__mux2_2)
                                                         _0510_ (net)
                      0.023926    0.000119    0.612996 ^ _1051_/A (sky130_fd_sc_hd__buf_1)
     1    0.003473    0.037598    0.054325    0.667321 ^ _1051_/X (sky130_fd_sc_hd__buf_1)
                                                         _0124_ (net)
                      0.037599    0.000256    0.667576 ^ _1184_/D (sky130_fd_sc_hd__dfxtp_2)
                                              0.667576   data arrival time

                                  0.000000    0.000000   clock wr_clk (rise edge)
                                  0.000000    0.000000   clock source latency
     1    0.027351    0.000000    0.000000    0.000000 ^ wr_clk (in)
                                                         wr_clk (net)
                      0.002217    0.001109    0.001109 ^ clkbuf_0_wr_clk/A (sky130_fd_sc_hd__clkbuf_16)
    16    0.111526    0.098120    0.123922    0.125030 ^ clkbuf_0_wr_clk/X (sky130_fd_sc_hd__clkbuf_16)
                                                         clknet_0_wr_clk (net)
                      0.100655    0.012455    0.137485 ^ clkbuf_4_4_0_wr_clk/A (sky130_fd_sc_hd__clkbuf_8)
     2    0.019466    0.037797    0.106201    0.243686 ^ clkbuf_4_4_0_wr_clk/X (sky130_fd_sc_hd__clkbuf_8)
                                                         clknet_4_4_0_wr_clk (net)
                      0.037833    0.001025    0.244711 ^ clkbuf_5_9__f_wr_clk/A (sky130_fd_sc_hd__clkbuf_16)
     5    0.015295    0.028062    0.083094    0.327805 ^ clkbuf_5_9__f_wr_clk/X (sky130_fd_sc_hd__clkbuf_16)
                                                         clknet_5_9__leaf_wr_clk (net)
                      0.028072    0.000883    0.328689 ^ _1184_/CLK (sky130_fd_sc_hd__dfxtp_2)
                                  0.100000    0.428689   clock uncertainty
                                  0.000000    0.428689   clock reconvergence pessimism
                                 -0.017837    0.410852   library hold time
                                              0.410852   data required time
---------------------------------------------------------------------------------------------
                                              0.410852   data required time
                                             -0.667576   data arrival time
---------------------------------------------------------------------------------------------
                                              0.256725   slack (MET)


Startpoint: _1126_ (rising edge-triggered flip-flop clocked by wr_clk)
Endpoint: _1126_ (rising edge-triggered flip-flop clocked by wr_clk)
Path Group: wr_clk
Path Type: min

Fanout         Cap        Slew       Delay        Time   Description
---------------------------------------------------------------------------------------------
                                  0.000000    0.000000   clock wr_clk (rise edge)
                                  0.000000    0.000000   clock source latency
     1    0.027351    0.000000    0.000000    0.000000 ^ wr_clk (in)
                                                         wr_clk (net)
                      0.002217    0.001109    0.001109 ^ clkbuf_0_wr_clk/A (sky130_fd_sc_hd__clkbuf_16)
    16    0.111526    0.098120    0.123922    0.125030 ^ clkbuf_0_wr_clk/X (sky130_fd_sc_hd__clkbuf_16)
                                                         clknet_0_wr_clk (net)
                      0.100147    0.011139    0.136169 ^ clkbuf_4_1_0_wr_clk/A (sky130_fd_sc_hd__clkbuf_8)
     2    0.018511    0.036809    0.104996    0.241165 ^ clkbuf_4_1_0_wr_clk/X (sky130_fd_sc_hd__clkbuf_8)
                                                         clknet_4_1_0_wr_clk (net)
                      0.036852    0.001094    0.242259 ^ clkbuf_5_3__f_wr_clk/A (sky130_fd_sc_hd__clkbuf_16)
     5    0.014021    0.027216    0.082039    0.324298 ^ clkbuf_5_3__f_wr_clk/X (sky130_fd_sc_hd__clkbuf_16)
                                                         clknet_5_3__leaf_wr_clk (net)
                      0.027216    0.000525    0.324824 ^ _1126_/CLK (sky130_fd_sc_hd__dfxtp_2)
     2    0.005471    0.029991    0.193723    0.518546 ^ _1126_/Q (sky130_fd_sc_hd__dfxtp_2)
                                                         u_fifomem.mem[2][0] (net)
                      0.029991    0.000224    0.518770 ^ _0925_/A0 (sky130_fd_sc_hd__mux2_2)
     1    0.004060    0.028886    0.088628    0.607399 ^ _0925_/X (sky130_fd_sc_hd__mux2_2)
                                                         _0443_ (net)
                      0.028890    0.000280    0.607679 ^ _0926_/A (sky130_fd_sc_hd__buf_4)
     1    0.002263    0.016050    0.057446    0.665125 ^ _0926_/X (sky130_fd_sc_hd__buf_4)
                                                         _0066_ (net)
                      0.016051    0.000159    0.665284 ^ _1126_/D (sky130_fd_sc_hd__dfxtp_2)
                                              0.665284   data arrival time

                                  0.000000    0.000000   clock wr_clk (rise edge)
                                  0.000000    0.000000   clock source latency
     1    0.027351    0.000000    0.000000    0.000000 ^ wr_clk (in)
                                                         wr_clk (net)
                      0.002217    0.001109    0.001109 ^ clkbuf_0_wr_clk/A (sky130_fd_sc_hd__clkbuf_16)
    16    0.111526    0.098120    0.123922    0.125030 ^ clkbuf_0_wr_clk/X (sky130_fd_sc_hd__clkbuf_16)
                                                         clknet_0_wr_clk (net)
                      0.100147    0.011139    0.136169 ^ clkbuf_4_1_0_wr_clk/A (sky130_fd_sc_hd__clkbuf_8)
     2    0.018511    0.036809    0.104996    0.241165 ^ clkbuf_4_1_0_wr_clk/X (sky130_fd_sc_hd__clkbuf_8)
                                                         clknet_4_1_0_wr_clk (net)
                      0.036852    0.001094    0.242259 ^ clkbuf_5_3__f_wr_clk/A (sky130_fd_sc_hd__clkbuf_16)
     5    0.014021    0.027216    0.082039    0.324298 ^ clkbuf_5_3__f_wr_clk/X (sky130_fd_sc_hd__clkbuf_16)
                                                         clknet_5_3__leaf_wr_clk (net)
                      0.027216    0.000525    0.324824 ^ _1126_/CLK (sky130_fd_sc_hd__dfxtp_2)
                                  0.100000    0.424824   clock uncertainty
                                  0.000000    0.424824   clock reconvergence pessimism
                                 -0.016332    0.408492   library hold time
                                              0.408492   data required time
---------------------------------------------------------------------------------------------
                                              0.408492   data required time
                                             -0.665284   data arrival time
---------------------------------------------------------------------------------------------
                                              0.256792   slack (MET)


Startpoint: _1101_ (rising edge-triggered flip-flop clocked by wr_clk)
Endpoint: _1101_ (rising edge-triggered flip-flop clocked by wr_clk)
Path Group: wr_clk
Path Type: min

Fanout         Cap        Slew       Delay        Time   Description
---------------------------------------------------------------------------------------------
                                  0.000000    0.000000   clock wr_clk (rise edge)
                                  0.000000    0.000000   clock source latency
     1    0.027351    0.000000    0.000000    0.000000 ^ wr_clk (in)
                                                         wr_clk (net)
                      0.002217    0.001109    0.001109 ^ clkbuf_0_wr_clk/A (sky130_fd_sc_hd__clkbuf_16)
    16    0.111526    0.098120    0.123922    0.125030 ^ clkbuf_0_wr_clk/X (sky130_fd_sc_hd__clkbuf_16)
                                                         clknet_0_wr_clk (net)
                      0.099237    0.008319    0.133349 ^ clkbuf_4_3_0_wr_clk/A (sky130_fd_sc_hd__clkbuf_8)
     2    0.020354    0.038927    0.106583    0.239932 ^ clkbuf_4_3_0_wr_clk/X (sky130_fd_sc_hd__clkbuf_8)
                                                         clknet_4_3_0_wr_clk (net)
                      0.039000    0.001450    0.241382 ^ clkbuf_5_6__f_wr_clk/A (sky130_fd_sc_hd__clkbuf_16)
     5    0.015268    0.028046    0.083512    0.324893 ^ clkbuf_5_6__f_wr_clk/X (sky130_fd_sc_hd__clkbuf_16)
                                                         clknet_5_6__leaf_wr_clk (net)
                      0.028046    0.000351    0.325244 ^ _1101_/CLK (sky130_fd_sc_hd__dfxtp_2)
     2    0.006053    0.031889    0.195442    0.520686 ^ _1101_/Q (sky130_fd_sc_hd__dfxtp_2)
                                                         u_fifomem.mem[13][7] (net)
                      0.031889    0.000371    0.521057 ^ _0870_/A0 (sky130_fd_sc_hd__mux2_2)
     1    0.002915    0.025065    0.084974    0.606031 ^ _0870_/X (sky130_fd_sc_hd__mux2_2)
                                                         _0413_ (net)
                      0.025066    0.000128    0.606159 ^ _0871_/A (sky130_fd_sc_hd__buf_1)
     1    0.003998    0.042012    0.057655    0.663815 ^ _0871_/X (sky130_fd_sc_hd__buf_1)
                                                         _0041_ (net)
                      0.042013    0.000259    0.664074 ^ _1101_/D (sky130_fd_sc_hd__dfxtp_2)
                                              0.664074   data arrival time

                                  0.000000    0.000000   clock wr_clk (rise edge)
                                  0.000000    0.000000   clock source latency
     1    0.027351    0.000000    0.000000    0.000000 ^ wr_clk (in)
                                                         wr_clk (net)
                      0.002217    0.001109    0.001109 ^ clkbuf_0_wr_clk/A (sky130_fd_sc_hd__clkbuf_16)
    16    0.111526    0.098120    0.123922    0.125030 ^ clkbuf_0_wr_clk/X (sky130_fd_sc_hd__clkbuf_16)
                                                         clknet_0_wr_clk (net)
                      0.099237    0.008319    0.133349 ^ clkbuf_4_3_0_wr_clk/A (sky130_fd_sc_hd__clkbuf_8)
     2    0.020354    0.038927    0.106583    0.239932 ^ clkbuf_4_3_0_wr_clk/X (sky130_fd_sc_hd__clkbuf_8)
                                                         clknet_4_3_0_wr_clk (net)
                      0.039000    0.001450    0.241382 ^ clkbuf_5_6__f_wr_clk/A (sky130_fd_sc_hd__clkbuf_16)
     5    0.015268    0.028046    0.083512    0.324893 ^ clkbuf_5_6__f_wr_clk/X (sky130_fd_sc_hd__clkbuf_16)
                                                         clknet_5_6__leaf_wr_clk (net)
                      0.028046    0.000351    0.325244 ^ _1101_/CLK (sky130_fd_sc_hd__dfxtp_2)
                                  0.100000    0.425244   clock uncertainty
                                  0.000000    0.425244   clock reconvergence pessimism
                                 -0.018150    0.407094   library hold time
                                              0.407094   data required time
---------------------------------------------------------------------------------------------
                                              0.407094   data required time
                                             -0.664074   data arrival time
---------------------------------------------------------------------------------------------
                                              0.256980   slack (MET)


Startpoint: _1131_ (rising edge-triggered flip-flop clocked by wr_clk)
Endpoint: _1131_ (rising edge-triggered flip-flop clocked by wr_clk)
Path Group: wr_clk
Path Type: min

Fanout         Cap        Slew       Delay        Time   Description
---------------------------------------------------------------------------------------------
                                  0.000000    0.000000   clock wr_clk (rise edge)
                                  0.000000    0.000000   clock source latency
     1    0.027351    0.000000    0.000000    0.000000 ^ wr_clk (in)
                                                         wr_clk (net)
                      0.002217    0.001109    0.001109 ^ clkbuf_0_wr_clk/A (sky130_fd_sc_hd__clkbuf_16)
    16    0.111526    0.098120    0.123922    0.125030 ^ clkbuf_0_wr_clk/X (sky130_fd_sc_hd__clkbuf_16)
                                                         clknet_0_wr_clk (net)
                      0.098798    0.006551    0.131582 ^ clkbuf_4_8_0_wr_clk/A (sky130_fd_sc_hd__clkbuf_8)
     2    0.020863    0.039514    0.106974    0.238556 ^ clkbuf_4_8_0_wr_clk/X (sky130_fd_sc_hd__clkbuf_8)
                                                         clknet_4_8_0_wr_clk (net)
                      0.039595    0.001546    0.240101 ^ clkbuf_5_17__f_wr_clk/A (sky130_fd_sc_hd__clkbuf_16)
     5    0.016214    0.028704    0.084091    0.324192 ^ clkbuf_5_17__f_wr_clk/X (sky130_fd_sc_hd__clkbuf_16)
                                                         clknet_5_17__leaf_wr_clk (net)
                      0.028723    0.001245    0.325437 ^ _1131_/CLK (sky130_fd_sc_hd__dfxtp_2)
     2    0.005924    0.031471    0.195337    0.520775 ^ _1131_/Q (sky130_fd_sc_hd__dfxtp_2)
                                                         u_fifomem.mem[2][5] (net)
                      0.031471    0.000290    0.521065 ^ _0935_/A0 (sky130_fd_sc_hd__mux2_2)
     1    0.003515    0.026998    0.087035    0.608100 ^ _0935_/X (sky130_fd_sc_hd__mux2_2)
                                                         _0448_ (net)
                      0.027001    0.000245    0.608345 ^ _0936_/A (sky130_fd_sc_hd__buf_4)
     1    0.002683    0.016771    0.057692    0.666037 ^ _0936_/X (sky130_fd_sc_hd__buf_4)
                                                         _0071_ (net)
                      0.016771    0.000186    0.666223 ^ _1131_/D (sky130_fd_sc_hd__dfxtp_2)
                                              0.666223   data arrival time

                                  0.000000    0.000000   clock wr_clk (rise edge)
                                  0.000000    0.000000   clock source latency
     1    0.027351    0.000000    0.000000    0.000000 ^ wr_clk (in)
                                                         wr_clk (net)
                      0.002217    0.001109    0.001109 ^ clkbuf_0_wr_clk/A (sky130_fd_sc_hd__clkbuf_16)
    16    0.111526    0.098120    0.123922    0.125030 ^ clkbuf_0_wr_clk/X (sky130_fd_sc_hd__clkbuf_16)
                                                         clknet_0_wr_clk (net)
                      0.098798    0.006551    0.131582 ^ clkbuf_4_8_0_wr_clk/A (sky130_fd_sc_hd__clkbuf_8)
     2    0.020863    0.039514    0.106974    0.238556 ^ clkbuf_4_8_0_wr_clk/X (sky130_fd_sc_hd__clkbuf_8)
                                                         clknet_4_8_0_wr_clk (net)
                      0.039595    0.001546    0.240101 ^ clkbuf_5_17__f_wr_clk/A (sky130_fd_sc_hd__clkbuf_16)
     5    0.016214    0.028704    0.084091    0.324192 ^ clkbuf_5_17__f_wr_clk/X (sky130_fd_sc_hd__clkbuf_16)
                                                         clknet_5_17__leaf_wr_clk (net)
                      0.028723    0.001245    0.325437 ^ _1131_/CLK (sky130_fd_sc_hd__dfxtp_2)
                                  0.100000    0.425437   clock uncertainty
                                  0.000000    0.425437   clock reconvergence pessimism
                                 -0.016347    0.409090   library hold time
                                              0.409090   data required time
---------------------------------------------------------------------------------------------
                                              0.409090   data required time
                                             -0.666223   data arrival time
---------------------------------------------------------------------------------------------
                                              0.257132   slack (MET)


Startpoint: _1096_ (rising edge-triggered flip-flop clocked by wr_clk)
Endpoint: _1096_ (rising edge-triggered flip-flop clocked by wr_clk)
Path Group: wr_clk
Path Type: min

Fanout         Cap        Slew       Delay        Time   Description
---------------------------------------------------------------------------------------------
                                  0.000000    0.000000   clock wr_clk (rise edge)
                                  0.000000    0.000000   clock source latency
     1    0.027351    0.000000    0.000000    0.000000 ^ wr_clk (in)
                                                         wr_clk (net)
                      0.002217    0.001109    0.001109 ^ clkbuf_0_wr_clk/A (sky130_fd_sc_hd__clkbuf_16)
    16    0.111526    0.098120    0.123922    0.125030 ^ clkbuf_0_wr_clk/X (sky130_fd_sc_hd__clkbuf_16)
                                                         clknet_0_wr_clk (net)
                      0.100425    0.011876    0.136906 ^ clkbuf_4_5_0_wr_clk/A (sky130_fd_sc_hd__clkbuf_8)
     2    0.019828    0.038352    0.106303    0.243209 ^ clkbuf_4_5_0_wr_clk/X (sky130_fd_sc_hd__clkbuf_8)
                                                         clknet_4_5_0_wr_clk (net)
                      0.038433    0.001512    0.244720 ^ clkbuf_5_11__f_wr_clk/A (sky130_fd_sc_hd__clkbuf_16)
     5    0.014632    0.027626    0.082852    0.327572 ^ clkbuf_5_11__f_wr_clk/X (sky130_fd_sc_hd__clkbuf_16)
                                                         clknet_5_11__leaf_wr_clk (net)
                      0.027632    0.000654    0.328226 ^ _1096_/CLK (sky130_fd_sc_hd__dfxtp_2)
     2    0.006643    0.033848    0.196842    0.525069 ^ _1096_/Q (sky130_fd_sc_hd__dfxtp_2)
                                                         u_fifomem.mem[13][2] (net)
                      0.033849    0.000531    0.525599 ^ _0860_/A0 (sky130_fd_sc_hd__mux2_2)
     1    0.003595    0.027258    0.087997    0.613596 ^ _0860_/X (sky130_fd_sc_hd__mux2_2)
                                                         _0408_ (net)
                      0.027260    0.000232    0.613828 ^ _0861_/A (sky130_fd_sc_hd__buf_1)
     1    0.003355    0.036662    0.054312    0.668140 ^ _0861_/X (sky130_fd_sc_hd__buf_1)
                                                         _0036_ (net)
                      0.036663    0.000211    0.668351 ^ _1096_/D (sky130_fd_sc_hd__dfxtp_2)
                                              0.668351   data arrival time

                                  0.000000    0.000000   clock wr_clk (rise edge)
                                  0.000000    0.000000   clock source latency
     1    0.027351    0.000000    0.000000    0.000000 ^ wr_clk (in)
                                                         wr_clk (net)
                      0.002217    0.001109    0.001109 ^ clkbuf_0_wr_clk/A (sky130_fd_sc_hd__clkbuf_16)
    16    0.111526    0.098120    0.123922    0.125030 ^ clkbuf_0_wr_clk/X (sky130_fd_sc_hd__clkbuf_16)
                                                         clknet_0_wr_clk (net)
                      0.100425    0.011876    0.136906 ^ clkbuf_4_5_0_wr_clk/A (sky130_fd_sc_hd__clkbuf_8)
     2    0.019828    0.038352    0.106303    0.243209 ^ clkbuf_4_5_0_wr_clk/X (sky130_fd_sc_hd__clkbuf_8)
                                                         clknet_4_5_0_wr_clk (net)
                      0.038433    0.001512    0.244720 ^ clkbuf_5_11__f_wr_clk/A (sky130_fd_sc_hd__clkbuf_16)
     5    0.014632    0.027626    0.082852    0.327572 ^ clkbuf_5_11__f_wr_clk/X (sky130_fd_sc_hd__clkbuf_16)
                                                         clknet_5_11__leaf_wr_clk (net)
                      0.027632    0.000654    0.328226 ^ _1096_/CLK (sky130_fd_sc_hd__dfxtp_2)
                                  0.100000    0.428226   clock uncertainty
                                  0.000000    0.428226   clock reconvergence pessimism
                                 -0.017781    0.410445   library hold time
                                              0.410445   data required time
---------------------------------------------------------------------------------------------
                                              0.410445   data required time
                                             -0.668351   data arrival time
---------------------------------------------------------------------------------------------
                                              0.257906   slack (MET)


Startpoint: _1104_ (rising edge-triggered flip-flop clocked by wr_clk)
Endpoint: _1104_ (rising edge-triggered flip-flop clocked by wr_clk)
Path Group: wr_clk
Path Type: min

Fanout         Cap        Slew       Delay        Time   Description
---------------------------------------------------------------------------------------------
                                  0.000000    0.000000   clock wr_clk (rise edge)
                                  0.000000    0.000000   clock source latency
     1    0.027351    0.000000    0.000000    0.000000 ^ wr_clk (in)
                                                         wr_clk (net)
                      0.002217    0.001109    0.001109 ^ clkbuf_0_wr_clk/A (sky130_fd_sc_hd__clkbuf_16)
    16    0.111526    0.098120    0.123922    0.125030 ^ clkbuf_0_wr_clk/X (sky130_fd_sc_hd__clkbuf_16)
                                                         clknet_0_wr_clk (net)
                      0.100425    0.011876    0.136906 ^ clkbuf_4_5_0_wr_clk/A (sky130_fd_sc_hd__clkbuf_8)
     2    0.019828    0.038352    0.106303    0.243209 ^ clkbuf_4_5_0_wr_clk/X (sky130_fd_sc_hd__clkbuf_8)
                                                         clknet_4_5_0_wr_clk (net)
                      0.038433    0.001512    0.244720 ^ clkbuf_5_11__f_wr_clk/A (sky130_fd_sc_hd__clkbuf_16)
     5    0.014632    0.027626    0.082852    0.327572 ^ clkbuf_5_11__f_wr_clk/X (sky130_fd_sc_hd__clkbuf_16)
                                                         clknet_5_11__leaf_wr_clk (net)
                      0.027632    0.000666    0.328238 ^ _1104_/CLK (sky130_fd_sc_hd__dfxtp_2)
     2    0.006384    0.032988    0.196189    0.524427 ^ _1104_/Q (sky130_fd_sc_hd__dfxtp_2)
                                                         u_fifomem.mem[14][2] (net)
                      0.032988    0.000337    0.524763 ^ _0878_/A0 (sky130_fd_sc_hd__mux2_2)
     1    0.003675    0.027534    0.088043    0.612806 ^ _0878_/X (sky130_fd_sc_hd__mux2_2)
                                                         _0418_ (net)
                      0.027537    0.000252    0.613058 ^ _0879_/A (sky130_fd_sc_hd__buf_2)
     1    0.002542    0.018318    0.056494    0.669553 ^ _0879_/X (sky130_fd_sc_hd__buf_2)
                                                         _0044_ (net)
                      0.018322    0.000172    0.669724 ^ _1104_/D (sky130_fd_sc_hd__dfxtp_2)
                                              0.669724   data arrival time

                                  0.000000    0.000000   clock wr_clk (rise edge)
                                  0.000000    0.000000   clock source latency
     1    0.027351    0.000000    0.000000    0.000000 ^ wr_clk (in)
                                                         wr_clk (net)
                      0.002217    0.001109    0.001109 ^ clkbuf_0_wr_clk/A (sky130_fd_sc_hd__clkbuf_16)
    16    0.111526    0.098120    0.123922    0.125030 ^ clkbuf_0_wr_clk/X (sky130_fd_sc_hd__clkbuf_16)
                                                         clknet_0_wr_clk (net)
                      0.100425    0.011876    0.136906 ^ clkbuf_4_5_0_wr_clk/A (sky130_fd_sc_hd__clkbuf_8)
     2    0.019828    0.038352    0.106303    0.243209 ^ clkbuf_4_5_0_wr_clk/X (sky130_fd_sc_hd__clkbuf_8)
                                                         clknet_4_5_0_wr_clk (net)
                      0.038433    0.001512    0.244720 ^ clkbuf_5_11__f_wr_clk/A (sky130_fd_sc_hd__clkbuf_16)
     5    0.014632    0.027626    0.082852    0.327572 ^ clkbuf_5_11__f_wr_clk/X (sky130_fd_sc_hd__clkbuf_16)
                                                         clknet_5_11__leaf_wr_clk (net)
                      0.027632    0.000666    0.328238 ^ _1104_/CLK (sky130_fd_sc_hd__dfxtp_2)
                                  0.100000    0.428238   clock uncertainty
                                  0.000000    0.428238   clock reconvergence pessimism
                                 -0.016483    0.411755   library hold time
                                              0.411755   data required time
---------------------------------------------------------------------------------------------
                                              0.411755   data required time
                                             -0.669724   data arrival time
---------------------------------------------------------------------------------------------
                                              0.257969   slack (MET)


Startpoint: _1099_ (rising edge-triggered flip-flop clocked by wr_clk)
Endpoint: _1099_ (rising edge-triggered flip-flop clocked by wr_clk)
Path Group: wr_clk
Path Type: min

Fanout         Cap        Slew       Delay        Time   Description
---------------------------------------------------------------------------------------------
                                  0.000000    0.000000   clock wr_clk (rise edge)
                                  0.000000    0.000000   clock source latency
     1    0.027351    0.000000    0.000000    0.000000 ^ wr_clk (in)
                                                         wr_clk (net)
                      0.002217    0.001109    0.001109 ^ clkbuf_0_wr_clk/A (sky130_fd_sc_hd__clkbuf_16)
    16    0.111526    0.098120    0.123922    0.125030 ^ clkbuf_0_wr_clk/X (sky130_fd_sc_hd__clkbuf_16)
                                                         clknet_0_wr_clk (net)
                      0.100852    0.012934    0.137964 ^ clkbuf_4_6_0_wr_clk/A (sky130_fd_sc_hd__clkbuf_8)
     2    0.018956    0.037221    0.105721    0.243685 ^ clkbuf_4_6_0_wr_clk/X (sky130_fd_sc_hd__clkbuf_8)
                                                         clknet_4_6_0_wr_clk (net)
                      0.037254    0.000977    0.244662 ^ clkbuf_5_12__f_wr_clk/A (sky130_fd_sc_hd__clkbuf_16)
     5    0.016006    0.028527    0.083424    0.328086 ^ clkbuf_5_12__f_wr_clk/X (sky130_fd_sc_hd__clkbuf_16)
                                                         clknet_5_12__leaf_wr_clk (net)
                      0.028534    0.000689    0.328775 ^ _1099_/CLK (sky130_fd_sc_hd__dfxtp_2)
     2    0.006501    0.033376    0.196759    0.525534 ^ _1099_/Q (sky130_fd_sc_hd__dfxtp_2)
                                                         u_fifomem.mem[13][5] (net)
                      0.033376    0.000412    0.525946 ^ _0866_/A0 (sky130_fd_sc_hd__mux2_2)
     1    0.004000    0.028661    0.089323    0.615269 ^ _0866_/X (sky130_fd_sc_hd__mux2_2)
                                                         _0411_ (net)
                      0.028671    0.000300    0.615569 ^ _0867_/A (sky130_fd_sc_hd__buf_1)
     1    0.003224    0.035601    0.053813    0.669382 ^ _0867_/X (sky130_fd_sc_hd__buf_1)
                                                         _0039_ (net)
                      0.035602    0.000202    0.669584 ^ _1099_/D (sky130_fd_sc_hd__dfxtp_2)
                                              0.669584   data arrival time

                                  0.000000    0.000000   clock wr_clk (rise edge)
                                  0.000000    0.000000   clock source latency
     1    0.027351    0.000000    0.000000    0.000000 ^ wr_clk (in)
                                                         wr_clk (net)
                      0.002217    0.001109    0.001109 ^ clkbuf_0_wr_clk/A (sky130_fd_sc_hd__clkbuf_16)
    16    0.111526    0.098120    0.123922    0.125030 ^ clkbuf_0_wr_clk/X (sky130_fd_sc_hd__clkbuf_16)
                                                         clknet_0_wr_clk (net)
                      0.100852    0.012934    0.137964 ^ clkbuf_4_6_0_wr_clk/A (sky130_fd_sc_hd__clkbuf_8)
     2    0.018956    0.037221    0.105721    0.243685 ^ clkbuf_4_6_0_wr_clk/X (sky130_fd_sc_hd__clkbuf_8)
                                                         clknet_4_6_0_wr_clk (net)
                      0.037254    0.000977    0.244662 ^ clkbuf_5_12__f_wr_clk/A (sky130_fd_sc_hd__clkbuf_16)
     5    0.016006    0.028527    0.083424    0.328086 ^ clkbuf_5_12__f_wr_clk/X (sky130_fd_sc_hd__clkbuf_16)
                                                         clknet_5_12__leaf_wr_clk (net)
                      0.028534    0.000689    0.328775 ^ _1099_/CLK (sky130_fd_sc_hd__dfxtp_2)
                                  0.100000    0.428775   clock uncertainty
                                  0.000000    0.428775   clock reconvergence pessimism
                                 -0.017685    0.411090   library hold time
                                              0.411090   data required time
---------------------------------------------------------------------------------------------
                                              0.411090   data required time
                                             -0.669584   data arrival time
---------------------------------------------------------------------------------------------
                                              0.258494   slack (MET)


Startpoint: _1132_ (rising edge-triggered flip-flop clocked by wr_clk)
Endpoint: _1132_ (rising edge-triggered flip-flop clocked by wr_clk)
Path Group: wr_clk
Path Type: min

Fanout         Cap        Slew       Delay        Time   Description
---------------------------------------------------------------------------------------------
                                  0.000000    0.000000   clock wr_clk (rise edge)
                                  0.000000    0.000000   clock source latency
     1    0.027351    0.000000    0.000000    0.000000 ^ wr_clk (in)
                                                         wr_clk (net)
                      0.002217    0.001109    0.001109 ^ clkbuf_0_wr_clk/A (sky130_fd_sc_hd__clkbuf_16)
    16    0.111526    0.098120    0.123922    0.125030 ^ clkbuf_0_wr_clk/X (sky130_fd_sc_hd__clkbuf_16)
                                                         clknet_0_wr_clk (net)
                      0.098770    0.006422    0.131452 ^ clkbuf_4_9_0_wr_clk/A (sky130_fd_sc_hd__clkbuf_8)
     2    0.019640    0.038116    0.105604    0.237057 ^ clkbuf_4_9_0_wr_clk/X (sky130_fd_sc_hd__clkbuf_8)
                                                         clknet_4_9_0_wr_clk (net)
                      0.038227    0.001748    0.238805 ^ clkbuf_5_19__f_wr_clk/A (sky130_fd_sc_hd__clkbuf_16)
     5    0.015523    0.028245    0.083225    0.322030 ^ clkbuf_5_19__f_wr_clk/X (sky130_fd_sc_hd__clkbuf_16)
                                                         clknet_5_19__leaf_wr_clk (net)
                      0.028263    0.001248    0.323278 ^ _1132_/CLK (sky130_fd_sc_hd__dfxtp_2)
     2    0.006003    0.031742    0.195450    0.518728 ^ _1132_/Q (sky130_fd_sc_hd__dfxtp_2)
                                                         u_fifomem.mem[2][6] (net)
                      0.031742    0.000206    0.518934 ^ _0937_/A0 (sky130_fd_sc_hd__mux2_2)
     1    0.004082    0.028961    0.089191    0.608126 ^ _0937_/X (sky130_fd_sc_hd__mux2_2)
                                                         _0449_ (net)
                      0.028964    0.000283    0.608408 ^ _0938_/A (sky130_fd_sc_hd__buf_4)
     1    0.002323    0.016153    0.057578    0.665987 ^ _0938_/X (sky130_fd_sc_hd__buf_4)
                                                         _0072_ (net)
                      0.016153    0.000161    0.666147 ^ _1132_/D (sky130_fd_sc_hd__dfxtp_2)
                                              0.666147   data arrival time

                                  0.000000    0.000000   clock wr_clk (rise edge)
                                  0.000000    0.000000   clock source latency
     1    0.027351    0.000000    0.000000    0.000000 ^ wr_clk (in)
                                                         wr_clk (net)
                      0.002217    0.001109    0.001109 ^ clkbuf_0_wr_clk/A (sky130_fd_sc_hd__clkbuf_16)
    16    0.111526    0.098120    0.123922    0.125030 ^ clkbuf_0_wr_clk/X (sky130_fd_sc_hd__clkbuf_16)
                                                         clknet_0_wr_clk (net)
                      0.098770    0.006422    0.131452 ^ clkbuf_4_9_0_wr_clk/A (sky130_fd_sc_hd__clkbuf_8)
     2    0.019640    0.038116    0.105604    0.237057 ^ clkbuf_4_9_0_wr_clk/X (sky130_fd_sc_hd__clkbuf_8)
                                                         clknet_4_9_0_wr_clk (net)
                      0.038227    0.001748    0.238805 ^ clkbuf_5_19__f_wr_clk/A (sky130_fd_sc_hd__clkbuf_16)
     5    0.015523    0.028245    0.083225    0.322030 ^ clkbuf_5_19__f_wr_clk/X (sky130_fd_sc_hd__clkbuf_16)
                                                         clknet_5_19__leaf_wr_clk (net)
                      0.028263    0.001248    0.323278 ^ _1132_/CLK (sky130_fd_sc_hd__dfxtp_2)
                                  0.100000    0.423278   clock uncertainty
                                  0.000000    0.423278   clock reconvergence pessimism
                                 -0.016314    0.406964   library hold time
                                              0.406964   data required time
---------------------------------------------------------------------------------------------
                                              0.406964   data required time
                                             -0.666147   data arrival time
---------------------------------------------------------------------------------------------
                                              0.259183   slack (MET)


Startpoint: _1144_ (rising edge-triggered flip-flop clocked by wr_clk)
Endpoint: _1144_ (rising edge-triggered flip-flop clocked by wr_clk)
Path Group: wr_clk
Path Type: min

Fanout         Cap        Slew       Delay        Time   Description
---------------------------------------------------------------------------------------------
                                  0.000000    0.000000   clock wr_clk (rise edge)
                                  0.000000    0.000000   clock source latency
     1    0.027351    0.000000    0.000000    0.000000 ^ wr_clk (in)
                                                         wr_clk (net)
                      0.002217    0.001109    0.001109 ^ clkbuf_0_wr_clk/A (sky130_fd_sc_hd__clkbuf_16)
    16    0.111526    0.098120    0.123922    0.125030 ^ clkbuf_0_wr_clk/X (sky130_fd_sc_hd__clkbuf_16)
                                                         clknet_0_wr_clk (net)
                      0.100150    0.011146    0.136176 ^ clkbuf_4_0_0_wr_clk/A (sky130_fd_sc_hd__clkbuf_8)
     2    0.018929    0.037304    0.105345    0.241522 ^ clkbuf_4_0_0_wr_clk/X (sky130_fd_sc_hd__clkbuf_8)
                                                         clknet_4_0_0_wr_clk (net)
                      0.037366    0.001319    0.242841 ^ clkbuf_5_0__f_wr_clk/A (sky130_fd_sc_hd__clkbuf_16)
     5    0.019291    0.030719    0.085521    0.328362 ^ clkbuf_5_0__f_wr_clk/X (sky130_fd_sc_hd__clkbuf_16)
                                                         clknet_5_0__leaf_wr_clk (net)
                      0.030738    0.001171    0.329533 ^ _1144_/CLK (sky130_fd_sc_hd__dfxtp_2)
     2    0.005970    0.031614    0.196027    0.525560 ^ _1144_/Q (sky130_fd_sc_hd__dfxtp_2)
                                                         u_fifomem.mem[4][2] (net)
                      0.031614    0.000314    0.525874 ^ _0964_/A0 (sky130_fd_sc_hd__mux2_2)
     1    0.004227    0.029491    0.089712    0.615586 ^ _0964_/X (sky130_fd_sc_hd__mux2_2)
                                                         _0464_ (net)
                      0.029491    0.000258    0.615844 ^ _0965_/A (sky130_fd_sc_hd__buf_1)
     1    0.003387    0.036936    0.054932    0.670776 ^ _0965_/X (sky130_fd_sc_hd__buf_1)
                                                         _0084_ (net)
                      0.036937    0.000235    0.671011 ^ _1144_/D (sky130_fd_sc_hd__dfxtp_2)
                                              0.671011   data arrival time

                                  0.000000    0.000000   clock wr_clk (rise edge)
                                  0.000000    0.000000   clock source latency
     1    0.027351    0.000000    0.000000    0.000000 ^ wr_clk (in)
                                                         wr_clk (net)
                      0.002217    0.001109    0.001109 ^ clkbuf_0_wr_clk/A (sky130_fd_sc_hd__clkbuf_16)
    16    0.111526    0.098120    0.123922    0.125030 ^ clkbuf_0_wr_clk/X (sky130_fd_sc_hd__clkbuf_16)
                                                         clknet_0_wr_clk (net)
                      0.100150    0.011146    0.136176 ^ clkbuf_4_0_0_wr_clk/A (sky130_fd_sc_hd__clkbuf_8)
     2    0.018929    0.037304    0.105345    0.241522 ^ clkbuf_4_0_0_wr_clk/X (sky130_fd_sc_hd__clkbuf_8)
                                                         clknet_4_0_0_wr_clk (net)
                      0.037366    0.001319    0.242841 ^ clkbuf_5_0__f_wr_clk/A (sky130_fd_sc_hd__clkbuf_16)
     5    0.019291    0.030719    0.085521    0.328362 ^ clkbuf_5_0__f_wr_clk/X (sky130_fd_sc_hd__clkbuf_16)
                                                         clknet_5_0__leaf_wr_clk (net)
                      0.030738    0.001171    0.329533 ^ _1144_/CLK (sky130_fd_sc_hd__dfxtp_2)
                                  0.100000    0.429533   clock uncertainty
                                  0.000000    0.429533   clock reconvergence pessimism
                                 -0.017726    0.411807   library hold time
                                              0.411807   data required time
---------------------------------------------------------------------------------------------
                                              0.411807   data required time
                                             -0.671011   data arrival time
---------------------------------------------------------------------------------------------
                                              0.259205   slack (MET)


Startpoint: _1130_ (rising edge-triggered flip-flop clocked by wr_clk)
Endpoint: _1130_ (rising edge-triggered flip-flop clocked by wr_clk)
Path Group: wr_clk
Path Type: min

Fanout         Cap        Slew       Delay        Time   Description
---------------------------------------------------------------------------------------------
                                  0.000000    0.000000   clock wr_clk (rise edge)
                                  0.000000    0.000000   clock source latency
     1    0.027351    0.000000    0.000000    0.000000 ^ wr_clk (in)
                                                         wr_clk (net)
                      0.002217    0.001109    0.001109 ^ clkbuf_0_wr_clk/A (sky130_fd_sc_hd__clkbuf_16)
    16    0.111526    0.098120    0.123922    0.125030 ^ clkbuf_0_wr_clk/X (sky130_fd_sc_hd__clkbuf_16)
                                                         clknet_0_wr_clk (net)
                      0.100150    0.011146    0.136176 ^ clkbuf_4_0_0_wr_clk/A (sky130_fd_sc_hd__clkbuf_8)
     2    0.018929    0.037304    0.105345    0.241522 ^ clkbuf_4_0_0_wr_clk/X (sky130_fd_sc_hd__clkbuf_8)
                                                         clknet_4_0_0_wr_clk (net)
                      0.037372    0.001370    0.242892 ^ clkbuf_5_1__f_wr_clk/A (sky130_fd_sc_hd__clkbuf_16)
     5    0.016939    0.029173    0.083909    0.326801 ^ clkbuf_5_1__f_wr_clk/X (sky130_fd_sc_hd__clkbuf_16)
                                                         clknet_5_1__leaf_wr_clk (net)
                      0.029196    0.001376    0.328177 ^ _1130_/CLK (sky130_fd_sc_hd__dfxtp_2)
     2    0.006667    0.033928    0.197393    0.525570 ^ _1130_/Q (sky130_fd_sc_hd__dfxtp_2)
                                                         u_fifomem.mem[2][4] (net)
                      0.033928    0.000457    0.526027 ^ _0933_/A0 (sky130_fd_sc_hd__mux2_2)
     1    0.003612    0.027315    0.088072    0.614099 ^ _0933_/X (sky130_fd_sc_hd__mux2_2)
                                                         _0447_ (net)
                      0.027317    0.000242    0.614341 ^ _0934_/A (sky130_fd_sc_hd__buf_4)
     1    0.002223    0.015979    0.056927    0.671268 ^ _0934_/X (sky130_fd_sc_hd__buf_4)
                                                         _0070_ (net)
                      0.015979    0.000152    0.671420 ^ _1130_/D (sky130_fd_sc_hd__dfxtp_2)
                                              0.671420   data arrival time

                                  0.000000    0.000000   clock wr_clk (rise edge)
                                  0.000000    0.000000   clock source latency
     1    0.027351    0.000000    0.000000    0.000000 ^ wr_clk (in)
                                                         wr_clk (net)
                      0.002217    0.001109    0.001109 ^ clkbuf_0_wr_clk/A (sky130_fd_sc_hd__clkbuf_16)
    16    0.111526    0.098120    0.123922    0.125030 ^ clkbuf_0_wr_clk/X (sky130_fd_sc_hd__clkbuf_16)
                                                         clknet_0_wr_clk (net)
                      0.100150    0.011146    0.136176 ^ clkbuf_4_0_0_wr_clk/A (sky130_fd_sc_hd__clkbuf_8)
     2    0.018929    0.037304    0.105345    0.241522 ^ clkbuf_4_0_0_wr_clk/X (sky130_fd_sc_hd__clkbuf_8)
                                                         clknet_4_0_0_wr_clk (net)
                      0.037372    0.001370    0.242892 ^ clkbuf_5_1__f_wr_clk/A (sky130_fd_sc_hd__clkbuf_16)
     5    0.016939    0.029173    0.083909    0.326801 ^ clkbuf_5_1__f_wr_clk/X (sky130_fd_sc_hd__clkbuf_16)
                                                         clknet_5_1__leaf_wr_clk (net)
                      0.029196    0.001376    0.328177 ^ _1130_/CLK (sky130_fd_sc_hd__dfxtp_2)
                                  0.100000    0.428177   clock uncertainty
                                  0.000000    0.428177   clock reconvergence pessimism
                                 -0.016280    0.411897   library hold time
                                              0.411897   data required time
---------------------------------------------------------------------------------------------
                                              0.411897   data required time
                                             -0.671420   data arrival time
---------------------------------------------------------------------------------------------
                                              0.259523   slack (MET)


Startpoint: _1119_ (rising edge-triggered flip-flop clocked by wr_clk)
Endpoint: _1119_ (rising edge-triggered flip-flop clocked by wr_clk)
Path Group: wr_clk
Path Type: min

Fanout         Cap        Slew       Delay        Time   Description
---------------------------------------------------------------------------------------------
                                  0.000000    0.000000   clock wr_clk (rise edge)
                                  0.000000    0.000000   clock source latency
     1    0.027351    0.000000    0.000000    0.000000 ^ wr_clk (in)
                                                         wr_clk (net)
                      0.002217    0.001109    0.001109 ^ clkbuf_0_wr_clk/A (sky130_fd_sc_hd__clkbuf_16)
    16    0.111526    0.098120    0.123922    0.125030 ^ clkbuf_0_wr_clk/X (sky130_fd_sc_hd__clkbuf_16)
                                                         clknet_0_wr_clk (net)
                      0.098770    0.006422    0.131452 ^ clkbuf_4_9_0_wr_clk/A (sky130_fd_sc_hd__clkbuf_8)
     2    0.019640    0.038116    0.105604    0.237057 ^ clkbuf_4_9_0_wr_clk/X (sky130_fd_sc_hd__clkbuf_8)
                                                         clknet_4_9_0_wr_clk (net)
                      0.038227    0.001748    0.238805 ^ clkbuf_5_19__f_wr_clk/A (sky130_fd_sc_hd__clkbuf_16)
     5    0.015523    0.028245    0.083225    0.322030 ^ clkbuf_5_19__f_wr_clk/X (sky130_fd_sc_hd__clkbuf_16)
                                                         clknet_5_19__leaf_wr_clk (net)
                      0.028268    0.001409    0.323439 ^ _1119_/CLK (sky130_fd_sc_hd__dfxtp_2)
     2    0.006005    0.031730    0.195377    0.518817 ^ _1119_/Q (sky130_fd_sc_hd__dfxtp_2)
                                                         u_fifomem.mem[1][1] (net)
                      0.031730    0.000380    0.519197 ^ _0910_/A0 (sky130_fd_sc_hd__mux2_2)
     1    0.004092    0.028934    0.089213    0.608410 ^ _0910_/X (sky130_fd_sc_hd__mux2_2)
                                                         _0435_ (net)
                      0.028944    0.000296    0.608706 ^ _0911_/A (sky130_fd_sc_hd__buf_2)
     1    0.002844    0.019222    0.057790    0.666497 ^ _0911_/X (sky130_fd_sc_hd__buf_2)
                                                         _0059_ (net)
                      0.019222    0.000202    0.666699 ^ _1119_/D (sky130_fd_sc_hd__dfxtp_2)
                                              0.666699   data arrival time

                                  0.000000    0.000000   clock wr_clk (rise edge)
                                  0.000000    0.000000   clock source latency
     1    0.027351    0.000000    0.000000    0.000000 ^ wr_clk (in)
                                                         wr_clk (net)
                      0.002217    0.001109    0.001109 ^ clkbuf_0_wr_clk/A (sky130_fd_sc_hd__clkbuf_16)
    16    0.111526    0.098120    0.123922    0.125030 ^ clkbuf_0_wr_clk/X (sky130_fd_sc_hd__clkbuf_16)
                                                         clknet_0_wr_clk (net)
                      0.098770    0.006422    0.131452 ^ clkbuf_4_9_0_wr_clk/A (sky130_fd_sc_hd__clkbuf_8)
     2    0.019640    0.038116    0.105604    0.237057 ^ clkbuf_4_9_0_wr_clk/X (sky130_fd_sc_hd__clkbuf_8)
                                                         clknet_4_9_0_wr_clk (net)
                      0.038227    0.001748    0.238805 ^ clkbuf_5_19__f_wr_clk/A (sky130_fd_sc_hd__clkbuf_16)
     5    0.015523    0.028245    0.083225    0.322030 ^ clkbuf_5_19__f_wr_clk/X (sky130_fd_sc_hd__clkbuf_16)
                                                         clknet_5_19__leaf_wr_clk (net)
                      0.028268    0.001409    0.323439 ^ _1119_/CLK (sky130_fd_sc_hd__dfxtp_2)
                                  0.100000    0.423439   clock uncertainty
                                  0.000000    0.423439   clock reconvergence pessimism
                                 -0.016531    0.406908   library hold time
                                              0.406908   data required time
---------------------------------------------------------------------------------------------
                                              0.406908   data required time
                                             -0.666699   data arrival time
---------------------------------------------------------------------------------------------
                                              0.259791   slack (MET)


Startpoint: _1071_ (rising edge-triggered flip-flop clocked by wr_clk)
Endpoint: _1071_ (rising edge-triggered flip-flop clocked by wr_clk)
Path Group: wr_clk
Path Type: min

Fanout         Cap        Slew       Delay        Time   Description
---------------------------------------------------------------------------------------------
                                  0.000000    0.000000   clock wr_clk (rise edge)
                                  0.000000    0.000000   clock source latency
     1    0.027351    0.000000    0.000000    0.000000 ^ wr_clk (in)
                                                         wr_clk (net)
                      0.002217    0.001109    0.001109 ^ clkbuf_0_wr_clk/A (sky130_fd_sc_hd__clkbuf_16)
    16    0.111526    0.098120    0.123922    0.125030 ^ clkbuf_0_wr_clk/X (sky130_fd_sc_hd__clkbuf_16)
                                                         clknet_0_wr_clk (net)
                      0.100852    0.012934    0.137964 ^ clkbuf_4_6_0_wr_clk/A (sky130_fd_sc_hd__clkbuf_8)
     2    0.018956    0.037221    0.105721    0.243685 ^ clkbuf_4_6_0_wr_clk/X (sky130_fd_sc_hd__clkbuf_8)
                                                         clknet_4_6_0_wr_clk (net)
                      0.037254    0.000977    0.244662 ^ clkbuf_5_12__f_wr_clk/A (sky130_fd_sc_hd__clkbuf_16)
     5    0.016006    0.028527    0.083424    0.328086 ^ clkbuf_5_12__f_wr_clk/X (sky130_fd_sc_hd__clkbuf_16)
                                                         clknet_5_12__leaf_wr_clk (net)
                      0.028534    0.000656    0.328741 ^ _1071_/CLK (sky130_fd_sc_hd__dfxtp_2)
     2    0.006689    0.034005    0.197254    0.525995 ^ _1071_/Q (sky130_fd_sc_hd__dfxtp_2)
                                                         u_fifomem.mem[10][1] (net)
                      0.034005    0.000453    0.526449 ^ _0805_/A0 (sky130_fd_sc_hd__mux2_2)
     1    0.003480    0.026874    0.087613    0.614062 ^ _0805_/X (sky130_fd_sc_hd__mux2_2)
                                                         _0378_ (net)
                      0.026878    0.000231    0.614293 ^ _0806_/A (sky130_fd_sc_hd__buf_2)
     1    0.003025    0.019760    0.057708    0.672001 ^ _0806_/X (sky130_fd_sc_hd__buf_2)
                                                         _0011_ (net)
                      0.019761    0.000189    0.672190 ^ _1071_/D (sky130_fd_sc_hd__dfxtp_2)
                                              0.672190   data arrival time

                                  0.000000    0.000000   clock wr_clk (rise edge)
                                  0.000000    0.000000   clock source latency
     1    0.027351    0.000000    0.000000    0.000000 ^ wr_clk (in)
                                                         wr_clk (net)
                      0.002217    0.001109    0.001109 ^ clkbuf_0_wr_clk/A (sky130_fd_sc_hd__clkbuf_16)
    16    0.111526    0.098120    0.123922    0.125030 ^ clkbuf_0_wr_clk/X (sky130_fd_sc_hd__clkbuf_16)
                                                         clknet_0_wr_clk (net)
                      0.100852    0.012934    0.137964 ^ clkbuf_4_6_0_wr_clk/A (sky130_fd_sc_hd__clkbuf_8)
     2    0.018956    0.037221    0.105721    0.243685 ^ clkbuf_4_6_0_wr_clk/X (sky130_fd_sc_hd__clkbuf_8)
                                                         clknet_4_6_0_wr_clk (net)
                      0.037254    0.000977    0.244662 ^ clkbuf_5_12__f_wr_clk/A (sky130_fd_sc_hd__clkbuf_16)
     5    0.016006    0.028527    0.083424    0.328086 ^ clkbuf_5_12__f_wr_clk/X (sky130_fd_sc_hd__clkbuf_16)
                                                         clknet_5_12__leaf_wr_clk (net)
                      0.028534    0.000656    0.328741 ^ _1071_/CLK (sky130_fd_sc_hd__dfxtp_2)
                                  0.100000    0.428741   clock uncertainty
                                  0.000000    0.428741   clock reconvergence pessimism
                                 -0.016563    0.412178   library hold time
                                              0.412178   data required time
---------------------------------------------------------------------------------------------
                                              0.412178   data required time
                                             -0.672190   data arrival time
---------------------------------------------------------------------------------------------
                                              0.260012   slack (MET)


Startpoint: _1183_ (rising edge-triggered flip-flop clocked by wr_clk)
Endpoint: _1183_ (rising edge-triggered flip-flop clocked by wr_clk)
Path Group: wr_clk
Path Type: min

Fanout         Cap        Slew       Delay        Time   Description
---------------------------------------------------------------------------------------------
                                  0.000000    0.000000   clock wr_clk (rise edge)
                                  0.000000    0.000000   clock source latency
     1    0.027351    0.000000    0.000000    0.000000 ^ wr_clk (in)
                                                         wr_clk (net)
                      0.002217    0.001109    0.001109 ^ clkbuf_0_wr_clk/A (sky130_fd_sc_hd__clkbuf_16)
    16    0.111526    0.098120    0.123922    0.125030 ^ clkbuf_0_wr_clk/X (sky130_fd_sc_hd__clkbuf_16)
                                                         clknet_0_wr_clk (net)
                      0.100861    0.012955    0.137986 ^ clkbuf_4_7_0_wr_clk/A (sky130_fd_sc_hd__clkbuf_8)
     2    0.019330    0.037616    0.106299    0.244285 ^ clkbuf_4_7_0_wr_clk/X (sky130_fd_sc_hd__clkbuf_8)
                                                         clknet_4_7_0_wr_clk (net)
                      0.037619    0.000385    0.244670 ^ clkbuf_5_14__f_wr_clk/A (sky130_fd_sc_hd__clkbuf_16)
     5    0.015009    0.027870    0.082925    0.327595 ^ clkbuf_5_14__f_wr_clk/X (sky130_fd_sc_hd__clkbuf_16)
                                                         clknet_5_14__leaf_wr_clk (net)
                      0.027875    0.000526    0.328121 ^ _1183_/CLK (sky130_fd_sc_hd__dfxtp_2)
     2    0.005266    0.029304    0.193314    0.521435 ^ _1183_/Q (sky130_fd_sc_hd__dfxtp_2)
                                                         u_fifomem.mem[9][1] (net)
                      0.029304    0.000310    0.521746 ^ _1048_/A0 (sky130_fd_sc_hd__mux2_2)
     1    0.004500    0.030485    0.090058    0.611804 ^ _1048_/X (sky130_fd_sc_hd__mux2_2)
                                                         _0509_ (net)
                      0.030486    0.000299    0.612103 ^ _1049_/A (sky130_fd_sc_hd__buf_1)
     1    0.003979    0.041835    0.058613    0.670716 ^ _1049_/X (sky130_fd_sc_hd__buf_1)
                                                         _0123_ (net)
                      0.041836    0.000275    0.670991 ^ _1183_/D (sky130_fd_sc_hd__dfxtp_2)
                                              0.670991   data arrival time

                                  0.000000    0.000000   clock wr_clk (rise edge)
                                  0.000000    0.000000   clock source latency
     1    0.027351    0.000000    0.000000    0.000000 ^ wr_clk (in)
                                                         wr_clk (net)
                      0.002217    0.001109    0.001109 ^ clkbuf_0_wr_clk/A (sky130_fd_sc_hd__clkbuf_16)
    16    0.111526    0.098120    0.123922    0.125030 ^ clkbuf_0_wr_clk/X (sky130_fd_sc_hd__clkbuf_16)
                                                         clknet_0_wr_clk (net)
                      0.100861    0.012955    0.137986 ^ clkbuf_4_7_0_wr_clk/A (sky130_fd_sc_hd__clkbuf_8)
     2    0.019330    0.037616    0.106299    0.244285 ^ clkbuf_4_7_0_wr_clk/X (sky130_fd_sc_hd__clkbuf_8)
                                                         clknet_4_7_0_wr_clk (net)
                      0.037619    0.000385    0.244670 ^ clkbuf_5_14__f_wr_clk/A (sky130_fd_sc_hd__clkbuf_16)
     5    0.015009    0.027870    0.082925    0.327595 ^ clkbuf_5_14__f_wr_clk/X (sky130_fd_sc_hd__clkbuf_16)
                                                         clknet_5_14__leaf_wr_clk (net)
                      0.027875    0.000526    0.328121 ^ _1183_/CLK (sky130_fd_sc_hd__dfxtp_2)
                                  0.100000    0.428121   clock uncertainty
                                  0.000000    0.428121   clock reconvergence pessimism
                                 -0.018142    0.409980   library hold time
                                              0.409980   data required time
---------------------------------------------------------------------------------------------
                                              0.409980   data required time
                                             -0.670991   data arrival time
---------------------------------------------------------------------------------------------
                                              0.261011   slack (MET)


Startpoint: _1123_ (rising edge-triggered flip-flop clocked by wr_clk)
Endpoint: _1123_ (rising edge-triggered flip-flop clocked by wr_clk)
Path Group: wr_clk
Path Type: min

Fanout         Cap        Slew       Delay        Time   Description
---------------------------------------------------------------------------------------------
                                  0.000000    0.000000   clock wr_clk (rise edge)
                                  0.000000    0.000000   clock source latency
     1    0.027351    0.000000    0.000000    0.000000 ^ wr_clk (in)
                                                         wr_clk (net)
                      0.002217    0.001109    0.001109 ^ clkbuf_0_wr_clk/A (sky130_fd_sc_hd__clkbuf_16)
    16    0.111526    0.098120    0.123922    0.125030 ^ clkbuf_0_wr_clk/X (sky130_fd_sc_hd__clkbuf_16)
                                                         clknet_0_wr_clk (net)
                      0.098798    0.006551    0.131582 ^ clkbuf_4_8_0_wr_clk/A (sky130_fd_sc_hd__clkbuf_8)
     2    0.020863    0.039514    0.106974    0.238556 ^ clkbuf_4_8_0_wr_clk/X (sky130_fd_sc_hd__clkbuf_8)
                                                         clknet_4_8_0_wr_clk (net)
                      0.039595    0.001546    0.240101 ^ clkbuf_5_17__f_wr_clk/A (sky130_fd_sc_hd__clkbuf_16)
     5    0.016214    0.028704    0.084091    0.324192 ^ clkbuf_5_17__f_wr_clk/X (sky130_fd_sc_hd__clkbuf_16)
                                                         clknet_5_17__leaf_wr_clk (net)
                      0.028716    0.000986    0.325178 ^ _1123_/CLK (sky130_fd_sc_hd__dfxtp_2)
     2    0.005971    0.031617    0.195426    0.520604 ^ _1123_/Q (sky130_fd_sc_hd__dfxtp_2)
                                                         u_fifomem.mem[1][5] (net)
                      0.031617    0.000347    0.520951 ^ _0918_/A0 (sky130_fd_sc_hd__mux2_2)
     1    0.004142    0.029182    0.089392    0.610343 ^ _0918_/X (sky130_fd_sc_hd__mux2_2)
                                                         _0439_ (net)
                      0.029183    0.000277    0.610620 ^ _0919_/A (sky130_fd_sc_hd__buf_2)
     1    0.003270    0.020490    0.059091    0.669711 ^ _0919_/X (sky130_fd_sc_hd__buf_2)
                                                         _0063_ (net)
                      0.020494    0.000248    0.669959 ^ _1123_/D (sky130_fd_sc_hd__dfxtp_2)
                                              0.669959   data arrival time

                                  0.000000    0.000000   clock wr_clk (rise edge)
                                  0.000000    0.000000   clock source latency
     1    0.027351    0.000000    0.000000    0.000000 ^ wr_clk (in)
                                                         wr_clk (net)
                      0.002217    0.001109    0.001109 ^ clkbuf_0_wr_clk/A (sky130_fd_sc_hd__clkbuf_16)
    16    0.111526    0.098120    0.123922    0.125030 ^ clkbuf_0_wr_clk/X (sky130_fd_sc_hd__clkbuf_16)
                                                         clknet_0_wr_clk (net)
                      0.098798    0.006551    0.131582 ^ clkbuf_4_8_0_wr_clk/A (sky130_fd_sc_hd__clkbuf_8)
     2    0.020863    0.039514    0.106974    0.238556 ^ clkbuf_4_8_0_wr_clk/X (sky130_fd_sc_hd__clkbuf_8)
                                                         clknet_4_8_0_wr_clk (net)
                      0.039595    0.001546    0.240101 ^ clkbuf_5_17__f_wr_clk/A (sky130_fd_sc_hd__clkbuf_16)
     5    0.016214    0.028704    0.084091    0.324192 ^ clkbuf_5_17__f_wr_clk/X (sky130_fd_sc_hd__clkbuf_16)
                                                         clknet_5_17__leaf_wr_clk (net)
                      0.028716    0.000986    0.325178 ^ _1123_/CLK (sky130_fd_sc_hd__dfxtp_2)
                                  0.100000    0.425178   clock uncertainty
                                  0.000000    0.425178   clock reconvergence pessimism
                                 -0.016611    0.408568   library hold time
                                              0.408568   data required time
---------------------------------------------------------------------------------------------
                                              0.408568   data required time
                                             -0.669959   data arrival time
---------------------------------------------------------------------------------------------
                                              0.261391   slack (MET)


Startpoint: _1095_ (rising edge-triggered flip-flop clocked by wr_clk)
Endpoint: _1095_ (rising edge-triggered flip-flop clocked by wr_clk)
Path Group: wr_clk
Path Type: min

Fanout         Cap        Slew       Delay        Time   Description
---------------------------------------------------------------------------------------------
                                  0.000000    0.000000   clock wr_clk (rise edge)
                                  0.000000    0.000000   clock source latency
     1    0.027351    0.000000    0.000000    0.000000 ^ wr_clk (in)
                                                         wr_clk (net)
                      0.002217    0.001109    0.001109 ^ clkbuf_0_wr_clk/A (sky130_fd_sc_hd__clkbuf_16)
    16    0.111526    0.098120    0.123922    0.125030 ^ clkbuf_0_wr_clk/X (sky130_fd_sc_hd__clkbuf_16)
                                                         clknet_0_wr_clk (net)
                      0.100861    0.012955    0.137986 ^ clkbuf_4_7_0_wr_clk/A (sky130_fd_sc_hd__clkbuf_8)
     2    0.019330    0.037616    0.106299    0.244285 ^ clkbuf_4_7_0_wr_clk/X (sky130_fd_sc_hd__clkbuf_8)
                                                         clknet_4_7_0_wr_clk (net)
                      0.037644    0.000917    0.245202 ^ clkbuf_5_15__f_wr_clk/A (sky130_fd_sc_hd__clkbuf_16)
     5    0.014803    0.027736    0.082764    0.327966 ^ clkbuf_5_15__f_wr_clk/X (sky130_fd_sc_hd__clkbuf_16)
                                                         clknet_5_15__leaf_wr_clk (net)
                      0.027736    0.000418    0.328384 ^ _1095_/CLK (sky130_fd_sc_hd__dfxtp_2)
     2    0.006122    0.032128    0.195565    0.523949 ^ _1095_/Q (sky130_fd_sc_hd__dfxtp_2)
                                                         u_fifomem.mem[13][1] (net)
                      0.032128    0.000271    0.524219 ^ _0858_/A0 (sky130_fd_sc_hd__mux2_2)
     1    0.003667    0.027509    0.087777    0.611997 ^ _0858_/X (sky130_fd_sc_hd__mux2_2)
                                                         _0407_ (net)
                      0.027511    0.000256    0.612252 ^ _0859_/A (sky130_fd_sc_hd__buf_1)
     1    0.004179    0.043530    0.059201    0.671453 ^ _0859_/X (sky130_fd_sc_hd__buf_1)
                                                         _0035_ (net)
                      0.043531    0.000273    0.671726 ^ _1095_/D (sky130_fd_sc_hd__dfxtp_2)
                                              0.671726   data arrival time

                                  0.000000    0.000000   clock wr_clk (rise edge)
                                  0.000000    0.000000   clock source latency
     1    0.027351    0.000000    0.000000    0.000000 ^ wr_clk (in)
                                                         wr_clk (net)
                      0.002217    0.001109    0.001109 ^ clkbuf_0_wr_clk/A (sky130_fd_sc_hd__clkbuf_16)
    16    0.111526    0.098120    0.123922    0.125030 ^ clkbuf_0_wr_clk/X (sky130_fd_sc_hd__clkbuf_16)
                                                         clknet_0_wr_clk (net)
                      0.100861    0.012955    0.137986 ^ clkbuf_4_7_0_wr_clk/A (sky130_fd_sc_hd__clkbuf_8)
     2    0.019330    0.037616    0.106299    0.244285 ^ clkbuf_4_7_0_wr_clk/X (sky130_fd_sc_hd__clkbuf_8)
                                                         clknet_4_7_0_wr_clk (net)
                      0.037644    0.000917    0.245202 ^ clkbuf_5_15__f_wr_clk/A (sky130_fd_sc_hd__clkbuf_16)
     5    0.014803    0.027736    0.082764    0.327966 ^ clkbuf_5_15__f_wr_clk/X (sky130_fd_sc_hd__clkbuf_16)
                                                         clknet_5_15__leaf_wr_clk (net)
                      0.027736    0.000418    0.328384 ^ _1095_/CLK (sky130_fd_sc_hd__dfxtp_2)
                                  0.100000    0.428384   clock uncertainty
                                  0.000000    0.428384   clock reconvergence pessimism
                                 -0.018265    0.410119   library hold time
                                              0.410119   data required time
---------------------------------------------------------------------------------------------
                                              0.410119   data required time
                                             -0.671726   data arrival time
---------------------------------------------------------------------------------------------
                                              0.261607   slack (MET)


Startpoint: _1127_ (rising edge-triggered flip-flop clocked by wr_clk)
Endpoint: _1127_ (rising edge-triggered flip-flop clocked by wr_clk)
Path Group: wr_clk
Path Type: min

Fanout         Cap        Slew       Delay        Time   Description
---------------------------------------------------------------------------------------------
                                  0.000000    0.000000   clock wr_clk (rise edge)
                                  0.000000    0.000000   clock source latency
     1    0.027351    0.000000    0.000000    0.000000 ^ wr_clk (in)
                                                         wr_clk (net)
                      0.002217    0.001109    0.001109 ^ clkbuf_0_wr_clk/A (sky130_fd_sc_hd__clkbuf_16)
    16    0.111526    0.098120    0.123922    0.125030 ^ clkbuf_0_wr_clk/X (sky130_fd_sc_hd__clkbuf_16)
                                                         clknet_0_wr_clk (net)
                      0.098770    0.006422    0.131452 ^ clkbuf_4_9_0_wr_clk/A (sky130_fd_sc_hd__clkbuf_8)
     2    0.019640    0.038116    0.105604    0.237057 ^ clkbuf_4_9_0_wr_clk/X (sky130_fd_sc_hd__clkbuf_8)
                                                         clknet_4_9_0_wr_clk (net)
                      0.038227    0.001748    0.238805 ^ clkbuf_5_19__f_wr_clk/A (sky130_fd_sc_hd__clkbuf_16)
     5    0.015523    0.028245    0.083225    0.322030 ^ clkbuf_5_19__f_wr_clk/X (sky130_fd_sc_hd__clkbuf_16)
                                                         clknet_5_19__leaf_wr_clk (net)
                      0.028267    0.001365    0.323395 ^ _1127_/CLK (sky130_fd_sc_hd__dfxtp_2)
     2    0.006229    0.032472    0.195965    0.519360 ^ _1127_/Q (sky130_fd_sc_hd__dfxtp_2)
                                                         u_fifomem.mem[2][1] (net)
                      0.032472    0.000372    0.519731 ^ _0927_/A0 (sky130_fd_sc_hd__mux2_2)
     1    0.004277    0.029667    0.090115    0.609846 ^ _0927_/X (sky130_fd_sc_hd__mux2_2)
                                                         _0444_ (net)
                      0.029668    0.000286    0.610133 ^ _0928_/A (sky130_fd_sc_hd__buf_4)
     1    0.003044    0.017388    0.059112    0.669245 ^ _0928_/X (sky130_fd_sc_hd__buf_4)
                                                         _0067_ (net)
                      0.017388    0.000217    0.669462 ^ _1127_/D (sky130_fd_sc_hd__dfxtp_2)
                                              0.669462   data arrival time

                                  0.000000    0.000000   clock wr_clk (rise edge)
                                  0.000000    0.000000   clock source latency
     1    0.027351    0.000000    0.000000    0.000000 ^ wr_clk (in)
                                                         wr_clk (net)
                      0.002217    0.001109    0.001109 ^ clkbuf_0_wr_clk/A (sky130_fd_sc_hd__clkbuf_16)
    16    0.111526    0.098120    0.123922    0.125030 ^ clkbuf_0_wr_clk/X (sky130_fd_sc_hd__clkbuf_16)
                                                         clknet_0_wr_clk (net)
                      0.098770    0.006422    0.131452 ^ clkbuf_4_9_0_wr_clk/A (sky130_fd_sc_hd__clkbuf_8)
     2    0.019640    0.038116    0.105604    0.237057 ^ clkbuf_4_9_0_wr_clk/X (sky130_fd_sc_hd__clkbuf_8)
                                                         clknet_4_9_0_wr_clk (net)
                      0.038227    0.001748    0.238805 ^ clkbuf_5_19__f_wr_clk/A (sky130_fd_sc_hd__clkbuf_16)
     5    0.015523    0.028245    0.083225    0.322030 ^ clkbuf_5_19__f_wr_clk/X (sky130_fd_sc_hd__clkbuf_16)
                                                         clknet_5_19__leaf_wr_clk (net)
                      0.028267    0.001365    0.323395 ^ _1127_/CLK (sky130_fd_sc_hd__dfxtp_2)
                                  0.100000    0.423395   clock uncertainty
                                  0.000000    0.423395   clock reconvergence pessimism
                                 -0.016402    0.406993   library hold time
                                              0.406993   data required time
---------------------------------------------------------------------------------------------
                                              0.406993   data required time
                                             -0.669462   data arrival time
---------------------------------------------------------------------------------------------
                                              0.262469   slack (MET)


Startpoint: _1074_ (rising edge-triggered flip-flop clocked by wr_clk)
Endpoint: _1074_ (rising edge-triggered flip-flop clocked by wr_clk)
Path Group: wr_clk
Path Type: min

Fanout         Cap        Slew       Delay        Time   Description
---------------------------------------------------------------------------------------------
                                  0.000000    0.000000   clock wr_clk (rise edge)
                                  0.000000    0.000000   clock source latency
     1    0.027351    0.000000    0.000000    0.000000 ^ wr_clk (in)
                                                         wr_clk (net)
                      0.002217    0.001109    0.001109 ^ clkbuf_0_wr_clk/A (sky130_fd_sc_hd__clkbuf_16)
    16    0.111526    0.098120    0.123922    0.125030 ^ clkbuf_0_wr_clk/X (sky130_fd_sc_hd__clkbuf_16)
                                                         clknet_0_wr_clk (net)
                      0.099794    0.010130    0.135160 ^ clkbuf_4_2_0_wr_clk/A (sky130_fd_sc_hd__clkbuf_8)
     2    0.019567    0.037881    0.106206    0.241366 ^ clkbuf_4_2_0_wr_clk/X (sky130_fd_sc_hd__clkbuf_8)
                                                         clknet_4_2_0_wr_clk (net)
                      0.037902    0.000813    0.242179 ^ clkbuf_5_4__f_wr_clk/A (sky130_fd_sc_hd__clkbuf_16)
     5    0.016785    0.029042    0.084153    0.326333 ^ clkbuf_5_4__f_wr_clk/X (sky130_fd_sc_hd__clkbuf_16)
                                                         clknet_5_4__leaf_wr_clk (net)
                      0.029049    0.000643    0.326975 ^ _1074_/CLK (sky130_fd_sc_hd__dfxtp_2)
     2    0.005720    0.030798    0.194893    0.521869 ^ _1074_/Q (sky130_fd_sc_hd__dfxtp_2)
                                                         u_fifomem.mem[10][4] (net)
                      0.030798    0.000251    0.522120 ^ _0811_/A0 (sky130_fd_sc_hd__mux2_2)
     1    0.004198    0.029382    0.089346    0.611466 ^ _0811_/X (sky130_fd_sc_hd__mux2_2)
                                                         _0381_ (net)
                      0.029383    0.000305    0.611770 ^ _0812_/A (sky130_fd_sc_hd__buf_2)
     1    0.003829    0.022225    0.060807    0.672577 ^ _0812_/X (sky130_fd_sc_hd__buf_2)
                                                         _0014_ (net)
                      0.022228    0.000246    0.672823 ^ _1074_/D (sky130_fd_sc_hd__dfxtp_2)
                                              0.672823   data arrival time

                                  0.000000    0.000000   clock wr_clk (rise edge)
                                  0.000000    0.000000   clock source latency
     1    0.027351    0.000000    0.000000    0.000000 ^ wr_clk (in)
                                                         wr_clk (net)
                      0.002217    0.001109    0.001109 ^ clkbuf_0_wr_clk/A (sky130_fd_sc_hd__clkbuf_16)
    16    0.111526    0.098120    0.123922    0.125030 ^ clkbuf_0_wr_clk/X (sky130_fd_sc_hd__clkbuf_16)
                                                         clknet_0_wr_clk (net)
                      0.099794    0.010130    0.135160 ^ clkbuf_4_2_0_wr_clk/A (sky130_fd_sc_hd__clkbuf_8)
     2    0.019567    0.037881    0.106206    0.241366 ^ clkbuf_4_2_0_wr_clk/X (sky130_fd_sc_hd__clkbuf_8)
                                                         clknet_4_2_0_wr_clk (net)
                      0.037902    0.000813    0.242179 ^ clkbuf_5_4__f_wr_clk/A (sky130_fd_sc_hd__clkbuf_16)
     5    0.016785    0.029042    0.084153    0.326333 ^ clkbuf_5_4__f_wr_clk/X (sky130_fd_sc_hd__clkbuf_16)
                                                         clknet_5_4__leaf_wr_clk (net)
                      0.029049    0.000643    0.326975 ^ _1074_/CLK (sky130_fd_sc_hd__dfxtp_2)
                                  0.100000    0.426975   clock uncertainty
                                  0.000000    0.426975   clock reconvergence pessimism
                                 -0.016726    0.410250   library hold time
                                              0.410250   data required time
---------------------------------------------------------------------------------------------
                                              0.410250   data required time
                                             -0.672823   data arrival time
---------------------------------------------------------------------------------------------
                                              0.262573   slack (MET)


Startpoint: _1107_ (rising edge-triggered flip-flop clocked by wr_clk)
Endpoint: _1107_ (rising edge-triggered flip-flop clocked by wr_clk)
Path Group: wr_clk
Path Type: min

Fanout         Cap        Slew       Delay        Time   Description
---------------------------------------------------------------------------------------------
                                  0.000000    0.000000   clock wr_clk (rise edge)
                                  0.000000    0.000000   clock source latency
     1    0.027351    0.000000    0.000000    0.000000 ^ wr_clk (in)
                                                         wr_clk (net)
                      0.002217    0.001109    0.001109 ^ clkbuf_0_wr_clk/A (sky130_fd_sc_hd__clkbuf_16)
    16    0.111526    0.098120    0.123922    0.125030 ^ clkbuf_0_wr_clk/X (sky130_fd_sc_hd__clkbuf_16)
                                                         clknet_0_wr_clk (net)
                      0.099237    0.008319    0.133349 ^ clkbuf_4_3_0_wr_clk/A (sky130_fd_sc_hd__clkbuf_8)
     2    0.020354    0.038927    0.106583    0.239932 ^ clkbuf_4_3_0_wr_clk/X (sky130_fd_sc_hd__clkbuf_8)
                                                         clknet_4_3_0_wr_clk (net)
                      0.039000    0.001450    0.241382 ^ clkbuf_5_6__f_wr_clk/A (sky130_fd_sc_hd__clkbuf_16)
     5    0.015268    0.028046    0.083512    0.324893 ^ clkbuf_5_6__f_wr_clk/X (sky130_fd_sc_hd__clkbuf_16)
                                                         clknet_5_6__leaf_wr_clk (net)
                      0.028050    0.000428    0.325321 ^ _1107_/CLK (sky130_fd_sc_hd__dfxtp_2)
     2    0.005633    0.030521    0.194402    0.519723 ^ _1107_/Q (sky130_fd_sc_hd__dfxtp_2)
                                                         u_fifomem.mem[14][5] (net)
                      0.030521    0.000176    0.519899 ^ _0884_/A0 (sky130_fd_sc_hd__mux2_2)
     1    0.004335    0.029878    0.089768    0.609667 ^ _0884_/X (sky130_fd_sc_hd__mux2_2)
                                                         _0421_ (net)
                      0.029879    0.000320    0.609987 ^ _0885_/A (sky130_fd_sc_hd__buf_2)
     1    0.003921    0.022516    0.061220    0.671207 ^ _0885_/X (sky130_fd_sc_hd__buf_2)
                                                         _0047_ (net)
                      0.022519    0.000255    0.671462 ^ _1107_/D (sky130_fd_sc_hd__dfxtp_2)
                                              0.671462   data arrival time

                                  0.000000    0.000000   clock wr_clk (rise edge)
                                  0.000000    0.000000   clock source latency
     1    0.027351    0.000000    0.000000    0.000000 ^ wr_clk (in)
                                                         wr_clk (net)
                      0.002217    0.001109    0.001109 ^ clkbuf_0_wr_clk/A (sky130_fd_sc_hd__clkbuf_16)
    16    0.111526    0.098120    0.123922    0.125030 ^ clkbuf_0_wr_clk/X (sky130_fd_sc_hd__clkbuf_16)
                                                         clknet_0_wr_clk (net)
                      0.099237    0.008319    0.133349 ^ clkbuf_4_3_0_wr_clk/A (sky130_fd_sc_hd__clkbuf_8)
     2    0.020354    0.038927    0.106583    0.239932 ^ clkbuf_4_3_0_wr_clk/X (sky130_fd_sc_hd__clkbuf_8)
                                                         clknet_4_3_0_wr_clk (net)
                      0.039000    0.001450    0.241382 ^ clkbuf_5_6__f_wr_clk/A (sky130_fd_sc_hd__clkbuf_16)
     5    0.015268    0.028046    0.083512    0.324893 ^ clkbuf_5_6__f_wr_clk/X (sky130_fd_sc_hd__clkbuf_16)
                                                         clknet_5_6__leaf_wr_clk (net)
                      0.028050    0.000428    0.325321 ^ _1107_/CLK (sky130_fd_sc_hd__dfxtp_2)
                                  0.100000    0.425321   clock uncertainty
                                  0.000000    0.425321   clock reconvergence pessimism
                                 -0.016770    0.408551   library hold time
                                              0.408551   data required time
---------------------------------------------------------------------------------------------
                                              0.408551   data required time
                                             -0.671462   data arrival time
---------------------------------------------------------------------------------------------
                                              0.262911   slack (MET)


Startpoint: _1062_ (rising edge-triggered flip-flop clocked by wr_clk)
Endpoint: _1062_ (rising edge-triggered flip-flop clocked by wr_clk)
Path Group: wr_clk
Path Type: min

Fanout         Cap        Slew       Delay        Time   Description
---------------------------------------------------------------------------------------------
                                  0.000000    0.000000   clock wr_clk (rise edge)
                                  0.000000    0.000000   clock source latency
     1    0.027351    0.000000    0.000000    0.000000 ^ wr_clk (in)
                                                         wr_clk (net)
                      0.002217    0.001109    0.001109 ^ clkbuf_0_wr_clk/A (sky130_fd_sc_hd__clkbuf_16)
    16    0.111526    0.098120    0.123922    0.125030 ^ clkbuf_0_wr_clk/X (sky130_fd_sc_hd__clkbuf_16)
                                                         clknet_0_wr_clk (net)
                      0.100147    0.011139    0.136169 ^ clkbuf_4_1_0_wr_clk/A (sky130_fd_sc_hd__clkbuf_8)
     2    0.018511    0.036809    0.104996    0.241165 ^ clkbuf_4_1_0_wr_clk/X (sky130_fd_sc_hd__clkbuf_8)
                                                         clknet_4_1_0_wr_clk (net)
                      0.036852    0.001094    0.242259 ^ clkbuf_5_3__f_wr_clk/A (sky130_fd_sc_hd__clkbuf_16)
     5    0.014021    0.027216    0.082039    0.324298 ^ clkbuf_5_3__f_wr_clk/X (sky130_fd_sc_hd__clkbuf_16)
                                                         clknet_5_3__leaf_wr_clk (net)
                      0.027216    0.000401    0.324700 ^ _1062_/CLK (sky130_fd_sc_hd__dfxtp_2)
     2    0.005896    0.031372    0.194772    0.519472 ^ _1062_/Q (sky130_fd_sc_hd__dfxtp_2)
                                                         u_fifomem.mem[0][0] (net)
                      0.031372    0.000332    0.519803 ^ _0786_/A0 (sky130_fd_sc_hd__mux2_2)
     1    0.005001    0.032146    0.092171    0.611974 ^ _0786_/X (sky130_fd_sc_hd__mux2_2)
                                                         _0368_ (net)
                      0.032148    0.000380    0.612354 ^ _0787_/A (sky130_fd_sc_hd__buf_1)
     1    0.003775    0.040188    0.057760    0.670114 ^ _0787_/X (sky130_fd_sc_hd__buf_1)
                                                         _0002_ (net)
                      0.040189    0.000238    0.670352 ^ _1062_/D (sky130_fd_sc_hd__dfxtp_2)
                                              0.670352   data arrival time

                                  0.000000    0.000000   clock wr_clk (rise edge)
                                  0.000000    0.000000   clock source latency
     1    0.027351    0.000000    0.000000    0.000000 ^ wr_clk (in)
                                                         wr_clk (net)
                      0.002217    0.001109    0.001109 ^ clkbuf_0_wr_clk/A (sky130_fd_sc_hd__clkbuf_16)
    16    0.111526    0.098120    0.123922    0.125030 ^ clkbuf_0_wr_clk/X (sky130_fd_sc_hd__clkbuf_16)
                                                         clknet_0_wr_clk (net)
                      0.100147    0.011139    0.136169 ^ clkbuf_4_1_0_wr_clk/A (sky130_fd_sc_hd__clkbuf_8)
     2    0.018511    0.036809    0.104996    0.241165 ^ clkbuf_4_1_0_wr_clk/X (sky130_fd_sc_hd__clkbuf_8)
                                                         clknet_4_1_0_wr_clk (net)
                      0.036852    0.001094    0.242259 ^ clkbuf_5_3__f_wr_clk/A (sky130_fd_sc_hd__clkbuf_16)
     5    0.014021    0.027216    0.082039    0.324298 ^ clkbuf_5_3__f_wr_clk/X (sky130_fd_sc_hd__clkbuf_16)
                                                         clknet_5_3__leaf_wr_clk (net)
                      0.027216    0.000401    0.324700 ^ _1062_/CLK (sky130_fd_sc_hd__dfxtp_2)
                                  0.100000    0.424700   clock uncertainty
                                  0.000000    0.424700   clock reconvergence pessimism
                                 -0.018041    0.406659   library hold time
                                              0.406659   data required time
---------------------------------------------------------------------------------------------
                                              0.406659   data required time
                                             -0.670352   data arrival time
---------------------------------------------------------------------------------------------
                                              0.263693   slack (MET)


Startpoint: _1082_ (rising edge-triggered flip-flop clocked by wr_clk)
Endpoint: _1082_ (rising edge-triggered flip-flop clocked by wr_clk)
Path Group: wr_clk
Path Type: min

Fanout         Cap        Slew       Delay        Time   Description
---------------------------------------------------------------------------------------------
                                  0.000000    0.000000   clock wr_clk (rise edge)
                                  0.000000    0.000000   clock source latency
     1    0.027351    0.000000    0.000000    0.000000 ^ wr_clk (in)
                                                         wr_clk (net)
                      0.002217    0.001109    0.001109 ^ clkbuf_0_wr_clk/A (sky130_fd_sc_hd__clkbuf_16)
    16    0.111526    0.098120    0.123922    0.125030 ^ clkbuf_0_wr_clk/X (sky130_fd_sc_hd__clkbuf_16)
                                                         clknet_0_wr_clk (net)
                      0.099794    0.010130    0.135160 ^ clkbuf_4_2_0_wr_clk/A (sky130_fd_sc_hd__clkbuf_8)
     2    0.019567    0.037881    0.106206    0.241366 ^ clkbuf_4_2_0_wr_clk/X (sky130_fd_sc_hd__clkbuf_8)
                                                         clknet_4_2_0_wr_clk (net)
                      0.037902    0.000813    0.242179 ^ clkbuf_5_4__f_wr_clk/A (sky130_fd_sc_hd__clkbuf_16)
     5    0.016785    0.029042    0.084153    0.326333 ^ clkbuf_5_4__f_wr_clk/X (sky130_fd_sc_hd__clkbuf_16)
                                                         clknet_5_4__leaf_wr_clk (net)
                      0.029047    0.000468    0.326801 ^ _1082_/CLK (sky130_fd_sc_hd__dfxtp_2)
     2    0.007630    0.037170    0.199910    0.526710 ^ _1082_/Q (sky130_fd_sc_hd__dfxtp_2)
                                                         u_fifomem.mem[11][4] (net)
                      0.037202    0.000470    0.527181 ^ _0828_/A1 (sky130_fd_sc_hd__mux2_2)
     1    0.004927    0.031610    0.093305    0.620485 ^ _0828_/X (sky130_fd_sc_hd__mux2_2)
                                                         _0390_ (net)
                      0.031612    0.000353    0.620838 ^ _0829_/A (sky130_fd_sc_hd__buf_1)
     1    0.002887    0.032877    0.052370    0.673208 ^ _0829_/X (sky130_fd_sc_hd__buf_1)
                                                         _0022_ (net)
                      0.032877    0.000191    0.673399 ^ _1082_/D (sky130_fd_sc_hd__dfxtp_2)
                                              0.673399   data arrival time

                                  0.000000    0.000000   clock wr_clk (rise edge)
                                  0.000000    0.000000   clock source latency
     1    0.027351    0.000000    0.000000    0.000000 ^ wr_clk (in)
                                                         wr_clk (net)
                      0.002217    0.001109    0.001109 ^ clkbuf_0_wr_clk/A (sky130_fd_sc_hd__clkbuf_16)
    16    0.111526    0.098120    0.123922    0.125030 ^ clkbuf_0_wr_clk/X (sky130_fd_sc_hd__clkbuf_16)
                                                         clknet_0_wr_clk (net)
                      0.099794    0.010130    0.135160 ^ clkbuf_4_2_0_wr_clk/A (sky130_fd_sc_hd__clkbuf_8)
     2    0.019567    0.037881    0.106206    0.241366 ^ clkbuf_4_2_0_wr_clk/X (sky130_fd_sc_hd__clkbuf_8)
                                                         clknet_4_2_0_wr_clk (net)
                      0.037902    0.000813    0.242179 ^ clkbuf_5_4__f_wr_clk/A (sky130_fd_sc_hd__clkbuf_16)
     5    0.016785    0.029042    0.084153    0.326333 ^ clkbuf_5_4__f_wr_clk/X (sky130_fd_sc_hd__clkbuf_16)
                                                         clknet_5_4__leaf_wr_clk (net)
                      0.029047    0.000468    0.326801 ^ _1082_/CLK (sky130_fd_sc_hd__dfxtp_2)
                                  0.100000    0.426801   clock uncertainty
                                  0.000000    0.426801   clock reconvergence pessimism
                                 -0.017480    0.409321   library hold time
                                              0.409321   data required time
---------------------------------------------------------------------------------------------
                                              0.409321   data required time
                                             -0.673399   data arrival time
---------------------------------------------------------------------------------------------
                                              0.264078   slack (MET)


Startpoint: _1065_ (rising edge-triggered flip-flop clocked by wr_clk)
Endpoint: _1065_ (rising edge-triggered flip-flop clocked by wr_clk)
Path Group: wr_clk
Path Type: min

Fanout         Cap        Slew       Delay        Time   Description
---------------------------------------------------------------------------------------------
                                  0.000000    0.000000   clock wr_clk (rise edge)
                                  0.000000    0.000000   clock source latency
     1    0.027351    0.000000    0.000000    0.000000 ^ wr_clk (in)
                                                         wr_clk (net)
                      0.002217    0.001109    0.001109 ^ clkbuf_0_wr_clk/A (sky130_fd_sc_hd__clkbuf_16)
    16    0.111526    0.098120    0.123922    0.125030 ^ clkbuf_0_wr_clk/X (sky130_fd_sc_hd__clkbuf_16)
                                                         clknet_0_wr_clk (net)
                      0.098550    0.005286    0.130316 ^ clkbuf_4_10_0_wr_clk/A (sky130_fd_sc_hd__clkbuf_8)
     2    0.019905    0.038266    0.106055    0.236371 ^ clkbuf_4_10_0_wr_clk/X (sky130_fd_sc_hd__clkbuf_8)
                                                         clknet_4_10_0_wr_clk (net)
                      0.038310    0.001131    0.237502 ^ clkbuf_5_20__f_wr_clk/A (sky130_fd_sc_hd__clkbuf_16)
     5    0.014410    0.027477    0.082748    0.320250 ^ clkbuf_5_20__f_wr_clk/X (sky130_fd_sc_hd__clkbuf_16)
                                                         clknet_5_20__leaf_wr_clk (net)
                      0.027477    0.000439    0.320689 ^ _1065_/CLK (sky130_fd_sc_hd__dfxtp_2)
     2    0.007089    0.035356    0.198054    0.518743 ^ _1065_/Q (sky130_fd_sc_hd__dfxtp_2)
                                                         u_fifomem.mem[0][3] (net)
                      0.035356    0.000270    0.519013 ^ _0792_/A0 (sky130_fd_sc_hd__mux2_2)
     1    0.004941    0.031943    0.093094    0.612107 ^ _0792_/X (sky130_fd_sc_hd__mux2_2)
                                                         _0371_ (net)
                      0.031944    0.000371    0.612478 ^ _0793_/A (sky130_fd_sc_hd__buf_1)
     1    0.003736    0.039818    0.057474    0.669952 ^ _0793_/X (sky130_fd_sc_hd__buf_1)
                                                         _0005_ (net)
                      0.039820    0.000267    0.670219 ^ _1065_/D (sky130_fd_sc_hd__dfxtp_2)
                                              0.670219   data arrival time

                                  0.000000    0.000000   clock wr_clk (rise edge)
                                  0.000000    0.000000   clock source latency
     1    0.027351    0.000000    0.000000    0.000000 ^ wr_clk (in)
                                                         wr_clk (net)
                      0.002217    0.001109    0.001109 ^ clkbuf_0_wr_clk/A (sky130_fd_sc_hd__clkbuf_16)
    16    0.111526    0.098120    0.123922    0.125030 ^ clkbuf_0_wr_clk/X (sky130_fd_sc_hd__clkbuf_16)
                                                         clknet_0_wr_clk (net)
                      0.098550    0.005286    0.130316 ^ clkbuf_4_10_0_wr_clk/A (sky130_fd_sc_hd__clkbuf_8)
     2    0.019905    0.038266    0.106055    0.236371 ^ clkbuf_4_10_0_wr_clk/X (sky130_fd_sc_hd__clkbuf_8)
                                                         clknet_4_10_0_wr_clk (net)
                      0.038310    0.001131    0.237502 ^ clkbuf_5_20__f_wr_clk/A (sky130_fd_sc_hd__clkbuf_16)
     5    0.014410    0.027477    0.082748    0.320250 ^ clkbuf_5_20__f_wr_clk/X (sky130_fd_sc_hd__clkbuf_16)
                                                         clknet_5_20__leaf_wr_clk (net)
                      0.027477    0.000439    0.320689 ^ _1065_/CLK (sky130_fd_sc_hd__dfxtp_2)
                                  0.100000    0.420689   clock uncertainty
                                  0.000000    0.420689   clock reconvergence pessimism
                                 -0.018009    0.402680   library hold time
                                              0.402680   data required time
---------------------------------------------------------------------------------------------
                                              0.402680   data required time
                                             -0.670219   data arrival time
---------------------------------------------------------------------------------------------
                                              0.267538   slack (MET)


Startpoint: _1199_ (rising edge-triggered flip-flop clocked by wr_clk)
Endpoint: _1195_ (rising edge-triggered flip-flop clocked by wr_clk)
Path Group: wr_clk
Path Type: min

Fanout         Cap        Slew       Delay        Time   Description
---------------------------------------------------------------------------------------------
                                  0.000000    0.000000   clock wr_clk (rise edge)
                                  0.000000    0.000000   clock source latency
     1    0.027351    0.000000    0.000000    0.000000 ^ wr_clk (in)
                                                         wr_clk (net)
                      0.002217    0.001109    0.001109 ^ clkbuf_0_wr_clk/A (sky130_fd_sc_hd__clkbuf_16)
    16    0.111526    0.098120    0.123922    0.125030 ^ clkbuf_0_wr_clk/X (sky130_fd_sc_hd__clkbuf_16)
                                                         clknet_0_wr_clk (net)
                      0.098550    0.005286    0.130316 ^ clkbuf_4_10_0_wr_clk/A (sky130_fd_sc_hd__clkbuf_8)
     2    0.019905    0.038266    0.106055    0.236371 ^ clkbuf_4_10_0_wr_clk/X (sky130_fd_sc_hd__clkbuf_8)
                                                         clknet_4_10_0_wr_clk (net)
                      0.038308    0.001108    0.237479 ^ clkbuf_5_21__f_wr_clk/A (sky130_fd_sc_hd__clkbuf_16)
     6    0.021161    0.031945    0.086860    0.324339 ^ clkbuf_5_21__f_wr_clk/X (sky130_fd_sc_hd__clkbuf_16)
                                                         clknet_5_21__leaf_wr_clk (net)
                      0.032128    0.001974    0.326313 ^ _1199_/CLK (sky130_fd_sc_hd__dfrtp_2)
     2    0.011362    0.053162    0.232499    0.558812 ^ _1199_/Q (sky130_fd_sc_hd__dfrtp_2)
                                                         afull_thresh_latched[3] (net)
                      0.053169    0.000656    0.559469 ^ _0631_/A2_N (sky130_fd_sc_hd__o2bb2ai_2)
     1    0.011311    0.059177    0.083898    0.643366 ^ _0631_/Y (sky130_fd_sc_hd__o2bb2ai_2)
                                                         _0225_ (net)
                      0.059227    0.000955    0.644322 ^ _0640_/A (sky130_fd_sc_hd__nand3_4)
     1    0.002897    0.025499    0.031184    0.675506 v _0640_/Y (sky130_fd_sc_hd__nand3_4)
                                                         _0001_ (net)
                      0.025499    0.000195    0.675701 v _1195_/D (sky130_fd_sc_hd__dfrtp_2)
                                              0.675701   data arrival time

                                  0.000000    0.000000   clock wr_clk (rise edge)
                                  0.000000    0.000000   clock source latency
     1    0.027351    0.000000    0.000000    0.000000 ^ wr_clk (in)
                                                         wr_clk (net)
                      0.002217    0.001109    0.001109 ^ clkbuf_0_wr_clk/A (sky130_fd_sc_hd__clkbuf_16)
    16    0.111526    0.098120    0.123922    0.125030 ^ clkbuf_0_wr_clk/X (sky130_fd_sc_hd__clkbuf_16)
                                                         clknet_0_wr_clk (net)
                      0.098550    0.005286    0.130316 ^ clkbuf_4_10_0_wr_clk/A (sky130_fd_sc_hd__clkbuf_8)
     2    0.019905    0.038266    0.106055    0.236371 ^ clkbuf_4_10_0_wr_clk/X (sky130_fd_sc_hd__clkbuf_8)
                                                         clknet_4_10_0_wr_clk (net)
                      0.038308    0.001108    0.237479 ^ clkbuf_5_21__f_wr_clk/A (sky130_fd_sc_hd__clkbuf_16)
     6    0.021161    0.031945    0.086860    0.324339 ^ clkbuf_5_21__f_wr_clk/X (sky130_fd_sc_hd__clkbuf_16)
                                                         clknet_5_21__leaf_wr_clk (net)
                      0.032169    0.002232    0.326571 ^ _1195_/CLK (sky130_fd_sc_hd__dfrtp_2)
                                  0.100000    0.426571   clock uncertainty
                                  0.000000    0.426571   clock reconvergence pessimism
                                 -0.027582    0.398989   library hold time
                                              0.398989   data required time
---------------------------------------------------------------------------------------------
                                              0.398989   data required time
                                             -0.675701   data arrival time
---------------------------------------------------------------------------------------------
                                              0.276712   slack (MET)


Startpoint: _1194_ (rising edge-triggered flip-flop clocked by rd_clk)
Endpoint: _1190_ (rising edge-triggered flip-flop clocked by rd_clk)
Path Group: rd_clk
Path Type: min

Fanout         Cap        Slew       Delay        Time   Description
---------------------------------------------------------------------------------------------
                                  0.000000    0.000000   clock rd_clk (rise edge)
                                  0.000000    0.000000   clock source latency
     1    0.014762    0.000000    0.000000    0.000000 ^ rd_clk (in)
                                                         rd_clk (net)
                      0.001946    0.000973    0.000973 ^ clkbuf_0_rd_clk/A (sky130_fd_sc_hd__clkbuf_16)
     4    0.039585    0.044672    0.088119    0.089092 ^ clkbuf_0_rd_clk/X (sky130_fd_sc_hd__clkbuf_16)
                                                         clknet_0_rd_clk (net)
                      0.044890    0.002168    0.091260 ^ clkbuf_2_3__f_rd_clk/A (sky130_fd_sc_hd__clkbuf_16)
     7    0.028137    0.036922    0.093564    0.184824 ^ clkbuf_2_3__f_rd_clk/X (sky130_fd_sc_hd__clkbuf_16)
                                                         clknet_2_3__leaf_rd_clk (net)
                      0.036977    0.001235    0.186059 ^ _1194_/CLK (sky130_fd_sc_hd__dfrtp_2)
     2    0.008242    0.042910    0.225171    0.411230 ^ _1194_/Q (sky130_fd_sc_hd__dfrtp_2)
                                                         aempty_thresh_latched[3] (net)
                      0.042944    0.000279    0.411509 ^ _0702_/A (sky130_fd_sc_hd__or3_4)
     1    0.005347    0.023149    0.076130    0.487639 ^ _0702_/X (sky130_fd_sc_hd__or3_4)
                                                         _0295_ (net)
                      0.023149    0.000398    0.488036 ^ _0703_/C1 (sky130_fd_sc_hd__o311a_4)
     1    0.003856    0.022010    0.067078    0.555115 ^ _0703_/X (sky130_fd_sc_hd__o311a_4)
                                                         _0000_ (net)
                      0.022013    0.000265    0.555379 ^ _1190_/D (sky130_fd_sc_hd__dfstp_2)
                                              0.555379   data arrival time

                                  0.000000    0.000000   clock rd_clk (rise edge)
                                  0.000000    0.000000   clock source latency
     1    0.014762    0.000000    0.000000    0.000000 ^ rd_clk (in)
                                                         rd_clk (net)
                      0.001946    0.000973    0.000973 ^ clkbuf_0_rd_clk/A (sky130_fd_sc_hd__clkbuf_16)
     4    0.039585    0.044672    0.088119    0.089092 ^ clkbuf_0_rd_clk/X (sky130_fd_sc_hd__clkbuf_16)
                                                         clknet_0_rd_clk (net)
                      0.044890    0.002168    0.091260 ^ clkbuf_2_3__f_rd_clk/A (sky130_fd_sc_hd__clkbuf_16)
     7    0.028137    0.036922    0.093564    0.184824 ^ clkbuf_2_3__f_rd_clk/X (sky130_fd_sc_hd__clkbuf_16)
                                                         clknet_2_3__leaf_rd_clk (net)
                      0.037007    0.001501    0.186325 ^ _1190_/CLK (sky130_fd_sc_hd__dfstp_2)
                                  0.100000    0.286325   clock uncertainty
                                  0.000000    0.286325   clock reconvergence pessimism
                                 -0.017936    0.268388   library hold time
                                              0.268388   data required time
---------------------------------------------------------------------------------------------
                                              0.268388   data required time
                                             -0.555379   data arrival time
---------------------------------------------------------------------------------------------
                                              0.286991   slack (MET)


Startpoint: _1243_ (rising edge-triggered flip-flop clocked by rd_clk)
Endpoint: _1243_ (rising edge-triggered flip-flop clocked by rd_clk)
Path Group: rd_clk
Path Type: min

Fanout         Cap        Slew       Delay        Time   Description
---------------------------------------------------------------------------------------------
                                  0.000000    0.000000   clock rd_clk (rise edge)
                                  0.000000    0.000000   clock source latency
     1    0.014762    0.000000    0.000000    0.000000 ^ rd_clk (in)
                                                         rd_clk (net)
                      0.001946    0.000973    0.000973 ^ clkbuf_0_rd_clk/A (sky130_fd_sc_hd__clkbuf_16)
     4    0.039585    0.044672    0.088119    0.089092 ^ clkbuf_0_rd_clk/X (sky130_fd_sc_hd__clkbuf_16)
                                                         clknet_0_rd_clk (net)
                      0.044861    0.001963    0.091055 ^ clkbuf_2_1__f_rd_clk/A (sky130_fd_sc_hd__clkbuf_16)
     7    0.021526    0.032227    0.089221    0.180276 ^ clkbuf_2_1__f_rd_clk/X (sky130_fd_sc_hd__clkbuf_16)
                                                         clknet_2_1__leaf_rd_clk (net)
                      0.032260    0.000955    0.181231 ^ _1243_/CLK (sky130_fd_sc_hd__dfrtp_2)
     3    0.039319    0.145364    0.301137    0.482368 ^ _1243_/Q (sky130_fd_sc_hd__dfrtp_2)
                                                         rd_ptr_bin[4] (net)
                      0.145443    0.003123    0.485491 ^ _0536_/A (sky130_fd_sc_hd__xnor2_4)
     2    0.010946    0.033653    0.058324    0.543815 v _0536_/Y (sky130_fd_sc_hd__xnor2_4)
                                                         rd_ptr_bin_next_wm[4] (net)
                      0.033663    0.000523    0.544338 v _1243_/D (sky130_fd_sc_hd__dfrtp_2)
                                              0.544338   data arrival time

                                  0.000000    0.000000   clock rd_clk (rise edge)
                                  0.000000    0.000000   clock source latency
     1    0.014762    0.000000    0.000000    0.000000 ^ rd_clk (in)
                                                         rd_clk (net)
                      0.001946    0.000973    0.000973 ^ clkbuf_0_rd_clk/A (sky130_fd_sc_hd__clkbuf_16)
     4    0.039585    0.044672    0.088119    0.089092 ^ clkbuf_0_rd_clk/X (sky130_fd_sc_hd__clkbuf_16)
                                                         clknet_0_rd_clk (net)
                      0.044861    0.001963    0.091055 ^ clkbuf_2_1__f_rd_clk/A (sky130_fd_sc_hd__clkbuf_16)
     7    0.021526    0.032227    0.089221    0.180276 ^ clkbuf_2_1__f_rd_clk/X (sky130_fd_sc_hd__clkbuf_16)
                                                         clknet_2_1__leaf_rd_clk (net)
                      0.032260    0.000955    0.181231 ^ _1243_/CLK (sky130_fd_sc_hd__dfrtp_2)
                                  0.100000    0.281231   clock uncertainty
                                  0.000000    0.281231   clock reconvergence pessimism
                                 -0.030187    0.251044   library hold time
                                              0.251044   data required time
---------------------------------------------------------------------------------------------
                                              0.251044   data required time
                                             -0.544338   data arrival time
---------------------------------------------------------------------------------------------
                                              0.293294   slack (MET)


Startpoint: _1243_ (rising edge-triggered flip-flop clocked by rd_clk)
Endpoint: _1237_ (rising edge-triggered flip-flop clocked by rd_clk)
Path Group: rd_clk
Path Type: min

Fanout         Cap        Slew       Delay        Time   Description
---------------------------------------------------------------------------------------------
                                  0.000000    0.000000   clock rd_clk (rise edge)
                                  0.000000    0.000000   clock source latency
     1    0.014762    0.000000    0.000000    0.000000 ^ rd_clk (in)
                                                         rd_clk (net)
                      0.001946    0.000973    0.000973 ^ clkbuf_0_rd_clk/A (sky130_fd_sc_hd__clkbuf_16)
     4    0.039585    0.044672    0.088119    0.089092 ^ clkbuf_0_rd_clk/X (sky130_fd_sc_hd__clkbuf_16)
                                                         clknet_0_rd_clk (net)
                      0.044861    0.001963    0.091055 ^ clkbuf_2_1__f_rd_clk/A (sky130_fd_sc_hd__clkbuf_16)
     7    0.021526    0.032227    0.089221    0.180276 ^ clkbuf_2_1__f_rd_clk/X (sky130_fd_sc_hd__clkbuf_16)
                                                         clknet_2_1__leaf_rd_clk (net)
                      0.032260    0.000955    0.181231 ^ _1243_/CLK (sky130_fd_sc_hd__dfrtp_2)
     3    0.039319    0.145364    0.301137    0.482368 ^ _1243_/Q (sky130_fd_sc_hd__dfrtp_2)
                                                         rd_ptr_bin[4] (net)
                      0.145472    0.003587    0.485955 ^ _0563_/A (sky130_fd_sc_hd__xor2_2)
     2    0.011253    0.035826    0.070287    0.556242 v _0563_/X (sky130_fd_sc_hd__xor2_2)
                                                         u_rd_ptr_empty.rd_ptr_gray_next[3] (net)
                      0.035835    0.000547    0.556789 v _1237_/D (sky130_fd_sc_hd__dfrtp_2)
                                              0.556789   data arrival time

                                  0.000000    0.000000   clock rd_clk (rise edge)
                                  0.000000    0.000000   clock source latency
     1    0.014762    0.000000    0.000000    0.000000 ^ rd_clk (in)
                                                         rd_clk (net)
                      0.001946    0.000973    0.000973 ^ clkbuf_0_rd_clk/A (sky130_fd_sc_hd__clkbuf_16)
     4    0.039585    0.044672    0.088119    0.089092 ^ clkbuf_0_rd_clk/X (sky130_fd_sc_hd__clkbuf_16)
                                                         clknet_0_rd_clk (net)
                      0.044861    0.001963    0.091055 ^ clkbuf_2_1__f_rd_clk/A (sky130_fd_sc_hd__clkbuf_16)
     7    0.021526    0.032227    0.089221    0.180276 ^ clkbuf_2_1__f_rd_clk/X (sky130_fd_sc_hd__clkbuf_16)
                                                         clknet_2_1__leaf_rd_clk (net)
                      0.032275    0.001116    0.181392 ^ _1237_/CLK (sky130_fd_sc_hd__dfrtp_2)
                                  0.100000    0.281392   clock uncertainty
                                  0.000000    0.281392   clock reconvergence pessimism
                                 -0.030881    0.250510   library hold time
                                              0.250510   data required time
---------------------------------------------------------------------------------------------
                                              0.250510   data required time
                                             -0.556789   data arrival time
---------------------------------------------------------------------------------------------
                                              0.306279   slack (MET)


Startpoint: _1233_ (rising edge-triggered flip-flop clocked by wr_clk)
Endpoint: _1233_ (rising edge-triggered flip-flop clocked by wr_clk)
Path Group: wr_clk
Path Type: min

Fanout         Cap        Slew       Delay        Time   Description
---------------------------------------------------------------------------------------------
                                  0.000000    0.000000   clock wr_clk (rise edge)
                                  0.000000    0.000000   clock source latency
     1    0.027351    0.000000    0.000000    0.000000 ^ wr_clk (in)
                                                         wr_clk (net)
                      0.002217    0.001109    0.001109 ^ clkbuf_0_wr_clk/A (sky130_fd_sc_hd__clkbuf_16)
    16    0.111526    0.098120    0.123922    0.125030 ^ clkbuf_0_wr_clk/X (sky130_fd_sc_hd__clkbuf_16)
                                                         clknet_0_wr_clk (net)
                      0.098336    0.003823    0.128854 ^ clkbuf_4_15_0_wr_clk/A (sky130_fd_sc_hd__clkbuf_8)
     2    0.019604    0.038072    0.105425    0.234279 ^ clkbuf_4_15_0_wr_clk/X (sky130_fd_sc_hd__clkbuf_8)
                                                         clknet_4_15_0_wr_clk (net)
                      0.038246    0.001834    0.236113 ^ clkbuf_5_31__f_wr_clk/A (sky130_fd_sc_hd__clkbuf_16)
     5    0.015130    0.027981    0.083030    0.319143 ^ clkbuf_5_31__f_wr_clk/X (sky130_fd_sc_hd__clkbuf_16)
                                                         clknet_5_31__leaf_wr_clk (net)
                      0.027992    0.000954    0.320097 ^ _1233_/CLK (sky130_fd_sc_hd__dfrtp_2)
     3    0.017496    0.072077    0.247651    0.567748 ^ _1233_/Q (sky130_fd_sc_hd__dfrtp_2)
                                                         u_sync_w2r.wr_ptr_gray[4] (net)
                      0.072096    0.001145    0.568893 ^ _0549_/A (sky130_fd_sc_hd__xor2_2)
     3    0.025843    0.059029    0.087539    0.656431 v _0549_/X (sky130_fd_sc_hd__xor2_2)
                                                         _0154_ (net)
                      0.059055    0.001238    0.657669 v _0550_/A (sky130_fd_sc_hd__inv_2)
     2    0.006949    0.033056    0.048553    0.706222 ^ _0550_/Y (sky130_fd_sc_hd__inv_2)
                                                         u_wr_ptr_full.wr_ptr_bin_next[4] (net)
                      0.033057    0.000222    0.706444 ^ _1233_/D (sky130_fd_sc_hd__dfrtp_2)
                                              0.706444   data arrival time

                                  0.000000    0.000000   clock wr_clk (rise edge)
                                  0.000000    0.000000   clock source latency
     1    0.027351    0.000000    0.000000    0.000000 ^ wr_clk (in)
                                                         wr_clk (net)
                      0.002217    0.001109    0.001109 ^ clkbuf_0_wr_clk/A (sky130_fd_sc_hd__clkbuf_16)
    16    0.111526    0.098120    0.123922    0.125030 ^ clkbuf_0_wr_clk/X (sky130_fd_sc_hd__clkbuf_16)
                                                         clknet_0_wr_clk (net)
                      0.098336    0.003823    0.128854 ^ clkbuf_4_15_0_wr_clk/A (sky130_fd_sc_hd__clkbuf_8)
     2    0.019604    0.038072    0.105425    0.234279 ^ clkbuf_4_15_0_wr_clk/X (sky130_fd_sc_hd__clkbuf_8)
                                                         clknet_4_15_0_wr_clk (net)
                      0.038246    0.001834    0.236113 ^ clkbuf_5_31__f_wr_clk/A (sky130_fd_sc_hd__clkbuf_16)
     5    0.015130    0.027981    0.083030    0.319143 ^ clkbuf_5_31__f_wr_clk/X (sky130_fd_sc_hd__clkbuf_16)
                                                         clknet_5_31__leaf_wr_clk (net)
                      0.027992    0.000954    0.320097 ^ _1233_/CLK (sky130_fd_sc_hd__dfrtp_2)
                                  0.100000    0.420097   clock uncertainty
                                  0.000000    0.420097   clock reconvergence pessimism
                                 -0.019972    0.400125   library hold time
                                              0.400125   data required time
---------------------------------------------------------------------------------------------
                                              0.400125   data required time
                                             -0.706444   data arrival time
---------------------------------------------------------------------------------------------
                                              0.306318   slack (MET)


Startpoint: _1212_ (rising edge-triggered flip-flop clocked by rd_clk)
Endpoint: _1238_ (rising edge-triggered flip-flop clocked by rd_clk)
Path Group: rd_clk
Path Type: min

Fanout         Cap        Slew       Delay        Time   Description
---------------------------------------------------------------------------------------------
                                  0.000000    0.000000   clock rd_clk (rise edge)
                                  0.000000    0.000000   clock source latency
     1    0.014762    0.000000    0.000000    0.000000 ^ rd_clk (in)
                                                         rd_clk (net)
                      0.001946    0.000973    0.000973 ^ clkbuf_0_rd_clk/A (sky130_fd_sc_hd__clkbuf_16)
     4    0.039585    0.044672    0.088119    0.089092 ^ clkbuf_0_rd_clk/X (sky130_fd_sc_hd__clkbuf_16)
                                                         clknet_0_rd_clk (net)
                      0.044856    0.001921    0.091013 ^ clkbuf_2_0__f_rd_clk/A (sky130_fd_sc_hd__clkbuf_16)
     8    0.023131    0.033281    0.090223    0.181236 ^ clkbuf_2_0__f_rd_clk/X (sky130_fd_sc_hd__clkbuf_16)
                                                         clknet_2_0__leaf_rd_clk (net)
                      0.033406    0.001333    0.182568 ^ _1212_/CLK (sky130_fd_sc_hd__dfrtp_2)
     5    0.027711    0.106279    0.274025    0.456593 ^ _1212_/Q (sky130_fd_sc_hd__dfrtp_2)
                                                         u_sync_w2r.sync_stage2[3] (net)
                      0.106304    0.001577    0.458171 ^ _0706_/A (sky130_fd_sc_hd__xnor2_2)
     1    0.004307    0.026407    0.046703    0.504873 v _0706_/Y (sky130_fd_sc_hd__xnor2_2)
                                                         _0298_ (net)
                      0.026407    0.000312    0.505186 v _0711_/B1 (sky130_fd_sc_hd__o211a_2)
     1    0.005657    0.020813    0.085039    0.590225 v _0711_/X (sky130_fd_sc_hd__o211a_2)
                                                         u_rd_ptr_empty.empty_val (net)
                      0.020828    0.000403    0.590628 v _1238_/D (sky130_fd_sc_hd__dfstp_2)
                                              0.590628   data arrival time

                                  0.000000    0.000000   clock rd_clk (rise edge)
                                  0.000000    0.000000   clock source latency
     1    0.014762    0.000000    0.000000    0.000000 ^ rd_clk (in)
                                                         rd_clk (net)
                      0.001946    0.000973    0.000973 ^ clkbuf_0_rd_clk/A (sky130_fd_sc_hd__clkbuf_16)
     4    0.039585    0.044672    0.088119    0.089092 ^ clkbuf_0_rd_clk/X (sky130_fd_sc_hd__clkbuf_16)
                                                         clknet_0_rd_clk (net)
                      0.044861    0.001963    0.091055 ^ clkbuf_2_1__f_rd_clk/A (sky130_fd_sc_hd__clkbuf_16)
     7    0.021526    0.032227    0.089221    0.180276 ^ clkbuf_2_1__f_rd_clk/X (sky130_fd_sc_hd__clkbuf_16)
                                                         clknet_2_1__leaf_rd_clk (net)
                      0.032260    0.000954    0.181230 ^ _1238_/CLK (sky130_fd_sc_hd__dfstp_2)
                                  0.100000    0.281230   clock uncertainty
                                  0.000000    0.281230   clock reconvergence pessimism
                                 -0.007286    0.273944   library hold time
                                              0.273944   data required time
---------------------------------------------------------------------------------------------
                                              0.273944   data required time
                                             -0.590628   data arrival time
---------------------------------------------------------------------------------------------
                                              0.316684   slack (MET)


Startpoint: _1203_ (rising edge-triggered flip-flop clocked by rd_clk)
Endpoint: _1241_ (removal check against rising-edge clock rd_clk)
Path Group: asynchronous
Path Type: min

Fanout         Cap        Slew       Delay        Time   Description
---------------------------------------------------------------------------------------------
                                  0.000000    0.000000   clock rd_clk (rise edge)
                                  0.000000    0.000000   clock source latency
     1    0.014762    0.000000    0.000000    0.000000 ^ rd_clk (in)
                                                         rd_clk (net)
                      0.001946    0.000973    0.000973 ^ clkbuf_0_rd_clk/A (sky130_fd_sc_hd__clkbuf_16)
     4    0.039585    0.044672    0.088119    0.089092 ^ clkbuf_0_rd_clk/X (sky130_fd_sc_hd__clkbuf_16)
                                                         clknet_0_rd_clk (net)
                      0.044890    0.002168    0.091260 ^ clkbuf_2_3__f_rd_clk/A (sky130_fd_sc_hd__clkbuf_16)
     7    0.028137    0.036922    0.093564    0.184824 ^ clkbuf_2_3__f_rd_clk/X (sky130_fd_sc_hd__clkbuf_16)
                                                         clknet_2_3__leaf_rd_clk (net)
                      0.037003    0.001470    0.186294 ^ _1203_/CLK (sky130_fd_sc_hd__dfrtp_2)
     2    0.008898    0.045080    0.227057    0.413351 ^ _1203_/Q (sky130_fd_sc_hd__dfrtp_2)
                                                         u_rd_reset_sync.sync_ff2 (net)
                      0.045083    0.000404    0.413755 ^ hold99/A (sky130_fd_sc_hd__dlygate4sd3_1)
     1    0.008256    0.074434    0.404208    0.817963 ^ hold99/X (sky130_fd_sc_hd__dlygate4sd3_1)
                                                         net98 (net)
                      0.074436    0.000491    0.818454 ^ _1241_/RESET_B (sky130_fd_sc_hd__dfrtp_2)
                                              0.818454   data arrival time

                                  0.000000    0.000000   clock rd_clk (rise edge)
                                  0.000000    0.000000   clock source latency
     1    0.014762    0.000000    0.000000    0.000000 ^ rd_clk (in)
                                                         rd_clk (net)
                      0.001946    0.000973    0.000973 ^ clkbuf_0_rd_clk/A (sky130_fd_sc_hd__clkbuf_16)
     4    0.039585    0.044672    0.088119    0.089092 ^ clkbuf_0_rd_clk/X (sky130_fd_sc_hd__clkbuf_16)
                                                         clknet_0_rd_clk (net)
                      0.044893    0.002189    0.091281 ^ clkbuf_2_2__f_rd_clk/A (sky130_fd_sc_hd__clkbuf_16)
     8    0.032878    0.040103    0.096580    0.187861 ^ clkbuf_2_2__f_rd_clk/X (sky130_fd_sc_hd__clkbuf_16)
                                                         clknet_2_2__leaf_rd_clk (net)
                      0.040161    0.001594    0.189455 ^ _1241_/CLK (sky130_fd_sc_hd__dfrtp_2)
                                  0.100000    0.289455   clock uncertainty
                                  0.000000    0.289455   clock reconvergence pessimism
                                  0.209683    0.499138   library removal time
                                              0.499138   data required time
---------------------------------------------------------------------------------------------
                                              0.499138   data required time
                                             -0.818454   data arrival time
---------------------------------------------------------------------------------------------
                                              0.319316   slack (MET)


Startpoint: _1230_ (rising edge-triggered flip-flop clocked by wr_clk)
Endpoint: _1230_ (rising edge-triggered flip-flop clocked by wr_clk)
Path Group: wr_clk
Path Type: min

Fanout         Cap        Slew       Delay        Time   Description
---------------------------------------------------------------------------------------------
                                  0.000000    0.000000   clock wr_clk (rise edge)
                                  0.000000    0.000000   clock source latency
     1    0.027351    0.000000    0.000000    0.000000 ^ wr_clk (in)
                                                         wr_clk (net)
                      0.002217    0.001109    0.001109 ^ clkbuf_0_wr_clk/A (sky130_fd_sc_hd__clkbuf_16)
    16    0.111526    0.098120    0.123922    0.125030 ^ clkbuf_0_wr_clk/X (sky130_fd_sc_hd__clkbuf_16)
                                                         clknet_0_wr_clk (net)
                      0.098338    0.003842    0.128872 ^ clkbuf_4_14_0_wr_clk/A (sky130_fd_sc_hd__clkbuf_8)
     2    0.019680    0.038125    0.105682    0.234554 ^ clkbuf_4_14_0_wr_clk/X (sky130_fd_sc_hd__clkbuf_8)
                                                         clknet_4_14_0_wr_clk (net)
                      0.038176    0.001218    0.235772 ^ clkbuf_5_28__f_wr_clk/A (sky130_fd_sc_hd__clkbuf_16)
     5    0.023306    0.033331    0.088619    0.324391 ^ clkbuf_5_28__f_wr_clk/X (sky130_fd_sc_hd__clkbuf_16)
                                                         clknet_5_28__leaf_wr_clk (net)
                      0.033390    0.000905    0.325296 ^ _1230_/CLK (sky130_fd_sc_hd__dfrtp_2)
     8    0.034085    0.127718    0.289536    0.614832 ^ _1230_/Q (sky130_fd_sc_hd__dfrtp_2)
                                                         u_fifomem.wr_addr[1] (net)
                      0.127725    0.001100    0.615932 ^ _0540_/B1 (sky130_fd_sc_hd__a31oi_2)
     4    0.024246    0.064582    0.067464    0.683396 v _0540_/Y (sky130_fd_sc_hd__a31oi_2)
                                                         _0148_ (net)
                      0.064600    0.000819    0.684215 v _0541_/B1 (sky130_fd_sc_hd__a21oi_4)
     3    0.010617    0.060529    0.072418    0.756633 ^ _0541_/Y (sky130_fd_sc_hd__a21oi_4)
                                                         u_wr_ptr_full.wr_ptr_bin_next[1] (net)
                      0.060530    0.000543    0.757177 ^ _1230_/D (sky130_fd_sc_hd__dfrtp_2)
                                              0.757177   data arrival time

                                  0.000000    0.000000   clock wr_clk (rise edge)
                                  0.000000    0.000000   clock source latency
     1    0.027351    0.000000    0.000000    0.000000 ^ wr_clk (in)
                                                         wr_clk (net)
                      0.002217    0.001109    0.001109 ^ clkbuf_0_wr_clk/A (sky130_fd_sc_hd__clkbuf_16)
    16    0.111526    0.098120    0.123922    0.125030 ^ clkbuf_0_wr_clk/X (sky130_fd_sc_hd__clkbuf_16)
                                                         clknet_0_wr_clk (net)
                      0.098338    0.003842    0.128872 ^ clkbuf_4_14_0_wr_clk/A (sky130_fd_sc_hd__clkbuf_8)
     2    0.019680    0.038125    0.105682    0.234554 ^ clkbuf_4_14_0_wr_clk/X (sky130_fd_sc_hd__clkbuf_8)
                                                         clknet_4_14_0_wr_clk (net)
                      0.038176    0.001218    0.235772 ^ clkbuf_5_28__f_wr_clk/A (sky130_fd_sc_hd__clkbuf_16)
     5    0.023306    0.033331    0.088619    0.324391 ^ clkbuf_5_28__f_wr_clk/X (sky130_fd_sc_hd__clkbuf_16)
                                                         clknet_5_28__leaf_wr_clk (net)
                      0.033390    0.000905    0.325296 ^ _1230_/CLK (sky130_fd_sc_hd__dfrtp_2)
                                  0.100000    0.425296   clock uncertainty
                                  0.000000    0.425296   clock reconvergence pessimism
                                 -0.021841    0.403455   library hold time
                                              0.403455   data required time
---------------------------------------------------------------------------------------------
                                              0.403455   data required time
                                             -0.757177   data arrival time
---------------------------------------------------------------------------------------------
                                              0.353722   slack (MET)


Startpoint: _1242_ (rising edge-triggered flip-flop clocked by rd_clk)
Endpoint: _1236_ (rising edge-triggered flip-flop clocked by rd_clk)
Path Group: rd_clk
Path Type: min

Fanout         Cap        Slew       Delay        Time   Description
---------------------------------------------------------------------------------------------
                                  0.000000    0.000000   clock rd_clk (rise edge)
                                  0.000000    0.000000   clock source latency
     1    0.014762    0.000000    0.000000    0.000000 ^ rd_clk (in)
                                                         rd_clk (net)
                      0.001946    0.000973    0.000973 ^ clkbuf_0_rd_clk/A (sky130_fd_sc_hd__clkbuf_16)
     4    0.039585    0.044672    0.088119    0.089092 ^ clkbuf_0_rd_clk/X (sky130_fd_sc_hd__clkbuf_16)
                                                         clknet_0_rd_clk (net)
                      0.044893    0.002189    0.091281 ^ clkbuf_2_2__f_rd_clk/A (sky130_fd_sc_hd__clkbuf_16)
     8    0.032878    0.040103    0.096580    0.187861 ^ clkbuf_2_2__f_rd_clk/X (sky130_fd_sc_hd__clkbuf_16)
                                                         clknet_2_2__leaf_rd_clk (net)
                      0.040262    0.002013    0.189875 ^ _1242_/CLK (sky130_fd_sc_hd__dfrtp_2)
     7    0.060290    0.216696    0.354296    0.544171 ^ _1242_/Q (sky130_fd_sc_hd__dfrtp_2)
                                                         rd_ptr_bin[3] (net)
                      0.216723    0.002493    0.546663 ^ _0562_/A (sky130_fd_sc_hd__xor2_2)
     3    0.011613    0.036494    0.075947    0.622611 v _0562_/X (sky130_fd_sc_hd__xor2_2)
                                                         u_rd_ptr_empty.rd_ptr_gray_next[2] (net)
                      0.036520    0.000861    0.623472 v _1236_/D (sky130_fd_sc_hd__dfrtp_2)
                                              0.623472   data arrival time

                                  0.000000    0.000000   clock rd_clk (rise edge)
                                  0.000000    0.000000   clock source latency
     1    0.014762    0.000000    0.000000    0.000000 ^ rd_clk (in)
                                                         rd_clk (net)
                      0.001946    0.000973    0.000973 ^ clkbuf_0_rd_clk/A (sky130_fd_sc_hd__clkbuf_16)
     4    0.039585    0.044672    0.088119    0.089092 ^ clkbuf_0_rd_clk/X (sky130_fd_sc_hd__clkbuf_16)
                                                         clknet_0_rd_clk (net)
                      0.044890    0.002168    0.091260 ^ clkbuf_2_3__f_rd_clk/A (sky130_fd_sc_hd__clkbuf_16)
     7    0.028137    0.036922    0.093564    0.184824 ^ clkbuf_2_3__f_rd_clk/X (sky130_fd_sc_hd__clkbuf_16)
                                                         clknet_2_3__leaf_rd_clk (net)
                      0.037024    0.001636    0.186459 ^ _1236_/CLK (sky130_fd_sc_hd__dfrtp_2)
                                  0.100000    0.286459   clock uncertainty
                                  0.000000    0.286459   clock reconvergence pessimism
                                 -0.030622    0.255837   library hold time
                                              0.255837   data required time
---------------------------------------------------------------------------------------------
                                              0.255837   data required time
                                             -0.623472   data arrival time
---------------------------------------------------------------------------------------------
                                              0.367635   slack (MET)


Startpoint: _1233_ (rising edge-triggered flip-flop clocked by wr_clk)
Endpoint: _1227_ (rising edge-triggered flip-flop clocked by wr_clk)
Path Group: wr_clk
Path Type: min

Fanout         Cap        Slew       Delay        Time   Description
---------------------------------------------------------------------------------------------
                                  0.000000    0.000000   clock wr_clk (rise edge)
                                  0.000000    0.000000   clock source latency
     1    0.027351    0.000000    0.000000    0.000000 ^ wr_clk (in)
                                                         wr_clk (net)
                      0.002217    0.001109    0.001109 ^ clkbuf_0_wr_clk/A (sky130_fd_sc_hd__clkbuf_16)
    16    0.111526    0.098120    0.123922    0.125030 ^ clkbuf_0_wr_clk/X (sky130_fd_sc_hd__clkbuf_16)
                                                         clknet_0_wr_clk (net)
                      0.098336    0.003823    0.128854 ^ clkbuf_4_15_0_wr_clk/A (sky130_fd_sc_hd__clkbuf_8)
     2    0.019604    0.038072    0.105425    0.234279 ^ clkbuf_4_15_0_wr_clk/X (sky130_fd_sc_hd__clkbuf_8)
                                                         clknet_4_15_0_wr_clk (net)
                      0.038246    0.001834    0.236113 ^ clkbuf_5_31__f_wr_clk/A (sky130_fd_sc_hd__clkbuf_16)
     5    0.015130    0.027981    0.083030    0.319143 ^ clkbuf_5_31__f_wr_clk/X (sky130_fd_sc_hd__clkbuf_16)
                                                         clknet_5_31__leaf_wr_clk (net)
                      0.027992    0.000954    0.320097 ^ _1233_/CLK (sky130_fd_sc_hd__dfrtp_2)
     3    0.017496    0.072077    0.247651    0.567748 ^ _1233_/Q (sky130_fd_sc_hd__dfrtp_2)
                                                         u_sync_w2r.wr_ptr_gray[4] (net)
                      0.072086    0.000852    0.568600 ^ _0569_/B (sky130_fd_sc_hd__and3_2)
     1    0.003410    0.029410    0.105819    0.674419 ^ _0569_/X (sky130_fd_sc_hd__and3_2)
                                                         _0164_ (net)
                      0.029411    0.000246    0.674665 ^ _0570_/B1_N (sky130_fd_sc_hd__o21ba_2)
     1    0.003310    0.017127    0.090620    0.765285 v _0570_/X (sky130_fd_sc_hd__o21ba_2)
                                                         u_wr_ptr_full.wr_ptr_gray_next[3] (net)
                      0.017127    0.000206    0.765491 v _1227_/D (sky130_fd_sc_hd__dfrtp_2)
                                              0.765491   data arrival time

                                  0.000000    0.000000   clock wr_clk (rise edge)
                                  0.000000    0.000000   clock source latency
     1    0.027351    0.000000    0.000000    0.000000 ^ wr_clk (in)
                                                         wr_clk (net)
                      0.002217    0.001109    0.001109 ^ clkbuf_0_wr_clk/A (sky130_fd_sc_hd__clkbuf_16)
    16    0.111526    0.098120    0.123922    0.125030 ^ clkbuf_0_wr_clk/X (sky130_fd_sc_hd__clkbuf_16)
                                                         clknet_0_wr_clk (net)
                      0.098336    0.003823    0.128854 ^ clkbuf_4_15_0_wr_clk/A (sky130_fd_sc_hd__clkbuf_8)
     2    0.019604    0.038072    0.105425    0.234279 ^ clkbuf_4_15_0_wr_clk/X (sky130_fd_sc_hd__clkbuf_8)
                                                         clknet_4_15_0_wr_clk (net)
                      0.038142    0.001431    0.235710 ^ clkbuf_5_30__f_wr_clk/A (sky130_fd_sc_hd__clkbuf_16)
     5    0.013833    0.027101    0.082187    0.317897 ^ clkbuf_5_30__f_wr_clk/X (sky130_fd_sc_hd__clkbuf_16)
                                                         clknet_5_30__leaf_wr_clk (net)
                      0.027102    0.000704    0.318601 ^ _1227_/CLK (sky130_fd_sc_hd__dfrtp_2)
                                  0.100000    0.418601   clock uncertainty
                                  0.000000    0.418601   clock reconvergence pessimism
                                 -0.025412    0.393189   library hold time
                                              0.393189   data required time
---------------------------------------------------------------------------------------------
                                              0.393189   data required time
                                             -0.765491   data arrival time
---------------------------------------------------------------------------------------------
                                              0.372302   slack (MET)


Startpoint: _1229_ (rising edge-triggered flip-flop clocked by wr_clk)
Endpoint: _1224_ (rising edge-triggered flip-flop clocked by wr_clk)
Path Group: wr_clk
Path Type: min

Fanout         Cap        Slew       Delay        Time   Description
---------------------------------------------------------------------------------------------
                                  0.000000    0.000000   clock wr_clk (rise edge)
                                  0.000000    0.000000   clock source latency
     1    0.027351    0.000000    0.000000    0.000000 ^ wr_clk (in)
                                                         wr_clk (net)
                      0.002217    0.001109    0.001109 ^ clkbuf_0_wr_clk/A (sky130_fd_sc_hd__clkbuf_16)
    16    0.111526    0.098120    0.123922    0.125030 ^ clkbuf_0_wr_clk/X (sky130_fd_sc_hd__clkbuf_16)
                                                         clknet_0_wr_clk (net)
                      0.098338    0.003842    0.128872 ^ clkbuf_4_14_0_wr_clk/A (sky130_fd_sc_hd__clkbuf_8)
     2    0.019680    0.038125    0.105682    0.234554 ^ clkbuf_4_14_0_wr_clk/X (sky130_fd_sc_hd__clkbuf_8)
                                                         clknet_4_14_0_wr_clk (net)
                      0.038176    0.001218    0.235772 ^ clkbuf_5_28__f_wr_clk/A (sky130_fd_sc_hd__clkbuf_16)
     5    0.023306    0.033331    0.088619    0.324391 ^ clkbuf_5_28__f_wr_clk/X (sky130_fd_sc_hd__clkbuf_16)
                                                         clknet_5_28__leaf_wr_clk (net)
                      0.033416    0.001191    0.325582 ^ _1229_/CLK (sky130_fd_sc_hd__dfrtp_2)
     3    0.011485    0.053554    0.233280    0.558863 ^ _1229_/Q (sky130_fd_sc_hd__dfrtp_2)
                                                         u_fifomem.wr_addr[0] (net)
                      0.053563    0.000696    0.559559 ^ _0564_/B1 (sky130_fd_sc_hd__a21o_2)
     1    0.004772    0.024790    0.059366    0.618925 ^ _0564_/X (sky130_fd_sc_hd__a21o_2)
                                                         _0162_ (net)
                      0.024795    0.000313    0.619238 ^ _0565_/A2 (sky130_fd_sc_hd__a22o_2)
     1    0.007907    0.038615    0.088410    0.707647 ^ _0565_/X (sky130_fd_sc_hd__a22o_2)
                                                         _0163_ (net)
                      0.038626    0.000635    0.708283 ^ _0566_/A (sky130_fd_sc_hd__buf_6)
     2    0.012227    0.027261    0.063908    0.772191 ^ _0566_/X (sky130_fd_sc_hd__buf_6)
                                                         u_wr_ptr_full.wr_ptr_gray_next[0] (net)
                      0.027272    0.000480    0.772671 ^ _1224_/D (sky130_fd_sc_hd__dfrtp_2)
                                              0.772671   data arrival time

                                  0.000000    0.000000   clock wr_clk (rise edge)
                                  0.000000    0.000000   clock source latency
     1    0.027351    0.000000    0.000000    0.000000 ^ wr_clk (in)
                                                         wr_clk (net)
                      0.002217    0.001109    0.001109 ^ clkbuf_0_wr_clk/A (sky130_fd_sc_hd__clkbuf_16)
    16    0.111526    0.098120    0.123922    0.125030 ^ clkbuf_0_wr_clk/X (sky130_fd_sc_hd__clkbuf_16)
                                                         clknet_0_wr_clk (net)
                      0.098336    0.003823    0.128854 ^ clkbuf_4_15_0_wr_clk/A (sky130_fd_sc_hd__clkbuf_8)
     2    0.019604    0.038072    0.105425    0.234279 ^ clkbuf_4_15_0_wr_clk/X (sky130_fd_sc_hd__clkbuf_8)
                                                         clknet_4_15_0_wr_clk (net)
                      0.038142    0.001431    0.235710 ^ clkbuf_5_30__f_wr_clk/A (sky130_fd_sc_hd__clkbuf_16)
     5    0.013833    0.027101    0.082187    0.317897 ^ clkbuf_5_30__f_wr_clk/X (sky130_fd_sc_hd__clkbuf_16)
                                                         clknet_5_30__leaf_wr_clk (net)
                      0.027102    0.000646    0.318543 ^ _1224_/CLK (sky130_fd_sc_hd__dfrtp_2)
                                  0.100000    0.418543   clock uncertainty
                                  0.000000    0.418543   clock reconvergence pessimism
                                 -0.019571    0.398972   library hold time
                                              0.398972   data required time
---------------------------------------------------------------------------------------------
                                              0.398972   data required time
                                             -0.772671   data arrival time
---------------------------------------------------------------------------------------------
                                              0.373698   slack (MET)


Startpoint: _1238_ (rising edge-triggered flip-flop clocked by rd_clk)
Endpoint: _1240_ (rising edge-triggered flip-flop clocked by rd_clk)
Path Group: rd_clk
Path Type: min

Fanout         Cap        Slew       Delay        Time   Description
---------------------------------------------------------------------------------------------
                                  0.000000    0.000000   clock rd_clk (rise edge)
                                  0.000000    0.000000   clock source latency
     1    0.014762    0.000000    0.000000    0.000000 ^ rd_clk (in)
                                                         rd_clk (net)
                      0.001946    0.000973    0.000973 ^ clkbuf_0_rd_clk/A (sky130_fd_sc_hd__clkbuf_16)
     4    0.039585    0.044672    0.088119    0.089092 ^ clkbuf_0_rd_clk/X (sky130_fd_sc_hd__clkbuf_16)
                                                         clknet_0_rd_clk (net)
                      0.044861    0.001963    0.091055 ^ clkbuf_2_1__f_rd_clk/A (sky130_fd_sc_hd__clkbuf_16)
     7    0.021526    0.032227    0.089221    0.180276 ^ clkbuf_2_1__f_rd_clk/X (sky130_fd_sc_hd__clkbuf_16)
                                                         clknet_2_1__leaf_rd_clk (net)
                      0.032260    0.000954    0.181230 ^ _1238_/CLK (sky130_fd_sc_hd__dfstp_2)
     5    0.025303    0.047649    0.252127    0.433357 v _1238_/Q (sky130_fd_sc_hd__dfstp_2)
                                                         net23 (net)
                      0.047896    0.002692    0.436049 v _0521_/A (sky130_fd_sc_hd__inv_2)
     4    0.017965    0.065222    0.070279    0.506328 ^ _0521_/Y (sky130_fd_sc_hd__inv_2)
                                                         _0133_ (net)
                      0.065236    0.000763    0.507091 ^ _0522_/B (sky130_fd_sc_hd__nand4_2)
     1    0.008830    0.062053    0.069196    0.576287 v _0522_/Y (sky130_fd_sc_hd__nand4_2)
                                                         _0134_ (net)
                      0.062055    0.000678    0.576965 v _0523_/B (sky130_fd_sc_hd__nand2_4)
     3    0.015548    0.042448    0.069678    0.646643 ^ _0523_/Y (sky130_fd_sc_hd__nand2_4)
                                                         rd_ptr_bin_next_wm[1] (net)
                      0.042484    0.000974    0.647617 ^ _1240_/D (sky130_fd_sc_hd__dfrtp_2)
                                              0.647617   data arrival time

                                  0.000000    0.000000   clock rd_clk (rise edge)
                                  0.000000    0.000000   clock source latency
     1    0.014762    0.000000    0.000000    0.000000 ^ rd_clk (in)
                                                         rd_clk (net)
                      0.001946    0.000973    0.000973 ^ clkbuf_0_rd_clk/A (sky130_fd_sc_hd__clkbuf_16)
     4    0.039585    0.044672    0.088119    0.089092 ^ clkbuf_0_rd_clk/X (sky130_fd_sc_hd__clkbuf_16)
                                                         clknet_0_rd_clk (net)
                      0.044893    0.002189    0.091281 ^ clkbuf_2_2__f_rd_clk/A (sky130_fd_sc_hd__clkbuf_16)
     8    0.032878    0.040103    0.096580    0.187861 ^ clkbuf_2_2__f_rd_clk/X (sky130_fd_sc_hd__clkbuf_16)
                                                         clknet_2_2__leaf_rd_clk (net)
                      0.040160    0.001585    0.189446 ^ _1240_/CLK (sky130_fd_sc_hd__dfrtp_2)
                                  0.100000    0.289446   clock uncertainty
                                  0.000000    0.289446   clock reconvergence pessimism
                                 -0.020340    0.269106   library hold time
                                              0.269106   data required time
---------------------------------------------------------------------------------------------
                                              0.269106   data required time
                                             -0.647617   data arrival time
---------------------------------------------------------------------------------------------
                                              0.378511   slack (MET)


Startpoint: _1203_ (rising edge-triggered flip-flop clocked by rd_clk)
Endpoint: _1190_ (removal check against rising-edge clock rd_clk)
Path Group: asynchronous
Path Type: min

Fanout         Cap        Slew       Delay        Time   Description
---------------------------------------------------------------------------------------------
                                  0.000000    0.000000   clock rd_clk (rise edge)
                                  0.000000    0.000000   clock source latency
     1    0.014762    0.000000    0.000000    0.000000 ^ rd_clk (in)
                                                         rd_clk (net)
                      0.001946    0.000973    0.000973 ^ clkbuf_0_rd_clk/A (sky130_fd_sc_hd__clkbuf_16)
     4    0.039585    0.044672    0.088119    0.089092 ^ clkbuf_0_rd_clk/X (sky130_fd_sc_hd__clkbuf_16)
                                                         clknet_0_rd_clk (net)
                      0.044890    0.002168    0.091260 ^ clkbuf_2_3__f_rd_clk/A (sky130_fd_sc_hd__clkbuf_16)
     7    0.028137    0.036922    0.093564    0.184824 ^ clkbuf_2_3__f_rd_clk/X (sky130_fd_sc_hd__clkbuf_16)
                                                         clknet_2_3__leaf_rd_clk (net)
                      0.037003    0.001470    0.186294 ^ _1203_/CLK (sky130_fd_sc_hd__dfrtp_2)
     2    0.008898    0.045080    0.227057    0.413351 ^ _1203_/Q (sky130_fd_sc_hd__dfrtp_2)
                                                         u_rd_reset_sync.sync_ff2 (net)
                      0.045082    0.000343    0.413694 ^ fanout76/A (sky130_fd_sc_hd__clkdlybuf4s25_1)
     8    0.044067    0.331085    0.371331    0.785025 ^ fanout76/X (sky130_fd_sc_hd__clkdlybuf4s25_1)
                                                         net76 (net)
                      0.331186    0.001495    0.786520 ^ _1190_/SET_B (sky130_fd_sc_hd__dfstp_2)
                                              0.786520   data arrival time

                                  0.000000    0.000000   clock rd_clk (rise edge)
                                  0.000000    0.000000   clock source latency
     1    0.014762    0.000000    0.000000    0.000000 ^ rd_clk (in)
                                                         rd_clk (net)
                      0.001946    0.000973    0.000973 ^ clkbuf_0_rd_clk/A (sky130_fd_sc_hd__clkbuf_16)
     4    0.039585    0.044672    0.088119    0.089092 ^ clkbuf_0_rd_clk/X (sky130_fd_sc_hd__clkbuf_16)
                                                         clknet_0_rd_clk (net)
                      0.044890    0.002168    0.091260 ^ clkbuf_2_3__f_rd_clk/A (sky130_fd_sc_hd__clkbuf_16)
     7    0.028137    0.036922    0.093564    0.184824 ^ clkbuf_2_3__f_rd_clk/X (sky130_fd_sc_hd__clkbuf_16)
                                                         clknet_2_3__leaf_rd_clk (net)
                      0.037007    0.001501    0.186325 ^ _1190_/CLK (sky130_fd_sc_hd__dfstp_2)
                                  0.100000    0.286325   clock uncertainty
                                  0.000000    0.286325   clock reconvergence pessimism
                                  0.107442    0.393766   library removal time
                                              0.393766   data required time
---------------------------------------------------------------------------------------------
                                              0.393766   data required time
                                             -0.786520   data arrival time
---------------------------------------------------------------------------------------------
                                              0.392754   slack (MET)


Startpoint: _1230_ (rising edge-triggered flip-flop clocked by wr_clk)
Endpoint: _1225_ (rising edge-triggered flip-flop clocked by wr_clk)
Path Group: wr_clk
Path Type: min

Fanout         Cap        Slew       Delay        Time   Description
---------------------------------------------------------------------------------------------
                                  0.000000    0.000000   clock wr_clk (rise edge)
                                  0.000000    0.000000   clock source latency
     1    0.027351    0.000000    0.000000    0.000000 ^ wr_clk (in)
                                                         wr_clk (net)
                      0.002217    0.001109    0.001109 ^ clkbuf_0_wr_clk/A (sky130_fd_sc_hd__clkbuf_16)
    16    0.111526    0.098120    0.123922    0.125030 ^ clkbuf_0_wr_clk/X (sky130_fd_sc_hd__clkbuf_16)
                                                         clknet_0_wr_clk (net)
                      0.098338    0.003842    0.128872 ^ clkbuf_4_14_0_wr_clk/A (sky130_fd_sc_hd__clkbuf_8)
     2    0.019680    0.038125    0.105682    0.234554 ^ clkbuf_4_14_0_wr_clk/X (sky130_fd_sc_hd__clkbuf_8)
                                                         clknet_4_14_0_wr_clk (net)
                      0.038176    0.001218    0.235772 ^ clkbuf_5_28__f_wr_clk/A (sky130_fd_sc_hd__clkbuf_16)
     5    0.023306    0.033331    0.088619    0.324391 ^ clkbuf_5_28__f_wr_clk/X (sky130_fd_sc_hd__clkbuf_16)
                                                         clknet_5_28__leaf_wr_clk (net)
                      0.033390    0.000905    0.325296 ^ _1230_/CLK (sky130_fd_sc_hd__dfrtp_2)
     8    0.034085    0.127718    0.289536    0.614832 ^ _1230_/Q (sky130_fd_sc_hd__dfrtp_2)
                                                         u_fifomem.wr_addr[1] (net)
                      0.127725    0.001100    0.615932 ^ _0540_/B1 (sky130_fd_sc_hd__a31oi_2)
     4    0.024246    0.064582    0.067464    0.683396 v _0540_/Y (sky130_fd_sc_hd__a31oi_2)
                                                         _0148_ (net)
                      0.064631    0.001365    0.684761 v _0567_/B (sky130_fd_sc_hd__xnor2_2)
     2    0.012281    0.047124    0.109768    0.794530 v _0567_/Y (sky130_fd_sc_hd__xnor2_2)
                                                         u_wr_ptr_full.wr_ptr_gray_next[1] (net)
                      0.047134    0.000655    0.795185 v _1225_/D (sky130_fd_sc_hd__dfrtp_2)
                                              0.795185   data arrival time

                                  0.000000    0.000000   clock wr_clk (rise edge)
                                  0.000000    0.000000   clock source latency
     1    0.027351    0.000000    0.000000    0.000000 ^ wr_clk (in)
                                                         wr_clk (net)
                      0.002217    0.001109    0.001109 ^ clkbuf_0_wr_clk/A (sky130_fd_sc_hd__clkbuf_16)
    16    0.111526    0.098120    0.123922    0.125030 ^ clkbuf_0_wr_clk/X (sky130_fd_sc_hd__clkbuf_16)
                                                         clknet_0_wr_clk (net)
                      0.098338    0.003842    0.128872 ^ clkbuf_4_14_0_wr_clk/A (sky130_fd_sc_hd__clkbuf_8)
     2    0.019680    0.038125    0.105682    0.234554 ^ clkbuf_4_14_0_wr_clk/X (sky130_fd_sc_hd__clkbuf_8)
                                                         clknet_4_14_0_wr_clk (net)
                      0.038176    0.001218    0.235772 ^ clkbuf_5_28__f_wr_clk/A (sky130_fd_sc_hd__clkbuf_16)
     5    0.023306    0.033331    0.088619    0.324391 ^ clkbuf_5_28__f_wr_clk/X (sky130_fd_sc_hd__clkbuf_16)
                                                         clknet_5_28__leaf_wr_clk (net)
                      0.033346    0.000331    0.324722 ^ _1225_/CLK (sky130_fd_sc_hd__dfrtp_2)
                                  0.100000    0.424722   clock uncertainty
                                  0.000000    0.424722   clock reconvergence pessimism
                                 -0.034392    0.390330   library hold time
                                              0.390330   data required time
---------------------------------------------------------------------------------------------
                                              0.390330   data required time
                                             -0.795185   data arrival time
---------------------------------------------------------------------------------------------
                                              0.404855   slack (MET)


Startpoint: _1238_ (rising edge-triggered flip-flop clocked by rd_clk)
Endpoint: _1234_ (rising edge-triggered flip-flop clocked by rd_clk)
Path Group: rd_clk
Path Type: min

Fanout         Cap        Slew       Delay        Time   Description
---------------------------------------------------------------------------------------------
                                  0.000000    0.000000   clock rd_clk (rise edge)
                                  0.000000    0.000000   clock source latency
     1    0.014762    0.000000    0.000000    0.000000 ^ rd_clk (in)
                                                         rd_clk (net)
                      0.001946    0.000973    0.000973 ^ clkbuf_0_rd_clk/A (sky130_fd_sc_hd__clkbuf_16)
     4    0.039585    0.044672    0.088119    0.089092 ^ clkbuf_0_rd_clk/X (sky130_fd_sc_hd__clkbuf_16)
                                                         clknet_0_rd_clk (net)
                      0.044861    0.001963    0.091055 ^ clkbuf_2_1__f_rd_clk/A (sky130_fd_sc_hd__clkbuf_16)
     7    0.021526    0.032227    0.089221    0.180276 ^ clkbuf_2_1__f_rd_clk/X (sky130_fd_sc_hd__clkbuf_16)
                                                         clknet_2_1__leaf_rd_clk (net)
                      0.032260    0.000954    0.181230 ^ _1238_/CLK (sky130_fd_sc_hd__dfstp_2)
     5    0.025303    0.047649    0.252127    0.433357 v _1238_/Q (sky130_fd_sc_hd__dfstp_2)
                                                         net23 (net)
                      0.047896    0.002692    0.436049 v _0521_/A (sky130_fd_sc_hd__inv_2)
     4    0.017965    0.065222    0.070279    0.506328 ^ _0521_/Y (sky130_fd_sc_hd__inv_2)
                                                         _0133_ (net)
                      0.065228    0.000476    0.506804 ^ _0551_/A1 (sky130_fd_sc_hd__a21oi_2)
     2    0.011087    0.038831    0.044837    0.551641 v _0551_/Y (sky130_fd_sc_hd__a21oi_2)
                                                         _0155_ (net)
                      0.038863    0.000599    0.552240 v _0557_/B (sky130_fd_sc_hd__xor2_2)
     2    0.013034    0.038795    0.107268    0.659508 v _0557_/X (sky130_fd_sc_hd__xor2_2)
                                                         u_rd_ptr_empty.rd_ptr_gray_next[0] (net)
                      0.038809    0.000712    0.660220 v _1234_/D (sky130_fd_sc_hd__dfrtp_2)
                                              0.660220   data arrival time

                                  0.000000    0.000000   clock rd_clk (rise edge)
                                  0.000000    0.000000   clock source latency
     1    0.014762    0.000000    0.000000    0.000000 ^ rd_clk (in)
                                                         rd_clk (net)
                      0.001946    0.000973    0.000973 ^ clkbuf_0_rd_clk/A (sky130_fd_sc_hd__clkbuf_16)
     4    0.039585    0.044672    0.088119    0.089092 ^ clkbuf_0_rd_clk/X (sky130_fd_sc_hd__clkbuf_16)
                                                         clknet_0_rd_clk (net)
                      0.044856    0.001921    0.091013 ^ clkbuf_2_0__f_rd_clk/A (sky130_fd_sc_hd__clkbuf_16)
     8    0.023131    0.033281    0.090223    0.181236 ^ clkbuf_2_0__f_rd_clk/X (sky130_fd_sc_hd__clkbuf_16)
                                                         clknet_2_0__leaf_rd_clk (net)
                      0.033400    0.001283    0.182519 ^ _1234_/CLK (sky130_fd_sc_hd__dfrtp_2)
                                  0.100000    0.282519   clock uncertainty
                                  0.000000    0.282519   clock reconvergence pessimism
                                 -0.031720    0.250798   library hold time
                                              0.250798   data required time
---------------------------------------------------------------------------------------------
                                              0.250798   data required time
                                             -0.660220   data arrival time
---------------------------------------------------------------------------------------------
                                              0.409422   slack (MET)


Startpoint: _1238_ (rising edge-triggered flip-flop clocked by rd_clk)
Endpoint: _1239_ (rising edge-triggered flip-flop clocked by rd_clk)
Path Group: rd_clk
Path Type: min

Fanout         Cap        Slew       Delay        Time   Description
---------------------------------------------------------------------------------------------
                                  0.000000    0.000000   clock rd_clk (rise edge)
                                  0.000000    0.000000   clock source latency
     1    0.014762    0.000000    0.000000    0.000000 ^ rd_clk (in)
                                                         rd_clk (net)
                      0.001946    0.000973    0.000973 ^ clkbuf_0_rd_clk/A (sky130_fd_sc_hd__clkbuf_16)
     4    0.039585    0.044672    0.088119    0.089092 ^ clkbuf_0_rd_clk/X (sky130_fd_sc_hd__clkbuf_16)
                                                         clknet_0_rd_clk (net)
                      0.044861    0.001963    0.091055 ^ clkbuf_2_1__f_rd_clk/A (sky130_fd_sc_hd__clkbuf_16)
     7    0.021526    0.032227    0.089221    0.180276 ^ clkbuf_2_1__f_rd_clk/X (sky130_fd_sc_hd__clkbuf_16)
                                                         clknet_2_1__leaf_rd_clk (net)
                      0.032260    0.000954    0.181230 ^ _1238_/CLK (sky130_fd_sc_hd__dfstp_2)
     5    0.025303    0.047649    0.252127    0.433357 v _1238_/Q (sky130_fd_sc_hd__dfstp_2)
                                                         net23 (net)
                      0.047913    0.002791    0.436148 v _0530_/A_N (sky130_fd_sc_hd__and3b_4)
     3    0.034555    0.100139    0.234386    0.670533 ^ _0530_/X (sky130_fd_sc_hd__and3b_4)
                                                         _0140_ (net)
                      0.100190    0.002088    0.672622 ^ _0552_/A (sky130_fd_sc_hd__nor2_8)
     5    0.019880    0.030616    0.035671    0.708292 v _0552_/Y (sky130_fd_sc_hd__nor2_8)
                                                         rd_ptr_bin_next_wm[0] (net)
                      0.030624    0.000908    0.709200 v _1239_/D (sky130_fd_sc_hd__dfrtp_2)
                                              0.709200   data arrival time

                                  0.000000    0.000000   clock rd_clk (rise edge)
                                  0.000000    0.000000   clock source latency
     1    0.014762    0.000000    0.000000    0.000000 ^ rd_clk (in)
                                                         rd_clk (net)
                      0.001946    0.000973    0.000973 ^ clkbuf_0_rd_clk/A (sky130_fd_sc_hd__clkbuf_16)
     4    0.039585    0.044672    0.088119    0.089092 ^ clkbuf_0_rd_clk/X (sky130_fd_sc_hd__clkbuf_16)
                                                         clknet_0_rd_clk (net)
                      0.044893    0.002189    0.091281 ^ clkbuf_2_2__f_rd_clk/A (sky130_fd_sc_hd__clkbuf_16)
     8    0.032878    0.040103    0.096580    0.187861 ^ clkbuf_2_2__f_rd_clk/X (sky130_fd_sc_hd__clkbuf_16)
                                                         clknet_2_2__leaf_rd_clk (net)
                      0.040162    0.001598    0.189459 ^ _1239_/CLK (sky130_fd_sc_hd__dfrtp_2)
                                  0.100000    0.289459   clock uncertainty
                                  0.000000    0.289459   clock reconvergence pessimism
                                 -0.028418    0.261041   library hold time
                                              0.261041   data required time
---------------------------------------------------------------------------------------------
                                              0.261041   data required time
                                             -0.709200   data arrival time
---------------------------------------------------------------------------------------------
                                              0.448159   slack (MET)


Startpoint: _1238_ (rising edge-triggered flip-flop clocked by rd_clk)
Endpoint: _1241_ (rising edge-triggered flip-flop clocked by rd_clk)
Path Group: rd_clk
Path Type: min

Fanout         Cap        Slew       Delay        Time   Description
---------------------------------------------------------------------------------------------
                                  0.000000    0.000000   clock rd_clk (rise edge)
                                  0.000000    0.000000   clock source latency
     1    0.014762    0.000000    0.000000    0.000000 ^ rd_clk (in)
                                                         rd_clk (net)
                      0.001946    0.000973    0.000973 ^ clkbuf_0_rd_clk/A (sky130_fd_sc_hd__clkbuf_16)
     4    0.039585    0.044672    0.088119    0.089092 ^ clkbuf_0_rd_clk/X (sky130_fd_sc_hd__clkbuf_16)
                                                         clknet_0_rd_clk (net)
                      0.044861    0.001963    0.091055 ^ clkbuf_2_1__f_rd_clk/A (sky130_fd_sc_hd__clkbuf_16)
     7    0.021526    0.032227    0.089221    0.180276 ^ clkbuf_2_1__f_rd_clk/X (sky130_fd_sc_hd__clkbuf_16)
                                                         clknet_2_1__leaf_rd_clk (net)
                      0.032260    0.000954    0.181230 ^ _1238_/CLK (sky130_fd_sc_hd__dfstp_2)
     5    0.025303    0.047649    0.252127    0.433357 v _1238_/Q (sky130_fd_sc_hd__dfstp_2)
                                                         net23 (net)
                      0.047896    0.002692    0.436049 v _0521_/A (sky130_fd_sc_hd__inv_2)
     4    0.017965    0.065222    0.070279    0.506328 ^ _0521_/Y (sky130_fd_sc_hd__inv_2)
                                                         _0133_ (net)
                      0.065237    0.000796    0.507124 ^ _0524_/A (sky130_fd_sc_hd__nand4_2)
     2    0.007458    0.057326    0.054630    0.561754 v _0524_/Y (sky130_fd_sc_hd__nand4_2)
                                                         _0135_ (net)
                      0.057326    0.000305    0.562058 v _0528_/A2 (sky130_fd_sc_hd__o21ai_2)
     3    0.013137    0.060941    0.131197    0.693255 ^ _0528_/Y (sky130_fd_sc_hd__o21ai_2)
                                                         _0139_ (net)
                      0.060977    0.001192    0.694447 ^ _0529_/A (sky130_fd_sc_hd__inv_2)
     3    0.012230    0.029867    0.032402    0.726849 v _0529_/Y (sky130_fd_sc_hd__inv_2)
                                                         rd_ptr_bin_next_wm[2] (net)
                      0.029901    0.000845    0.727694 v _1241_/D (sky130_fd_sc_hd__dfrtp_2)
                                              0.727694   data arrival time

                                  0.000000    0.000000   clock rd_clk (rise edge)
                                  0.000000    0.000000   clock source latency
     1    0.014762    0.000000    0.000000    0.000000 ^ rd_clk (in)
                                                         rd_clk (net)
                      0.001946    0.000973    0.000973 ^ clkbuf_0_rd_clk/A (sky130_fd_sc_hd__clkbuf_16)
     4    0.039585    0.044672    0.088119    0.089092 ^ clkbuf_0_rd_clk/X (sky130_fd_sc_hd__clkbuf_16)
                                                         clknet_0_rd_clk (net)
                      0.044893    0.002189    0.091281 ^ clkbuf_2_2__f_rd_clk/A (sky130_fd_sc_hd__clkbuf_16)
     8    0.032878    0.040103    0.096580    0.187861 ^ clkbuf_2_2__f_rd_clk/X (sky130_fd_sc_hd__clkbuf_16)
                                                         clknet_2_2__leaf_rd_clk (net)
                      0.040161    0.001594    0.189455 ^ _1241_/CLK (sky130_fd_sc_hd__dfrtp_2)
                                  0.100000    0.289455   clock uncertainty
                                  0.000000    0.289455   clock reconvergence pessimism
                                 -0.028186    0.261268   library hold time
                                              0.261268   data required time
---------------------------------------------------------------------------------------------
                                              0.261268   data required time
                                             -0.727694   data arrival time
---------------------------------------------------------------------------------------------
                                              0.466426   slack (MET)


Startpoint: _1223_ (rising edge-triggered flip-flop clocked by wr_clk)
Endpoint: _1228_ (rising edge-triggered flip-flop clocked by wr_clk)
Path Group: wr_clk
Path Type: min

Fanout         Cap        Slew       Delay        Time   Description
---------------------------------------------------------------------------------------------
                                  0.000000    0.000000   clock wr_clk (rise edge)
                                  0.000000    0.000000   clock source latency
     1    0.027351    0.000000    0.000000    0.000000 ^ wr_clk (in)
                                                         wr_clk (net)
                      0.002217    0.001109    0.001109 ^ clkbuf_0_wr_clk/A (sky130_fd_sc_hd__clkbuf_16)
    16    0.111526    0.098120    0.123922    0.125030 ^ clkbuf_0_wr_clk/X (sky130_fd_sc_hd__clkbuf_16)
                                                         clknet_0_wr_clk (net)
                      0.098338    0.003842    0.128872 ^ clkbuf_4_14_0_wr_clk/A (sky130_fd_sc_hd__clkbuf_8)
     2    0.019680    0.038125    0.105682    0.234554 ^ clkbuf_4_14_0_wr_clk/X (sky130_fd_sc_hd__clkbuf_8)
                                                         clknet_4_14_0_wr_clk (net)
                      0.038183    0.001290    0.235844 ^ clkbuf_5_29__f_wr_clk/A (sky130_fd_sc_hd__clkbuf_16)
     5    0.015367    0.028136    0.083186    0.319029 ^ clkbuf_5_29__f_wr_clk/X (sky130_fd_sc_hd__clkbuf_16)
                                                         clknet_5_29__leaf_wr_clk (net)
                      0.028150    0.001098    0.320127 ^ _1223_/CLK (sky130_fd_sc_hd__dfrtp_2)
     8    0.043208    0.159038    0.310360    0.630487 ^ _1223_/Q (sky130_fd_sc_hd__dfrtp_2)
                                                         u_sync_r2w.sync_stage2[4] (net)
                      0.159045    0.001277    0.631764 ^ _0632_/A (sky130_fd_sc_hd__xnor2_2)
     2    0.007631    0.034464    0.058438    0.690202 v _0632_/Y (sky130_fd_sc_hd__xnor2_2)
                                                         _0226_ (net)
                      0.034469    0.000410    0.690612 v _0716_/C (sky130_fd_sc_hd__and4_4)
     1    0.005563    0.022745    0.115213    0.805825 v _0716_/X (sky130_fd_sc_hd__and4_4)
                                                         _0307_ (net)
                      0.022746    0.000412    0.806237 v _0717_/A (sky130_fd_sc_hd__buf_6)
     1    0.002757    0.014312    0.064451    0.870688 v _0717_/X (sky130_fd_sc_hd__buf_6)
                                                         u_wr_ptr_full.full_val (net)
                      0.014312    0.000118    0.870806 v _1228_/D (sky130_fd_sc_hd__dfrtp_2)
                                              0.870806   data arrival time

                                  0.000000    0.000000   clock wr_clk (rise edge)
                                  0.000000    0.000000   clock source latency
     1    0.027351    0.000000    0.000000    0.000000 ^ wr_clk (in)
                                                         wr_clk (net)
                      0.002217    0.001109    0.001109 ^ clkbuf_0_wr_clk/A (sky130_fd_sc_hd__clkbuf_16)
    16    0.111526    0.098120    0.123922    0.125030 ^ clkbuf_0_wr_clk/X (sky130_fd_sc_hd__clkbuf_16)
                                                         clknet_0_wr_clk (net)
                      0.098338    0.003842    0.128872 ^ clkbuf_4_14_0_wr_clk/A (sky130_fd_sc_hd__clkbuf_8)
     2    0.019680    0.038125    0.105682    0.234554 ^ clkbuf_4_14_0_wr_clk/X (sky130_fd_sc_hd__clkbuf_8)
                                                         clknet_4_14_0_wr_clk (net)
                      0.038183    0.001290    0.235844 ^ clkbuf_5_29__f_wr_clk/A (sky130_fd_sc_hd__clkbuf_16)
     5    0.015367    0.028136    0.083186    0.319029 ^ clkbuf_5_29__f_wr_clk/X (sky130_fd_sc_hd__clkbuf_16)
                                                         clknet_5_29__leaf_wr_clk (net)
                      0.028145    0.000889    0.319918 ^ _1228_/CLK (sky130_fd_sc_hd__dfrtp_2)
                                  0.100000    0.419919   clock uncertainty
                                  0.000000    0.419919   clock reconvergence pessimism
                                 -0.024406    0.395513   library hold time
                                              0.395513   data required time
---------------------------------------------------------------------------------------------
                                              0.395513   data required time
                                             -0.870806   data arrival time
---------------------------------------------------------------------------------------------
                                              0.475293   slack (MET)


Startpoint: _1228_ (rising edge-triggered flip-flop clocked by wr_clk)
Endpoint: _1229_ (rising edge-triggered flip-flop clocked by wr_clk)
Path Group: wr_clk
Path Type: min

Fanout         Cap        Slew       Delay        Time   Description
---------------------------------------------------------------------------------------------
                                  0.000000    0.000000   clock wr_clk (rise edge)
                                  0.000000    0.000000   clock source latency
     1    0.027351    0.000000    0.000000    0.000000 ^ wr_clk (in)
                                                         wr_clk (net)
                      0.002217    0.001109    0.001109 ^ clkbuf_0_wr_clk/A (sky130_fd_sc_hd__clkbuf_16)
    16    0.111526    0.098120    0.123922    0.125030 ^ clkbuf_0_wr_clk/X (sky130_fd_sc_hd__clkbuf_16)
                                                         clknet_0_wr_clk (net)
                      0.098338    0.003842    0.128872 ^ clkbuf_4_14_0_wr_clk/A (sky130_fd_sc_hd__clkbuf_8)
     2    0.019680    0.038125    0.105682    0.234554 ^ clkbuf_4_14_0_wr_clk/X (sky130_fd_sc_hd__clkbuf_8)
                                                         clknet_4_14_0_wr_clk (net)
                      0.038183    0.001290    0.235844 ^ clkbuf_5_29__f_wr_clk/A (sky130_fd_sc_hd__clkbuf_16)
     5    0.015367    0.028136    0.083186    0.319029 ^ clkbuf_5_29__f_wr_clk/X (sky130_fd_sc_hd__clkbuf_16)
                                                         clknet_5_29__leaf_wr_clk (net)
                      0.028145    0.000889    0.319918 ^ _1228_/CLK (sky130_fd_sc_hd__dfrtp_2)
     3    0.016453    0.068611    0.245220    0.565138 ^ _1228_/Q (sky130_fd_sc_hd__dfrtp_2)
                                                         net24 (net)
                      0.068635    0.001212    0.566350 ^ _0539_/A (sky130_fd_sc_hd__inv_2)
     6    0.022194    0.043080    0.046469    0.612819 v _0539_/Y (sky130_fd_sc_hd__inv_2)
                                                         _0147_ (net)
                      0.043196    0.001801    0.614620 v _0554_/A1 (sky130_fd_sc_hd__a21oi_2)
     2    0.008418    0.094095    0.109647    0.724267 ^ _0554_/Y (sky130_fd_sc_hd__a21oi_2)
                                                         _0157_ (net)
                      0.094130    0.000427    0.724694 ^ _0555_/B (sky130_fd_sc_hd__or2_2)
     3    0.016648    0.070359    0.114876    0.839570 ^ _0555_/X (sky130_fd_sc_hd__or2_2)
                                                         _0158_ (net)
                      0.070376    0.001062    0.840632 ^ _0556_/A (sky130_fd_sc_hd__inv_2)
     2    0.011266    0.030285    0.031612    0.872245 v _0556_/Y (sky130_fd_sc_hd__inv_2)
                                                         u_wr_ptr_full.wr_ptr_bin_next[0] (net)
                      0.030305    0.000649    0.872894 v _1229_/D (sky130_fd_sc_hd__dfrtp_2)
                                              0.872894   data arrival time

                                  0.000000    0.000000   clock wr_clk (rise edge)
                                  0.000000    0.000000   clock source latency
     1    0.027351    0.000000    0.000000    0.000000 ^ wr_clk (in)
                                                         wr_clk (net)
                      0.002217    0.001109    0.001109 ^ clkbuf_0_wr_clk/A (sky130_fd_sc_hd__clkbuf_16)
    16    0.111526    0.098120    0.123922    0.125030 ^ clkbuf_0_wr_clk/X (sky130_fd_sc_hd__clkbuf_16)
                                                         clknet_0_wr_clk (net)
                      0.098338    0.003842    0.128872 ^ clkbuf_4_14_0_wr_clk/A (sky130_fd_sc_hd__clkbuf_8)
     2    0.019680    0.038125    0.105682    0.234554 ^ clkbuf_4_14_0_wr_clk/X (sky130_fd_sc_hd__clkbuf_8)
                                                         clknet_4_14_0_wr_clk (net)
                      0.038176    0.001218    0.235772 ^ clkbuf_5_28__f_wr_clk/A (sky130_fd_sc_hd__clkbuf_16)
     5    0.023306    0.033331    0.088619    0.324391 ^ clkbuf_5_28__f_wr_clk/X (sky130_fd_sc_hd__clkbuf_16)
                                                         clknet_5_28__leaf_wr_clk (net)
                      0.033416    0.001191    0.325582 ^ _1229_/CLK (sky130_fd_sc_hd__dfrtp_2)
                                  0.100000    0.425582   clock uncertainty
                                  0.000000    0.425582   clock reconvergence pessimism
                                 -0.028995    0.396587   library hold time
                                              0.396587   data required time
---------------------------------------------------------------------------------------------
                                              0.396587   data required time
                                             -0.872894   data arrival time
---------------------------------------------------------------------------------------------
                                              0.476307   slack (MET)


Startpoint: _1242_ (rising edge-triggered flip-flop clocked by rd_clk)
Endpoint: _1242_ (rising edge-triggered flip-flop clocked by rd_clk)
Path Group: rd_clk
Path Type: min

Fanout         Cap        Slew       Delay        Time   Description
---------------------------------------------------------------------------------------------
                                  0.000000    0.000000   clock rd_clk (rise edge)
                                  0.000000    0.000000   clock source latency
     1    0.014762    0.000000    0.000000    0.000000 ^ rd_clk (in)
                                                         rd_clk (net)
                      0.001946    0.000973    0.000973 ^ clkbuf_0_rd_clk/A (sky130_fd_sc_hd__clkbuf_16)
     4    0.039585    0.044672    0.088119    0.089092 ^ clkbuf_0_rd_clk/X (sky130_fd_sc_hd__clkbuf_16)
                                                         clknet_0_rd_clk (net)
                      0.044893    0.002189    0.091281 ^ clkbuf_2_2__f_rd_clk/A (sky130_fd_sc_hd__clkbuf_16)
     8    0.032878    0.040103    0.096580    0.187861 ^ clkbuf_2_2__f_rd_clk/X (sky130_fd_sc_hd__clkbuf_16)
                                                         clknet_2_2__leaf_rd_clk (net)
                      0.040262    0.002013    0.189875 ^ _1242_/CLK (sky130_fd_sc_hd__dfrtp_2)
     7    0.057623    0.111654    0.332281    0.522155 v _1242_/Q (sky130_fd_sc_hd__dfrtp_2)
                                                         rd_ptr_bin[3] (net)
                      0.111743    0.002902    0.525057 v _0532_/A (sky130_fd_sc_hd__inv_2)
     2    0.007610    0.044830    0.067809    0.592866 ^ _0532_/Y (sky130_fd_sc_hd__inv_2)
                                                         _0142_ (net)
                      0.044831    0.000295    0.593161 ^ _0533_/B1 (sky130_fd_sc_hd__o21ai_2)
     4    0.028187    0.061589    0.059842    0.653003 v _0533_/Y (sky130_fd_sc_hd__o21ai_2)
                                                         _0143_ (net)
                      0.061696    0.002116    0.655119 v _0534_/B (sky130_fd_sc_hd__nand2_2)
     3    0.014733    0.069230    0.083322    0.738440 ^ _0534_/Y (sky130_fd_sc_hd__nand2_2)
                                                         _0144_ (net)
                      0.069232    0.000467    0.738907 ^ _0535_/A (sky130_fd_sc_hd__inv_2)
     1    0.003566    0.018362    0.016738    0.755645 v _0535_/Y (sky130_fd_sc_hd__inv_2)
                                                         rd_ptr_bin_next_wm[3] (net)
                      0.018367    0.000236    0.755881 v _1242_/D (sky130_fd_sc_hd__dfrtp_2)
                                              0.755881   data arrival time

                                  0.000000    0.000000   clock rd_clk (rise edge)
                                  0.000000    0.000000   clock source latency
     1    0.014762    0.000000    0.000000    0.000000 ^ rd_clk (in)
                                                         rd_clk (net)
                      0.001946    0.000973    0.000973 ^ clkbuf_0_rd_clk/A (sky130_fd_sc_hd__clkbuf_16)
     4    0.039585    0.044672    0.088119    0.089092 ^ clkbuf_0_rd_clk/X (sky130_fd_sc_hd__clkbuf_16)
                                                         clknet_0_rd_clk (net)
                      0.044893    0.002189    0.091281 ^ clkbuf_2_2__f_rd_clk/A (sky130_fd_sc_hd__clkbuf_16)
     8    0.032878    0.040103    0.096580    0.187861 ^ clkbuf_2_2__f_rd_clk/X (sky130_fd_sc_hd__clkbuf_16)
                                                         clknet_2_2__leaf_rd_clk (net)
                      0.040262    0.002013    0.189875 ^ _1242_/CLK (sky130_fd_sc_hd__dfrtp_2)
                                  0.100000    0.289875   clock uncertainty
                                  0.000000    0.289875   clock reconvergence pessimism
                                 -0.024482    0.265392   library hold time
                                              0.265392   data required time
---------------------------------------------------------------------------------------------
                                              0.265392   data required time
                                             -0.755881   data arrival time
---------------------------------------------------------------------------------------------
                                              0.490488   slack (MET)


Startpoint: _1232_ (rising edge-triggered flip-flop clocked by wr_clk)
Endpoint: _1226_ (rising edge-triggered flip-flop clocked by wr_clk)
Path Group: wr_clk
Path Type: min

Fanout         Cap        Slew       Delay        Time   Description
---------------------------------------------------------------------------------------------
                                  0.000000    0.000000   clock wr_clk (rise edge)
                                  0.000000    0.000000   clock source latency
     1    0.027351    0.000000    0.000000    0.000000 ^ wr_clk (in)
                                                         wr_clk (net)
                      0.002217    0.001109    0.001109 ^ clkbuf_0_wr_clk/A (sky130_fd_sc_hd__clkbuf_16)
    16    0.111526    0.098120    0.123922    0.125030 ^ clkbuf_0_wr_clk/X (sky130_fd_sc_hd__clkbuf_16)
                                                         clknet_0_wr_clk (net)
                      0.098336    0.003823    0.128854 ^ clkbuf_4_15_0_wr_clk/A (sky130_fd_sc_hd__clkbuf_8)
     2    0.019604    0.038072    0.105425    0.234279 ^ clkbuf_4_15_0_wr_clk/X (sky130_fd_sc_hd__clkbuf_8)
                                                         clknet_4_15_0_wr_clk (net)
                      0.038142    0.001431    0.235710 ^ clkbuf_5_30__f_wr_clk/A (sky130_fd_sc_hd__clkbuf_16)
     5    0.013833    0.027101    0.082187    0.317897 ^ clkbuf_5_30__f_wr_clk/X (sky130_fd_sc_hd__clkbuf_16)
                                                         clknet_5_30__leaf_wr_clk (net)
                      0.027103    0.000761    0.318659 ^ _1232_/CLK (sky130_fd_sc_hd__dfrtp_2)
     1    0.002734    0.025528    0.204378    0.523037 ^ _1232_/Q (sky130_fd_sc_hd__dfrtp_2)
                                                         u_fifomem.wr_addr[3] (net)
                      0.025528    0.000195    0.523231 ^ fanout66/A (sky130_fd_sc_hd__clkdlybuf4s25_1)
     4    0.027315    0.208636    0.280448    0.803680 ^ fanout66/X (sky130_fd_sc_hd__clkdlybuf4s25_1)
                                                         net66 (net)
                      0.208648    0.001717    0.805396 ^ _0568_/A (sky130_fd_sc_hd__xnor2_2)
     2    0.012149    0.045847    0.072872    0.878268 v _0568_/Y (sky130_fd_sc_hd__xnor2_2)
                                                         u_wr_ptr_full.wr_ptr_gray_next[2] (net)
                      0.045855    0.000623    0.878891 v _1226_/D (sky130_fd_sc_hd__dfrtp_2)
                                              0.878891   data arrival time

                                  0.000000    0.000000   clock wr_clk (rise edge)
                                  0.000000    0.000000   clock source latency
     1    0.027351    0.000000    0.000000    0.000000 ^ wr_clk (in)
                                                         wr_clk (net)
                      0.002217    0.001109    0.001109 ^ clkbuf_0_wr_clk/A (sky130_fd_sc_hd__clkbuf_16)
    16    0.111526    0.098120    0.123922    0.125030 ^ clkbuf_0_wr_clk/X (sky130_fd_sc_hd__clkbuf_16)
                                                         clknet_0_wr_clk (net)
                      0.098336    0.003823    0.128854 ^ clkbuf_4_15_0_wr_clk/A (sky130_fd_sc_hd__clkbuf_8)
     2    0.019604    0.038072    0.105425    0.234279 ^ clkbuf_4_15_0_wr_clk/X (sky130_fd_sc_hd__clkbuf_8)
                                                         clknet_4_15_0_wr_clk (net)
                      0.038246    0.001834    0.236113 ^ clkbuf_5_31__f_wr_clk/A (sky130_fd_sc_hd__clkbuf_16)
     5    0.015130    0.027981    0.083030    0.319143 ^ clkbuf_5_31__f_wr_clk/X (sky130_fd_sc_hd__clkbuf_16)
                                                         clknet_5_31__leaf_wr_clk (net)
                      0.027995    0.001078    0.320221 ^ _1226_/CLK (sky130_fd_sc_hd__dfrtp_2)
                                  0.100000    0.420221   clock uncertainty
                                  0.000000    0.420221   clock reconvergence pessimism
                                 -0.034521    0.385700   library hold time
                                              0.385700   data required time
---------------------------------------------------------------------------------------------
                                              0.385700   data required time
                                             -0.878891   data arrival time
---------------------------------------------------------------------------------------------
                                              0.493191   slack (MET)


Startpoint: _1228_ (rising edge-triggered flip-flop clocked by wr_clk)
Endpoint: _1231_ (rising edge-triggered flip-flop clocked by wr_clk)
Path Group: wr_clk
Path Type: min

Fanout         Cap        Slew       Delay        Time   Description
---------------------------------------------------------------------------------------------
                                  0.000000    0.000000   clock wr_clk (rise edge)
                                  0.000000    0.000000   clock source latency
     1    0.027351    0.000000    0.000000    0.000000 ^ wr_clk (in)
                                                         wr_clk (net)
                      0.002217    0.001109    0.001109 ^ clkbuf_0_wr_clk/A (sky130_fd_sc_hd__clkbuf_16)
    16    0.111526    0.098120    0.123922    0.125030 ^ clkbuf_0_wr_clk/X (sky130_fd_sc_hd__clkbuf_16)
                                                         clknet_0_wr_clk (net)
                      0.098338    0.003842    0.128872 ^ clkbuf_4_14_0_wr_clk/A (sky130_fd_sc_hd__clkbuf_8)
     2    0.019680    0.038125    0.105682    0.234554 ^ clkbuf_4_14_0_wr_clk/X (sky130_fd_sc_hd__clkbuf_8)
                                                         clknet_4_14_0_wr_clk (net)
                      0.038183    0.001290    0.235844 ^ clkbuf_5_29__f_wr_clk/A (sky130_fd_sc_hd__clkbuf_16)
     5    0.015367    0.028136    0.083186    0.319029 ^ clkbuf_5_29__f_wr_clk/X (sky130_fd_sc_hd__clkbuf_16)
                                                         clknet_5_29__leaf_wr_clk (net)
                      0.028145    0.000889    0.319918 ^ _1228_/CLK (sky130_fd_sc_hd__dfrtp_2)
     3    0.015768    0.050833    0.267167    0.587085 v _1228_/Q (sky130_fd_sc_hd__dfrtp_2)
                                                         net24 (net)
                      0.050840    0.000941    0.588027 v _0537_/A_N (sky130_fd_sc_hd__and3b_2)
     1    0.005711    0.037283    0.150338    0.738365 ^ _0537_/X (sky130_fd_sc_hd__and3b_2)
                                                         _0145_ (net)
                      0.037298    0.000418    0.738782 ^ _0538_/A (sky130_fd_sc_hd__buf_6)
     6    0.044922    0.072619    0.096486    0.835268 ^ _0538_/X (sky130_fd_sc_hd__buf_6)
                                                         _0146_ (net)
                      0.072804    0.002953    0.838222 ^ _0544_/A1 (sky130_fd_sc_hd__a21oi_4)
     5    0.022212    0.046234    0.050426    0.888648 v _0544_/Y (sky130_fd_sc_hd__a21oi_4)
                                                         u_wr_ptr_full.wr_ptr_bin_next[2] (net)
                      0.046272    0.000988    0.889635 v _1231_/D (sky130_fd_sc_hd__dfrtp_2)
                                              0.889635   data arrival time

                                  0.000000    0.000000   clock wr_clk (rise edge)
                                  0.000000    0.000000   clock source latency
     1    0.027351    0.000000    0.000000    0.000000 ^ wr_clk (in)
                                                         wr_clk (net)
                      0.002217    0.001109    0.001109 ^ clkbuf_0_wr_clk/A (sky130_fd_sc_hd__clkbuf_16)
    16    0.111526    0.098120    0.123922    0.125030 ^ clkbuf_0_wr_clk/X (sky130_fd_sc_hd__clkbuf_16)
                                                         clknet_0_wr_clk (net)
                      0.098338    0.003842    0.128872 ^ clkbuf_4_14_0_wr_clk/A (sky130_fd_sc_hd__clkbuf_8)
     2    0.019680    0.038125    0.105682    0.234554 ^ clkbuf_4_14_0_wr_clk/X (sky130_fd_sc_hd__clkbuf_8)
                                                         clknet_4_14_0_wr_clk (net)
                      0.038176    0.001218    0.235772 ^ clkbuf_5_28__f_wr_clk/A (sky130_fd_sc_hd__clkbuf_16)
     5    0.023306    0.033331    0.088619    0.324391 ^ clkbuf_5_28__f_wr_clk/X (sky130_fd_sc_hd__clkbuf_16)
                                                         clknet_5_28__leaf_wr_clk (net)
                      0.033388    0.000879    0.325270 ^ _1231_/CLK (sky130_fd_sc_hd__dfrtp_2)
                                  0.100000    0.425270   clock uncertainty
                                  0.000000    0.425270   clock reconvergence pessimism
                                 -0.034111    0.391159   library hold time
                                              0.391159   data required time
---------------------------------------------------------------------------------------------
                                              0.391159   data required time
                                             -0.889635   data arrival time
---------------------------------------------------------------------------------------------
                                              0.498477   slack (MET)


Startpoint: _1238_ (rising edge-triggered flip-flop clocked by rd_clk)
Endpoint: _1235_ (rising edge-triggered flip-flop clocked by rd_clk)
Path Group: rd_clk
Path Type: min

Fanout         Cap        Slew       Delay        Time   Description
---------------------------------------------------------------------------------------------
                                  0.000000    0.000000   clock rd_clk (rise edge)
                                  0.000000    0.000000   clock source latency
     1    0.014762    0.000000    0.000000    0.000000 ^ rd_clk (in)
                                                         rd_clk (net)
                      0.001946    0.000973    0.000973 ^ clkbuf_0_rd_clk/A (sky130_fd_sc_hd__clkbuf_16)
     4    0.039585    0.044672    0.088119    0.089092 ^ clkbuf_0_rd_clk/X (sky130_fd_sc_hd__clkbuf_16)
                                                         clknet_0_rd_clk (net)
                      0.044861    0.001963    0.091055 ^ clkbuf_2_1__f_rd_clk/A (sky130_fd_sc_hd__clkbuf_16)
     7    0.021526    0.032227    0.089221    0.180276 ^ clkbuf_2_1__f_rd_clk/X (sky130_fd_sc_hd__clkbuf_16)
                                                         clknet_2_1__leaf_rd_clk (net)
                      0.032260    0.000954    0.181230 ^ _1238_/CLK (sky130_fd_sc_hd__dfstp_2)
     5    0.025303    0.047649    0.252127    0.433357 v _1238_/Q (sky130_fd_sc_hd__dfstp_2)
                                                         net23 (net)
                      0.047896    0.002692    0.436049 v _0521_/A (sky130_fd_sc_hd__inv_2)
     4    0.017965    0.065222    0.070279    0.506328 ^ _0521_/Y (sky130_fd_sc_hd__inv_2)
                                                         _0133_ (net)
                      0.065223    0.000206    0.506534 ^ _0558_/A1 (sky130_fd_sc_hd__a311o_2)
     1    0.002746    0.025574    0.091855    0.598388 ^ _0558_/X (sky130_fd_sc_hd__a311o_2)
                                                         _0159_ (net)
                      0.025574    0.000177    0.598565 ^ _0560_/A (sky130_fd_sc_hd__and2_2)
     1    0.002404    0.023569    0.071833    0.670399 ^ _0560_/X (sky130_fd_sc_hd__and2_2)
                                                         _0161_ (net)
                      0.023569    0.000164    0.670563 ^ _0561_/A (sky130_fd_sc_hd__buf_2)
     3    0.016292    0.064088    0.090673    0.761236 ^ _0561_/X (sky130_fd_sc_hd__buf_2)
                                                         u_rd_ptr_empty.rd_ptr_gray_next[1] (net)
                      0.064122    0.000603    0.761839 ^ _1235_/D (sky130_fd_sc_hd__dfrtp_2)
                                              0.761839   data arrival time

                                  0.000000    0.000000   clock rd_clk (rise edge)
                                  0.000000    0.000000   clock source latency
     1    0.014762    0.000000    0.000000    0.000000 ^ rd_clk (in)
                                                         rd_clk (net)
                      0.001946    0.000973    0.000973 ^ clkbuf_0_rd_clk/A (sky130_fd_sc_hd__clkbuf_16)
     4    0.039585    0.044672    0.088119    0.089092 ^ clkbuf_0_rd_clk/X (sky130_fd_sc_hd__clkbuf_16)
                                                         clknet_0_rd_clk (net)
                      0.044856    0.001921    0.091013 ^ clkbuf_2_0__f_rd_clk/A (sky130_fd_sc_hd__clkbuf_16)
     8    0.023131    0.033281    0.090223    0.181236 ^ clkbuf_2_0__f_rd_clk/X (sky130_fd_sc_hd__clkbuf_16)
                                                         clknet_2_0__leaf_rd_clk (net)
                      0.033430    0.001536    0.182772 ^ _1235_/CLK (sky130_fd_sc_hd__dfrtp_2)
                                  0.100000    0.282772   clock uncertainty
                                  0.000000    0.282772   clock reconvergence pessimism
                                 -0.022103    0.260669   library hold time
                                              0.260669   data required time
---------------------------------------------------------------------------------------------
                                              0.260669   data required time
                                             -0.761839   data arrival time
---------------------------------------------------------------------------------------------
                                              0.501171   slack (MET)


Startpoint: _1201_ (rising edge-triggered flip-flop clocked by wr_clk)
Endpoint: _1226_ (removal check against rising-edge clock wr_clk)
Path Group: asynchronous
Path Type: min

Fanout         Cap        Slew       Delay        Time   Description
---------------------------------------------------------------------------------------------
                                  0.000000    0.000000   clock wr_clk (rise edge)
                                  0.000000    0.000000   clock source latency
     1    0.027351    0.000000    0.000000    0.000000 ^ wr_clk (in)
                                                         wr_clk (net)
                      0.002217    0.001109    0.001109 ^ clkbuf_0_wr_clk/A (sky130_fd_sc_hd__clkbuf_16)
    16    0.111526    0.098120    0.123922    0.125030 ^ clkbuf_0_wr_clk/X (sky130_fd_sc_hd__clkbuf_16)
                                                         clknet_0_wr_clk (net)
                      0.098550    0.005286    0.130316 ^ clkbuf_4_10_0_wr_clk/A (sky130_fd_sc_hd__clkbuf_8)
     2    0.019905    0.038266    0.106055    0.236371 ^ clkbuf_4_10_0_wr_clk/X (sky130_fd_sc_hd__clkbuf_8)
                                                         clknet_4_10_0_wr_clk (net)
                      0.038308    0.001108    0.237479 ^ clkbuf_5_21__f_wr_clk/A (sky130_fd_sc_hd__clkbuf_16)
     6    0.021161    0.031945    0.086860    0.324339 ^ clkbuf_5_21__f_wr_clk/X (sky130_fd_sc_hd__clkbuf_16)
                                                         clknet_5_21__leaf_wr_clk (net)
                      0.032163    0.002195    0.326534 ^ _1201_/CLK (sky130_fd_sc_hd__dfrtp_2)
     1    0.003589    0.028335    0.209180    0.535715 ^ _1201_/Q (sky130_fd_sc_hd__dfrtp_2)
                                                         u_wr_reset_sync.sync_ff2 (net)
                      0.028335    0.000240    0.535954 ^ fanout80/A (sky130_fd_sc_hd__clkdlybuf4s25_1)
     7    0.042237    0.318350    0.355474    0.891428 ^ fanout80/X (sky130_fd_sc_hd__clkdlybuf4s25_1)
                                                         net80 (net)
                      0.318357    0.001273    0.892701 ^ fanout79/A (sky130_fd_sc_hd__clkdlybuf4s25_1)
     5    0.025213    0.193355    0.305769    1.198470 ^ fanout79/X (sky130_fd_sc_hd__clkdlybuf4s25_1)
                                                         net79 (net)
                      0.193379    0.002246    1.200716 ^ _1226_/RESET_B (sky130_fd_sc_hd__dfrtp_2)
                                              1.200716   data arrival time

                                  0.000000    0.000000   clock wr_clk (rise edge)
                                  0.000000    0.000000   clock source latency
     1    0.027351    0.000000    0.000000    0.000000 ^ wr_clk (in)
                                                         wr_clk (net)
                      0.002217    0.001109    0.001109 ^ clkbuf_0_wr_clk/A (sky130_fd_sc_hd__clkbuf_16)
    16    0.111526    0.098120    0.123922    0.125030 ^ clkbuf_0_wr_clk/X (sky130_fd_sc_hd__clkbuf_16)
                                                         clknet_0_wr_clk (net)
                      0.098336    0.003823    0.128854 ^ clkbuf_4_15_0_wr_clk/A (sky130_fd_sc_hd__clkbuf_8)
     2    0.019604    0.038072    0.105425    0.234279 ^ clkbuf_4_15_0_wr_clk/X (sky130_fd_sc_hd__clkbuf_8)
                                                         clknet_4_15_0_wr_clk (net)
                      0.038246    0.001834    0.236113 ^ clkbuf_5_31__f_wr_clk/A (sky130_fd_sc_hd__clkbuf_16)
     5    0.015130    0.027981    0.083030    0.319143 ^ clkbuf_5_31__f_wr_clk/X (sky130_fd_sc_hd__clkbuf_16)
                                                         clknet_5_31__leaf_wr_clk (net)
                      0.027995    0.001078    0.320221 ^ _1226_/CLK (sky130_fd_sc_hd__dfrtp_2)
                                  0.100000    0.420221   clock uncertainty
                                  0.000000    0.420221   clock reconvergence pessimism
                                  0.238948    0.659169   library removal time
                                              0.659169   data required time
---------------------------------------------------------------------------------------------
                                              0.659169   data required time
                                             -1.200716   data arrival time
---------------------------------------------------------------------------------------------
                                              0.541547   slack (MET)


Startpoint: _1201_ (rising edge-triggered flip-flop clocked by wr_clk)
Endpoint: _1233_ (removal check against rising-edge clock wr_clk)
Path Group: asynchronous
Path Type: min

Fanout         Cap        Slew       Delay        Time   Description
---------------------------------------------------------------------------------------------
                                  0.000000    0.000000   clock wr_clk (rise edge)
                                  0.000000    0.000000   clock source latency
     1    0.027351    0.000000    0.000000    0.000000 ^ wr_clk (in)
                                                         wr_clk (net)
                      0.002217    0.001109    0.001109 ^ clkbuf_0_wr_clk/A (sky130_fd_sc_hd__clkbuf_16)
    16    0.111526    0.098120    0.123922    0.125030 ^ clkbuf_0_wr_clk/X (sky130_fd_sc_hd__clkbuf_16)
                                                         clknet_0_wr_clk (net)
                      0.098550    0.005286    0.130316 ^ clkbuf_4_10_0_wr_clk/A (sky130_fd_sc_hd__clkbuf_8)
     2    0.019905    0.038266    0.106055    0.236371 ^ clkbuf_4_10_0_wr_clk/X (sky130_fd_sc_hd__clkbuf_8)
                                                         clknet_4_10_0_wr_clk (net)
                      0.038308    0.001108    0.237479 ^ clkbuf_5_21__f_wr_clk/A (sky130_fd_sc_hd__clkbuf_16)
     6    0.021161    0.031945    0.086860    0.324339 ^ clkbuf_5_21__f_wr_clk/X (sky130_fd_sc_hd__clkbuf_16)
                                                         clknet_5_21__leaf_wr_clk (net)
                      0.032163    0.002195    0.326534 ^ _1201_/CLK (sky130_fd_sc_hd__dfrtp_2)
     1    0.003589    0.028335    0.209180    0.535715 ^ _1201_/Q (sky130_fd_sc_hd__dfrtp_2)
                                                         u_wr_reset_sync.sync_ff2 (net)
                      0.028335    0.000240    0.535954 ^ fanout80/A (sky130_fd_sc_hd__clkdlybuf4s25_1)
     7    0.042237    0.318350    0.355474    0.891428 ^ fanout80/X (sky130_fd_sc_hd__clkdlybuf4s25_1)
                                                         net80 (net)
                      0.318357    0.001273    0.892701 ^ fanout79/A (sky130_fd_sc_hd__clkdlybuf4s25_1)
     5    0.025213    0.193355    0.305769    1.198470 ^ fanout79/X (sky130_fd_sc_hd__clkdlybuf4s25_1)
                                                         net79 (net)
                      0.193384    0.002395    1.200865 ^ _1233_/RESET_B (sky130_fd_sc_hd__dfrtp_2)
                                              1.200865   data arrival time

                                  0.000000    0.000000   clock wr_clk (rise edge)
                                  0.000000    0.000000   clock source latency
     1    0.027351    0.000000    0.000000    0.000000 ^ wr_clk (in)
                                                         wr_clk (net)
                      0.002217    0.001109    0.001109 ^ clkbuf_0_wr_clk/A (sky130_fd_sc_hd__clkbuf_16)
    16    0.111526    0.098120    0.123922    0.125030 ^ clkbuf_0_wr_clk/X (sky130_fd_sc_hd__clkbuf_16)
                                                         clknet_0_wr_clk (net)
                      0.098336    0.003823    0.128854 ^ clkbuf_4_15_0_wr_clk/A (sky130_fd_sc_hd__clkbuf_8)
     2    0.019604    0.038072    0.105425    0.234279 ^ clkbuf_4_15_0_wr_clk/X (sky130_fd_sc_hd__clkbuf_8)
                                                         clknet_4_15_0_wr_clk (net)
                      0.038246    0.001834    0.236113 ^ clkbuf_5_31__f_wr_clk/A (sky130_fd_sc_hd__clkbuf_16)
     5    0.015130    0.027981    0.083030    0.319143 ^ clkbuf_5_31__f_wr_clk/X (sky130_fd_sc_hd__clkbuf_16)
                                                         clknet_5_31__leaf_wr_clk (net)
                      0.027992    0.000954    0.320097 ^ _1233_/CLK (sky130_fd_sc_hd__dfrtp_2)
                                  0.100000    0.420097   clock uncertainty
                                  0.000000    0.420097   clock reconvergence pessimism
                                  0.238949    0.659045   library removal time
                                              0.659045   data required time
---------------------------------------------------------------------------------------------
                                              0.659045   data required time
                                             -1.200865   data arrival time
---------------------------------------------------------------------------------------------
                                              0.541820   slack (MET)


Startpoint: _1201_ (rising edge-triggered flip-flop clocked by wr_clk)
Endpoint: _1232_ (removal check against rising-edge clock wr_clk)
Path Group: asynchronous
Path Type: min

Fanout         Cap        Slew       Delay        Time   Description
---------------------------------------------------------------------------------------------
                                  0.000000    0.000000   clock wr_clk (rise edge)
                                  0.000000    0.000000   clock source latency
     1    0.027351    0.000000    0.000000    0.000000 ^ wr_clk (in)
                                                         wr_clk (net)
                      0.002217    0.001109    0.001109 ^ clkbuf_0_wr_clk/A (sky130_fd_sc_hd__clkbuf_16)
    16    0.111526    0.098120    0.123922    0.125030 ^ clkbuf_0_wr_clk/X (sky130_fd_sc_hd__clkbuf_16)
                                                         clknet_0_wr_clk (net)
                      0.098550    0.005286    0.130316 ^ clkbuf_4_10_0_wr_clk/A (sky130_fd_sc_hd__clkbuf_8)
     2    0.019905    0.038266    0.106055    0.236371 ^ clkbuf_4_10_0_wr_clk/X (sky130_fd_sc_hd__clkbuf_8)
                                                         clknet_4_10_0_wr_clk (net)
                      0.038308    0.001108    0.237479 ^ clkbuf_5_21__f_wr_clk/A (sky130_fd_sc_hd__clkbuf_16)
     6    0.021161    0.031945    0.086860    0.324339 ^ clkbuf_5_21__f_wr_clk/X (sky130_fd_sc_hd__clkbuf_16)
                                                         clknet_5_21__leaf_wr_clk (net)
                      0.032163    0.002195    0.326534 ^ _1201_/CLK (sky130_fd_sc_hd__dfrtp_2)
     1    0.003589    0.028335    0.209180    0.535715 ^ _1201_/Q (sky130_fd_sc_hd__dfrtp_2)
                                                         u_wr_reset_sync.sync_ff2 (net)
                      0.028335    0.000240    0.535954 ^ fanout80/A (sky130_fd_sc_hd__clkdlybuf4s25_1)
     7    0.042237    0.318350    0.355474    0.891428 ^ fanout80/X (sky130_fd_sc_hd__clkdlybuf4s25_1)
                                                         net80 (net)
                      0.318357    0.001273    0.892701 ^ fanout79/A (sky130_fd_sc_hd__clkdlybuf4s25_1)
     5    0.025213    0.193355    0.305769    1.198470 ^ fanout79/X (sky130_fd_sc_hd__clkdlybuf4s25_1)
                                                         net79 (net)
                      0.193380    0.002255    1.200725 ^ _1232_/RESET_B (sky130_fd_sc_hd__dfrtp_2)
                                              1.200725   data arrival time

                                  0.000000    0.000000   clock wr_clk (rise edge)
                                  0.000000    0.000000   clock source latency
     1    0.027351    0.000000    0.000000    0.000000 ^ wr_clk (in)
                                                         wr_clk (net)
                      0.002217    0.001109    0.001109 ^ clkbuf_0_wr_clk/A (sky130_fd_sc_hd__clkbuf_16)
    16    0.111526    0.098120    0.123922    0.125030 ^ clkbuf_0_wr_clk/X (sky130_fd_sc_hd__clkbuf_16)
                                                         clknet_0_wr_clk (net)
                      0.098336    0.003823    0.128854 ^ clkbuf_4_15_0_wr_clk/A (sky130_fd_sc_hd__clkbuf_8)
     2    0.019604    0.038072    0.105425    0.234279 ^ clkbuf_4_15_0_wr_clk/X (sky130_fd_sc_hd__clkbuf_8)
                                                         clknet_4_15_0_wr_clk (net)
                      0.038142    0.001431    0.235710 ^ clkbuf_5_30__f_wr_clk/A (sky130_fd_sc_hd__clkbuf_16)
     5    0.013833    0.027101    0.082187    0.317897 ^ clkbuf_5_30__f_wr_clk/X (sky130_fd_sc_hd__clkbuf_16)
                                                         clknet_5_30__leaf_wr_clk (net)
                      0.027103    0.000761    0.318659 ^ _1232_/CLK (sky130_fd_sc_hd__dfrtp_2)
                                  0.100000    0.418659   clock uncertainty
                                  0.000000    0.418659   clock reconvergence pessimism
                                  0.238827    0.657486   library removal time
                                              0.657486   data required time
---------------------------------------------------------------------------------------------
                                              0.657486   data required time
                                             -1.200725   data arrival time
---------------------------------------------------------------------------------------------
                                              0.543239   slack (MET)


Startpoint: _1203_ (rising edge-triggered flip-flop clocked by rd_clk)
Endpoint: _1242_ (removal check against rising-edge clock rd_clk)
Path Group: asynchronous
Path Type: min

Fanout         Cap        Slew       Delay        Time   Description
---------------------------------------------------------------------------------------------
                                  0.000000    0.000000   clock rd_clk (rise edge)
                                  0.000000    0.000000   clock source latency
     1    0.014762    0.000000    0.000000    0.000000 ^ rd_clk (in)
                                                         rd_clk (net)
                      0.001946    0.000973    0.000973 ^ clkbuf_0_rd_clk/A (sky130_fd_sc_hd__clkbuf_16)
     4    0.039585    0.044672    0.088119    0.089092 ^ clkbuf_0_rd_clk/X (sky130_fd_sc_hd__clkbuf_16)
                                                         clknet_0_rd_clk (net)
                      0.044890    0.002168    0.091260 ^ clkbuf_2_3__f_rd_clk/A (sky130_fd_sc_hd__clkbuf_16)
     7    0.028137    0.036922    0.093564    0.184824 ^ clkbuf_2_3__f_rd_clk/X (sky130_fd_sc_hd__clkbuf_16)
                                                         clknet_2_3__leaf_rd_clk (net)
                      0.037003    0.001470    0.186294 ^ _1203_/CLK (sky130_fd_sc_hd__dfrtp_2)
     2    0.008898    0.045080    0.227057    0.413351 ^ _1203_/Q (sky130_fd_sc_hd__dfrtp_2)
                                                         u_rd_reset_sync.sync_ff2 (net)
                      0.045082    0.000343    0.413694 ^ fanout76/A (sky130_fd_sc_hd__clkdlybuf4s25_1)
     8    0.044067    0.331085    0.371331    0.785025 ^ fanout76/X (sky130_fd_sc_hd__clkdlybuf4s25_1)
                                                         net76 (net)
                      0.331190    0.001784    0.786809 ^ fanout75/A (sky130_fd_sc_hd__clkdlybuf4s25_1)
     6    0.029619    0.224992    0.327565    1.114374 ^ fanout75/X (sky130_fd_sc_hd__clkdlybuf4s25_1)
                                                         net75 (net)
                      0.225032    0.002980    1.117353 ^ _1242_/RESET_B (sky130_fd_sc_hd__dfrtp_2)
                                              1.117353   data arrival time

                                  0.000000    0.000000   clock rd_clk (rise edge)
                                  0.000000    0.000000   clock source latency
     1    0.014762    0.000000    0.000000    0.000000 ^ rd_clk (in)
                                                         rd_clk (net)
                      0.001946    0.000973    0.000973 ^ clkbuf_0_rd_clk/A (sky130_fd_sc_hd__clkbuf_16)
     4    0.039585    0.044672    0.088119    0.089092 ^ clkbuf_0_rd_clk/X (sky130_fd_sc_hd__clkbuf_16)
                                                         clknet_0_rd_clk (net)
                      0.044893    0.002189    0.091281 ^ clkbuf_2_2__f_rd_clk/A (sky130_fd_sc_hd__clkbuf_16)
     8    0.032878    0.040103    0.096580    0.187861 ^ clkbuf_2_2__f_rd_clk/X (sky130_fd_sc_hd__clkbuf_16)
                                                         clknet_2_2__leaf_rd_clk (net)
                      0.040262    0.002013    0.189875 ^ _1242_/CLK (sky130_fd_sc_hd__dfrtp_2)
                                  0.100000    0.289875   clock uncertainty
                                  0.000000    0.289875   clock reconvergence pessimism
                                  0.248836    0.538710   library removal time
                                              0.538710   data required time
---------------------------------------------------------------------------------------------
                                              0.538710   data required time
                                             -1.117353   data arrival time
---------------------------------------------------------------------------------------------
                                              0.578643   slack (MET)


Startpoint: _1203_ (rising edge-triggered flip-flop clocked by rd_clk)
Endpoint: _1209_ (removal check against rising-edge clock rd_clk)
Path Group: asynchronous
Path Type: min

Fanout         Cap        Slew       Delay        Time   Description
---------------------------------------------------------------------------------------------
                                  0.000000    0.000000   clock rd_clk (rise edge)
                                  0.000000    0.000000   clock source latency
     1    0.014762    0.000000    0.000000    0.000000 ^ rd_clk (in)
                                                         rd_clk (net)
                      0.001946    0.000973    0.000973 ^ clkbuf_0_rd_clk/A (sky130_fd_sc_hd__clkbuf_16)
     4    0.039585    0.044672    0.088119    0.089092 ^ clkbuf_0_rd_clk/X (sky130_fd_sc_hd__clkbuf_16)
                                                         clknet_0_rd_clk (net)
                      0.044890    0.002168    0.091260 ^ clkbuf_2_3__f_rd_clk/A (sky130_fd_sc_hd__clkbuf_16)
     7    0.028137    0.036922    0.093564    0.184824 ^ clkbuf_2_3__f_rd_clk/X (sky130_fd_sc_hd__clkbuf_16)
                                                         clknet_2_3__leaf_rd_clk (net)
                      0.037003    0.001470    0.186294 ^ _1203_/CLK (sky130_fd_sc_hd__dfrtp_2)
     2    0.008898    0.045080    0.227057    0.413351 ^ _1203_/Q (sky130_fd_sc_hd__dfrtp_2)
                                                         u_rd_reset_sync.sync_ff2 (net)
                      0.045082    0.000343    0.413694 ^ fanout76/A (sky130_fd_sc_hd__clkdlybuf4s25_1)
     8    0.044067    0.331085    0.371331    0.785025 ^ fanout76/X (sky130_fd_sc_hd__clkdlybuf4s25_1)
                                                         net76 (net)
                      0.331190    0.001784    0.786809 ^ fanout75/A (sky130_fd_sc_hd__clkdlybuf4s25_1)
     6    0.029619    0.224992    0.327565    1.114374 ^ fanout75/X (sky130_fd_sc_hd__clkdlybuf4s25_1)
                                                         net75 (net)
                      0.225042    0.003273    1.117646 ^ _1209_/RESET_B (sky130_fd_sc_hd__dfrtp_2)
                                              1.117646   data arrival time

                                  0.000000    0.000000   clock rd_clk (rise edge)
                                  0.000000    0.000000   clock source latency
     1    0.014762    0.000000    0.000000    0.000000 ^ rd_clk (in)
                                                         rd_clk (net)
                      0.001946    0.000973    0.000973 ^ clkbuf_0_rd_clk/A (sky130_fd_sc_hd__clkbuf_16)
     4    0.039585    0.044672    0.088119    0.089092 ^ clkbuf_0_rd_clk/X (sky130_fd_sc_hd__clkbuf_16)
                                                         clknet_0_rd_clk (net)
                      0.044856    0.001921    0.091013 ^ clkbuf_2_0__f_rd_clk/A (sky130_fd_sc_hd__clkbuf_16)
     8    0.023131    0.033281    0.090223    0.181236 ^ clkbuf_2_0__f_rd_clk/X (sky130_fd_sc_hd__clkbuf_16)
                                                         clknet_2_0__leaf_rd_clk (net)
                      0.033379    0.001092    0.182328 ^ _1209_/CLK (sky130_fd_sc_hd__dfrtp_2)
                                  0.100000    0.282328   clock uncertainty
                                  0.000000    0.282328   clock reconvergence pessimism
                                  0.247909    0.530237   library removal time
                                              0.530237   data required time
---------------------------------------------------------------------------------------------
                                              0.530237   data required time
                                             -1.117646   data arrival time
---------------------------------------------------------------------------------------------
                                              0.587409   slack (MET)


Startpoint: _1203_ (rising edge-triggered flip-flop clocked by rd_clk)
Endpoint: _1204_ (removal check against rising-edge clock rd_clk)
Path Group: asynchronous
Path Type: min

Fanout         Cap        Slew       Delay        Time   Description
---------------------------------------------------------------------------------------------
                                  0.000000    0.000000   clock rd_clk (rise edge)
                                  0.000000    0.000000   clock source latency
     1    0.014762    0.000000    0.000000    0.000000 ^ rd_clk (in)
                                                         rd_clk (net)
                      0.001946    0.000973    0.000973 ^ clkbuf_0_rd_clk/A (sky130_fd_sc_hd__clkbuf_16)
     4    0.039585    0.044672    0.088119    0.089092 ^ clkbuf_0_rd_clk/X (sky130_fd_sc_hd__clkbuf_16)
                                                         clknet_0_rd_clk (net)
                      0.044890    0.002168    0.091260 ^ clkbuf_2_3__f_rd_clk/A (sky130_fd_sc_hd__clkbuf_16)
     7    0.028137    0.036922    0.093564    0.184824 ^ clkbuf_2_3__f_rd_clk/X (sky130_fd_sc_hd__clkbuf_16)
                                                         clknet_2_3__leaf_rd_clk (net)
                      0.037003    0.001470    0.186294 ^ _1203_/CLK (sky130_fd_sc_hd__dfrtp_2)
     2    0.008898    0.045080    0.227057    0.413351 ^ _1203_/Q (sky130_fd_sc_hd__dfrtp_2)
                                                         u_rd_reset_sync.sync_ff2 (net)
                      0.045082    0.000343    0.413694 ^ fanout76/A (sky130_fd_sc_hd__clkdlybuf4s25_1)
     8    0.044067    0.331085    0.371331    0.785025 ^ fanout76/X (sky130_fd_sc_hd__clkdlybuf4s25_1)
                                                         net76 (net)
                      0.331190    0.001784    0.786809 ^ fanout75/A (sky130_fd_sc_hd__clkdlybuf4s25_1)
     6    0.029619    0.224992    0.327565    1.114374 ^ fanout75/X (sky130_fd_sc_hd__clkdlybuf4s25_1)
                                                         net75 (net)
                      0.225152    0.003689    1.118063 ^ _1204_/RESET_B (sky130_fd_sc_hd__dfrtp_2)
                                              1.118063   data arrival time

                                  0.000000    0.000000   clock rd_clk (rise edge)
                                  0.000000    0.000000   clock source latency
     1    0.014762    0.000000    0.000000    0.000000 ^ rd_clk (in)
                                                         rd_clk (net)
                      0.001946    0.000973    0.000973 ^ clkbuf_0_rd_clk/A (sky130_fd_sc_hd__clkbuf_16)
     4    0.039585    0.044672    0.088119    0.089092 ^ clkbuf_0_rd_clk/X (sky130_fd_sc_hd__clkbuf_16)
                                                         clknet_0_rd_clk (net)
                      0.044856    0.001921    0.091013 ^ clkbuf_2_0__f_rd_clk/A (sky130_fd_sc_hd__clkbuf_16)
     8    0.023131    0.033281    0.090223    0.181236 ^ clkbuf_2_0__f_rd_clk/X (sky130_fd_sc_hd__clkbuf_16)
                                                         clknet_2_0__leaf_rd_clk (net)
                      0.033389    0.001188    0.182424 ^ _1204_/CLK (sky130_fd_sc_hd__dfrtp_2)
                                  0.100000    0.282424   clock uncertainty
                                  0.000000    0.282424   clock reconvergence pessimism
                                  0.247939    0.530363   library removal time
                                              0.530363   data required time
---------------------------------------------------------------------------------------------
                                              0.530363   data required time
                                             -1.118063   data arrival time
---------------------------------------------------------------------------------------------
                                              0.587700   slack (MET)


Startpoint: _1203_ (rising edge-triggered flip-flop clocked by rd_clk)
Endpoint: _1235_ (removal check against rising-edge clock rd_clk)
Path Group: asynchronous
Path Type: min

Fanout         Cap        Slew       Delay        Time   Description
---------------------------------------------------------------------------------------------
                                  0.000000    0.000000   clock rd_clk (rise edge)
                                  0.000000    0.000000   clock source latency
     1    0.014762    0.000000    0.000000    0.000000 ^ rd_clk (in)
                                                         rd_clk (net)
                      0.001946    0.000973    0.000973 ^ clkbuf_0_rd_clk/A (sky130_fd_sc_hd__clkbuf_16)
     4    0.039585    0.044672    0.088119    0.089092 ^ clkbuf_0_rd_clk/X (sky130_fd_sc_hd__clkbuf_16)
                                                         clknet_0_rd_clk (net)
                      0.044890    0.002168    0.091260 ^ clkbuf_2_3__f_rd_clk/A (sky130_fd_sc_hd__clkbuf_16)
     7    0.028137    0.036922    0.093564    0.184824 ^ clkbuf_2_3__f_rd_clk/X (sky130_fd_sc_hd__clkbuf_16)
                                                         clknet_2_3__leaf_rd_clk (net)
                      0.037003    0.001470    0.186294 ^ _1203_/CLK (sky130_fd_sc_hd__dfrtp_2)
     2    0.008898    0.045080    0.227057    0.413351 ^ _1203_/Q (sky130_fd_sc_hd__dfrtp_2)
                                                         u_rd_reset_sync.sync_ff2 (net)
                      0.045082    0.000343    0.413694 ^ fanout76/A (sky130_fd_sc_hd__clkdlybuf4s25_1)
     8    0.044067    0.331085    0.371331    0.785025 ^ fanout76/X (sky130_fd_sc_hd__clkdlybuf4s25_1)
                                                         net76 (net)
                      0.331190    0.001784    0.786809 ^ fanout75/A (sky130_fd_sc_hd__clkdlybuf4s25_1)
     6    0.029619    0.224992    0.327565    1.114374 ^ fanout75/X (sky130_fd_sc_hd__clkdlybuf4s25_1)
                                                         net75 (net)
                      0.225174    0.004116    1.118490 ^ _1235_/RESET_B (sky130_fd_sc_hd__dfrtp_2)
                                              1.118490   data arrival time

                                  0.000000    0.000000   clock rd_clk (rise edge)
                                  0.000000    0.000000   clock source latency
     1    0.014762    0.000000    0.000000    0.000000 ^ rd_clk (in)
                                                         rd_clk (net)
                      0.001946    0.000973    0.000973 ^ clkbuf_0_rd_clk/A (sky130_fd_sc_hd__clkbuf_16)
     4    0.039585    0.044672    0.088119    0.089092 ^ clkbuf_0_rd_clk/X (sky130_fd_sc_hd__clkbuf_16)
                                                         clknet_0_rd_clk (net)
                      0.044856    0.001921    0.091013 ^ clkbuf_2_0__f_rd_clk/A (sky130_fd_sc_hd__clkbuf_16)
     8    0.023131    0.033281    0.090223    0.181236 ^ clkbuf_2_0__f_rd_clk/X (sky130_fd_sc_hd__clkbuf_16)
                                                         clknet_2_0__leaf_rd_clk (net)
                      0.033430    0.001536    0.182772 ^ _1235_/CLK (sky130_fd_sc_hd__dfrtp_2)
                                  0.100000    0.282772   clock uncertainty
                                  0.000000    0.282772   clock reconvergence pessimism
                                  0.247951    0.530722   library removal time
                                              0.530722   data required time
---------------------------------------------------------------------------------------------
                                              0.530722   data required time
                                             -1.118490   data arrival time
---------------------------------------------------------------------------------------------
                                              0.587768   slack (MET)


Startpoint: _1203_ (rising edge-triggered flip-flop clocked by rd_clk)
Endpoint: _1234_ (removal check against rising-edge clock rd_clk)
Path Group: asynchronous
Path Type: min

Fanout         Cap        Slew       Delay        Time   Description
---------------------------------------------------------------------------------------------
                                  0.000000    0.000000   clock rd_clk (rise edge)
                                  0.000000    0.000000   clock source latency
     1    0.014762    0.000000    0.000000    0.000000 ^ rd_clk (in)
                                                         rd_clk (net)
                      0.001946    0.000973    0.000973 ^ clkbuf_0_rd_clk/A (sky130_fd_sc_hd__clkbuf_16)
     4    0.039585    0.044672    0.088119    0.089092 ^ clkbuf_0_rd_clk/X (sky130_fd_sc_hd__clkbuf_16)
                                                         clknet_0_rd_clk (net)
                      0.044890    0.002168    0.091260 ^ clkbuf_2_3__f_rd_clk/A (sky130_fd_sc_hd__clkbuf_16)
     7    0.028137    0.036922    0.093564    0.184824 ^ clkbuf_2_3__f_rd_clk/X (sky130_fd_sc_hd__clkbuf_16)
                                                         clknet_2_3__leaf_rd_clk (net)
                      0.037003    0.001470    0.186294 ^ _1203_/CLK (sky130_fd_sc_hd__dfrtp_2)
     2    0.008898    0.045080    0.227057    0.413351 ^ _1203_/Q (sky130_fd_sc_hd__dfrtp_2)
                                                         u_rd_reset_sync.sync_ff2 (net)
                      0.045082    0.000343    0.413694 ^ fanout76/A (sky130_fd_sc_hd__clkdlybuf4s25_1)
     8    0.044067    0.331085    0.371331    0.785025 ^ fanout76/X (sky130_fd_sc_hd__clkdlybuf4s25_1)
                                                         net76 (net)
                      0.331190    0.001784    0.786809 ^ fanout75/A (sky130_fd_sc_hd__clkdlybuf4s25_1)
     6    0.029619    0.224992    0.327565    1.114374 ^ fanout75/X (sky130_fd_sc_hd__clkdlybuf4s25_1)
                                                         net75 (net)
                      0.225167    0.003986    1.118360 ^ _1234_/RESET_B (sky130_fd_sc_hd__dfrtp_2)
                                              1.118360   data arrival time

                                  0.000000    0.000000   clock rd_clk (rise edge)
                                  0.000000    0.000000   clock source latency
     1    0.014762    0.000000    0.000000    0.000000 ^ rd_clk (in)
                                                         rd_clk (net)
                      0.001946    0.000973    0.000973 ^ clkbuf_0_rd_clk/A (sky130_fd_sc_hd__clkbuf_16)
     4    0.039585    0.044672    0.088119    0.089092 ^ clkbuf_0_rd_clk/X (sky130_fd_sc_hd__clkbuf_16)
                                                         clknet_0_rd_clk (net)
                      0.044856    0.001921    0.091013 ^ clkbuf_2_0__f_rd_clk/A (sky130_fd_sc_hd__clkbuf_16)
     8    0.023131    0.033281    0.090223    0.181236 ^ clkbuf_2_0__f_rd_clk/X (sky130_fd_sc_hd__clkbuf_16)
                                                         clknet_2_0__leaf_rd_clk (net)
                      0.033400    0.001283    0.182519 ^ _1234_/CLK (sky130_fd_sc_hd__dfrtp_2)
                                  0.100000    0.282519   clock uncertainty
                                  0.000000    0.282519   clock reconvergence pessimism
                                  0.247945    0.530463   library removal time
                                              0.530463   data required time
---------------------------------------------------------------------------------------------
                                              0.530463   data required time
                                             -1.118360   data arrival time
---------------------------------------------------------------------------------------------
                                              0.587897   slack (MET)


Startpoint: _1232_ (rising edge-triggered flip-flop clocked by wr_clk)
Endpoint: _1232_ (rising edge-triggered flip-flop clocked by wr_clk)
Path Group: wr_clk
Path Type: min

Fanout         Cap        Slew       Delay        Time   Description
---------------------------------------------------------------------------------------------
                                  0.000000    0.000000   clock wr_clk (rise edge)
                                  0.000000    0.000000   clock source latency
     1    0.027351    0.000000    0.000000    0.000000 ^ wr_clk (in)
                                                         wr_clk (net)
                      0.002217    0.001109    0.001109 ^ clkbuf_0_wr_clk/A (sky130_fd_sc_hd__clkbuf_16)
    16    0.111526    0.098120    0.123922    0.125030 ^ clkbuf_0_wr_clk/X (sky130_fd_sc_hd__clkbuf_16)
                                                         clknet_0_wr_clk (net)
                      0.098336    0.003823    0.128854 ^ clkbuf_4_15_0_wr_clk/A (sky130_fd_sc_hd__clkbuf_8)
     2    0.019604    0.038072    0.105425    0.234279 ^ clkbuf_4_15_0_wr_clk/X (sky130_fd_sc_hd__clkbuf_8)
                                                         clknet_4_15_0_wr_clk (net)
                      0.038142    0.001431    0.235710 ^ clkbuf_5_30__f_wr_clk/A (sky130_fd_sc_hd__clkbuf_16)
     5    0.013833    0.027101    0.082187    0.317897 ^ clkbuf_5_30__f_wr_clk/X (sky130_fd_sc_hd__clkbuf_16)
                                                         clknet_5_30__leaf_wr_clk (net)
                      0.027103    0.000761    0.318659 ^ _1232_/CLK (sky130_fd_sc_hd__dfrtp_2)
     1    0.002734    0.025528    0.204378    0.523037 ^ _1232_/Q (sky130_fd_sc_hd__dfrtp_2)
                                                         u_fifomem.wr_addr[3] (net)
                      0.025528    0.000195    0.523231 ^ fanout66/A (sky130_fd_sc_hd__clkdlybuf4s25_1)
     4    0.027315    0.208636    0.280448    0.803680 ^ fanout66/X (sky130_fd_sc_hd__clkdlybuf4s25_1)
                                                         net66 (net)
                      0.208647    0.001663    0.805343 ^ _0546_/B1 (sky130_fd_sc_hd__a31o_2)
     4    0.017480    0.080425    0.112856    0.918199 ^ _0546_/X (sky130_fd_sc_hd__a31o_2)
                                                         _0152_ (net)
                      0.080468    0.000828    0.919027 ^ _0547_/B (sky130_fd_sc_hd__and2_2)
     1    0.003839    0.028512    0.093229    1.012256 ^ _0547_/X (sky130_fd_sc_hd__and2_2)
                                                         _0153_ (net)
                      0.028513    0.000255    1.012512 ^ _0548_/A (sky130_fd_sc_hd__buf_1)
     2    0.006562    0.063553    0.073314    1.085826 ^ _0548_/X (sky130_fd_sc_hd__buf_1)
                                                         u_wr_ptr_full.wr_ptr_bin_next[3] (net)
                      0.063556    0.000368    1.086194 ^ _1232_/D (sky130_fd_sc_hd__dfrtp_2)
                                              1.086194   data arrival time

                                  0.000000    0.000000   clock wr_clk (rise edge)
                                  0.000000    0.000000   clock source latency
     1    0.027351    0.000000    0.000000    0.000000 ^ wr_clk (in)
                                                         wr_clk (net)
                      0.002217    0.001109    0.001109 ^ clkbuf_0_wr_clk/A (sky130_fd_sc_hd__clkbuf_16)
    16    0.111526    0.098120    0.123922    0.125030 ^ clkbuf_0_wr_clk/X (sky130_fd_sc_hd__clkbuf_16)
                                                         clknet_0_wr_clk (net)
                      0.098336    0.003823    0.128854 ^ clkbuf_4_15_0_wr_clk/A (sky130_fd_sc_hd__clkbuf_8)
     2    0.019604    0.038072    0.105425    0.234279 ^ clkbuf_4_15_0_wr_clk/X (sky130_fd_sc_hd__clkbuf_8)
                                                         clknet_4_15_0_wr_clk (net)
                      0.038142    0.001431    0.235710 ^ clkbuf_5_30__f_wr_clk/A (sky130_fd_sc_hd__clkbuf_16)
     5    0.013833    0.027101    0.082187    0.317897 ^ clkbuf_5_30__f_wr_clk/X (sky130_fd_sc_hd__clkbuf_16)
                                                         clknet_5_30__leaf_wr_clk (net)
                      0.027103    0.000761    0.318659 ^ _1232_/CLK (sky130_fd_sc_hd__dfrtp_2)
                                  0.100000    0.418659   clock uncertainty
                                  0.000000    0.418659   clock reconvergence pessimism
                                 -0.022231    0.396428   library hold time
                                              0.396428   data required time
---------------------------------------------------------------------------------------------
                                              0.396428   data required time
                                             -1.086194   data arrival time
---------------------------------------------------------------------------------------------
                                              0.689766   slack (MET)


Startpoint: _1201_ (rising edge-triggered flip-flop clocked by wr_clk)
Endpoint: _1225_ (removal check against rising-edge clock wr_clk)
Path Group: asynchronous
Path Type: min

Fanout         Cap        Slew       Delay        Time   Description
---------------------------------------------------------------------------------------------
                                  0.000000    0.000000   clock wr_clk (rise edge)
                                  0.000000    0.000000   clock source latency
     1    0.027351    0.000000    0.000000    0.000000 ^ wr_clk (in)
                                                         wr_clk (net)
                      0.002217    0.001109    0.001109 ^ clkbuf_0_wr_clk/A (sky130_fd_sc_hd__clkbuf_16)
    16    0.111526    0.098120    0.123922    0.125030 ^ clkbuf_0_wr_clk/X (sky130_fd_sc_hd__clkbuf_16)
                                                         clknet_0_wr_clk (net)
                      0.098550    0.005286    0.130316 ^ clkbuf_4_10_0_wr_clk/A (sky130_fd_sc_hd__clkbuf_8)
     2    0.019905    0.038266    0.106055    0.236371 ^ clkbuf_4_10_0_wr_clk/X (sky130_fd_sc_hd__clkbuf_8)
                                                         clknet_4_10_0_wr_clk (net)
                      0.038308    0.001108    0.237479 ^ clkbuf_5_21__f_wr_clk/A (sky130_fd_sc_hd__clkbuf_16)
     6    0.021161    0.031945    0.086860    0.324339 ^ clkbuf_5_21__f_wr_clk/X (sky130_fd_sc_hd__clkbuf_16)
                                                         clknet_5_21__leaf_wr_clk (net)
                      0.032163    0.002195    0.326534 ^ _1201_/CLK (sky130_fd_sc_hd__dfrtp_2)
     1    0.003589    0.028335    0.209180    0.535715 ^ _1201_/Q (sky130_fd_sc_hd__dfrtp_2)
                                                         u_wr_reset_sync.sync_ff2 (net)
                      0.028335    0.000240    0.535954 ^ fanout80/A (sky130_fd_sc_hd__clkdlybuf4s25_1)
     7    0.042237    0.318350    0.355474    0.891428 ^ fanout80/X (sky130_fd_sc_hd__clkdlybuf4s25_1)
                                                         net80 (net)
                      0.318357    0.001273    0.892701 ^ fanout79/A (sky130_fd_sc_hd__clkdlybuf4s25_1)
     5    0.025213    0.193355    0.305769    1.198470 ^ fanout79/X (sky130_fd_sc_hd__clkdlybuf4s25_1)
                                                         net79 (net)
                      0.193355    0.000769    1.199239 ^ fanout78/A (sky130_fd_sc_hd__clkdlybuf4s25_1)
     8    0.034940    0.264732    0.346558    1.545797 ^ fanout78/X (sky130_fd_sc_hd__clkdlybuf4s25_1)
                                                         net78 (net)
                      0.264858    0.002962    1.548759 ^ _1225_/RESET_B (sky130_fd_sc_hd__dfrtp_2)
                                              1.548759   data arrival time

                                  0.000000    0.000000   clock wr_clk (rise edge)
                                  0.000000    0.000000   clock source latency
     1    0.027351    0.000000    0.000000    0.000000 ^ wr_clk (in)
                                                         wr_clk (net)
                      0.002217    0.001109    0.001109 ^ clkbuf_0_wr_clk/A (sky130_fd_sc_hd__clkbuf_16)
    16    0.111526    0.098120    0.123922    0.125030 ^ clkbuf_0_wr_clk/X (sky130_fd_sc_hd__clkbuf_16)
                                                         clknet_0_wr_clk (net)
                      0.098338    0.003842    0.128872 ^ clkbuf_4_14_0_wr_clk/A (sky130_fd_sc_hd__clkbuf_8)
     2    0.019680    0.038125    0.105682    0.234554 ^ clkbuf_4_14_0_wr_clk/X (sky130_fd_sc_hd__clkbuf_8)
                                                         clknet_4_14_0_wr_clk (net)
                      0.038176    0.001218    0.235772 ^ clkbuf_5_28__f_wr_clk/A (sky130_fd_sc_hd__clkbuf_16)
     5    0.023306    0.033331    0.088619    0.324391 ^ clkbuf_5_28__f_wr_clk/X (sky130_fd_sc_hd__clkbuf_16)
                                                         clknet_5_28__leaf_wr_clk (net)
                      0.033346    0.000331    0.324722 ^ _1225_/CLK (sky130_fd_sc_hd__dfrtp_2)
                                  0.100000    0.424722   clock uncertainty
                                  0.000000    0.424722   clock reconvergence pessimism
                                  0.258257    0.682979   library removal time
                                              0.682979   data required time
---------------------------------------------------------------------------------------------
                                              0.682979   data required time
                                             -1.548759   data arrival time
---------------------------------------------------------------------------------------------
                                              0.865780   slack (MET)


Startpoint: _1201_ (rising edge-triggered flip-flop clocked by wr_clk)
Endpoint: _1223_ (removal check against rising-edge clock wr_clk)
Path Group: asynchronous
Path Type: min

Fanout         Cap        Slew       Delay        Time   Description
---------------------------------------------------------------------------------------------
                                  0.000000    0.000000   clock wr_clk (rise edge)
                                  0.000000    0.000000   clock source latency
     1    0.027351    0.000000    0.000000    0.000000 ^ wr_clk (in)
                                                         wr_clk (net)
                      0.002217    0.001109    0.001109 ^ clkbuf_0_wr_clk/A (sky130_fd_sc_hd__clkbuf_16)
    16    0.111526    0.098120    0.123922    0.125030 ^ clkbuf_0_wr_clk/X (sky130_fd_sc_hd__clkbuf_16)
                                                         clknet_0_wr_clk (net)
                      0.098550    0.005286    0.130316 ^ clkbuf_4_10_0_wr_clk/A (sky130_fd_sc_hd__clkbuf_8)
     2    0.019905    0.038266    0.106055    0.236371 ^ clkbuf_4_10_0_wr_clk/X (sky130_fd_sc_hd__clkbuf_8)
                                                         clknet_4_10_0_wr_clk (net)
                      0.038308    0.001108    0.237479 ^ clkbuf_5_21__f_wr_clk/A (sky130_fd_sc_hd__clkbuf_16)
     6    0.021161    0.031945    0.086860    0.324339 ^ clkbuf_5_21__f_wr_clk/X (sky130_fd_sc_hd__clkbuf_16)
                                                         clknet_5_21__leaf_wr_clk (net)
                      0.032163    0.002195    0.326534 ^ _1201_/CLK (sky130_fd_sc_hd__dfrtp_2)
     1    0.003589    0.028335    0.209180    0.535715 ^ _1201_/Q (sky130_fd_sc_hd__dfrtp_2)
                                                         u_wr_reset_sync.sync_ff2 (net)
                      0.028335    0.000240    0.535954 ^ fanout80/A (sky130_fd_sc_hd__clkdlybuf4s25_1)
     7    0.042237    0.318350    0.355474    0.891428 ^ fanout80/X (sky130_fd_sc_hd__clkdlybuf4s25_1)
                                                         net80 (net)
                      0.318357    0.001273    0.892701 ^ fanout79/A (sky130_fd_sc_hd__clkdlybuf4s25_1)
     5    0.025213    0.193355    0.305769    1.198470 ^ fanout79/X (sky130_fd_sc_hd__clkdlybuf4s25_1)
                                                         net79 (net)
                      0.193355    0.000769    1.199239 ^ fanout78/A (sky130_fd_sc_hd__clkdlybuf4s25_1)
     8    0.034940    0.264732    0.346558    1.545797 ^ fanout78/X (sky130_fd_sc_hd__clkdlybuf4s25_1)
                                                         net78 (net)
                      0.264737    0.001573    1.547370 ^ _1223_/RESET_B (sky130_fd_sc_hd__dfrtp_2)
                                              1.547370   data arrival time

                                  0.000000    0.000000   clock wr_clk (rise edge)
                                  0.000000    0.000000   clock source latency
     1    0.027351    0.000000    0.000000    0.000000 ^ wr_clk (in)
                                                         wr_clk (net)
                      0.002217    0.001109    0.001109 ^ clkbuf_0_wr_clk/A (sky130_fd_sc_hd__clkbuf_16)
    16    0.111526    0.098120    0.123922    0.125030 ^ clkbuf_0_wr_clk/X (sky130_fd_sc_hd__clkbuf_16)
                                                         clknet_0_wr_clk (net)
                      0.098338    0.003842    0.128872 ^ clkbuf_4_14_0_wr_clk/A (sky130_fd_sc_hd__clkbuf_8)
     2    0.019680    0.038125    0.105682    0.234554 ^ clkbuf_4_14_0_wr_clk/X (sky130_fd_sc_hd__clkbuf_8)
                                                         clknet_4_14_0_wr_clk (net)
                      0.038183    0.001290    0.235844 ^ clkbuf_5_29__f_wr_clk/A (sky130_fd_sc_hd__clkbuf_16)
     5    0.015367    0.028136    0.083186    0.319029 ^ clkbuf_5_29__f_wr_clk/X (sky130_fd_sc_hd__clkbuf_16)
                                                         clknet_5_29__leaf_wr_clk (net)
                      0.028150    0.001098    0.320127 ^ _1223_/CLK (sky130_fd_sc_hd__dfrtp_2)
                                  0.100000    0.420127   clock uncertainty
                                  0.000000    0.420127   clock reconvergence pessimism
                                  0.257527    0.677654   library removal time
                                              0.677654   data required time
---------------------------------------------------------------------------------------------
                                              0.677654   data required time
                                             -1.547370   data arrival time
---------------------------------------------------------------------------------------------
                                              0.869716   slack (MET)


Startpoint: _1201_ (rising edge-triggered flip-flop clocked by wr_clk)
Endpoint: _1218_ (removal check against rising-edge clock wr_clk)
Path Group: asynchronous
Path Type: min

Fanout         Cap        Slew       Delay        Time   Description
---------------------------------------------------------------------------------------------
                                  0.000000    0.000000   clock wr_clk (rise edge)
                                  0.000000    0.000000   clock source latency
     1    0.027351    0.000000    0.000000    0.000000 ^ wr_clk (in)
                                                         wr_clk (net)
                      0.002217    0.001109    0.001109 ^ clkbuf_0_wr_clk/A (sky130_fd_sc_hd__clkbuf_16)
    16    0.111526    0.098120    0.123922    0.125030 ^ clkbuf_0_wr_clk/X (sky130_fd_sc_hd__clkbuf_16)
                                                         clknet_0_wr_clk (net)
                      0.098550    0.005286    0.130316 ^ clkbuf_4_10_0_wr_clk/A (sky130_fd_sc_hd__clkbuf_8)
     2    0.019905    0.038266    0.106055    0.236371 ^ clkbuf_4_10_0_wr_clk/X (sky130_fd_sc_hd__clkbuf_8)
                                                         clknet_4_10_0_wr_clk (net)
                      0.038308    0.001108    0.237479 ^ clkbuf_5_21__f_wr_clk/A (sky130_fd_sc_hd__clkbuf_16)
     6    0.021161    0.031945    0.086860    0.324339 ^ clkbuf_5_21__f_wr_clk/X (sky130_fd_sc_hd__clkbuf_16)
                                                         clknet_5_21__leaf_wr_clk (net)
                      0.032163    0.002195    0.326534 ^ _1201_/CLK (sky130_fd_sc_hd__dfrtp_2)
     1    0.003589    0.028335    0.209180    0.535715 ^ _1201_/Q (sky130_fd_sc_hd__dfrtp_2)
                                                         u_wr_reset_sync.sync_ff2 (net)
                      0.028335    0.000240    0.535954 ^ fanout80/A (sky130_fd_sc_hd__clkdlybuf4s25_1)
     7    0.042237    0.318350    0.355474    0.891428 ^ fanout80/X (sky130_fd_sc_hd__clkdlybuf4s25_1)
                                                         net80 (net)
                      0.318357    0.001273    0.892701 ^ fanout79/A (sky130_fd_sc_hd__clkdlybuf4s25_1)
     5    0.025213    0.193355    0.305769    1.198470 ^ fanout79/X (sky130_fd_sc_hd__clkdlybuf4s25_1)
                                                         net79 (net)
                      0.193355    0.000769    1.199239 ^ fanout78/A (sky130_fd_sc_hd__clkdlybuf4s25_1)
     8    0.034940    0.264732    0.346558    1.545797 ^ fanout78/X (sky130_fd_sc_hd__clkdlybuf4s25_1)
                                                         net78 (net)
                      0.264739    0.001754    1.547551 ^ _1218_/RESET_B (sky130_fd_sc_hd__dfrtp_2)
                                              1.547551   data arrival time

                                  0.000000    0.000000   clock wr_clk (rise edge)
                                  0.000000    0.000000   clock source latency
     1    0.027351    0.000000    0.000000    0.000000 ^ wr_clk (in)
                                                         wr_clk (net)
                      0.002217    0.001109    0.001109 ^ clkbuf_0_wr_clk/A (sky130_fd_sc_hd__clkbuf_16)
    16    0.111526    0.098120    0.123922    0.125030 ^ clkbuf_0_wr_clk/X (sky130_fd_sc_hd__clkbuf_16)
                                                         clknet_0_wr_clk (net)
                      0.098338    0.003842    0.128872 ^ clkbuf_4_14_0_wr_clk/A (sky130_fd_sc_hd__clkbuf_8)
     2    0.019680    0.038125    0.105682    0.234554 ^ clkbuf_4_14_0_wr_clk/X (sky130_fd_sc_hd__clkbuf_8)
                                                         clknet_4_14_0_wr_clk (net)
                      0.038183    0.001290    0.235844 ^ clkbuf_5_29__f_wr_clk/A (sky130_fd_sc_hd__clkbuf_16)
     5    0.015367    0.028136    0.083186    0.319029 ^ clkbuf_5_29__f_wr_clk/X (sky130_fd_sc_hd__clkbuf_16)
                                                         clknet_5_29__leaf_wr_clk (net)
                      0.028143    0.000774    0.319804 ^ _1218_/CLK (sky130_fd_sc_hd__dfrtp_2)
                                  0.100000    0.419804   clock uncertainty
                                  0.000000    0.419804   clock reconvergence pessimism
                                  0.257527    0.677331   library removal time
                                              0.677331   data required time
---------------------------------------------------------------------------------------------
                                              0.677331   data required time
                                             -1.547551   data arrival time
---------------------------------------------------------------------------------------------
                                              0.870221   slack (MET)


Startpoint: _1201_ (rising edge-triggered flip-flop clocked by wr_clk)
Endpoint: _1222_ (removal check against rising-edge clock wr_clk)
Path Group: asynchronous
Path Type: min

Fanout         Cap        Slew       Delay        Time   Description
---------------------------------------------------------------------------------------------
                                  0.000000    0.000000   clock wr_clk (rise edge)
                                  0.000000    0.000000   clock source latency
     1    0.027351    0.000000    0.000000    0.000000 ^ wr_clk (in)
                                                         wr_clk (net)
                      0.002217    0.001109    0.001109 ^ clkbuf_0_wr_clk/A (sky130_fd_sc_hd__clkbuf_16)
    16    0.111526    0.098120    0.123922    0.125030 ^ clkbuf_0_wr_clk/X (sky130_fd_sc_hd__clkbuf_16)
                                                         clknet_0_wr_clk (net)
                      0.098550    0.005286    0.130316 ^ clkbuf_4_10_0_wr_clk/A (sky130_fd_sc_hd__clkbuf_8)
     2    0.019905    0.038266    0.106055    0.236371 ^ clkbuf_4_10_0_wr_clk/X (sky130_fd_sc_hd__clkbuf_8)
                                                         clknet_4_10_0_wr_clk (net)
                      0.038308    0.001108    0.237479 ^ clkbuf_5_21__f_wr_clk/A (sky130_fd_sc_hd__clkbuf_16)
     6    0.021161    0.031945    0.086860    0.324339 ^ clkbuf_5_21__f_wr_clk/X (sky130_fd_sc_hd__clkbuf_16)
                                                         clknet_5_21__leaf_wr_clk (net)
                      0.032163    0.002195    0.326534 ^ _1201_/CLK (sky130_fd_sc_hd__dfrtp_2)
     1    0.003589    0.028335    0.209180    0.535715 ^ _1201_/Q (sky130_fd_sc_hd__dfrtp_2)
                                                         u_wr_reset_sync.sync_ff2 (net)
                      0.028335    0.000240    0.535954 ^ fanout80/A (sky130_fd_sc_hd__clkdlybuf4s25_1)
     7    0.042237    0.318350    0.355474    0.891428 ^ fanout80/X (sky130_fd_sc_hd__clkdlybuf4s25_1)
                                                         net80 (net)
                      0.318357    0.001273    0.892701 ^ fanout79/A (sky130_fd_sc_hd__clkdlybuf4s25_1)
     5    0.025213    0.193355    0.305769    1.198470 ^ fanout79/X (sky130_fd_sc_hd__clkdlybuf4s25_1)
                                                         net79 (net)
                      0.193355    0.000769    1.199239 ^ fanout78/A (sky130_fd_sc_hd__clkdlybuf4s25_1)
     8    0.034940    0.264732    0.346558    1.545797 ^ fanout78/X (sky130_fd_sc_hd__clkdlybuf4s25_1)
                                                         net78 (net)
                      0.264747    0.002226    1.548023 ^ _1222_/RESET_B (sky130_fd_sc_hd__dfrtp_2)
                                              1.548023   data arrival time

                                  0.000000    0.000000   clock wr_clk (rise edge)
                                  0.000000    0.000000   clock source latency
     1    0.027351    0.000000    0.000000    0.000000 ^ wr_clk (in)
                                                         wr_clk (net)
                      0.002217    0.001109    0.001109 ^ clkbuf_0_wr_clk/A (sky130_fd_sc_hd__clkbuf_16)
    16    0.111526    0.098120    0.123922    0.125030 ^ clkbuf_0_wr_clk/X (sky130_fd_sc_hd__clkbuf_16)
                                                         clknet_0_wr_clk (net)
                      0.098338    0.003842    0.128872 ^ clkbuf_4_14_0_wr_clk/A (sky130_fd_sc_hd__clkbuf_8)
     2    0.019680    0.038125    0.105682    0.234554 ^ clkbuf_4_14_0_wr_clk/X (sky130_fd_sc_hd__clkbuf_8)
                                                         clknet_4_14_0_wr_clk (net)
                      0.038183    0.001290    0.235844 ^ clkbuf_5_29__f_wr_clk/A (sky130_fd_sc_hd__clkbuf_16)
     5    0.015367    0.028136    0.083186    0.319029 ^ clkbuf_5_29__f_wr_clk/X (sky130_fd_sc_hd__clkbuf_16)
                                                         clknet_5_29__leaf_wr_clk (net)
                      0.028149    0.001063    0.320093 ^ _1222_/CLK (sky130_fd_sc_hd__dfrtp_2)
                                  0.100000    0.420093   clock uncertainty
                                  0.000000    0.420093   clock reconvergence pessimism
                                  0.257530    0.677622   library removal time
                                              0.677622   data required time
---------------------------------------------------------------------------------------------
                                              0.677622   data required time
                                             -1.548023   data arrival time
---------------------------------------------------------------------------------------------
                                              0.870401   slack (MET)


Startpoint: _1201_ (rising edge-triggered flip-flop clocked by wr_clk)
Endpoint: _1228_ (removal check against rising-edge clock wr_clk)
Path Group: asynchronous
Path Type: min

Fanout         Cap        Slew       Delay        Time   Description
---------------------------------------------------------------------------------------------
                                  0.000000    0.000000   clock wr_clk (rise edge)
                                  0.000000    0.000000   clock source latency
     1    0.027351    0.000000    0.000000    0.000000 ^ wr_clk (in)
                                                         wr_clk (net)
                      0.002217    0.001109    0.001109 ^ clkbuf_0_wr_clk/A (sky130_fd_sc_hd__clkbuf_16)
    16    0.111526    0.098120    0.123922    0.125030 ^ clkbuf_0_wr_clk/X (sky130_fd_sc_hd__clkbuf_16)
                                                         clknet_0_wr_clk (net)
                      0.098550    0.005286    0.130316 ^ clkbuf_4_10_0_wr_clk/A (sky130_fd_sc_hd__clkbuf_8)
     2    0.019905    0.038266    0.106055    0.236371 ^ clkbuf_4_10_0_wr_clk/X (sky130_fd_sc_hd__clkbuf_8)
                                                         clknet_4_10_0_wr_clk (net)
                      0.038308    0.001108    0.237479 ^ clkbuf_5_21__f_wr_clk/A (sky130_fd_sc_hd__clkbuf_16)
     6    0.021161    0.031945    0.086860    0.324339 ^ clkbuf_5_21__f_wr_clk/X (sky130_fd_sc_hd__clkbuf_16)
                                                         clknet_5_21__leaf_wr_clk (net)
                      0.032163    0.002195    0.326534 ^ _1201_/CLK (sky130_fd_sc_hd__dfrtp_2)
     1    0.003589    0.028335    0.209180    0.535715 ^ _1201_/Q (sky130_fd_sc_hd__dfrtp_2)
                                                         u_wr_reset_sync.sync_ff2 (net)
                      0.028335    0.000240    0.535954 ^ fanout80/A (sky130_fd_sc_hd__clkdlybuf4s25_1)
     7    0.042237    0.318350    0.355474    0.891428 ^ fanout80/X (sky130_fd_sc_hd__clkdlybuf4s25_1)
                                                         net80 (net)
                      0.318357    0.001273    0.892701 ^ fanout79/A (sky130_fd_sc_hd__clkdlybuf4s25_1)
     5    0.025213    0.193355    0.305769    1.198470 ^ fanout79/X (sky130_fd_sc_hd__clkdlybuf4s25_1)
                                                         net79 (net)
                      0.193355    0.000769    1.199239 ^ fanout78/A (sky130_fd_sc_hd__clkdlybuf4s25_1)
     8    0.034940    0.264732    0.346558    1.545797 ^ fanout78/X (sky130_fd_sc_hd__clkdlybuf4s25_1)
                                                         net78 (net)
                      0.264756    0.002655    1.548452 ^ _1228_/RESET_B (sky130_fd_sc_hd__dfrtp_2)
                                              1.548452   data arrival time

                                  0.000000    0.000000   clock wr_clk (rise edge)
                                  0.000000    0.000000   clock source latency
     1    0.027351    0.000000    0.000000    0.000000 ^ wr_clk (in)
                                                         wr_clk (net)
                      0.002217    0.001109    0.001109 ^ clkbuf_0_wr_clk/A (sky130_fd_sc_hd__clkbuf_16)
    16    0.111526    0.098120    0.123922    0.125030 ^ clkbuf_0_wr_clk/X (sky130_fd_sc_hd__clkbuf_16)
                                                         clknet_0_wr_clk (net)
                      0.098338    0.003842    0.128872 ^ clkbuf_4_14_0_wr_clk/A (sky130_fd_sc_hd__clkbuf_8)
     2    0.019680    0.038125    0.105682    0.234554 ^ clkbuf_4_14_0_wr_clk/X (sky130_fd_sc_hd__clkbuf_8)
                                                         clknet_4_14_0_wr_clk (net)
                      0.038183    0.001290    0.235844 ^ clkbuf_5_29__f_wr_clk/A (sky130_fd_sc_hd__clkbuf_16)
     5    0.015367    0.028136    0.083186    0.319029 ^ clkbuf_5_29__f_wr_clk/X (sky130_fd_sc_hd__clkbuf_16)
                                                         clknet_5_29__leaf_wr_clk (net)
                      0.028145    0.000889    0.319918 ^ _1228_/CLK (sky130_fd_sc_hd__dfrtp_2)
                                  0.100000    0.419919   clock uncertainty
                                  0.000000    0.419919   clock reconvergence pessimism
                                  0.257531    0.677450   library removal time
                                              0.677450   data required time
---------------------------------------------------------------------------------------------
                                              0.677450   data required time
                                             -1.548452   data arrival time
---------------------------------------------------------------------------------------------
                                              0.871002   slack (MET)


Startpoint: _1201_ (rising edge-triggered flip-flop clocked by wr_clk)
Endpoint: _1221_ (removal check against rising-edge clock wr_clk)
Path Group: asynchronous
Path Type: min

Fanout         Cap        Slew       Delay        Time   Description
---------------------------------------------------------------------------------------------
                                  0.000000    0.000000   clock wr_clk (rise edge)
                                  0.000000    0.000000   clock source latency
     1    0.027351    0.000000    0.000000    0.000000 ^ wr_clk (in)
                                                         wr_clk (net)
                      0.002217    0.001109    0.001109 ^ clkbuf_0_wr_clk/A (sky130_fd_sc_hd__clkbuf_16)
    16    0.111526    0.098120    0.123922    0.125030 ^ clkbuf_0_wr_clk/X (sky130_fd_sc_hd__clkbuf_16)
                                                         clknet_0_wr_clk (net)
                      0.098550    0.005286    0.130316 ^ clkbuf_4_10_0_wr_clk/A (sky130_fd_sc_hd__clkbuf_8)
     2    0.019905    0.038266    0.106055    0.236371 ^ clkbuf_4_10_0_wr_clk/X (sky130_fd_sc_hd__clkbuf_8)
                                                         clknet_4_10_0_wr_clk (net)
                      0.038308    0.001108    0.237479 ^ clkbuf_5_21__f_wr_clk/A (sky130_fd_sc_hd__clkbuf_16)
     6    0.021161    0.031945    0.086860    0.324339 ^ clkbuf_5_21__f_wr_clk/X (sky130_fd_sc_hd__clkbuf_16)
                                                         clknet_5_21__leaf_wr_clk (net)
                      0.032163    0.002195    0.326534 ^ _1201_/CLK (sky130_fd_sc_hd__dfrtp_2)
     1    0.003589    0.028335    0.209180    0.535715 ^ _1201_/Q (sky130_fd_sc_hd__dfrtp_2)
                                                         u_wr_reset_sync.sync_ff2 (net)
                      0.028335    0.000240    0.535954 ^ fanout80/A (sky130_fd_sc_hd__clkdlybuf4s25_1)
     7    0.042237    0.318350    0.355474    0.891428 ^ fanout80/X (sky130_fd_sc_hd__clkdlybuf4s25_1)
                                                         net80 (net)
                      0.318357    0.001273    0.892701 ^ fanout79/A (sky130_fd_sc_hd__clkdlybuf4s25_1)
     5    0.025213    0.193355    0.305769    1.198470 ^ fanout79/X (sky130_fd_sc_hd__clkdlybuf4s25_1)
                                                         net79 (net)
                      0.193355    0.000769    1.199239 ^ fanout78/A (sky130_fd_sc_hd__clkdlybuf4s25_1)
     8    0.034940    0.264732    0.346558    1.545797 ^ fanout78/X (sky130_fd_sc_hd__clkdlybuf4s25_1)
                                                         net78 (net)
                      0.264865    0.003174    1.548971 ^ _1221_/RESET_B (sky130_fd_sc_hd__dfrtp_2)
                                              1.548971   data arrival time

                                  0.000000    0.000000   clock wr_clk (rise edge)
                                  0.000000    0.000000   clock source latency
     1    0.027351    0.000000    0.000000    0.000000 ^ wr_clk (in)
                                                         wr_clk (net)
                      0.002217    0.001109    0.001109 ^ clkbuf_0_wr_clk/A (sky130_fd_sc_hd__clkbuf_16)
    16    0.111526    0.098120    0.123922    0.125030 ^ clkbuf_0_wr_clk/X (sky130_fd_sc_hd__clkbuf_16)
                                                         clknet_0_wr_clk (net)
                      0.098336    0.003823    0.128854 ^ clkbuf_4_15_0_wr_clk/A (sky130_fd_sc_hd__clkbuf_8)
     2    0.019604    0.038072    0.105425    0.234279 ^ clkbuf_4_15_0_wr_clk/X (sky130_fd_sc_hd__clkbuf_8)
                                                         clknet_4_15_0_wr_clk (net)
                      0.038246    0.001834    0.236113 ^ clkbuf_5_31__f_wr_clk/A (sky130_fd_sc_hd__clkbuf_16)
     5    0.015130    0.027981    0.083030    0.319143 ^ clkbuf_5_31__f_wr_clk/X (sky130_fd_sc_hd__clkbuf_16)
                                                         clknet_5_31__leaf_wr_clk (net)
                      0.027996    0.001132    0.320275 ^ _1221_/CLK (sky130_fd_sc_hd__dfrtp_2)
                                  0.100000    0.420275   clock uncertainty
                                  0.000000    0.420275   clock reconvergence pessimism
                                  0.257540    0.677815   library removal time
                                              0.677815   data required time
---------------------------------------------------------------------------------------------
                                              0.677815   data required time
                                             -1.548971   data arrival time
---------------------------------------------------------------------------------------------
                                              0.871156   slack (MET)


Startpoint: _1201_ (rising edge-triggered flip-flop clocked by wr_clk)
Endpoint: _1216_ (removal check against rising-edge clock wr_clk)
Path Group: asynchronous
Path Type: min

Fanout         Cap        Slew       Delay        Time   Description
---------------------------------------------------------------------------------------------
                                  0.000000    0.000000   clock wr_clk (rise edge)
                                  0.000000    0.000000   clock source latency
     1    0.027351    0.000000    0.000000    0.000000 ^ wr_clk (in)
                                                         wr_clk (net)
                      0.002217    0.001109    0.001109 ^ clkbuf_0_wr_clk/A (sky130_fd_sc_hd__clkbuf_16)
    16    0.111526    0.098120    0.123922    0.125030 ^ clkbuf_0_wr_clk/X (sky130_fd_sc_hd__clkbuf_16)
                                                         clknet_0_wr_clk (net)
                      0.098550    0.005286    0.130316 ^ clkbuf_4_10_0_wr_clk/A (sky130_fd_sc_hd__clkbuf_8)
     2    0.019905    0.038266    0.106055    0.236371 ^ clkbuf_4_10_0_wr_clk/X (sky130_fd_sc_hd__clkbuf_8)
                                                         clknet_4_10_0_wr_clk (net)
                      0.038308    0.001108    0.237479 ^ clkbuf_5_21__f_wr_clk/A (sky130_fd_sc_hd__clkbuf_16)
     6    0.021161    0.031945    0.086860    0.324339 ^ clkbuf_5_21__f_wr_clk/X (sky130_fd_sc_hd__clkbuf_16)
                                                         clknet_5_21__leaf_wr_clk (net)
                      0.032163    0.002195    0.326534 ^ _1201_/CLK (sky130_fd_sc_hd__dfrtp_2)
     1    0.003589    0.028335    0.209180    0.535715 ^ _1201_/Q (sky130_fd_sc_hd__dfrtp_2)
                                                         u_wr_reset_sync.sync_ff2 (net)
                      0.028335    0.000240    0.535954 ^ fanout80/A (sky130_fd_sc_hd__clkdlybuf4s25_1)
     7    0.042237    0.318350    0.355474    0.891428 ^ fanout80/X (sky130_fd_sc_hd__clkdlybuf4s25_1)
                                                         net80 (net)
                      0.318357    0.001273    0.892701 ^ fanout79/A (sky130_fd_sc_hd__clkdlybuf4s25_1)
     5    0.025213    0.193355    0.305769    1.198470 ^ fanout79/X (sky130_fd_sc_hd__clkdlybuf4s25_1)
                                                         net79 (net)
                      0.193355    0.000769    1.199239 ^ fanout78/A (sky130_fd_sc_hd__clkdlybuf4s25_1)
     8    0.034940    0.264732    0.346558    1.545797 ^ fanout78/X (sky130_fd_sc_hd__clkdlybuf4s25_1)
                                                         net78 (net)
                      0.264866    0.003199    1.548996 ^ _1216_/RESET_B (sky130_fd_sc_hd__dfrtp_2)
                                              1.548996   data arrival time

                                  0.000000    0.000000   clock wr_clk (rise edge)
                                  0.000000    0.000000   clock source latency
     1    0.027351    0.000000    0.000000    0.000000 ^ wr_clk (in)
                                                         wr_clk (net)
                      0.002217    0.001109    0.001109 ^ clkbuf_0_wr_clk/A (sky130_fd_sc_hd__clkbuf_16)
    16    0.111526    0.098120    0.123922    0.125030 ^ clkbuf_0_wr_clk/X (sky130_fd_sc_hd__clkbuf_16)
                                                         clknet_0_wr_clk (net)
                      0.098336    0.003823    0.128854 ^ clkbuf_4_15_0_wr_clk/A (sky130_fd_sc_hd__clkbuf_8)
     2    0.019604    0.038072    0.105425    0.234279 ^ clkbuf_4_15_0_wr_clk/X (sky130_fd_sc_hd__clkbuf_8)
                                                         clknet_4_15_0_wr_clk (net)
                      0.038246    0.001834    0.236113 ^ clkbuf_5_31__f_wr_clk/A (sky130_fd_sc_hd__clkbuf_16)
     5    0.015130    0.027981    0.083030    0.319143 ^ clkbuf_5_31__f_wr_clk/X (sky130_fd_sc_hd__clkbuf_16)
                                                         clknet_5_31__leaf_wr_clk (net)
                      0.027992    0.000934    0.320077 ^ _1216_/CLK (sky130_fd_sc_hd__dfrtp_2)
                                  0.100000    0.420077   clock uncertainty
                                  0.000000    0.420077   clock reconvergence pessimism
                                  0.257539    0.677617   library removal time
                                              0.677617   data required time
---------------------------------------------------------------------------------------------
                                              0.677617   data required time
                                             -1.548996   data arrival time
---------------------------------------------------------------------------------------------
                                              0.871380   slack (MET)


Startpoint: _1201_ (rising edge-triggered flip-flop clocked by wr_clk)
Endpoint: _1217_ (removal check against rising-edge clock wr_clk)
Path Group: asynchronous
Path Type: min

Fanout         Cap        Slew       Delay        Time   Description
---------------------------------------------------------------------------------------------
                                  0.000000    0.000000   clock wr_clk (rise edge)
                                  0.000000    0.000000   clock source latency
     1    0.027351    0.000000    0.000000    0.000000 ^ wr_clk (in)
                                                         wr_clk (net)
                      0.002217    0.001109    0.001109 ^ clkbuf_0_wr_clk/A (sky130_fd_sc_hd__clkbuf_16)
    16    0.111526    0.098120    0.123922    0.125030 ^ clkbuf_0_wr_clk/X (sky130_fd_sc_hd__clkbuf_16)
                                                         clknet_0_wr_clk (net)
                      0.098550    0.005286    0.130316 ^ clkbuf_4_10_0_wr_clk/A (sky130_fd_sc_hd__clkbuf_8)
     2    0.019905    0.038266    0.106055    0.236371 ^ clkbuf_4_10_0_wr_clk/X (sky130_fd_sc_hd__clkbuf_8)
                                                         clknet_4_10_0_wr_clk (net)
                      0.038308    0.001108    0.237479 ^ clkbuf_5_21__f_wr_clk/A (sky130_fd_sc_hd__clkbuf_16)
     6    0.021161    0.031945    0.086860    0.324339 ^ clkbuf_5_21__f_wr_clk/X (sky130_fd_sc_hd__clkbuf_16)
                                                         clknet_5_21__leaf_wr_clk (net)
                      0.032163    0.002195    0.326534 ^ _1201_/CLK (sky130_fd_sc_hd__dfrtp_2)
     1    0.003589    0.028335    0.209180    0.535715 ^ _1201_/Q (sky130_fd_sc_hd__dfrtp_2)
                                                         u_wr_reset_sync.sync_ff2 (net)
                      0.028335    0.000240    0.535954 ^ fanout80/A (sky130_fd_sc_hd__clkdlybuf4s25_1)
     7    0.042237    0.318350    0.355474    0.891428 ^ fanout80/X (sky130_fd_sc_hd__clkdlybuf4s25_1)
                                                         net80 (net)
                      0.318357    0.001273    0.892701 ^ fanout79/A (sky130_fd_sc_hd__clkdlybuf4s25_1)
     5    0.025213    0.193355    0.305769    1.198470 ^ fanout79/X (sky130_fd_sc_hd__clkdlybuf4s25_1)
                                                         net79 (net)
                      0.193355    0.000769    1.199239 ^ fanout78/A (sky130_fd_sc_hd__clkdlybuf4s25_1)
     8    0.034940    0.264732    0.346558    1.545797 ^ fanout78/X (sky130_fd_sc_hd__clkdlybuf4s25_1)
                                                         net78 (net)
                      0.264857    0.002937    1.548734 ^ _1217_/RESET_B (sky130_fd_sc_hd__dfrtp_2)
                                              1.548734   data arrival time

                                  0.000000    0.000000   clock wr_clk (rise edge)
                                  0.000000    0.000000   clock source latency
     1    0.027351    0.000000    0.000000    0.000000 ^ wr_clk (in)
                                                         wr_clk (net)
                      0.002217    0.001109    0.001109 ^ clkbuf_0_wr_clk/A (sky130_fd_sc_hd__clkbuf_16)
    16    0.111526    0.098120    0.123922    0.125030 ^ clkbuf_0_wr_clk/X (sky130_fd_sc_hd__clkbuf_16)
                                                         clknet_0_wr_clk (net)
                      0.098338    0.003842    0.128872 ^ clkbuf_4_14_0_wr_clk/A (sky130_fd_sc_hd__clkbuf_8)
     2    0.019680    0.038125    0.105682    0.234554 ^ clkbuf_4_14_0_wr_clk/X (sky130_fd_sc_hd__clkbuf_8)
                                                         clknet_4_14_0_wr_clk (net)
                      0.038183    0.001290    0.235844 ^ clkbuf_5_29__f_wr_clk/A (sky130_fd_sc_hd__clkbuf_16)
     5    0.015367    0.028136    0.083186    0.319029 ^ clkbuf_5_29__f_wr_clk/X (sky130_fd_sc_hd__clkbuf_16)
                                                         clknet_5_29__leaf_wr_clk (net)
                      0.028142    0.000686    0.319715 ^ _1217_/CLK (sky130_fd_sc_hd__dfrtp_2)
                                  0.100000    0.419715   clock uncertainty
                                  0.000000    0.419715   clock reconvergence pessimism
                                  0.257557    0.677272   library removal time
                                              0.677272   data required time
---------------------------------------------------------------------------------------------
                                              0.677272   data required time
                                             -1.548734   data arrival time
---------------------------------------------------------------------------------------------
                                              0.871462   slack (MET)


Startpoint: _1201_ (rising edge-triggered flip-flop clocked by wr_clk)
Endpoint: _1231_ (removal check against rising-edge clock wr_clk)
Path Group: asynchronous
Path Type: min

Fanout         Cap        Slew       Delay        Time   Description
---------------------------------------------------------------------------------------------
                                  0.000000    0.000000   clock wr_clk (rise edge)
                                  0.000000    0.000000   clock source latency
     1    0.027351    0.000000    0.000000    0.000000 ^ wr_clk (in)
                                                         wr_clk (net)
                      0.002217    0.001109    0.001109 ^ clkbuf_0_wr_clk/A (sky130_fd_sc_hd__clkbuf_16)
    16    0.111526    0.098120    0.123922    0.125030 ^ clkbuf_0_wr_clk/X (sky130_fd_sc_hd__clkbuf_16)
                                                         clknet_0_wr_clk (net)
                      0.098550    0.005286    0.130316 ^ clkbuf_4_10_0_wr_clk/A (sky130_fd_sc_hd__clkbuf_8)
     2    0.019905    0.038266    0.106055    0.236371 ^ clkbuf_4_10_0_wr_clk/X (sky130_fd_sc_hd__clkbuf_8)
                                                         clknet_4_10_0_wr_clk (net)
                      0.038308    0.001108    0.237479 ^ clkbuf_5_21__f_wr_clk/A (sky130_fd_sc_hd__clkbuf_16)
     6    0.021161    0.031945    0.086860    0.324339 ^ clkbuf_5_21__f_wr_clk/X (sky130_fd_sc_hd__clkbuf_16)
                                                         clknet_5_21__leaf_wr_clk (net)
                      0.032163    0.002195    0.326534 ^ _1201_/CLK (sky130_fd_sc_hd__dfrtp_2)
     1    0.003589    0.028335    0.209180    0.535715 ^ _1201_/Q (sky130_fd_sc_hd__dfrtp_2)
                                                         u_wr_reset_sync.sync_ff2 (net)
                      0.028335    0.000240    0.535954 ^ fanout80/A (sky130_fd_sc_hd__clkdlybuf4s25_1)
     7    0.042237    0.318350    0.355474    0.891428 ^ fanout80/X (sky130_fd_sc_hd__clkdlybuf4s25_1)
                                                         net80 (net)
                      0.318357    0.001273    0.892701 ^ fanout79/A (sky130_fd_sc_hd__clkdlybuf4s25_1)
     5    0.025213    0.193355    0.305769    1.198470 ^ fanout79/X (sky130_fd_sc_hd__clkdlybuf4s25_1)
                                                         net79 (net)
                      0.193362    0.001446    1.199916 ^ fanout77/A (sky130_fd_sc_hd__clkdlybuf4s25_1)
     8    0.038272    0.288204    0.362661    1.562577 ^ fanout77/X (sky130_fd_sc_hd__clkdlybuf4s25_1)
                                                         net77 (net)
                      0.288314    0.002161    1.564739 ^ _1231_/RESET_B (sky130_fd_sc_hd__dfrtp_2)
                                              1.564739   data arrival time

                                  0.000000    0.000000   clock wr_clk (rise edge)
                                  0.000000    0.000000   clock source latency
     1    0.027351    0.000000    0.000000    0.000000 ^ wr_clk (in)
                                                         wr_clk (net)
                      0.002217    0.001109    0.001109 ^ clkbuf_0_wr_clk/A (sky130_fd_sc_hd__clkbuf_16)
    16    0.111526    0.098120    0.123922    0.125030 ^ clkbuf_0_wr_clk/X (sky130_fd_sc_hd__clkbuf_16)
                                                         clknet_0_wr_clk (net)
                      0.098338    0.003842    0.128872 ^ clkbuf_4_14_0_wr_clk/A (sky130_fd_sc_hd__clkbuf_8)
     2    0.019680    0.038125    0.105682    0.234554 ^ clkbuf_4_14_0_wr_clk/X (sky130_fd_sc_hd__clkbuf_8)
                                                         clknet_4_14_0_wr_clk (net)
                      0.038176    0.001218    0.235772 ^ clkbuf_5_28__f_wr_clk/A (sky130_fd_sc_hd__clkbuf_16)
     5    0.023306    0.033331    0.088619    0.324391 ^ clkbuf_5_28__f_wr_clk/X (sky130_fd_sc_hd__clkbuf_16)
                                                         clknet_5_28__leaf_wr_clk (net)
                      0.033388    0.000879    0.325270 ^ _1231_/CLK (sky130_fd_sc_hd__dfrtp_2)
                                  0.100000    0.425270   clock uncertainty
                                  0.000000    0.425270   clock reconvergence pessimism
                                  0.264361    0.689631   library removal time
                                              0.689631   data required time
---------------------------------------------------------------------------------------------
                                              0.689631   data required time
                                             -1.564739   data arrival time
---------------------------------------------------------------------------------------------
                                              0.875108   slack (MET)


Startpoint: _1201_ (rising edge-triggered flip-flop clocked by wr_clk)
Endpoint: _1230_ (removal check against rising-edge clock wr_clk)
Path Group: asynchronous
Path Type: min

Fanout         Cap        Slew       Delay        Time   Description
---------------------------------------------------------------------------------------------
                                  0.000000    0.000000   clock wr_clk (rise edge)
                                  0.000000    0.000000   clock source latency
     1    0.027351    0.000000    0.000000    0.000000 ^ wr_clk (in)
                                                         wr_clk (net)
                      0.002217    0.001109    0.001109 ^ clkbuf_0_wr_clk/A (sky130_fd_sc_hd__clkbuf_16)
    16    0.111526    0.098120    0.123922    0.125030 ^ clkbuf_0_wr_clk/X (sky130_fd_sc_hd__clkbuf_16)
                                                         clknet_0_wr_clk (net)
                      0.098550    0.005286    0.130316 ^ clkbuf_4_10_0_wr_clk/A (sky130_fd_sc_hd__clkbuf_8)
     2    0.019905    0.038266    0.106055    0.236371 ^ clkbuf_4_10_0_wr_clk/X (sky130_fd_sc_hd__clkbuf_8)
                                                         clknet_4_10_0_wr_clk (net)
                      0.038308    0.001108    0.237479 ^ clkbuf_5_21__f_wr_clk/A (sky130_fd_sc_hd__clkbuf_16)
     6    0.021161    0.031945    0.086860    0.324339 ^ clkbuf_5_21__f_wr_clk/X (sky130_fd_sc_hd__clkbuf_16)
                                                         clknet_5_21__leaf_wr_clk (net)
                      0.032163    0.002195    0.326534 ^ _1201_/CLK (sky130_fd_sc_hd__dfrtp_2)
     1    0.003589    0.028335    0.209180    0.535715 ^ _1201_/Q (sky130_fd_sc_hd__dfrtp_2)
                                                         u_wr_reset_sync.sync_ff2 (net)
                      0.028335    0.000240    0.535954 ^ fanout80/A (sky130_fd_sc_hd__clkdlybuf4s25_1)
     7    0.042237    0.318350    0.355474    0.891428 ^ fanout80/X (sky130_fd_sc_hd__clkdlybuf4s25_1)
                                                         net80 (net)
                      0.318357    0.001273    0.892701 ^ fanout79/A (sky130_fd_sc_hd__clkdlybuf4s25_1)
     5    0.025213    0.193355    0.305769    1.198470 ^ fanout79/X (sky130_fd_sc_hd__clkdlybuf4s25_1)
                                                         net79 (net)
                      0.193362    0.001446    1.199916 ^ fanout77/A (sky130_fd_sc_hd__clkdlybuf4s25_1)
     8    0.038272    0.288204    0.362661    1.562577 ^ fanout77/X (sky130_fd_sc_hd__clkdlybuf4s25_1)
                                                         net77 (net)
                      0.288347    0.003340    1.565917 ^ _1230_/RESET_B (sky130_fd_sc_hd__dfrtp_2)
                                              1.565917   data arrival time

                                  0.000000    0.000000   clock wr_clk (rise edge)
                                  0.000000    0.000000   clock source latency
     1    0.027351    0.000000    0.000000    0.000000 ^ wr_clk (in)
                                                         wr_clk (net)
                      0.002217    0.001109    0.001109 ^ clkbuf_0_wr_clk/A (sky130_fd_sc_hd__clkbuf_16)
    16    0.111526    0.098120    0.123922    0.125030 ^ clkbuf_0_wr_clk/X (sky130_fd_sc_hd__clkbuf_16)
                                                         clknet_0_wr_clk (net)
                      0.098338    0.003842    0.128872 ^ clkbuf_4_14_0_wr_clk/A (sky130_fd_sc_hd__clkbuf_8)
     2    0.019680    0.038125    0.105682    0.234554 ^ clkbuf_4_14_0_wr_clk/X (sky130_fd_sc_hd__clkbuf_8)
                                                         clknet_4_14_0_wr_clk (net)
                      0.038176    0.001218    0.235772 ^ clkbuf_5_28__f_wr_clk/A (sky130_fd_sc_hd__clkbuf_16)
     5    0.023306    0.033331    0.088619    0.324391 ^ clkbuf_5_28__f_wr_clk/X (sky130_fd_sc_hd__clkbuf_16)
                                                         clknet_5_28__leaf_wr_clk (net)
                      0.033390    0.000905    0.325296 ^ _1230_/CLK (sky130_fd_sc_hd__dfrtp_2)
                                  0.100000    0.425296   clock uncertainty
                                  0.000000    0.425296   clock reconvergence pessimism
                                  0.264369    0.689666   library removal time
                                              0.689666   data required time
---------------------------------------------------------------------------------------------
                                              0.689666   data required time
                                             -1.565917   data arrival time
---------------------------------------------------------------------------------------------
                                              0.876252   slack (MET)


Startpoint: _1201_ (rising edge-triggered flip-flop clocked by wr_clk)
Endpoint: _1220_ (removal check against rising-edge clock wr_clk)
Path Group: asynchronous
Path Type: min

Fanout         Cap        Slew       Delay        Time   Description
---------------------------------------------------------------------------------------------
                                  0.000000    0.000000   clock wr_clk (rise edge)
                                  0.000000    0.000000   clock source latency
     1    0.027351    0.000000    0.000000    0.000000 ^ wr_clk (in)
                                                         wr_clk (net)
                      0.002217    0.001109    0.001109 ^ clkbuf_0_wr_clk/A (sky130_fd_sc_hd__clkbuf_16)
    16    0.111526    0.098120    0.123922    0.125030 ^ clkbuf_0_wr_clk/X (sky130_fd_sc_hd__clkbuf_16)
                                                         clknet_0_wr_clk (net)
                      0.098550    0.005286    0.130316 ^ clkbuf_4_10_0_wr_clk/A (sky130_fd_sc_hd__clkbuf_8)
     2    0.019905    0.038266    0.106055    0.236371 ^ clkbuf_4_10_0_wr_clk/X (sky130_fd_sc_hd__clkbuf_8)
                                                         clknet_4_10_0_wr_clk (net)
                      0.038308    0.001108    0.237479 ^ clkbuf_5_21__f_wr_clk/A (sky130_fd_sc_hd__clkbuf_16)
     6    0.021161    0.031945    0.086860    0.324339 ^ clkbuf_5_21__f_wr_clk/X (sky130_fd_sc_hd__clkbuf_16)
                                                         clknet_5_21__leaf_wr_clk (net)
                      0.032163    0.002195    0.326534 ^ _1201_/CLK (sky130_fd_sc_hd__dfrtp_2)
     1    0.003589    0.028335    0.209180    0.535715 ^ _1201_/Q (sky130_fd_sc_hd__dfrtp_2)
                                                         u_wr_reset_sync.sync_ff2 (net)
                      0.028335    0.000240    0.535954 ^ fanout80/A (sky130_fd_sc_hd__clkdlybuf4s25_1)
     7    0.042237    0.318350    0.355474    0.891428 ^ fanout80/X (sky130_fd_sc_hd__clkdlybuf4s25_1)
                                                         net80 (net)
                      0.318357    0.001273    0.892701 ^ fanout79/A (sky130_fd_sc_hd__clkdlybuf4s25_1)
     5    0.025213    0.193355    0.305769    1.198470 ^ fanout79/X (sky130_fd_sc_hd__clkdlybuf4s25_1)
                                                         net79 (net)
                      0.193362    0.001446    1.199916 ^ fanout77/A (sky130_fd_sc_hd__clkdlybuf4s25_1)
     8    0.038272    0.288204    0.362661    1.562577 ^ fanout77/X (sky130_fd_sc_hd__clkdlybuf4s25_1)
                                                         net77 (net)
                      0.288372    0.004028    1.566606 ^ _1220_/RESET_B (sky130_fd_sc_hd__dfrtp_2)
                                              1.566606   data arrival time

                                  0.000000    0.000000   clock wr_clk (rise edge)
                                  0.000000    0.000000   clock source latency
     1    0.027351    0.000000    0.000000    0.000000 ^ wr_clk (in)
                                                         wr_clk (net)
                      0.002217    0.001109    0.001109 ^ clkbuf_0_wr_clk/A (sky130_fd_sc_hd__clkbuf_16)
    16    0.111526    0.098120    0.123922    0.125030 ^ clkbuf_0_wr_clk/X (sky130_fd_sc_hd__clkbuf_16)
                                                         clknet_0_wr_clk (net)
                      0.098338    0.003842    0.128872 ^ clkbuf_4_14_0_wr_clk/A (sky130_fd_sc_hd__clkbuf_8)
     2    0.019680    0.038125    0.105682    0.234554 ^ clkbuf_4_14_0_wr_clk/X (sky130_fd_sc_hd__clkbuf_8)
                                                         clknet_4_14_0_wr_clk (net)
                      0.038176    0.001218    0.235772 ^ clkbuf_5_28__f_wr_clk/A (sky130_fd_sc_hd__clkbuf_16)
     5    0.023306    0.033331    0.088619    0.324391 ^ clkbuf_5_28__f_wr_clk/X (sky130_fd_sc_hd__clkbuf_16)
                                                         clknet_5_28__leaf_wr_clk (net)
                      0.033383    0.000822    0.325213 ^ _1220_/CLK (sky130_fd_sc_hd__dfrtp_2)
                                  0.100000    0.425213   clock uncertainty
                                  0.000000    0.425213   clock reconvergence pessimism
                                  0.264375    0.689589   library removal time
                                              0.689589   data required time
---------------------------------------------------------------------------------------------
                                              0.689589   data required time
                                             -1.566606   data arrival time
---------------------------------------------------------------------------------------------
                                              0.877017   slack (MET)


Startpoint: _1201_ (rising edge-triggered flip-flop clocked by wr_clk)
Endpoint: _1215_ (removal check against rising-edge clock wr_clk)
Path Group: asynchronous
Path Type: min

Fanout         Cap        Slew       Delay        Time   Description
---------------------------------------------------------------------------------------------
                                  0.000000    0.000000   clock wr_clk (rise edge)
                                  0.000000    0.000000   clock source latency
     1    0.027351    0.000000    0.000000    0.000000 ^ wr_clk (in)
                                                         wr_clk (net)
                      0.002217    0.001109    0.001109 ^ clkbuf_0_wr_clk/A (sky130_fd_sc_hd__clkbuf_16)
    16    0.111526    0.098120    0.123922    0.125030 ^ clkbuf_0_wr_clk/X (sky130_fd_sc_hd__clkbuf_16)
                                                         clknet_0_wr_clk (net)
                      0.098550    0.005286    0.130316 ^ clkbuf_4_10_0_wr_clk/A (sky130_fd_sc_hd__clkbuf_8)
     2    0.019905    0.038266    0.106055    0.236371 ^ clkbuf_4_10_0_wr_clk/X (sky130_fd_sc_hd__clkbuf_8)
                                                         clknet_4_10_0_wr_clk (net)
                      0.038308    0.001108    0.237479 ^ clkbuf_5_21__f_wr_clk/A (sky130_fd_sc_hd__clkbuf_16)
     6    0.021161    0.031945    0.086860    0.324339 ^ clkbuf_5_21__f_wr_clk/X (sky130_fd_sc_hd__clkbuf_16)
                                                         clknet_5_21__leaf_wr_clk (net)
                      0.032163    0.002195    0.326534 ^ _1201_/CLK (sky130_fd_sc_hd__dfrtp_2)
     1    0.003589    0.028335    0.209180    0.535715 ^ _1201_/Q (sky130_fd_sc_hd__dfrtp_2)
                                                         u_wr_reset_sync.sync_ff2 (net)
                      0.028335    0.000240    0.535954 ^ fanout80/A (sky130_fd_sc_hd__clkdlybuf4s25_1)
     7    0.042237    0.318350    0.355474    0.891428 ^ fanout80/X (sky130_fd_sc_hd__clkdlybuf4s25_1)
                                                         net80 (net)
                      0.318357    0.001273    0.892701 ^ fanout79/A (sky130_fd_sc_hd__clkdlybuf4s25_1)
     5    0.025213    0.193355    0.305769    1.198470 ^ fanout79/X (sky130_fd_sc_hd__clkdlybuf4s25_1)
                                                         net79 (net)
                      0.193362    0.001446    1.199916 ^ fanout77/A (sky130_fd_sc_hd__clkdlybuf4s25_1)
     8    0.038272    0.288204    0.362661    1.562577 ^ fanout77/X (sky130_fd_sc_hd__clkdlybuf4s25_1)
                                                         net77 (net)
                      0.288396    0.004563    1.567141 ^ _1215_/RESET_B (sky130_fd_sc_hd__dfrtp_2)
                                              1.567141   data arrival time

                                  0.000000    0.000000   clock wr_clk (rise edge)
                                  0.000000    0.000000   clock source latency
     1    0.027351    0.000000    0.000000    0.000000 ^ wr_clk (in)
                                                         wr_clk (net)
                      0.002217    0.001109    0.001109 ^ clkbuf_0_wr_clk/A (sky130_fd_sc_hd__clkbuf_16)
    16    0.111526    0.098120    0.123922    0.125030 ^ clkbuf_0_wr_clk/X (sky130_fd_sc_hd__clkbuf_16)
                                                         clknet_0_wr_clk (net)
                      0.098124    0.000576    0.125606 ^ clkbuf_4_12_0_wr_clk/A (sky130_fd_sc_hd__clkbuf_8)
     2    0.020414    0.038981    0.106337    0.231943 ^ clkbuf_4_12_0_wr_clk/X (sky130_fd_sc_hd__clkbuf_8)
                                                         clknet_4_12_0_wr_clk (net)
                      0.039053    0.001448    0.233390 ^ clkbuf_5_25__f_wr_clk/A (sky130_fd_sc_hd__clkbuf_16)
     6    0.024267    0.034113    0.089306    0.322696 ^ clkbuf_5_25__f_wr_clk/X (sky130_fd_sc_hd__clkbuf_16)
                                                         clknet_5_25__leaf_wr_clk (net)
                      0.034179    0.001253    0.323949 ^ _1215_/CLK (sky130_fd_sc_hd__dfrtp_2)
                                  0.100000    0.423950   clock uncertainty
                                  0.000000    0.423950   clock reconvergence pessimism
                                  0.264488    0.688438   library removal time
                                              0.688438   data required time
---------------------------------------------------------------------------------------------
                                              0.688438   data required time
                                             -1.567141   data arrival time
---------------------------------------------------------------------------------------------
                                              0.878703   slack (MET)


Startpoint: _1203_ (rising edge-triggered flip-flop clocked by rd_clk)
Endpoint: _1213_ (removal check against rising-edge clock rd_clk)
Path Group: asynchronous
Path Type: min

Fanout         Cap        Slew       Delay        Time   Description
---------------------------------------------------------------------------------------------
                                  0.000000    0.000000   clock rd_clk (rise edge)
                                  0.000000    0.000000   clock source latency
     1    0.014762    0.000000    0.000000    0.000000 ^ rd_clk (in)
                                                         rd_clk (net)
                      0.001946    0.000973    0.000973 ^ clkbuf_0_rd_clk/A (sky130_fd_sc_hd__clkbuf_16)
     4    0.039585    0.044672    0.088119    0.089092 ^ clkbuf_0_rd_clk/X (sky130_fd_sc_hd__clkbuf_16)
                                                         clknet_0_rd_clk (net)
                      0.044890    0.002168    0.091260 ^ clkbuf_2_3__f_rd_clk/A (sky130_fd_sc_hd__clkbuf_16)
     7    0.028137    0.036922    0.093564    0.184824 ^ clkbuf_2_3__f_rd_clk/X (sky130_fd_sc_hd__clkbuf_16)
                                                         clknet_2_3__leaf_rd_clk (net)
                      0.037003    0.001470    0.186294 ^ _1203_/CLK (sky130_fd_sc_hd__dfrtp_2)
     2    0.008898    0.045080    0.227057    0.413351 ^ _1203_/Q (sky130_fd_sc_hd__dfrtp_2)
                                                         u_rd_reset_sync.sync_ff2 (net)
                      0.045082    0.000343    0.413694 ^ fanout76/A (sky130_fd_sc_hd__clkdlybuf4s25_1)
     8    0.044067    0.331085    0.371331    0.785025 ^ fanout76/X (sky130_fd_sc_hd__clkdlybuf4s25_1)
                                                         net76 (net)
                      0.331190    0.001784    0.786809 ^ fanout75/A (sky130_fd_sc_hd__clkdlybuf4s25_1)
     6    0.029619    0.224992    0.327565    1.114374 ^ fanout75/X (sky130_fd_sc_hd__clkdlybuf4s25_1)
                                                         net75 (net)
                      0.225002    0.001781    1.116155 ^ fanout74/A (sky130_fd_sc_hd__clkdlybuf4s25_1)
     5    0.022708    0.175063    0.287548    1.403703 ^ fanout74/X (sky130_fd_sc_hd__clkdlybuf4s25_1)
                                                         net74 (net)
                      0.175078    0.001737    1.405441 ^ _1213_/RESET_B (sky130_fd_sc_hd__dfrtp_2)
                                              1.405441   data arrival time

                                  0.000000    0.000000   clock rd_clk (rise edge)
                                  0.000000    0.000000   clock source latency
     1    0.014762    0.000000    0.000000    0.000000 ^ rd_clk (in)
                                                         rd_clk (net)
                      0.001946    0.000973    0.000973 ^ clkbuf_0_rd_clk/A (sky130_fd_sc_hd__clkbuf_16)
     4    0.039585    0.044672    0.088119    0.089092 ^ clkbuf_0_rd_clk/X (sky130_fd_sc_hd__clkbuf_16)
                                                         clknet_0_rd_clk (net)
                      0.044890    0.002168    0.091260 ^ clkbuf_2_3__f_rd_clk/A (sky130_fd_sc_hd__clkbuf_16)
     7    0.028137    0.036922    0.093564    0.184824 ^ clkbuf_2_3__f_rd_clk/X (sky130_fd_sc_hd__clkbuf_16)
                                                         clknet_2_3__leaf_rd_clk (net)
                      0.037004    0.001476    0.186299 ^ _1213_/CLK (sky130_fd_sc_hd__dfrtp_2)
                                  0.100000    0.286299   clock uncertainty
                                  0.000000    0.286299   clock reconvergence pessimism
                                  0.235411    0.521710   library removal time
                                              0.521710   data required time
---------------------------------------------------------------------------------------------
                                              0.521710   data required time
                                             -1.405441   data arrival time
---------------------------------------------------------------------------------------------
                                              0.883730   slack (MET)


Startpoint: _1201_ (rising edge-triggered flip-flop clocked by wr_clk)
Endpoint: _1219_ (removal check against rising-edge clock wr_clk)
Path Group: asynchronous
Path Type: min

Fanout         Cap        Slew       Delay        Time   Description
---------------------------------------------------------------------------------------------
                                  0.000000    0.000000   clock wr_clk (rise edge)
                                  0.000000    0.000000   clock source latency
     1    0.027351    0.000000    0.000000    0.000000 ^ wr_clk (in)
                                                         wr_clk (net)
                      0.002217    0.001109    0.001109 ^ clkbuf_0_wr_clk/A (sky130_fd_sc_hd__clkbuf_16)
    16    0.111526    0.098120    0.123922    0.125030 ^ clkbuf_0_wr_clk/X (sky130_fd_sc_hd__clkbuf_16)
                                                         clknet_0_wr_clk (net)
                      0.098550    0.005286    0.130316 ^ clkbuf_4_10_0_wr_clk/A (sky130_fd_sc_hd__clkbuf_8)
     2    0.019905    0.038266    0.106055    0.236371 ^ clkbuf_4_10_0_wr_clk/X (sky130_fd_sc_hd__clkbuf_8)
                                                         clknet_4_10_0_wr_clk (net)
                      0.038308    0.001108    0.237479 ^ clkbuf_5_21__f_wr_clk/A (sky130_fd_sc_hd__clkbuf_16)
     6    0.021161    0.031945    0.086860    0.324339 ^ clkbuf_5_21__f_wr_clk/X (sky130_fd_sc_hd__clkbuf_16)
                                                         clknet_5_21__leaf_wr_clk (net)
                      0.032163    0.002195    0.326534 ^ _1201_/CLK (sky130_fd_sc_hd__dfrtp_2)
     1    0.003589    0.028335    0.209180    0.535715 ^ _1201_/Q (sky130_fd_sc_hd__dfrtp_2)
                                                         u_wr_reset_sync.sync_ff2 (net)
                      0.028335    0.000240    0.535954 ^ fanout80/A (sky130_fd_sc_hd__clkdlybuf4s25_1)
     7    0.042237    0.318350    0.355474    0.891428 ^ fanout80/X (sky130_fd_sc_hd__clkdlybuf4s25_1)
                                                         net80 (net)
                      0.318357    0.001273    0.892701 ^ fanout79/A (sky130_fd_sc_hd__clkdlybuf4s25_1)
     5    0.025213    0.193355    0.305769    1.198470 ^ fanout79/X (sky130_fd_sc_hd__clkdlybuf4s25_1)
                                                         net79 (net)
                      0.193362    0.001446    1.199916 ^ fanout77/A (sky130_fd_sc_hd__clkdlybuf4s25_1)
     8    0.038272    0.288204    0.362661    1.562577 ^ fanout77/X (sky130_fd_sc_hd__clkdlybuf4s25_1)
                                                         net77 (net)
                      0.288391    0.004457    1.567034 ^ _1219_/RESET_B (sky130_fd_sc_hd__dfrtp_2)
                                              1.567034   data arrival time

                                  0.000000    0.000000   clock wr_clk (rise edge)
                                  0.000000    0.000000   clock source latency
     1    0.027351    0.000000    0.000000    0.000000 ^ wr_clk (in)
                                                         wr_clk (net)
                      0.002217    0.001109    0.001109 ^ clkbuf_0_wr_clk/A (sky130_fd_sc_hd__clkbuf_16)
    16    0.111526    0.098120    0.123922    0.125030 ^ clkbuf_0_wr_clk/X (sky130_fd_sc_hd__clkbuf_16)
                                                         clknet_0_wr_clk (net)
                      0.098336    0.003823    0.128854 ^ clkbuf_4_15_0_wr_clk/A (sky130_fd_sc_hd__clkbuf_8)
     2    0.019604    0.038072    0.105425    0.234279 ^ clkbuf_4_15_0_wr_clk/X (sky130_fd_sc_hd__clkbuf_8)
                                                         clknet_4_15_0_wr_clk (net)
                      0.038142    0.001431    0.235710 ^ clkbuf_5_30__f_wr_clk/A (sky130_fd_sc_hd__clkbuf_16)
     5    0.013833    0.027101    0.082187    0.317897 ^ clkbuf_5_30__f_wr_clk/X (sky130_fd_sc_hd__clkbuf_16)
                                                         clknet_5_30__leaf_wr_clk (net)
                      0.027103    0.000756    0.318654 ^ _1219_/CLK (sky130_fd_sc_hd__dfrtp_2)
                                  0.100000    0.418654   clock uncertainty
                                  0.000000    0.418654   clock reconvergence pessimism
                                  0.263538    0.682192   library removal time
                                              0.682192   data required time
---------------------------------------------------------------------------------------------
                                              0.682192   data required time
                                             -1.567034   data arrival time
---------------------------------------------------------------------------------------------
                                              0.884842   slack (MET)


Startpoint: _1201_ (rising edge-triggered flip-flop clocked by wr_clk)
Endpoint: _1224_ (removal check against rising-edge clock wr_clk)
Path Group: asynchronous
Path Type: min

Fanout         Cap        Slew       Delay        Time   Description
---------------------------------------------------------------------------------------------
                                  0.000000    0.000000   clock wr_clk (rise edge)
                                  0.000000    0.000000   clock source latency
     1    0.027351    0.000000    0.000000    0.000000 ^ wr_clk (in)
                                                         wr_clk (net)
                      0.002217    0.001109    0.001109 ^ clkbuf_0_wr_clk/A (sky130_fd_sc_hd__clkbuf_16)
    16    0.111526    0.098120    0.123922    0.125030 ^ clkbuf_0_wr_clk/X (sky130_fd_sc_hd__clkbuf_16)
                                                         clknet_0_wr_clk (net)
                      0.098550    0.005286    0.130316 ^ clkbuf_4_10_0_wr_clk/A (sky130_fd_sc_hd__clkbuf_8)
     2    0.019905    0.038266    0.106055    0.236371 ^ clkbuf_4_10_0_wr_clk/X (sky130_fd_sc_hd__clkbuf_8)
                                                         clknet_4_10_0_wr_clk (net)
                      0.038308    0.001108    0.237479 ^ clkbuf_5_21__f_wr_clk/A (sky130_fd_sc_hd__clkbuf_16)
     6    0.021161    0.031945    0.086860    0.324339 ^ clkbuf_5_21__f_wr_clk/X (sky130_fd_sc_hd__clkbuf_16)
                                                         clknet_5_21__leaf_wr_clk (net)
                      0.032163    0.002195    0.326534 ^ _1201_/CLK (sky130_fd_sc_hd__dfrtp_2)
     1    0.003589    0.028335    0.209180    0.535715 ^ _1201_/Q (sky130_fd_sc_hd__dfrtp_2)
                                                         u_wr_reset_sync.sync_ff2 (net)
                      0.028335    0.000240    0.535954 ^ fanout80/A (sky130_fd_sc_hd__clkdlybuf4s25_1)
     7    0.042237    0.318350    0.355474    0.891428 ^ fanout80/X (sky130_fd_sc_hd__clkdlybuf4s25_1)
                                                         net80 (net)
                      0.318357    0.001273    0.892701 ^ fanout79/A (sky130_fd_sc_hd__clkdlybuf4s25_1)
     5    0.025213    0.193355    0.305769    1.198470 ^ fanout79/X (sky130_fd_sc_hd__clkdlybuf4s25_1)
                                                         net79 (net)
                      0.193362    0.001446    1.199916 ^ fanout77/A (sky130_fd_sc_hd__clkdlybuf4s25_1)
     8    0.038272    0.288204    0.362661    1.562577 ^ fanout77/X (sky130_fd_sc_hd__clkdlybuf4s25_1)
                                                         net77 (net)
                      0.288394    0.004538    1.567115 ^ _1224_/RESET_B (sky130_fd_sc_hd__dfrtp_2)
                                              1.567115   data arrival time

                                  0.000000    0.000000   clock wr_clk (rise edge)
                                  0.000000    0.000000   clock source latency
     1    0.027351    0.000000    0.000000    0.000000 ^ wr_clk (in)
                                                         wr_clk (net)
                      0.002217    0.001109    0.001109 ^ clkbuf_0_wr_clk/A (sky130_fd_sc_hd__clkbuf_16)
    16    0.111526    0.098120    0.123922    0.125030 ^ clkbuf_0_wr_clk/X (sky130_fd_sc_hd__clkbuf_16)
                                                         clknet_0_wr_clk (net)
                      0.098336    0.003823    0.128854 ^ clkbuf_4_15_0_wr_clk/A (sky130_fd_sc_hd__clkbuf_8)
     2    0.019604    0.038072    0.105425    0.234279 ^ clkbuf_4_15_0_wr_clk/X (sky130_fd_sc_hd__clkbuf_8)
                                                         clknet_4_15_0_wr_clk (net)
                      0.038142    0.001431    0.235710 ^ clkbuf_5_30__f_wr_clk/A (sky130_fd_sc_hd__clkbuf_16)
     5    0.013833    0.027101    0.082187    0.317897 ^ clkbuf_5_30__f_wr_clk/X (sky130_fd_sc_hd__clkbuf_16)
                                                         clknet_5_30__leaf_wr_clk (net)
                      0.027102    0.000646    0.318543 ^ _1224_/CLK (sky130_fd_sc_hd__dfrtp_2)
                                  0.100000    0.418543   clock uncertainty
                                  0.000000    0.418543   clock reconvergence pessimism
                                  0.263539    0.682083   library removal time
                                              0.682083   data required time
---------------------------------------------------------------------------------------------
                                              0.682083   data required time
                                             -1.567115   data arrival time
---------------------------------------------------------------------------------------------
                                              0.885033   slack (MET)


Startpoint: _1201_ (rising edge-triggered flip-flop clocked by wr_clk)
Endpoint: _1214_ (removal check against rising-edge clock wr_clk)
Path Group: asynchronous
Path Type: min

Fanout         Cap        Slew       Delay        Time   Description
---------------------------------------------------------------------------------------------
                                  0.000000    0.000000   clock wr_clk (rise edge)
                                  0.000000    0.000000   clock source latency
     1    0.027351    0.000000    0.000000    0.000000 ^ wr_clk (in)
                                                         wr_clk (net)
                      0.002217    0.001109    0.001109 ^ clkbuf_0_wr_clk/A (sky130_fd_sc_hd__clkbuf_16)
    16    0.111526    0.098120    0.123922    0.125030 ^ clkbuf_0_wr_clk/X (sky130_fd_sc_hd__clkbuf_16)
                                                         clknet_0_wr_clk (net)
                      0.098550    0.005286    0.130316 ^ clkbuf_4_10_0_wr_clk/A (sky130_fd_sc_hd__clkbuf_8)
     2    0.019905    0.038266    0.106055    0.236371 ^ clkbuf_4_10_0_wr_clk/X (sky130_fd_sc_hd__clkbuf_8)
                                                         clknet_4_10_0_wr_clk (net)
                      0.038308    0.001108    0.237479 ^ clkbuf_5_21__f_wr_clk/A (sky130_fd_sc_hd__clkbuf_16)
     6    0.021161    0.031945    0.086860    0.324339 ^ clkbuf_5_21__f_wr_clk/X (sky130_fd_sc_hd__clkbuf_16)
                                                         clknet_5_21__leaf_wr_clk (net)
                      0.032163    0.002195    0.326534 ^ _1201_/CLK (sky130_fd_sc_hd__dfrtp_2)
     1    0.003589    0.028335    0.209180    0.535715 ^ _1201_/Q (sky130_fd_sc_hd__dfrtp_2)
                                                         u_wr_reset_sync.sync_ff2 (net)
                      0.028335    0.000240    0.535954 ^ fanout80/A (sky130_fd_sc_hd__clkdlybuf4s25_1)
     7    0.042237    0.318350    0.355474    0.891428 ^ fanout80/X (sky130_fd_sc_hd__clkdlybuf4s25_1)
                                                         net80 (net)
                      0.318357    0.001273    0.892701 ^ fanout79/A (sky130_fd_sc_hd__clkdlybuf4s25_1)
     5    0.025213    0.193355    0.305769    1.198470 ^ fanout79/X (sky130_fd_sc_hd__clkdlybuf4s25_1)
                                                         net79 (net)
                      0.193362    0.001446    1.199916 ^ fanout77/A (sky130_fd_sc_hd__clkdlybuf4s25_1)
     8    0.038272    0.288204    0.362661    1.562577 ^ fanout77/X (sky130_fd_sc_hd__clkdlybuf4s25_1)
                                                         net77 (net)
                      0.288401    0.004690    1.567268 ^ _1214_/RESET_B (sky130_fd_sc_hd__dfrtp_2)
                                              1.567268   data arrival time

                                  0.000000    0.000000   clock wr_clk (rise edge)
                                  0.000000    0.000000   clock source latency
     1    0.027351    0.000000    0.000000    0.000000 ^ wr_clk (in)
                                                         wr_clk (net)
                      0.002217    0.001109    0.001109 ^ clkbuf_0_wr_clk/A (sky130_fd_sc_hd__clkbuf_16)
    16    0.111526    0.098120    0.123922    0.125030 ^ clkbuf_0_wr_clk/X (sky130_fd_sc_hd__clkbuf_16)
                                                         clknet_0_wr_clk (net)
                      0.098336    0.003823    0.128854 ^ clkbuf_4_15_0_wr_clk/A (sky130_fd_sc_hd__clkbuf_8)
     2    0.019604    0.038072    0.105425    0.234279 ^ clkbuf_4_15_0_wr_clk/X (sky130_fd_sc_hd__clkbuf_8)
                                                         clknet_4_15_0_wr_clk (net)
                      0.038142    0.001431    0.235710 ^ clkbuf_5_30__f_wr_clk/A (sky130_fd_sc_hd__clkbuf_16)
     5    0.013833    0.027101    0.082187    0.317897 ^ clkbuf_5_30__f_wr_clk/X (sky130_fd_sc_hd__clkbuf_16)
                                                         clknet_5_30__leaf_wr_clk (net)
                      0.027102    0.000684    0.318582 ^ _1214_/CLK (sky130_fd_sc_hd__dfrtp_2)
                                  0.100000    0.418582   clock uncertainty
                                  0.000000    0.418582   clock reconvergence pessimism
                                  0.263541    0.682123   library removal time
                                              0.682123   data required time
---------------------------------------------------------------------------------------------
                                              0.682123   data required time
                                             -1.567268   data arrival time
---------------------------------------------------------------------------------------------
                                              0.885145   slack (MET)


Startpoint: _1201_ (rising edge-triggered flip-flop clocked by wr_clk)
Endpoint: _1227_ (removal check against rising-edge clock wr_clk)
Path Group: asynchronous
Path Type: min

Fanout         Cap        Slew       Delay        Time   Description
---------------------------------------------------------------------------------------------
                                  0.000000    0.000000   clock wr_clk (rise edge)
                                  0.000000    0.000000   clock source latency
     1    0.027351    0.000000    0.000000    0.000000 ^ wr_clk (in)
                                                         wr_clk (net)
                      0.002217    0.001109    0.001109 ^ clkbuf_0_wr_clk/A (sky130_fd_sc_hd__clkbuf_16)
    16    0.111526    0.098120    0.123922    0.125030 ^ clkbuf_0_wr_clk/X (sky130_fd_sc_hd__clkbuf_16)
                                                         clknet_0_wr_clk (net)
                      0.098550    0.005286    0.130316 ^ clkbuf_4_10_0_wr_clk/A (sky130_fd_sc_hd__clkbuf_8)
     2    0.019905    0.038266    0.106055    0.236371 ^ clkbuf_4_10_0_wr_clk/X (sky130_fd_sc_hd__clkbuf_8)
                                                         clknet_4_10_0_wr_clk (net)
                      0.038308    0.001108    0.237479 ^ clkbuf_5_21__f_wr_clk/A (sky130_fd_sc_hd__clkbuf_16)
     6    0.021161    0.031945    0.086860    0.324339 ^ clkbuf_5_21__f_wr_clk/X (sky130_fd_sc_hd__clkbuf_16)
                                                         clknet_5_21__leaf_wr_clk (net)
                      0.032163    0.002195    0.326534 ^ _1201_/CLK (sky130_fd_sc_hd__dfrtp_2)
     1    0.003589    0.028335    0.209180    0.535715 ^ _1201_/Q (sky130_fd_sc_hd__dfrtp_2)
                                                         u_wr_reset_sync.sync_ff2 (net)
                      0.028335    0.000240    0.535954 ^ fanout80/A (sky130_fd_sc_hd__clkdlybuf4s25_1)
     7    0.042237    0.318350    0.355474    0.891428 ^ fanout80/X (sky130_fd_sc_hd__clkdlybuf4s25_1)
                                                         net80 (net)
                      0.318357    0.001273    0.892701 ^ fanout79/A (sky130_fd_sc_hd__clkdlybuf4s25_1)
     5    0.025213    0.193355    0.305769    1.198470 ^ fanout79/X (sky130_fd_sc_hd__clkdlybuf4s25_1)
                                                         net79 (net)
                      0.193362    0.001446    1.199916 ^ fanout77/A (sky130_fd_sc_hd__clkdlybuf4s25_1)
     8    0.038272    0.288204    0.362661    1.562577 ^ fanout77/X (sky130_fd_sc_hd__clkdlybuf4s25_1)
                                                         net77 (net)
                      0.288405    0.004760    1.567337 ^ _1227_/RESET_B (sky130_fd_sc_hd__dfrtp_2)
                                              1.567337   data arrival time

                                  0.000000    0.000000   clock wr_clk (rise edge)
                                  0.000000    0.000000   clock source latency
     1    0.027351    0.000000    0.000000    0.000000 ^ wr_clk (in)
                                                         wr_clk (net)
                      0.002217    0.001109    0.001109 ^ clkbuf_0_wr_clk/A (sky130_fd_sc_hd__clkbuf_16)
    16    0.111526    0.098120    0.123922    0.125030 ^ clkbuf_0_wr_clk/X (sky130_fd_sc_hd__clkbuf_16)
                                                         clknet_0_wr_clk (net)
                      0.098336    0.003823    0.128854 ^ clkbuf_4_15_0_wr_clk/A (sky130_fd_sc_hd__clkbuf_8)
     2    0.019604    0.038072    0.105425    0.234279 ^ clkbuf_4_15_0_wr_clk/X (sky130_fd_sc_hd__clkbuf_8)
                                                         clknet_4_15_0_wr_clk (net)
                      0.038142    0.001431    0.235710 ^ clkbuf_5_30__f_wr_clk/A (sky130_fd_sc_hd__clkbuf_16)
     5    0.013833    0.027101    0.082187    0.317897 ^ clkbuf_5_30__f_wr_clk/X (sky130_fd_sc_hd__clkbuf_16)
                                                         clknet_5_30__leaf_wr_clk (net)
                      0.027102    0.000704    0.318601 ^ _1227_/CLK (sky130_fd_sc_hd__dfrtp_2)
                                  0.100000    0.418601   clock uncertainty
                                  0.000000    0.418601   clock reconvergence pessimism
                                  0.263542    0.682143   library removal time
                                              0.682143   data required time
---------------------------------------------------------------------------------------------
                                              0.682143   data required time
                                             -1.567337   data arrival time
---------------------------------------------------------------------------------------------
                                              0.885194   slack (MET)


Startpoint: _1203_ (rising edge-triggered flip-flop clocked by rd_clk)
Endpoint: _1243_ (removal check against rising-edge clock rd_clk)
Path Group: asynchronous
Path Type: min

Fanout         Cap        Slew       Delay        Time   Description
---------------------------------------------------------------------------------------------
                                  0.000000    0.000000   clock rd_clk (rise edge)
                                  0.000000    0.000000   clock source latency
     1    0.014762    0.000000    0.000000    0.000000 ^ rd_clk (in)
                                                         rd_clk (net)
                      0.001946    0.000973    0.000973 ^ clkbuf_0_rd_clk/A (sky130_fd_sc_hd__clkbuf_16)
     4    0.039585    0.044672    0.088119    0.089092 ^ clkbuf_0_rd_clk/X (sky130_fd_sc_hd__clkbuf_16)
                                                         clknet_0_rd_clk (net)
                      0.044890    0.002168    0.091260 ^ clkbuf_2_3__f_rd_clk/A (sky130_fd_sc_hd__clkbuf_16)
     7    0.028137    0.036922    0.093564    0.184824 ^ clkbuf_2_3__f_rd_clk/X (sky130_fd_sc_hd__clkbuf_16)
                                                         clknet_2_3__leaf_rd_clk (net)
                      0.037003    0.001470    0.186294 ^ _1203_/CLK (sky130_fd_sc_hd__dfrtp_2)
     2    0.008898    0.045080    0.227057    0.413351 ^ _1203_/Q (sky130_fd_sc_hd__dfrtp_2)
                                                         u_rd_reset_sync.sync_ff2 (net)
                      0.045082    0.000343    0.413694 ^ fanout76/A (sky130_fd_sc_hd__clkdlybuf4s25_1)
     8    0.044067    0.331085    0.371331    0.785025 ^ fanout76/X (sky130_fd_sc_hd__clkdlybuf4s25_1)
                                                         net76 (net)
                      0.331190    0.001784    0.786809 ^ fanout75/A (sky130_fd_sc_hd__clkdlybuf4s25_1)
     6    0.029619    0.224992    0.327565    1.114374 ^ fanout75/X (sky130_fd_sc_hd__clkdlybuf4s25_1)
                                                         net75 (net)
                      0.225002    0.001781    1.116155 ^ fanout74/A (sky130_fd_sc_hd__clkdlybuf4s25_1)
     5    0.022708    0.175063    0.287548    1.403703 ^ fanout74/X (sky130_fd_sc_hd__clkdlybuf4s25_1)
                                                         net74 (net)
                      0.175069    0.001270    1.404973 ^ _1243_/RESET_B (sky130_fd_sc_hd__dfrtp_2)
                                              1.404973   data arrival time

                                  0.000000    0.000000   clock rd_clk (rise edge)
                                  0.000000    0.000000   clock source latency
     1    0.014762    0.000000    0.000000    0.000000 ^ rd_clk (in)
                                                         rd_clk (net)
                      0.001946    0.000973    0.000973 ^ clkbuf_0_rd_clk/A (sky130_fd_sc_hd__clkbuf_16)
     4    0.039585    0.044672    0.088119    0.089092 ^ clkbuf_0_rd_clk/X (sky130_fd_sc_hd__clkbuf_16)
                                                         clknet_0_rd_clk (net)
                      0.044861    0.001963    0.091055 ^ clkbuf_2_1__f_rd_clk/A (sky130_fd_sc_hd__clkbuf_16)
     7    0.021526    0.032227    0.089221    0.180276 ^ clkbuf_2_1__f_rd_clk/X (sky130_fd_sc_hd__clkbuf_16)
                                                         clknet_2_1__leaf_rd_clk (net)
                      0.032260    0.000955    0.181231 ^ _1243_/CLK (sky130_fd_sc_hd__dfrtp_2)
                                  0.100000    0.281231   clock uncertainty
                                  0.000000    0.281231   clock reconvergence pessimism
                                  0.234765    0.515996   library removal time
                                              0.515996   data required time
---------------------------------------------------------------------------------------------
                                              0.515996   data required time
                                             -1.404973   data arrival time
---------------------------------------------------------------------------------------------
                                              0.888977   slack (MET)


Startpoint: _1203_ (rising edge-triggered flip-flop clocked by rd_clk)
Endpoint: _1237_ (removal check against rising-edge clock rd_clk)
Path Group: asynchronous
Path Type: min

Fanout         Cap        Slew       Delay        Time   Description
---------------------------------------------------------------------------------------------
                                  0.000000    0.000000   clock rd_clk (rise edge)
                                  0.000000    0.000000   clock source latency
     1    0.014762    0.000000    0.000000    0.000000 ^ rd_clk (in)
                                                         rd_clk (net)
                      0.001946    0.000973    0.000973 ^ clkbuf_0_rd_clk/A (sky130_fd_sc_hd__clkbuf_16)
     4    0.039585    0.044672    0.088119    0.089092 ^ clkbuf_0_rd_clk/X (sky130_fd_sc_hd__clkbuf_16)
                                                         clknet_0_rd_clk (net)
                      0.044890    0.002168    0.091260 ^ clkbuf_2_3__f_rd_clk/A (sky130_fd_sc_hd__clkbuf_16)
     7    0.028137    0.036922    0.093564    0.184824 ^ clkbuf_2_3__f_rd_clk/X (sky130_fd_sc_hd__clkbuf_16)
                                                         clknet_2_3__leaf_rd_clk (net)
                      0.037003    0.001470    0.186294 ^ _1203_/CLK (sky130_fd_sc_hd__dfrtp_2)
     2    0.008898    0.045080    0.227057    0.413351 ^ _1203_/Q (sky130_fd_sc_hd__dfrtp_2)
                                                         u_rd_reset_sync.sync_ff2 (net)
                      0.045082    0.000343    0.413694 ^ fanout76/A (sky130_fd_sc_hd__clkdlybuf4s25_1)
     8    0.044067    0.331085    0.371331    0.785025 ^ fanout76/X (sky130_fd_sc_hd__clkdlybuf4s25_1)
                                                         net76 (net)
                      0.331190    0.001784    0.786809 ^ fanout75/A (sky130_fd_sc_hd__clkdlybuf4s25_1)
     6    0.029619    0.224992    0.327565    1.114374 ^ fanout75/X (sky130_fd_sc_hd__clkdlybuf4s25_1)
                                                         net75 (net)
                      0.225002    0.001781    1.116155 ^ fanout74/A (sky130_fd_sc_hd__clkdlybuf4s25_1)
     5    0.022708    0.175063    0.287548    1.403703 ^ fanout74/X (sky130_fd_sc_hd__clkdlybuf4s25_1)
                                                         net74 (net)
                      0.175080    0.001830    1.405534 ^ _1237_/RESET_B (sky130_fd_sc_hd__dfrtp_2)
                                              1.405534   data arrival time

                                  0.000000    0.000000   clock rd_clk (rise edge)
                                  0.000000    0.000000   clock source latency
     1    0.014762    0.000000    0.000000    0.000000 ^ rd_clk (in)
                                                         rd_clk (net)
                      0.001946    0.000973    0.000973 ^ clkbuf_0_rd_clk/A (sky130_fd_sc_hd__clkbuf_16)
     4    0.039585    0.044672    0.088119    0.089092 ^ clkbuf_0_rd_clk/X (sky130_fd_sc_hd__clkbuf_16)
                                                         clknet_0_rd_clk (net)
                      0.044861    0.001963    0.091055 ^ clkbuf_2_1__f_rd_clk/A (sky130_fd_sc_hd__clkbuf_16)
     7    0.021526    0.032227    0.089221    0.180276 ^ clkbuf_2_1__f_rd_clk/X (sky130_fd_sc_hd__clkbuf_16)
                                                         clknet_2_1__leaf_rd_clk (net)
                      0.032275    0.001116    0.181392 ^ _1237_/CLK (sky130_fd_sc_hd__dfrtp_2)
                                  0.100000    0.281392   clock uncertainty
                                  0.000000    0.281392   clock reconvergence pessimism
                                  0.234770    0.516161   library removal time
                                              0.516161   data required time
---------------------------------------------------------------------------------------------
                                              0.516161   data required time
                                             -1.405534   data arrival time
---------------------------------------------------------------------------------------------
                                              0.889372   slack (MET)


Startpoint: _1203_ (rising edge-triggered flip-flop clocked by rd_clk)
Endpoint: _1238_ (removal check against rising-edge clock rd_clk)
Path Group: asynchronous
Path Type: min

Fanout         Cap        Slew       Delay        Time   Description
---------------------------------------------------------------------------------------------
                                  0.000000    0.000000   clock rd_clk (rise edge)
                                  0.000000    0.000000   clock source latency
     1    0.014762    0.000000    0.000000    0.000000 ^ rd_clk (in)
                                                         rd_clk (net)
                      0.001946    0.000973    0.000973 ^ clkbuf_0_rd_clk/A (sky130_fd_sc_hd__clkbuf_16)
     4    0.039585    0.044672    0.088119    0.089092 ^ clkbuf_0_rd_clk/X (sky130_fd_sc_hd__clkbuf_16)
                                                         clknet_0_rd_clk (net)
                      0.044890    0.002168    0.091260 ^ clkbuf_2_3__f_rd_clk/A (sky130_fd_sc_hd__clkbuf_16)
     7    0.028137    0.036922    0.093564    0.184824 ^ clkbuf_2_3__f_rd_clk/X (sky130_fd_sc_hd__clkbuf_16)
                                                         clknet_2_3__leaf_rd_clk (net)
                      0.037003    0.001470    0.186294 ^ _1203_/CLK (sky130_fd_sc_hd__dfrtp_2)
     2    0.008898    0.045080    0.227057    0.413351 ^ _1203_/Q (sky130_fd_sc_hd__dfrtp_2)
                                                         u_rd_reset_sync.sync_ff2 (net)
                      0.045082    0.000343    0.413694 ^ fanout76/A (sky130_fd_sc_hd__clkdlybuf4s25_1)
     8    0.044067    0.331085    0.371331    0.785025 ^ fanout76/X (sky130_fd_sc_hd__clkdlybuf4s25_1)
                                                         net76 (net)
                      0.331190    0.001784    0.786809 ^ fanout75/A (sky130_fd_sc_hd__clkdlybuf4s25_1)
     6    0.029619    0.224992    0.327565    1.114374 ^ fanout75/X (sky130_fd_sc_hd__clkdlybuf4s25_1)
                                                         net75 (net)
                      0.225002    0.001781    1.116155 ^ fanout74/A (sky130_fd_sc_hd__clkdlybuf4s25_1)
     5    0.022708    0.175063    0.287548    1.403703 ^ fanout74/X (sky130_fd_sc_hd__clkdlybuf4s25_1)
                                                         net74 (net)
                      0.175079    0.001783    1.405486 ^ _1238_/SET_B (sky130_fd_sc_hd__dfstp_2)
                                              1.405486   data arrival time

                                  0.000000    0.000000   clock rd_clk (rise edge)
                                  0.000000    0.000000   clock source latency
     1    0.014762    0.000000    0.000000    0.000000 ^ rd_clk (in)
                                                         rd_clk (net)
                      0.001946    0.000973    0.000973 ^ clkbuf_0_rd_clk/A (sky130_fd_sc_hd__clkbuf_16)
     4    0.039585    0.044672    0.088119    0.089092 ^ clkbuf_0_rd_clk/X (sky130_fd_sc_hd__clkbuf_16)
                                                         clknet_0_rd_clk (net)
                      0.044861    0.001963    0.091055 ^ clkbuf_2_1__f_rd_clk/A (sky130_fd_sc_hd__clkbuf_16)
     7    0.021526    0.032227    0.089221    0.180276 ^ clkbuf_2_1__f_rd_clk/X (sky130_fd_sc_hd__clkbuf_16)
                                                         clknet_2_1__leaf_rd_clk (net)
                      0.032260    0.000954    0.181230 ^ _1238_/CLK (sky130_fd_sc_hd__dfstp_2)
                                  0.100000    0.281230   clock uncertainty
                                  0.000000    0.281230   clock reconvergence pessimism
                                  0.103550    0.384780   library removal time
                                              0.384780   data required time
---------------------------------------------------------------------------------------------
                                              0.384780   data required time
                                             -1.405486   data arrival time
---------------------------------------------------------------------------------------------
                                              1.020707   slack (MET)


Startpoint: _1203_ (rising edge-triggered flip-flop clocked by rd_clk)
Endpoint: _1236_ (removal check against rising-edge clock rd_clk)
Path Group: asynchronous
Path Type: min

Fanout         Cap        Slew       Delay        Time   Description
---------------------------------------------------------------------------------------------
                                  0.000000    0.000000   clock rd_clk (rise edge)
                                  0.000000    0.000000   clock source latency
     1    0.014762    0.000000    0.000000    0.000000 ^ rd_clk (in)
                                                         rd_clk (net)
                      0.001946    0.000973    0.000973 ^ clkbuf_0_rd_clk/A (sky130_fd_sc_hd__clkbuf_16)
     4    0.039585    0.044672    0.088119    0.089092 ^ clkbuf_0_rd_clk/X (sky130_fd_sc_hd__clkbuf_16)
                                                         clknet_0_rd_clk (net)
                      0.044890    0.002168    0.091260 ^ clkbuf_2_3__f_rd_clk/A (sky130_fd_sc_hd__clkbuf_16)
     7    0.028137    0.036922    0.093564    0.184824 ^ clkbuf_2_3__f_rd_clk/X (sky130_fd_sc_hd__clkbuf_16)
                                                         clknet_2_3__leaf_rd_clk (net)
                      0.037003    0.001470    0.186294 ^ _1203_/CLK (sky130_fd_sc_hd__dfrtp_2)
     2    0.008898    0.045080    0.227057    0.413351 ^ _1203_/Q (sky130_fd_sc_hd__dfrtp_2)
                                                         u_rd_reset_sync.sync_ff2 (net)
                      0.045082    0.000343    0.413694 ^ fanout76/A (sky130_fd_sc_hd__clkdlybuf4s25_1)
     8    0.044067    0.331085    0.371331    0.785025 ^ fanout76/X (sky130_fd_sc_hd__clkdlybuf4s25_1)
                                                         net76 (net)
                      0.331190    0.001784    0.786809 ^ fanout75/A (sky130_fd_sc_hd__clkdlybuf4s25_1)
     6    0.029619    0.224992    0.327565    1.114374 ^ fanout75/X (sky130_fd_sc_hd__clkdlybuf4s25_1)
                                                         net75 (net)
                      0.225002    0.001781    1.116155 ^ fanout74/A (sky130_fd_sc_hd__clkdlybuf4s25_1)
     5    0.022708    0.175063    0.287548    1.403703 ^ fanout74/X (sky130_fd_sc_hd__clkdlybuf4s25_1)
                                                         net74 (net)
                      0.175080    0.001811    1.405514 ^ fanout73/A (sky130_fd_sc_hd__clkdlybuf4s25_1)
     8    0.034767    0.263333    0.344545    1.750059 ^ fanout73/X (sky130_fd_sc_hd__clkdlybuf4s25_1)
                                                         net73 (net)
                      0.263350    0.002280    1.752339 ^ _1236_/RESET_B (sky130_fd_sc_hd__dfrtp_2)
                                              1.752339   data arrival time

                                  0.000000    0.000000   clock rd_clk (rise edge)
                                  0.000000    0.000000   clock source latency
     1    0.014762    0.000000    0.000000    0.000000 ^ rd_clk (in)
                                                         rd_clk (net)
                      0.001946    0.000973    0.000973 ^ clkbuf_0_rd_clk/A (sky130_fd_sc_hd__clkbuf_16)
     4    0.039585    0.044672    0.088119    0.089092 ^ clkbuf_0_rd_clk/X (sky130_fd_sc_hd__clkbuf_16)
                                                         clknet_0_rd_clk (net)
                      0.044890    0.002168    0.091260 ^ clkbuf_2_3__f_rd_clk/A (sky130_fd_sc_hd__clkbuf_16)
     7    0.028137    0.036922    0.093564    0.184824 ^ clkbuf_2_3__f_rd_clk/X (sky130_fd_sc_hd__clkbuf_16)
                                                         clknet_2_3__leaf_rd_clk (net)
                      0.037024    0.001636    0.186459 ^ _1236_/CLK (sky130_fd_sc_hd__dfrtp_2)
                                  0.100000    0.286459   clock uncertainty
                                  0.000000    0.286459   clock reconvergence pessimism
                                  0.258359    0.544818   library removal time
                                              0.544818   data required time
---------------------------------------------------------------------------------------------
                                              0.544818   data required time
                                             -1.752339   data arrival time
---------------------------------------------------------------------------------------------
                                              1.207520   slack (MET)


Startpoint: _1203_ (rising edge-triggered flip-flop clocked by rd_clk)
Endpoint: _1212_ (removal check against rising-edge clock rd_clk)
Path Group: asynchronous
Path Type: min

Fanout         Cap        Slew       Delay        Time   Description
---------------------------------------------------------------------------------------------
                                  0.000000    0.000000   clock rd_clk (rise edge)
                                  0.000000    0.000000   clock source latency
     1    0.014762    0.000000    0.000000    0.000000 ^ rd_clk (in)
                                                         rd_clk (net)
                      0.001946    0.000973    0.000973 ^ clkbuf_0_rd_clk/A (sky130_fd_sc_hd__clkbuf_16)
     4    0.039585    0.044672    0.088119    0.089092 ^ clkbuf_0_rd_clk/X (sky130_fd_sc_hd__clkbuf_16)
                                                         clknet_0_rd_clk (net)
                      0.044890    0.002168    0.091260 ^ clkbuf_2_3__f_rd_clk/A (sky130_fd_sc_hd__clkbuf_16)
     7    0.028137    0.036922    0.093564    0.184824 ^ clkbuf_2_3__f_rd_clk/X (sky130_fd_sc_hd__clkbuf_16)
                                                         clknet_2_3__leaf_rd_clk (net)
                      0.037003    0.001470    0.186294 ^ _1203_/CLK (sky130_fd_sc_hd__dfrtp_2)
     2    0.008898    0.045080    0.227057    0.413351 ^ _1203_/Q (sky130_fd_sc_hd__dfrtp_2)
                                                         u_rd_reset_sync.sync_ff2 (net)
                      0.045082    0.000343    0.413694 ^ fanout76/A (sky130_fd_sc_hd__clkdlybuf4s25_1)
     8    0.044067    0.331085    0.371331    0.785025 ^ fanout76/X (sky130_fd_sc_hd__clkdlybuf4s25_1)
                                                         net76 (net)
                      0.331190    0.001784    0.786809 ^ fanout75/A (sky130_fd_sc_hd__clkdlybuf4s25_1)
     6    0.029619    0.224992    0.327565    1.114374 ^ fanout75/X (sky130_fd_sc_hd__clkdlybuf4s25_1)
                                                         net75 (net)
                      0.225002    0.001781    1.116155 ^ fanout74/A (sky130_fd_sc_hd__clkdlybuf4s25_1)
     5    0.022708    0.175063    0.287548    1.403703 ^ fanout74/X (sky130_fd_sc_hd__clkdlybuf4s25_1)
                                                         net74 (net)
                      0.175080    0.001811    1.405514 ^ fanout73/A (sky130_fd_sc_hd__clkdlybuf4s25_1)
     8    0.034767    0.263333    0.344545    1.750059 ^ fanout73/X (sky130_fd_sc_hd__clkdlybuf4s25_1)
                                                         net73 (net)
                      0.263346    0.002039    1.752098 ^ _1212_/RESET_B (sky130_fd_sc_hd__dfrtp_2)
                                              1.752098   data arrival time

                                  0.000000    0.000000   clock rd_clk (rise edge)
                                  0.000000    0.000000   clock source latency
     1    0.014762    0.000000    0.000000    0.000000 ^ rd_clk (in)
                                                         rd_clk (net)
                      0.001946    0.000973    0.000973 ^ clkbuf_0_rd_clk/A (sky130_fd_sc_hd__clkbuf_16)
     4    0.039585    0.044672    0.088119    0.089092 ^ clkbuf_0_rd_clk/X (sky130_fd_sc_hd__clkbuf_16)
                                                         clknet_0_rd_clk (net)
                      0.044856    0.001921    0.091013 ^ clkbuf_2_0__f_rd_clk/A (sky130_fd_sc_hd__clkbuf_16)
     8    0.023131    0.033281    0.090223    0.181236 ^ clkbuf_2_0__f_rd_clk/X (sky130_fd_sc_hd__clkbuf_16)
                                                         clknet_2_0__leaf_rd_clk (net)
                      0.033406    0.001333    0.182568 ^ _1212_/CLK (sky130_fd_sc_hd__dfrtp_2)
                                  0.100000    0.282568   clock uncertainty
                                  0.000000    0.282568   clock reconvergence pessimism
                                  0.257872    0.540440   library removal time
                                              0.540440   data required time
---------------------------------------------------------------------------------------------
                                              0.540440   data required time
                                             -1.752098   data arrival time
---------------------------------------------------------------------------------------------
                                              1.211658   slack (MET)


Startpoint: _1203_ (rising edge-triggered flip-flop clocked by rd_clk)
Endpoint: _1207_ (removal check against rising-edge clock rd_clk)
Path Group: asynchronous
Path Type: min

Fanout         Cap        Slew       Delay        Time   Description
---------------------------------------------------------------------------------------------
                                  0.000000    0.000000   clock rd_clk (rise edge)
                                  0.000000    0.000000   clock source latency
     1    0.014762    0.000000    0.000000    0.000000 ^ rd_clk (in)
                                                         rd_clk (net)
                      0.001946    0.000973    0.000973 ^ clkbuf_0_rd_clk/A (sky130_fd_sc_hd__clkbuf_16)
     4    0.039585    0.044672    0.088119    0.089092 ^ clkbuf_0_rd_clk/X (sky130_fd_sc_hd__clkbuf_16)
                                                         clknet_0_rd_clk (net)
                      0.044890    0.002168    0.091260 ^ clkbuf_2_3__f_rd_clk/A (sky130_fd_sc_hd__clkbuf_16)
     7    0.028137    0.036922    0.093564    0.184824 ^ clkbuf_2_3__f_rd_clk/X (sky130_fd_sc_hd__clkbuf_16)
                                                         clknet_2_3__leaf_rd_clk (net)
                      0.037003    0.001470    0.186294 ^ _1203_/CLK (sky130_fd_sc_hd__dfrtp_2)
     2    0.008898    0.045080    0.227057    0.413351 ^ _1203_/Q (sky130_fd_sc_hd__dfrtp_2)
                                                         u_rd_reset_sync.sync_ff2 (net)
                      0.045082    0.000343    0.413694 ^ fanout76/A (sky130_fd_sc_hd__clkdlybuf4s25_1)
     8    0.044067    0.331085    0.371331    0.785025 ^ fanout76/X (sky130_fd_sc_hd__clkdlybuf4s25_1)
                                                         net76 (net)
                      0.331190    0.001784    0.786809 ^ fanout75/A (sky130_fd_sc_hd__clkdlybuf4s25_1)
     6    0.029619    0.224992    0.327565    1.114374 ^ fanout75/X (sky130_fd_sc_hd__clkdlybuf4s25_1)
                                                         net75 (net)
                      0.225002    0.001781    1.116155 ^ fanout74/A (sky130_fd_sc_hd__clkdlybuf4s25_1)
     5    0.022708    0.175063    0.287548    1.403703 ^ fanout74/X (sky130_fd_sc_hd__clkdlybuf4s25_1)
                                                         net74 (net)
                      0.175080    0.001811    1.405514 ^ fanout73/A (sky130_fd_sc_hd__clkdlybuf4s25_1)
     8    0.034767    0.263333    0.344545    1.750059 ^ fanout73/X (sky130_fd_sc_hd__clkdlybuf4s25_1)
                                                         net73 (net)
                      0.263350    0.002274    1.752332 ^ _1207_/RESET_B (sky130_fd_sc_hd__dfrtp_2)
                                              1.752332   data arrival time

                                  0.000000    0.000000   clock rd_clk (rise edge)
                                  0.000000    0.000000   clock source latency
     1    0.014762    0.000000    0.000000    0.000000 ^ rd_clk (in)
                                                         rd_clk (net)
                      0.001946    0.000973    0.000973 ^ clkbuf_0_rd_clk/A (sky130_fd_sc_hd__clkbuf_16)
     4    0.039585    0.044672    0.088119    0.089092 ^ clkbuf_0_rd_clk/X (sky130_fd_sc_hd__clkbuf_16)
                                                         clknet_0_rd_clk (net)
                      0.044856    0.001921    0.091013 ^ clkbuf_2_0__f_rd_clk/A (sky130_fd_sc_hd__clkbuf_16)
     8    0.023131    0.033281    0.090223    0.181236 ^ clkbuf_2_0__f_rd_clk/X (sky130_fd_sc_hd__clkbuf_16)
                                                         clknet_2_0__leaf_rd_clk (net)
                      0.033424    0.001482    0.182718 ^ _1207_/CLK (sky130_fd_sc_hd__dfrtp_2)
                                  0.100000    0.282718   clock uncertainty
                                  0.000000    0.282718   clock reconvergence pessimism
                                  0.257875    0.540593   library removal time
                                              0.540593   data required time
---------------------------------------------------------------------------------------------
                                              0.540593   data required time
                                             -1.752332   data arrival time
---------------------------------------------------------------------------------------------
                                              1.211739   slack (MET)


Startpoint: _1203_ (rising edge-triggered flip-flop clocked by rd_clk)
Endpoint: _1208_ (removal check against rising-edge clock rd_clk)
Path Group: asynchronous
Path Type: min

Fanout         Cap        Slew       Delay        Time   Description
---------------------------------------------------------------------------------------------
                                  0.000000    0.000000   clock rd_clk (rise edge)
                                  0.000000    0.000000   clock source latency
     1    0.014762    0.000000    0.000000    0.000000 ^ rd_clk (in)
                                                         rd_clk (net)
                      0.001946    0.000973    0.000973 ^ clkbuf_0_rd_clk/A (sky130_fd_sc_hd__clkbuf_16)
     4    0.039585    0.044672    0.088119    0.089092 ^ clkbuf_0_rd_clk/X (sky130_fd_sc_hd__clkbuf_16)
                                                         clknet_0_rd_clk (net)
                      0.044890    0.002168    0.091260 ^ clkbuf_2_3__f_rd_clk/A (sky130_fd_sc_hd__clkbuf_16)
     7    0.028137    0.036922    0.093564    0.184824 ^ clkbuf_2_3__f_rd_clk/X (sky130_fd_sc_hd__clkbuf_16)
                                                         clknet_2_3__leaf_rd_clk (net)
                      0.037003    0.001470    0.186294 ^ _1203_/CLK (sky130_fd_sc_hd__dfrtp_2)
     2    0.008898    0.045080    0.227057    0.413351 ^ _1203_/Q (sky130_fd_sc_hd__dfrtp_2)
                                                         u_rd_reset_sync.sync_ff2 (net)
                      0.045082    0.000343    0.413694 ^ fanout76/A (sky130_fd_sc_hd__clkdlybuf4s25_1)
     8    0.044067    0.331085    0.371331    0.785025 ^ fanout76/X (sky130_fd_sc_hd__clkdlybuf4s25_1)
                                                         net76 (net)
                      0.331190    0.001784    0.786809 ^ fanout75/A (sky130_fd_sc_hd__clkdlybuf4s25_1)
     6    0.029619    0.224992    0.327565    1.114374 ^ fanout75/X (sky130_fd_sc_hd__clkdlybuf4s25_1)
                                                         net75 (net)
                      0.225002    0.001781    1.116155 ^ fanout74/A (sky130_fd_sc_hd__clkdlybuf4s25_1)
     5    0.022708    0.175063    0.287548    1.403703 ^ fanout74/X (sky130_fd_sc_hd__clkdlybuf4s25_1)
                                                         net74 (net)
                      0.175080    0.001811    1.405514 ^ fanout73/A (sky130_fd_sc_hd__clkdlybuf4s25_1)
     8    0.034767    0.263333    0.344545    1.750059 ^ fanout73/X (sky130_fd_sc_hd__clkdlybuf4s25_1)
                                                         net73 (net)
                      0.263347    0.002104    1.752162 ^ _1208_/RESET_B (sky130_fd_sc_hd__dfrtp_2)
                                              1.752162   data arrival time

                                  0.000000    0.000000   clock rd_clk (rise edge)
                                  0.000000    0.000000   clock source latency
     1    0.014762    0.000000    0.000000    0.000000 ^ rd_clk (in)
                                                         rd_clk (net)
                      0.001946    0.000973    0.000973 ^ clkbuf_0_rd_clk/A (sky130_fd_sc_hd__clkbuf_16)
     4    0.039585    0.044672    0.088119    0.089092 ^ clkbuf_0_rd_clk/X (sky130_fd_sc_hd__clkbuf_16)
                                                         clknet_0_rd_clk (net)
                      0.044856    0.001921    0.091013 ^ clkbuf_2_0__f_rd_clk/A (sky130_fd_sc_hd__clkbuf_16)
     8    0.023131    0.033281    0.090223    0.181236 ^ clkbuf_2_0__f_rd_clk/X (sky130_fd_sc_hd__clkbuf_16)
                                                         clknet_2_0__leaf_rd_clk (net)
                      0.033398    0.001267    0.182503 ^ _1208_/CLK (sky130_fd_sc_hd__dfrtp_2)
                                  0.100000    0.282503   clock uncertainty
                                  0.000000    0.282503   clock reconvergence pessimism
                                  0.257871    0.540374   library removal time
                                              0.540374   data required time
---------------------------------------------------------------------------------------------
                                              0.540374   data required time
                                             -1.752162   data arrival time
---------------------------------------------------------------------------------------------
                                              1.211788   slack (MET)


Startpoint: _1203_ (rising edge-triggered flip-flop clocked by rd_clk)
Endpoint: _1210_ (removal check against rising-edge clock rd_clk)
Path Group: asynchronous
Path Type: min

Fanout         Cap        Slew       Delay        Time   Description
---------------------------------------------------------------------------------------------
                                  0.000000    0.000000   clock rd_clk (rise edge)
                                  0.000000    0.000000   clock source latency
     1    0.014762    0.000000    0.000000    0.000000 ^ rd_clk (in)
                                                         rd_clk (net)
                      0.001946    0.000973    0.000973 ^ clkbuf_0_rd_clk/A (sky130_fd_sc_hd__clkbuf_16)
     4    0.039585    0.044672    0.088119    0.089092 ^ clkbuf_0_rd_clk/X (sky130_fd_sc_hd__clkbuf_16)
                                                         clknet_0_rd_clk (net)
                      0.044890    0.002168    0.091260 ^ clkbuf_2_3__f_rd_clk/A (sky130_fd_sc_hd__clkbuf_16)
     7    0.028137    0.036922    0.093564    0.184824 ^ clkbuf_2_3__f_rd_clk/X (sky130_fd_sc_hd__clkbuf_16)
                                                         clknet_2_3__leaf_rd_clk (net)
                      0.037003    0.001470    0.186294 ^ _1203_/CLK (sky130_fd_sc_hd__dfrtp_2)
     2    0.008898    0.045080    0.227057    0.413351 ^ _1203_/Q (sky130_fd_sc_hd__dfrtp_2)
                                                         u_rd_reset_sync.sync_ff2 (net)
                      0.045082    0.000343    0.413694 ^ fanout76/A (sky130_fd_sc_hd__clkdlybuf4s25_1)
     8    0.044067    0.331085    0.371331    0.785025 ^ fanout76/X (sky130_fd_sc_hd__clkdlybuf4s25_1)
                                                         net76 (net)
                      0.331190    0.001784    0.786809 ^ fanout75/A (sky130_fd_sc_hd__clkdlybuf4s25_1)
     6    0.029619    0.224992    0.327565    1.114374 ^ fanout75/X (sky130_fd_sc_hd__clkdlybuf4s25_1)
                                                         net75 (net)
                      0.225002    0.001781    1.116155 ^ fanout74/A (sky130_fd_sc_hd__clkdlybuf4s25_1)
     5    0.022708    0.175063    0.287548    1.403703 ^ fanout74/X (sky130_fd_sc_hd__clkdlybuf4s25_1)
                                                         net74 (net)
                      0.175080    0.001811    1.405514 ^ fanout73/A (sky130_fd_sc_hd__clkdlybuf4s25_1)
     8    0.034767    0.263333    0.344545    1.750059 ^ fanout73/X (sky130_fd_sc_hd__clkdlybuf4s25_1)
                                                         net73 (net)
                      0.263337    0.001417    1.751476 ^ _1210_/RESET_B (sky130_fd_sc_hd__dfrtp_2)
                                              1.751476   data arrival time

                                  0.000000    0.000000   clock rd_clk (rise edge)
                                  0.000000    0.000000   clock source latency
     1    0.014762    0.000000    0.000000    0.000000 ^ rd_clk (in)
                                                         rd_clk (net)
                      0.001946    0.000973    0.000973 ^ clkbuf_0_rd_clk/A (sky130_fd_sc_hd__clkbuf_16)
     4    0.039585    0.044672    0.088119    0.089092 ^ clkbuf_0_rd_clk/X (sky130_fd_sc_hd__clkbuf_16)
                                                         clknet_0_rd_clk (net)
                      0.044861    0.001963    0.091055 ^ clkbuf_2_1__f_rd_clk/A (sky130_fd_sc_hd__clkbuf_16)
     7    0.021526    0.032227    0.089221    0.180276 ^ clkbuf_2_1__f_rd_clk/X (sky130_fd_sc_hd__clkbuf_16)
                                                         clknet_2_1__leaf_rd_clk (net)
                      0.032256    0.000906    0.181182 ^ _1210_/CLK (sky130_fd_sc_hd__dfrtp_2)
                                  0.100000    0.281182   clock uncertainty
                                  0.000000    0.281182   clock reconvergence pessimism
                                  0.257715    0.538897   library removal time
                                              0.538897   data required time
---------------------------------------------------------------------------------------------
                                              0.538897   data required time
                                             -1.751476   data arrival time
---------------------------------------------------------------------------------------------
                                              1.212579   slack (MET)


Startpoint: _1203_ (rising edge-triggered flip-flop clocked by rd_clk)
Endpoint: _1205_ (removal check against rising-edge clock rd_clk)
Path Group: asynchronous
Path Type: min

Fanout         Cap        Slew       Delay        Time   Description
---------------------------------------------------------------------------------------------
                                  0.000000    0.000000   clock rd_clk (rise edge)
                                  0.000000    0.000000   clock source latency
     1    0.014762    0.000000    0.000000    0.000000 ^ rd_clk (in)
                                                         rd_clk (net)
                      0.001946    0.000973    0.000973 ^ clkbuf_0_rd_clk/A (sky130_fd_sc_hd__clkbuf_16)
     4    0.039585    0.044672    0.088119    0.089092 ^ clkbuf_0_rd_clk/X (sky130_fd_sc_hd__clkbuf_16)
                                                         clknet_0_rd_clk (net)
                      0.044890    0.002168    0.091260 ^ clkbuf_2_3__f_rd_clk/A (sky130_fd_sc_hd__clkbuf_16)
     7    0.028137    0.036922    0.093564    0.184824 ^ clkbuf_2_3__f_rd_clk/X (sky130_fd_sc_hd__clkbuf_16)
                                                         clknet_2_3__leaf_rd_clk (net)
                      0.037003    0.001470    0.186294 ^ _1203_/CLK (sky130_fd_sc_hd__dfrtp_2)
     2    0.008898    0.045080    0.227057    0.413351 ^ _1203_/Q (sky130_fd_sc_hd__dfrtp_2)
                                                         u_rd_reset_sync.sync_ff2 (net)
                      0.045082    0.000343    0.413694 ^ fanout76/A (sky130_fd_sc_hd__clkdlybuf4s25_1)
     8    0.044067    0.331085    0.371331    0.785025 ^ fanout76/X (sky130_fd_sc_hd__clkdlybuf4s25_1)
                                                         net76 (net)
                      0.331190    0.001784    0.786809 ^ fanout75/A (sky130_fd_sc_hd__clkdlybuf4s25_1)
     6    0.029619    0.224992    0.327565    1.114374 ^ fanout75/X (sky130_fd_sc_hd__clkdlybuf4s25_1)
                                                         net75 (net)
                      0.225002    0.001781    1.116155 ^ fanout74/A (sky130_fd_sc_hd__clkdlybuf4s25_1)
     5    0.022708    0.175063    0.287548    1.403703 ^ fanout74/X (sky130_fd_sc_hd__clkdlybuf4s25_1)
                                                         net74 (net)
                      0.175080    0.001811    1.405514 ^ fanout73/A (sky130_fd_sc_hd__clkdlybuf4s25_1)
     8    0.034767    0.263333    0.344545    1.750059 ^ fanout73/X (sky130_fd_sc_hd__clkdlybuf4s25_1)
                                                         net73 (net)
                      0.263341    0.001767    1.751826 ^ _1205_/RESET_B (sky130_fd_sc_hd__dfrtp_2)
                                              1.751826   data arrival time

                                  0.000000    0.000000   clock rd_clk (rise edge)
                                  0.000000    0.000000   clock source latency
     1    0.014762    0.000000    0.000000    0.000000 ^ rd_clk (in)
                                                         rd_clk (net)
                      0.001946    0.000973    0.000973 ^ clkbuf_0_rd_clk/A (sky130_fd_sc_hd__clkbuf_16)
     4    0.039585    0.044672    0.088119    0.089092 ^ clkbuf_0_rd_clk/X (sky130_fd_sc_hd__clkbuf_16)
                                                         clknet_0_rd_clk (net)
                      0.044861    0.001963    0.091055 ^ clkbuf_2_1__f_rd_clk/A (sky130_fd_sc_hd__clkbuf_16)
     7    0.021526    0.032227    0.089221    0.180276 ^ clkbuf_2_1__f_rd_clk/X (sky130_fd_sc_hd__clkbuf_16)
                                                         clknet_2_1__leaf_rd_clk (net)
                      0.032273    0.001099    0.181374 ^ _1205_/CLK (sky130_fd_sc_hd__dfrtp_2)
                                  0.100000    0.281374   clock uncertainty
                                  0.000000    0.281374   clock reconvergence pessimism
                                  0.257718    0.539093   library removal time
                                              0.539093   data required time
---------------------------------------------------------------------------------------------
                                              0.539093   data required time
                                             -1.751826   data arrival time
---------------------------------------------------------------------------------------------
                                              1.212733   slack (MET)


Startpoint: _1203_ (rising edge-triggered flip-flop clocked by rd_clk)
Endpoint: _1206_ (removal check against rising-edge clock rd_clk)
Path Group: asynchronous
Path Type: min

Fanout         Cap        Slew       Delay        Time   Description
---------------------------------------------------------------------------------------------
                                  0.000000    0.000000   clock rd_clk (rise edge)
                                  0.000000    0.000000   clock source latency
     1    0.014762    0.000000    0.000000    0.000000 ^ rd_clk (in)
                                                         rd_clk (net)
                      0.001946    0.000973    0.000973 ^ clkbuf_0_rd_clk/A (sky130_fd_sc_hd__clkbuf_16)
     4    0.039585    0.044672    0.088119    0.089092 ^ clkbuf_0_rd_clk/X (sky130_fd_sc_hd__clkbuf_16)
                                                         clknet_0_rd_clk (net)
                      0.044890    0.002168    0.091260 ^ clkbuf_2_3__f_rd_clk/A (sky130_fd_sc_hd__clkbuf_16)
     7    0.028137    0.036922    0.093564    0.184824 ^ clkbuf_2_3__f_rd_clk/X (sky130_fd_sc_hd__clkbuf_16)
                                                         clknet_2_3__leaf_rd_clk (net)
                      0.037003    0.001470    0.186294 ^ _1203_/CLK (sky130_fd_sc_hd__dfrtp_2)
     2    0.008898    0.045080    0.227057    0.413351 ^ _1203_/Q (sky130_fd_sc_hd__dfrtp_2)
                                                         u_rd_reset_sync.sync_ff2 (net)
                      0.045082    0.000343    0.413694 ^ fanout76/A (sky130_fd_sc_hd__clkdlybuf4s25_1)
     8    0.044067    0.331085    0.371331    0.785025 ^ fanout76/X (sky130_fd_sc_hd__clkdlybuf4s25_1)
                                                         net76 (net)
                      0.331190    0.001784    0.786809 ^ fanout75/A (sky130_fd_sc_hd__clkdlybuf4s25_1)
     6    0.029619    0.224992    0.327565    1.114374 ^ fanout75/X (sky130_fd_sc_hd__clkdlybuf4s25_1)
                                                         net75 (net)
                      0.225002    0.001781    1.116155 ^ fanout74/A (sky130_fd_sc_hd__clkdlybuf4s25_1)
     5    0.022708    0.175063    0.287548    1.403703 ^ fanout74/X (sky130_fd_sc_hd__clkdlybuf4s25_1)
                                                         net74 (net)
                      0.175080    0.001811    1.405514 ^ fanout73/A (sky130_fd_sc_hd__clkdlybuf4s25_1)
     8    0.034767    0.263333    0.344545    1.750059 ^ fanout73/X (sky130_fd_sc_hd__clkdlybuf4s25_1)
                                                         net73 (net)
                      0.263342    0.001793    1.751852 ^ _1206_/RESET_B (sky130_fd_sc_hd__dfrtp_2)
                                              1.751852   data arrival time

                                  0.000000    0.000000   clock rd_clk (rise edge)
                                  0.000000    0.000000   clock source latency
     1    0.014762    0.000000    0.000000    0.000000 ^ rd_clk (in)
                                                         rd_clk (net)
                      0.001946    0.000973    0.000973 ^ clkbuf_0_rd_clk/A (sky130_fd_sc_hd__clkbuf_16)
     4    0.039585    0.044672    0.088119    0.089092 ^ clkbuf_0_rd_clk/X (sky130_fd_sc_hd__clkbuf_16)
                                                         clknet_0_rd_clk (net)
                      0.044861    0.001963    0.091055 ^ clkbuf_2_1__f_rd_clk/A (sky130_fd_sc_hd__clkbuf_16)
     7    0.021526    0.032227    0.089221    0.180276 ^ clkbuf_2_1__f_rd_clk/X (sky130_fd_sc_hd__clkbuf_16)
                                                         clknet_2_1__leaf_rd_clk (net)
                      0.032276    0.001122    0.181398 ^ _1206_/CLK (sky130_fd_sc_hd__dfrtp_2)
                                  0.100000    0.281398   clock uncertainty
                                  0.000000    0.281398   clock reconvergence pessimism
                                  0.257719    0.539116   library removal time
                                              0.539116   data required time
---------------------------------------------------------------------------------------------
                                              0.539116   data required time
                                             -1.751852   data arrival time
---------------------------------------------------------------------------------------------
                                              1.212735   slack (MET)


Startpoint: _1203_ (rising edge-triggered flip-flop clocked by rd_clk)
Endpoint: _1211_ (removal check against rising-edge clock rd_clk)
Path Group: asynchronous
Path Type: min

Fanout         Cap        Slew       Delay        Time   Description
---------------------------------------------------------------------------------------------
                                  0.000000    0.000000   clock rd_clk (rise edge)
                                  0.000000    0.000000   clock source latency
     1    0.014762    0.000000    0.000000    0.000000 ^ rd_clk (in)
                                                         rd_clk (net)
                      0.001946    0.000973    0.000973 ^ clkbuf_0_rd_clk/A (sky130_fd_sc_hd__clkbuf_16)
     4    0.039585    0.044672    0.088119    0.089092 ^ clkbuf_0_rd_clk/X (sky130_fd_sc_hd__clkbuf_16)
                                                         clknet_0_rd_clk (net)
                      0.044890    0.002168    0.091260 ^ clkbuf_2_3__f_rd_clk/A (sky130_fd_sc_hd__clkbuf_16)
     7    0.028137    0.036922    0.093564    0.184824 ^ clkbuf_2_3__f_rd_clk/X (sky130_fd_sc_hd__clkbuf_16)
                                                         clknet_2_3__leaf_rd_clk (net)
                      0.037003    0.001470    0.186294 ^ _1203_/CLK (sky130_fd_sc_hd__dfrtp_2)
     2    0.008898    0.045080    0.227057    0.413351 ^ _1203_/Q (sky130_fd_sc_hd__dfrtp_2)
                                                         u_rd_reset_sync.sync_ff2 (net)
                      0.045082    0.000343    0.413694 ^ fanout76/A (sky130_fd_sc_hd__clkdlybuf4s25_1)
     8    0.044067    0.331085    0.371331    0.785025 ^ fanout76/X (sky130_fd_sc_hd__clkdlybuf4s25_1)
                                                         net76 (net)
                      0.331190    0.001784    0.786809 ^ fanout75/A (sky130_fd_sc_hd__clkdlybuf4s25_1)
     6    0.029619    0.224992    0.327565    1.114374 ^ fanout75/X (sky130_fd_sc_hd__clkdlybuf4s25_1)
                                                         net75 (net)
                      0.225002    0.001781    1.116155 ^ fanout74/A (sky130_fd_sc_hd__clkdlybuf4s25_1)
     5    0.022708    0.175063    0.287548    1.403703 ^ fanout74/X (sky130_fd_sc_hd__clkdlybuf4s25_1)
                                                         net74 (net)
                      0.175080    0.001811    1.405514 ^ fanout73/A (sky130_fd_sc_hd__clkdlybuf4s25_1)
     8    0.034767    0.263333    0.344545    1.750059 ^ fanout73/X (sky130_fd_sc_hd__clkdlybuf4s25_1)
                                                         net73 (net)
                      0.263344    0.001967    1.752026 ^ _1211_/RESET_B (sky130_fd_sc_hd__dfrtp_2)
                                              1.752026   data arrival time

                                  0.000000    0.000000   clock rd_clk (rise edge)
                                  0.000000    0.000000   clock source latency
     1    0.014762    0.000000    0.000000    0.000000 ^ rd_clk (in)
                                                         rd_clk (net)
                      0.001946    0.000973    0.000973 ^ clkbuf_0_rd_clk/A (sky130_fd_sc_hd__clkbuf_16)
     4    0.039585    0.044672    0.088119    0.089092 ^ clkbuf_0_rd_clk/X (sky130_fd_sc_hd__clkbuf_16)
                                                         clknet_0_rd_clk (net)
                      0.044861    0.001963    0.091055 ^ clkbuf_2_1__f_rd_clk/A (sky130_fd_sc_hd__clkbuf_16)
     7    0.021526    0.032227    0.089221    0.180276 ^ clkbuf_2_1__f_rd_clk/X (sky130_fd_sc_hd__clkbuf_16)
                                                         clknet_2_1__leaf_rd_clk (net)
                      0.032272    0.001080    0.181356 ^ _1211_/CLK (sky130_fd_sc_hd__dfrtp_2)
                                  0.100000    0.281356   clock uncertainty
                                  0.000000    0.281356   clock reconvergence pessimism
                                  0.257719    0.539075   library removal time
                                              0.539075   data required time
---------------------------------------------------------------------------------------------
                                              0.539075   data required time
                                             -1.752026   data arrival time
---------------------------------------------------------------------------------------------
                                              1.212951   slack (MET)


Startpoint: afull_thresh[2] (input port clocked by wr_clk)
Endpoint: _1198_ (rising edge-triggered flip-flop clocked by wr_clk)
Path Group: wr_clk
Path Type: min

Fanout         Cap        Slew       Delay        Time   Description
---------------------------------------------------------------------------------------------
                                  0.000000    0.000000   clock wr_clk (rise edge)
                                  0.000000    0.000000   clock network delay (propagated)
                                  1.500000    1.500000 ^ input external delay
     1    0.003490    0.018129    0.007311    1.507311 ^ afull_thresh[2] (in)
                                                         afull_thresh[2] (net)
                      0.018129    0.000000    1.507311 ^ input7/A (sky130_fd_sc_hd__clkdlybuf4s25_1)
     1    0.002687    0.031000    0.153425    1.660736 ^ input7/X (sky130_fd_sc_hd__clkdlybuf4s25_1)
                                                         net7 (net)
                      0.031000    0.000181    1.660917 ^ _1198_/D (sky130_fd_sc_hd__dfrtp_2)
                                              1.660917   data arrival time

                                  0.000000    0.000000   clock wr_clk (rise edge)
                                  0.000000    0.000000   clock source latency
     1    0.027351    0.000000    0.000000    0.000000 ^ wr_clk (in)
                                                         wr_clk (net)
                      0.002217    0.001109    0.001109 ^ clkbuf_0_wr_clk/A (sky130_fd_sc_hd__clkbuf_16)
    16    0.111526    0.098120    0.123922    0.125030 ^ clkbuf_0_wr_clk/X (sky130_fd_sc_hd__clkbuf_16)
                                                         clknet_0_wr_clk (net)
                      0.098550    0.005286    0.130316 ^ clkbuf_4_10_0_wr_clk/A (sky130_fd_sc_hd__clkbuf_8)
     2    0.019905    0.038266    0.106055    0.236371 ^ clkbuf_4_10_0_wr_clk/X (sky130_fd_sc_hd__clkbuf_8)
                                                         clknet_4_10_0_wr_clk (net)
                      0.038308    0.001108    0.237479 ^ clkbuf_5_21__f_wr_clk/A (sky130_fd_sc_hd__clkbuf_16)
     6    0.021161    0.031945    0.086860    0.324339 ^ clkbuf_5_21__f_wr_clk/X (sky130_fd_sc_hd__clkbuf_16)
                                                         clknet_5_21__leaf_wr_clk (net)
                      0.032103    0.001804    0.326143 ^ _1198_/CLK (sky130_fd_sc_hd__dfrtp_2)
                                  0.100000    0.426143   clock uncertainty
                                  0.000000    0.426143   clock reconvergence pessimism
                                 -0.019712    0.406430   library hold time
                                              0.406430   data required time
---------------------------------------------------------------------------------------------
                                              0.406430   data required time
                                             -1.660917   data arrival time
---------------------------------------------------------------------------------------------
                                              1.254487   slack (MET)


Startpoint: afull_thresh[3] (input port clocked by wr_clk)
Endpoint: _1199_ (rising edge-triggered flip-flop clocked by wr_clk)
Path Group: wr_clk
Path Type: min

Fanout         Cap        Slew       Delay        Time   Description
---------------------------------------------------------------------------------------------
                                  0.000000    0.000000   clock wr_clk (rise edge)
                                  0.000000    0.000000   clock network delay (propagated)
                                  1.500000    1.500000 ^ input external delay
     1    0.003582    0.018285    0.007486    1.507486 ^ afull_thresh[3] (in)
                                                         afull_thresh[3] (net)
                      0.018285    0.000000    1.507486 ^ input8/A (sky130_fd_sc_hd__clkdlybuf4s25_1)
     1    0.002921    0.032567    0.154733    1.662219 ^ input8/X (sky130_fd_sc_hd__clkdlybuf4s25_1)
                                                         net8 (net)
                      0.032567    0.000203    1.662422 ^ _1199_/D (sky130_fd_sc_hd__dfrtp_2)
                                              1.662422   data arrival time

                                  0.000000    0.000000   clock wr_clk (rise edge)
                                  0.000000    0.000000   clock source latency
     1    0.027351    0.000000    0.000000    0.000000 ^ wr_clk (in)
                                                         wr_clk (net)
                      0.002217    0.001109    0.001109 ^ clkbuf_0_wr_clk/A (sky130_fd_sc_hd__clkbuf_16)
    16    0.111526    0.098120    0.123922    0.125030 ^ clkbuf_0_wr_clk/X (sky130_fd_sc_hd__clkbuf_16)
                                                         clknet_0_wr_clk (net)
                      0.098550    0.005286    0.130316 ^ clkbuf_4_10_0_wr_clk/A (sky130_fd_sc_hd__clkbuf_8)
     2    0.019905    0.038266    0.106055    0.236371 ^ clkbuf_4_10_0_wr_clk/X (sky130_fd_sc_hd__clkbuf_8)
                                                         clknet_4_10_0_wr_clk (net)
                      0.038308    0.001108    0.237479 ^ clkbuf_5_21__f_wr_clk/A (sky130_fd_sc_hd__clkbuf_16)
     6    0.021161    0.031945    0.086860    0.324339 ^ clkbuf_5_21__f_wr_clk/X (sky130_fd_sc_hd__clkbuf_16)
                                                         clknet_5_21__leaf_wr_clk (net)
                      0.032128    0.001974    0.326313 ^ _1199_/CLK (sky130_fd_sc_hd__dfrtp_2)
                                  0.100000    0.426313   clock uncertainty
                                  0.000000    0.426313   clock reconvergence pessimism
                                 -0.019827    0.406486   library hold time
                                              0.406486   data required time
---------------------------------------------------------------------------------------------
                                              0.406486   data required time
                                             -1.662422   data arrival time
---------------------------------------------------------------------------------------------
                                              1.255936   slack (MET)


Startpoint: afull_thresh[1] (input port clocked by wr_clk)
Endpoint: _1197_ (rising edge-triggered flip-flop clocked by wr_clk)
Path Group: wr_clk
Path Type: min

Fanout         Cap        Slew       Delay        Time   Description
---------------------------------------------------------------------------------------------
                                  0.000000    0.000000   clock wr_clk (rise edge)
                                  0.000000    0.000000   clock network delay (propagated)
                                  1.500000    1.500000 ^ input external delay
     1    0.003834    0.018711    0.007967    1.507967 ^ afull_thresh[1] (in)
                                                         afull_thresh[1] (net)
                      0.018714    0.000000    1.507967 ^ input6/A (sky130_fd_sc_hd__clkdlybuf4s25_1)
     1    0.002298    0.028460    0.151471    1.659438 ^ input6/X (sky130_fd_sc_hd__clkdlybuf4s25_1)
                                                         net6 (net)
                      0.028460    0.000167    1.659604 ^ _1197_/D (sky130_fd_sc_hd__dfrtp_2)
                                              1.659604   data arrival time

                                  0.000000    0.000000   clock wr_clk (rise edge)
                                  0.000000    0.000000   clock source latency
     1    0.027351    0.000000    0.000000    0.000000 ^ wr_clk (in)
                                                         wr_clk (net)
                      0.002217    0.001109    0.001109 ^ clkbuf_0_wr_clk/A (sky130_fd_sc_hd__clkbuf_16)
    16    0.111526    0.098120    0.123922    0.125030 ^ clkbuf_0_wr_clk/X (sky130_fd_sc_hd__clkbuf_16)
                                                         clknet_0_wr_clk (net)
                      0.098550    0.005286    0.130316 ^ clkbuf_4_10_0_wr_clk/A (sky130_fd_sc_hd__clkbuf_8)
     2    0.019905    0.038266    0.106055    0.236371 ^ clkbuf_4_10_0_wr_clk/X (sky130_fd_sc_hd__clkbuf_8)
                                                         clknet_4_10_0_wr_clk (net)
                      0.038310    0.001131    0.237502 ^ clkbuf_5_20__f_wr_clk/A (sky130_fd_sc_hd__clkbuf_16)
     5    0.014410    0.027477    0.082748    0.320250 ^ clkbuf_5_20__f_wr_clk/X (sky130_fd_sc_hd__clkbuf_16)
                                                         clknet_5_20__leaf_wr_clk (net)
                      0.027477    0.000281    0.320531 ^ _1197_/CLK (sky130_fd_sc_hd__dfrtp_2)
                                  0.100000    0.420531   clock uncertainty
                                  0.000000    0.420531   clock reconvergence pessimism
                                 -0.019648    0.400883   library hold time
                                              0.400883   data required time
---------------------------------------------------------------------------------------------
                                              0.400883   data required time
                                             -1.659604   data arrival time
---------------------------------------------------------------------------------------------
                                              1.258722   slack (MET)


Startpoint: afull_thresh[0] (input port clocked by wr_clk)
Endpoint: _1196_ (rising edge-triggered flip-flop clocked by wr_clk)
Path Group: wr_clk
Path Type: min

Fanout         Cap        Slew       Delay        Time   Description
---------------------------------------------------------------------------------------------
                                  0.000000    0.000000   clock wr_clk (rise edge)
                                  0.000000    0.000000   clock network delay (propagated)
                                  1.500000    1.500000 ^ input external delay
     1    0.003748    0.018566    0.007803    1.507803 ^ afull_thresh[0] (in)
                                                         afull_thresh[0] (net)
                      0.018569    0.000000    1.507803 ^ input5/A (sky130_fd_sc_hd__clkdlybuf4s25_1)
     1    0.003656    0.037536    0.158793    1.666596 ^ input5/X (sky130_fd_sc_hd__clkdlybuf4s25_1)
                                                         net5 (net)
                      0.037537    0.000241    1.666837 ^ _1196_/D (sky130_fd_sc_hd__dfrtp_2)
                                              1.666837   data arrival time

                                  0.000000    0.000000   clock wr_clk (rise edge)
                                  0.000000    0.000000   clock source latency
     1    0.027351    0.000000    0.000000    0.000000 ^ wr_clk (in)
                                                         wr_clk (net)
                      0.002217    0.001109    0.001109 ^ clkbuf_0_wr_clk/A (sky130_fd_sc_hd__clkbuf_16)
    16    0.111526    0.098120    0.123922    0.125030 ^ clkbuf_0_wr_clk/X (sky130_fd_sc_hd__clkbuf_16)
                                                         clknet_0_wr_clk (net)
                      0.098550    0.005286    0.130316 ^ clkbuf_4_10_0_wr_clk/A (sky130_fd_sc_hd__clkbuf_8)
     2    0.019905    0.038266    0.106055    0.236371 ^ clkbuf_4_10_0_wr_clk/X (sky130_fd_sc_hd__clkbuf_8)
                                                         clknet_4_10_0_wr_clk (net)
                      0.038310    0.001131    0.237502 ^ clkbuf_5_20__f_wr_clk/A (sky130_fd_sc_hd__clkbuf_16)
     5    0.014410    0.027477    0.082748    0.320250 ^ clkbuf_5_20__f_wr_clk/X (sky130_fd_sc_hd__clkbuf_16)
                                                         clknet_5_20__leaf_wr_clk (net)
                      0.027477    0.000202    0.320453 ^ _1196_/CLK (sky130_fd_sc_hd__dfrtp_2)
                                  0.100000    0.420453   clock uncertainty
                                  0.000000    0.420453   clock reconvergence pessimism
                                 -0.020314    0.400139   library hold time
                                              0.400139   data required time
---------------------------------------------------------------------------------------------
                                              0.400139   data required time
                                             -1.666837   data arrival time
---------------------------------------------------------------------------------------------
                                              1.266698   slack (MET)


Startpoint: aempty_thresh[0] (input port clocked by rd_clk)
Endpoint: _1191_ (rising edge-triggered flip-flop clocked by rd_clk)
Path Group: rd_clk
Path Type: min

Fanout         Cap        Slew       Delay        Time   Description
---------------------------------------------------------------------------------------------
                                  0.000000    0.000000   clock rd_clk (rise edge)
                                  0.000000    0.000000   clock network delay (propagated)
                                  1.500000    1.500000 ^ input external delay
     1    0.004804    0.020379    0.009821    1.509821 ^ aempty_thresh[0] (in)
                                                         aempty_thresh[0] (net)
                      0.020379    0.000000    1.509821 ^ input1/A (sky130_fd_sc_hd__clkdlybuf4s25_1)
     1    0.002516    0.029881    0.153101    1.662922 ^ input1/X (sky130_fd_sc_hd__clkdlybuf4s25_1)
                                                         net1 (net)
                      0.029881    0.000174    1.663096 ^ _1191_/D (sky130_fd_sc_hd__dfrtp_2)
                                              1.663096   data arrival time

                                  0.000000    0.000000   clock rd_clk (rise edge)
                                  0.000000    0.000000   clock source latency
     1    0.014762    0.000000    0.000000    0.000000 ^ rd_clk (in)
                                                         rd_clk (net)
                      0.001946    0.000973    0.000973 ^ clkbuf_0_rd_clk/A (sky130_fd_sc_hd__clkbuf_16)
     4    0.039585    0.044672    0.088119    0.089092 ^ clkbuf_0_rd_clk/X (sky130_fd_sc_hd__clkbuf_16)
                                                         clknet_0_rd_clk (net)
                      0.044893    0.002189    0.091281 ^ clkbuf_2_2__f_rd_clk/A (sky130_fd_sc_hd__clkbuf_16)
     8    0.032878    0.040103    0.096580    0.187861 ^ clkbuf_2_2__f_rd_clk/X (sky130_fd_sc_hd__clkbuf_16)
                                                         clknet_2_2__leaf_rd_clk (net)
                      0.040232    0.001764    0.189625 ^ _1191_/CLK (sky130_fd_sc_hd__dfrtp_2)
                                  0.100000    0.289625   clock uncertainty
                                  0.000000    0.289625   clock reconvergence pessimism
                                 -0.019416    0.270208   library hold time
                                              0.270208   data required time
---------------------------------------------------------------------------------------------
                                              0.270208   data required time
                                             -1.663096   data arrival time
---------------------------------------------------------------------------------------------
                                              1.392888   slack (MET)


Startpoint: aempty_thresh[3] (input port clocked by rd_clk)
Endpoint: _1194_ (rising edge-triggered flip-flop clocked by rd_clk)
Path Group: rd_clk
Path Type: min

Fanout         Cap        Slew       Delay        Time   Description
---------------------------------------------------------------------------------------------
                                  0.000000    0.000000   clock rd_clk (rise edge)
                                  0.000000    0.000000   clock network delay (propagated)
                                  1.500000    1.500000 ^ input external delay
     1    0.003108    0.017480    0.006588    1.506588 ^ aempty_thresh[3] (in)
                                                         aempty_thresh[3] (net)
                      0.017480    0.000000    1.506588 ^ input4/A (sky130_fd_sc_hd__clkdlybuf4s25_1)
     1    0.002718    0.031204    0.153419    1.660007 ^ input4/X (sky130_fd_sc_hd__clkdlybuf4s25_1)
                                                         net4 (net)
                      0.031204    0.000182    1.660189 ^ _1194_/D (sky130_fd_sc_hd__dfrtp_2)
                                              1.660189   data arrival time

                                  0.000000    0.000000   clock rd_clk (rise edge)
                                  0.000000    0.000000   clock source latency
     1    0.014762    0.000000    0.000000    0.000000 ^ rd_clk (in)
                                                         rd_clk (net)
                      0.001946    0.000973    0.000973 ^ clkbuf_0_rd_clk/A (sky130_fd_sc_hd__clkbuf_16)
     4    0.039585    0.044672    0.088119    0.089092 ^ clkbuf_0_rd_clk/X (sky130_fd_sc_hd__clkbuf_16)
                                                         clknet_0_rd_clk (net)
                      0.044890    0.002168    0.091260 ^ clkbuf_2_3__f_rd_clk/A (sky130_fd_sc_hd__clkbuf_16)
     7    0.028137    0.036922    0.093564    0.184824 ^ clkbuf_2_3__f_rd_clk/X (sky130_fd_sc_hd__clkbuf_16)
                                                         clknet_2_3__leaf_rd_clk (net)
                      0.036977    0.001235    0.186059 ^ _1194_/CLK (sky130_fd_sc_hd__dfrtp_2)
                                  0.100000    0.286059   clock uncertainty
                                  0.000000    0.286059   clock reconvergence pessimism
                                 -0.019599    0.266460   library hold time
                                              0.266460   data required time
---------------------------------------------------------------------------------------------
                                              0.266460   data required time
                                             -1.660189   data arrival time
---------------------------------------------------------------------------------------------
                                              1.393728   slack (MET)


Startpoint: aempty_thresh[2] (input port clocked by rd_clk)
Endpoint: _1193_ (rising edge-triggered flip-flop clocked by rd_clk)
Path Group: rd_clk
Path Type: min

Fanout         Cap        Slew       Delay        Time   Description
---------------------------------------------------------------------------------------------
                                  0.000000    0.000000   clock rd_clk (rise edge)
                                  0.000000    0.000000   clock network delay (propagated)
                                  1.500000    1.500000 ^ input external delay
     1    0.003725    0.018527    0.007760    1.507760 ^ aempty_thresh[2] (in)
                                                         aempty_thresh[2] (net)
                      0.018529    0.000000    1.507760 ^ input3/A (sky130_fd_sc_hd__clkdlybuf4s25_1)
     1    0.003337    0.035366    0.157057    1.664817 ^ input3/X (sky130_fd_sc_hd__clkdlybuf4s25_1)
                                                         net3 (net)
                      0.035385    0.000221    1.665038 ^ _1193_/D (sky130_fd_sc_hd__dfrtp_2)
                                              1.665038   data arrival time

                                  0.000000    0.000000   clock rd_clk (rise edge)
                                  0.000000    0.000000   clock source latency
     1    0.014762    0.000000    0.000000    0.000000 ^ rd_clk (in)
                                                         rd_clk (net)
                      0.001946    0.000973    0.000973 ^ clkbuf_0_rd_clk/A (sky130_fd_sc_hd__clkbuf_16)
     4    0.039585    0.044672    0.088119    0.089092 ^ clkbuf_0_rd_clk/X (sky130_fd_sc_hd__clkbuf_16)
                                                         clknet_0_rd_clk (net)
                      0.044893    0.002189    0.091281 ^ clkbuf_2_2__f_rd_clk/A (sky130_fd_sc_hd__clkbuf_16)
     8    0.032878    0.040103    0.096580    0.187861 ^ clkbuf_2_2__f_rd_clk/X (sky130_fd_sc_hd__clkbuf_16)
                                                         clknet_2_2__leaf_rd_clk (net)
                      0.040245    0.001878    0.189739 ^ _1193_/CLK (sky130_fd_sc_hd__dfrtp_2)
                                  0.100000    0.289739   clock uncertainty
                                  0.000000    0.289739   clock reconvergence pessimism
                                 -0.019819    0.269921   library hold time
                                              0.269921   data required time
---------------------------------------------------------------------------------------------
                                              0.269921   data required time
                                             -1.665038   data arrival time
---------------------------------------------------------------------------------------------
                                              1.395118   slack (MET)


Startpoint: aempty_thresh[1] (input port clocked by rd_clk)
Endpoint: _1192_ (rising edge-triggered flip-flop clocked by rd_clk)
Path Group: rd_clk
Path Type: min

Fanout         Cap        Slew       Delay        Time   Description
---------------------------------------------------------------------------------------------
                                  0.000000    0.000000   clock rd_clk (rise edge)
                                  0.000000    0.000000   clock network delay (propagated)
                                  1.500000    1.500000 ^ input external delay
     1    0.004147    0.019244    0.008566    1.508566 ^ aempty_thresh[1] (in)
                                                         aempty_thresh[1] (net)
                      0.019245    0.000000    1.508566 ^ input2/A (sky130_fd_sc_hd__clkdlybuf4s25_1)
     1    0.004155    0.040989    0.161537    1.670102 ^ input2/X (sky130_fd_sc_hd__clkdlybuf4s25_1)
                                                         net2 (net)
                      0.040991    0.000291    1.670393 ^ _1192_/D (sky130_fd_sc_hd__dfrtp_2)
                                              1.670393   data arrival time

                                  0.000000    0.000000   clock rd_clk (rise edge)
                                  0.000000    0.000000   clock source latency
     1    0.014762    0.000000    0.000000    0.000000 ^ rd_clk (in)
                                                         rd_clk (net)
                      0.001946    0.000973    0.000973 ^ clkbuf_0_rd_clk/A (sky130_fd_sc_hd__clkbuf_16)
     4    0.039585    0.044672    0.088119    0.089092 ^ clkbuf_0_rd_clk/X (sky130_fd_sc_hd__clkbuf_16)
                                                         clknet_0_rd_clk (net)
                      0.044893    0.002189    0.091281 ^ clkbuf_2_2__f_rd_clk/A (sky130_fd_sc_hd__clkbuf_16)
     8    0.032878    0.040103    0.096580    0.187861 ^ clkbuf_2_2__f_rd_clk/X (sky130_fd_sc_hd__clkbuf_16)
                                                         clknet_2_2__leaf_rd_clk (net)
                      0.040172    0.001683    0.189544 ^ _1192_/CLK (sky130_fd_sc_hd__dfrtp_2)
                                  0.100000    0.289544   clock uncertainty
                                  0.000000    0.289544   clock reconvergence pessimism
                                 -0.020231    0.269313   library hold time
                                              0.269313   data required time
---------------------------------------------------------------------------------------------
                                              0.269313   data required time
                                             -1.670393   data arrival time
---------------------------------------------------------------------------------------------
                                              1.401080   slack (MET)


Startpoint: _1190_ (rising edge-triggered flip-flop clocked by rd_clk)
Endpoint: aempty (output port clocked by rd_clk)
Path Group: rd_clk
Path Type: min

Fanout         Cap        Slew       Delay        Time   Description
---------------------------------------------------------------------------------------------
                                  0.000000    0.000000   clock rd_clk (rise edge)
                                  0.000000    0.000000   clock source latency
     1    0.014762    0.000000    0.000000    0.000000 ^ rd_clk (in)
                                                         rd_clk (net)
                      0.001946    0.000973    0.000973 ^ clkbuf_0_rd_clk/A (sky130_fd_sc_hd__clkbuf_16)
     4    0.039585    0.044672    0.088119    0.089092 ^ clkbuf_0_rd_clk/X (sky130_fd_sc_hd__clkbuf_16)
                                                         clknet_0_rd_clk (net)
                      0.044890    0.002168    0.091260 ^ clkbuf_2_3__f_rd_clk/A (sky130_fd_sc_hd__clkbuf_16)
     7    0.028137    0.036922    0.093564    0.184824 ^ clkbuf_2_3__f_rd_clk/X (sky130_fd_sc_hd__clkbuf_16)
                                                         clknet_2_3__leaf_rd_clk (net)
                      0.037007    0.001501    0.186325 ^ _1190_/CLK (sky130_fd_sc_hd__dfstp_2)
     1    0.002906    0.015560    0.221786    0.408111 v _1190_/Q (sky130_fd_sc_hd__dfstp_2)
                                                         net21 (net)
                      0.015560    0.000190    0.408301 v output21/A (sky130_fd_sc_hd__clkdlybuf4s25_1)
     1    0.016597    0.090782    0.205197    0.613498 v output21/X (sky130_fd_sc_hd__clkdlybuf4s25_1)
                                                         aempty (net)
                      0.090789    0.000865    0.614362 v aempty (out)
                                              0.614362   data arrival time

                                  0.000000    0.000000   clock rd_clk (rise edge)
                                  0.000000    0.000000   clock network delay (propagated)
                                  0.100000    0.100000   clock uncertainty
                                  0.000000    0.100000   clock reconvergence pessimism
                                 -1.500000   -1.400000   output external delay
                                             -1.400000   data required time
---------------------------------------------------------------------------------------------
                                             -1.400000   data required time
                                             -0.614362   data arrival time
---------------------------------------------------------------------------------------------
                                              2.014362   slack (MET)


Startpoint: _1238_ (rising edge-triggered flip-flop clocked by rd_clk)
Endpoint: empty (output port clocked by rd_clk)
Path Group: rd_clk
Path Type: min

Fanout         Cap        Slew       Delay        Time   Description
---------------------------------------------------------------------------------------------
                                  0.000000    0.000000   clock rd_clk (rise edge)
                                  0.000000    0.000000   clock source latency
     1    0.014762    0.000000    0.000000    0.000000 ^ rd_clk (in)
                                                         rd_clk (net)
                      0.001946    0.000973    0.000973 ^ clkbuf_0_rd_clk/A (sky130_fd_sc_hd__clkbuf_16)
     4    0.039585    0.044672    0.088119    0.089092 ^ clkbuf_0_rd_clk/X (sky130_fd_sc_hd__clkbuf_16)
                                                         clknet_0_rd_clk (net)
                      0.044861    0.001963    0.091055 ^ clkbuf_2_1__f_rd_clk/A (sky130_fd_sc_hd__clkbuf_16)
     7    0.021526    0.032227    0.089221    0.180276 ^ clkbuf_2_1__f_rd_clk/X (sky130_fd_sc_hd__clkbuf_16)
                                                         clknet_2_1__leaf_rd_clk (net)
                      0.032260    0.000954    0.181230 ^ _1238_/CLK (sky130_fd_sc_hd__dfstp_2)
     5    0.025303    0.047649    0.252127    0.433357 v _1238_/Q (sky130_fd_sc_hd__dfstp_2)
                                                         net23 (net)
                      0.047702    0.000799    0.434156 v output23/A (sky130_fd_sc_hd__clkdlybuf4s25_1)
     1    0.016180    0.088345    0.216578    0.650734 v output23/X (sky130_fd_sc_hd__clkdlybuf4s25_1)
                                                         empty (net)
                      0.088352    0.000817    0.651551 v empty (out)
                                              0.651551   data arrival time

                                  0.000000    0.000000   clock rd_clk (rise edge)
                                  0.000000    0.000000   clock network delay (propagated)
                                  0.100000    0.100000   clock uncertainty
                                  0.000000    0.100000   clock reconvergence pessimism
                                 -1.500000   -1.400000   output external delay
                                             -1.400000   data required time
---------------------------------------------------------------------------------------------
                                             -1.400000   data required time
                                             -0.651551   data arrival time
---------------------------------------------------------------------------------------------
                                              2.051551   slack (MET)


Startpoint: _1195_ (rising edge-triggered flip-flop clocked by wr_clk)
Endpoint: afull (output port clocked by wr_clk)
Path Group: wr_clk
Path Type: min

Fanout         Cap        Slew       Delay        Time   Description
---------------------------------------------------------------------------------------------
                                  0.000000    0.000000   clock wr_clk (rise edge)
                                  0.000000    0.000000   clock source latency
     1    0.027351    0.000000    0.000000    0.000000 ^ wr_clk (in)
                                                         wr_clk (net)
                      0.002217    0.001109    0.001109 ^ clkbuf_0_wr_clk/A (sky130_fd_sc_hd__clkbuf_16)
    16    0.111526    0.098120    0.123922    0.125030 ^ clkbuf_0_wr_clk/X (sky130_fd_sc_hd__clkbuf_16)
                                                         clknet_0_wr_clk (net)
                      0.098550    0.005286    0.130316 ^ clkbuf_4_10_0_wr_clk/A (sky130_fd_sc_hd__clkbuf_8)
     2    0.019905    0.038266    0.106055    0.236371 ^ clkbuf_4_10_0_wr_clk/X (sky130_fd_sc_hd__clkbuf_8)
                                                         clknet_4_10_0_wr_clk (net)
                      0.038308    0.001108    0.237479 ^ clkbuf_5_21__f_wr_clk/A (sky130_fd_sc_hd__clkbuf_16)
     6    0.021161    0.031945    0.086860    0.324339 ^ clkbuf_5_21__f_wr_clk/X (sky130_fd_sc_hd__clkbuf_16)
                                                         clknet_5_21__leaf_wr_clk (net)
                      0.032169    0.002232    0.326571 ^ _1195_/CLK (sky130_fd_sc_hd__dfrtp_2)
     1    0.003401    0.027738    0.208455    0.535026 ^ _1195_/Q (sky130_fd_sc_hd__dfrtp_2)
                                                         net22 (net)
                      0.027740    0.000241    0.535267 ^ output22/A (sky130_fd_sc_hd__clkdlybuf4s25_1)
     1    0.016198    0.127593    0.225174    0.760441 ^ output22/X (sky130_fd_sc_hd__clkdlybuf4s25_1)
                                                         afull (net)
                      0.127596    0.000842    0.761283 ^ afull (out)
                                              0.761283   data arrival time

                                  0.000000    0.000000   clock wr_clk (rise edge)
                                  0.000000    0.000000   clock network delay (propagated)
                                  0.100000    0.100000   clock uncertainty
                                  0.000000    0.100000   clock reconvergence pessimism
                                 -1.500000   -1.400000   output external delay
                                             -1.400000   data required time
---------------------------------------------------------------------------------------------
                                             -1.400000   data required time
                                             -0.761283   data arrival time
---------------------------------------------------------------------------------------------
                                              2.161283   slack (MET)


Startpoint: _1228_ (rising edge-triggered flip-flop clocked by wr_clk)
Endpoint: full (output port clocked by wr_clk)
Path Group: wr_clk
Path Type: min

Fanout         Cap        Slew       Delay        Time   Description
---------------------------------------------------------------------------------------------
                                  0.000000    0.000000   clock wr_clk (rise edge)
                                  0.000000    0.000000   clock source latency
     1    0.027351    0.000000    0.000000    0.000000 ^ wr_clk (in)
                                                         wr_clk (net)
                      0.002217    0.001109    0.001109 ^ clkbuf_0_wr_clk/A (sky130_fd_sc_hd__clkbuf_16)
    16    0.111526    0.098120    0.123922    0.125030 ^ clkbuf_0_wr_clk/X (sky130_fd_sc_hd__clkbuf_16)
                                                         clknet_0_wr_clk (net)
                      0.098338    0.003842    0.128872 ^ clkbuf_4_14_0_wr_clk/A (sky130_fd_sc_hd__clkbuf_8)
     2    0.019680    0.038125    0.105682    0.234554 ^ clkbuf_4_14_0_wr_clk/X (sky130_fd_sc_hd__clkbuf_8)
                                                         clknet_4_14_0_wr_clk (net)
                      0.038183    0.001290    0.235844 ^ clkbuf_5_29__f_wr_clk/A (sky130_fd_sc_hd__clkbuf_16)
     5    0.015367    0.028136    0.083186    0.319029 ^ clkbuf_5_29__f_wr_clk/X (sky130_fd_sc_hd__clkbuf_16)
                                                         clknet_5_29__leaf_wr_clk (net)
                      0.028145    0.000889    0.319918 ^ _1228_/CLK (sky130_fd_sc_hd__dfrtp_2)
     3    0.016453    0.068611    0.245220    0.565138 ^ _1228_/Q (sky130_fd_sc_hd__dfrtp_2)
                                                         net24 (net)
                      0.068615    0.000609    0.565747 ^ output24/A (sky130_fd_sc_hd__clkdlybuf4s25_1)
     1    0.015911    0.125333    0.234108    0.799855 ^ output24/X (sky130_fd_sc_hd__clkdlybuf4s25_1)
                                                         full (net)
                      0.125336    0.000759    0.800614 ^ full (out)
                                              0.800614   data arrival time

                                  0.000000    0.000000   clock wr_clk (rise edge)
                                  0.000000    0.000000   clock network delay (propagated)
                                  0.100000    0.100000   clock uncertainty
                                  0.000000    0.100000   clock reconvergence pessimism
                                 -1.500000   -1.400000   output external delay
                                             -1.400000   data required time
---------------------------------------------------------------------------------------------
                                             -1.400000   data required time
                                             -0.800614   data arrival time
---------------------------------------------------------------------------------------------
                                              2.200614   slack (MET)


Startpoint: _1242_ (rising edge-triggered flip-flop clocked by rd_clk)
Endpoint: rd_data[6] (output port clocked by rd_clk)
Path Group: rd_clk
Path Type: min

Fanout         Cap        Slew       Delay        Time   Description
---------------------------------------------------------------------------------------------
                                  0.000000    0.000000   clock rd_clk (rise edge)
                                  0.000000    0.000000   clock source latency
     1    0.014762    0.000000    0.000000    0.000000 ^ rd_clk (in)
                                                         rd_clk (net)
                      0.001946    0.000973    0.000973 ^ clkbuf_0_rd_clk/A (sky130_fd_sc_hd__clkbuf_16)
     4    0.039585    0.044672    0.088119    0.089092 ^ clkbuf_0_rd_clk/X (sky130_fd_sc_hd__clkbuf_16)
                                                         clknet_0_rd_clk (net)
                      0.044893    0.002189    0.091281 ^ clkbuf_2_2__f_rd_clk/A (sky130_fd_sc_hd__clkbuf_16)
     8    0.032878    0.040103    0.096580    0.187861 ^ clkbuf_2_2__f_rd_clk/X (sky130_fd_sc_hd__clkbuf_16)
                                                         clknet_2_2__leaf_rd_clk (net)
                      0.040262    0.002013    0.189875 ^ _1242_/CLK (sky130_fd_sc_hd__dfrtp_2)
     7    0.060290    0.216696    0.354296    0.544171 ^ _1242_/Q (sky130_fd_sc_hd__dfrtp_2)
                                                         rd_ptr_bin[3] (net)
                      0.216743    0.003127    0.547298 ^ _0775_/A1 (sky130_fd_sc_hd__a21bo_2)
     1    0.005480    0.030491    0.101631    0.648929 ^ _0775_/X (sky130_fd_sc_hd__a21bo_2)
                                                         net31 (net)
                      0.030498    0.000419    0.649348 ^ output31/A (sky130_fd_sc_hd__clkdlybuf4s25_1)
     1    0.016398    0.129034    0.226970    0.876317 ^ output31/X (sky130_fd_sc_hd__clkdlybuf4s25_1)
                                                         rd_data[6] (net)
                      0.129037    0.000847    0.877165 ^ rd_data[6] (out)
                                              0.877165   data arrival time

                                  0.000000    0.000000   clock rd_clk (rise edge)
                                  0.000000    0.000000   clock network delay (propagated)
                                  0.100000    0.100000   clock uncertainty
                                  0.000000    0.100000   clock reconvergence pessimism
                                 -1.500000   -1.400000   output external delay
                                             -1.400000   data required time
---------------------------------------------------------------------------------------------
                                             -1.400000   data required time
                                             -0.877165   data arrival time
---------------------------------------------------------------------------------------------
                                              2.277164   slack (MET)


Startpoint: _1242_ (rising edge-triggered flip-flop clocked by rd_clk)
Endpoint: rd_data[1] (output port clocked by rd_clk)
Path Group: rd_clk
Path Type: min

Fanout         Cap        Slew       Delay        Time   Description
---------------------------------------------------------------------------------------------
                                  0.000000    0.000000   clock rd_clk (rise edge)
                                  0.000000    0.000000   clock source latency
     1    0.014762    0.000000    0.000000    0.000000 ^ rd_clk (in)
                                                         rd_clk (net)
                      0.001946    0.000973    0.000973 ^ clkbuf_0_rd_clk/A (sky130_fd_sc_hd__clkbuf_16)
     4    0.039585    0.044672    0.088119    0.089092 ^ clkbuf_0_rd_clk/X (sky130_fd_sc_hd__clkbuf_16)
                                                         clknet_0_rd_clk (net)
                      0.044893    0.002189    0.091281 ^ clkbuf_2_2__f_rd_clk/A (sky130_fd_sc_hd__clkbuf_16)
     8    0.032878    0.040103    0.096580    0.187861 ^ clkbuf_2_2__f_rd_clk/X (sky130_fd_sc_hd__clkbuf_16)
                                                         clknet_2_2__leaf_rd_clk (net)
                      0.040262    0.002013    0.189875 ^ _1242_/CLK (sky130_fd_sc_hd__dfrtp_2)
     7    0.060290    0.216696    0.354296    0.544171 ^ _1242_/Q (sky130_fd_sc_hd__dfrtp_2)
                                                         rd_ptr_bin[3] (net)
                      0.216815    0.004664    0.548835 ^ _0735_/A1 (sky130_fd_sc_hd__a21bo_2)
     1    0.009290    0.044839    0.112712    0.661547 ^ _0735_/X (sky130_fd_sc_hd__a21bo_2)
                                                         net26 (net)
                      0.044849    0.000683    0.662229 ^ output26/A (sky130_fd_sc_hd__clkdlybuf4s25_1)
     1    0.016918    0.132709    0.233636    0.895865 ^ output26/X (sky130_fd_sc_hd__clkdlybuf4s25_1)
                                                         rd_data[1] (net)
                      0.132714    0.000971    0.896836 ^ rd_data[1] (out)
                                              0.896836   data arrival time

                                  0.000000    0.000000   clock rd_clk (rise edge)
                                  0.000000    0.000000   clock network delay (propagated)
                                  0.100000    0.100000   clock uncertainty
                                  0.000000    0.100000   clock reconvergence pessimism
                                 -1.500000   -1.400000   output external delay
                                             -1.400000   data required time
---------------------------------------------------------------------------------------------
                                             -1.400000   data required time
                                             -0.896836   data arrival time
---------------------------------------------------------------------------------------------
                                              2.296836   slack (MET)


Startpoint: _1242_ (rising edge-triggered flip-flop clocked by rd_clk)
Endpoint: rd_data[4] (output port clocked by rd_clk)
Path Group: rd_clk
Path Type: min

Fanout         Cap        Slew       Delay        Time   Description
---------------------------------------------------------------------------------------------
                                  0.000000    0.000000   clock rd_clk (rise edge)
                                  0.000000    0.000000   clock source latency
     1    0.014762    0.000000    0.000000    0.000000 ^ rd_clk (in)
                                                         rd_clk (net)
                      0.001946    0.000973    0.000973 ^ clkbuf_0_rd_clk/A (sky130_fd_sc_hd__clkbuf_16)
     4    0.039585    0.044672    0.088119    0.089092 ^ clkbuf_0_rd_clk/X (sky130_fd_sc_hd__clkbuf_16)
                                                         clknet_0_rd_clk (net)
                      0.044893    0.002189    0.091281 ^ clkbuf_2_2__f_rd_clk/A (sky130_fd_sc_hd__clkbuf_16)
     8    0.032878    0.040103    0.096580    0.187861 ^ clkbuf_2_2__f_rd_clk/X (sky130_fd_sc_hd__clkbuf_16)
                                                         clknet_2_2__leaf_rd_clk (net)
                      0.040262    0.002013    0.189875 ^ _1242_/CLK (sky130_fd_sc_hd__dfrtp_2)
     7    0.060290    0.216696    0.354296    0.544171 ^ _1242_/Q (sky130_fd_sc_hd__dfrtp_2)
                                                         rd_ptr_bin[3] (net)
                      0.216827    0.004864    0.549034 ^ _0755_/B1 (sky130_fd_sc_hd__o21a_2)
     1    0.003683    0.023223    0.077131    0.626166 ^ _0755_/X (sky130_fd_sc_hd__o21a_2)
                                                         _0341_ (net)
                      0.023224    0.000163    0.626329 ^ _0759_/A2 (sky130_fd_sc_hd__a22o_2)
     1    0.007424    0.036846    0.086805    0.713134 ^ _0759_/X (sky130_fd_sc_hd__a22o_2)
                                                         net29 (net)
                      0.036854    0.000523    0.713657 ^ output29/A (sky130_fd_sc_hd__clkdlybuf4s25_1)
     1    0.016394    0.128952    0.228765    0.942422 ^ output29/X (sky130_fd_sc_hd__clkdlybuf4s25_1)
                                                         rd_data[4] (net)
                      0.128955    0.000854    0.943276 ^ rd_data[4] (out)
                                              0.943276   data arrival time

                                  0.000000    0.000000   clock rd_clk (rise edge)
                                  0.000000    0.000000   clock network delay (propagated)
                                  0.100000    0.100000   clock uncertainty
                                  0.000000    0.100000   clock reconvergence pessimism
                                 -1.500000   -1.400000   output external delay
                                             -1.400000   data required time
---------------------------------------------------------------------------------------------
                                             -1.400000   data required time
                                             -0.943276   data arrival time
---------------------------------------------------------------------------------------------
                                              2.343276   slack (MET)


Startpoint: _1242_ (rising edge-triggered flip-flop clocked by rd_clk)
Endpoint: rd_data[7] (output port clocked by rd_clk)
Path Group: rd_clk
Path Type: min

Fanout         Cap        Slew       Delay        Time   Description
---------------------------------------------------------------------------------------------
                                  0.000000    0.000000   clock rd_clk (rise edge)
                                  0.000000    0.000000   clock source latency
     1    0.014762    0.000000    0.000000    0.000000 ^ rd_clk (in)
                                                         rd_clk (net)
                      0.001946    0.000973    0.000973 ^ clkbuf_0_rd_clk/A (sky130_fd_sc_hd__clkbuf_16)
     4    0.039585    0.044672    0.088119    0.089092 ^ clkbuf_0_rd_clk/X (sky130_fd_sc_hd__clkbuf_16)
                                                         clknet_0_rd_clk (net)
                      0.044893    0.002189    0.091281 ^ clkbuf_2_2__f_rd_clk/A (sky130_fd_sc_hd__clkbuf_16)
     8    0.032878    0.040103    0.096580    0.187861 ^ clkbuf_2_2__f_rd_clk/X (sky130_fd_sc_hd__clkbuf_16)
                                                         clknet_2_2__leaf_rd_clk (net)
                      0.040262    0.002013    0.189875 ^ _1242_/CLK (sky130_fd_sc_hd__dfrtp_2)
     7    0.060290    0.216696    0.354296    0.544171 ^ _1242_/Q (sky130_fd_sc_hd__dfrtp_2)
                                                         rd_ptr_bin[3] (net)
                      0.216821    0.004774    0.548944 ^ _0779_/B1 (sky130_fd_sc_hd__o21a_2)
     1    0.006445    0.032873    0.085396    0.634341 ^ _0779_/X (sky130_fd_sc_hd__o21a_2)
                                                         _0362_ (net)
                      0.032880    0.000480    0.634821 ^ _0783_/A2 (sky130_fd_sc_hd__a22o_2)
     1    0.007041    0.035521    0.088027    0.722848 ^ _0783_/X (sky130_fd_sc_hd__a22o_2)
                                                         net32 (net)
                      0.035530    0.000534    0.723383 ^ output32/A (sky130_fd_sc_hd__clkdlybuf4s25_1)
     1    0.016046    0.126422    0.226665    0.950048 ^ output32/X (sky130_fd_sc_hd__clkdlybuf4s25_1)
                                                         rd_data[7] (net)
                      0.126425    0.000769    0.950817 ^ rd_data[7] (out)
                                              0.950817   data arrival time

                                  0.000000    0.000000   clock rd_clk (rise edge)
                                  0.000000    0.000000   clock network delay (propagated)
                                  0.100000    0.100000   clock uncertainty
                                  0.000000    0.100000   clock reconvergence pessimism
                                 -1.500000   -1.400000   output external delay
                                             -1.400000   data required time
---------------------------------------------------------------------------------------------
                                             -1.400000   data required time
                                             -0.950817   data arrival time
---------------------------------------------------------------------------------------------
                                              2.350817   slack (MET)


Startpoint: _1242_ (rising edge-triggered flip-flop clocked by rd_clk)
Endpoint: rd_data[0] (output port clocked by rd_clk)
Path Group: rd_clk
Path Type: min

Fanout         Cap        Slew       Delay        Time   Description
---------------------------------------------------------------------------------------------
                                  0.000000    0.000000   clock rd_clk (rise edge)
                                  0.000000    0.000000   clock source latency
     1    0.014762    0.000000    0.000000    0.000000 ^ rd_clk (in)
                                                         rd_clk (net)
                      0.001946    0.000973    0.000973 ^ clkbuf_0_rd_clk/A (sky130_fd_sc_hd__clkbuf_16)
     4    0.039585    0.044672    0.088119    0.089092 ^ clkbuf_0_rd_clk/X (sky130_fd_sc_hd__clkbuf_16)
                                                         clknet_0_rd_clk (net)
                      0.044893    0.002189    0.091281 ^ clkbuf_2_2__f_rd_clk/A (sky130_fd_sc_hd__clkbuf_16)
     8    0.032878    0.040103    0.096580    0.187861 ^ clkbuf_2_2__f_rd_clk/X (sky130_fd_sc_hd__clkbuf_16)
                                                         clknet_2_2__leaf_rd_clk (net)
                      0.040262    0.002013    0.189875 ^ _1242_/CLK (sky130_fd_sc_hd__dfrtp_2)
     7    0.060290    0.216696    0.354296    0.544171 ^ _1242_/Q (sky130_fd_sc_hd__dfrtp_2)
                                                         rd_ptr_bin[3] (net)
                      0.216740    0.003038    0.547208 ^ _0532_/A (sky130_fd_sc_hd__inv_2)
     2    0.007095    0.044599    0.021742    0.568950 v _0532_/Y (sky130_fd_sc_hd__inv_2)
                                                         _0142_ (net)
                      0.044602    0.000290    0.569240 v _0725_/A (sky130_fd_sc_hd__buf_1)
     8    0.041641    0.164918    0.171463    0.740703 v _0725_/X (sky130_fd_sc_hd__buf_1)
                                                         _0315_ (net)
                      0.165319    0.006783    0.747486 v _0726_/S (sky130_fd_sc_hd__mux2_2)
     1    0.003830    0.027783    0.187311    0.934797 ^ _0726_/X (sky130_fd_sc_hd__mux2_2)
                                                         _0316_ (net)
                      0.027784    0.000164    0.934961 ^ _0727_/A (sky130_fd_sc_hd__buf_1)
     1    0.002563    0.030220    0.049688    0.984649 ^ _0727_/X (sky130_fd_sc_hd__buf_1)
                                                         net25 (net)
                      0.030220    0.000118    0.984767 ^ output25/A (sky130_fd_sc_hd__clkdlybuf4s25_1)
     1    0.016097    0.126830    0.225410    1.210176 ^ output25/X (sky130_fd_sc_hd__clkdlybuf4s25_1)
                                                         rd_data[0] (net)
                      0.126833    0.000768    1.210945 ^ rd_data[0] (out)
                                              1.210945   data arrival time

                                  0.000000    0.000000   clock rd_clk (rise edge)
                                  0.000000    0.000000   clock network delay (propagated)
                                  0.100000    0.100000   clock uncertainty
                                  0.000000    0.100000   clock reconvergence pessimism
                                 -1.500000   -1.400000   output external delay
                                             -1.400000   data required time
---------------------------------------------------------------------------------------------
                                             -1.400000   data required time
                                             -1.210945   data arrival time
---------------------------------------------------------------------------------------------
                                              2.610945   slack (MET)


Startpoint: _1242_ (rising edge-triggered flip-flop clocked by rd_clk)
Endpoint: rd_data[2] (output port clocked by rd_clk)
Path Group: rd_clk
Path Type: min

Fanout         Cap        Slew       Delay        Time   Description
---------------------------------------------------------------------------------------------
                                  0.000000    0.000000   clock rd_clk (rise edge)
                                  0.000000    0.000000   clock source latency
     1    0.014762    0.000000    0.000000    0.000000 ^ rd_clk (in)
                                                         rd_clk (net)
                      0.001946    0.000973    0.000973 ^ clkbuf_0_rd_clk/A (sky130_fd_sc_hd__clkbuf_16)
     4    0.039585    0.044672    0.088119    0.089092 ^ clkbuf_0_rd_clk/X (sky130_fd_sc_hd__clkbuf_16)
                                                         clknet_0_rd_clk (net)
                      0.044893    0.002189    0.091281 ^ clkbuf_2_2__f_rd_clk/A (sky130_fd_sc_hd__clkbuf_16)
     8    0.032878    0.040103    0.096580    0.187861 ^ clkbuf_2_2__f_rd_clk/X (sky130_fd_sc_hd__clkbuf_16)
                                                         clknet_2_2__leaf_rd_clk (net)
                      0.040262    0.002013    0.189875 ^ _1242_/CLK (sky130_fd_sc_hd__dfrtp_2)
     7    0.060290    0.216696    0.354296    0.544171 ^ _1242_/Q (sky130_fd_sc_hd__dfrtp_2)
                                                         rd_ptr_bin[3] (net)
                      0.216740    0.003038    0.547208 ^ _0532_/A (sky130_fd_sc_hd__inv_2)
     2    0.007095    0.044599    0.021742    0.568950 v _0532_/Y (sky130_fd_sc_hd__inv_2)
                                                         _0142_ (net)
                      0.044602    0.000290    0.569240 v _0725_/A (sky130_fd_sc_hd__buf_1)
     8    0.041641    0.164918    0.171463    0.740703 v _0725_/X (sky130_fd_sc_hd__buf_1)
                                                         _0315_ (net)
                      0.165315    0.006752    0.747455 v _0742_/S (sky130_fd_sc_hd__mux2_2)
     1    0.005176    0.032398    0.191803    0.939258 ^ _0742_/X (sky130_fd_sc_hd__mux2_2)
                                                         _0330_ (net)
                      0.032407    0.000362    0.939619 ^ _0743_/A (sky130_fd_sc_hd__buf_1)
     1    0.002559    0.030240    0.050584    0.990203 ^ _0743_/X (sky130_fd_sc_hd__buf_1)
                                                         net27 (net)
                      0.030240    0.000118    0.990321 ^ output27/A (sky130_fd_sc_hd__clkdlybuf4s25_1)
     1    0.016191    0.127522    0.225867    1.216188 ^ output27/X (sky130_fd_sc_hd__clkdlybuf4s25_1)
                                                         rd_data[2] (net)
                      0.127525    0.000803    1.216992 ^ rd_data[2] (out)
                                              1.216992   data arrival time

                                  0.000000    0.000000   clock rd_clk (rise edge)
                                  0.000000    0.000000   clock network delay (propagated)
                                  0.100000    0.100000   clock uncertainty
                                  0.000000    0.100000   clock reconvergence pessimism
                                 -1.500000   -1.400000   output external delay
                                             -1.400000   data required time
---------------------------------------------------------------------------------------------
                                             -1.400000   data required time
                                             -1.216992   data arrival time
---------------------------------------------------------------------------------------------
                                              2.616992   slack (MET)


Startpoint: _1242_ (rising edge-triggered flip-flop clocked by rd_clk)
Endpoint: rd_data[3] (output port clocked by rd_clk)
Path Group: rd_clk
Path Type: min

Fanout         Cap        Slew       Delay        Time   Description
---------------------------------------------------------------------------------------------
                                  0.000000    0.000000   clock rd_clk (rise edge)
                                  0.000000    0.000000   clock source latency
     1    0.014762    0.000000    0.000000    0.000000 ^ rd_clk (in)
                                                         rd_clk (net)
                      0.001946    0.000973    0.000973 ^ clkbuf_0_rd_clk/A (sky130_fd_sc_hd__clkbuf_16)
     4    0.039585    0.044672    0.088119    0.089092 ^ clkbuf_0_rd_clk/X (sky130_fd_sc_hd__clkbuf_16)
                                                         clknet_0_rd_clk (net)
                      0.044893    0.002189    0.091281 ^ clkbuf_2_2__f_rd_clk/A (sky130_fd_sc_hd__clkbuf_16)
     8    0.032878    0.040103    0.096580    0.187861 ^ clkbuf_2_2__f_rd_clk/X (sky130_fd_sc_hd__clkbuf_16)
                                                         clknet_2_2__leaf_rd_clk (net)
                      0.040262    0.002013    0.189875 ^ _1242_/CLK (sky130_fd_sc_hd__dfrtp_2)
     7    0.060290    0.216696    0.354296    0.544171 ^ _1242_/Q (sky130_fd_sc_hd__dfrtp_2)
                                                         rd_ptr_bin[3] (net)
                      0.216740    0.003038    0.547208 ^ _0532_/A (sky130_fd_sc_hd__inv_2)
     2    0.007095    0.044599    0.021742    0.568950 v _0532_/Y (sky130_fd_sc_hd__inv_2)
                                                         _0142_ (net)
                      0.044602    0.000290    0.569240 v _0725_/A (sky130_fd_sc_hd__buf_1)
     8    0.041641    0.164918    0.171463    0.740703 v _0725_/X (sky130_fd_sc_hd__buf_1)
                                                         _0315_ (net)
                      0.164980    0.002737    0.743440 v _0750_/S (sky130_fd_sc_hd__mux2_2)
     1    0.010793    0.051969    0.207996    0.951436 ^ _0750_/X (sky130_fd_sc_hd__mux2_2)
                                                         _0337_ (net)
                      0.051980    0.000748    0.952184 ^ _0751_/A (sky130_fd_sc_hd__buf_1)
     1    0.002577    0.030608    0.054589    1.006774 ^ _0751_/X (sky130_fd_sc_hd__buf_1)
                                                         net28 (net)
                      0.030608    0.000118    1.006892 ^ output28/A (sky130_fd_sc_hd__clkdlybuf4s25_1)
     1    0.015935    0.125653    0.224710    1.231602 ^ output28/X (sky130_fd_sc_hd__clkdlybuf4s25_1)
                                                         rd_data[3] (net)
                      0.125655    0.000746    1.232348 ^ rd_data[3] (out)
                                              1.232348   data arrival time

                                  0.000000    0.000000   clock rd_clk (rise edge)
                                  0.000000    0.000000   clock network delay (propagated)
                                  0.100000    0.100000   clock uncertainty
                                  0.000000    0.100000   clock reconvergence pessimism
                                 -1.500000   -1.400000   output external delay
                                             -1.400000   data required time
---------------------------------------------------------------------------------------------
                                             -1.400000   data required time
                                             -1.232348   data arrival time
---------------------------------------------------------------------------------------------
                                              2.632348   slack (MET)


Startpoint: _1242_ (rising edge-triggered flip-flop clocked by rd_clk)
Endpoint: rd_data[5] (output port clocked by rd_clk)
Path Group: rd_clk
Path Type: min

Fanout         Cap        Slew       Delay        Time   Description
---------------------------------------------------------------------------------------------
                                  0.000000    0.000000   clock rd_clk (rise edge)
                                  0.000000    0.000000   clock source latency
     1    0.014762    0.000000    0.000000    0.000000 ^ rd_clk (in)
                                                         rd_clk (net)
                      0.001946    0.000973    0.000973 ^ clkbuf_0_rd_clk/A (sky130_fd_sc_hd__clkbuf_16)
     4    0.039585    0.044672    0.088119    0.089092 ^ clkbuf_0_rd_clk/X (sky130_fd_sc_hd__clkbuf_16)
                                                         clknet_0_rd_clk (net)
                      0.044893    0.002189    0.091281 ^ clkbuf_2_2__f_rd_clk/A (sky130_fd_sc_hd__clkbuf_16)
     8    0.032878    0.040103    0.096580    0.187861 ^ clkbuf_2_2__f_rd_clk/X (sky130_fd_sc_hd__clkbuf_16)
                                                         clknet_2_2__leaf_rd_clk (net)
                      0.040262    0.002013    0.189875 ^ _1242_/CLK (sky130_fd_sc_hd__dfrtp_2)
     7    0.060290    0.216696    0.354296    0.544171 ^ _1242_/Q (sky130_fd_sc_hd__dfrtp_2)
                                                         rd_ptr_bin[3] (net)
                      0.216740    0.003038    0.547208 ^ _0532_/A (sky130_fd_sc_hd__inv_2)
     2    0.007095    0.044599    0.021742    0.568950 v _0532_/Y (sky130_fd_sc_hd__inv_2)
                                                         _0142_ (net)
                      0.044602    0.000290    0.569240 v _0725_/A (sky130_fd_sc_hd__buf_1)
     8    0.041641    0.164918    0.171463    0.740703 v _0725_/X (sky130_fd_sc_hd__buf_1)
                                                         _0315_ (net)
                      0.165215    0.005865    0.746568 v _0766_/S (sky130_fd_sc_hd__mux2_2)
     1    0.014539    0.064455    0.218526    0.965094 ^ _0766_/X (sky130_fd_sc_hd__mux2_2)
                                                         _0351_ (net)
                      0.064494    0.001454    0.966548 ^ _0767_/A (sky130_fd_sc_hd__buf_1)
     1    0.003978    0.042084    0.063884    1.030432 ^ _0767_/X (sky130_fd_sc_hd__buf_1)
                                                         net30 (net)
                      0.042085    0.000264    1.030696 ^ output30/A (sky130_fd_sc_hd__clkdlybuf4s25_1)
     1    0.016470    0.129466    0.230642    1.261337 ^ output30/X (sky130_fd_sc_hd__clkdlybuf4s25_1)
                                                         rd_data[5] (net)
                      0.129469    0.000849    1.262187 ^ rd_data[5] (out)
                                              1.262187   data arrival time

                                  0.000000    0.000000   clock rd_clk (rise edge)
                                  0.000000    0.000000   clock network delay (propagated)
                                  0.100000    0.100000   clock uncertainty
                                  0.000000    0.100000   clock reconvergence pessimism
                                 -1.500000   -1.400000   output external delay
                                             -1.400000   data required time
---------------------------------------------------------------------------------------------
                                             -1.400000   data required time
                                             -1.262187   data arrival time
---------------------------------------------------------------------------------------------
                                              2.662187   slack (MET)



