
===========================================================================
report_checks -path_delay min (Hold)
============================================================================
======================= min_ff_n40C_1v95 Corner ===================================

Startpoint: _1217_ (rising edge-triggered flip-flop clocked by wr_clk)
Endpoint: _1222_ (rising edge-triggered flip-flop clocked by wr_clk)
Path Group: wr_clk
Path Type: min

Fanout         Cap        Slew       Delay        Time   Description
---------------------------------------------------------------------------------------------
                                  0.000000    0.000000   clock wr_clk (rise edge)
                                  0.000000    0.000000   clock source latency
     1    0.024443    0.000000    0.000000    0.000000 ^ wr_clk (in)
                                                         wr_clk (net)
                      0.001082    0.000541    0.000541 ^ clkbuf_0_wr_clk/A (sky130_fd_sc_hd__clkbuf_16)
    16    0.103832    0.091499    0.123118    0.123659 ^ clkbuf_0_wr_clk/X (sky130_fd_sc_hd__clkbuf_16)
                                                         clknet_0_wr_clk (net)
                      0.091504    0.000587    0.124247 ^ clkbuf_4_14_0_wr_clk/A (sky130_fd_sc_hd__clkbuf_8)
     2    0.018907    0.036968    0.103529    0.227775 ^ clkbuf_4_14_0_wr_clk/X (sky130_fd_sc_hd__clkbuf_8)
                                                         clknet_4_14_0_wr_clk (net)
                      0.036969    0.000246    0.228022 ^ clkbuf_5_29__f_wr_clk/A (sky130_fd_sc_hd__clkbuf_16)
     5    0.014364    0.027440    0.082373    0.310395 ^ clkbuf_5_29__f_wr_clk/X (sky130_fd_sc_hd__clkbuf_16)
                                                         clknet_5_29__leaf_wr_clk (net)
                      0.027440    0.000067    0.310461 ^ _1217_/CLK (sky130_fd_sc_hd__dfrtp_2)
     1    0.002604    0.025253    0.204032    0.514494 ^ _1217_/Q (sky130_fd_sc_hd__dfrtp_2)
                                                         u_sync_r2w.sync_stage1[3] (net)
                      0.025253    0.000026    0.514520 ^ _1222_/D (sky130_fd_sc_hd__dfrtp_2)
                                              0.514520   data arrival time

                                  0.000000    0.000000   clock wr_clk (rise edge)
                                  0.000000    0.000000   clock source latency
     1    0.024443    0.000000    0.000000    0.000000 ^ wr_clk (in)
                                                         wr_clk (net)
                      0.001082    0.000541    0.000541 ^ clkbuf_0_wr_clk/A (sky130_fd_sc_hd__clkbuf_16)
    16    0.103832    0.091499    0.123118    0.123659 ^ clkbuf_0_wr_clk/X (sky130_fd_sc_hd__clkbuf_16)
                                                         clknet_0_wr_clk (net)
                      0.091504    0.000587    0.124247 ^ clkbuf_4_14_0_wr_clk/A (sky130_fd_sc_hd__clkbuf_8)
     2    0.018907    0.036968    0.103529    0.227775 ^ clkbuf_4_14_0_wr_clk/X (sky130_fd_sc_hd__clkbuf_8)
                                                         clknet_4_14_0_wr_clk (net)
                      0.036969    0.000246    0.228022 ^ clkbuf_5_29__f_wr_clk/A (sky130_fd_sc_hd__clkbuf_16)
     5    0.014364    0.027440    0.082373    0.310395 ^ clkbuf_5_29__f_wr_clk/X (sky130_fd_sc_hd__clkbuf_16)
                                                         clknet_5_29__leaf_wr_clk (net)
                      0.027440    0.000211    0.310605 ^ _1222_/CLK (sky130_fd_sc_hd__dfrtp_2)
                                  0.100000    0.410605   clock uncertainty
                                  0.000000    0.410605   clock reconvergence pessimism
                                 -0.019414    0.391191   library hold time
                                              0.391191   data required time
---------------------------------------------------------------------------------------------
                                              0.391191   data required time
                                             -0.514520   data arrival time
---------------------------------------------------------------------------------------------
                                              0.123329   slack (MET)


Startpoint: _1207_ (rising edge-triggered flip-flop clocked by rd_clk)
Endpoint: _1212_ (rising edge-triggered flip-flop clocked by rd_clk)
Path Group: rd_clk
Path Type: min

Fanout         Cap        Slew       Delay        Time   Description
---------------------------------------------------------------------------------------------
                                  0.000000    0.000000   clock rd_clk (rise edge)
                                  0.000000    0.000000   clock source latency
     1    0.013656    0.000000    0.000000    0.000000 ^ rd_clk (in)
                                                         rd_clk (net)
                      0.000587    0.000294    0.000294 ^ clkbuf_0_rd_clk/A (sky130_fd_sc_hd__clkbuf_16)
     4    0.038258    0.043842    0.087700    0.087993 ^ clkbuf_0_rd_clk/X (sky130_fd_sc_hd__clkbuf_16)
                                                         clknet_0_rd_clk (net)
                      0.043844    0.000370    0.088364 ^ clkbuf_2_0__f_rd_clk/A (sky130_fd_sc_hd__clkbuf_16)
     8    0.022080    0.032578    0.089639    0.178003 ^ clkbuf_2_0__f_rd_clk/X (sky130_fd_sc_hd__clkbuf_16)
                                                         clknet_2_0__leaf_rd_clk (net)
                      0.032579    0.000280    0.178282 ^ _1207_/CLK (sky130_fd_sc_hd__dfrtp_2)
     1    0.002312    0.024409    0.204454    0.382736 ^ _1207_/Q (sky130_fd_sc_hd__dfrtp_2)
                                                         u_sync_w2r.sync_stage1[3] (net)
                      0.024409    0.000019    0.382755 ^ _1212_/D (sky130_fd_sc_hd__dfrtp_2)
                                              0.382755   data arrival time

                                  0.000000    0.000000   clock rd_clk (rise edge)
                                  0.000000    0.000000   clock source latency
     1    0.013656    0.000000    0.000000    0.000000 ^ rd_clk (in)
                                                         rd_clk (net)
                      0.000587    0.000294    0.000294 ^ clkbuf_0_rd_clk/A (sky130_fd_sc_hd__clkbuf_16)
     4    0.038258    0.043842    0.087700    0.087993 ^ clkbuf_0_rd_clk/X (sky130_fd_sc_hd__clkbuf_16)
                                                         clknet_0_rd_clk (net)
                      0.043844    0.000370    0.088364 ^ clkbuf_2_0__f_rd_clk/A (sky130_fd_sc_hd__clkbuf_16)
     8    0.022080    0.032578    0.089639    0.178003 ^ clkbuf_2_0__f_rd_clk/X (sky130_fd_sc_hd__clkbuf_16)
                                                         clknet_2_0__leaf_rd_clk (net)
                      0.032579    0.000262    0.178264 ^ _1212_/CLK (sky130_fd_sc_hd__dfrtp_2)
                                  0.100000    0.278264   clock uncertainty
                                  0.000000    0.278264   clock reconvergence pessimism
                                 -0.019217    0.259047   library hold time
                                              0.259047   data required time
---------------------------------------------------------------------------------------------
                                              0.259047   data required time
                                             -0.382755   data arrival time
---------------------------------------------------------------------------------------------
                                              0.123708   slack (MET)


Startpoint: _1216_ (rising edge-triggered flip-flop clocked by wr_clk)
Endpoint: _1221_ (rising edge-triggered flip-flop clocked by wr_clk)
Path Group: wr_clk
Path Type: min

Fanout         Cap        Slew       Delay        Time   Description
---------------------------------------------------------------------------------------------
                                  0.000000    0.000000   clock wr_clk (rise edge)
                                  0.000000    0.000000   clock source latency
     1    0.024443    0.000000    0.000000    0.000000 ^ wr_clk (in)
                                                         wr_clk (net)
                      0.001082    0.000541    0.000541 ^ clkbuf_0_wr_clk/A (sky130_fd_sc_hd__clkbuf_16)
    16    0.103832    0.091499    0.123118    0.123659 ^ clkbuf_0_wr_clk/X (sky130_fd_sc_hd__clkbuf_16)
                                                         clknet_0_wr_clk (net)
                      0.091504    0.000577    0.124236 ^ clkbuf_4_15_0_wr_clk/A (sky130_fd_sc_hd__clkbuf_8)
     2    0.018974    0.037049    0.103538    0.227774 ^ clkbuf_4_15_0_wr_clk/X (sky130_fd_sc_hd__clkbuf_8)
                                                         clknet_4_15_0_wr_clk (net)
                      0.037054    0.000423    0.228197 ^ clkbuf_5_31__f_wr_clk/A (sky130_fd_sc_hd__clkbuf_16)
     5    0.014237    0.027356    0.082300    0.310497 ^ clkbuf_5_31__f_wr_clk/X (sky130_fd_sc_hd__clkbuf_16)
                                                         clknet_5_31__leaf_wr_clk (net)
                      0.027356    0.000189    0.310686 ^ _1216_/CLK (sky130_fd_sc_hd__dfrtp_2)
     1    0.002810    0.025782    0.204800    0.515486 ^ _1216_/Q (sky130_fd_sc_hd__dfrtp_2)
                                                         u_sync_r2w.sync_stage1[2] (net)
                      0.025782    0.000029    0.515516 ^ _1221_/D (sky130_fd_sc_hd__dfrtp_2)
                                              0.515516   data arrival time

                                  0.000000    0.000000   clock wr_clk (rise edge)
                                  0.000000    0.000000   clock source latency
     1    0.024443    0.000000    0.000000    0.000000 ^ wr_clk (in)
                                                         wr_clk (net)
                      0.001082    0.000541    0.000541 ^ clkbuf_0_wr_clk/A (sky130_fd_sc_hd__clkbuf_16)
    16    0.103832    0.091499    0.123118    0.123659 ^ clkbuf_0_wr_clk/X (sky130_fd_sc_hd__clkbuf_16)
                                                         clknet_0_wr_clk (net)
                      0.091504    0.000577    0.124236 ^ clkbuf_4_15_0_wr_clk/A (sky130_fd_sc_hd__clkbuf_8)
     2    0.018974    0.037049    0.103538    0.227774 ^ clkbuf_4_15_0_wr_clk/X (sky130_fd_sc_hd__clkbuf_8)
                                                         clknet_4_15_0_wr_clk (net)
                      0.037054    0.000423    0.228197 ^ clkbuf_5_31__f_wr_clk/A (sky130_fd_sc_hd__clkbuf_16)
     5    0.014237    0.027356    0.082300    0.310497 ^ clkbuf_5_31__f_wr_clk/X (sky130_fd_sc_hd__clkbuf_16)
                                                         clknet_5_31__leaf_wr_clk (net)
                      0.027356    0.000247    0.310744 ^ _1221_/CLK (sky130_fd_sc_hd__dfrtp_2)
                                  0.100000    0.410745   clock uncertainty
                                  0.000000    0.410745   clock reconvergence pessimism
                                 -0.019455    0.391289   library hold time
                                              0.391289   data required time
---------------------------------------------------------------------------------------------
                                              0.391289   data required time
                                             -0.515516   data arrival time
---------------------------------------------------------------------------------------------
                                              0.124226   slack (MET)


Startpoint: _1218_ (rising edge-triggered flip-flop clocked by wr_clk)
Endpoint: _1223_ (rising edge-triggered flip-flop clocked by wr_clk)
Path Group: wr_clk
Path Type: min

Fanout         Cap        Slew       Delay        Time   Description
---------------------------------------------------------------------------------------------
                                  0.000000    0.000000   clock wr_clk (rise edge)
                                  0.000000    0.000000   clock source latency
     1    0.024443    0.000000    0.000000    0.000000 ^ wr_clk (in)
                                                         wr_clk (net)
                      0.001082    0.000541    0.000541 ^ clkbuf_0_wr_clk/A (sky130_fd_sc_hd__clkbuf_16)
    16    0.103832    0.091499    0.123118    0.123659 ^ clkbuf_0_wr_clk/X (sky130_fd_sc_hd__clkbuf_16)
                                                         clknet_0_wr_clk (net)
                      0.091504    0.000587    0.124247 ^ clkbuf_4_14_0_wr_clk/A (sky130_fd_sc_hd__clkbuf_8)
     2    0.018907    0.036968    0.103529    0.227775 ^ clkbuf_4_14_0_wr_clk/X (sky130_fd_sc_hd__clkbuf_8)
                                                         clknet_4_14_0_wr_clk (net)
                      0.036969    0.000246    0.228022 ^ clkbuf_5_29__f_wr_clk/A (sky130_fd_sc_hd__clkbuf_16)
     5    0.014364    0.027440    0.082373    0.310395 ^ clkbuf_5_29__f_wr_clk/X (sky130_fd_sc_hd__clkbuf_16)
                                                         clknet_5_29__leaf_wr_clk (net)
                      0.027440    0.000127    0.310522 ^ _1218_/CLK (sky130_fd_sc_hd__dfrtp_2)
     1    0.002964    0.026190    0.205418    0.515940 ^ _1218_/Q (sky130_fd_sc_hd__dfrtp_2)
                                                         u_sync_r2w.sync_stage1[4] (net)
                      0.026190    0.000035    0.515975 ^ _1223_/D (sky130_fd_sc_hd__dfrtp_2)
                                              0.515975   data arrival time

                                  0.000000    0.000000   clock wr_clk (rise edge)
                                  0.000000    0.000000   clock source latency
     1    0.024443    0.000000    0.000000    0.000000 ^ wr_clk (in)
                                                         wr_clk (net)
                      0.001082    0.000541    0.000541 ^ clkbuf_0_wr_clk/A (sky130_fd_sc_hd__clkbuf_16)
    16    0.103832    0.091499    0.123118    0.123659 ^ clkbuf_0_wr_clk/X (sky130_fd_sc_hd__clkbuf_16)
                                                         clknet_0_wr_clk (net)
                      0.091504    0.000587    0.124247 ^ clkbuf_4_14_0_wr_clk/A (sky130_fd_sc_hd__clkbuf_8)
     2    0.018907    0.036968    0.103529    0.227775 ^ clkbuf_4_14_0_wr_clk/X (sky130_fd_sc_hd__clkbuf_8)
                                                         clknet_4_14_0_wr_clk (net)
                      0.036969    0.000246    0.228022 ^ clkbuf_5_29__f_wr_clk/A (sky130_fd_sc_hd__clkbuf_16)
     5    0.014364    0.027440    0.082373    0.310395 ^ clkbuf_5_29__f_wr_clk/X (sky130_fd_sc_hd__clkbuf_16)
                                                         clknet_5_29__leaf_wr_clk (net)
                      0.027440    0.000222    0.310617 ^ _1223_/CLK (sky130_fd_sc_hd__dfrtp_2)
                                  0.100000    0.410617   clock uncertainty
                                  0.000000    0.410617   clock reconvergence pessimism
                                 -0.019483    0.391134   library hold time
                                              0.391134   data required time
---------------------------------------------------------------------------------------------
                                              0.391134   data required time
                                             -0.515975   data arrival time
---------------------------------------------------------------------------------------------
                                              0.124841   slack (MET)


Startpoint: _1204_ (rising edge-triggered flip-flop clocked by rd_clk)
Endpoint: _1209_ (rising edge-triggered flip-flop clocked by rd_clk)
Path Group: rd_clk
Path Type: min

Fanout         Cap        Slew       Delay        Time   Description
---------------------------------------------------------------------------------------------
                                  0.000000    0.000000   clock rd_clk (rise edge)
                                  0.000000    0.000000   clock source latency
     1    0.013656    0.000000    0.000000    0.000000 ^ rd_clk (in)
                                                         rd_clk (net)
                      0.000587    0.000294    0.000294 ^ clkbuf_0_rd_clk/A (sky130_fd_sc_hd__clkbuf_16)
     4    0.038258    0.043842    0.087700    0.087993 ^ clkbuf_0_rd_clk/X (sky130_fd_sc_hd__clkbuf_16)
                                                         clknet_0_rd_clk (net)
                      0.043844    0.000370    0.088364 ^ clkbuf_2_0__f_rd_clk/A (sky130_fd_sc_hd__clkbuf_16)
     8    0.022080    0.032578    0.089639    0.178003 ^ clkbuf_2_0__f_rd_clk/X (sky130_fd_sc_hd__clkbuf_16)
                                                         clknet_2_0__leaf_rd_clk (net)
                      0.032579    0.000203    0.178205 ^ _1204_/CLK (sky130_fd_sc_hd__dfrtp_2)
     1    0.002621    0.025296    0.205646    0.383852 ^ _1204_/Q (sky130_fd_sc_hd__dfrtp_2)
                                                         u_sync_w2r.sync_stage1[0] (net)
                      0.025296    0.000025    0.383877 ^ _1209_/D (sky130_fd_sc_hd__dfrtp_2)
                                              0.383877   data arrival time

                                  0.000000    0.000000   clock rd_clk (rise edge)
                                  0.000000    0.000000   clock source latency
     1    0.013656    0.000000    0.000000    0.000000 ^ rd_clk (in)
                                                         rd_clk (net)
                      0.000587    0.000294    0.000294 ^ clkbuf_0_rd_clk/A (sky130_fd_sc_hd__clkbuf_16)
     4    0.038258    0.043842    0.087700    0.087993 ^ clkbuf_0_rd_clk/X (sky130_fd_sc_hd__clkbuf_16)
                                                         clknet_0_rd_clk (net)
                      0.043844    0.000370    0.088364 ^ clkbuf_2_0__f_rd_clk/A (sky130_fd_sc_hd__clkbuf_16)
     8    0.022080    0.032578    0.089639    0.178003 ^ clkbuf_2_0__f_rd_clk/X (sky130_fd_sc_hd__clkbuf_16)
                                                         clknet_2_0__leaf_rd_clk (net)
                      0.032578    0.000178    0.178181 ^ _1209_/CLK (sky130_fd_sc_hd__dfrtp_2)
                                  0.100000    0.278181   clock uncertainty
                                  0.000000    0.278181   clock reconvergence pessimism
                                 -0.019282    0.258898   library hold time
                                              0.258898   data required time
---------------------------------------------------------------------------------------------
                                              0.258898   data required time
                                             -0.383877   data arrival time
---------------------------------------------------------------------------------------------
                                              0.124978   slack (MET)


Startpoint: _1214_ (rising edge-triggered flip-flop clocked by wr_clk)
Endpoint: _1219_ (rising edge-triggered flip-flop clocked by wr_clk)
Path Group: wr_clk
Path Type: min

Fanout         Cap        Slew       Delay        Time   Description
---------------------------------------------------------------------------------------------
                                  0.000000    0.000000   clock wr_clk (rise edge)
                                  0.000000    0.000000   clock source latency
     1    0.024443    0.000000    0.000000    0.000000 ^ wr_clk (in)
                                                         wr_clk (net)
                      0.001082    0.000541    0.000541 ^ clkbuf_0_wr_clk/A (sky130_fd_sc_hd__clkbuf_16)
    16    0.103832    0.091499    0.123118    0.123659 ^ clkbuf_0_wr_clk/X (sky130_fd_sc_hd__clkbuf_16)
                                                         clknet_0_wr_clk (net)
                      0.091504    0.000577    0.124236 ^ clkbuf_4_15_0_wr_clk/A (sky130_fd_sc_hd__clkbuf_8)
     2    0.018974    0.037049    0.103538    0.227774 ^ clkbuf_4_15_0_wr_clk/X (sky130_fd_sc_hd__clkbuf_8)
                                                         clknet_4_15_0_wr_clk (net)
                      0.037050    0.000292    0.228066 ^ clkbuf_5_30__f_wr_clk/A (sky130_fd_sc_hd__clkbuf_16)
     5    0.013174    0.026652    0.081592    0.309658 ^ clkbuf_5_30__f_wr_clk/X (sky130_fd_sc_hd__clkbuf_16)
                                                         clknet_5_30__leaf_wr_clk (net)
                      0.026652    0.000091    0.309749 ^ _1214_/CLK (sky130_fd_sc_hd__dfrtp_2)
     1    0.003338    0.027543    0.206622    0.516372 ^ _1214_/Q (sky130_fd_sc_hd__dfrtp_2)
                                                         u_sync_r2w.sync_stage1[0] (net)
                      0.027543    0.000044    0.516416 ^ _1219_/D (sky130_fd_sc_hd__dfrtp_2)
                                              0.516416   data arrival time

                                  0.000000    0.000000   clock wr_clk (rise edge)
                                  0.000000    0.000000   clock source latency
     1    0.024443    0.000000    0.000000    0.000000 ^ wr_clk (in)
                                                         wr_clk (net)
                      0.001082    0.000541    0.000541 ^ clkbuf_0_wr_clk/A (sky130_fd_sc_hd__clkbuf_16)
    16    0.103832    0.091499    0.123118    0.123659 ^ clkbuf_0_wr_clk/X (sky130_fd_sc_hd__clkbuf_16)
                                                         clknet_0_wr_clk (net)
                      0.091504    0.000577    0.124236 ^ clkbuf_4_15_0_wr_clk/A (sky130_fd_sc_hd__clkbuf_8)
     2    0.018974    0.037049    0.103538    0.227774 ^ clkbuf_4_15_0_wr_clk/X (sky130_fd_sc_hd__clkbuf_8)
                                                         clknet_4_15_0_wr_clk (net)
                      0.037050    0.000292    0.228066 ^ clkbuf_5_30__f_wr_clk/A (sky130_fd_sc_hd__clkbuf_16)
     5    0.013174    0.026652    0.081592    0.309658 ^ clkbuf_5_30__f_wr_clk/X (sky130_fd_sc_hd__clkbuf_16)
                                                         clknet_5_30__leaf_wr_clk (net)
                      0.026652    0.000122    0.309780 ^ _1219_/CLK (sky130_fd_sc_hd__dfrtp_2)
                                  0.100000    0.409780   clock uncertainty
                                  0.000000    0.409780   clock reconvergence pessimism
                                 -0.019603    0.390177   library hold time
                                              0.390177   data required time
---------------------------------------------------------------------------------------------
                                              0.390177   data required time
                                             -0.516416   data arrival time
---------------------------------------------------------------------------------------------
                                              0.126239   slack (MET)


Startpoint: _1208_ (rising edge-triggered flip-flop clocked by rd_clk)
Endpoint: _1213_ (rising edge-triggered flip-flop clocked by rd_clk)
Path Group: rd_clk
Path Type: min

Fanout         Cap        Slew       Delay        Time   Description
---------------------------------------------------------------------------------------------
                                  0.000000    0.000000   clock rd_clk (rise edge)
                                  0.000000    0.000000   clock source latency
     1    0.013656    0.000000    0.000000    0.000000 ^ rd_clk (in)
                                                         rd_clk (net)
                      0.000587    0.000294    0.000294 ^ clkbuf_0_rd_clk/A (sky130_fd_sc_hd__clkbuf_16)
     4    0.038258    0.043842    0.087700    0.087993 ^ clkbuf_0_rd_clk/X (sky130_fd_sc_hd__clkbuf_16)
                                                         clknet_0_rd_clk (net)
                      0.043844    0.000370    0.088364 ^ clkbuf_2_0__f_rd_clk/A (sky130_fd_sc_hd__clkbuf_16)
     8    0.022080    0.032578    0.089639    0.178003 ^ clkbuf_2_0__f_rd_clk/X (sky130_fd_sc_hd__clkbuf_16)
                                                         clknet_2_0__leaf_rd_clk (net)
                      0.032579    0.000226    0.178228 ^ _1208_/CLK (sky130_fd_sc_hd__dfrtp_2)
     1    0.003736    0.028797    0.209937    0.388165 ^ _1208_/Q (sky130_fd_sc_hd__dfrtp_2)
                                                         u_sync_w2r.sync_stage1[4] (net)
                      0.028797    0.000055    0.388220 ^ _1213_/D (sky130_fd_sc_hd__dfrtp_2)
                                              0.388220   data arrival time

                                  0.000000    0.000000   clock rd_clk (rise edge)
                                  0.000000    0.000000   clock source latency
     1    0.013656    0.000000    0.000000    0.000000 ^ rd_clk (in)
                                                         rd_clk (net)
                      0.000587    0.000294    0.000294 ^ clkbuf_0_rd_clk/A (sky130_fd_sc_hd__clkbuf_16)
     4    0.038258    0.043842    0.087700    0.087993 ^ clkbuf_0_rd_clk/X (sky130_fd_sc_hd__clkbuf_16)
                                                         clknet_0_rd_clk (net)
                      0.043849    0.000501    0.088494 ^ clkbuf_2_3__f_rd_clk/A (sky130_fd_sc_hd__clkbuf_16)
     7    0.025459    0.034891    0.091918    0.180412 ^ clkbuf_2_3__f_rd_clk/X (sky130_fd_sc_hd__clkbuf_16)
                                                         clknet_2_3__leaf_rd_clk (net)
                      0.034895    0.000382    0.180794 ^ _1213_/CLK (sky130_fd_sc_hd__dfrtp_2)
                                  0.100000    0.280794   clock uncertainty
                                  0.000000    0.280794   clock reconvergence pessimism
                                 -0.019478    0.261316   library hold time
                                              0.261316   data required time
---------------------------------------------------------------------------------------------
                                              0.261316   data required time
                                             -0.388220   data arrival time
---------------------------------------------------------------------------------------------
                                              0.126904   slack (MET)


Startpoint: _1206_ (rising edge-triggered flip-flop clocked by rd_clk)
Endpoint: _1211_ (rising edge-triggered flip-flop clocked by rd_clk)
Path Group: rd_clk
Path Type: min

Fanout         Cap        Slew       Delay        Time   Description
---------------------------------------------------------------------------------------------
                                  0.000000    0.000000   clock rd_clk (rise edge)
                                  0.000000    0.000000   clock source latency
     1    0.013656    0.000000    0.000000    0.000000 ^ rd_clk (in)
                                                         rd_clk (net)
                      0.000587    0.000294    0.000294 ^ clkbuf_0_rd_clk/A (sky130_fd_sc_hd__clkbuf_16)
     4    0.038258    0.043842    0.087700    0.087993 ^ clkbuf_0_rd_clk/X (sky130_fd_sc_hd__clkbuf_16)
                                                         clknet_0_rd_clk (net)
                      0.043845    0.000399    0.088392 ^ clkbuf_2_1__f_rd_clk/A (sky130_fd_sc_hd__clkbuf_16)
     7    0.020161    0.031308    0.088339    0.176731 ^ clkbuf_2_1__f_rd_clk/X (sky130_fd_sc_hd__clkbuf_16)
                                                         clknet_2_1__leaf_rd_clk (net)
                      0.031308    0.000224    0.176955 ^ _1206_/CLK (sky130_fd_sc_hd__dfrtp_2)
     1    0.003370    0.027638    0.208145    0.385101 ^ _1206_/Q (sky130_fd_sc_hd__dfrtp_2)
                                                         u_sync_w2r.sync_stage1[2] (net)
                      0.027638    0.000045    0.385146 ^ _1211_/D (sky130_fd_sc_hd__dfrtp_2)
                                              0.385146   data arrival time

                                  0.000000    0.000000   clock rd_clk (rise edge)
                                  0.000000    0.000000   clock source latency
     1    0.013656    0.000000    0.000000    0.000000 ^ rd_clk (in)
                                                         rd_clk (net)
                      0.000587    0.000294    0.000294 ^ clkbuf_0_rd_clk/A (sky130_fd_sc_hd__clkbuf_16)
     4    0.038258    0.043842    0.087700    0.087993 ^ clkbuf_0_rd_clk/X (sky130_fd_sc_hd__clkbuf_16)
                                                         clknet_0_rd_clk (net)
                      0.043845    0.000399    0.088392 ^ clkbuf_2_1__f_rd_clk/A (sky130_fd_sc_hd__clkbuf_16)
     7    0.020161    0.031308    0.088339    0.176731 ^ clkbuf_2_1__f_rd_clk/X (sky130_fd_sc_hd__clkbuf_16)
                                                         clknet_2_1__leaf_rd_clk (net)
                      0.031308    0.000192    0.176923 ^ _1211_/CLK (sky130_fd_sc_hd__dfrtp_2)
                                  0.100000    0.276923   clock uncertainty
                                  0.000000    0.276923   clock reconvergence pessimism
                                 -0.019487    0.257436   library hold time
                                              0.257436   data required time
---------------------------------------------------------------------------------------------
                                              0.257436   data required time
                                             -0.385146   data arrival time
---------------------------------------------------------------------------------------------
                                              0.127710   slack (MET)


Startpoint: _1202_ (rising edge-triggered flip-flop clocked by rd_clk)
Endpoint: _1203_ (rising edge-triggered flip-flop clocked by rd_clk)
Path Group: rd_clk
Path Type: min

Fanout         Cap        Slew       Delay        Time   Description
---------------------------------------------------------------------------------------------
                                  0.000000    0.000000   clock rd_clk (rise edge)
                                  0.000000    0.000000   clock source latency
     1    0.013656    0.000000    0.000000    0.000000 ^ rd_clk (in)
                                                         rd_clk (net)
                      0.000587    0.000294    0.000294 ^ clkbuf_0_rd_clk/A (sky130_fd_sc_hd__clkbuf_16)
     4    0.038258    0.043842    0.087700    0.087993 ^ clkbuf_0_rd_clk/X (sky130_fd_sc_hd__clkbuf_16)
                                                         clknet_0_rd_clk (net)
                      0.043849    0.000501    0.088494 ^ clkbuf_2_3__f_rd_clk/A (sky130_fd_sc_hd__clkbuf_16)
     7    0.025459    0.034891    0.091918    0.180412 ^ clkbuf_2_3__f_rd_clk/X (sky130_fd_sc_hd__clkbuf_16)
                                                         clknet_2_3__leaf_rd_clk (net)
                      0.034893    0.000304    0.180716 ^ _1202_/CLK (sky130_fd_sc_hd__dfrtp_2)
     1    0.003270    0.027334    0.208841    0.389558 ^ _1202_/Q (sky130_fd_sc_hd__dfrtp_2)
                                                         u_rd_reset_sync.sync_ff1 (net)
                      0.027334    0.000042    0.389599 ^ _1203_/D (sky130_fd_sc_hd__dfrtp_2)
                                              0.389599   data arrival time

                                  0.000000    0.000000   clock rd_clk (rise edge)
                                  0.000000    0.000000   clock source latency
     1    0.013656    0.000000    0.000000    0.000000 ^ rd_clk (in)
                                                         rd_clk (net)
                      0.000587    0.000294    0.000294 ^ clkbuf_0_rd_clk/A (sky130_fd_sc_hd__clkbuf_16)
     4    0.038258    0.043842    0.087700    0.087993 ^ clkbuf_0_rd_clk/X (sky130_fd_sc_hd__clkbuf_16)
                                                         clknet_0_rd_clk (net)
                      0.043849    0.000501    0.088494 ^ clkbuf_2_3__f_rd_clk/A (sky130_fd_sc_hd__clkbuf_16)
     7    0.025459    0.034891    0.091918    0.180412 ^ clkbuf_2_3__f_rd_clk/X (sky130_fd_sc_hd__clkbuf_16)
                                                         clknet_2_3__leaf_rd_clk (net)
                      0.034894    0.000345    0.180757 ^ _1203_/CLK (sky130_fd_sc_hd__dfrtp_2)
                                  0.100000    0.280757   clock uncertainty
                                  0.000000    0.280757   clock reconvergence pessimism
                                 -0.019370    0.261387   library hold time
                                              0.261387   data required time
---------------------------------------------------------------------------------------------
                                              0.261387   data required time
                                             -0.389599   data arrival time
---------------------------------------------------------------------------------------------
                                              0.128212   slack (MET)


Startpoint: _1200_ (rising edge-triggered flip-flop clocked by wr_clk)
Endpoint: _1201_ (rising edge-triggered flip-flop clocked by wr_clk)
Path Group: wr_clk
Path Type: min

Fanout         Cap        Slew       Delay        Time   Description
---------------------------------------------------------------------------------------------
                                  0.000000    0.000000   clock wr_clk (rise edge)
                                  0.000000    0.000000   clock source latency
     1    0.024443    0.000000    0.000000    0.000000 ^ wr_clk (in)
                                                         wr_clk (net)
                      0.001082    0.000541    0.000541 ^ clkbuf_0_wr_clk/A (sky130_fd_sc_hd__clkbuf_16)
    16    0.103832    0.091499    0.123118    0.123659 ^ clkbuf_0_wr_clk/X (sky130_fd_sc_hd__clkbuf_16)
                                                         clknet_0_wr_clk (net)
                      0.091533    0.001440    0.125100 ^ clkbuf_4_10_0_wr_clk/A (sky130_fd_sc_hd__clkbuf_8)
     2    0.019180    0.037276    0.103825    0.228925 ^ clkbuf_4_10_0_wr_clk/X (sky130_fd_sc_hd__clkbuf_8)
                                                         clknet_4_10_0_wr_clk (net)
                      0.037277    0.000228    0.229153 ^ clkbuf_5_21__f_wr_clk/A (sky130_fd_sc_hd__clkbuf_16)
     6    0.019601    0.030905    0.085991    0.315144 ^ clkbuf_5_21__f_wr_clk/X (sky130_fd_sc_hd__clkbuf_16)
                                                         clknet_5_21__leaf_wr_clk (net)
                      0.030907    0.000479    0.315623 ^ _1200_/CLK (sky130_fd_sc_hd__dfrtp_2)
     1    0.003573    0.028274    0.208805    0.524428 ^ _1200_/Q (sky130_fd_sc_hd__dfrtp_2)
                                                         u_wr_reset_sync.sync_ff1 (net)
                      0.028274    0.000051    0.524479 ^ _1201_/D (sky130_fd_sc_hd__dfrtp_2)
                                              0.524479   data arrival time

                                  0.000000    0.000000   clock wr_clk (rise edge)
                                  0.000000    0.000000   clock source latency
     1    0.024443    0.000000    0.000000    0.000000 ^ wr_clk (in)
                                                         wr_clk (net)
                      0.001082    0.000541    0.000541 ^ clkbuf_0_wr_clk/A (sky130_fd_sc_hd__clkbuf_16)
    16    0.103832    0.091499    0.123118    0.123659 ^ clkbuf_0_wr_clk/X (sky130_fd_sc_hd__clkbuf_16)
                                                         clknet_0_wr_clk (net)
                      0.091533    0.001440    0.125100 ^ clkbuf_4_10_0_wr_clk/A (sky130_fd_sc_hd__clkbuf_8)
     2    0.019180    0.037276    0.103825    0.228925 ^ clkbuf_4_10_0_wr_clk/X (sky130_fd_sc_hd__clkbuf_8)
                                                         clknet_4_10_0_wr_clk (net)
                      0.037277    0.000228    0.229153 ^ clkbuf_5_21__f_wr_clk/A (sky130_fd_sc_hd__clkbuf_16)
     6    0.019601    0.030905    0.085991    0.315144 ^ clkbuf_5_21__f_wr_clk/X (sky130_fd_sc_hd__clkbuf_16)
                                                         clknet_5_21__leaf_wr_clk (net)
                      0.030907    0.000514    0.315658 ^ _1201_/CLK (sky130_fd_sc_hd__dfrtp_2)
                                  0.100000    0.415658   clock uncertainty
                                  0.000000    0.415658   clock reconvergence pessimism
                                 -0.019544    0.396114   library hold time
                                              0.396114   data required time
---------------------------------------------------------------------------------------------
                                              0.396114   data required time
                                             -0.524479   data arrival time
---------------------------------------------------------------------------------------------
                                              0.128365   slack (MET)


Startpoint: _1215_ (rising edge-triggered flip-flop clocked by wr_clk)
Endpoint: _1220_ (rising edge-triggered flip-flop clocked by wr_clk)
Path Group: wr_clk
Path Type: min

Fanout         Cap        Slew       Delay        Time   Description
---------------------------------------------------------------------------------------------
                                  0.000000    0.000000   clock wr_clk (rise edge)
                                  0.000000    0.000000   clock source latency
     1    0.024443    0.000000    0.000000    0.000000 ^ wr_clk (in)
                                                         wr_clk (net)
                      0.001082    0.000541    0.000541 ^ clkbuf_0_wr_clk/A (sky130_fd_sc_hd__clkbuf_16)
    16    0.103832    0.091499    0.123118    0.123659 ^ clkbuf_0_wr_clk/X (sky130_fd_sc_hd__clkbuf_16)
                                                         clknet_0_wr_clk (net)
                      0.091499    0.000074    0.123733 ^ clkbuf_4_12_0_wr_clk/A (sky130_fd_sc_hd__clkbuf_8)
     2    0.019505    0.037648    0.104117    0.227850 ^ clkbuf_4_12_0_wr_clk/X (sky130_fd_sc_hd__clkbuf_8)
                                                         clknet_4_12_0_wr_clk (net)
                      0.037651    0.000356    0.228206 ^ clkbuf_5_25__f_wr_clk/A (sky130_fd_sc_hd__clkbuf_16)
     6    0.021859    0.032405    0.087698    0.315904 ^ clkbuf_5_25__f_wr_clk/X (sky130_fd_sc_hd__clkbuf_16)
                                                         clknet_5_25__leaf_wr_clk (net)
                      0.032406    0.000247    0.316151 ^ _1215_/CLK (sky130_fd_sc_hd__dfrtp_2)
     1    0.003787    0.028970    0.210085    0.526236 ^ _1215_/Q (sky130_fd_sc_hd__dfrtp_2)
                                                         u_sync_r2w.sync_stage1[1] (net)
                      0.028970    0.000055    0.526290 ^ _1220_/D (sky130_fd_sc_hd__dfrtp_2)
                                              0.526290   data arrival time

                                  0.000000    0.000000   clock wr_clk (rise edge)
                                  0.000000    0.000000   clock source latency
     1    0.024443    0.000000    0.000000    0.000000 ^ wr_clk (in)
                                                         wr_clk (net)
                      0.001082    0.000541    0.000541 ^ clkbuf_0_wr_clk/A (sky130_fd_sc_hd__clkbuf_16)
    16    0.103832    0.091499    0.123118    0.123659 ^ clkbuf_0_wr_clk/X (sky130_fd_sc_hd__clkbuf_16)
                                                         clknet_0_wr_clk (net)
                      0.091504    0.000587    0.124247 ^ clkbuf_4_14_0_wr_clk/A (sky130_fd_sc_hd__clkbuf_8)
     2    0.018907    0.036968    0.103529    0.227775 ^ clkbuf_4_14_0_wr_clk/X (sky130_fd_sc_hd__clkbuf_8)
                                                         clknet_4_14_0_wr_clk (net)
                      0.036968    0.000210    0.227986 ^ clkbuf_5_28__f_wr_clk/A (sky130_fd_sc_hd__clkbuf_16)
     5    0.020778    0.031691    0.086797    0.314783 ^ clkbuf_5_28__f_wr_clk/X (sky130_fd_sc_hd__clkbuf_16)
                                                         clknet_5_28__leaf_wr_clk (net)
                      0.031691    0.000118    0.314901 ^ _1220_/CLK (sky130_fd_sc_hd__dfrtp_2)
                                  0.100000    0.414901   clock uncertainty
                                  0.000000    0.414901   clock reconvergence pessimism
                                 -0.019575    0.395327   library hold time
                                              0.395327   data required time
---------------------------------------------------------------------------------------------
                                              0.395327   data required time
                                             -0.526290   data arrival time
---------------------------------------------------------------------------------------------
                                              0.130963   slack (MET)


Startpoint: _1205_ (rising edge-triggered flip-flop clocked by rd_clk)
Endpoint: _1210_ (rising edge-triggered flip-flop clocked by rd_clk)
Path Group: rd_clk
Path Type: min

Fanout         Cap        Slew       Delay        Time   Description
---------------------------------------------------------------------------------------------
                                  0.000000    0.000000   clock rd_clk (rise edge)
                                  0.000000    0.000000   clock source latency
     1    0.013656    0.000000    0.000000    0.000000 ^ rd_clk (in)
                                                         rd_clk (net)
                      0.000587    0.000294    0.000294 ^ clkbuf_0_rd_clk/A (sky130_fd_sc_hd__clkbuf_16)
     4    0.038258    0.043842    0.087700    0.087993 ^ clkbuf_0_rd_clk/X (sky130_fd_sc_hd__clkbuf_16)
                                                         clknet_0_rd_clk (net)
                      0.043845    0.000399    0.088392 ^ clkbuf_2_1__f_rd_clk/A (sky130_fd_sc_hd__clkbuf_16)
     7    0.020161    0.031308    0.088339    0.176731 ^ clkbuf_2_1__f_rd_clk/X (sky130_fd_sc_hd__clkbuf_16)
                                                         clknet_2_1__leaf_rd_clk (net)
                      0.031308    0.000214    0.176945 ^ _1205_/CLK (sky130_fd_sc_hd__dfrtp_2)
     1    0.005173    0.033625    0.214676    0.391621 ^ _1205_/Q (sky130_fd_sc_hd__dfrtp_2)
                                                         u_sync_w2r.sync_stage1[1] (net)
                      0.033625    0.000104    0.391725 ^ _1210_/D (sky130_fd_sc_hd__dfrtp_2)
                                              0.391725   data arrival time

                                  0.000000    0.000000   clock rd_clk (rise edge)
                                  0.000000    0.000000   clock source latency
     1    0.013656    0.000000    0.000000    0.000000 ^ rd_clk (in)
                                                         rd_clk (net)
                      0.000587    0.000294    0.000294 ^ clkbuf_0_rd_clk/A (sky130_fd_sc_hd__clkbuf_16)
     4    0.038258    0.043842    0.087700    0.087993 ^ clkbuf_0_rd_clk/X (sky130_fd_sc_hd__clkbuf_16)
                                                         clknet_0_rd_clk (net)
                      0.043845    0.000399    0.088392 ^ clkbuf_2_1__f_rd_clk/A (sky130_fd_sc_hd__clkbuf_16)
     7    0.020161    0.031308    0.088339    0.176731 ^ clkbuf_2_1__f_rd_clk/X (sky130_fd_sc_hd__clkbuf_16)
                                                         clknet_2_1__leaf_rd_clk (net)
                      0.031308    0.000089    0.176820 ^ _1210_/CLK (sky130_fd_sc_hd__dfrtp_2)
                                  0.100000    0.276820   clock uncertainty
                                  0.000000    0.276820   clock reconvergence pessimism
                                 -0.019926    0.256894   library hold time
                                              0.256894   data required time
---------------------------------------------------------------------------------------------
                                              0.256894   data required time
                                             -0.391725   data arrival time
---------------------------------------------------------------------------------------------
                                              0.134830   slack (MET)


Startpoint: _1201_ (rising edge-triggered flip-flop clocked by wr_clk)
Endpoint: _1195_ (removal check against rising-edge clock wr_clk)
Path Group: asynchronous
Path Type: min

Fanout         Cap        Slew       Delay        Time   Description
---------------------------------------------------------------------------------------------
                                  0.000000    0.000000   clock wr_clk (rise edge)
                                  0.000000    0.000000   clock source latency
     1    0.024443    0.000000    0.000000    0.000000 ^ wr_clk (in)
                                                         wr_clk (net)
                      0.001082    0.000541    0.000541 ^ clkbuf_0_wr_clk/A (sky130_fd_sc_hd__clkbuf_16)
    16    0.103832    0.091499    0.123118    0.123659 ^ clkbuf_0_wr_clk/X (sky130_fd_sc_hd__clkbuf_16)
                                                         clknet_0_wr_clk (net)
                      0.091533    0.001440    0.125100 ^ clkbuf_4_10_0_wr_clk/A (sky130_fd_sc_hd__clkbuf_8)
     2    0.019180    0.037276    0.103825    0.228925 ^ clkbuf_4_10_0_wr_clk/X (sky130_fd_sc_hd__clkbuf_8)
                                                         clknet_4_10_0_wr_clk (net)
                      0.037277    0.000228    0.229153 ^ clkbuf_5_21__f_wr_clk/A (sky130_fd_sc_hd__clkbuf_16)
     6    0.019601    0.030905    0.085991    0.315144 ^ clkbuf_5_21__f_wr_clk/X (sky130_fd_sc_hd__clkbuf_16)
                                                         clknet_5_21__leaf_wr_clk (net)
                      0.030907    0.000514    0.315658 ^ _1201_/CLK (sky130_fd_sc_hd__dfrtp_2)
     1    0.003363    0.027618    0.208000    0.523658 ^ _1201_/Q (sky130_fd_sc_hd__dfrtp_2)
                                                         u_wr_reset_sync.sync_ff2 (net)
                      0.027618    0.000041    0.523699 ^ fanout80/A (sky130_fd_sc_hd__clkdlybuf4s25_1)
     7    0.039694    0.299229    0.344620    0.868319 ^ fanout80/X (sky130_fd_sc_hd__clkdlybuf4s25_1)
                                                         net80 (net)
                      0.299229    0.000333    0.868652 ^ _1195_/RESET_B (sky130_fd_sc_hd__dfrtp_2)
                                              0.868652   data arrival time

                                  0.000000    0.000000   clock wr_clk (rise edge)
                                  0.000000    0.000000   clock source latency
     1    0.024443    0.000000    0.000000    0.000000 ^ wr_clk (in)
                                                         wr_clk (net)
                      0.001082    0.000541    0.000541 ^ clkbuf_0_wr_clk/A (sky130_fd_sc_hd__clkbuf_16)
    16    0.103832    0.091499    0.123118    0.123659 ^ clkbuf_0_wr_clk/X (sky130_fd_sc_hd__clkbuf_16)
                                                         clknet_0_wr_clk (net)
                      0.091533    0.001440    0.125100 ^ clkbuf_4_10_0_wr_clk/A (sky130_fd_sc_hd__clkbuf_8)
     2    0.019180    0.037276    0.103825    0.228925 ^ clkbuf_4_10_0_wr_clk/X (sky130_fd_sc_hd__clkbuf_8)
                                                         clknet_4_10_0_wr_clk (net)
                      0.037277    0.000228    0.229153 ^ clkbuf_5_21__f_wr_clk/A (sky130_fd_sc_hd__clkbuf_16)
     6    0.019601    0.030905    0.085991    0.315144 ^ clkbuf_5_21__f_wr_clk/X (sky130_fd_sc_hd__clkbuf_16)
                                                         clknet_5_21__leaf_wr_clk (net)
                      0.030907    0.000526    0.315670 ^ _1195_/CLK (sky130_fd_sc_hd__dfrtp_2)
                                  0.100000    0.415670   clock uncertainty
                                  0.000000    0.415670   clock reconvergence pessimism
                                  0.266867    0.682537   library removal time
                                              0.682537   data required time
---------------------------------------------------------------------------------------------
                                              0.682537   data required time
                                             -0.868652   data arrival time
---------------------------------------------------------------------------------------------
                                              0.186115   slack (MET)


Startpoint: _1201_ (rising edge-triggered flip-flop clocked by wr_clk)
Endpoint: _1199_ (removal check against rising-edge clock wr_clk)
Path Group: asynchronous
Path Type: min

Fanout         Cap        Slew       Delay        Time   Description
---------------------------------------------------------------------------------------------
                                  0.000000    0.000000   clock wr_clk (rise edge)
                                  0.000000    0.000000   clock source latency
     1    0.024443    0.000000    0.000000    0.000000 ^ wr_clk (in)
                                                         wr_clk (net)
                      0.001082    0.000541    0.000541 ^ clkbuf_0_wr_clk/A (sky130_fd_sc_hd__clkbuf_16)
    16    0.103832    0.091499    0.123118    0.123659 ^ clkbuf_0_wr_clk/X (sky130_fd_sc_hd__clkbuf_16)
                                                         clknet_0_wr_clk (net)
                      0.091533    0.001440    0.125100 ^ clkbuf_4_10_0_wr_clk/A (sky130_fd_sc_hd__clkbuf_8)
     2    0.019180    0.037276    0.103825    0.228925 ^ clkbuf_4_10_0_wr_clk/X (sky130_fd_sc_hd__clkbuf_8)
                                                         clknet_4_10_0_wr_clk (net)
                      0.037277    0.000228    0.229153 ^ clkbuf_5_21__f_wr_clk/A (sky130_fd_sc_hd__clkbuf_16)
     6    0.019601    0.030905    0.085991    0.315144 ^ clkbuf_5_21__f_wr_clk/X (sky130_fd_sc_hd__clkbuf_16)
                                                         clknet_5_21__leaf_wr_clk (net)
                      0.030907    0.000514    0.315658 ^ _1201_/CLK (sky130_fd_sc_hd__dfrtp_2)
     1    0.003363    0.027618    0.208000    0.523658 ^ _1201_/Q (sky130_fd_sc_hd__dfrtp_2)
                                                         u_wr_reset_sync.sync_ff2 (net)
                      0.027618    0.000041    0.523699 ^ fanout80/A (sky130_fd_sc_hd__clkdlybuf4s25_1)
     7    0.039694    0.299229    0.344620    0.868319 ^ fanout80/X (sky130_fd_sc_hd__clkdlybuf4s25_1)
                                                         net80 (net)
                      0.299319    0.001003    0.869322 ^ _1199_/RESET_B (sky130_fd_sc_hd__dfrtp_2)
                                              0.869322   data arrival time

                                  0.000000    0.000000   clock wr_clk (rise edge)
                                  0.000000    0.000000   clock source latency
     1    0.024443    0.000000    0.000000    0.000000 ^ wr_clk (in)
                                                         wr_clk (net)
                      0.001082    0.000541    0.000541 ^ clkbuf_0_wr_clk/A (sky130_fd_sc_hd__clkbuf_16)
    16    0.103832    0.091499    0.123118    0.123659 ^ clkbuf_0_wr_clk/X (sky130_fd_sc_hd__clkbuf_16)
                                                         clknet_0_wr_clk (net)
                      0.091533    0.001440    0.125100 ^ clkbuf_4_10_0_wr_clk/A (sky130_fd_sc_hd__clkbuf_8)
     2    0.019180    0.037276    0.103825    0.228925 ^ clkbuf_4_10_0_wr_clk/X (sky130_fd_sc_hd__clkbuf_8)
                                                         clknet_4_10_0_wr_clk (net)
                      0.037277    0.000228    0.229153 ^ clkbuf_5_21__f_wr_clk/A (sky130_fd_sc_hd__clkbuf_16)
     6    0.019601    0.030905    0.085991    0.315144 ^ clkbuf_5_21__f_wr_clk/X (sky130_fd_sc_hd__clkbuf_16)
                                                         clknet_5_21__leaf_wr_clk (net)
                      0.030906    0.000422    0.315566 ^ _1199_/CLK (sky130_fd_sc_hd__dfrtp_2)
                                  0.100000    0.415566   clock uncertainty
                                  0.000000    0.415566   clock reconvergence pessimism
                                  0.266890    0.682456   library removal time
                                              0.682456   data required time
---------------------------------------------------------------------------------------------
                                              0.682456   data required time
                                             -0.869322   data arrival time
---------------------------------------------------------------------------------------------
                                              0.186866   slack (MET)


Startpoint: _1201_ (rising edge-triggered flip-flop clocked by wr_clk)
Endpoint: _1198_ (removal check against rising-edge clock wr_clk)
Path Group: asynchronous
Path Type: min

Fanout         Cap        Slew       Delay        Time   Description
---------------------------------------------------------------------------------------------
                                  0.000000    0.000000   clock wr_clk (rise edge)
                                  0.000000    0.000000   clock source latency
     1    0.024443    0.000000    0.000000    0.000000 ^ wr_clk (in)
                                                         wr_clk (net)
                      0.001082    0.000541    0.000541 ^ clkbuf_0_wr_clk/A (sky130_fd_sc_hd__clkbuf_16)
    16    0.103832    0.091499    0.123118    0.123659 ^ clkbuf_0_wr_clk/X (sky130_fd_sc_hd__clkbuf_16)
                                                         clknet_0_wr_clk (net)
                      0.091533    0.001440    0.125100 ^ clkbuf_4_10_0_wr_clk/A (sky130_fd_sc_hd__clkbuf_8)
     2    0.019180    0.037276    0.103825    0.228925 ^ clkbuf_4_10_0_wr_clk/X (sky130_fd_sc_hd__clkbuf_8)
                                                         clknet_4_10_0_wr_clk (net)
                      0.037277    0.000228    0.229153 ^ clkbuf_5_21__f_wr_clk/A (sky130_fd_sc_hd__clkbuf_16)
     6    0.019601    0.030905    0.085991    0.315144 ^ clkbuf_5_21__f_wr_clk/X (sky130_fd_sc_hd__clkbuf_16)
                                                         clknet_5_21__leaf_wr_clk (net)
                      0.030907    0.000514    0.315658 ^ _1201_/CLK (sky130_fd_sc_hd__dfrtp_2)
     1    0.003363    0.027618    0.208000    0.523658 ^ _1201_/Q (sky130_fd_sc_hd__dfrtp_2)
                                                         u_wr_reset_sync.sync_ff2 (net)
                      0.027618    0.000041    0.523699 ^ fanout80/A (sky130_fd_sc_hd__clkdlybuf4s25_1)
     7    0.039694    0.299229    0.344620    0.868319 ^ fanout80/X (sky130_fd_sc_hd__clkdlybuf4s25_1)
                                                         net80 (net)
                      0.299320    0.001148    0.869467 ^ _1198_/RESET_B (sky130_fd_sc_hd__dfrtp_2)
                                              0.869467   data arrival time

                                  0.000000    0.000000   clock wr_clk (rise edge)
                                  0.000000    0.000000   clock source latency
     1    0.024443    0.000000    0.000000    0.000000 ^ wr_clk (in)
                                                         wr_clk (net)
                      0.001082    0.000541    0.000541 ^ clkbuf_0_wr_clk/A (sky130_fd_sc_hd__clkbuf_16)
    16    0.103832    0.091499    0.123118    0.123659 ^ clkbuf_0_wr_clk/X (sky130_fd_sc_hd__clkbuf_16)
                                                         clknet_0_wr_clk (net)
                      0.091533    0.001440    0.125100 ^ clkbuf_4_10_0_wr_clk/A (sky130_fd_sc_hd__clkbuf_8)
     2    0.019180    0.037276    0.103825    0.228925 ^ clkbuf_4_10_0_wr_clk/X (sky130_fd_sc_hd__clkbuf_8)
                                                         clknet_4_10_0_wr_clk (net)
                      0.037277    0.000228    0.229153 ^ clkbuf_5_21__f_wr_clk/A (sky130_fd_sc_hd__clkbuf_16)
     6    0.019601    0.030905    0.085991    0.315144 ^ clkbuf_5_21__f_wr_clk/X (sky130_fd_sc_hd__clkbuf_16)
                                                         clknet_5_21__leaf_wr_clk (net)
                      0.030906    0.000373    0.315517 ^ _1198_/CLK (sky130_fd_sc_hd__dfrtp_2)
                                  0.100000    0.415517   clock uncertainty
                                  0.000000    0.415517   clock reconvergence pessimism
                                  0.266890    0.682407   library removal time
                                              0.682407   data required time
---------------------------------------------------------------------------------------------
                                              0.682407   data required time
                                             -0.869467   data arrival time
---------------------------------------------------------------------------------------------
                                              0.187060   slack (MET)


Startpoint: _1201_ (rising edge-triggered flip-flop clocked by wr_clk)
Endpoint: _1229_ (removal check against rising-edge clock wr_clk)
Path Group: asynchronous
Path Type: min

Fanout         Cap        Slew       Delay        Time   Description
---------------------------------------------------------------------------------------------
                                  0.000000    0.000000   clock wr_clk (rise edge)
                                  0.000000    0.000000   clock source latency
     1    0.024443    0.000000    0.000000    0.000000 ^ wr_clk (in)
                                                         wr_clk (net)
                      0.001082    0.000541    0.000541 ^ clkbuf_0_wr_clk/A (sky130_fd_sc_hd__clkbuf_16)
    16    0.103832    0.091499    0.123118    0.123659 ^ clkbuf_0_wr_clk/X (sky130_fd_sc_hd__clkbuf_16)
                                                         clknet_0_wr_clk (net)
                      0.091533    0.001440    0.125100 ^ clkbuf_4_10_0_wr_clk/A (sky130_fd_sc_hd__clkbuf_8)
     2    0.019180    0.037276    0.103825    0.228925 ^ clkbuf_4_10_0_wr_clk/X (sky130_fd_sc_hd__clkbuf_8)
                                                         clknet_4_10_0_wr_clk (net)
                      0.037277    0.000228    0.229153 ^ clkbuf_5_21__f_wr_clk/A (sky130_fd_sc_hd__clkbuf_16)
     6    0.019601    0.030905    0.085991    0.315144 ^ clkbuf_5_21__f_wr_clk/X (sky130_fd_sc_hd__clkbuf_16)
                                                         clknet_5_21__leaf_wr_clk (net)
                      0.030907    0.000514    0.315658 ^ _1201_/CLK (sky130_fd_sc_hd__dfrtp_2)
     1    0.003363    0.027618    0.208000    0.523658 ^ _1201_/Q (sky130_fd_sc_hd__dfrtp_2)
                                                         u_wr_reset_sync.sync_ff2 (net)
                      0.027618    0.000041    0.523699 ^ fanout80/A (sky130_fd_sc_hd__clkdlybuf4s25_1)
     7    0.039694    0.299229    0.344620    0.868319 ^ fanout80/X (sky130_fd_sc_hd__clkdlybuf4s25_1)
                                                         net80 (net)
                      0.299327    0.001623    0.869942 ^ _1229_/RESET_B (sky130_fd_sc_hd__dfrtp_2)
                                              0.869942   data arrival time

                                  0.000000    0.000000   clock wr_clk (rise edge)
                                  0.000000    0.000000   clock source latency
     1    0.024443    0.000000    0.000000    0.000000 ^ wr_clk (in)
                                                         wr_clk (net)
                      0.001082    0.000541    0.000541 ^ clkbuf_0_wr_clk/A (sky130_fd_sc_hd__clkbuf_16)
    16    0.103832    0.091499    0.123118    0.123659 ^ clkbuf_0_wr_clk/X (sky130_fd_sc_hd__clkbuf_16)
                                                         clknet_0_wr_clk (net)
                      0.091504    0.000587    0.124247 ^ clkbuf_4_14_0_wr_clk/A (sky130_fd_sc_hd__clkbuf_8)
     2    0.018907    0.036968    0.103529    0.227775 ^ clkbuf_4_14_0_wr_clk/X (sky130_fd_sc_hd__clkbuf_8)
                                                         clknet_4_14_0_wr_clk (net)
                      0.036968    0.000210    0.227986 ^ clkbuf_5_28__f_wr_clk/A (sky130_fd_sc_hd__clkbuf_16)
     5    0.020778    0.031691    0.086797    0.314783 ^ clkbuf_5_28__f_wr_clk/X (sky130_fd_sc_hd__clkbuf_16)
                                                         clknet_5_28__leaf_wr_clk (net)
                      0.031692    0.000219    0.315002 ^ _1229_/CLK (sky130_fd_sc_hd__dfrtp_2)
                                  0.100000    0.415002   clock uncertainty
                                  0.000000    0.415002   clock reconvergence pessimism
                                  0.266997    0.681999   library removal time
                                              0.681999   data required time
---------------------------------------------------------------------------------------------
                                              0.681999   data required time
                                             -0.869942   data arrival time
---------------------------------------------------------------------------------------------
                                              0.187943   slack (MET)


Startpoint: _1201_ (rising edge-triggered flip-flop clocked by wr_clk)
Endpoint: _1197_ (removal check against rising-edge clock wr_clk)
Path Group: asynchronous
Path Type: min

Fanout         Cap        Slew       Delay        Time   Description
---------------------------------------------------------------------------------------------
                                  0.000000    0.000000   clock wr_clk (rise edge)
                                  0.000000    0.000000   clock source latency
     1    0.024443    0.000000    0.000000    0.000000 ^ wr_clk (in)
                                                         wr_clk (net)
                      0.001082    0.000541    0.000541 ^ clkbuf_0_wr_clk/A (sky130_fd_sc_hd__clkbuf_16)
    16    0.103832    0.091499    0.123118    0.123659 ^ clkbuf_0_wr_clk/X (sky130_fd_sc_hd__clkbuf_16)
                                                         clknet_0_wr_clk (net)
                      0.091533    0.001440    0.125100 ^ clkbuf_4_10_0_wr_clk/A (sky130_fd_sc_hd__clkbuf_8)
     2    0.019180    0.037276    0.103825    0.228925 ^ clkbuf_4_10_0_wr_clk/X (sky130_fd_sc_hd__clkbuf_8)
                                                         clknet_4_10_0_wr_clk (net)
                      0.037277    0.000228    0.229153 ^ clkbuf_5_21__f_wr_clk/A (sky130_fd_sc_hd__clkbuf_16)
     6    0.019601    0.030905    0.085991    0.315144 ^ clkbuf_5_21__f_wr_clk/X (sky130_fd_sc_hd__clkbuf_16)
                                                         clknet_5_21__leaf_wr_clk (net)
                      0.030907    0.000514    0.315658 ^ _1201_/CLK (sky130_fd_sc_hd__dfrtp_2)
     1    0.003363    0.027618    0.208000    0.523658 ^ _1201_/Q (sky130_fd_sc_hd__dfrtp_2)
                                                         u_wr_reset_sync.sync_ff2 (net)
                      0.027618    0.000041    0.523699 ^ fanout80/A (sky130_fd_sc_hd__clkdlybuf4s25_1)
     7    0.039694    0.299229    0.344620    0.868319 ^ fanout80/X (sky130_fd_sc_hd__clkdlybuf4s25_1)
                                                         net80 (net)
                      0.299324    0.001476    0.869795 ^ _1197_/RESET_B (sky130_fd_sc_hd__dfrtp_2)
                                              0.869795   data arrival time

                                  0.000000    0.000000   clock wr_clk (rise edge)
                                  0.000000    0.000000   clock source latency
     1    0.024443    0.000000    0.000000    0.000000 ^ wr_clk (in)
                                                         wr_clk (net)
                      0.001082    0.000541    0.000541 ^ clkbuf_0_wr_clk/A (sky130_fd_sc_hd__clkbuf_16)
    16    0.103832    0.091499    0.123118    0.123659 ^ clkbuf_0_wr_clk/X (sky130_fd_sc_hd__clkbuf_16)
                                                         clknet_0_wr_clk (net)
                      0.091533    0.001440    0.125100 ^ clkbuf_4_10_0_wr_clk/A (sky130_fd_sc_hd__clkbuf_8)
     2    0.019180    0.037276    0.103825    0.228925 ^ clkbuf_4_10_0_wr_clk/X (sky130_fd_sc_hd__clkbuf_8)
                                                         clknet_4_10_0_wr_clk (net)
                      0.037277    0.000236    0.229161 ^ clkbuf_5_20__f_wr_clk/A (sky130_fd_sc_hd__clkbuf_16)
     5    0.013564    0.026911    0.081942    0.311103 ^ clkbuf_5_20__f_wr_clk/X (sky130_fd_sc_hd__clkbuf_16)
                                                         clknet_5_20__leaf_wr_clk (net)
                      0.026911    0.000052    0.311155 ^ _1197_/CLK (sky130_fd_sc_hd__dfrtp_2)
                                  0.100000    0.411155   clock uncertainty
                                  0.000000    0.411155   clock reconvergence pessimism
                                  0.266356    0.677511   library removal time
                                              0.677511   data required time
---------------------------------------------------------------------------------------------
                                              0.677511   data required time
                                             -0.869795   data arrival time
---------------------------------------------------------------------------------------------
                                              0.192283   slack (MET)


Startpoint: _1201_ (rising edge-triggered flip-flop clocked by wr_clk)
Endpoint: _1196_ (removal check against rising-edge clock wr_clk)
Path Group: asynchronous
Path Type: min

Fanout         Cap        Slew       Delay        Time   Description
---------------------------------------------------------------------------------------------
                                  0.000000    0.000000   clock wr_clk (rise edge)
                                  0.000000    0.000000   clock source latency
     1    0.024443    0.000000    0.000000    0.000000 ^ wr_clk (in)
                                                         wr_clk (net)
                      0.001082    0.000541    0.000541 ^ clkbuf_0_wr_clk/A (sky130_fd_sc_hd__clkbuf_16)
    16    0.103832    0.091499    0.123118    0.123659 ^ clkbuf_0_wr_clk/X (sky130_fd_sc_hd__clkbuf_16)
                                                         clknet_0_wr_clk (net)
                      0.091533    0.001440    0.125100 ^ clkbuf_4_10_0_wr_clk/A (sky130_fd_sc_hd__clkbuf_8)
     2    0.019180    0.037276    0.103825    0.228925 ^ clkbuf_4_10_0_wr_clk/X (sky130_fd_sc_hd__clkbuf_8)
                                                         clknet_4_10_0_wr_clk (net)
                      0.037277    0.000228    0.229153 ^ clkbuf_5_21__f_wr_clk/A (sky130_fd_sc_hd__clkbuf_16)
     6    0.019601    0.030905    0.085991    0.315144 ^ clkbuf_5_21__f_wr_clk/X (sky130_fd_sc_hd__clkbuf_16)
                                                         clknet_5_21__leaf_wr_clk (net)
                      0.030907    0.000514    0.315658 ^ _1201_/CLK (sky130_fd_sc_hd__dfrtp_2)
     1    0.003363    0.027618    0.208000    0.523658 ^ _1201_/Q (sky130_fd_sc_hd__dfrtp_2)
                                                         u_wr_reset_sync.sync_ff2 (net)
                      0.027618    0.000041    0.523699 ^ fanout80/A (sky130_fd_sc_hd__clkdlybuf4s25_1)
     7    0.039694    0.299229    0.344620    0.868319 ^ fanout80/X (sky130_fd_sc_hd__clkdlybuf4s25_1)
                                                         net80 (net)
                      0.299326    0.001557    0.869876 ^ _1196_/RESET_B (sky130_fd_sc_hd__dfrtp_2)
                                              0.869876   data arrival time

                                  0.000000    0.000000   clock wr_clk (rise edge)
                                  0.000000    0.000000   clock source latency
     1    0.024443    0.000000    0.000000    0.000000 ^ wr_clk (in)
                                                         wr_clk (net)
                      0.001082    0.000541    0.000541 ^ clkbuf_0_wr_clk/A (sky130_fd_sc_hd__clkbuf_16)
    16    0.103832    0.091499    0.123118    0.123659 ^ clkbuf_0_wr_clk/X (sky130_fd_sc_hd__clkbuf_16)
                                                         clknet_0_wr_clk (net)
                      0.091533    0.001440    0.125100 ^ clkbuf_4_10_0_wr_clk/A (sky130_fd_sc_hd__clkbuf_8)
     2    0.019180    0.037276    0.103825    0.228925 ^ clkbuf_4_10_0_wr_clk/X (sky130_fd_sc_hd__clkbuf_8)
                                                         clknet_4_10_0_wr_clk (net)
                      0.037277    0.000236    0.229161 ^ clkbuf_5_20__f_wr_clk/A (sky130_fd_sc_hd__clkbuf_16)
     5    0.013564    0.026911    0.081942    0.311103 ^ clkbuf_5_20__f_wr_clk/X (sky130_fd_sc_hd__clkbuf_16)
                                                         clknet_5_20__leaf_wr_clk (net)
                      0.026911    0.000036    0.311139 ^ _1196_/CLK (sky130_fd_sc_hd__dfrtp_2)
                                  0.100000    0.411139   clock uncertainty
                                  0.000000    0.411139   clock reconvergence pessimism
                                  0.266357    0.677496   library removal time
                                              0.677496   data required time
---------------------------------------------------------------------------------------------
                                              0.677496   data required time
                                             -0.869876   data arrival time
---------------------------------------------------------------------------------------------
                                              0.192380   slack (MET)


Startpoint: _1203_ (rising edge-triggered flip-flop clocked by rd_clk)
Endpoint: _1193_ (removal check against rising-edge clock rd_clk)
Path Group: asynchronous
Path Type: min

Fanout         Cap        Slew       Delay        Time   Description
---------------------------------------------------------------------------------------------
                                  0.000000    0.000000   clock rd_clk (rise edge)
                                  0.000000    0.000000   clock source latency
     1    0.013656    0.000000    0.000000    0.000000 ^ rd_clk (in)
                                                         rd_clk (net)
                      0.000587    0.000294    0.000294 ^ clkbuf_0_rd_clk/A (sky130_fd_sc_hd__clkbuf_16)
     4    0.038258    0.043842    0.087700    0.087993 ^ clkbuf_0_rd_clk/X (sky130_fd_sc_hd__clkbuf_16)
                                                         clknet_0_rd_clk (net)
                      0.043849    0.000501    0.088494 ^ clkbuf_2_3__f_rd_clk/A (sky130_fd_sc_hd__clkbuf_16)
     7    0.025459    0.034891    0.091918    0.180412 ^ clkbuf_2_3__f_rd_clk/X (sky130_fd_sc_hd__clkbuf_16)
                                                         clknet_2_3__leaf_rd_clk (net)
                      0.034894    0.000345    0.180757 ^ _1203_/CLK (sky130_fd_sc_hd__dfrtp_2)
     2    0.008147    0.042645    0.224398    0.405156 ^ _1203_/Q (sky130_fd_sc_hd__dfrtp_2)
                                                         u_rd_reset_sync.sync_ff2 (net)
                      0.042645    0.000056    0.405211 ^ fanout76/A (sky130_fd_sc_hd__clkdlybuf4s25_1)
     8    0.041117    0.309342    0.356600    0.761811 ^ fanout76/X (sky130_fd_sc_hd__clkdlybuf4s25_1)
                                                         net76 (net)
                      0.309342    0.000502    0.762314 ^ _1193_/RESET_B (sky130_fd_sc_hd__dfrtp_2)
                                              0.762314   data arrival time

                                  0.000000    0.000000   clock rd_clk (rise edge)
                                  0.000000    0.000000   clock source latency
     1    0.013656    0.000000    0.000000    0.000000 ^ rd_clk (in)
                                                         rd_clk (net)
                      0.000587    0.000294    0.000294 ^ clkbuf_0_rd_clk/A (sky130_fd_sc_hd__clkbuf_16)
     4    0.038258    0.043842    0.087700    0.087993 ^ clkbuf_0_rd_clk/X (sky130_fd_sc_hd__clkbuf_16)
                                                         clknet_0_rd_clk (net)
                      0.043852    0.000594    0.088587 ^ clkbuf_2_2__f_rd_clk/A (sky130_fd_sc_hd__clkbuf_16)
     8    0.029784    0.037956    0.094876    0.183463 ^ clkbuf_2_2__f_rd_clk/X (sky130_fd_sc_hd__clkbuf_16)
                                                         clknet_2_2__leaf_rd_clk (net)
                      0.037960    0.000393    0.183856 ^ _1193_/CLK (sky130_fd_sc_hd__dfrtp_2)
                                  0.100000    0.283856   clock uncertainty
                                  0.000000    0.283856   clock reconvergence pessimism
                                  0.270439    0.554296   library removal time
                                              0.554296   data required time
---------------------------------------------------------------------------------------------
                                              0.554296   data required time
                                             -0.762314   data arrival time
---------------------------------------------------------------------------------------------
                                              0.208018   slack (MET)


Startpoint: _1203_ (rising edge-triggered flip-flop clocked by rd_clk)
Endpoint: _1191_ (removal check against rising-edge clock rd_clk)
Path Group: asynchronous
Path Type: min

Fanout         Cap        Slew       Delay        Time   Description
---------------------------------------------------------------------------------------------
                                  0.000000    0.000000   clock rd_clk (rise edge)
                                  0.000000    0.000000   clock source latency
     1    0.013656    0.000000    0.000000    0.000000 ^ rd_clk (in)
                                                         rd_clk (net)
                      0.000587    0.000294    0.000294 ^ clkbuf_0_rd_clk/A (sky130_fd_sc_hd__clkbuf_16)
     4    0.038258    0.043842    0.087700    0.087993 ^ clkbuf_0_rd_clk/X (sky130_fd_sc_hd__clkbuf_16)
                                                         clknet_0_rd_clk (net)
                      0.043849    0.000501    0.088494 ^ clkbuf_2_3__f_rd_clk/A (sky130_fd_sc_hd__clkbuf_16)
     7    0.025459    0.034891    0.091918    0.180412 ^ clkbuf_2_3__f_rd_clk/X (sky130_fd_sc_hd__clkbuf_16)
                                                         clknet_2_3__leaf_rd_clk (net)
                      0.034894    0.000345    0.180757 ^ _1203_/CLK (sky130_fd_sc_hd__dfrtp_2)
     2    0.008147    0.042645    0.224398    0.405156 ^ _1203_/Q (sky130_fd_sc_hd__dfrtp_2)
                                                         u_rd_reset_sync.sync_ff2 (net)
                      0.042645    0.000056    0.405211 ^ fanout76/A (sky130_fd_sc_hd__clkdlybuf4s25_1)
     8    0.041117    0.309342    0.356600    0.761811 ^ fanout76/X (sky130_fd_sc_hd__clkdlybuf4s25_1)
                                                         net76 (net)
                      0.309342    0.000801    0.762613 ^ _1191_/RESET_B (sky130_fd_sc_hd__dfrtp_2)
                                              0.762613   data arrival time

                                  0.000000    0.000000   clock rd_clk (rise edge)
                                  0.000000    0.000000   clock source latency
     1    0.013656    0.000000    0.000000    0.000000 ^ rd_clk (in)
                                                         rd_clk (net)
                      0.000587    0.000294    0.000294 ^ clkbuf_0_rd_clk/A (sky130_fd_sc_hd__clkbuf_16)
     4    0.038258    0.043842    0.087700    0.087993 ^ clkbuf_0_rd_clk/X (sky130_fd_sc_hd__clkbuf_16)
                                                         clknet_0_rd_clk (net)
                      0.043852    0.000594    0.088587 ^ clkbuf_2_2__f_rd_clk/A (sky130_fd_sc_hd__clkbuf_16)
     8    0.029784    0.037956    0.094876    0.183463 ^ clkbuf_2_2__f_rd_clk/X (sky130_fd_sc_hd__clkbuf_16)
                                                         clknet_2_2__leaf_rd_clk (net)
                      0.037959    0.000356    0.183819 ^ _1191_/CLK (sky130_fd_sc_hd__dfrtp_2)
                                  0.100000    0.283819   clock uncertainty
                                  0.000000    0.283819   clock reconvergence pessimism
                                  0.270439    0.554258   library removal time
                                              0.554258   data required time
---------------------------------------------------------------------------------------------
                                              0.554258   data required time
                                             -0.762613   data arrival time
---------------------------------------------------------------------------------------------
                                              0.208355   slack (MET)


Startpoint: _1203_ (rising edge-triggered flip-flop clocked by rd_clk)
Endpoint: _1192_ (removal check against rising-edge clock rd_clk)
Path Group: asynchronous
Path Type: min

Fanout         Cap        Slew       Delay        Time   Description
---------------------------------------------------------------------------------------------
                                  0.000000    0.000000   clock rd_clk (rise edge)
                                  0.000000    0.000000   clock source latency
     1    0.013656    0.000000    0.000000    0.000000 ^ rd_clk (in)
                                                         rd_clk (net)
                      0.000587    0.000294    0.000294 ^ clkbuf_0_rd_clk/A (sky130_fd_sc_hd__clkbuf_16)
     4    0.038258    0.043842    0.087700    0.087993 ^ clkbuf_0_rd_clk/X (sky130_fd_sc_hd__clkbuf_16)
                                                         clknet_0_rd_clk (net)
                      0.043849    0.000501    0.088494 ^ clkbuf_2_3__f_rd_clk/A (sky130_fd_sc_hd__clkbuf_16)
     7    0.025459    0.034891    0.091918    0.180412 ^ clkbuf_2_3__f_rd_clk/X (sky130_fd_sc_hd__clkbuf_16)
                                                         clknet_2_3__leaf_rd_clk (net)
                      0.034894    0.000345    0.180757 ^ _1203_/CLK (sky130_fd_sc_hd__dfrtp_2)
     2    0.008147    0.042645    0.224398    0.405156 ^ _1203_/Q (sky130_fd_sc_hd__dfrtp_2)
                                                         u_rd_reset_sync.sync_ff2 (net)
                      0.042645    0.000056    0.405211 ^ fanout76/A (sky130_fd_sc_hd__clkdlybuf4s25_1)
     8    0.041117    0.309342    0.356600    0.761811 ^ fanout76/X (sky130_fd_sc_hd__clkdlybuf4s25_1)
                                                         net76 (net)
                      0.309342    0.000895    0.762707 ^ _1192_/RESET_B (sky130_fd_sc_hd__dfrtp_2)
                                              0.762707   data arrival time

                                  0.000000    0.000000   clock rd_clk (rise edge)
                                  0.000000    0.000000   clock source latency
     1    0.013656    0.000000    0.000000    0.000000 ^ rd_clk (in)
                                                         rd_clk (net)
                      0.000587    0.000294    0.000294 ^ clkbuf_0_rd_clk/A (sky130_fd_sc_hd__clkbuf_16)
     4    0.038258    0.043842    0.087700    0.087993 ^ clkbuf_0_rd_clk/X (sky130_fd_sc_hd__clkbuf_16)
                                                         clknet_0_rd_clk (net)
                      0.043852    0.000594    0.088587 ^ clkbuf_2_2__f_rd_clk/A (sky130_fd_sc_hd__clkbuf_16)
     8    0.029784    0.037956    0.094876    0.183463 ^ clkbuf_2_2__f_rd_clk/X (sky130_fd_sc_hd__clkbuf_16)
                                                         clknet_2_2__leaf_rd_clk (net)
                      0.037959    0.000337    0.183800 ^ _1192_/CLK (sky130_fd_sc_hd__dfrtp_2)
                                  0.100000    0.283800   clock uncertainty
                                  0.000000    0.283800   clock reconvergence pessimism
                                  0.270439    0.554239   library removal time
                                              0.554239   data required time
---------------------------------------------------------------------------------------------
                                              0.554239   data required time
                                             -0.762707   data arrival time
---------------------------------------------------------------------------------------------
                                              0.208468   slack (MET)


Startpoint: _1203_ (rising edge-triggered flip-flop clocked by rd_clk)
Endpoint: _1239_ (removal check against rising-edge clock rd_clk)
Path Group: asynchronous
Path Type: min

Fanout         Cap        Slew       Delay        Time   Description
---------------------------------------------------------------------------------------------
                                  0.000000    0.000000   clock rd_clk (rise edge)
                                  0.000000    0.000000   clock source latency
     1    0.013656    0.000000    0.000000    0.000000 ^ rd_clk (in)
                                                         rd_clk (net)
                      0.000587    0.000294    0.000294 ^ clkbuf_0_rd_clk/A (sky130_fd_sc_hd__clkbuf_16)
     4    0.038258    0.043842    0.087700    0.087993 ^ clkbuf_0_rd_clk/X (sky130_fd_sc_hd__clkbuf_16)
                                                         clknet_0_rd_clk (net)
                      0.043849    0.000501    0.088494 ^ clkbuf_2_3__f_rd_clk/A (sky130_fd_sc_hd__clkbuf_16)
     7    0.025459    0.034891    0.091918    0.180412 ^ clkbuf_2_3__f_rd_clk/X (sky130_fd_sc_hd__clkbuf_16)
                                                         clknet_2_3__leaf_rd_clk (net)
                      0.034894    0.000345    0.180757 ^ _1203_/CLK (sky130_fd_sc_hd__dfrtp_2)
     2    0.008147    0.042645    0.224398    0.405156 ^ _1203_/Q (sky130_fd_sc_hd__dfrtp_2)
                                                         u_rd_reset_sync.sync_ff2 (net)
                      0.042645    0.000056    0.405211 ^ fanout76/A (sky130_fd_sc_hd__clkdlybuf4s25_1)
     8    0.041117    0.309342    0.356600    0.761811 ^ fanout76/X (sky130_fd_sc_hd__clkdlybuf4s25_1)
                                                         net76 (net)
                      0.309342    0.000967    0.762779 ^ _1239_/RESET_B (sky130_fd_sc_hd__dfrtp_2)
                                              0.762779   data arrival time

                                  0.000000    0.000000   clock rd_clk (rise edge)
                                  0.000000    0.000000   clock source latency
     1    0.013656    0.000000    0.000000    0.000000 ^ rd_clk (in)
                                                         rd_clk (net)
                      0.000587    0.000294    0.000294 ^ clkbuf_0_rd_clk/A (sky130_fd_sc_hd__clkbuf_16)
     4    0.038258    0.043842    0.087700    0.087993 ^ clkbuf_0_rd_clk/X (sky130_fd_sc_hd__clkbuf_16)
                                                         clknet_0_rd_clk (net)
                      0.043852    0.000594    0.088587 ^ clkbuf_2_2__f_rd_clk/A (sky130_fd_sc_hd__clkbuf_16)
     8    0.029784    0.037956    0.094876    0.183463 ^ clkbuf_2_2__f_rd_clk/X (sky130_fd_sc_hd__clkbuf_16)
                                                         clknet_2_2__leaf_rd_clk (net)
                      0.037958    0.000306    0.183769 ^ _1239_/CLK (sky130_fd_sc_hd__dfrtp_2)
                                  0.100000    0.283769   clock uncertainty
                                  0.000000    0.283769   clock reconvergence pessimism
                                  0.270439    0.554208   library removal time
                                              0.554208   data required time
---------------------------------------------------------------------------------------------
                                              0.554208   data required time
                                             -0.762779   data arrival time
---------------------------------------------------------------------------------------------
                                              0.208571   slack (MET)


Startpoint: _1203_ (rising edge-triggered flip-flop clocked by rd_clk)
Endpoint: _1240_ (removal check against rising-edge clock rd_clk)
Path Group: asynchronous
Path Type: min

Fanout         Cap        Slew       Delay        Time   Description
---------------------------------------------------------------------------------------------
                                  0.000000    0.000000   clock rd_clk (rise edge)
                                  0.000000    0.000000   clock source latency
     1    0.013656    0.000000    0.000000    0.000000 ^ rd_clk (in)
                                                         rd_clk (net)
                      0.000587    0.000294    0.000294 ^ clkbuf_0_rd_clk/A (sky130_fd_sc_hd__clkbuf_16)
     4    0.038258    0.043842    0.087700    0.087993 ^ clkbuf_0_rd_clk/X (sky130_fd_sc_hd__clkbuf_16)
                                                         clknet_0_rd_clk (net)
                      0.043849    0.000501    0.088494 ^ clkbuf_2_3__f_rd_clk/A (sky130_fd_sc_hd__clkbuf_16)
     7    0.025459    0.034891    0.091918    0.180412 ^ clkbuf_2_3__f_rd_clk/X (sky130_fd_sc_hd__clkbuf_16)
                                                         clknet_2_3__leaf_rd_clk (net)
                      0.034894    0.000345    0.180757 ^ _1203_/CLK (sky130_fd_sc_hd__dfrtp_2)
     2    0.008147    0.042645    0.224398    0.405156 ^ _1203_/Q (sky130_fd_sc_hd__dfrtp_2)
                                                         u_rd_reset_sync.sync_ff2 (net)
                      0.042645    0.000056    0.405211 ^ fanout76/A (sky130_fd_sc_hd__clkdlybuf4s25_1)
     8    0.041117    0.309342    0.356600    0.761811 ^ fanout76/X (sky130_fd_sc_hd__clkdlybuf4s25_1)
                                                         net76 (net)
                      0.309342    0.001038    0.762849 ^ _1240_/RESET_B (sky130_fd_sc_hd__dfrtp_2)
                                              0.762849   data arrival time

                                  0.000000    0.000000   clock rd_clk (rise edge)
                                  0.000000    0.000000   clock source latency
     1    0.013656    0.000000    0.000000    0.000000 ^ rd_clk (in)
                                                         rd_clk (net)
                      0.000587    0.000294    0.000294 ^ clkbuf_0_rd_clk/A (sky130_fd_sc_hd__clkbuf_16)
     4    0.038258    0.043842    0.087700    0.087993 ^ clkbuf_0_rd_clk/X (sky130_fd_sc_hd__clkbuf_16)
                                                         clknet_0_rd_clk (net)
                      0.043852    0.000594    0.088587 ^ clkbuf_2_2__f_rd_clk/A (sky130_fd_sc_hd__clkbuf_16)
     8    0.029784    0.037956    0.094876    0.183463 ^ clkbuf_2_2__f_rd_clk/X (sky130_fd_sc_hd__clkbuf_16)
                                                         clknet_2_2__leaf_rd_clk (net)
                      0.037958    0.000293    0.183756 ^ _1240_/CLK (sky130_fd_sc_hd__dfrtp_2)
                                  0.100000    0.283756   clock uncertainty
                                  0.000000    0.283756   clock reconvergence pessimism
                                  0.270439    0.554195   library removal time
                                              0.554195   data required time
---------------------------------------------------------------------------------------------
                                              0.554195   data required time
                                             -0.762849   data arrival time
---------------------------------------------------------------------------------------------
                                              0.208654   slack (MET)


Startpoint: _1203_ (rising edge-triggered flip-flop clocked by rd_clk)
Endpoint: _1194_ (removal check against rising-edge clock rd_clk)
Path Group: asynchronous
Path Type: min

Fanout         Cap        Slew       Delay        Time   Description
---------------------------------------------------------------------------------------------
                                  0.000000    0.000000   clock rd_clk (rise edge)
                                  0.000000    0.000000   clock source latency
     1    0.013656    0.000000    0.000000    0.000000 ^ rd_clk (in)
                                                         rd_clk (net)
                      0.000587    0.000294    0.000294 ^ clkbuf_0_rd_clk/A (sky130_fd_sc_hd__clkbuf_16)
     4    0.038258    0.043842    0.087700    0.087993 ^ clkbuf_0_rd_clk/X (sky130_fd_sc_hd__clkbuf_16)
                                                         clknet_0_rd_clk (net)
                      0.043849    0.000501    0.088494 ^ clkbuf_2_3__f_rd_clk/A (sky130_fd_sc_hd__clkbuf_16)
     7    0.025459    0.034891    0.091918    0.180412 ^ clkbuf_2_3__f_rd_clk/X (sky130_fd_sc_hd__clkbuf_16)
                                                         clknet_2_3__leaf_rd_clk (net)
                      0.034894    0.000345    0.180757 ^ _1203_/CLK (sky130_fd_sc_hd__dfrtp_2)
     2    0.008147    0.042645    0.224398    0.405156 ^ _1203_/Q (sky130_fd_sc_hd__dfrtp_2)
                                                         u_rd_reset_sync.sync_ff2 (net)
                      0.042645    0.000056    0.405211 ^ fanout76/A (sky130_fd_sc_hd__clkdlybuf4s25_1)
     8    0.041117    0.309342    0.356600    0.761811 ^ fanout76/X (sky130_fd_sc_hd__clkdlybuf4s25_1)
                                                         net76 (net)
                      0.309342    0.000317    0.762128 ^ _1194_/RESET_B (sky130_fd_sc_hd__dfrtp_2)
                                              0.762128   data arrival time

                                  0.000000    0.000000   clock rd_clk (rise edge)
                                  0.000000    0.000000   clock source latency
     1    0.013656    0.000000    0.000000    0.000000 ^ rd_clk (in)
                                                         rd_clk (net)
                      0.000587    0.000294    0.000294 ^ clkbuf_0_rd_clk/A (sky130_fd_sc_hd__clkbuf_16)
     4    0.038258    0.043842    0.087700    0.087993 ^ clkbuf_0_rd_clk/X (sky130_fd_sc_hd__clkbuf_16)
                                                         clknet_0_rd_clk (net)
                      0.043849    0.000501    0.088494 ^ clkbuf_2_3__f_rd_clk/A (sky130_fd_sc_hd__clkbuf_16)
     7    0.025459    0.034891    0.091918    0.180412 ^ clkbuf_2_3__f_rd_clk/X (sky130_fd_sc_hd__clkbuf_16)
                                                         clknet_2_3__leaf_rd_clk (net)
                      0.034893    0.000289    0.180701 ^ _1194_/CLK (sky130_fd_sc_hd__dfrtp_2)
                                  0.100000    0.280701   clock uncertainty
                                  0.000000    0.280701   clock reconvergence pessimism
                                  0.270029    0.550730   library removal time
                                              0.550730   data required time
---------------------------------------------------------------------------------------------
                                              0.550730   data required time
                                             -0.762128   data arrival time
---------------------------------------------------------------------------------------------
                                              0.211398   slack (MET)


Startpoint: _1078_ (rising edge-triggered flip-flop clocked by wr_clk)
Endpoint: _1078_ (rising edge-triggered flip-flop clocked by wr_clk)
Path Group: wr_clk
Path Type: min

Fanout         Cap        Slew       Delay        Time   Description
---------------------------------------------------------------------------------------------
                                  0.000000    0.000000   clock wr_clk (rise edge)
                                  0.000000    0.000000   clock source latency
     1    0.024443    0.000000    0.000000    0.000000 ^ wr_clk (in)
                                                         wr_clk (net)
                      0.001082    0.000541    0.000541 ^ clkbuf_0_wr_clk/A (sky130_fd_sc_hd__clkbuf_16)
    16    0.103832    0.091499    0.123118    0.123659 ^ clkbuf_0_wr_clk/X (sky130_fd_sc_hd__clkbuf_16)
                                                         clknet_0_wr_clk (net)
                      0.091673    0.003209    0.126868 ^ clkbuf_4_5_0_wr_clk/A (sky130_fd_sc_hd__clkbuf_8)
     2    0.019116    0.037214    0.103720    0.230588 ^ clkbuf_4_5_0_wr_clk/X (sky130_fd_sc_hd__clkbuf_8)
                                                         clknet_4_5_0_wr_clk (net)
                      0.037217    0.000371    0.230959 ^ clkbuf_5_10__f_wr_clk/A (sky130_fd_sc_hd__clkbuf_16)
     5    0.014576    0.027582    0.082552    0.313512 ^ clkbuf_5_10__f_wr_clk/X (sky130_fd_sc_hd__clkbuf_16)
                                                         clknet_5_10__leaf_wr_clk (net)
                      0.027582    0.000318    0.313830 ^ _1078_/CLK (sky130_fd_sc_hd__dfxtp_2)
     2    0.004708    0.027538    0.191841    0.505672 ^ _1078_/Q (sky130_fd_sc_hd__dfxtp_2)
                                                         u_fifomem.mem[11][0] (net)
                      0.027538    0.000045    0.505717 ^ _0820_/A1 (sky130_fd_sc_hd__mux2_2)
     1    0.002563    0.023582    0.082287    0.588003 ^ _0820_/X (sky130_fd_sc_hd__mux2_2)
                                                         _0386_ (net)
                      0.023582    0.000013    0.588016 ^ _0821_/A (sky130_fd_sc_hd__buf_1)
     1    0.002045    0.026011    0.045781    0.633797 ^ _0821_/X (sky130_fd_sc_hd__buf_1)
                                                         _0018_ (net)
                      0.026011    0.000017    0.633814 ^ _1078_/D (sky130_fd_sc_hd__dfxtp_2)
                                              0.633814   data arrival time

                                  0.000000    0.000000   clock wr_clk (rise edge)
                                  0.000000    0.000000   clock source latency
     1    0.024443    0.000000    0.000000    0.000000 ^ wr_clk (in)
                                                         wr_clk (net)
                      0.001082    0.000541    0.000541 ^ clkbuf_0_wr_clk/A (sky130_fd_sc_hd__clkbuf_16)
    16    0.103832    0.091499    0.123118    0.123659 ^ clkbuf_0_wr_clk/X (sky130_fd_sc_hd__clkbuf_16)
                                                         clknet_0_wr_clk (net)
                      0.091673    0.003209    0.126868 ^ clkbuf_4_5_0_wr_clk/A (sky130_fd_sc_hd__clkbuf_8)
     2    0.019116    0.037214    0.103720    0.230588 ^ clkbuf_4_5_0_wr_clk/X (sky130_fd_sc_hd__clkbuf_8)
                                                         clknet_4_5_0_wr_clk (net)
                      0.037217    0.000371    0.230959 ^ clkbuf_5_10__f_wr_clk/A (sky130_fd_sc_hd__clkbuf_16)
     5    0.014576    0.027582    0.082552    0.313512 ^ clkbuf_5_10__f_wr_clk/X (sky130_fd_sc_hd__clkbuf_16)
                                                         clknet_5_10__leaf_wr_clk (net)
                      0.027582    0.000318    0.313830 ^ _1078_/CLK (sky130_fd_sc_hd__dfxtp_2)
                                  0.100000    0.413830   clock uncertainty
                                  0.000000    0.413830   clock reconvergence pessimism
                                 -0.017028    0.396802   library hold time
                                              0.396802   data required time
---------------------------------------------------------------------------------------------
                                              0.396802   data required time
                                             -0.633814   data arrival time
---------------------------------------------------------------------------------------------
                                              0.237012   slack (MET)


Startpoint: _1117_ (rising edge-triggered flip-flop clocked by wr_clk)
Endpoint: _1117_ (rising edge-triggered flip-flop clocked by wr_clk)
Path Group: wr_clk
Path Type: min

Fanout         Cap        Slew       Delay        Time   Description
---------------------------------------------------------------------------------------------
                                  0.000000    0.000000   clock wr_clk (rise edge)
                                  0.000000    0.000000   clock source latency
     1    0.024443    0.000000    0.000000    0.000000 ^ wr_clk (in)
                                                         wr_clk (net)
                      0.001082    0.000541    0.000541 ^ clkbuf_0_wr_clk/A (sky130_fd_sc_hd__clkbuf_16)
    16    0.103832    0.091499    0.123118    0.123659 ^ clkbuf_0_wr_clk/X (sky130_fd_sc_hd__clkbuf_16)
                                                         clknet_0_wr_clk (net)
                      0.091686    0.003328    0.126987 ^ clkbuf_4_4_0_wr_clk/A (sky130_fd_sc_hd__clkbuf_8)
     2    0.018811    0.036885    0.103499    0.230486 ^ clkbuf_4_4_0_wr_clk/X (sky130_fd_sc_hd__clkbuf_8)
                                                         clknet_4_4_0_wr_clk (net)
                      0.036885    0.000186    0.230672 ^ clkbuf_5_8__f_wr_clk/A (sky130_fd_sc_hd__clkbuf_16)
     5    0.013403    0.026803    0.081699    0.312371 ^ clkbuf_5_8__f_wr_clk/X (sky130_fd_sc_hd__clkbuf_16)
                                                         clknet_5_8__leaf_wr_clk (net)
                      0.026803    0.000022    0.312394 ^ _1117_/CLK (sky130_fd_sc_hd__dfxtp_2)
     2    0.004551    0.027040    0.191147    0.503540 ^ _1117_/Q (sky130_fd_sc_hd__dfxtp_2)
                                                         u_fifomem.mem[15][7] (net)
                      0.027040    0.000024    0.503564 ^ _0905_/A1 (sky130_fd_sc_hd__mux2_2)
     1    0.002492    0.023351    0.081889    0.585453 ^ _0905_/X (sky130_fd_sc_hd__mux2_2)
                                                         _0432_ (net)
                      0.023351    0.000011    0.585464 ^ _0906_/A (sky130_fd_sc_hd__buf_1)
     1    0.002292    0.027988    0.047217    0.632682 ^ _0906_/X (sky130_fd_sc_hd__buf_1)
                                                         _0057_ (net)
                      0.027988    0.000022    0.632703 ^ _1117_/D (sky130_fd_sc_hd__dfxtp_2)
                                              0.632703   data arrival time

                                  0.000000    0.000000   clock wr_clk (rise edge)
                                  0.000000    0.000000   clock source latency
     1    0.024443    0.000000    0.000000    0.000000 ^ wr_clk (in)
                                                         wr_clk (net)
                      0.001082    0.000541    0.000541 ^ clkbuf_0_wr_clk/A (sky130_fd_sc_hd__clkbuf_16)
    16    0.103832    0.091499    0.123118    0.123659 ^ clkbuf_0_wr_clk/X (sky130_fd_sc_hd__clkbuf_16)
                                                         clknet_0_wr_clk (net)
                      0.091686    0.003328    0.126987 ^ clkbuf_4_4_0_wr_clk/A (sky130_fd_sc_hd__clkbuf_8)
     2    0.018811    0.036885    0.103499    0.230486 ^ clkbuf_4_4_0_wr_clk/X (sky130_fd_sc_hd__clkbuf_8)
                                                         clknet_4_4_0_wr_clk (net)
                      0.036885    0.000186    0.230672 ^ clkbuf_5_8__f_wr_clk/A (sky130_fd_sc_hd__clkbuf_16)
     5    0.013403    0.026803    0.081699    0.312371 ^ clkbuf_5_8__f_wr_clk/X (sky130_fd_sc_hd__clkbuf_16)
                                                         clknet_5_8__leaf_wr_clk (net)
                      0.026803    0.000022    0.312394 ^ _1117_/CLK (sky130_fd_sc_hd__dfxtp_2)
                                  0.100000    0.412394   clock uncertainty
                                  0.000000    0.412394   clock reconvergence pessimism
                                 -0.017187    0.395207   library hold time
                                              0.395207   data required time
---------------------------------------------------------------------------------------------
                                              0.395207   data required time
                                             -0.632703   data arrival time
---------------------------------------------------------------------------------------------
                                              0.237496   slack (MET)


Startpoint: _1182_ (rising edge-triggered flip-flop clocked by wr_clk)
Endpoint: _1182_ (rising edge-triggered flip-flop clocked by wr_clk)
Path Group: wr_clk
Path Type: min

Fanout         Cap        Slew       Delay        Time   Description
---------------------------------------------------------------------------------------------
                                  0.000000    0.000000   clock wr_clk (rise edge)
                                  0.000000    0.000000   clock source latency
     1    0.024443    0.000000    0.000000    0.000000 ^ wr_clk (in)
                                                         wr_clk (net)
                      0.001082    0.000541    0.000541 ^ clkbuf_0_wr_clk/A (sky130_fd_sc_hd__clkbuf_16)
    16    0.103832    0.091499    0.123118    0.123659 ^ clkbuf_0_wr_clk/X (sky130_fd_sc_hd__clkbuf_16)
                                                         clknet_0_wr_clk (net)
                      0.091673    0.003209    0.126868 ^ clkbuf_4_5_0_wr_clk/A (sky130_fd_sc_hd__clkbuf_8)
     2    0.019116    0.037214    0.103720    0.230588 ^ clkbuf_4_5_0_wr_clk/X (sky130_fd_sc_hd__clkbuf_8)
                                                         clknet_4_5_0_wr_clk (net)
                      0.037217    0.000371    0.230959 ^ clkbuf_5_10__f_wr_clk/A (sky130_fd_sc_hd__clkbuf_16)
     5    0.014576    0.027582    0.082552    0.313512 ^ clkbuf_5_10__f_wr_clk/X (sky130_fd_sc_hd__clkbuf_16)
                                                         clknet_5_10__leaf_wr_clk (net)
                      0.027582    0.000339    0.313850 ^ _1182_/CLK (sky130_fd_sc_hd__dfxtp_2)
     2    0.005180    0.029063    0.193111    0.506961 ^ _1182_/Q (sky130_fd_sc_hd__dfxtp_2)
                                                         u_fifomem.mem[9][0] (net)
                      0.029063    0.000021    0.506983 ^ _1046_/A0 (sky130_fd_sc_hd__mux2_2)
     1    0.002484    0.023689    0.082638    0.589620 ^ _1046_/X (sky130_fd_sc_hd__mux2_2)
                                                         _0508_ (net)
                      0.023689    0.000011    0.589632 ^ _1047_/A (sky130_fd_sc_hd__buf_1)
     1    0.001968    0.025401    0.045340    0.634971 ^ _1047_/X (sky130_fd_sc_hd__buf_1)
                                                         _0122_ (net)
                      0.025401    0.000016    0.634988 ^ _1182_/D (sky130_fd_sc_hd__dfxtp_2)
                                              0.634988   data arrival time

                                  0.000000    0.000000   clock wr_clk (rise edge)
                                  0.000000    0.000000   clock source latency
     1    0.024443    0.000000    0.000000    0.000000 ^ wr_clk (in)
                                                         wr_clk (net)
                      0.001082    0.000541    0.000541 ^ clkbuf_0_wr_clk/A (sky130_fd_sc_hd__clkbuf_16)
    16    0.103832    0.091499    0.123118    0.123659 ^ clkbuf_0_wr_clk/X (sky130_fd_sc_hd__clkbuf_16)
                                                         clknet_0_wr_clk (net)
                      0.091673    0.003209    0.126868 ^ clkbuf_4_5_0_wr_clk/A (sky130_fd_sc_hd__clkbuf_8)
     2    0.019116    0.037214    0.103720    0.230588 ^ clkbuf_4_5_0_wr_clk/X (sky130_fd_sc_hd__clkbuf_8)
                                                         clknet_4_5_0_wr_clk (net)
                      0.037217    0.000371    0.230959 ^ clkbuf_5_10__f_wr_clk/A (sky130_fd_sc_hd__clkbuf_16)
     5    0.014576    0.027582    0.082552    0.313512 ^ clkbuf_5_10__f_wr_clk/X (sky130_fd_sc_hd__clkbuf_16)
                                                         clknet_5_10__leaf_wr_clk (net)
                      0.027582    0.000339    0.313850 ^ _1182_/CLK (sky130_fd_sc_hd__dfxtp_2)
                                  0.100000    0.413850   clock uncertainty
                                  0.000000    0.413850   clock reconvergence pessimism
                                 -0.016985    0.396865   library hold time
                                              0.396865   data required time
---------------------------------------------------------------------------------------------
                                              0.396865   data required time
                                             -0.634988   data arrival time
---------------------------------------------------------------------------------------------
                                              0.238123   slack (MET)


Startpoint: _1180_ (rising edge-triggered flip-flop clocked by wr_clk)
Endpoint: _1180_ (rising edge-triggered flip-flop clocked by wr_clk)
Path Group: wr_clk
Path Type: min

Fanout         Cap        Slew       Delay        Time   Description
---------------------------------------------------------------------------------------------
                                  0.000000    0.000000   clock wr_clk (rise edge)
                                  0.000000    0.000000   clock source latency
     1    0.024443    0.000000    0.000000    0.000000 ^ wr_clk (in)
                                                         wr_clk (net)
                      0.001082    0.000541    0.000541 ^ clkbuf_0_wr_clk/A (sky130_fd_sc_hd__clkbuf_16)
    16    0.103832    0.091499    0.123118    0.123659 ^ clkbuf_0_wr_clk/X (sky130_fd_sc_hd__clkbuf_16)
                                                         clknet_0_wr_clk (net)
                      0.091499    0.000105    0.123764 ^ clkbuf_4_13_0_wr_clk/A (sky130_fd_sc_hd__clkbuf_8)
     2    0.018805    0.036856    0.103381    0.227145 ^ clkbuf_4_13_0_wr_clk/X (sky130_fd_sc_hd__clkbuf_8)
                                                         clknet_4_13_0_wr_clk (net)
                      0.036858    0.000338    0.227484 ^ clkbuf_5_27__f_wr_clk/A (sky130_fd_sc_hd__clkbuf_16)
     5    0.017066    0.029224    0.084150    0.311634 ^ clkbuf_5_27__f_wr_clk/X (sky130_fd_sc_hd__clkbuf_16)
                                                         clknet_5_27__leaf_wr_clk (net)
                      0.029230    0.000305    0.311938 ^ _1180_/CLK (sky130_fd_sc_hd__dfxtp_2)
     2    0.004802    0.027842    0.192589    0.504527 ^ _1180_/Q (sky130_fd_sc_hd__dfxtp_2)
                                                         u_fifomem.mem[8][6] (net)
                      0.027842    0.000038    0.504565 ^ _1041_/A0 (sky130_fd_sc_hd__mux2_2)
     1    0.002499    0.023738    0.082355    0.586920 ^ _1041_/X (sky130_fd_sc_hd__mux2_2)
                                                         _0505_ (net)
                      0.023738    0.000012    0.586932 ^ _1042_/A (sky130_fd_sc_hd__buf_1)
     1    0.002093    0.026398    0.046102    0.633034 ^ _1042_/X (sky130_fd_sc_hd__buf_1)
                                                         _0120_ (net)
                      0.026398    0.000019    0.633053 ^ _1180_/D (sky130_fd_sc_hd__dfxtp_2)
                                              0.633053   data arrival time

                                  0.000000    0.000000   clock wr_clk (rise edge)
                                  0.000000    0.000000   clock source latency
     1    0.024443    0.000000    0.000000    0.000000 ^ wr_clk (in)
                                                         wr_clk (net)
                      0.001082    0.000541    0.000541 ^ clkbuf_0_wr_clk/A (sky130_fd_sc_hd__clkbuf_16)
    16    0.103832    0.091499    0.123118    0.123659 ^ clkbuf_0_wr_clk/X (sky130_fd_sc_hd__clkbuf_16)
                                                         clknet_0_wr_clk (net)
                      0.091499    0.000105    0.123764 ^ clkbuf_4_13_0_wr_clk/A (sky130_fd_sc_hd__clkbuf_8)
     2    0.018805    0.036856    0.103381    0.227145 ^ clkbuf_4_13_0_wr_clk/X (sky130_fd_sc_hd__clkbuf_8)
                                                         clknet_4_13_0_wr_clk (net)
                      0.036858    0.000338    0.227484 ^ clkbuf_5_27__f_wr_clk/A (sky130_fd_sc_hd__clkbuf_16)
     5    0.017066    0.029224    0.084150    0.311634 ^ clkbuf_5_27__f_wr_clk/X (sky130_fd_sc_hd__clkbuf_16)
                                                         clknet_5_27__leaf_wr_clk (net)
                      0.029230    0.000305    0.311938 ^ _1180_/CLK (sky130_fd_sc_hd__dfxtp_2)
                                  0.100000    0.411938   clock uncertainty
                                  0.000000    0.411938   clock reconvergence pessimism
                                 -0.017016    0.394922   library hold time
                                              0.394922   data required time
---------------------------------------------------------------------------------------------
                                              0.394922   data required time
                                             -0.633053   data arrival time
---------------------------------------------------------------------------------------------
                                              0.238131   slack (MET)


Startpoint: _1174_ (rising edge-triggered flip-flop clocked by wr_clk)
Endpoint: _1174_ (rising edge-triggered flip-flop clocked by wr_clk)
Path Group: wr_clk
Path Type: min

Fanout         Cap        Slew       Delay        Time   Description
---------------------------------------------------------------------------------------------
                                  0.000000    0.000000   clock wr_clk (rise edge)
                                  0.000000    0.000000   clock source latency
     1    0.024443    0.000000    0.000000    0.000000 ^ wr_clk (in)
                                                         wr_clk (net)
                      0.001082    0.000541    0.000541 ^ clkbuf_0_wr_clk/A (sky130_fd_sc_hd__clkbuf_16)
    16    0.103832    0.091499    0.123118    0.123659 ^ clkbuf_0_wr_clk/X (sky130_fd_sc_hd__clkbuf_16)
                                                         clknet_0_wr_clk (net)
                      0.091686    0.003328    0.126987 ^ clkbuf_4_4_0_wr_clk/A (sky130_fd_sc_hd__clkbuf_8)
     2    0.018811    0.036885    0.103499    0.230486 ^ clkbuf_4_4_0_wr_clk/X (sky130_fd_sc_hd__clkbuf_8)
                                                         clknet_4_4_0_wr_clk (net)
                      0.036885    0.000166    0.230652 ^ clkbuf_5_9__f_wr_clk/A (sky130_fd_sc_hd__clkbuf_16)
     5    0.014363    0.027439    0.082364    0.313016 ^ clkbuf_5_9__f_wr_clk/X (sky130_fd_sc_hd__clkbuf_16)
                                                         clknet_5_9__leaf_wr_clk (net)
                      0.027439    0.000099    0.313115 ^ _1174_/CLK (sky130_fd_sc_hd__dfxtp_2)
     2    0.004943    0.028294    0.192426    0.505540 ^ _1174_/Q (sky130_fd_sc_hd__dfxtp_2)
                                                         u_fifomem.mem[8][0] (net)
                      0.028294    0.000038    0.505578 ^ _1029_/A0 (sky130_fd_sc_hd__mux2_2)
     1    0.002553    0.023909    0.082679    0.588257 ^ _1029_/X (sky130_fd_sc_hd__mux2_2)
                                                         _0499_ (net)
                      0.023909    0.000012    0.588270 ^ _1030_/A (sky130_fd_sc_hd__buf_1)
     1    0.002113    0.026556    0.046253    0.634522 ^ _1030_/X (sky130_fd_sc_hd__buf_1)
                                                         _0114_ (net)
                      0.026556    0.000018    0.634541 ^ _1174_/D (sky130_fd_sc_hd__dfxtp_2)
                                              0.634541   data arrival time

                                  0.000000    0.000000   clock wr_clk (rise edge)
                                  0.000000    0.000000   clock source latency
     1    0.024443    0.000000    0.000000    0.000000 ^ wr_clk (in)
                                                         wr_clk (net)
                      0.001082    0.000541    0.000541 ^ clkbuf_0_wr_clk/A (sky130_fd_sc_hd__clkbuf_16)
    16    0.103832    0.091499    0.123118    0.123659 ^ clkbuf_0_wr_clk/X (sky130_fd_sc_hd__clkbuf_16)
                                                         clknet_0_wr_clk (net)
                      0.091686    0.003328    0.126987 ^ clkbuf_4_4_0_wr_clk/A (sky130_fd_sc_hd__clkbuf_8)
     2    0.018811    0.036885    0.103499    0.230486 ^ clkbuf_4_4_0_wr_clk/X (sky130_fd_sc_hd__clkbuf_8)
                                                         clknet_4_4_0_wr_clk (net)
                      0.036885    0.000166    0.230652 ^ clkbuf_5_9__f_wr_clk/A (sky130_fd_sc_hd__clkbuf_16)
     5    0.014363    0.027439    0.082364    0.313016 ^ clkbuf_5_9__f_wr_clk/X (sky130_fd_sc_hd__clkbuf_16)
                                                         clknet_5_9__leaf_wr_clk (net)
                      0.027439    0.000099    0.313115 ^ _1174_/CLK (sky130_fd_sc_hd__dfxtp_2)
                                  0.100000    0.413115   clock uncertainty
                                  0.000000    0.413115   clock reconvergence pessimism
                                 -0.017070    0.396044   library hold time
                                              0.396044   data required time
---------------------------------------------------------------------------------------------
                                              0.396044   data required time
                                             -0.634541   data arrival time
---------------------------------------------------------------------------------------------
                                              0.238496   slack (MET)


Startpoint: _1080_ (rising edge-triggered flip-flop clocked by wr_clk)
Endpoint: _1080_ (rising edge-triggered flip-flop clocked by wr_clk)
Path Group: wr_clk
Path Type: min

Fanout         Cap        Slew       Delay        Time   Description
---------------------------------------------------------------------------------------------
                                  0.000000    0.000000   clock wr_clk (rise edge)
                                  0.000000    0.000000   clock source latency
     1    0.024443    0.000000    0.000000    0.000000 ^ wr_clk (in)
                                                         wr_clk (net)
                      0.001082    0.000541    0.000541 ^ clkbuf_0_wr_clk/A (sky130_fd_sc_hd__clkbuf_16)
    16    0.103832    0.091499    0.123118    0.123659 ^ clkbuf_0_wr_clk/X (sky130_fd_sc_hd__clkbuf_16)
                                                         clknet_0_wr_clk (net)
                      0.091686    0.003328    0.126987 ^ clkbuf_4_4_0_wr_clk/A (sky130_fd_sc_hd__clkbuf_8)
     2    0.018811    0.036885    0.103499    0.230486 ^ clkbuf_4_4_0_wr_clk/X (sky130_fd_sc_hd__clkbuf_8)
                                                         clknet_4_4_0_wr_clk (net)
                      0.036885    0.000166    0.230652 ^ clkbuf_5_9__f_wr_clk/A (sky130_fd_sc_hd__clkbuf_16)
     5    0.014363    0.027439    0.082364    0.313016 ^ clkbuf_5_9__f_wr_clk/X (sky130_fd_sc_hd__clkbuf_16)
                                                         clknet_5_9__leaf_wr_clk (net)
                      0.027439    0.000065    0.313081 ^ _1080_/CLK (sky130_fd_sc_hd__dfxtp_2)
     2    0.005467    0.029995    0.193832    0.506912 ^ _1080_/Q (sky130_fd_sc_hd__dfxtp_2)
                                                         u_fifomem.mem[11][2] (net)
                      0.029995    0.000023    0.506935 ^ _0824_/A1 (sky130_fd_sc_hd__mux2_2)
     1    0.002436    0.023177    0.082476    0.589411 ^ _0824_/X (sky130_fd_sc_hd__mux2_2)
                                                         _0388_ (net)
                      0.023177    0.000011    0.589422 ^ _0825_/A (sky130_fd_sc_hd__buf_1)
     1    0.002062    0.026135    0.045799    0.635221 ^ _0825_/X (sky130_fd_sc_hd__buf_1)
                                                         _0020_ (net)
                      0.026135    0.000018    0.635238 ^ _1080_/D (sky130_fd_sc_hd__dfxtp_2)
                                              0.635238   data arrival time

                                  0.000000    0.000000   clock wr_clk (rise edge)
                                  0.000000    0.000000   clock source latency
     1    0.024443    0.000000    0.000000    0.000000 ^ wr_clk (in)
                                                         wr_clk (net)
                      0.001082    0.000541    0.000541 ^ clkbuf_0_wr_clk/A (sky130_fd_sc_hd__clkbuf_16)
    16    0.103832    0.091499    0.123118    0.123659 ^ clkbuf_0_wr_clk/X (sky130_fd_sc_hd__clkbuf_16)
                                                         clknet_0_wr_clk (net)
                      0.091686    0.003328    0.126987 ^ clkbuf_4_4_0_wr_clk/A (sky130_fd_sc_hd__clkbuf_8)
     2    0.018811    0.036885    0.103499    0.230486 ^ clkbuf_4_4_0_wr_clk/X (sky130_fd_sc_hd__clkbuf_8)
                                                         clknet_4_4_0_wr_clk (net)
                      0.036885    0.000166    0.230652 ^ clkbuf_5_9__f_wr_clk/A (sky130_fd_sc_hd__clkbuf_16)
     5    0.014363    0.027439    0.082364    0.313016 ^ clkbuf_5_9__f_wr_clk/X (sky130_fd_sc_hd__clkbuf_16)
                                                         clknet_5_9__leaf_wr_clk (net)
                      0.027439    0.000065    0.313081 ^ _1080_/CLK (sky130_fd_sc_hd__dfxtp_2)
                                  0.100000    0.413081   clock uncertainty
                                  0.000000    0.413081   clock reconvergence pessimism
                                 -0.017041    0.396040   library hold time
                                              0.396040   data required time
---------------------------------------------------------------------------------------------
                                              0.396040   data required time
                                             -0.635238   data arrival time
---------------------------------------------------------------------------------------------
                                              0.239198   slack (MET)


Startpoint: _1084_ (rising edge-triggered flip-flop clocked by wr_clk)
Endpoint: _1084_ (rising edge-triggered flip-flop clocked by wr_clk)
Path Group: wr_clk
Path Type: min

Fanout         Cap        Slew       Delay        Time   Description
---------------------------------------------------------------------------------------------
                                  0.000000    0.000000   clock wr_clk (rise edge)
                                  0.000000    0.000000   clock source latency
     1    0.024443    0.000000    0.000000    0.000000 ^ wr_clk (in)
                                                         wr_clk (net)
                      0.001082    0.000541    0.000541 ^ clkbuf_0_wr_clk/A (sky130_fd_sc_hd__clkbuf_16)
    16    0.103832    0.091499    0.123118    0.123659 ^ clkbuf_0_wr_clk/X (sky130_fd_sc_hd__clkbuf_16)
                                                         clknet_0_wr_clk (net)
                      0.091714    0.003557    0.127216 ^ clkbuf_4_7_0_wr_clk/A (sky130_fd_sc_hd__clkbuf_8)
     2    0.018693    0.036744    0.103405    0.230621 ^ clkbuf_4_7_0_wr_clk/X (sky130_fd_sc_hd__clkbuf_8)
                                                         clknet_4_7_0_wr_clk (net)
                      0.036745    0.000203    0.230824 ^ clkbuf_5_15__f_wr_clk/A (sky130_fd_sc_hd__clkbuf_16)
     5    0.014003    0.027200    0.082077    0.312901 ^ clkbuf_5_15__f_wr_clk/X (sky130_fd_sc_hd__clkbuf_16)
                                                         clknet_5_15__leaf_wr_clk (net)
                      0.027200    0.000007    0.312909 ^ _1084_/CLK (sky130_fd_sc_hd__dfxtp_2)
     2    0.005166    0.029010    0.192947    0.505855 ^ _1084_/Q (sky130_fd_sc_hd__dfxtp_2)
                                                         u_fifomem.mem[11][6] (net)
                      0.029011    0.000057    0.505912 ^ _0832_/A1 (sky130_fd_sc_hd__mux2_2)
     1    0.002527    0.023469    0.082549    0.588461 ^ _0832_/X (sky130_fd_sc_hd__mux2_2)
                                                         _0392_ (net)
                      0.023469    0.000013    0.588474 ^ _0833_/A (sky130_fd_sc_hd__buf_1)
     1    0.002394    0.028808    0.047849    0.636323 ^ _0833_/X (sky130_fd_sc_hd__buf_1)
                                                         _0024_ (net)
                      0.028808    0.000024    0.636347 ^ _1084_/D (sky130_fd_sc_hd__dfxtp_2)
                                              0.636347   data arrival time

                                  0.000000    0.000000   clock wr_clk (rise edge)
                                  0.000000    0.000000   clock source latency
     1    0.024443    0.000000    0.000000    0.000000 ^ wr_clk (in)
                                                         wr_clk (net)
                      0.001082    0.000541    0.000541 ^ clkbuf_0_wr_clk/A (sky130_fd_sc_hd__clkbuf_16)
    16    0.103832    0.091499    0.123118    0.123659 ^ clkbuf_0_wr_clk/X (sky130_fd_sc_hd__clkbuf_16)
                                                         clknet_0_wr_clk (net)
                      0.091714    0.003557    0.127216 ^ clkbuf_4_7_0_wr_clk/A (sky130_fd_sc_hd__clkbuf_8)
     2    0.018693    0.036744    0.103405    0.230621 ^ clkbuf_4_7_0_wr_clk/X (sky130_fd_sc_hd__clkbuf_8)
                                                         clknet_4_7_0_wr_clk (net)
                      0.036745    0.000203    0.230824 ^ clkbuf_5_15__f_wr_clk/A (sky130_fd_sc_hd__clkbuf_16)
     5    0.014003    0.027200    0.082077    0.312901 ^ clkbuf_5_15__f_wr_clk/X (sky130_fd_sc_hd__clkbuf_16)
                                                         clknet_5_15__leaf_wr_clk (net)
                      0.027200    0.000007    0.312909 ^ _1084_/CLK (sky130_fd_sc_hd__dfxtp_2)
                                  0.100000    0.412909   clock uncertainty
                                  0.000000    0.412909   clock reconvergence pessimism
                                 -0.017235    0.395673   library hold time
                                              0.395673   data required time
---------------------------------------------------------------------------------------------
                                              0.395673   data required time
                                             -0.636347   data arrival time
---------------------------------------------------------------------------------------------
                                              0.240674   slack (MET)


Startpoint: _1152_ (rising edge-triggered flip-flop clocked by wr_clk)
Endpoint: _1152_ (rising edge-triggered flip-flop clocked by wr_clk)
Path Group: wr_clk
Path Type: min

Fanout         Cap        Slew       Delay        Time   Description
---------------------------------------------------------------------------------------------
                                  0.000000    0.000000   clock wr_clk (rise edge)
                                  0.000000    0.000000   clock source latency
     1    0.024443    0.000000    0.000000    0.000000 ^ wr_clk (in)
                                                         wr_clk (net)
                      0.001082    0.000541    0.000541 ^ clkbuf_0_wr_clk/A (sky130_fd_sc_hd__clkbuf_16)
    16    0.103832    0.091499    0.123118    0.123659 ^ clkbuf_0_wr_clk/X (sky130_fd_sc_hd__clkbuf_16)
                                                         clknet_0_wr_clk (net)
                      0.091549    0.001748    0.125408 ^ clkbuf_4_8_0_wr_clk/A (sky130_fd_sc_hd__clkbuf_8)
     2    0.019931    0.038133    0.104569    0.229977 ^ clkbuf_4_8_0_wr_clk/X (sky130_fd_sc_hd__clkbuf_8)
                                                         clknet_4_8_0_wr_clk (net)
                      0.038134    0.000265    0.230242 ^ clkbuf_5_16__f_wr_clk/A (sky130_fd_sc_hd__clkbuf_16)
     5    0.013584    0.026928    0.082166    0.312408 ^ clkbuf_5_16__f_wr_clk/X (sky130_fd_sc_hd__clkbuf_16)
                                                         clknet_5_16__leaf_wr_clk (net)
                      0.026928    0.000252    0.312660 ^ _1152_/CLK (sky130_fd_sc_hd__dfxtp_2)
     2    0.005365    0.029660    0.193396    0.506056 ^ _1152_/Q (sky130_fd_sc_hd__dfxtp_2)
                                                         u_fifomem.mem[5][2] (net)
                      0.029660    0.000061    0.506118 ^ _0981_/A0 (sky130_fd_sc_hd__mux2_2)
     1    0.002805    0.024712    0.083986    0.590103 ^ _0981_/X (sky130_fd_sc_hd__mux2_2)
                                                         _0473_ (net)
                      0.024712    0.000029    0.590132 ^ _0982_/A (sky130_fd_sc_hd__buf_1)
     1    0.002125    0.026667    0.046487    0.636619 ^ _0982_/X (sky130_fd_sc_hd__buf_1)
                                                         _0092_ (net)
                      0.026667    0.000019    0.636638 ^ _1152_/D (sky130_fd_sc_hd__dfxtp_2)
                                              0.636638   data arrival time

                                  0.000000    0.000000   clock wr_clk (rise edge)
                                  0.000000    0.000000   clock source latency
     1    0.024443    0.000000    0.000000    0.000000 ^ wr_clk (in)
                                                         wr_clk (net)
                      0.001082    0.000541    0.000541 ^ clkbuf_0_wr_clk/A (sky130_fd_sc_hd__clkbuf_16)
    16    0.103832    0.091499    0.123118    0.123659 ^ clkbuf_0_wr_clk/X (sky130_fd_sc_hd__clkbuf_16)
                                                         clknet_0_wr_clk (net)
                      0.091549    0.001748    0.125408 ^ clkbuf_4_8_0_wr_clk/A (sky130_fd_sc_hd__clkbuf_8)
     2    0.019931    0.038133    0.104569    0.229977 ^ clkbuf_4_8_0_wr_clk/X (sky130_fd_sc_hd__clkbuf_8)
                                                         clknet_4_8_0_wr_clk (net)
                      0.038134    0.000265    0.230242 ^ clkbuf_5_16__f_wr_clk/A (sky130_fd_sc_hd__clkbuf_16)
     5    0.013584    0.026928    0.082166    0.312408 ^ clkbuf_5_16__f_wr_clk/X (sky130_fd_sc_hd__clkbuf_16)
                                                         clknet_5_16__leaf_wr_clk (net)
                      0.026928    0.000252    0.312660 ^ _1152_/CLK (sky130_fd_sc_hd__dfxtp_2)
                                  0.100000    0.412660   clock uncertainty
                                  0.000000    0.412660   clock reconvergence pessimism
                                 -0.017090    0.395570   library hold time
                                              0.395570   data required time
---------------------------------------------------------------------------------------------
                                              0.395570   data required time
                                             -0.636638   data arrival time
---------------------------------------------------------------------------------------------
                                              0.241069   slack (MET)


Startpoint: _1067_ (rising edge-triggered flip-flop clocked by wr_clk)
Endpoint: _1067_ (rising edge-triggered flip-flop clocked by wr_clk)
Path Group: wr_clk
Path Type: min

Fanout         Cap        Slew       Delay        Time   Description
---------------------------------------------------------------------------------------------
                                  0.000000    0.000000   clock wr_clk (rise edge)
                                  0.000000    0.000000   clock source latency
     1    0.024443    0.000000    0.000000    0.000000 ^ wr_clk (in)
                                                         wr_clk (net)
                      0.001082    0.000541    0.000541 ^ clkbuf_0_wr_clk/A (sky130_fd_sc_hd__clkbuf_16)
    16    0.103832    0.091499    0.123118    0.123659 ^ clkbuf_0_wr_clk/X (sky130_fd_sc_hd__clkbuf_16)
                                                         clknet_0_wr_clk (net)
                      0.091549    0.001748    0.125408 ^ clkbuf_4_8_0_wr_clk/A (sky130_fd_sc_hd__clkbuf_8)
     2    0.019931    0.038133    0.104569    0.229977 ^ clkbuf_4_8_0_wr_clk/X (sky130_fd_sc_hd__clkbuf_8)
                                                         clknet_4_8_0_wr_clk (net)
                      0.038137    0.000417    0.230394 ^ clkbuf_5_17__f_wr_clk/A (sky130_fd_sc_hd__clkbuf_16)
     5    0.015051    0.027899    0.083168    0.313562 ^ clkbuf_5_17__f_wr_clk/X (sky130_fd_sc_hd__clkbuf_16)
                                                         clknet_5_17__leaf_wr_clk (net)
                      0.027899    0.000151    0.313713 ^ _1067_/CLK (sky130_fd_sc_hd__dfxtp_2)
     2    0.004958    0.028343    0.192606    0.506319 ^ _1067_/Q (sky130_fd_sc_hd__dfxtp_2)
                                                         u_fifomem.mem[0][5] (net)
                      0.028343    0.000038    0.506357 ^ _0796_/A0 (sky130_fd_sc_hd__mux2_2)
     1    0.002507    0.023763    0.082520    0.588877 ^ _0796_/X (sky130_fd_sc_hd__mux2_2)
                                                         _0373_ (net)
                      0.023763    0.000021    0.588898 ^ _0797_/A (sky130_fd_sc_hd__buf_1)
     1    0.002523    0.029869    0.048687    0.637585 ^ _0797_/X (sky130_fd_sc_hd__buf_1)
                                                         _0007_ (net)
                      0.029869    0.000026    0.637611 ^ _1067_/D (sky130_fd_sc_hd__dfxtp_2)
                                              0.637611   data arrival time

                                  0.000000    0.000000   clock wr_clk (rise edge)
                                  0.000000    0.000000   clock source latency
     1    0.024443    0.000000    0.000000    0.000000 ^ wr_clk (in)
                                                         wr_clk (net)
                      0.001082    0.000541    0.000541 ^ clkbuf_0_wr_clk/A (sky130_fd_sc_hd__clkbuf_16)
    16    0.103832    0.091499    0.123118    0.123659 ^ clkbuf_0_wr_clk/X (sky130_fd_sc_hd__clkbuf_16)
                                                         clknet_0_wr_clk (net)
                      0.091549    0.001748    0.125408 ^ clkbuf_4_8_0_wr_clk/A (sky130_fd_sc_hd__clkbuf_8)
     2    0.019931    0.038133    0.104569    0.229977 ^ clkbuf_4_8_0_wr_clk/X (sky130_fd_sc_hd__clkbuf_8)
                                                         clknet_4_8_0_wr_clk (net)
                      0.038137    0.000417    0.230394 ^ clkbuf_5_17__f_wr_clk/A (sky130_fd_sc_hd__clkbuf_16)
     5    0.015051    0.027899    0.083168    0.313562 ^ clkbuf_5_17__f_wr_clk/X (sky130_fd_sc_hd__clkbuf_16)
                                                         clknet_5_17__leaf_wr_clk (net)
                      0.027899    0.000151    0.313713 ^ _1067_/CLK (sky130_fd_sc_hd__dfxtp_2)
                                  0.100000    0.413713   clock uncertainty
                                  0.000000    0.413713   clock reconvergence pessimism
                                 -0.017294    0.396419   library hold time
                                              0.396419   data required time
---------------------------------------------------------------------------------------------
                                              0.396419   data required time
                                             -0.637611   data arrival time
---------------------------------------------------------------------------------------------
                                              0.241192   slack (MET)


Startpoint: _1146_ (rising edge-triggered flip-flop clocked by wr_clk)
Endpoint: _1146_ (rising edge-triggered flip-flop clocked by wr_clk)
Path Group: wr_clk
Path Type: min

Fanout         Cap        Slew       Delay        Time   Description
---------------------------------------------------------------------------------------------
                                  0.000000    0.000000   clock wr_clk (rise edge)
                                  0.000000    0.000000   clock source latency
     1    0.024443    0.000000    0.000000    0.000000 ^ wr_clk (in)
                                                         wr_clk (net)
                      0.001082    0.000541    0.000541 ^ clkbuf_0_wr_clk/A (sky130_fd_sc_hd__clkbuf_16)
    16    0.103832    0.091499    0.123118    0.123659 ^ clkbuf_0_wr_clk/X (sky130_fd_sc_hd__clkbuf_16)
                                                         clknet_0_wr_clk (net)
                      0.091549    0.001748    0.125408 ^ clkbuf_4_8_0_wr_clk/A (sky130_fd_sc_hd__clkbuf_8)
     2    0.019931    0.038133    0.104569    0.229977 ^ clkbuf_4_8_0_wr_clk/X (sky130_fd_sc_hd__clkbuf_8)
                                                         clknet_4_8_0_wr_clk (net)
                      0.038134    0.000265    0.230242 ^ clkbuf_5_16__f_wr_clk/A (sky130_fd_sc_hd__clkbuf_16)
     5    0.013584    0.026928    0.082166    0.312408 ^ clkbuf_5_16__f_wr_clk/X (sky130_fd_sc_hd__clkbuf_16)
                                                         clknet_5_16__leaf_wr_clk (net)
                      0.026928    0.000160    0.312568 ^ _1146_/CLK (sky130_fd_sc_hd__dfxtp_2)
     2    0.005487    0.030059    0.193726    0.506295 ^ _1146_/Q (sky130_fd_sc_hd__dfxtp_2)
                                                         u_fifomem.mem[4][4] (net)
                      0.030059    0.000039    0.506334 ^ _0968_/A0 (sky130_fd_sc_hd__mux2_2)
     1    0.002901    0.025025    0.084452    0.590786 ^ _0968_/X (sky130_fd_sc_hd__mux2_2)
                                                         _0466_ (net)
                      0.025025    0.000029    0.590815 ^ _0969_/A (sky130_fd_sc_hd__buf_1)
     1    0.002062    0.026169    0.046173    0.636989 ^ _0969_/X (sky130_fd_sc_hd__buf_1)
                                                         _0086_ (net)
                      0.026169    0.000010    0.636998 ^ _1146_/D (sky130_fd_sc_hd__dfxtp_2)
                                              0.636998   data arrival time

                                  0.000000    0.000000   clock wr_clk (rise edge)
                                  0.000000    0.000000   clock source latency
     1    0.024443    0.000000    0.000000    0.000000 ^ wr_clk (in)
                                                         wr_clk (net)
                      0.001082    0.000541    0.000541 ^ clkbuf_0_wr_clk/A (sky130_fd_sc_hd__clkbuf_16)
    16    0.103832    0.091499    0.123118    0.123659 ^ clkbuf_0_wr_clk/X (sky130_fd_sc_hd__clkbuf_16)
                                                         clknet_0_wr_clk (net)
                      0.091549    0.001748    0.125408 ^ clkbuf_4_8_0_wr_clk/A (sky130_fd_sc_hd__clkbuf_8)
     2    0.019931    0.038133    0.104569    0.229977 ^ clkbuf_4_8_0_wr_clk/X (sky130_fd_sc_hd__clkbuf_8)
                                                         clknet_4_8_0_wr_clk (net)
                      0.038134    0.000265    0.230242 ^ clkbuf_5_16__f_wr_clk/A (sky130_fd_sc_hd__clkbuf_16)
     5    0.013584    0.026928    0.082166    0.312408 ^ clkbuf_5_16__f_wr_clk/X (sky130_fd_sc_hd__clkbuf_16)
                                                         clknet_5_16__leaf_wr_clk (net)
                      0.026928    0.000160    0.312568 ^ _1146_/CLK (sky130_fd_sc_hd__dfxtp_2)
                                  0.100000    0.412568   clock uncertainty
                                  0.000000    0.412568   clock reconvergence pessimism
                                 -0.017055    0.395513   library hold time
                                              0.395513   data required time
---------------------------------------------------------------------------------------------
                                              0.395513   data required time
                                             -0.636998   data arrival time
---------------------------------------------------------------------------------------------
                                              0.241485   slack (MET)


Startpoint: _1169_ (rising edge-triggered flip-flop clocked by wr_clk)
Endpoint: _1169_ (rising edge-triggered flip-flop clocked by wr_clk)
Path Group: wr_clk
Path Type: min

Fanout         Cap        Slew       Delay        Time   Description
---------------------------------------------------------------------------------------------
                                  0.000000    0.000000   clock wr_clk (rise edge)
                                  0.000000    0.000000   clock source latency
     1    0.024443    0.000000    0.000000    0.000000 ^ wr_clk (in)
                                                         wr_clk (net)
                      0.001082    0.000541    0.000541 ^ clkbuf_0_wr_clk/A (sky130_fd_sc_hd__clkbuf_16)
    16    0.103832    0.091499    0.123118    0.123659 ^ clkbuf_0_wr_clk/X (sky130_fd_sc_hd__clkbuf_16)
                                                         clknet_0_wr_clk (net)
                      0.091540    0.001579    0.125239 ^ clkbuf_4_11_0_wr_clk/A (sky130_fd_sc_hd__clkbuf_8)
     2    0.017609    0.035512    0.102201    0.227440 ^ clkbuf_4_11_0_wr_clk/X (sky130_fd_sc_hd__clkbuf_8)
                                                         clknet_4_11_0_wr_clk (net)
                      0.035512    0.000162    0.227602 ^ clkbuf_5_22__f_wr_clk/A (sky130_fd_sc_hd__clkbuf_16)
     5    0.014863    0.027764    0.082301    0.309903 ^ clkbuf_5_22__f_wr_clk/X (sky130_fd_sc_hd__clkbuf_16)
                                                         clknet_5_22__leaf_wr_clk (net)
                      0.027764    0.000168    0.310071 ^ _1169_/CLK (sky130_fd_sc_hd__dfxtp_2)
     2    0.004998    0.028473    0.192678    0.502748 ^ _1169_/Q (sky130_fd_sc_hd__dfxtp_2)
                                                         u_fifomem.mem[7][3] (net)
                      0.028473    0.000027    0.502775 ^ _1017_/A1 (sky130_fd_sc_hd__mux2_2)
     1    0.002908    0.024704    0.083816    0.586591 ^ _1017_/X (sky130_fd_sc_hd__mux2_2)
                                                         _0492_ (net)
                      0.024704    0.000018    0.586609 ^ _1018_/A (sky130_fd_sc_hd__buf_1)
     1    0.002357    0.028527    0.047875    0.634484 ^ _1018_/X (sky130_fd_sc_hd__buf_1)
                                                         _0109_ (net)
                      0.028527    0.000022    0.634506 ^ _1169_/D (sky130_fd_sc_hd__dfxtp_2)
                                              0.634506   data arrival time

                                  0.000000    0.000000   clock wr_clk (rise edge)
                                  0.000000    0.000000   clock source latency
     1    0.024443    0.000000    0.000000    0.000000 ^ wr_clk (in)
                                                         wr_clk (net)
                      0.001082    0.000541    0.000541 ^ clkbuf_0_wr_clk/A (sky130_fd_sc_hd__clkbuf_16)
    16    0.103832    0.091499    0.123118    0.123659 ^ clkbuf_0_wr_clk/X (sky130_fd_sc_hd__clkbuf_16)
                                                         clknet_0_wr_clk (net)
                      0.091540    0.001579    0.125239 ^ clkbuf_4_11_0_wr_clk/A (sky130_fd_sc_hd__clkbuf_8)
     2    0.017609    0.035512    0.102201    0.227440 ^ clkbuf_4_11_0_wr_clk/X (sky130_fd_sc_hd__clkbuf_8)
                                                         clknet_4_11_0_wr_clk (net)
                      0.035512    0.000162    0.227602 ^ clkbuf_5_22__f_wr_clk/A (sky130_fd_sc_hd__clkbuf_16)
     5    0.014863    0.027764    0.082301    0.309903 ^ clkbuf_5_22__f_wr_clk/X (sky130_fd_sc_hd__clkbuf_16)
                                                         clknet_5_22__leaf_wr_clk (net)
                      0.027764    0.000168    0.310071 ^ _1169_/CLK (sky130_fd_sc_hd__dfxtp_2)
                                  0.100000    0.410071   clock uncertainty
                                  0.000000    0.410071   clock reconvergence pessimism
                                 -0.017202    0.392868   library hold time
                                              0.392868   data required time
---------------------------------------------------------------------------------------------
                                              0.392868   data required time
                                             -0.634506   data arrival time
---------------------------------------------------------------------------------------------
                                              0.241638   slack (MET)


Startpoint: _1179_ (rising edge-triggered flip-flop clocked by wr_clk)
Endpoint: _1179_ (rising edge-triggered flip-flop clocked by wr_clk)
Path Group: wr_clk
Path Type: min

Fanout         Cap        Slew       Delay        Time   Description
---------------------------------------------------------------------------------------------
                                  0.000000    0.000000   clock wr_clk (rise edge)
                                  0.000000    0.000000   clock source latency
     1    0.024443    0.000000    0.000000    0.000000 ^ wr_clk (in)
                                                         wr_clk (net)
                      0.001082    0.000541    0.000541 ^ clkbuf_0_wr_clk/A (sky130_fd_sc_hd__clkbuf_16)
    16    0.103832    0.091499    0.123118    0.123659 ^ clkbuf_0_wr_clk/X (sky130_fd_sc_hd__clkbuf_16)
                                                         clknet_0_wr_clk (net)
                      0.091499    0.000074    0.123733 ^ clkbuf_4_12_0_wr_clk/A (sky130_fd_sc_hd__clkbuf_8)
     2    0.019505    0.037648    0.104117    0.227850 ^ clkbuf_4_12_0_wr_clk/X (sky130_fd_sc_hd__clkbuf_8)
                                                         clknet_4_12_0_wr_clk (net)
                      0.037649    0.000277    0.228127 ^ clkbuf_5_24__f_wr_clk/A (sky130_fd_sc_hd__clkbuf_16)
     5    0.014060    0.027241    0.082374    0.310501 ^ clkbuf_5_24__f_wr_clk/X (sky130_fd_sc_hd__clkbuf_16)
                                                         clknet_5_24__leaf_wr_clk (net)
                      0.027241    0.000048    0.310549 ^ _1179_/CLK (sky130_fd_sc_hd__dfxtp_2)
     2    0.005903    0.031426    0.194936    0.505485 ^ _1179_/Q (sky130_fd_sc_hd__dfxtp_2)
                                                         u_fifomem.mem[8][5] (net)
                      0.031426    0.000031    0.505516 ^ _1039_/A0 (sky130_fd_sc_hd__mux2_2)
     1    0.002602    0.024059    0.083724    0.589239 ^ _1039_/X (sky130_fd_sc_hd__mux2_2)
                                                         _0504_ (net)
                      0.024059    0.000013    0.589252 ^ _1040_/A (sky130_fd_sc_hd__buf_1)
     1    0.002065    0.026177    0.045996    0.635249 ^ _1040_/X (sky130_fd_sc_hd__buf_1)
                                                         _0119_ (net)
                      0.026177    0.000018    0.635267 ^ _1179_/D (sky130_fd_sc_hd__dfxtp_2)
                                              0.635267   data arrival time

                                  0.000000    0.000000   clock wr_clk (rise edge)
                                  0.000000    0.000000   clock source latency
     1    0.024443    0.000000    0.000000    0.000000 ^ wr_clk (in)
                                                         wr_clk (net)
                      0.001082    0.000541    0.000541 ^ clkbuf_0_wr_clk/A (sky130_fd_sc_hd__clkbuf_16)
    16    0.103832    0.091499    0.123118    0.123659 ^ clkbuf_0_wr_clk/X (sky130_fd_sc_hd__clkbuf_16)
                                                         clknet_0_wr_clk (net)
                      0.091499    0.000074    0.123733 ^ clkbuf_4_12_0_wr_clk/A (sky130_fd_sc_hd__clkbuf_8)
     2    0.019505    0.037648    0.104117    0.227850 ^ clkbuf_4_12_0_wr_clk/X (sky130_fd_sc_hd__clkbuf_8)
                                                         clknet_4_12_0_wr_clk (net)
                      0.037649    0.000277    0.228127 ^ clkbuf_5_24__f_wr_clk/A (sky130_fd_sc_hd__clkbuf_16)
     5    0.014060    0.027241    0.082374    0.310501 ^ clkbuf_5_24__f_wr_clk/X (sky130_fd_sc_hd__clkbuf_16)
                                                         clknet_5_24__leaf_wr_clk (net)
                      0.027241    0.000048    0.310549 ^ _1179_/CLK (sky130_fd_sc_hd__dfxtp_2)
                                  0.100000    0.410549   clock uncertainty
                                  0.000000    0.410549   clock reconvergence pessimism
                                 -0.017048    0.393500   library hold time
                                              0.393500   data required time
---------------------------------------------------------------------------------------------
                                              0.393500   data required time
                                             -0.635267   data arrival time
---------------------------------------------------------------------------------------------
                                              0.241766   slack (MET)


Startpoint: _1170_ (rising edge-triggered flip-flop clocked by wr_clk)
Endpoint: _1170_ (rising edge-triggered flip-flop clocked by wr_clk)
Path Group: wr_clk
Path Type: min

Fanout         Cap        Slew       Delay        Time   Description
---------------------------------------------------------------------------------------------
                                  0.000000    0.000000   clock wr_clk (rise edge)
                                  0.000000    0.000000   clock source latency
     1    0.024443    0.000000    0.000000    0.000000 ^ wr_clk (in)
                                                         wr_clk (net)
                      0.001082    0.000541    0.000541 ^ clkbuf_0_wr_clk/A (sky130_fd_sc_hd__clkbuf_16)
    16    0.103832    0.091499    0.123118    0.123659 ^ clkbuf_0_wr_clk/X (sky130_fd_sc_hd__clkbuf_16)
                                                         clknet_0_wr_clk (net)
                      0.091549    0.001748    0.125408 ^ clkbuf_4_8_0_wr_clk/A (sky130_fd_sc_hd__clkbuf_8)
     2    0.019931    0.038133    0.104569    0.229977 ^ clkbuf_4_8_0_wr_clk/X (sky130_fd_sc_hd__clkbuf_8)
                                                         clknet_4_8_0_wr_clk (net)
                      0.038134    0.000265    0.230242 ^ clkbuf_5_16__f_wr_clk/A (sky130_fd_sc_hd__clkbuf_16)
     5    0.013584    0.026928    0.082166    0.312408 ^ clkbuf_5_16__f_wr_clk/X (sky130_fd_sc_hd__clkbuf_16)
                                                         clknet_5_16__leaf_wr_clk (net)
                      0.026928    0.000249    0.312657 ^ _1170_/CLK (sky130_fd_sc_hd__dfxtp_2)
     2    0.005372    0.029688    0.193428    0.506085 ^ _1170_/Q (sky130_fd_sc_hd__dfxtp_2)
                                                         u_fifomem.mem[7][4] (net)
                      0.029688    0.000027    0.506113 ^ _1019_/A1 (sky130_fd_sc_hd__mux2_2)
     1    0.002982    0.024944    0.084410    0.590523 ^ _1019_/X (sky130_fd_sc_hd__mux2_2)
                                                         _0493_ (net)
                      0.024944    0.000030    0.590553 ^ _1020_/A (sky130_fd_sc_hd__buf_1)
     1    0.002172    0.027043    0.046813    0.637366 ^ _1020_/X (sky130_fd_sc_hd__buf_1)
                                                         _0110_ (net)
                      0.027043    0.000020    0.637387 ^ _1170_/D (sky130_fd_sc_hd__dfxtp_2)
                                              0.637387   data arrival time

                                  0.000000    0.000000   clock wr_clk (rise edge)
                                  0.000000    0.000000   clock source latency
     1    0.024443    0.000000    0.000000    0.000000 ^ wr_clk (in)
                                                         wr_clk (net)
                      0.001082    0.000541    0.000541 ^ clkbuf_0_wr_clk/A (sky130_fd_sc_hd__clkbuf_16)
    16    0.103832    0.091499    0.123118    0.123659 ^ clkbuf_0_wr_clk/X (sky130_fd_sc_hd__clkbuf_16)
                                                         clknet_0_wr_clk (net)
                      0.091549    0.001748    0.125408 ^ clkbuf_4_8_0_wr_clk/A (sky130_fd_sc_hd__clkbuf_8)
     2    0.019931    0.038133    0.104569    0.229977 ^ clkbuf_4_8_0_wr_clk/X (sky130_fd_sc_hd__clkbuf_8)
                                                         clknet_4_8_0_wr_clk (net)
                      0.038134    0.000265    0.230242 ^ clkbuf_5_16__f_wr_clk/A (sky130_fd_sc_hd__clkbuf_16)
     5    0.013584    0.026928    0.082166    0.312408 ^ clkbuf_5_16__f_wr_clk/X (sky130_fd_sc_hd__clkbuf_16)
                                                         clknet_5_16__leaf_wr_clk (net)
                      0.026928    0.000249    0.312657 ^ _1170_/CLK (sky130_fd_sc_hd__dfxtp_2)
                                  0.100000    0.412657   clock uncertainty
                                  0.000000    0.412657   clock reconvergence pessimism
                                 -0.017117    0.395540   library hold time
                                              0.395540   data required time
---------------------------------------------------------------------------------------------
                                              0.395540   data required time
                                             -0.637387   data arrival time
---------------------------------------------------------------------------------------------
                                              0.241847   slack (MET)


Startpoint: _1178_ (rising edge-triggered flip-flop clocked by wr_clk)
Endpoint: _1178_ (rising edge-triggered flip-flop clocked by wr_clk)
Path Group: wr_clk
Path Type: min

Fanout         Cap        Slew       Delay        Time   Description
---------------------------------------------------------------------------------------------
                                  0.000000    0.000000   clock wr_clk (rise edge)
                                  0.000000    0.000000   clock source latency
     1    0.024443    0.000000    0.000000    0.000000 ^ wr_clk (in)
                                                         wr_clk (net)
                      0.001082    0.000541    0.000541 ^ clkbuf_0_wr_clk/A (sky130_fd_sc_hd__clkbuf_16)
    16    0.103832    0.091499    0.123118    0.123659 ^ clkbuf_0_wr_clk/X (sky130_fd_sc_hd__clkbuf_16)
                                                         clknet_0_wr_clk (net)
                      0.091603    0.002501    0.126160 ^ clkbuf_4_2_0_wr_clk/A (sky130_fd_sc_hd__clkbuf_8)
     2    0.018924    0.037002    0.103626    0.229786 ^ clkbuf_4_2_0_wr_clk/X (sky130_fd_sc_hd__clkbuf_8)
                                                         clknet_4_2_0_wr_clk (net)
                      0.037002    0.000150    0.229936 ^ clkbuf_5_4__f_wr_clk/A (sky130_fd_sc_hd__clkbuf_16)
     5    0.015434    0.028147    0.083131    0.313067 ^ clkbuf_5_4__f_wr_clk/X (sky130_fd_sc_hd__clkbuf_16)
                                                         clknet_5_4__leaf_wr_clk (net)
                      0.028147    0.000146    0.313213 ^ _1178_/CLK (sky130_fd_sc_hd__dfxtp_2)
     2    0.005025    0.028559    0.192862    0.506075 ^ _1178_/Q (sky130_fd_sc_hd__dfxtp_2)
                                                         u_fifomem.mem[8][4] (net)
                      0.028559    0.000032    0.506107 ^ _1037_/A0 (sky130_fd_sc_hd__mux2_2)
     1    0.003182    0.025928    0.085076    0.591184 ^ _1037_/X (sky130_fd_sc_hd__mux2_2)
                                                         _0503_ (net)
                      0.025928    0.000033    0.591217 ^ _1038_/A (sky130_fd_sc_hd__buf_1)
     1    0.002186    0.027169    0.047095    0.638312 ^ _1038_/X (sky130_fd_sc_hd__buf_1)
                                                         _0118_ (net)
                      0.027169    0.000011    0.638323 ^ _1178_/D (sky130_fd_sc_hd__dfxtp_2)
                                              0.638323   data arrival time

                                  0.000000    0.000000   clock wr_clk (rise edge)
                                  0.000000    0.000000   clock source latency
     1    0.024443    0.000000    0.000000    0.000000 ^ wr_clk (in)
                                                         wr_clk (net)
                      0.001082    0.000541    0.000541 ^ clkbuf_0_wr_clk/A (sky130_fd_sc_hd__clkbuf_16)
    16    0.103832    0.091499    0.123118    0.123659 ^ clkbuf_0_wr_clk/X (sky130_fd_sc_hd__clkbuf_16)
                                                         clknet_0_wr_clk (net)
                      0.091603    0.002501    0.126160 ^ clkbuf_4_2_0_wr_clk/A (sky130_fd_sc_hd__clkbuf_8)
     2    0.018924    0.037002    0.103626    0.229786 ^ clkbuf_4_2_0_wr_clk/X (sky130_fd_sc_hd__clkbuf_8)
                                                         clknet_4_2_0_wr_clk (net)
                      0.037002    0.000150    0.229936 ^ clkbuf_5_4__f_wr_clk/A (sky130_fd_sc_hd__clkbuf_16)
     5    0.015434    0.028147    0.083131    0.313067 ^ clkbuf_5_4__f_wr_clk/X (sky130_fd_sc_hd__clkbuf_16)
                                                         clknet_5_4__leaf_wr_clk (net)
                      0.028147    0.000146    0.313213 ^ _1178_/CLK (sky130_fd_sc_hd__dfxtp_2)
                                  0.100000    0.413213   clock uncertainty
                                  0.000000    0.413213   clock reconvergence pessimism
                                 -0.017097    0.396116   library hold time
                                              0.396116   data required time
---------------------------------------------------------------------------------------------
                                              0.396116   data required time
                                             -0.638323   data arrival time
---------------------------------------------------------------------------------------------
                                              0.242207   slack (MET)


Startpoint: _1176_ (rising edge-triggered flip-flop clocked by wr_clk)
Endpoint: _1176_ (rising edge-triggered flip-flop clocked by wr_clk)
Path Group: wr_clk
Path Type: min

Fanout         Cap        Slew       Delay        Time   Description
---------------------------------------------------------------------------------------------
                                  0.000000    0.000000   clock wr_clk (rise edge)
                                  0.000000    0.000000   clock source latency
     1    0.024443    0.000000    0.000000    0.000000 ^ wr_clk (in)
                                                         wr_clk (net)
                      0.001082    0.000541    0.000541 ^ clkbuf_0_wr_clk/A (sky130_fd_sc_hd__clkbuf_16)
    16    0.103832    0.091499    0.123118    0.123659 ^ clkbuf_0_wr_clk/X (sky130_fd_sc_hd__clkbuf_16)
                                                         clknet_0_wr_clk (net)
                      0.091686    0.003328    0.126987 ^ clkbuf_4_4_0_wr_clk/A (sky130_fd_sc_hd__clkbuf_8)
     2    0.018811    0.036885    0.103499    0.230486 ^ clkbuf_4_4_0_wr_clk/X (sky130_fd_sc_hd__clkbuf_8)
                                                         clknet_4_4_0_wr_clk (net)
                      0.036885    0.000166    0.230652 ^ clkbuf_5_9__f_wr_clk/A (sky130_fd_sc_hd__clkbuf_16)
     5    0.014363    0.027439    0.082364    0.313016 ^ clkbuf_5_9__f_wr_clk/X (sky130_fd_sc_hd__clkbuf_16)
                                                         clknet_5_9__leaf_wr_clk (net)
                      0.027439    0.000116    0.313132 ^ _1176_/CLK (sky130_fd_sc_hd__dfxtp_2)
     2    0.004784    0.027784    0.192003    0.505135 ^ _1176_/Q (sky130_fd_sc_hd__dfxtp_2)
                                                         u_fifomem.mem[8][2] (net)
                      0.027784    0.000035    0.505170 ^ _1033_/A0 (sky130_fd_sc_hd__mux2_2)
     1    0.003116    0.025717    0.084617    0.589786 ^ _1033_/X (sky130_fd_sc_hd__mux2_2)
                                                         _0501_ (net)
                      0.025717    0.000034    0.589820 ^ _1034_/A (sky130_fd_sc_hd__buf_1)
     1    0.002463    0.029395    0.048712    0.638532 ^ _1034_/X (sky130_fd_sc_hd__buf_1)
                                                         _0116_ (net)
                      0.029395    0.000026    0.638558 ^ _1176_/D (sky130_fd_sc_hd__dfxtp_2)
                                              0.638558   data arrival time

                                  0.000000    0.000000   clock wr_clk (rise edge)
                                  0.000000    0.000000   clock source latency
     1    0.024443    0.000000    0.000000    0.000000 ^ wr_clk (in)
                                                         wr_clk (net)
                      0.001082    0.000541    0.000541 ^ clkbuf_0_wr_clk/A (sky130_fd_sc_hd__clkbuf_16)
    16    0.103832    0.091499    0.123118    0.123659 ^ clkbuf_0_wr_clk/X (sky130_fd_sc_hd__clkbuf_16)
                                                         clknet_0_wr_clk (net)
                      0.091686    0.003328    0.126987 ^ clkbuf_4_4_0_wr_clk/A (sky130_fd_sc_hd__clkbuf_8)
     2    0.018811    0.036885    0.103499    0.230486 ^ clkbuf_4_4_0_wr_clk/X (sky130_fd_sc_hd__clkbuf_8)
                                                         clknet_4_4_0_wr_clk (net)
                      0.036885    0.000166    0.230652 ^ clkbuf_5_9__f_wr_clk/A (sky130_fd_sc_hd__clkbuf_16)
     5    0.014363    0.027439    0.082364    0.313016 ^ clkbuf_5_9__f_wr_clk/X (sky130_fd_sc_hd__clkbuf_16)
                                                         clknet_5_9__leaf_wr_clk (net)
                      0.027439    0.000116    0.313132 ^ _1176_/CLK (sky130_fd_sc_hd__dfxtp_2)
                                  0.100000    0.413132   clock uncertainty
                                  0.000000    0.413132   clock reconvergence pessimism
                                 -0.017271    0.395861   library hold time
                                              0.395861   data required time
---------------------------------------------------------------------------------------------
                                              0.395861   data required time
                                             -0.638558   data arrival time
---------------------------------------------------------------------------------------------
                                              0.242697   slack (MET)


Startpoint: _1085_ (rising edge-triggered flip-flop clocked by wr_clk)
Endpoint: _1085_ (rising edge-triggered flip-flop clocked by wr_clk)
Path Group: wr_clk
Path Type: min

Fanout         Cap        Slew       Delay        Time   Description
---------------------------------------------------------------------------------------------
                                  0.000000    0.000000   clock wr_clk (rise edge)
                                  0.000000    0.000000   clock source latency
     1    0.024443    0.000000    0.000000    0.000000 ^ wr_clk (in)
                                                         wr_clk (net)
                      0.001082    0.000541    0.000541 ^ clkbuf_0_wr_clk/A (sky130_fd_sc_hd__clkbuf_16)
    16    0.103832    0.091499    0.123118    0.123659 ^ clkbuf_0_wr_clk/X (sky130_fd_sc_hd__clkbuf_16)
                                                         clknet_0_wr_clk (net)
                      0.091686    0.003328    0.126987 ^ clkbuf_4_4_0_wr_clk/A (sky130_fd_sc_hd__clkbuf_8)
     2    0.018811    0.036885    0.103499    0.230486 ^ clkbuf_4_4_0_wr_clk/X (sky130_fd_sc_hd__clkbuf_8)
                                                         clknet_4_4_0_wr_clk (net)
                      0.036885    0.000186    0.230672 ^ clkbuf_5_8__f_wr_clk/A (sky130_fd_sc_hd__clkbuf_16)
     5    0.013403    0.026803    0.081699    0.312371 ^ clkbuf_5_8__f_wr_clk/X (sky130_fd_sc_hd__clkbuf_16)
                                                         clknet_5_8__leaf_wr_clk (net)
                      0.026803    0.000170    0.312542 ^ _1085_/CLK (sky130_fd_sc_hd__dfxtp_2)
     2    0.005586    0.030385    0.193957    0.506499 ^ _1085_/Q (sky130_fd_sc_hd__dfxtp_2)
                                                         u_fifomem.mem[11][7] (net)
                      0.030385    0.000044    0.506543 ^ _0834_/A1 (sky130_fd_sc_hd__mux2_2)
     1    0.003313    0.026016    0.085823    0.592366 ^ _0834_/X (sky130_fd_sc_hd__mux2_2)
                                                         _0393_ (net)
                      0.026016    0.000039    0.592405 ^ _0835_/A (sky130_fd_sc_hd__buf_1)
     1    0.002008    0.025754    0.046045    0.638450 ^ _0835_/X (sky130_fd_sc_hd__buf_1)
                                                         _0025_ (net)
                      0.025754    0.000009    0.638459 ^ _1085_/D (sky130_fd_sc_hd__dfxtp_2)
                                              0.638459   data arrival time

                                  0.000000    0.000000   clock wr_clk (rise edge)
                                  0.000000    0.000000   clock source latency
     1    0.024443    0.000000    0.000000    0.000000 ^ wr_clk (in)
                                                         wr_clk (net)
                      0.001082    0.000541    0.000541 ^ clkbuf_0_wr_clk/A (sky130_fd_sc_hd__clkbuf_16)
    16    0.103832    0.091499    0.123118    0.123659 ^ clkbuf_0_wr_clk/X (sky130_fd_sc_hd__clkbuf_16)
                                                         clknet_0_wr_clk (net)
                      0.091686    0.003328    0.126987 ^ clkbuf_4_4_0_wr_clk/A (sky130_fd_sc_hd__clkbuf_8)
     2    0.018811    0.036885    0.103499    0.230486 ^ clkbuf_4_4_0_wr_clk/X (sky130_fd_sc_hd__clkbuf_8)
                                                         clknet_4_4_0_wr_clk (net)
                      0.036885    0.000186    0.230672 ^ clkbuf_5_8__f_wr_clk/A (sky130_fd_sc_hd__clkbuf_16)
     5    0.013403    0.026803    0.081699    0.312371 ^ clkbuf_5_8__f_wr_clk/X (sky130_fd_sc_hd__clkbuf_16)
                                                         clknet_5_8__leaf_wr_clk (net)
                      0.026803    0.000170    0.312542 ^ _1085_/CLK (sky130_fd_sc_hd__dfxtp_2)
                                  0.100000    0.412542   clock uncertainty
                                  0.000000    0.412542   clock reconvergence pessimism
                                 -0.017029    0.395513   library hold time
                                              0.395513   data required time
---------------------------------------------------------------------------------------------
                                              0.395513   data required time
                                             -0.638459   data arrival time
---------------------------------------------------------------------------------------------
                                              0.242946   slack (MET)


Startpoint: _1166_ (rising edge-triggered flip-flop clocked by wr_clk)
Endpoint: _1166_ (rising edge-triggered flip-flop clocked by wr_clk)
Path Group: wr_clk
Path Type: min

Fanout         Cap        Slew       Delay        Time   Description
---------------------------------------------------------------------------------------------
                                  0.000000    0.000000   clock wr_clk (rise edge)
                                  0.000000    0.000000   clock source latency
     1    0.024443    0.000000    0.000000    0.000000 ^ wr_clk (in)
                                                         wr_clk (net)
                      0.001082    0.000541    0.000541 ^ clkbuf_0_wr_clk/A (sky130_fd_sc_hd__clkbuf_16)
    16    0.103832    0.091499    0.123118    0.123659 ^ clkbuf_0_wr_clk/X (sky130_fd_sc_hd__clkbuf_16)
                                                         clknet_0_wr_clk (net)
                      0.091636    0.002858    0.126518 ^ clkbuf_4_1_0_wr_clk/A (sky130_fd_sc_hd__clkbuf_8)
     2    0.017991    0.035941    0.102621    0.229138 ^ clkbuf_4_1_0_wr_clk/X (sky130_fd_sc_hd__clkbuf_8)
                                                         clknet_4_1_0_wr_clk (net)
                      0.035941    0.000147    0.229285 ^ clkbuf_5_3__f_wr_clk/A (sky130_fd_sc_hd__clkbuf_16)
     5    0.013230    0.026684    0.081322    0.310607 ^ clkbuf_5_3__f_wr_clk/X (sky130_fd_sc_hd__clkbuf_16)
                                                         clknet_5_3__leaf_wr_clk (net)
                      0.026684    0.000024    0.310631 ^ _1166_/CLK (sky130_fd_sc_hd__dfxtp_2)
     2    0.004755    0.027691    0.191701    0.502331 ^ _1166_/Q (sky130_fd_sc_hd__dfxtp_2)
                                                         u_fifomem.mem[7][0] (net)
                      0.027691    0.000034    0.502366 ^ _1011_/A1 (sky130_fd_sc_hd__mux2_2)
     1    0.002980    0.024936    0.083868    0.586234 ^ _1011_/X (sky130_fd_sc_hd__mux2_2)
                                                         _0489_ (net)
                      0.024936    0.000031    0.586266 ^ _1012_/A (sky130_fd_sc_hd__buf_1)
     1    0.002688    0.031220    0.049906    0.636172 ^ _1012_/X (sky130_fd_sc_hd__buf_1)
                                                         _0106_ (net)
                      0.031220    0.000029    0.636201 ^ _1166_/D (sky130_fd_sc_hd__dfxtp_2)
                                              0.636201   data arrival time

                                  0.000000    0.000000   clock wr_clk (rise edge)
                                  0.000000    0.000000   clock source latency
     1    0.024443    0.000000    0.000000    0.000000 ^ wr_clk (in)
                                                         wr_clk (net)
                      0.001082    0.000541    0.000541 ^ clkbuf_0_wr_clk/A (sky130_fd_sc_hd__clkbuf_16)
    16    0.103832    0.091499    0.123118    0.123659 ^ clkbuf_0_wr_clk/X (sky130_fd_sc_hd__clkbuf_16)
                                                         clknet_0_wr_clk (net)
                      0.091636    0.002858    0.126518 ^ clkbuf_4_1_0_wr_clk/A (sky130_fd_sc_hd__clkbuf_8)
     2    0.017991    0.035941    0.102621    0.229138 ^ clkbuf_4_1_0_wr_clk/X (sky130_fd_sc_hd__clkbuf_8)
                                                         clknet_4_1_0_wr_clk (net)
                      0.035941    0.000147    0.229285 ^ clkbuf_5_3__f_wr_clk/A (sky130_fd_sc_hd__clkbuf_16)
     5    0.013230    0.026684    0.081322    0.310607 ^ clkbuf_5_3__f_wr_clk/X (sky130_fd_sc_hd__clkbuf_16)
                                                         clknet_5_3__leaf_wr_clk (net)
                      0.026684    0.000024    0.310631 ^ _1166_/CLK (sky130_fd_sc_hd__dfxtp_2)
                                  0.100000    0.410631   clock uncertainty
                                  0.000000    0.410631   clock reconvergence pessimism
                                 -0.017419    0.393212   library hold time
                                              0.393212   data required time
---------------------------------------------------------------------------------------------
                                              0.393212   data required time
                                             -0.636201   data arrival time
---------------------------------------------------------------------------------------------
                                              0.242989   slack (MET)


Startpoint: _1083_ (rising edge-triggered flip-flop clocked by wr_clk)
Endpoint: _1083_ (rising edge-triggered flip-flop clocked by wr_clk)
Path Group: wr_clk
Path Type: min

Fanout         Cap        Slew       Delay        Time   Description
---------------------------------------------------------------------------------------------
                                  0.000000    0.000000   clock wr_clk (rise edge)
                                  0.000000    0.000000   clock source latency
     1    0.024443    0.000000    0.000000    0.000000 ^ wr_clk (in)
                                                         wr_clk (net)
                      0.001082    0.000541    0.000541 ^ clkbuf_0_wr_clk/A (sky130_fd_sc_hd__clkbuf_16)
    16    0.103832    0.091499    0.123118    0.123659 ^ clkbuf_0_wr_clk/X (sky130_fd_sc_hd__clkbuf_16)
                                                         clknet_0_wr_clk (net)
                      0.091563    0.001971    0.125630 ^ clkbuf_4_3_0_wr_clk/A (sky130_fd_sc_hd__clkbuf_8)
     2    0.019504    0.037648    0.104135    0.229765 ^ clkbuf_4_3_0_wr_clk/X (sky130_fd_sc_hd__clkbuf_8)
                                                         clknet_4_3_0_wr_clk (net)
                      0.037649    0.000265    0.230030 ^ clkbuf_5_7__f_wr_clk/A (sky130_fd_sc_hd__clkbuf_16)
     5    0.015977    0.028509    0.083681    0.313711 ^ clkbuf_5_7__f_wr_clk/X (sky130_fd_sc_hd__clkbuf_16)
                                                         clknet_5_7__leaf_wr_clk (net)
                      0.028509    0.000069    0.313781 ^ _1083_/CLK (sky130_fd_sc_hd__dfxtp_2)
     2    0.006121    0.032144    0.195887    0.509668 ^ _1083_/Q (sky130_fd_sc_hd__dfxtp_2)
                                                         u_fifomem.mem[11][5] (net)
                      0.032144    0.000046    0.509714 ^ _0830_/A1 (sky130_fd_sc_hd__mux2_2)
     1    0.002518    0.023445    0.083355    0.593069 ^ _0830_/X (sky130_fd_sc_hd__mux2_2)
                                                         _0391_ (net)
                      0.023445    0.000012    0.593081 ^ _0831_/A (sky130_fd_sc_hd__buf_1)
     1    0.002193    0.027192    0.046641    0.639722 ^ _0831_/X (sky130_fd_sc_hd__buf_1)
                                                         _0023_ (net)
                      0.027192    0.000020    0.639742 ^ _1083_/D (sky130_fd_sc_hd__dfxtp_2)
                                              0.639742   data arrival time

                                  0.000000    0.000000   clock wr_clk (rise edge)
                                  0.000000    0.000000   clock source latency
     1    0.024443    0.000000    0.000000    0.000000 ^ wr_clk (in)
                                                         wr_clk (net)
                      0.001082    0.000541    0.000541 ^ clkbuf_0_wr_clk/A (sky130_fd_sc_hd__clkbuf_16)
    16    0.103832    0.091499    0.123118    0.123659 ^ clkbuf_0_wr_clk/X (sky130_fd_sc_hd__clkbuf_16)
                                                         clknet_0_wr_clk (net)
                      0.091563    0.001971    0.125630 ^ clkbuf_4_3_0_wr_clk/A (sky130_fd_sc_hd__clkbuf_8)
     2    0.019504    0.037648    0.104135    0.229765 ^ clkbuf_4_3_0_wr_clk/X (sky130_fd_sc_hd__clkbuf_8)
                                                         clknet_4_3_0_wr_clk (net)
                      0.037649    0.000265    0.230030 ^ clkbuf_5_7__f_wr_clk/A (sky130_fd_sc_hd__clkbuf_16)
     5    0.015977    0.028509    0.083681    0.313711 ^ clkbuf_5_7__f_wr_clk/X (sky130_fd_sc_hd__clkbuf_16)
                                                         clknet_5_7__leaf_wr_clk (net)
                      0.028509    0.000069    0.313781 ^ _1083_/CLK (sky130_fd_sc_hd__dfxtp_2)
                                  0.100000    0.413781   clock uncertainty
                                  0.000000    0.413781   clock reconvergence pessimism
                                 -0.017090    0.396691   library hold time
                                              0.396691   data required time
---------------------------------------------------------------------------------------------
                                              0.396691   data required time
                                             -0.639742   data arrival time
---------------------------------------------------------------------------------------------
                                              0.243051   slack (MET)


Startpoint: _1068_ (rising edge-triggered flip-flop clocked by wr_clk)
Endpoint: _1068_ (rising edge-triggered flip-flop clocked by wr_clk)
Path Group: wr_clk
Path Type: min

Fanout         Cap        Slew       Delay        Time   Description
---------------------------------------------------------------------------------------------
                                  0.000000    0.000000   clock wr_clk (rise edge)
                                  0.000000    0.000000   clock source latency
     1    0.024443    0.000000    0.000000    0.000000 ^ wr_clk (in)
                                                         wr_clk (net)
                      0.001082    0.000541    0.000541 ^ clkbuf_0_wr_clk/A (sky130_fd_sc_hd__clkbuf_16)
    16    0.103832    0.091499    0.123118    0.123659 ^ clkbuf_0_wr_clk/X (sky130_fd_sc_hd__clkbuf_16)
                                                         clknet_0_wr_clk (net)
                      0.091499    0.000074    0.123733 ^ clkbuf_4_12_0_wr_clk/A (sky130_fd_sc_hd__clkbuf_8)
     2    0.019505    0.037648    0.104117    0.227850 ^ clkbuf_4_12_0_wr_clk/X (sky130_fd_sc_hd__clkbuf_8)
                                                         clknet_4_12_0_wr_clk (net)
                      0.037651    0.000356    0.228206 ^ clkbuf_5_25__f_wr_clk/A (sky130_fd_sc_hd__clkbuf_16)
     6    0.021859    0.032405    0.087698    0.315904 ^ clkbuf_5_25__f_wr_clk/X (sky130_fd_sc_hd__clkbuf_16)
                                                         clknet_5_25__leaf_wr_clk (net)
                      0.032406    0.000217    0.316122 ^ _1068_/CLK (sky130_fd_sc_hd__dfxtp_2)
     2    0.005728    0.030848    0.196017    0.512139 ^ _1068_/Q (sky130_fd_sc_hd__dfxtp_2)
                                                         u_fifomem.mem[0][6] (net)
                      0.030848    0.000038    0.512177 ^ _0798_/A0 (sky130_fd_sc_hd__mux2_2)
     1    0.002763    0.024576    0.084158    0.596335 ^ _0798_/X (sky130_fd_sc_hd__mux2_2)
                                                         _0374_ (net)
                      0.024576    0.000027    0.596362 ^ _0799_/A (sky130_fd_sc_hd__buf_1)
     1    0.002055    0.026104    0.046038    0.642400 ^ _0799_/X (sky130_fd_sc_hd__buf_1)
                                                         _0008_ (net)
                      0.026104    0.000018    0.642418 ^ _1068_/D (sky130_fd_sc_hd__dfxtp_2)
                                              0.642418   data arrival time

                                  0.000000    0.000000   clock wr_clk (rise edge)
                                  0.000000    0.000000   clock source latency
     1    0.024443    0.000000    0.000000    0.000000 ^ wr_clk (in)
                                                         wr_clk (net)
                      0.001082    0.000541    0.000541 ^ clkbuf_0_wr_clk/A (sky130_fd_sc_hd__clkbuf_16)
    16    0.103832    0.091499    0.123118    0.123659 ^ clkbuf_0_wr_clk/X (sky130_fd_sc_hd__clkbuf_16)
                                                         clknet_0_wr_clk (net)
                      0.091499    0.000074    0.123733 ^ clkbuf_4_12_0_wr_clk/A (sky130_fd_sc_hd__clkbuf_8)
     2    0.019505    0.037648    0.104117    0.227850 ^ clkbuf_4_12_0_wr_clk/X (sky130_fd_sc_hd__clkbuf_8)
                                                         clknet_4_12_0_wr_clk (net)
                      0.037651    0.000356    0.228206 ^ clkbuf_5_25__f_wr_clk/A (sky130_fd_sc_hd__clkbuf_16)
     6    0.021859    0.032405    0.087698    0.315904 ^ clkbuf_5_25__f_wr_clk/X (sky130_fd_sc_hd__clkbuf_16)
                                                         clknet_5_25__leaf_wr_clk (net)
                      0.032406    0.000217    0.316122 ^ _1068_/CLK (sky130_fd_sc_hd__dfxtp_2)
                                  0.100000    0.416122   clock uncertainty
                                  0.000000    0.416122   clock reconvergence pessimism
                                 -0.016920    0.399202   library hold time
                                              0.399202   data required time
---------------------------------------------------------------------------------------------
                                              0.399202   data required time
                                             -0.642418   data arrival time
---------------------------------------------------------------------------------------------
                                              0.243216   slack (MET)


Startpoint: _1155_ (rising edge-triggered flip-flop clocked by wr_clk)
Endpoint: _1155_ (rising edge-triggered flip-flop clocked by wr_clk)
Path Group: wr_clk
Path Type: min

Fanout         Cap        Slew       Delay        Time   Description
---------------------------------------------------------------------------------------------
                                  0.000000    0.000000   clock wr_clk (rise edge)
                                  0.000000    0.000000   clock source latency
     1    0.024443    0.000000    0.000000    0.000000 ^ wr_clk (in)
                                                         wr_clk (net)
                      0.001082    0.000541    0.000541 ^ clkbuf_0_wr_clk/A (sky130_fd_sc_hd__clkbuf_16)
    16    0.103832    0.091499    0.123118    0.123659 ^ clkbuf_0_wr_clk/X (sky130_fd_sc_hd__clkbuf_16)
                                                         clknet_0_wr_clk (net)
                      0.091540    0.001579    0.125239 ^ clkbuf_4_11_0_wr_clk/A (sky130_fd_sc_hd__clkbuf_8)
     2    0.017609    0.035512    0.102201    0.227440 ^ clkbuf_4_11_0_wr_clk/X (sky130_fd_sc_hd__clkbuf_8)
                                                         clknet_4_11_0_wr_clk (net)
                      0.035512    0.000162    0.227602 ^ clkbuf_5_22__f_wr_clk/A (sky130_fd_sc_hd__clkbuf_16)
     5    0.014863    0.027764    0.082301    0.309903 ^ clkbuf_5_22__f_wr_clk/X (sky130_fd_sc_hd__clkbuf_16)
                                                         clknet_5_22__leaf_wr_clk (net)
                      0.027764    0.000174    0.310077 ^ _1155_/CLK (sky130_fd_sc_hd__dfxtp_2)
     2    0.005694    0.030737    0.194528    0.504604 ^ _1155_/Q (sky130_fd_sc_hd__dfxtp_2)
                                                         u_fifomem.mem[5][5] (net)
                      0.030737    0.000050    0.504654 ^ _0987_/A0 (sky130_fd_sc_hd__mux2_2)
     1    0.002479    0.023670    0.083081    0.587735 ^ _0987_/X (sky130_fd_sc_hd__mux2_2)
                                                         _0476_ (net)
                      0.023670    0.000011    0.587746 ^ _0988_/A (sky130_fd_sc_hd__buf_1)
     1    0.002487    0.029569    0.048451    0.636197 ^ _0988_/X (sky130_fd_sc_hd__buf_1)
                                                         _0095_ (net)
                      0.029569    0.000027    0.636224 ^ _1155_/D (sky130_fd_sc_hd__dfxtp_2)
                                              0.636224   data arrival time

                                  0.000000    0.000000   clock wr_clk (rise edge)
                                  0.000000    0.000000   clock source latency
     1    0.024443    0.000000    0.000000    0.000000 ^ wr_clk (in)
                                                         wr_clk (net)
                      0.001082    0.000541    0.000541 ^ clkbuf_0_wr_clk/A (sky130_fd_sc_hd__clkbuf_16)
    16    0.103832    0.091499    0.123118    0.123659 ^ clkbuf_0_wr_clk/X (sky130_fd_sc_hd__clkbuf_16)
                                                         clknet_0_wr_clk (net)
                      0.091540    0.001579    0.125239 ^ clkbuf_4_11_0_wr_clk/A (sky130_fd_sc_hd__clkbuf_8)
     2    0.017609    0.035512    0.102201    0.227440 ^ clkbuf_4_11_0_wr_clk/X (sky130_fd_sc_hd__clkbuf_8)
                                                         clknet_4_11_0_wr_clk (net)
                      0.035512    0.000162    0.227602 ^ clkbuf_5_22__f_wr_clk/A (sky130_fd_sc_hd__clkbuf_16)
     5    0.014863    0.027764    0.082301    0.309903 ^ clkbuf_5_22__f_wr_clk/X (sky130_fd_sc_hd__clkbuf_16)
                                                         clknet_5_22__leaf_wr_clk (net)
                      0.027764    0.000174    0.310077 ^ _1155_/CLK (sky130_fd_sc_hd__dfxtp_2)
                                  0.100000    0.410077   clock uncertainty
                                  0.000000    0.410077   clock reconvergence pessimism
                                 -0.017276    0.392801   library hold time
                                              0.392801   data required time
---------------------------------------------------------------------------------------------
                                              0.392801   data required time
                                             -0.636224   data arrival time
---------------------------------------------------------------------------------------------
                                              0.243423   slack (MET)


Startpoint: _1148_ (rising edge-triggered flip-flop clocked by wr_clk)
Endpoint: _1148_ (rising edge-triggered flip-flop clocked by wr_clk)
Path Group: wr_clk
Path Type: min

Fanout         Cap        Slew       Delay        Time   Description
---------------------------------------------------------------------------------------------
                                  0.000000    0.000000   clock wr_clk (rise edge)
                                  0.000000    0.000000   clock source latency
     1    0.024443    0.000000    0.000000    0.000000 ^ wr_clk (in)
                                                         wr_clk (net)
                      0.001082    0.000541    0.000541 ^ clkbuf_0_wr_clk/A (sky130_fd_sc_hd__clkbuf_16)
    16    0.103832    0.091499    0.123118    0.123659 ^ clkbuf_0_wr_clk/X (sky130_fd_sc_hd__clkbuf_16)
                                                         clknet_0_wr_clk (net)
                      0.091499    0.000074    0.123733 ^ clkbuf_4_12_0_wr_clk/A (sky130_fd_sc_hd__clkbuf_8)
     2    0.019505    0.037648    0.104117    0.227850 ^ clkbuf_4_12_0_wr_clk/X (sky130_fd_sc_hd__clkbuf_8)
                                                         clknet_4_12_0_wr_clk (net)
                      0.037651    0.000356    0.228206 ^ clkbuf_5_25__f_wr_clk/A (sky130_fd_sc_hd__clkbuf_16)
     6    0.021859    0.032405    0.087698    0.315904 ^ clkbuf_5_25__f_wr_clk/X (sky130_fd_sc_hd__clkbuf_16)
                                                         clknet_5_25__leaf_wr_clk (net)
                      0.032405    0.000182    0.316087 ^ _1148_/CLK (sky130_fd_sc_hd__dfxtp_2)
     2    0.005172    0.029028    0.194526    0.510613 ^ _1148_/Q (sky130_fd_sc_hd__dfxtp_2)
                                                         u_fifomem.mem[4][6] (net)
                      0.029028    0.000050    0.510663 ^ _0972_/A0 (sky130_fd_sc_hd__mux2_2)
     1    0.002741    0.024509    0.083575    0.594238 ^ _0972_/X (sky130_fd_sc_hd__mux2_2)
                                                         _0468_ (net)
                      0.024509    0.000026    0.594264 ^ _0973_/A (sky130_fd_sc_hd__buf_1)
     1    0.002412    0.028971    0.048168    0.642432 ^ _0973_/X (sky130_fd_sc_hd__buf_1)
                                                         _0088_ (net)
                      0.028971    0.000024    0.642456 ^ _1148_/D (sky130_fd_sc_hd__dfxtp_2)
                                              0.642456   data arrival time

                                  0.000000    0.000000   clock wr_clk (rise edge)
                                  0.000000    0.000000   clock source latency
     1    0.024443    0.000000    0.000000    0.000000 ^ wr_clk (in)
                                                         wr_clk (net)
                      0.001082    0.000541    0.000541 ^ clkbuf_0_wr_clk/A (sky130_fd_sc_hd__clkbuf_16)
    16    0.103832    0.091499    0.123118    0.123659 ^ clkbuf_0_wr_clk/X (sky130_fd_sc_hd__clkbuf_16)
                                                         clknet_0_wr_clk (net)
                      0.091499    0.000074    0.123733 ^ clkbuf_4_12_0_wr_clk/A (sky130_fd_sc_hd__clkbuf_8)
     2    0.019505    0.037648    0.104117    0.227850 ^ clkbuf_4_12_0_wr_clk/X (sky130_fd_sc_hd__clkbuf_8)
                                                         clknet_4_12_0_wr_clk (net)
                      0.037651    0.000356    0.228206 ^ clkbuf_5_25__f_wr_clk/A (sky130_fd_sc_hd__clkbuf_16)
     6    0.021859    0.032405    0.087698    0.315904 ^ clkbuf_5_25__f_wr_clk/X (sky130_fd_sc_hd__clkbuf_16)
                                                         clknet_5_25__leaf_wr_clk (net)
                      0.032405    0.000182    0.316087 ^ _1148_/CLK (sky130_fd_sc_hd__dfxtp_2)
                                  0.100000    0.416087   clock uncertainty
                                  0.000000    0.416087   clock reconvergence pessimism
                                 -0.017123    0.398964   library hold time
                                              0.398964   data required time
---------------------------------------------------------------------------------------------
                                              0.398964   data required time
                                             -0.642456   data arrival time
---------------------------------------------------------------------------------------------
                                              0.243492   slack (MET)


Startpoint: _1172_ (rising edge-triggered flip-flop clocked by wr_clk)
Endpoint: _1172_ (rising edge-triggered flip-flop clocked by wr_clk)
Path Group: wr_clk
Path Type: min

Fanout         Cap        Slew       Delay        Time   Description
---------------------------------------------------------------------------------------------
                                  0.000000    0.000000   clock wr_clk (rise edge)
                                  0.000000    0.000000   clock source latency
     1    0.024443    0.000000    0.000000    0.000000 ^ wr_clk (in)
                                                         wr_clk (net)
                      0.001082    0.000541    0.000541 ^ clkbuf_0_wr_clk/A (sky130_fd_sc_hd__clkbuf_16)
    16    0.103832    0.091499    0.123118    0.123659 ^ clkbuf_0_wr_clk/X (sky130_fd_sc_hd__clkbuf_16)
                                                         clknet_0_wr_clk (net)
                      0.091499    0.000074    0.123733 ^ clkbuf_4_12_0_wr_clk/A (sky130_fd_sc_hd__clkbuf_8)
     2    0.019505    0.037648    0.104117    0.227850 ^ clkbuf_4_12_0_wr_clk/X (sky130_fd_sc_hd__clkbuf_8)
                                                         clknet_4_12_0_wr_clk (net)
                      0.037649    0.000277    0.228127 ^ clkbuf_5_24__f_wr_clk/A (sky130_fd_sc_hd__clkbuf_16)
     5    0.014060    0.027241    0.082374    0.310501 ^ clkbuf_5_24__f_wr_clk/X (sky130_fd_sc_hd__clkbuf_16)
                                                         clknet_5_24__leaf_wr_clk (net)
                      0.027241    0.000129    0.310630 ^ _1172_/CLK (sky130_fd_sc_hd__dfxtp_2)
     2    0.005257    0.029310    0.193210    0.503840 ^ _1172_/Q (sky130_fd_sc_hd__dfxtp_2)
                                                         u_fifomem.mem[7][6] (net)
                      0.029310    0.000043    0.503883 ^ _1023_/A1 (sky130_fd_sc_hd__mux2_2)
     1    0.002902    0.024686    0.084014    0.587897 ^ _1023_/X (sky130_fd_sc_hd__mux2_2)
                                                         _0495_ (net)
                      0.024686    0.000031    0.587928 ^ _1024_/A (sky130_fd_sc_hd__buf_1)
     1    0.002536    0.029984    0.048948    0.636875 ^ _1024_/X (sky130_fd_sc_hd__buf_1)
                                                         _0112_ (net)
                      0.029984    0.000027    0.636902 ^ _1172_/D (sky130_fd_sc_hd__dfxtp_2)
                                              0.636902   data arrival time

                                  0.000000    0.000000   clock wr_clk (rise edge)
                                  0.000000    0.000000   clock source latency
     1    0.024443    0.000000    0.000000    0.000000 ^ wr_clk (in)
                                                         wr_clk (net)
                      0.001082    0.000541    0.000541 ^ clkbuf_0_wr_clk/A (sky130_fd_sc_hd__clkbuf_16)
    16    0.103832    0.091499    0.123118    0.123659 ^ clkbuf_0_wr_clk/X (sky130_fd_sc_hd__clkbuf_16)
                                                         clknet_0_wr_clk (net)
                      0.091499    0.000074    0.123733 ^ clkbuf_4_12_0_wr_clk/A (sky130_fd_sc_hd__clkbuf_8)
     2    0.019505    0.037648    0.104117    0.227850 ^ clkbuf_4_12_0_wr_clk/X (sky130_fd_sc_hd__clkbuf_8)
                                                         clknet_4_12_0_wr_clk (net)
                      0.037649    0.000277    0.228127 ^ clkbuf_5_24__f_wr_clk/A (sky130_fd_sc_hd__clkbuf_16)
     5    0.014060    0.027241    0.082374    0.310501 ^ clkbuf_5_24__f_wr_clk/X (sky130_fd_sc_hd__clkbuf_16)
                                                         clknet_5_24__leaf_wr_clk (net)
                      0.027241    0.000129    0.310630 ^ _1172_/CLK (sky130_fd_sc_hd__dfxtp_2)
                                  0.100000    0.410630   clock uncertainty
                                  0.000000    0.410630   clock reconvergence pessimism
                                 -0.017318    0.393312   library hold time
                                              0.393312   data required time
---------------------------------------------------------------------------------------------
                                              0.393312   data required time
                                             -0.636902   data arrival time
---------------------------------------------------------------------------------------------
                                              0.243590   slack (MET)


Startpoint: _1070_ (rising edge-triggered flip-flop clocked by wr_clk)
Endpoint: _1070_ (rising edge-triggered flip-flop clocked by wr_clk)
Path Group: wr_clk
Path Type: min

Fanout         Cap        Slew       Delay        Time   Description
---------------------------------------------------------------------------------------------
                                  0.000000    0.000000   clock wr_clk (rise edge)
                                  0.000000    0.000000   clock source latency
     1    0.024443    0.000000    0.000000    0.000000 ^ wr_clk (in)
                                                         wr_clk (net)
                      0.001082    0.000541    0.000541 ^ clkbuf_0_wr_clk/A (sky130_fd_sc_hd__clkbuf_16)
    16    0.103832    0.091499    0.123118    0.123659 ^ clkbuf_0_wr_clk/X (sky130_fd_sc_hd__clkbuf_16)
                                                         clknet_0_wr_clk (net)
                      0.091673    0.003209    0.126868 ^ clkbuf_4_5_0_wr_clk/A (sky130_fd_sc_hd__clkbuf_8)
     2    0.019116    0.037214    0.103720    0.230588 ^ clkbuf_4_5_0_wr_clk/X (sky130_fd_sc_hd__clkbuf_8)
                                                         clknet_4_5_0_wr_clk (net)
                      0.037217    0.000371    0.230959 ^ clkbuf_5_10__f_wr_clk/A (sky130_fd_sc_hd__clkbuf_16)
     5    0.014576    0.027582    0.082552    0.313512 ^ clkbuf_5_10__f_wr_clk/X (sky130_fd_sc_hd__clkbuf_16)
                                                         clknet_5_10__leaf_wr_clk (net)
                      0.027582    0.000345    0.313857 ^ _1070_/CLK (sky130_fd_sc_hd__dfxtp_2)
     2    0.005134    0.028909    0.192981    0.506838 ^ _1070_/Q (sky130_fd_sc_hd__dfxtp_2)
                                                         u_fifomem.mem[10][0] (net)
                      0.028909    0.000042    0.506880 ^ _0803_/A0 (sky130_fd_sc_hd__mux2_2)
     1    0.002071    0.022369    0.081065    0.587945 ^ _0803_/X (sky130_fd_sc_hd__mux2_2)
                                                         _0377_ (net)
                      0.022369    0.000009    0.587954 ^ _0804_/A (sky130_fd_sc_hd__buf_2)
     1    0.001926    0.016471    0.053175    0.641129 ^ _0804_/X (sky130_fd_sc_hd__buf_2)
                                                         _0010_ (net)
                      0.016471    0.000016    0.641145 ^ _1070_/D (sky130_fd_sc_hd__dfxtp_2)
                                              0.641145   data arrival time

                                  0.000000    0.000000   clock wr_clk (rise edge)
                                  0.000000    0.000000   clock source latency
     1    0.024443    0.000000    0.000000    0.000000 ^ wr_clk (in)
                                                         wr_clk (net)
                      0.001082    0.000541    0.000541 ^ clkbuf_0_wr_clk/A (sky130_fd_sc_hd__clkbuf_16)
    16    0.103832    0.091499    0.123118    0.123659 ^ clkbuf_0_wr_clk/X (sky130_fd_sc_hd__clkbuf_16)
                                                         clknet_0_wr_clk (net)
                      0.091673    0.003209    0.126868 ^ clkbuf_4_5_0_wr_clk/A (sky130_fd_sc_hd__clkbuf_8)
     2    0.019116    0.037214    0.103720    0.230588 ^ clkbuf_4_5_0_wr_clk/X (sky130_fd_sc_hd__clkbuf_8)
                                                         clknet_4_5_0_wr_clk (net)
                      0.037217    0.000371    0.230959 ^ clkbuf_5_10__f_wr_clk/A (sky130_fd_sc_hd__clkbuf_16)
     5    0.014576    0.027582    0.082552    0.313512 ^ clkbuf_5_10__f_wr_clk/X (sky130_fd_sc_hd__clkbuf_16)
                                                         clknet_5_10__leaf_wr_clk (net)
                      0.027582    0.000345    0.313857 ^ _1070_/CLK (sky130_fd_sc_hd__dfxtp_2)
                                  0.100000    0.413857   clock uncertainty
                                  0.000000    0.413857   clock reconvergence pessimism
                                 -0.016353    0.397504   library hold time
                                              0.397504   data required time
---------------------------------------------------------------------------------------------
                                              0.397504   data required time
                                             -0.641145   data arrival time
---------------------------------------------------------------------------------------------
                                              0.243641   slack (MET)


Startpoint: _1079_ (rising edge-triggered flip-flop clocked by wr_clk)
Endpoint: _1079_ (rising edge-triggered flip-flop clocked by wr_clk)
Path Group: wr_clk
Path Type: min

Fanout         Cap        Slew       Delay        Time   Description
---------------------------------------------------------------------------------------------
                                  0.000000    0.000000   clock wr_clk (rise edge)
                                  0.000000    0.000000   clock source latency
     1    0.024443    0.000000    0.000000    0.000000 ^ wr_clk (in)
                                                         wr_clk (net)
                      0.001082    0.000541    0.000541 ^ clkbuf_0_wr_clk/A (sky130_fd_sc_hd__clkbuf_16)
    16    0.103832    0.091499    0.123118    0.123659 ^ clkbuf_0_wr_clk/X (sky130_fd_sc_hd__clkbuf_16)
                                                         clknet_0_wr_clk (net)
                      0.091714    0.003557    0.127216 ^ clkbuf_4_7_0_wr_clk/A (sky130_fd_sc_hd__clkbuf_8)
     2    0.018693    0.036744    0.103405    0.230621 ^ clkbuf_4_7_0_wr_clk/X (sky130_fd_sc_hd__clkbuf_8)
                                                         clknet_4_7_0_wr_clk (net)
                      0.036744    0.000035    0.230656 ^ clkbuf_5_14__f_wr_clk/A (sky130_fd_sc_hd__clkbuf_16)
     5    0.014062    0.027238    0.082126    0.312782 ^ clkbuf_5_14__f_wr_clk/X (sky130_fd_sc_hd__clkbuf_16)
                                                         clknet_5_14__leaf_wr_clk (net)
                      0.027238    0.000046    0.312828 ^ _1079_/CLK (sky130_fd_sc_hd__dfxtp_2)
     2    0.005175    0.029040    0.192980    0.505808 ^ _1079_/Q (sky130_fd_sc_hd__dfxtp_2)
                                                         u_fifomem.mem[11][1] (net)
                      0.029040    0.000059    0.505867 ^ _0822_/A1 (sky130_fd_sc_hd__mux2_2)
     1    0.002683    0.023970    0.083128    0.588996 ^ _0822_/X (sky130_fd_sc_hd__mux2_2)
                                                         _0387_ (net)
                      0.023970    0.000025    0.589020 ^ _0823_/A (sky130_fd_sc_hd__buf_1)
     1    0.002742    0.031656    0.050041    0.639062 ^ _0823_/X (sky130_fd_sc_hd__buf_1)
                                                         _0019_ (net)
                      0.031656    0.000033    0.639095 ^ _1079_/D (sky130_fd_sc_hd__dfxtp_2)
                                              0.639095   data arrival time

                                  0.000000    0.000000   clock wr_clk (rise edge)
                                  0.000000    0.000000   clock source latency
     1    0.024443    0.000000    0.000000    0.000000 ^ wr_clk (in)
                                                         wr_clk (net)
                      0.001082    0.000541    0.000541 ^ clkbuf_0_wr_clk/A (sky130_fd_sc_hd__clkbuf_16)
    16    0.103832    0.091499    0.123118    0.123659 ^ clkbuf_0_wr_clk/X (sky130_fd_sc_hd__clkbuf_16)
                                                         clknet_0_wr_clk (net)
                      0.091714    0.003557    0.127216 ^ clkbuf_4_7_0_wr_clk/A (sky130_fd_sc_hd__clkbuf_8)
     2    0.018693    0.036744    0.103405    0.230621 ^ clkbuf_4_7_0_wr_clk/X (sky130_fd_sc_hd__clkbuf_8)
                                                         clknet_4_7_0_wr_clk (net)
                      0.036744    0.000035    0.230656 ^ clkbuf_5_14__f_wr_clk/A (sky130_fd_sc_hd__clkbuf_16)
     5    0.014062    0.027238    0.082126    0.312782 ^ clkbuf_5_14__f_wr_clk/X (sky130_fd_sc_hd__clkbuf_16)
                                                         clknet_5_14__leaf_wr_clk (net)
                      0.027238    0.000046    0.312828 ^ _1079_/CLK (sky130_fd_sc_hd__dfxtp_2)
                                  0.100000    0.412828   clock uncertainty
                                  0.000000    0.412828   clock reconvergence pessimism
                                 -0.017436    0.395392   library hold time
                                              0.395392   data required time
---------------------------------------------------------------------------------------------
                                              0.395392   data required time
                                             -0.639095   data arrival time
---------------------------------------------------------------------------------------------
                                              0.243703   slack (MET)


Startpoint: _1162_ (rising edge-triggered flip-flop clocked by wr_clk)
Endpoint: _1162_ (rising edge-triggered flip-flop clocked by wr_clk)
Path Group: wr_clk
Path Type: min

Fanout         Cap        Slew       Delay        Time   Description
---------------------------------------------------------------------------------------------
                                  0.000000    0.000000   clock wr_clk (rise edge)
                                  0.000000    0.000000   clock source latency
     1    0.024443    0.000000    0.000000    0.000000 ^ wr_clk (in)
                                                         wr_clk (net)
                      0.001082    0.000541    0.000541 ^ clkbuf_0_wr_clk/A (sky130_fd_sc_hd__clkbuf_16)
    16    0.103832    0.091499    0.123118    0.123659 ^ clkbuf_0_wr_clk/X (sky130_fd_sc_hd__clkbuf_16)
                                                         clknet_0_wr_clk (net)
                      0.091549    0.001748    0.125408 ^ clkbuf_4_8_0_wr_clk/A (sky130_fd_sc_hd__clkbuf_8)
     2    0.019931    0.038133    0.104569    0.229977 ^ clkbuf_4_8_0_wr_clk/X (sky130_fd_sc_hd__clkbuf_8)
                                                         clknet_4_8_0_wr_clk (net)
                      0.038134    0.000265    0.230242 ^ clkbuf_5_16__f_wr_clk/A (sky130_fd_sc_hd__clkbuf_16)
     5    0.013584    0.026928    0.082166    0.312408 ^ clkbuf_5_16__f_wr_clk/X (sky130_fd_sc_hd__clkbuf_16)
                                                         clknet_5_16__leaf_wr_clk (net)
                      0.026928    0.000220    0.312628 ^ _1162_/CLK (sky130_fd_sc_hd__dfxtp_2)
     2    0.005127    0.028888    0.192768    0.505396 ^ _1162_/Q (sky130_fd_sc_hd__dfxtp_2)
                                                         u_fifomem.mem[6][4] (net)
                      0.028888    0.000036    0.505432 ^ _1002_/A0 (sky130_fd_sc_hd__mux2_2)
     1    0.002099    0.022461    0.081165    0.586598 ^ _1002_/X (sky130_fd_sc_hd__mux2_2)
                                                         _0484_ (net)
                      0.022461    0.000009    0.586607 ^ _1003_/A (sky130_fd_sc_hd__buf_2)
     1    0.002087    0.016951    0.053673    0.640280 ^ _1003_/X (sky130_fd_sc_hd__buf_2)
                                                         _0102_ (net)
                      0.016951    0.000018    0.640298 ^ _1162_/D (sky130_fd_sc_hd__dfxtp_2)
                                              0.640298   data arrival time

                                  0.000000    0.000000   clock wr_clk (rise edge)
                                  0.000000    0.000000   clock source latency
     1    0.024443    0.000000    0.000000    0.000000 ^ wr_clk (in)
                                                         wr_clk (net)
                      0.001082    0.000541    0.000541 ^ clkbuf_0_wr_clk/A (sky130_fd_sc_hd__clkbuf_16)
    16    0.103832    0.091499    0.123118    0.123659 ^ clkbuf_0_wr_clk/X (sky130_fd_sc_hd__clkbuf_16)
                                                         clknet_0_wr_clk (net)
                      0.091549    0.001748    0.125408 ^ clkbuf_4_8_0_wr_clk/A (sky130_fd_sc_hd__clkbuf_8)
     2    0.019931    0.038133    0.104569    0.229977 ^ clkbuf_4_8_0_wr_clk/X (sky130_fd_sc_hd__clkbuf_8)
                                                         clknet_4_8_0_wr_clk (net)
                      0.038134    0.000265    0.230242 ^ clkbuf_5_16__f_wr_clk/A (sky130_fd_sc_hd__clkbuf_16)
     5    0.013584    0.026928    0.082166    0.312408 ^ clkbuf_5_16__f_wr_clk/X (sky130_fd_sc_hd__clkbuf_16)
                                                         clknet_5_16__leaf_wr_clk (net)
                      0.026928    0.000220    0.312628 ^ _1162_/CLK (sky130_fd_sc_hd__dfxtp_2)
                                  0.100000    0.412628   clock uncertainty
                                  0.000000    0.412628   clock reconvergence pessimism
                                 -0.016402    0.396226   library hold time
                                              0.396226   data required time
---------------------------------------------------------------------------------------------
                                              0.396226   data required time
                                             -0.640298   data arrival time
---------------------------------------------------------------------------------------------
                                              0.244073   slack (MET)


Startpoint: _1112_ (rising edge-triggered flip-flop clocked by wr_clk)
Endpoint: _1112_ (rising edge-triggered flip-flop clocked by wr_clk)
Path Group: wr_clk
Path Type: min

Fanout         Cap        Slew       Delay        Time   Description
---------------------------------------------------------------------------------------------
                                  0.000000    0.000000   clock wr_clk (rise edge)
                                  0.000000    0.000000   clock source latency
     1    0.024443    0.000000    0.000000    0.000000 ^ wr_clk (in)
                                                         wr_clk (net)
                      0.001082    0.000541    0.000541 ^ clkbuf_0_wr_clk/A (sky130_fd_sc_hd__clkbuf_16)
    16    0.103832    0.091499    0.123118    0.123659 ^ clkbuf_0_wr_clk/X (sky130_fd_sc_hd__clkbuf_16)
                                                         clknet_0_wr_clk (net)
                      0.091714    0.003557    0.127216 ^ clkbuf_4_7_0_wr_clk/A (sky130_fd_sc_hd__clkbuf_8)
     2    0.018693    0.036744    0.103405    0.230621 ^ clkbuf_4_7_0_wr_clk/X (sky130_fd_sc_hd__clkbuf_8)
                                                         clknet_4_7_0_wr_clk (net)
                      0.036744    0.000035    0.230656 ^ clkbuf_5_14__f_wr_clk/A (sky130_fd_sc_hd__clkbuf_16)
     5    0.014062    0.027238    0.082126    0.312782 ^ clkbuf_5_14__f_wr_clk/X (sky130_fd_sc_hd__clkbuf_16)
                                                         clknet_5_14__leaf_wr_clk (net)
                      0.027238    0.000084    0.312867 ^ _1112_/CLK (sky130_fd_sc_hd__dfxtp_2)
     2    0.005108    0.028825    0.192804    0.505671 ^ _1112_/Q (sky130_fd_sc_hd__dfxtp_2)
                                                         u_fifomem.mem[15][2] (net)
                      0.028825    0.000048    0.505719 ^ _0895_/A1 (sky130_fd_sc_hd__mux2_2)
     1    0.003161    0.025524    0.084843    0.590561 ^ _0895_/X (sky130_fd_sc_hd__mux2_2)
                                                         _0427_ (net)
                      0.025524    0.000036    0.590597 ^ _0896_/A (sky130_fd_sc_hd__buf_1)
     1    0.002519    0.029852    0.049010    0.639607 ^ _0896_/X (sky130_fd_sc_hd__buf_1)
                                                         _0052_ (net)
                      0.029852    0.000026    0.639633 ^ _1112_/D (sky130_fd_sc_hd__dfxtp_2)
                                              0.639633   data arrival time

                                  0.000000    0.000000   clock wr_clk (rise edge)
                                  0.000000    0.000000   clock source latency
     1    0.024443    0.000000    0.000000    0.000000 ^ wr_clk (in)
                                                         wr_clk (net)
                      0.001082    0.000541    0.000541 ^ clkbuf_0_wr_clk/A (sky130_fd_sc_hd__clkbuf_16)
    16    0.103832    0.091499    0.123118    0.123659 ^ clkbuf_0_wr_clk/X (sky130_fd_sc_hd__clkbuf_16)
                                                         clknet_0_wr_clk (net)
                      0.091714    0.003557    0.127216 ^ clkbuf_4_7_0_wr_clk/A (sky130_fd_sc_hd__clkbuf_8)
     2    0.018693    0.036744    0.103405    0.230621 ^ clkbuf_4_7_0_wr_clk/X (sky130_fd_sc_hd__clkbuf_8)
                                                         clknet_4_7_0_wr_clk (net)
                      0.036744    0.000035    0.230656 ^ clkbuf_5_14__f_wr_clk/A (sky130_fd_sc_hd__clkbuf_16)
     5    0.014062    0.027238    0.082126    0.312782 ^ clkbuf_5_14__f_wr_clk/X (sky130_fd_sc_hd__clkbuf_16)
                                                         clknet_5_14__leaf_wr_clk (net)
                      0.027238    0.000084    0.312867 ^ _1112_/CLK (sky130_fd_sc_hd__dfxtp_2)
                                  0.100000    0.412867   clock uncertainty
                                  0.000000    0.412867   clock reconvergence pessimism
                                 -0.017309    0.395558   library hold time
                                              0.395558   data required time
---------------------------------------------------------------------------------------------
                                              0.395558   data required time
                                             -0.639633   data arrival time
---------------------------------------------------------------------------------------------
                                              0.244075   slack (MET)


Startpoint: _1111_ (rising edge-triggered flip-flop clocked by wr_clk)
Endpoint: _1111_ (rising edge-triggered flip-flop clocked by wr_clk)
Path Group: wr_clk
Path Type: min

Fanout         Cap        Slew       Delay        Time   Description
---------------------------------------------------------------------------------------------
                                  0.000000    0.000000   clock wr_clk (rise edge)
                                  0.000000    0.000000   clock source latency
     1    0.024443    0.000000    0.000000    0.000000 ^ wr_clk (in)
                                                         wr_clk (net)
                      0.001082    0.000541    0.000541 ^ clkbuf_0_wr_clk/A (sky130_fd_sc_hd__clkbuf_16)
    16    0.103832    0.091499    0.123118    0.123659 ^ clkbuf_0_wr_clk/X (sky130_fd_sc_hd__clkbuf_16)
                                                         clknet_0_wr_clk (net)
                      0.091714    0.003557    0.127216 ^ clkbuf_4_7_0_wr_clk/A (sky130_fd_sc_hd__clkbuf_8)
     2    0.018693    0.036744    0.103405    0.230621 ^ clkbuf_4_7_0_wr_clk/X (sky130_fd_sc_hd__clkbuf_8)
                                                         clknet_4_7_0_wr_clk (net)
                      0.036744    0.000035    0.230656 ^ clkbuf_5_14__f_wr_clk/A (sky130_fd_sc_hd__clkbuf_16)
     5    0.014062    0.027238    0.082126    0.312782 ^ clkbuf_5_14__f_wr_clk/X (sky130_fd_sc_hd__clkbuf_16)
                                                         clknet_5_14__leaf_wr_clk (net)
                      0.027238    0.000073    0.312855 ^ _1111_/CLK (sky130_fd_sc_hd__dfxtp_2)
     2    0.005288    0.029408    0.193285    0.506140 ^ _1111_/Q (sky130_fd_sc_hd__dfxtp_2)
                                                         u_fifomem.mem[15][1] (net)
                      0.029408    0.000055    0.506195 ^ _0893_/A1 (sky130_fd_sc_hd__mux2_2)
     1    0.003800    0.027675    0.087363    0.593558 ^ _0893_/X (sky130_fd_sc_hd__mux2_2)
                                                         _0426_ (net)
                      0.027675    0.000054    0.593612 ^ _0894_/A (sky130_fd_sc_hd__buf_1)
     1    0.002002    0.025734    0.046341    0.639953 ^ _0894_/X (sky130_fd_sc_hd__buf_1)
                                                         _0051_ (net)
                      0.025734    0.000009    0.639962 ^ _1111_/D (sky130_fd_sc_hd__dfxtp_2)
                                              0.639962   data arrival time

                                  0.000000    0.000000   clock wr_clk (rise edge)
                                  0.000000    0.000000   clock source latency
     1    0.024443    0.000000    0.000000    0.000000 ^ wr_clk (in)
                                                         wr_clk (net)
                      0.001082    0.000541    0.000541 ^ clkbuf_0_wr_clk/A (sky130_fd_sc_hd__clkbuf_16)
    16    0.103832    0.091499    0.123118    0.123659 ^ clkbuf_0_wr_clk/X (sky130_fd_sc_hd__clkbuf_16)
                                                         clknet_0_wr_clk (net)
                      0.091714    0.003557    0.127216 ^ clkbuf_4_7_0_wr_clk/A (sky130_fd_sc_hd__clkbuf_8)
     2    0.018693    0.036744    0.103405    0.230621 ^ clkbuf_4_7_0_wr_clk/X (sky130_fd_sc_hd__clkbuf_8)
                                                         clknet_4_7_0_wr_clk (net)
                      0.036744    0.000035    0.230656 ^ clkbuf_5_14__f_wr_clk/A (sky130_fd_sc_hd__clkbuf_16)
     5    0.014062    0.027238    0.082126    0.312782 ^ clkbuf_5_14__f_wr_clk/X (sky130_fd_sc_hd__clkbuf_16)
                                                         clknet_5_14__leaf_wr_clk (net)
                      0.027238    0.000073    0.312855 ^ _1111_/CLK (sky130_fd_sc_hd__dfxtp_2)
                                  0.100000    0.412855   clock uncertainty
                                  0.000000    0.412855   clock reconvergence pessimism
                                 -0.017017    0.395838   library hold time
                                              0.395838   data required time
---------------------------------------------------------------------------------------------
                                              0.395838   data required time
                                             -0.639962   data arrival time
---------------------------------------------------------------------------------------------
                                              0.244124   slack (MET)


Startpoint: _1149_ (rising edge-triggered flip-flop clocked by wr_clk)
Endpoint: _1149_ (rising edge-triggered flip-flop clocked by wr_clk)
Path Group: wr_clk
Path Type: min

Fanout         Cap        Slew       Delay        Time   Description
---------------------------------------------------------------------------------------------
                                  0.000000    0.000000   clock wr_clk (rise edge)
                                  0.000000    0.000000   clock source latency
     1    0.024443    0.000000    0.000000    0.000000 ^ wr_clk (in)
                                                         wr_clk (net)
                      0.001082    0.000541    0.000541 ^ clkbuf_0_wr_clk/A (sky130_fd_sc_hd__clkbuf_16)
    16    0.103832    0.091499    0.123118    0.123659 ^ clkbuf_0_wr_clk/X (sky130_fd_sc_hd__clkbuf_16)
                                                         clknet_0_wr_clk (net)
                      0.091548    0.001728    0.125387 ^ clkbuf_4_9_0_wr_clk/A (sky130_fd_sc_hd__clkbuf_8)
     2    0.018917    0.036984    0.103502    0.228889 ^ clkbuf_4_9_0_wr_clk/X (sky130_fd_sc_hd__clkbuf_8)
                                                         clknet_4_9_0_wr_clk (net)
                      0.036986    0.000289    0.229178 ^ clkbuf_5_18__f_wr_clk/A (sky130_fd_sc_hd__clkbuf_16)
     5    0.014770    0.027708    0.082666    0.311845 ^ clkbuf_5_18__f_wr_clk/X (sky130_fd_sc_hd__clkbuf_16)
                                                         clknet_5_18__leaf_wr_clk (net)
                      0.027708    0.000090    0.311935 ^ _1149_/CLK (sky130_fd_sc_hd__dfxtp_2)
     2    0.004862    0.028032    0.192287    0.504221 ^ _1149_/Q (sky130_fd_sc_hd__dfxtp_2)
                                                         u_fifomem.mem[4][7] (net)
                      0.028032    0.000041    0.504263 ^ _0974_/A0 (sky130_fd_sc_hd__mux2_2)
     1    0.003716    0.027686    0.086902    0.591165 ^ _0974_/X (sky130_fd_sc_hd__mux2_2)
                                                         _0469_ (net)
                      0.027686    0.000047    0.591211 ^ _0975_/A (sky130_fd_sc_hd__buf_1)
     1    0.002230    0.027547    0.047710    0.638921 ^ _0975_/X (sky130_fd_sc_hd__buf_1)
                                                         _0089_ (net)
                      0.027547    0.000013    0.638935 ^ _1149_/D (sky130_fd_sc_hd__dfxtp_2)
                                              0.638935   data arrival time

                                  0.000000    0.000000   clock wr_clk (rise edge)
                                  0.000000    0.000000   clock source latency
     1    0.024443    0.000000    0.000000    0.000000 ^ wr_clk (in)
                                                         wr_clk (net)
                      0.001082    0.000541    0.000541 ^ clkbuf_0_wr_clk/A (sky130_fd_sc_hd__clkbuf_16)
    16    0.103832    0.091499    0.123118    0.123659 ^ clkbuf_0_wr_clk/X (sky130_fd_sc_hd__clkbuf_16)
                                                         clknet_0_wr_clk (net)
                      0.091548    0.001728    0.125387 ^ clkbuf_4_9_0_wr_clk/A (sky130_fd_sc_hd__clkbuf_8)
     2    0.018917    0.036984    0.103502    0.228889 ^ clkbuf_4_9_0_wr_clk/X (sky130_fd_sc_hd__clkbuf_8)
                                                         clknet_4_9_0_wr_clk (net)
                      0.036986    0.000289    0.229178 ^ clkbuf_5_18__f_wr_clk/A (sky130_fd_sc_hd__clkbuf_16)
     5    0.014770    0.027708    0.082666    0.311845 ^ clkbuf_5_18__f_wr_clk/X (sky130_fd_sc_hd__clkbuf_16)
                                                         clknet_5_18__leaf_wr_clk (net)
                      0.027708    0.000090    0.311935 ^ _1149_/CLK (sky130_fd_sc_hd__dfxtp_2)
                                  0.100000    0.411935   clock uncertainty
                                  0.000000    0.411935   clock reconvergence pessimism
                                 -0.017134    0.394800   library hold time
                                              0.394800   data required time
---------------------------------------------------------------------------------------------
                                              0.394800   data required time
                                             -0.638935   data arrival time
---------------------------------------------------------------------------------------------
                                              0.244134   slack (MET)


Startpoint: _1066_ (rising edge-triggered flip-flop clocked by wr_clk)
Endpoint: _1066_ (rising edge-triggered flip-flop clocked by wr_clk)
Path Group: wr_clk
Path Type: min

Fanout         Cap        Slew       Delay        Time   Description
---------------------------------------------------------------------------------------------
                                  0.000000    0.000000   clock wr_clk (rise edge)
                                  0.000000    0.000000   clock source latency
     1    0.024443    0.000000    0.000000    0.000000 ^ wr_clk (in)
                                                         wr_clk (net)
                      0.001082    0.000541    0.000541 ^ clkbuf_0_wr_clk/A (sky130_fd_sc_hd__clkbuf_16)
    16    0.103832    0.091499    0.123118    0.123659 ^ clkbuf_0_wr_clk/X (sky130_fd_sc_hd__clkbuf_16)
                                                         clknet_0_wr_clk (net)
                      0.091637    0.002866    0.126525 ^ clkbuf_4_0_0_wr_clk/A (sky130_fd_sc_hd__clkbuf_8)
     2    0.018326    0.036320    0.102907    0.229433 ^ clkbuf_4_0_0_wr_clk/X (sky130_fd_sc_hd__clkbuf_8)
                                                         clknet_4_0_0_wr_clk (net)
                      0.036323    0.000333    0.229765 ^ clkbuf_5_1__f_wr_clk/A (sky130_fd_sc_hd__clkbuf_16)
     5    0.015535    0.028212    0.082933    0.312698 ^ clkbuf_5_1__f_wr_clk/X (sky130_fd_sc_hd__clkbuf_16)
                                                         clknet_5_1__leaf_wr_clk (net)
                      0.028216    0.000356    0.313054 ^ _1066_/CLK (sky130_fd_sc_hd__dfxtp_2)
     2    0.005506    0.030121    0.194162    0.507215 ^ _1066_/Q (sky130_fd_sc_hd__dfxtp_2)
                                                         u_fifomem.mem[0][4] (net)
                      0.030121    0.000054    0.507269 ^ _0794_/A0 (sky130_fd_sc_hd__mux2_2)
     1    0.002813    0.024737    0.084147    0.591416 ^ _0794_/X (sky130_fd_sc_hd__mux2_2)
                                                         _0372_ (net)
                      0.024737    0.000016    0.591432 ^ _0795_/A (sky130_fd_sc_hd__buf_1)
     1    0.002461    0.029367    0.048505    0.639938 ^ _0795_/X (sky130_fd_sc_hd__buf_1)
                                                         _0006_ (net)
                      0.029367    0.000026    0.639964 ^ _1066_/D (sky130_fd_sc_hd__dfxtp_2)
                                              0.639964   data arrival time

                                  0.000000    0.000000   clock wr_clk (rise edge)
                                  0.000000    0.000000   clock source latency
     1    0.024443    0.000000    0.000000    0.000000 ^ wr_clk (in)
                                                         wr_clk (net)
                      0.001082    0.000541    0.000541 ^ clkbuf_0_wr_clk/A (sky130_fd_sc_hd__clkbuf_16)
    16    0.103832    0.091499    0.123118    0.123659 ^ clkbuf_0_wr_clk/X (sky130_fd_sc_hd__clkbuf_16)
                                                         clknet_0_wr_clk (net)
                      0.091637    0.002866    0.126525 ^ clkbuf_4_0_0_wr_clk/A (sky130_fd_sc_hd__clkbuf_8)
     2    0.018326    0.036320    0.102907    0.229433 ^ clkbuf_4_0_0_wr_clk/X (sky130_fd_sc_hd__clkbuf_8)
                                                         clknet_4_0_0_wr_clk (net)
                      0.036323    0.000333    0.229765 ^ clkbuf_5_1__f_wr_clk/A (sky130_fd_sc_hd__clkbuf_16)
     5    0.015535    0.028212    0.082933    0.312698 ^ clkbuf_5_1__f_wr_clk/X (sky130_fd_sc_hd__clkbuf_16)
                                                         clknet_5_1__leaf_wr_clk (net)
                      0.028216    0.000356    0.313054 ^ _1066_/CLK (sky130_fd_sc_hd__dfxtp_2)
                                  0.100000    0.413054   clock uncertainty
                                  0.000000    0.413054   clock reconvergence pessimism
                                 -0.017251    0.395803   library hold time
                                              0.395803   data required time
---------------------------------------------------------------------------------------------
                                              0.395803   data required time
                                             -0.639964   data arrival time
---------------------------------------------------------------------------------------------
                                              0.244161   slack (MET)


Startpoint: _1143_ (rising edge-triggered flip-flop clocked by wr_clk)
Endpoint: _1143_ (rising edge-triggered flip-flop clocked by wr_clk)
Path Group: wr_clk
Path Type: min

Fanout         Cap        Slew       Delay        Time   Description
---------------------------------------------------------------------------------------------
                                  0.000000    0.000000   clock wr_clk (rise edge)
                                  0.000000    0.000000   clock source latency
     1    0.024443    0.000000    0.000000    0.000000 ^ wr_clk (in)
                                                         wr_clk (net)
                      0.001082    0.000541    0.000541 ^ clkbuf_0_wr_clk/A (sky130_fd_sc_hd__clkbuf_16)
    16    0.103832    0.091499    0.123118    0.123659 ^ clkbuf_0_wr_clk/X (sky130_fd_sc_hd__clkbuf_16)
                                                         clknet_0_wr_clk (net)
                      0.091499    0.000074    0.123733 ^ clkbuf_4_12_0_wr_clk/A (sky130_fd_sc_hd__clkbuf_8)
     2    0.019505    0.037648    0.104117    0.227850 ^ clkbuf_4_12_0_wr_clk/X (sky130_fd_sc_hd__clkbuf_8)
                                                         clknet_4_12_0_wr_clk (net)
                      0.037649    0.000277    0.228127 ^ clkbuf_5_24__f_wr_clk/A (sky130_fd_sc_hd__clkbuf_16)
     5    0.014060    0.027241    0.082374    0.310501 ^ clkbuf_5_24__f_wr_clk/X (sky130_fd_sc_hd__clkbuf_16)
                                                         clknet_5_24__leaf_wr_clk (net)
                      0.027241    0.000065    0.310566 ^ _1143_/CLK (sky130_fd_sc_hd__dfxtp_2)
     2    0.005219    0.029185    0.193105    0.503671 ^ _1143_/Q (sky130_fd_sc_hd__dfxtp_2)
                                                         u_fifomem.mem[4][1] (net)
                      0.029185    0.000048    0.503719 ^ _0962_/A0 (sky130_fd_sc_hd__mux2_2)
     1    0.002623    0.024131    0.083181    0.586900 ^ _0962_/X (sky130_fd_sc_hd__mux2_2)
                                                         _0463_ (net)
                      0.024131    0.000023    0.586923 ^ _0963_/A (sky130_fd_sc_hd__buf_1)
     1    0.002807    0.032189    0.050465    0.637388 ^ _0963_/X (sky130_fd_sc_hd__buf_1)
                                                         _0083_ (net)
                      0.032189    0.000032    0.637420 ^ _1143_/D (sky130_fd_sc_hd__dfxtp_2)
                                              0.637420   data arrival time

                                  0.000000    0.000000   clock wr_clk (rise edge)
                                  0.000000    0.000000   clock source latency
     1    0.024443    0.000000    0.000000    0.000000 ^ wr_clk (in)
                                                         wr_clk (net)
                      0.001082    0.000541    0.000541 ^ clkbuf_0_wr_clk/A (sky130_fd_sc_hd__clkbuf_16)
    16    0.103832    0.091499    0.123118    0.123659 ^ clkbuf_0_wr_clk/X (sky130_fd_sc_hd__clkbuf_16)
                                                         clknet_0_wr_clk (net)
                      0.091499    0.000074    0.123733 ^ clkbuf_4_12_0_wr_clk/A (sky130_fd_sc_hd__clkbuf_8)
     2    0.019505    0.037648    0.104117    0.227850 ^ clkbuf_4_12_0_wr_clk/X (sky130_fd_sc_hd__clkbuf_8)
                                                         clknet_4_12_0_wr_clk (net)
                      0.037649    0.000277    0.228127 ^ clkbuf_5_24__f_wr_clk/A (sky130_fd_sc_hd__clkbuf_16)
     5    0.014060    0.027241    0.082374    0.310501 ^ clkbuf_5_24__f_wr_clk/X (sky130_fd_sc_hd__clkbuf_16)
                                                         clknet_5_24__leaf_wr_clk (net)
                      0.027241    0.000065    0.310566 ^ _1143_/CLK (sky130_fd_sc_hd__dfxtp_2)
                                  0.100000    0.410566   clock uncertainty
                                  0.000000    0.410566   clock reconvergence pessimism
                                 -0.017474    0.393092   library hold time
                                              0.393092   data required time
---------------------------------------------------------------------------------------------
                                              0.393092   data required time
                                             -0.637420   data arrival time
---------------------------------------------------------------------------------------------
                                              0.244328   slack (MET)


Startpoint: _1160_ (rising edge-triggered flip-flop clocked by wr_clk)
Endpoint: _1160_ (rising edge-triggered flip-flop clocked by wr_clk)
Path Group: wr_clk
Path Type: min

Fanout         Cap        Slew       Delay        Time   Description
---------------------------------------------------------------------------------------------
                                  0.000000    0.000000   clock wr_clk (rise edge)
                                  0.000000    0.000000   clock source latency
     1    0.024443    0.000000    0.000000    0.000000 ^ wr_clk (in)
                                                         wr_clk (net)
                      0.001082    0.000541    0.000541 ^ clkbuf_0_wr_clk/A (sky130_fd_sc_hd__clkbuf_16)
    16    0.103832    0.091499    0.123118    0.123659 ^ clkbuf_0_wr_clk/X (sky130_fd_sc_hd__clkbuf_16)
                                                         clknet_0_wr_clk (net)
                      0.091636    0.002858    0.126518 ^ clkbuf_4_1_0_wr_clk/A (sky130_fd_sc_hd__clkbuf_8)
     2    0.017991    0.035941    0.102621    0.229138 ^ clkbuf_4_1_0_wr_clk/X (sky130_fd_sc_hd__clkbuf_8)
                                                         clknet_4_1_0_wr_clk (net)
                      0.035941    0.000192    0.229331 ^ clkbuf_5_2__f_wr_clk/A (sky130_fd_sc_hd__clkbuf_16)
     5    0.016051    0.028551    0.083193    0.312523 ^ clkbuf_5_2__f_wr_clk/X (sky130_fd_sc_hd__clkbuf_16)
                                                         clknet_5_2__leaf_wr_clk (net)
                      0.028556    0.000402    0.312926 ^ _1160_/CLK (sky130_fd_sc_hd__dfxtp_2)
     2    0.005074    0.028716    0.193112    0.506038 ^ _1160_/Q (sky130_fd_sc_hd__dfxtp_2)
                                                         u_fifomem.mem[6][2] (net)
                      0.028716    0.000036    0.506073 ^ _0998_/A0 (sky130_fd_sc_hd__mux2_2)
     1    0.002144    0.022604    0.081283    0.587357 ^ _0998_/X (sky130_fd_sc_hd__mux2_2)
                                                         _0482_ (net)
                      0.022604    0.000010    0.587366 ^ _0999_/A (sky130_fd_sc_hd__buf_2)
     1    0.002042    0.016817    0.053582    0.640948 ^ _0999_/X (sky130_fd_sc_hd__buf_2)
                                                         _0100_ (net)
                      0.016817    0.000018    0.640966 ^ _1160_/D (sky130_fd_sc_hd__dfxtp_2)
                                              0.640966   data arrival time

                                  0.000000    0.000000   clock wr_clk (rise edge)
                                  0.000000    0.000000   clock source latency
     1    0.024443    0.000000    0.000000    0.000000 ^ wr_clk (in)
                                                         wr_clk (net)
                      0.001082    0.000541    0.000541 ^ clkbuf_0_wr_clk/A (sky130_fd_sc_hd__clkbuf_16)
    16    0.103832    0.091499    0.123118    0.123659 ^ clkbuf_0_wr_clk/X (sky130_fd_sc_hd__clkbuf_16)
                                                         clknet_0_wr_clk (net)
                      0.091636    0.002858    0.126518 ^ clkbuf_4_1_0_wr_clk/A (sky130_fd_sc_hd__clkbuf_8)
     2    0.017991    0.035941    0.102621    0.229138 ^ clkbuf_4_1_0_wr_clk/X (sky130_fd_sc_hd__clkbuf_8)
                                                         clknet_4_1_0_wr_clk (net)
                      0.035941    0.000192    0.229331 ^ clkbuf_5_2__f_wr_clk/A (sky130_fd_sc_hd__clkbuf_16)
     5    0.016051    0.028551    0.083193    0.312523 ^ clkbuf_5_2__f_wr_clk/X (sky130_fd_sc_hd__clkbuf_16)
                                                         clknet_5_2__leaf_wr_clk (net)
                      0.028556    0.000402    0.312926 ^ _1160_/CLK (sky130_fd_sc_hd__dfxtp_2)
                                  0.100000    0.412926   clock uncertainty
                                  0.000000    0.412926   clock reconvergence pessimism
                                 -0.016354    0.396572   library hold time
                                              0.396572   data required time
---------------------------------------------------------------------------------------------
                                              0.396572   data required time
                                             -0.640966   data arrival time
---------------------------------------------------------------------------------------------
                                              0.244395   slack (MET)


Startpoint: _1135_ (rising edge-triggered flip-flop clocked by wr_clk)
Endpoint: _1135_ (rising edge-triggered flip-flop clocked by wr_clk)
Path Group: wr_clk
Path Type: min

Fanout         Cap        Slew       Delay        Time   Description
---------------------------------------------------------------------------------------------
                                  0.000000    0.000000   clock wr_clk (rise edge)
                                  0.000000    0.000000   clock source latency
     1    0.024443    0.000000    0.000000    0.000000 ^ wr_clk (in)
                                                         wr_clk (net)
                      0.001082    0.000541    0.000541 ^ clkbuf_0_wr_clk/A (sky130_fd_sc_hd__clkbuf_16)
    16    0.103832    0.091499    0.123118    0.123659 ^ clkbuf_0_wr_clk/X (sky130_fd_sc_hd__clkbuf_16)
                                                         clknet_0_wr_clk (net)
                      0.091548    0.001728    0.125387 ^ clkbuf_4_9_0_wr_clk/A (sky130_fd_sc_hd__clkbuf_8)
     2    0.018917    0.036984    0.103502    0.228889 ^ clkbuf_4_9_0_wr_clk/X (sky130_fd_sc_hd__clkbuf_8)
                                                         clknet_4_9_0_wr_clk (net)
                      0.036986    0.000289    0.229178 ^ clkbuf_5_18__f_wr_clk/A (sky130_fd_sc_hd__clkbuf_16)
     5    0.014770    0.027708    0.082666    0.311845 ^ clkbuf_5_18__f_wr_clk/X (sky130_fd_sc_hd__clkbuf_16)
                                                         clknet_5_18__leaf_wr_clk (net)
                      0.027708    0.000034    0.311878 ^ _1135_/CLK (sky130_fd_sc_hd__dfxtp_2)
     2    0.004781    0.027775    0.192075    0.503953 ^ _1135_/Q (sky130_fd_sc_hd__dfxtp_2)
                                                         u_fifomem.mem[3][1] (net)
                      0.027775    0.000048    0.504001 ^ _0944_/A0 (sky130_fd_sc_hd__mux2_2)
     1    0.002423    0.023498    0.082054    0.586055 ^ _0944_/X (sky130_fd_sc_hd__mux2_2)
                                                         _0453_ (net)
                      0.023498    0.000024    0.586080 ^ _0945_/A (sky130_fd_sc_hd__buf_2)
     1    0.002051    0.016845    0.053870    0.639949 ^ _0945_/X (sky130_fd_sc_hd__buf_2)
                                                         _0075_ (net)
                      0.016845    0.000018    0.639967 ^ _1135_/D (sky130_fd_sc_hd__dfxtp_2)
                                              0.639967   data arrival time

                                  0.000000    0.000000   clock wr_clk (rise edge)
                                  0.000000    0.000000   clock source latency
     1    0.024443    0.000000    0.000000    0.000000 ^ wr_clk (in)
                                                         wr_clk (net)
                      0.001082    0.000541    0.000541 ^ clkbuf_0_wr_clk/A (sky130_fd_sc_hd__clkbuf_16)
    16    0.103832    0.091499    0.123118    0.123659 ^ clkbuf_0_wr_clk/X (sky130_fd_sc_hd__clkbuf_16)
                                                         clknet_0_wr_clk (net)
                      0.091548    0.001728    0.125387 ^ clkbuf_4_9_0_wr_clk/A (sky130_fd_sc_hd__clkbuf_8)
     2    0.018917    0.036984    0.103502    0.228889 ^ clkbuf_4_9_0_wr_clk/X (sky130_fd_sc_hd__clkbuf_8)
                                                         clknet_4_9_0_wr_clk (net)
                      0.036986    0.000289    0.229178 ^ clkbuf_5_18__f_wr_clk/A (sky130_fd_sc_hd__clkbuf_16)
     5    0.014770    0.027708    0.082666    0.311845 ^ clkbuf_5_18__f_wr_clk/X (sky130_fd_sc_hd__clkbuf_16)
                                                         clknet_5_18__leaf_wr_clk (net)
                      0.027708    0.000034    0.311878 ^ _1135_/CLK (sky130_fd_sc_hd__dfxtp_2)
                                  0.100000    0.411878   clock uncertainty
                                  0.000000    0.411878   clock reconvergence pessimism
                                 -0.016376    0.395502   library hold time
                                              0.395502   data required time
---------------------------------------------------------------------------------------------
                                              0.395502   data required time
                                             -0.639967   data arrival time
---------------------------------------------------------------------------------------------
                                              0.244465   slack (MET)


Startpoint: _1091_ (rising edge-triggered flip-flop clocked by wr_clk)
Endpoint: _1091_ (rising edge-triggered flip-flop clocked by wr_clk)
Path Group: wr_clk
Path Type: min

Fanout         Cap        Slew       Delay        Time   Description
---------------------------------------------------------------------------------------------
                                  0.000000    0.000000   clock wr_clk (rise edge)
                                  0.000000    0.000000   clock source latency
     1    0.024443    0.000000    0.000000    0.000000 ^ wr_clk (in)
                                                         wr_clk (net)
                      0.001082    0.000541    0.000541 ^ clkbuf_0_wr_clk/A (sky130_fd_sc_hd__clkbuf_16)
    16    0.103832    0.091499    0.123118    0.123659 ^ clkbuf_0_wr_clk/X (sky130_fd_sc_hd__clkbuf_16)
                                                         clknet_0_wr_clk (net)
                      0.091711    0.003536    0.127195 ^ clkbuf_4_6_0_wr_clk/A (sky130_fd_sc_hd__clkbuf_8)
     2    0.018397    0.036396    0.103066    0.230261 ^ clkbuf_4_6_0_wr_clk/X (sky130_fd_sc_hd__clkbuf_8)
                                                         clknet_4_6_0_wr_clk (net)
                      0.036396    0.000158    0.230419 ^ clkbuf_5_12__f_wr_clk/A (sky130_fd_sc_hd__clkbuf_16)
     5    0.014921    0.027806    0.082610    0.313029 ^ clkbuf_5_12__f_wr_clk/X (sky130_fd_sc_hd__clkbuf_16)
                                                         clknet_5_12__leaf_wr_clk (net)
                      0.027806    0.000083    0.313113 ^ _1091_/CLK (sky130_fd_sc_hd__dfxtp_2)
     2    0.005645    0.030576    0.194409    0.507522 ^ _1091_/Q (sky130_fd_sc_hd__dfxtp_2)
                                                         u_fifomem.mem[12][5] (net)
                      0.030576    0.000052    0.507574 ^ _0848_/A0 (sky130_fd_sc_hd__mux2_2)
     1    0.002445    0.023562    0.082912    0.590486 ^ _0848_/X (sky130_fd_sc_hd__mux2_2)
                                                         _0401_ (net)
                      0.023562    0.000010    0.590496 ^ _0849_/A (sky130_fd_sc_hd__buf_1)
     1    0.002700    0.031304    0.049706    0.640202 ^ _0849_/X (sky130_fd_sc_hd__buf_1)
                                                         _0031_ (net)
                      0.031304    0.000030    0.640231 ^ _1091_/D (sky130_fd_sc_hd__dfxtp_2)
                                              0.640231   data arrival time

                                  0.000000    0.000000   clock wr_clk (rise edge)
                                  0.000000    0.000000   clock source latency
     1    0.024443    0.000000    0.000000    0.000000 ^ wr_clk (in)
                                                         wr_clk (net)
                      0.001082    0.000541    0.000541 ^ clkbuf_0_wr_clk/A (sky130_fd_sc_hd__clkbuf_16)
    16    0.103832    0.091499    0.123118    0.123659 ^ clkbuf_0_wr_clk/X (sky130_fd_sc_hd__clkbuf_16)
                                                         clknet_0_wr_clk (net)
                      0.091711    0.003536    0.127195 ^ clkbuf_4_6_0_wr_clk/A (sky130_fd_sc_hd__clkbuf_8)
     2    0.018397    0.036396    0.103066    0.230261 ^ clkbuf_4_6_0_wr_clk/X (sky130_fd_sc_hd__clkbuf_8)
                                                         clknet_4_6_0_wr_clk (net)
                      0.036396    0.000158    0.230419 ^ clkbuf_5_12__f_wr_clk/A (sky130_fd_sc_hd__clkbuf_16)
     5    0.014921    0.027806    0.082610    0.313029 ^ clkbuf_5_12__f_wr_clk/X (sky130_fd_sc_hd__clkbuf_16)
                                                         clknet_5_12__leaf_wr_clk (net)
                      0.027806    0.000083    0.313113 ^ _1091_/CLK (sky130_fd_sc_hd__dfxtp_2)
                                  0.100000    0.413113   clock uncertainty
                                  0.000000    0.413113   clock reconvergence pessimism
                                 -0.017398    0.395715   library hold time
                                              0.395715   data required time
---------------------------------------------------------------------------------------------
                                              0.395715   data required time
                                             -0.640231   data arrival time
---------------------------------------------------------------------------------------------
                                              0.244516   slack (MET)


Startpoint: _1093_ (rising edge-triggered flip-flop clocked by wr_clk)
Endpoint: _1093_ (rising edge-triggered flip-flop clocked by wr_clk)
Path Group: wr_clk
Path Type: min

Fanout         Cap        Slew       Delay        Time   Description
---------------------------------------------------------------------------------------------
                                  0.000000    0.000000   clock wr_clk (rise edge)
                                  0.000000    0.000000   clock source latency
     1    0.024443    0.000000    0.000000    0.000000 ^ wr_clk (in)
                                                         wr_clk (net)
                      0.001082    0.000541    0.000541 ^ clkbuf_0_wr_clk/A (sky130_fd_sc_hd__clkbuf_16)
    16    0.103832    0.091499    0.123118    0.123659 ^ clkbuf_0_wr_clk/X (sky130_fd_sc_hd__clkbuf_16)
                                                         clknet_0_wr_clk (net)
                      0.091563    0.001971    0.125630 ^ clkbuf_4_3_0_wr_clk/A (sky130_fd_sc_hd__clkbuf_8)
     2    0.019504    0.037648    0.104135    0.229765 ^ clkbuf_4_3_0_wr_clk/X (sky130_fd_sc_hd__clkbuf_8)
                                                         clknet_4_3_0_wr_clk (net)
                      0.037651    0.000361    0.230126 ^ clkbuf_5_6__f_wr_clk/A (sky130_fd_sc_hd__clkbuf_16)
     5    0.014250    0.027366    0.082517    0.312643 ^ clkbuf_5_6__f_wr_clk/X (sky130_fd_sc_hd__clkbuf_16)
                                                         clknet_5_6__leaf_wr_clk (net)
                      0.027366    0.000050    0.312693 ^ _1093_/CLK (sky130_fd_sc_hd__dfxtp_2)
     2    0.005056    0.028659    0.192706    0.505399 ^ _1093_/Q (sky130_fd_sc_hd__dfxtp_2)
                                                         u_fifomem.mem[12][7] (net)
                      0.028659    0.000046    0.505445 ^ _0852_/A0 (sky130_fd_sc_hd__mux2_2)
     1    0.003836    0.028107    0.087515    0.592960 ^ _0852_/X (sky130_fd_sc_hd__mux2_2)
                                                         _0403_ (net)
                      0.028107    0.000056    0.593017 ^ _0853_/A (sky130_fd_sc_hd__buf_1)
     1    0.002132    0.026767    0.047202    0.640219 ^ _0853_/X (sky130_fd_sc_hd__buf_1)
                                                         _0033_ (net)
                      0.026767    0.000019    0.640238 ^ _1093_/D (sky130_fd_sc_hd__dfxtp_2)
                                              0.640238   data arrival time

                                  0.000000    0.000000   clock wr_clk (rise edge)
                                  0.000000    0.000000   clock source latency
     1    0.024443    0.000000    0.000000    0.000000 ^ wr_clk (in)
                                                         wr_clk (net)
                      0.001082    0.000541    0.000541 ^ clkbuf_0_wr_clk/A (sky130_fd_sc_hd__clkbuf_16)
    16    0.103832    0.091499    0.123118    0.123659 ^ clkbuf_0_wr_clk/X (sky130_fd_sc_hd__clkbuf_16)
                                                         clknet_0_wr_clk (net)
                      0.091563    0.001971    0.125630 ^ clkbuf_4_3_0_wr_clk/A (sky130_fd_sc_hd__clkbuf_8)
     2    0.019504    0.037648    0.104135    0.229765 ^ clkbuf_4_3_0_wr_clk/X (sky130_fd_sc_hd__clkbuf_8)
                                                         clknet_4_3_0_wr_clk (net)
                      0.037651    0.000361    0.230126 ^ clkbuf_5_6__f_wr_clk/A (sky130_fd_sc_hd__clkbuf_16)
     5    0.014250    0.027366    0.082517    0.312643 ^ clkbuf_5_6__f_wr_clk/X (sky130_fd_sc_hd__clkbuf_16)
                                                         clknet_5_6__leaf_wr_clk (net)
                      0.027366    0.000050    0.312693 ^ _1093_/CLK (sky130_fd_sc_hd__dfxtp_2)
                                  0.100000    0.412693   clock uncertainty
                                  0.000000    0.412693   clock reconvergence pessimism
                                 -0.017087    0.395606   library hold time
                                              0.395606   data required time
---------------------------------------------------------------------------------------------
                                              0.395606   data required time
                                             -0.640238   data arrival time
---------------------------------------------------------------------------------------------
                                              0.244632   slack (MET)


Startpoint: _1168_ (rising edge-triggered flip-flop clocked by wr_clk)
Endpoint: _1168_ (rising edge-triggered flip-flop clocked by wr_clk)
Path Group: wr_clk
Path Type: min

Fanout         Cap        Slew       Delay        Time   Description
---------------------------------------------------------------------------------------------
                                  0.000000    0.000000   clock wr_clk (rise edge)
                                  0.000000    0.000000   clock source latency
     1    0.024443    0.000000    0.000000    0.000000 ^ wr_clk (in)
                                                         wr_clk (net)
                      0.001082    0.000541    0.000541 ^ clkbuf_0_wr_clk/A (sky130_fd_sc_hd__clkbuf_16)
    16    0.103832    0.091499    0.123118    0.123659 ^ clkbuf_0_wr_clk/X (sky130_fd_sc_hd__clkbuf_16)
                                                         clknet_0_wr_clk (net)
                      0.091637    0.002866    0.126525 ^ clkbuf_4_0_0_wr_clk/A (sky130_fd_sc_hd__clkbuf_8)
     2    0.018326    0.036320    0.102907    0.229433 ^ clkbuf_4_0_0_wr_clk/X (sky130_fd_sc_hd__clkbuf_8)
                                                         clknet_4_0_0_wr_clk (net)
                      0.036322    0.000305    0.229738 ^ clkbuf_5_0__f_wr_clk/A (sky130_fd_sc_hd__clkbuf_16)
     5    0.017654    0.029615    0.084402    0.314140 ^ clkbuf_5_0__f_wr_clk/X (sky130_fd_sc_hd__clkbuf_16)
                                                         clknet_5_0__leaf_wr_clk (net)
                      0.029616    0.000223    0.314363 ^ _1168_/CLK (sky130_fd_sc_hd__dfxtp_2)
     2    0.004929    0.028251    0.193045    0.507408 ^ _1168_/Q (sky130_fd_sc_hd__dfxtp_2)
                                                         u_fifomem.mem[7][2] (net)
                      0.028251    0.000031    0.507439 ^ _1015_/A1 (sky130_fd_sc_hd__mux2_2)
     1    0.003517    0.026693    0.086004    0.593443 ^ _1015_/X (sky130_fd_sc_hd__mux2_2)
                                                         _0491_ (net)
                      0.026693    0.000047    0.593490 ^ _1016_/A (sky130_fd_sc_hd__buf_1)
     1    0.002366    0.028625    0.048325    0.641815 ^ _1016_/X (sky130_fd_sc_hd__buf_1)
                                                         _0108_ (net)
                      0.028625    0.000024    0.641839 ^ _1168_/D (sky130_fd_sc_hd__dfxtp_2)
                                              0.641839   data arrival time

                                  0.000000    0.000000   clock wr_clk (rise edge)
                                  0.000000    0.000000   clock source latency
     1    0.024443    0.000000    0.000000    0.000000 ^ wr_clk (in)
                                                         wr_clk (net)
                      0.001082    0.000541    0.000541 ^ clkbuf_0_wr_clk/A (sky130_fd_sc_hd__clkbuf_16)
    16    0.103832    0.091499    0.123118    0.123659 ^ clkbuf_0_wr_clk/X (sky130_fd_sc_hd__clkbuf_16)
                                                         clknet_0_wr_clk (net)
                      0.091637    0.002866    0.126525 ^ clkbuf_4_0_0_wr_clk/A (sky130_fd_sc_hd__clkbuf_8)
     2    0.018326    0.036320    0.102907    0.229433 ^ clkbuf_4_0_0_wr_clk/X (sky130_fd_sc_hd__clkbuf_8)
                                                         clknet_4_0_0_wr_clk (net)
                      0.036322    0.000305    0.229738 ^ clkbuf_5_0__f_wr_clk/A (sky130_fd_sc_hd__clkbuf_16)
     5    0.017654    0.029615    0.084402    0.314140 ^ clkbuf_5_0__f_wr_clk/X (sky130_fd_sc_hd__clkbuf_16)
                                                         clknet_5_0__leaf_wr_clk (net)
                      0.029616    0.000223    0.314363 ^ _1168_/CLK (sky130_fd_sc_hd__dfxtp_2)
                                  0.100000    0.414363   clock uncertainty
                                  0.000000    0.414363   clock reconvergence pessimism
                                 -0.017165    0.397198   library hold time
                                              0.397198   data required time
---------------------------------------------------------------------------------------------
                                              0.397198   data required time
                                             -0.641839   data arrival time
---------------------------------------------------------------------------------------------
                                              0.244641   slack (MET)


Startpoint: _1110_ (rising edge-triggered flip-flop clocked by wr_clk)
Endpoint: _1110_ (rising edge-triggered flip-flop clocked by wr_clk)
Path Group: wr_clk
Path Type: min

Fanout         Cap        Slew       Delay        Time   Description
---------------------------------------------------------------------------------------------
                                  0.000000    0.000000   clock wr_clk (rise edge)
                                  0.000000    0.000000   clock source latency
     1    0.024443    0.000000    0.000000    0.000000 ^ wr_clk (in)
                                                         wr_clk (net)
                      0.001082    0.000541    0.000541 ^ clkbuf_0_wr_clk/A (sky130_fd_sc_hd__clkbuf_16)
    16    0.103832    0.091499    0.123118    0.123659 ^ clkbuf_0_wr_clk/X (sky130_fd_sc_hd__clkbuf_16)
                                                         clknet_0_wr_clk (net)
                      0.091673    0.003209    0.126868 ^ clkbuf_4_5_0_wr_clk/A (sky130_fd_sc_hd__clkbuf_8)
     2    0.019116    0.037214    0.103720    0.230588 ^ clkbuf_4_5_0_wr_clk/X (sky130_fd_sc_hd__clkbuf_8)
                                                         clknet_4_5_0_wr_clk (net)
                      0.037217    0.000371    0.230959 ^ clkbuf_5_10__f_wr_clk/A (sky130_fd_sc_hd__clkbuf_16)
     5    0.014576    0.027582    0.082552    0.313512 ^ clkbuf_5_10__f_wr_clk/X (sky130_fd_sc_hd__clkbuf_16)
                                                         clknet_5_10__leaf_wr_clk (net)
                      0.027582    0.000239    0.313751 ^ _1110_/CLK (sky130_fd_sc_hd__dfxtp_2)
     2    0.004547    0.027024    0.191361    0.505112 ^ _1110_/Q (sky130_fd_sc_hd__dfxtp_2)
                                                         u_fifomem.mem[15][0] (net)
                      0.027024    0.000027    0.505139 ^ _0891_/A1 (sky130_fd_sc_hd__mux2_2)
     1    0.003361    0.026173    0.085099    0.590238 ^ _0891_/X (sky130_fd_sc_hd__mux2_2)
                                                         _0425_ (net)
                      0.026173    0.000043    0.590281 ^ _0892_/A (sky130_fd_sc_hd__buf_1)
     1    0.002784    0.032019    0.050731    0.641012 ^ _0892_/X (sky130_fd_sc_hd__buf_1)
                                                         _0050_ (net)
                      0.032019    0.000032    0.641045 ^ _1110_/D (sky130_fd_sc_hd__dfxtp_2)
                                              0.641045   data arrival time

                                  0.000000    0.000000   clock wr_clk (rise edge)
                                  0.000000    0.000000   clock source latency
     1    0.024443    0.000000    0.000000    0.000000 ^ wr_clk (in)
                                                         wr_clk (net)
                      0.001082    0.000541    0.000541 ^ clkbuf_0_wr_clk/A (sky130_fd_sc_hd__clkbuf_16)
    16    0.103832    0.091499    0.123118    0.123659 ^ clkbuf_0_wr_clk/X (sky130_fd_sc_hd__clkbuf_16)
                                                         clknet_0_wr_clk (net)
                      0.091673    0.003209    0.126868 ^ clkbuf_4_5_0_wr_clk/A (sky130_fd_sc_hd__clkbuf_8)
     2    0.019116    0.037214    0.103720    0.230588 ^ clkbuf_4_5_0_wr_clk/X (sky130_fd_sc_hd__clkbuf_8)
                                                         clknet_4_5_0_wr_clk (net)
                      0.037217    0.000371    0.230959 ^ clkbuf_5_10__f_wr_clk/A (sky130_fd_sc_hd__clkbuf_16)
     5    0.014576    0.027582    0.082552    0.313512 ^ clkbuf_5_10__f_wr_clk/X (sky130_fd_sc_hd__clkbuf_16)
                                                         clknet_5_10__leaf_wr_clk (net)
                      0.027582    0.000239    0.313751 ^ _1110_/CLK (sky130_fd_sc_hd__dfxtp_2)
                                  0.100000    0.413751   clock uncertainty
                                  0.000000    0.413751   clock reconvergence pessimism
                                 -0.017454    0.396298   library hold time
                                              0.396298   data required time
---------------------------------------------------------------------------------------------
                                              0.396298   data required time
                                             -0.641045   data arrival time
---------------------------------------------------------------------------------------------
                                              0.244747   slack (MET)


Startpoint: _1167_ (rising edge-triggered flip-flop clocked by wr_clk)
Endpoint: _1167_ (rising edge-triggered flip-flop clocked by wr_clk)
Path Group: wr_clk
Path Type: min

Fanout         Cap        Slew       Delay        Time   Description
---------------------------------------------------------------------------------------------
                                  0.000000    0.000000   clock wr_clk (rise edge)
                                  0.000000    0.000000   clock source latency
     1    0.024443    0.000000    0.000000    0.000000 ^ wr_clk (in)
                                                         wr_clk (net)
                      0.001082    0.000541    0.000541 ^ clkbuf_0_wr_clk/A (sky130_fd_sc_hd__clkbuf_16)
    16    0.103832    0.091499    0.123118    0.123659 ^ clkbuf_0_wr_clk/X (sky130_fd_sc_hd__clkbuf_16)
                                                         clknet_0_wr_clk (net)
                      0.091563    0.001971    0.125630 ^ clkbuf_4_3_0_wr_clk/A (sky130_fd_sc_hd__clkbuf_8)
     2    0.019504    0.037648    0.104135    0.229765 ^ clkbuf_4_3_0_wr_clk/X (sky130_fd_sc_hd__clkbuf_8)
                                                         clknet_4_3_0_wr_clk (net)
                      0.037649    0.000265    0.230030 ^ clkbuf_5_7__f_wr_clk/A (sky130_fd_sc_hd__clkbuf_16)
     5    0.015977    0.028509    0.083681    0.313711 ^ clkbuf_5_7__f_wr_clk/X (sky130_fd_sc_hd__clkbuf_16)
                                                         clknet_5_7__leaf_wr_clk (net)
                      0.028513    0.000238    0.313949 ^ _1167_/CLK (sky130_fd_sc_hd__dfxtp_2)
     2    0.005542    0.030236    0.194343    0.508292 ^ _1167_/Q (sky130_fd_sc_hd__dfxtp_2)
                                                         u_fifomem.mem[7][1] (net)
                      0.030236    0.000064    0.508356 ^ _1013_/A1 (sky130_fd_sc_hd__mux2_2)
     1    0.003766    0.027555    0.087460    0.595816 ^ _1013_/X (sky130_fd_sc_hd__mux2_2)
                                                         _0490_ (net)
                      0.027555    0.000052    0.595869 ^ _1014_/A (sky130_fd_sc_hd__buf_1)
     1    0.001956    0.025366    0.046037    0.641906 ^ _1014_/X (sky130_fd_sc_hd__buf_1)
                                                         _0107_ (net)
                      0.025366    0.000016    0.641922 ^ _1167_/D (sky130_fd_sc_hd__dfxtp_2)
                                              0.641922   data arrival time

                                  0.000000    0.000000   clock wr_clk (rise edge)
                                  0.000000    0.000000   clock source latency
     1    0.024443    0.000000    0.000000    0.000000 ^ wr_clk (in)
                                                         wr_clk (net)
                      0.001082    0.000541    0.000541 ^ clkbuf_0_wr_clk/A (sky130_fd_sc_hd__clkbuf_16)
    16    0.103832    0.091499    0.123118    0.123659 ^ clkbuf_0_wr_clk/X (sky130_fd_sc_hd__clkbuf_16)
                                                         clknet_0_wr_clk (net)
                      0.091563    0.001971    0.125630 ^ clkbuf_4_3_0_wr_clk/A (sky130_fd_sc_hd__clkbuf_8)
     2    0.019504    0.037648    0.104135    0.229765 ^ clkbuf_4_3_0_wr_clk/X (sky130_fd_sc_hd__clkbuf_8)
                                                         clknet_4_3_0_wr_clk (net)
                      0.037649    0.000265    0.230030 ^ clkbuf_5_7__f_wr_clk/A (sky130_fd_sc_hd__clkbuf_16)
     5    0.015977    0.028509    0.083681    0.313711 ^ clkbuf_5_7__f_wr_clk/X (sky130_fd_sc_hd__clkbuf_16)
                                                         clknet_5_7__leaf_wr_clk (net)
                      0.028513    0.000238    0.313949 ^ _1167_/CLK (sky130_fd_sc_hd__dfxtp_2)
                                  0.100000    0.413949   clock uncertainty
                                  0.000000    0.413949   clock reconvergence pessimism
                                 -0.016960    0.396989   library hold time
                                              0.396989   data required time
---------------------------------------------------------------------------------------------
                                              0.396989   data required time
                                             -0.641922   data arrival time
---------------------------------------------------------------------------------------------
                                              0.244933   slack (MET)


Startpoint: _1092_ (rising edge-triggered flip-flop clocked by wr_clk)
Endpoint: _1092_ (rising edge-triggered flip-flop clocked by wr_clk)
Path Group: wr_clk
Path Type: min

Fanout         Cap        Slew       Delay        Time   Description
---------------------------------------------------------------------------------------------
                                  0.000000    0.000000   clock wr_clk (rise edge)
                                  0.000000    0.000000   clock source latency
     1    0.024443    0.000000    0.000000    0.000000 ^ wr_clk (in)
                                                         wr_clk (net)
                      0.001082    0.000541    0.000541 ^ clkbuf_0_wr_clk/A (sky130_fd_sc_hd__clkbuf_16)
    16    0.103832    0.091499    0.123118    0.123659 ^ clkbuf_0_wr_clk/X (sky130_fd_sc_hd__clkbuf_16)
                                                         clknet_0_wr_clk (net)
                      0.091499    0.000105    0.123764 ^ clkbuf_4_13_0_wr_clk/A (sky130_fd_sc_hd__clkbuf_8)
     2    0.018805    0.036856    0.103381    0.227145 ^ clkbuf_4_13_0_wr_clk/X (sky130_fd_sc_hd__clkbuf_8)
                                                         clknet_4_13_0_wr_clk (net)
                      0.036858    0.000338    0.227484 ^ clkbuf_5_27__f_wr_clk/A (sky130_fd_sc_hd__clkbuf_16)
     5    0.017066    0.029224    0.084150    0.311634 ^ clkbuf_5_27__f_wr_clk/X (sky130_fd_sc_hd__clkbuf_16)
                                                         clknet_5_27__leaf_wr_clk (net)
                      0.029230    0.000421    0.312055 ^ _1092_/CLK (sky130_fd_sc_hd__dfxtp_2)
     2    0.005520    0.030166    0.194501    0.506557 ^ _1092_/Q (sky130_fd_sc_hd__dfxtp_2)
                                                         u_fifomem.mem[12][6] (net)
                      0.030166    0.000045    0.506601 ^ _0850_/A0 (sky130_fd_sc_hd__mux2_2)
     1    0.003693    0.027603    0.087405    0.594007 ^ _0850_/X (sky130_fd_sc_hd__mux2_2)
                                                         _0402_ (net)
                      0.027603    0.000054    0.594061 ^ _0851_/A (sky130_fd_sc_hd__buf_1)
     1    0.001969    0.025468    0.046124    0.640185 ^ _0851_/X (sky130_fd_sc_hd__buf_1)
                                                         _0032_ (net)
                      0.025468    0.000017    0.640202 ^ _1092_/D (sky130_fd_sc_hd__dfxtp_2)
                                              0.640202   data arrival time

                                  0.000000    0.000000   clock wr_clk (rise edge)
                                  0.000000    0.000000   clock source latency
     1    0.024443    0.000000    0.000000    0.000000 ^ wr_clk (in)
                                                         wr_clk (net)
                      0.001082    0.000541    0.000541 ^ clkbuf_0_wr_clk/A (sky130_fd_sc_hd__clkbuf_16)
    16    0.103832    0.091499    0.123118    0.123659 ^ clkbuf_0_wr_clk/X (sky130_fd_sc_hd__clkbuf_16)
                                                         clknet_0_wr_clk (net)
                      0.091499    0.000105    0.123764 ^ clkbuf_4_13_0_wr_clk/A (sky130_fd_sc_hd__clkbuf_8)
     2    0.018805    0.036856    0.103381    0.227145 ^ clkbuf_4_13_0_wr_clk/X (sky130_fd_sc_hd__clkbuf_8)
                                                         clknet_4_13_0_wr_clk (net)
                      0.036858    0.000338    0.227484 ^ clkbuf_5_27__f_wr_clk/A (sky130_fd_sc_hd__clkbuf_16)
     5    0.017066    0.029224    0.084150    0.311634 ^ clkbuf_5_27__f_wr_clk/X (sky130_fd_sc_hd__clkbuf_16)
                                                         clknet_5_27__leaf_wr_clk (net)
                      0.029230    0.000421    0.312055 ^ _1092_/CLK (sky130_fd_sc_hd__dfxtp_2)
                                  0.100000    0.412055   clock uncertainty
                                  0.000000    0.412055   clock reconvergence pessimism
                                 -0.016951    0.395105   library hold time
                                              0.395105   data required time
---------------------------------------------------------------------------------------------
                                              0.395105   data required time
                                             -0.640202   data arrival time
---------------------------------------------------------------------------------------------
                                              0.245097   slack (MET)


Startpoint: _1097_ (rising edge-triggered flip-flop clocked by wr_clk)
Endpoint: _1097_ (rising edge-triggered flip-flop clocked by wr_clk)
Path Group: wr_clk
Path Type: min

Fanout         Cap        Slew       Delay        Time   Description
---------------------------------------------------------------------------------------------
                                  0.000000    0.000000   clock wr_clk (rise edge)
                                  0.000000    0.000000   clock source latency
     1    0.024443    0.000000    0.000000    0.000000 ^ wr_clk (in)
                                                         wr_clk (net)
                      0.001082    0.000541    0.000541 ^ clkbuf_0_wr_clk/A (sky130_fd_sc_hd__clkbuf_16)
    16    0.103832    0.091499    0.123118    0.123659 ^ clkbuf_0_wr_clk/X (sky130_fd_sc_hd__clkbuf_16)
                                                         clknet_0_wr_clk (net)
                      0.091711    0.003536    0.127195 ^ clkbuf_4_6_0_wr_clk/A (sky130_fd_sc_hd__clkbuf_8)
     2    0.018397    0.036396    0.103066    0.230261 ^ clkbuf_4_6_0_wr_clk/X (sky130_fd_sc_hd__clkbuf_8)
                                                         clknet_4_6_0_wr_clk (net)
                      0.036397    0.000210    0.230471 ^ clkbuf_5_13__f_wr_clk/A (sky130_fd_sc_hd__clkbuf_16)
     5    0.015205    0.027994    0.082777    0.313248 ^ clkbuf_5_13__f_wr_clk/X (sky130_fd_sc_hd__clkbuf_16)
                                                         clknet_5_13__leaf_wr_clk (net)
                      0.027994    0.000167    0.313415 ^ _1097_/CLK (sky130_fd_sc_hd__dfxtp_2)
     2    0.004750    0.027676    0.192080    0.505496 ^ _1097_/Q (sky130_fd_sc_hd__dfxtp_2)
                                                         u_fifomem.mem[13][3] (net)
                      0.027676    0.000041    0.505536 ^ _0862_/A0 (sky130_fd_sc_hd__mux2_2)
     1    0.002846    0.024854    0.083592    0.589128 ^ _0862_/X (sky130_fd_sc_hd__mux2_2)
                                                         _0409_ (net)
                      0.024854    0.000028    0.589156 ^ _0863_/A (sky130_fd_sc_hd__buf_1)
     1    0.003004    0.033806    0.051790    0.640946 ^ _0863_/X (sky130_fd_sc_hd__buf_1)
                                                         _0037_ (net)
                      0.033806    0.000039    0.640985 ^ _1097_/D (sky130_fd_sc_hd__dfxtp_2)
                                              0.640985   data arrival time

                                  0.000000    0.000000   clock wr_clk (rise edge)
                                  0.000000    0.000000   clock source latency
     1    0.024443    0.000000    0.000000    0.000000 ^ wr_clk (in)
                                                         wr_clk (net)
                      0.001082    0.000541    0.000541 ^ clkbuf_0_wr_clk/A (sky130_fd_sc_hd__clkbuf_16)
    16    0.103832    0.091499    0.123118    0.123659 ^ clkbuf_0_wr_clk/X (sky130_fd_sc_hd__clkbuf_16)
                                                         clknet_0_wr_clk (net)
                      0.091711    0.003536    0.127195 ^ clkbuf_4_6_0_wr_clk/A (sky130_fd_sc_hd__clkbuf_8)
     2    0.018397    0.036396    0.103066    0.230261 ^ clkbuf_4_6_0_wr_clk/X (sky130_fd_sc_hd__clkbuf_8)
                                                         clknet_4_6_0_wr_clk (net)
                      0.036397    0.000210    0.230471 ^ clkbuf_5_13__f_wr_clk/A (sky130_fd_sc_hd__clkbuf_16)
     5    0.015205    0.027994    0.082777    0.313248 ^ clkbuf_5_13__f_wr_clk/X (sky130_fd_sc_hd__clkbuf_16)
                                                         clknet_5_13__leaf_wr_clk (net)
                      0.027994    0.000167    0.313415 ^ _1097_/CLK (sky130_fd_sc_hd__dfxtp_2)
                                  0.100000    0.413415   clock uncertainty
                                  0.000000    0.413415   clock reconvergence pessimism
                                 -0.017570    0.395845   library hold time
                                              0.395845   data required time
---------------------------------------------------------------------------------------------
                                              0.395845   data required time
                                             -0.640985   data arrival time
---------------------------------------------------------------------------------------------
                                              0.245140   slack (MET)


Startpoint: _1114_ (rising edge-triggered flip-flop clocked by wr_clk)
Endpoint: _1114_ (rising edge-triggered flip-flop clocked by wr_clk)
Path Group: wr_clk
Path Type: min

Fanout         Cap        Slew       Delay        Time   Description
---------------------------------------------------------------------------------------------
                                  0.000000    0.000000   clock wr_clk (rise edge)
                                  0.000000    0.000000   clock source latency
     1    0.024443    0.000000    0.000000    0.000000 ^ wr_clk (in)
                                                         wr_clk (net)
                      0.001082    0.000541    0.000541 ^ clkbuf_0_wr_clk/A (sky130_fd_sc_hd__clkbuf_16)
    16    0.103832    0.091499    0.123118    0.123659 ^ clkbuf_0_wr_clk/X (sky130_fd_sc_hd__clkbuf_16)
                                                         clknet_0_wr_clk (net)
                      0.091603    0.002501    0.126160 ^ clkbuf_4_2_0_wr_clk/A (sky130_fd_sc_hd__clkbuf_8)
     2    0.018924    0.037002    0.103626    0.229786 ^ clkbuf_4_2_0_wr_clk/X (sky130_fd_sc_hd__clkbuf_8)
                                                         clknet_4_2_0_wr_clk (net)
                      0.037002    0.000084    0.229870 ^ clkbuf_5_5__f_wr_clk/A (sky130_fd_sc_hd__clkbuf_16)
     5    0.016106    0.028591    0.083563    0.313433 ^ clkbuf_5_5__f_wr_clk/X (sky130_fd_sc_hd__clkbuf_16)
                                                         clknet_5_5__leaf_wr_clk (net)
                      0.028595    0.000215    0.313648 ^ _1114_/CLK (sky130_fd_sc_hd__dfxtp_2)
     2    0.005058    0.028665    0.193085    0.506733 ^ _1114_/Q (sky130_fd_sc_hd__dfxtp_2)
                                                         u_fifomem.mem[15][4] (net)
                      0.028665    0.000040    0.506773 ^ _0899_/A1 (sky130_fd_sc_hd__mux2_2)
     1    0.004075    0.028655    0.088186    0.594959 ^ _0899_/X (sky130_fd_sc_hd__mux2_2)
                                                         _0429_ (net)
                      0.028655    0.000055    0.595014 ^ _0900_/A (sky130_fd_sc_hd__buf_1)
     1    0.002050    0.026129    0.046824    0.641839 ^ _0900_/X (sky130_fd_sc_hd__buf_1)
                                                         _0054_ (net)
                      0.026129    0.000009    0.641848 ^ _1114_/D (sky130_fd_sc_hd__dfxtp_2)
                                              0.641848   data arrival time

                                  0.000000    0.000000   clock wr_clk (rise edge)
                                  0.000000    0.000000   clock source latency
     1    0.024443    0.000000    0.000000    0.000000 ^ wr_clk (in)
                                                         wr_clk (net)
                      0.001082    0.000541    0.000541 ^ clkbuf_0_wr_clk/A (sky130_fd_sc_hd__clkbuf_16)
    16    0.103832    0.091499    0.123118    0.123659 ^ clkbuf_0_wr_clk/X (sky130_fd_sc_hd__clkbuf_16)
                                                         clknet_0_wr_clk (net)
                      0.091603    0.002501    0.126160 ^ clkbuf_4_2_0_wr_clk/A (sky130_fd_sc_hd__clkbuf_8)
     2    0.018924    0.037002    0.103626    0.229786 ^ clkbuf_4_2_0_wr_clk/X (sky130_fd_sc_hd__clkbuf_8)
                                                         clknet_4_2_0_wr_clk (net)
                      0.037002    0.000084    0.229870 ^ clkbuf_5_5__f_wr_clk/A (sky130_fd_sc_hd__clkbuf_16)
     5    0.016106    0.028591    0.083563    0.313433 ^ clkbuf_5_5__f_wr_clk/X (sky130_fd_sc_hd__clkbuf_16)
                                                         clknet_5_5__leaf_wr_clk (net)
                      0.028595    0.000215    0.313648 ^ _1114_/CLK (sky130_fd_sc_hd__dfxtp_2)
                                  0.100000    0.413648   clock uncertainty
                                  0.000000    0.413648   clock reconvergence pessimism
                                 -0.017013    0.396635   library hold time
                                              0.396635   data required time
---------------------------------------------------------------------------------------------
                                              0.396635   data required time
                                             -0.641848   data arrival time
---------------------------------------------------------------------------------------------
                                              0.245213   slack (MET)


Startpoint: _1106_ (rising edge-triggered flip-flop clocked by wr_clk)
Endpoint: _1106_ (rising edge-triggered flip-flop clocked by wr_clk)
Path Group: wr_clk
Path Type: min

Fanout         Cap        Slew       Delay        Time   Description
---------------------------------------------------------------------------------------------
                                  0.000000    0.000000   clock wr_clk (rise edge)
                                  0.000000    0.000000   clock source latency
     1    0.024443    0.000000    0.000000    0.000000 ^ wr_clk (in)
                                                         wr_clk (net)
                      0.001082    0.000541    0.000541 ^ clkbuf_0_wr_clk/A (sky130_fd_sc_hd__clkbuf_16)
    16    0.103832    0.091499    0.123118    0.123659 ^ clkbuf_0_wr_clk/X (sky130_fd_sc_hd__clkbuf_16)
                                                         clknet_0_wr_clk (net)
                      0.091603    0.002501    0.126160 ^ clkbuf_4_2_0_wr_clk/A (sky130_fd_sc_hd__clkbuf_8)
     2    0.018924    0.037002    0.103626    0.229786 ^ clkbuf_4_2_0_wr_clk/X (sky130_fd_sc_hd__clkbuf_8)
                                                         clknet_4_2_0_wr_clk (net)
                      0.037002    0.000084    0.229870 ^ clkbuf_5_5__f_wr_clk/A (sky130_fd_sc_hd__clkbuf_16)
     5    0.016106    0.028591    0.083563    0.313433 ^ clkbuf_5_5__f_wr_clk/X (sky130_fd_sc_hd__clkbuf_16)
                                                         clknet_5_5__leaf_wr_clk (net)
                      0.028596    0.000237    0.313670 ^ _1106_/CLK (sky130_fd_sc_hd__dfxtp_2)
     2    0.005123    0.028871    0.193252    0.506922 ^ _1106_/Q (sky130_fd_sc_hd__dfxtp_2)
                                                         u_fifomem.mem[14][4] (net)
                      0.028871    0.000046    0.506968 ^ _0882_/A0 (sky130_fd_sc_hd__mux2_2)
     1    0.002192    0.022757    0.081504    0.588472 ^ _0882_/X (sky130_fd_sc_hd__mux2_2)
                                                         _0420_ (net)
                      0.022757    0.000010    0.588482 ^ _0883_/A (sky130_fd_sc_hd__buf_2)
     1    0.002173    0.017209    0.054010    0.642493 ^ _0883_/X (sky130_fd_sc_hd__buf_2)
                                                         _0046_ (net)
                      0.017209    0.000020    0.642513 ^ _1106_/D (sky130_fd_sc_hd__dfxtp_2)
                                              0.642513   data arrival time

                                  0.000000    0.000000   clock wr_clk (rise edge)
                                  0.000000    0.000000   clock source latency
     1    0.024443    0.000000    0.000000    0.000000 ^ wr_clk (in)
                                                         wr_clk (net)
                      0.001082    0.000541    0.000541 ^ clkbuf_0_wr_clk/A (sky130_fd_sc_hd__clkbuf_16)
    16    0.103832    0.091499    0.123118    0.123659 ^ clkbuf_0_wr_clk/X (sky130_fd_sc_hd__clkbuf_16)
                                                         clknet_0_wr_clk (net)
                      0.091603    0.002501    0.126160 ^ clkbuf_4_2_0_wr_clk/A (sky130_fd_sc_hd__clkbuf_8)
     2    0.018924    0.037002    0.103626    0.229786 ^ clkbuf_4_2_0_wr_clk/X (sky130_fd_sc_hd__clkbuf_8)
                                                         clknet_4_2_0_wr_clk (net)
                      0.037002    0.000084    0.229870 ^ clkbuf_5_5__f_wr_clk/A (sky130_fd_sc_hd__clkbuf_16)
     5    0.016106    0.028591    0.083563    0.313433 ^ clkbuf_5_5__f_wr_clk/X (sky130_fd_sc_hd__clkbuf_16)
                                                         clknet_5_5__leaf_wr_clk (net)
                      0.028596    0.000237    0.313670 ^ _1106_/CLK (sky130_fd_sc_hd__dfxtp_2)
                                  0.100000    0.413670   clock uncertainty
                                  0.000000    0.413670   clock reconvergence pessimism
                                 -0.016381    0.397289   library hold time
                                              0.397289   data required time
---------------------------------------------------------------------------------------------
                                              0.397289   data required time
                                             -0.642513   data arrival time
---------------------------------------------------------------------------------------------
                                              0.245224   slack (MET)


Startpoint: _1081_ (rising edge-triggered flip-flop clocked by wr_clk)
Endpoint: _1081_ (rising edge-triggered flip-flop clocked by wr_clk)
Path Group: wr_clk
Path Type: min

Fanout         Cap        Slew       Delay        Time   Description
---------------------------------------------------------------------------------------------
                                  0.000000    0.000000   clock wr_clk (rise edge)
                                  0.000000    0.000000   clock source latency
     1    0.024443    0.000000    0.000000    0.000000 ^ wr_clk (in)
                                                         wr_clk (net)
                      0.001082    0.000541    0.000541 ^ clkbuf_0_wr_clk/A (sky130_fd_sc_hd__clkbuf_16)
    16    0.103832    0.091499    0.123118    0.123659 ^ clkbuf_0_wr_clk/X (sky130_fd_sc_hd__clkbuf_16)
                                                         clknet_0_wr_clk (net)
                      0.091499    0.000105    0.123764 ^ clkbuf_4_13_0_wr_clk/A (sky130_fd_sc_hd__clkbuf_8)
     2    0.018805    0.036856    0.103381    0.227145 ^ clkbuf_4_13_0_wr_clk/X (sky130_fd_sc_hd__clkbuf_8)
                                                         clknet_4_13_0_wr_clk (net)
                      0.036857    0.000280    0.227426 ^ clkbuf_5_26__f_wr_clk/A (sky130_fd_sc_hd__clkbuf_16)
     5    0.015263    0.028033    0.082987    0.310412 ^ clkbuf_5_26__f_wr_clk/X (sky130_fd_sc_hd__clkbuf_16)
                                                         clknet_5_26__leaf_wr_clk (net)
                      0.028033    0.000080    0.310492 ^ _1081_/CLK (sky130_fd_sc_hd__dfxtp_2)
     2    0.006148    0.032236    0.195821    0.506313 ^ _1081_/Q (sky130_fd_sc_hd__dfxtp_2)
                                                         u_fifomem.mem[11][3] (net)
                      0.032236    0.000042    0.506354 ^ _0826_/A1 (sky130_fd_sc_hd__mux2_2)
     1    0.003222    0.025723    0.085983    0.592337 ^ _0826_/X (sky130_fd_sc_hd__mux2_2)
                                                         _0389_ (net)
                      0.025723    0.000034    0.592372 ^ _0827_/A (sky130_fd_sc_hd__buf_1)
     1    0.002069    0.026232    0.046352    0.638724 ^ _0827_/X (sky130_fd_sc_hd__buf_1)
                                                         _0021_ (net)
                      0.026232    0.000010    0.638734 ^ _1081_/D (sky130_fd_sc_hd__dfxtp_2)
                                              0.638734   data arrival time

                                  0.000000    0.000000   clock wr_clk (rise edge)
                                  0.000000    0.000000   clock source latency
     1    0.024443    0.000000    0.000000    0.000000 ^ wr_clk (in)
                                                         wr_clk (net)
                      0.001082    0.000541    0.000541 ^ clkbuf_0_wr_clk/A (sky130_fd_sc_hd__clkbuf_16)
    16    0.103832    0.091499    0.123118    0.123659 ^ clkbuf_0_wr_clk/X (sky130_fd_sc_hd__clkbuf_16)
                                                         clknet_0_wr_clk (net)
                      0.091499    0.000105    0.123764 ^ clkbuf_4_13_0_wr_clk/A (sky130_fd_sc_hd__clkbuf_8)
     2    0.018805    0.036856    0.103381    0.227145 ^ clkbuf_4_13_0_wr_clk/X (sky130_fd_sc_hd__clkbuf_8)
                                                         clknet_4_13_0_wr_clk (net)
                      0.036857    0.000280    0.227426 ^ clkbuf_5_26__f_wr_clk/A (sky130_fd_sc_hd__clkbuf_16)
     5    0.015263    0.028033    0.082987    0.310412 ^ clkbuf_5_26__f_wr_clk/X (sky130_fd_sc_hd__clkbuf_16)
                                                         clknet_5_26__leaf_wr_clk (net)
                      0.028033    0.000080    0.310492 ^ _1081_/CLK (sky130_fd_sc_hd__dfxtp_2)
                                  0.100000    0.410492   clock uncertainty
                                  0.000000    0.410492   clock reconvergence pessimism
                                 -0.017033    0.393459   library hold time
                                              0.393459   data required time
---------------------------------------------------------------------------------------------
                                              0.393459   data required time
                                             -0.638734   data arrival time
---------------------------------------------------------------------------------------------
                                              0.245275   slack (MET)


Startpoint: _1142_ (rising edge-triggered flip-flop clocked by wr_clk)
Endpoint: _1142_ (rising edge-triggered flip-flop clocked by wr_clk)
Path Group: wr_clk
Path Type: min

Fanout         Cap        Slew       Delay        Time   Description
---------------------------------------------------------------------------------------------
                                  0.000000    0.000000   clock wr_clk (rise edge)
                                  0.000000    0.000000   clock source latency
     1    0.024443    0.000000    0.000000    0.000000 ^ wr_clk (in)
                                                         wr_clk (net)
                      0.001082    0.000541    0.000541 ^ clkbuf_0_wr_clk/A (sky130_fd_sc_hd__clkbuf_16)
    16    0.103832    0.091499    0.123118    0.123659 ^ clkbuf_0_wr_clk/X (sky130_fd_sc_hd__clkbuf_16)
                                                         clknet_0_wr_clk (net)
                      0.091603    0.002501    0.126160 ^ clkbuf_4_2_0_wr_clk/A (sky130_fd_sc_hd__clkbuf_8)
     2    0.018924    0.037002    0.103626    0.229786 ^ clkbuf_4_2_0_wr_clk/X (sky130_fd_sc_hd__clkbuf_8)
                                                         clknet_4_2_0_wr_clk (net)
                      0.037002    0.000084    0.229870 ^ clkbuf_5_5__f_wr_clk/A (sky130_fd_sc_hd__clkbuf_16)
     5    0.016106    0.028591    0.083563    0.313433 ^ clkbuf_5_5__f_wr_clk/X (sky130_fd_sc_hd__clkbuf_16)
                                                         clknet_5_5__leaf_wr_clk (net)
                      0.028595    0.000219    0.313652 ^ _1142_/CLK (sky130_fd_sc_hd__dfxtp_2)
     2    0.005740    0.030887    0.194898    0.508550 ^ _1142_/Q (sky130_fd_sc_hd__dfxtp_2)
                                                         u_fifomem.mem[4][0] (net)
                      0.030887    0.000059    0.508609 ^ _0960_/A0 (sky130_fd_sc_hd__mux2_2)
     1    0.003494    0.026927    0.086867    0.595476 ^ _0960_/X (sky130_fd_sc_hd__mux2_2)
                                                         _0462_ (net)
                      0.026927    0.000046    0.595522 ^ _0961_/A (sky130_fd_sc_hd__buf_1)
     1    0.002037    0.026000    0.046402    0.641924 ^ _0961_/X (sky130_fd_sc_hd__buf_1)
                                                         _0082_ (net)
                      0.026000    0.000009    0.641933 ^ _1142_/D (sky130_fd_sc_hd__dfxtp_2)
                                              0.641933   data arrival time

                                  0.000000    0.000000   clock wr_clk (rise edge)
                                  0.000000    0.000000   clock source latency
     1    0.024443    0.000000    0.000000    0.000000 ^ wr_clk (in)
                                                         wr_clk (net)
                      0.001082    0.000541    0.000541 ^ clkbuf_0_wr_clk/A (sky130_fd_sc_hd__clkbuf_16)
    16    0.103832    0.091499    0.123118    0.123659 ^ clkbuf_0_wr_clk/X (sky130_fd_sc_hd__clkbuf_16)
                                                         clknet_0_wr_clk (net)
                      0.091603    0.002501    0.126160 ^ clkbuf_4_2_0_wr_clk/A (sky130_fd_sc_hd__clkbuf_8)
     2    0.018924    0.037002    0.103626    0.229786 ^ clkbuf_4_2_0_wr_clk/X (sky130_fd_sc_hd__clkbuf_8)
                                                         clknet_4_2_0_wr_clk (net)
                      0.037002    0.000084    0.229870 ^ clkbuf_5_5__f_wr_clk/A (sky130_fd_sc_hd__clkbuf_16)
     5    0.016106    0.028591    0.083563    0.313433 ^ clkbuf_5_5__f_wr_clk/X (sky130_fd_sc_hd__clkbuf_16)
                                                         clknet_5_5__leaf_wr_clk (net)
                      0.028595    0.000219    0.313652 ^ _1142_/CLK (sky130_fd_sc_hd__dfxtp_2)
                                  0.100000    0.413652   clock uncertainty
                                  0.000000    0.413652   clock reconvergence pessimism
                                 -0.017003    0.396648   library hold time
                                              0.396648   data required time
---------------------------------------------------------------------------------------------
                                              0.396648   data required time
                                             -0.641933   data arrival time
---------------------------------------------------------------------------------------------
                                              0.245285   slack (MET)


Startpoint: _1189_ (rising edge-triggered flip-flop clocked by wr_clk)
Endpoint: _1189_ (rising edge-triggered flip-flop clocked by wr_clk)
Path Group: wr_clk
Path Type: min

Fanout         Cap        Slew       Delay        Time   Description
---------------------------------------------------------------------------------------------
                                  0.000000    0.000000   clock wr_clk (rise edge)
                                  0.000000    0.000000   clock source latency
     1    0.024443    0.000000    0.000000    0.000000 ^ wr_clk (in)
                                                         wr_clk (net)
                      0.001082    0.000541    0.000541 ^ clkbuf_0_wr_clk/A (sky130_fd_sc_hd__clkbuf_16)
    16    0.103832    0.091499    0.123118    0.123659 ^ clkbuf_0_wr_clk/X (sky130_fd_sc_hd__clkbuf_16)
                                                         clknet_0_wr_clk (net)
                      0.091686    0.003328    0.126987 ^ clkbuf_4_4_0_wr_clk/A (sky130_fd_sc_hd__clkbuf_8)
     2    0.018811    0.036885    0.103499    0.230486 ^ clkbuf_4_4_0_wr_clk/X (sky130_fd_sc_hd__clkbuf_8)
                                                         clknet_4_4_0_wr_clk (net)
                      0.036885    0.000186    0.230672 ^ clkbuf_5_8__f_wr_clk/A (sky130_fd_sc_hd__clkbuf_16)
     5    0.013403    0.026803    0.081699    0.312371 ^ clkbuf_5_8__f_wr_clk/X (sky130_fd_sc_hd__clkbuf_16)
                                                         clknet_5_8__leaf_wr_clk (net)
                      0.026803    0.000148    0.312519 ^ _1189_/CLK (sky130_fd_sc_hd__dfxtp_2)
     2    0.005661    0.030627    0.194146    0.506665 ^ _1189_/Q (sky130_fd_sc_hd__dfxtp_2)
                                                         u_fifomem.mem[9][7] (net)
                      0.030627    0.000067    0.506732 ^ _1060_/A0 (sky130_fd_sc_hd__mux2_2)
     1    0.003526    0.027032    0.086913    0.593645 ^ _1060_/X (sky130_fd_sc_hd__mux2_2)
                                                         _0515_ (net)
                      0.027032    0.000045    0.593689 ^ _1061_/A (sky130_fd_sc_hd__buf_1)
     1    0.002135    0.026779    0.047008    0.640698 ^ _1061_/X (sky130_fd_sc_hd__buf_1)
                                                         _0129_ (net)
                      0.026779    0.000019    0.640716 ^ _1189_/D (sky130_fd_sc_hd__dfxtp_2)
                                              0.640716   data arrival time

                                  0.000000    0.000000   clock wr_clk (rise edge)
                                  0.000000    0.000000   clock source latency
     1    0.024443    0.000000    0.000000    0.000000 ^ wr_clk (in)
                                                         wr_clk (net)
                      0.001082    0.000541    0.000541 ^ clkbuf_0_wr_clk/A (sky130_fd_sc_hd__clkbuf_16)
    16    0.103832    0.091499    0.123118    0.123659 ^ clkbuf_0_wr_clk/X (sky130_fd_sc_hd__clkbuf_16)
                                                         clknet_0_wr_clk (net)
                      0.091686    0.003328    0.126987 ^ clkbuf_4_4_0_wr_clk/A (sky130_fd_sc_hd__clkbuf_8)
     2    0.018811    0.036885    0.103499    0.230486 ^ clkbuf_4_4_0_wr_clk/X (sky130_fd_sc_hd__clkbuf_8)
                                                         clknet_4_4_0_wr_clk (net)
                      0.036885    0.000186    0.230672 ^ clkbuf_5_8__f_wr_clk/A (sky130_fd_sc_hd__clkbuf_16)
     5    0.013403    0.026803    0.081699    0.312371 ^ clkbuf_5_8__f_wr_clk/X (sky130_fd_sc_hd__clkbuf_16)
                                                         clknet_5_8__leaf_wr_clk (net)
                      0.026803    0.000148    0.312519 ^ _1189_/CLK (sky130_fd_sc_hd__dfxtp_2)
                                  0.100000    0.412519   clock uncertainty
                                  0.000000    0.412519   clock reconvergence pessimism
                                 -0.017101    0.395418   library hold time
                                              0.395418   data required time
---------------------------------------------------------------------------------------------
                                              0.395418   data required time
                                             -0.640716   data arrival time
---------------------------------------------------------------------------------------------
                                              0.245298   slack (MET)


Startpoint: _1185_ (rising edge-triggered flip-flop clocked by wr_clk)
Endpoint: _1185_ (rising edge-triggered flip-flop clocked by wr_clk)
Path Group: wr_clk
Path Type: min

Fanout         Cap        Slew       Delay        Time   Description
---------------------------------------------------------------------------------------------
                                  0.000000    0.000000   clock wr_clk (rise edge)
                                  0.000000    0.000000   clock source latency
     1    0.024443    0.000000    0.000000    0.000000 ^ wr_clk (in)
                                                         wr_clk (net)
                      0.001082    0.000541    0.000541 ^ clkbuf_0_wr_clk/A (sky130_fd_sc_hd__clkbuf_16)
    16    0.103832    0.091499    0.123118    0.123659 ^ clkbuf_0_wr_clk/X (sky130_fd_sc_hd__clkbuf_16)
                                                         clknet_0_wr_clk (net)
                      0.091499    0.000105    0.123764 ^ clkbuf_4_13_0_wr_clk/A (sky130_fd_sc_hd__clkbuf_8)
     2    0.018805    0.036856    0.103381    0.227145 ^ clkbuf_4_13_0_wr_clk/X (sky130_fd_sc_hd__clkbuf_8)
                                                         clknet_4_13_0_wr_clk (net)
                      0.036857    0.000280    0.227426 ^ clkbuf_5_26__f_wr_clk/A (sky130_fd_sc_hd__clkbuf_16)
     5    0.015263    0.028033    0.082987    0.310412 ^ clkbuf_5_26__f_wr_clk/X (sky130_fd_sc_hd__clkbuf_16)
                                                         clknet_5_26__leaf_wr_clk (net)
                      0.028033    0.000048    0.310460 ^ _1185_/CLK (sky130_fd_sc_hd__dfxtp_2)
     2    0.004969    0.028381    0.192681    0.503142 ^ _1185_/Q (sky130_fd_sc_hd__dfxtp_2)
                                                         u_fifomem.mem[9][3] (net)
                      0.028381    0.000021    0.503163 ^ _1052_/A0 (sky130_fd_sc_hd__mux2_2)
     1    0.003957    0.028534    0.087888    0.591051 ^ _1052_/X (sky130_fd_sc_hd__mux2_2)
                                                         _0511_ (net)
                      0.028534    0.000052    0.591103 ^ _1053_/A (sky130_fd_sc_hd__buf_1)
     1    0.002198    0.027305    0.047687    0.638790 ^ _1053_/X (sky130_fd_sc_hd__buf_1)
                                                         _0125_ (net)
                      0.027305    0.000020    0.638810 ^ _1185_/D (sky130_fd_sc_hd__dfxtp_2)
                                              0.638810   data arrival time

                                  0.000000    0.000000   clock wr_clk (rise edge)
                                  0.000000    0.000000   clock source latency
     1    0.024443    0.000000    0.000000    0.000000 ^ wr_clk (in)
                                                         wr_clk (net)
                      0.001082    0.000541    0.000541 ^ clkbuf_0_wr_clk/A (sky130_fd_sc_hd__clkbuf_16)
    16    0.103832    0.091499    0.123118    0.123659 ^ clkbuf_0_wr_clk/X (sky130_fd_sc_hd__clkbuf_16)
                                                         clknet_0_wr_clk (net)
                      0.091499    0.000105    0.123764 ^ clkbuf_4_13_0_wr_clk/A (sky130_fd_sc_hd__clkbuf_8)
     2    0.018805    0.036856    0.103381    0.227145 ^ clkbuf_4_13_0_wr_clk/X (sky130_fd_sc_hd__clkbuf_8)
                                                         clknet_4_13_0_wr_clk (net)
                      0.036857    0.000280    0.227426 ^ clkbuf_5_26__f_wr_clk/A (sky130_fd_sc_hd__clkbuf_16)
     5    0.015263    0.028033    0.082987    0.310412 ^ clkbuf_5_26__f_wr_clk/X (sky130_fd_sc_hd__clkbuf_16)
                                                         clknet_5_26__leaf_wr_clk (net)
                      0.028033    0.000048    0.310460 ^ _1185_/CLK (sky130_fd_sc_hd__dfxtp_2)
                                  0.100000    0.410460   clock uncertainty
                                  0.000000    0.410460   clock reconvergence pessimism
                                 -0.017109    0.393351   library hold time
                                              0.393351   data required time
---------------------------------------------------------------------------------------------
                                              0.393351   data required time
                                             -0.638810   data arrival time
---------------------------------------------------------------------------------------------
                                              0.245459   slack (MET)


Startpoint: _1163_ (rising edge-triggered flip-flop clocked by wr_clk)
Endpoint: _1163_ (rising edge-triggered flip-flop clocked by wr_clk)
Path Group: wr_clk
Path Type: min

Fanout         Cap        Slew       Delay        Time   Description
---------------------------------------------------------------------------------------------
                                  0.000000    0.000000   clock wr_clk (rise edge)
                                  0.000000    0.000000   clock source latency
     1    0.024443    0.000000    0.000000    0.000000 ^ wr_clk (in)
                                                         wr_clk (net)
                      0.001082    0.000541    0.000541 ^ clkbuf_0_wr_clk/A (sky130_fd_sc_hd__clkbuf_16)
    16    0.103832    0.091499    0.123118    0.123659 ^ clkbuf_0_wr_clk/X (sky130_fd_sc_hd__clkbuf_16)
                                                         clknet_0_wr_clk (net)
                      0.091549    0.001748    0.125408 ^ clkbuf_4_8_0_wr_clk/A (sky130_fd_sc_hd__clkbuf_8)
     2    0.019931    0.038133    0.104569    0.229977 ^ clkbuf_4_8_0_wr_clk/X (sky130_fd_sc_hd__clkbuf_8)
                                                         clknet_4_8_0_wr_clk (net)
                      0.038137    0.000417    0.230394 ^ clkbuf_5_17__f_wr_clk/A (sky130_fd_sc_hd__clkbuf_16)
     5    0.015051    0.027899    0.083168    0.313562 ^ clkbuf_5_17__f_wr_clk/X (sky130_fd_sc_hd__clkbuf_16)
                                                         clknet_5_17__leaf_wr_clk (net)
                      0.027899    0.000271    0.313832 ^ _1163_/CLK (sky130_fd_sc_hd__dfxtp_2)
     2    0.005199    0.029124    0.193256    0.507088 ^ _1163_/Q (sky130_fd_sc_hd__dfxtp_2)
                                                         u_fifomem.mem[6][5] (net)
                      0.029124    0.000039    0.507127 ^ _1004_/A0 (sky130_fd_sc_hd__mux2_2)
     1    0.002364    0.023306    0.082208    0.589334 ^ _1004_/X (sky130_fd_sc_hd__mux2_2)
                                                         _0485_ (net)
                      0.023306    0.000022    0.589357 ^ _1005_/A (sky130_fd_sc_hd__buf_2)
     1    0.001974    0.016613    0.053585    0.642941 ^ _1005_/X (sky130_fd_sc_hd__buf_2)
                                                         _0103_ (net)
                      0.016613    0.000017    0.642958 ^ _1163_/D (sky130_fd_sc_hd__dfxtp_2)
                                              0.642958   data arrival time

                                  0.000000    0.000000   clock wr_clk (rise edge)
                                  0.000000    0.000000   clock source latency
     1    0.024443    0.000000    0.000000    0.000000 ^ wr_clk (in)
                                                         wr_clk (net)
                      0.001082    0.000541    0.000541 ^ clkbuf_0_wr_clk/A (sky130_fd_sc_hd__clkbuf_16)
    16    0.103832    0.091499    0.123118    0.123659 ^ clkbuf_0_wr_clk/X (sky130_fd_sc_hd__clkbuf_16)
                                                         clknet_0_wr_clk (net)
                      0.091549    0.001748    0.125408 ^ clkbuf_4_8_0_wr_clk/A (sky130_fd_sc_hd__clkbuf_8)
     2    0.019931    0.038133    0.104569    0.229977 ^ clkbuf_4_8_0_wr_clk/X (sky130_fd_sc_hd__clkbuf_8)
                                                         clknet_4_8_0_wr_clk (net)
                      0.038137    0.000417    0.230394 ^ clkbuf_5_17__f_wr_clk/A (sky130_fd_sc_hd__clkbuf_16)
     5    0.015051    0.027899    0.083168    0.313562 ^ clkbuf_5_17__f_wr_clk/X (sky130_fd_sc_hd__clkbuf_16)
                                                         clknet_5_17__leaf_wr_clk (net)
                      0.027899    0.000271    0.313832 ^ _1163_/CLK (sky130_fd_sc_hd__dfxtp_2)
                                  0.100000    0.413832   clock uncertainty
                                  0.000000    0.413832   clock reconvergence pessimism
                                 -0.016355    0.397477   library hold time
                                              0.397477   data required time
---------------------------------------------------------------------------------------------
                                              0.397477   data required time
                                             -0.642958   data arrival time
---------------------------------------------------------------------------------------------
                                              0.245481   slack (MET)


Startpoint: _1102_ (rising edge-triggered flip-flop clocked by wr_clk)
Endpoint: _1102_ (rising edge-triggered flip-flop clocked by wr_clk)
Path Group: wr_clk
Path Type: min

Fanout         Cap        Slew       Delay        Time   Description
---------------------------------------------------------------------------------------------
                                  0.000000    0.000000   clock wr_clk (rise edge)
                                  0.000000    0.000000   clock source latency
     1    0.024443    0.000000    0.000000    0.000000 ^ wr_clk (in)
                                                         wr_clk (net)
                      0.001082    0.000541    0.000541 ^ clkbuf_0_wr_clk/A (sky130_fd_sc_hd__clkbuf_16)
    16    0.103832    0.091499    0.123118    0.123659 ^ clkbuf_0_wr_clk/X (sky130_fd_sc_hd__clkbuf_16)
                                                         clknet_0_wr_clk (net)
                      0.091673    0.003209    0.126868 ^ clkbuf_4_5_0_wr_clk/A (sky130_fd_sc_hd__clkbuf_8)
     2    0.019116    0.037214    0.103720    0.230588 ^ clkbuf_4_5_0_wr_clk/X (sky130_fd_sc_hd__clkbuf_8)
                                                         clknet_4_5_0_wr_clk (net)
                      0.037217    0.000371    0.230959 ^ clkbuf_5_10__f_wr_clk/A (sky130_fd_sc_hd__clkbuf_16)
     5    0.014576    0.027582    0.082552    0.313512 ^ clkbuf_5_10__f_wr_clk/X (sky130_fd_sc_hd__clkbuf_16)
                                                         clknet_5_10__leaf_wr_clk (net)
                      0.027582    0.000249    0.313761 ^ _1102_/CLK (sky130_fd_sc_hd__dfxtp_2)
     2    0.005355    0.029632    0.193579    0.507340 ^ _1102_/Q (sky130_fd_sc_hd__dfxtp_2)
                                                         u_fifomem.mem[14][0] (net)
                      0.029632    0.000035    0.507375 ^ _0874_/A0 (sky130_fd_sc_hd__mux2_2)
     1    0.002321    0.023168    0.082188    0.589563 ^ _0874_/X (sky130_fd_sc_hd__mux2_2)
                                                         _0416_ (net)
                      0.023168    0.000021    0.589584 ^ _0875_/A (sky130_fd_sc_hd__buf_2)
     1    0.002041    0.016815    0.053742    0.643326 ^ _0875_/X (sky130_fd_sc_hd__buf_2)
                                                         _0042_ (net)
                      0.016815    0.000018    0.643344 ^ _1102_/D (sky130_fd_sc_hd__dfxtp_2)
                                              0.643344   data arrival time

                                  0.000000    0.000000   clock wr_clk (rise edge)
                                  0.000000    0.000000   clock source latency
     1    0.024443    0.000000    0.000000    0.000000 ^ wr_clk (in)
                                                         wr_clk (net)
                      0.001082    0.000541    0.000541 ^ clkbuf_0_wr_clk/A (sky130_fd_sc_hd__clkbuf_16)
    16    0.103832    0.091499    0.123118    0.123659 ^ clkbuf_0_wr_clk/X (sky130_fd_sc_hd__clkbuf_16)
                                                         clknet_0_wr_clk (net)
                      0.091673    0.003209    0.126868 ^ clkbuf_4_5_0_wr_clk/A (sky130_fd_sc_hd__clkbuf_8)
     2    0.019116    0.037214    0.103720    0.230588 ^ clkbuf_4_5_0_wr_clk/X (sky130_fd_sc_hd__clkbuf_8)
                                                         clknet_4_5_0_wr_clk (net)
                      0.037217    0.000371    0.230959 ^ clkbuf_5_10__f_wr_clk/A (sky130_fd_sc_hd__clkbuf_16)
     5    0.014576    0.027582    0.082552    0.313512 ^ clkbuf_5_10__f_wr_clk/X (sky130_fd_sc_hd__clkbuf_16)
                                                         clknet_5_10__leaf_wr_clk (net)
                      0.027582    0.000249    0.313761 ^ _1102_/CLK (sky130_fd_sc_hd__dfxtp_2)
                                  0.100000    0.413761   clock uncertainty
                                  0.000000    0.413761   clock reconvergence pessimism
                                 -0.016377    0.397384   library hold time
                                              0.397384   data required time
---------------------------------------------------------------------------------------------
                                              0.397384   data required time
                                             -0.643344   data arrival time
---------------------------------------------------------------------------------------------
                                              0.245960   slack (MET)


Startpoint: _1181_ (rising edge-triggered flip-flop clocked by wr_clk)
Endpoint: _1181_ (rising edge-triggered flip-flop clocked by wr_clk)
Path Group: wr_clk
Path Type: min

Fanout         Cap        Slew       Delay        Time   Description
---------------------------------------------------------------------------------------------
                                  0.000000    0.000000   clock wr_clk (rise edge)
                                  0.000000    0.000000   clock source latency
     1    0.024443    0.000000    0.000000    0.000000 ^ wr_clk (in)
                                                         wr_clk (net)
                      0.001082    0.000541    0.000541 ^ clkbuf_0_wr_clk/A (sky130_fd_sc_hd__clkbuf_16)
    16    0.103832    0.091499    0.123118    0.123659 ^ clkbuf_0_wr_clk/X (sky130_fd_sc_hd__clkbuf_16)
                                                         clknet_0_wr_clk (net)
                      0.091686    0.003328    0.126987 ^ clkbuf_4_4_0_wr_clk/A (sky130_fd_sc_hd__clkbuf_8)
     2    0.018811    0.036885    0.103499    0.230486 ^ clkbuf_4_4_0_wr_clk/X (sky130_fd_sc_hd__clkbuf_8)
                                                         clknet_4_4_0_wr_clk (net)
                      0.036885    0.000186    0.230672 ^ clkbuf_5_8__f_wr_clk/A (sky130_fd_sc_hd__clkbuf_16)
     5    0.013403    0.026803    0.081699    0.312371 ^ clkbuf_5_8__f_wr_clk/X (sky130_fd_sc_hd__clkbuf_16)
                                                         clknet_5_8__leaf_wr_clk (net)
                      0.026803    0.000100    0.312472 ^ _1181_/CLK (sky130_fd_sc_hd__dfxtp_2)
     2    0.004902    0.028161    0.192122    0.504594 ^ _1181_/Q (sky130_fd_sc_hd__dfxtp_2)
                                                         u_fifomem.mem[8][7] (net)
                      0.028161    0.000042    0.504636 ^ _1043_/A0 (sky130_fd_sc_hd__mux2_2)
     1    0.003202    0.025992    0.085037    0.589673 ^ _1043_/X (sky130_fd_sc_hd__mux2_2)
                                                         _0506_ (net)
                      0.025992    0.000040    0.589713 ^ _1044_/A (sky130_fd_sc_hd__buf_1)
     1    0.002880    0.032800    0.051271    0.640984 ^ _1044_/X (sky130_fd_sc_hd__buf_1)
                                                         _0121_ (net)
                      0.032800    0.000035    0.641020 ^ _1181_/D (sky130_fd_sc_hd__dfxtp_2)
                                              0.641020   data arrival time

                                  0.000000    0.000000   clock wr_clk (rise edge)
                                  0.000000    0.000000   clock source latency
     1    0.024443    0.000000    0.000000    0.000000 ^ wr_clk (in)
                                                         wr_clk (net)
                      0.001082    0.000541    0.000541 ^ clkbuf_0_wr_clk/A (sky130_fd_sc_hd__clkbuf_16)
    16    0.103832    0.091499    0.123118    0.123659 ^ clkbuf_0_wr_clk/X (sky130_fd_sc_hd__clkbuf_16)
                                                         clknet_0_wr_clk (net)
                      0.091686    0.003328    0.126987 ^ clkbuf_4_4_0_wr_clk/A (sky130_fd_sc_hd__clkbuf_8)
     2    0.018811    0.036885    0.103499    0.230486 ^ clkbuf_4_4_0_wr_clk/X (sky130_fd_sc_hd__clkbuf_8)
                                                         clknet_4_4_0_wr_clk (net)
                      0.036885    0.000186    0.230672 ^ clkbuf_5_8__f_wr_clk/A (sky130_fd_sc_hd__clkbuf_16)
     5    0.013403    0.026803    0.081699    0.312371 ^ clkbuf_5_8__f_wr_clk/X (sky130_fd_sc_hd__clkbuf_16)
                                                         clknet_5_8__leaf_wr_clk (net)
                      0.026803    0.000100    0.312472 ^ _1181_/CLK (sky130_fd_sc_hd__dfxtp_2)
                                  0.100000    0.412472   clock uncertainty
                                  0.000000    0.412472   clock reconvergence pessimism
                                 -0.017528    0.394944   library hold time
                                              0.394944   data required time
---------------------------------------------------------------------------------------------
                                              0.394944   data required time
                                             -0.641020   data arrival time
---------------------------------------------------------------------------------------------
                                              0.246075   slack (MET)


Startpoint: _1116_ (rising edge-triggered flip-flop clocked by wr_clk)
Endpoint: _1116_ (rising edge-triggered flip-flop clocked by wr_clk)
Path Group: wr_clk
Path Type: min

Fanout         Cap        Slew       Delay        Time   Description
---------------------------------------------------------------------------------------------
                                  0.000000    0.000000   clock wr_clk (rise edge)
                                  0.000000    0.000000   clock source latency
     1    0.024443    0.000000    0.000000    0.000000 ^ wr_clk (in)
                                                         wr_clk (net)
                      0.001082    0.000541    0.000541 ^ clkbuf_0_wr_clk/A (sky130_fd_sc_hd__clkbuf_16)
    16    0.103832    0.091499    0.123118    0.123659 ^ clkbuf_0_wr_clk/X (sky130_fd_sc_hd__clkbuf_16)
                                                         clknet_0_wr_clk (net)
                      0.091714    0.003557    0.127216 ^ clkbuf_4_7_0_wr_clk/A (sky130_fd_sc_hd__clkbuf_8)
     2    0.018693    0.036744    0.103405    0.230621 ^ clkbuf_4_7_0_wr_clk/X (sky130_fd_sc_hd__clkbuf_8)
                                                         clknet_4_7_0_wr_clk (net)
                      0.036745    0.000203    0.230824 ^ clkbuf_5_15__f_wr_clk/A (sky130_fd_sc_hd__clkbuf_16)
     5    0.014003    0.027200    0.082077    0.312901 ^ clkbuf_5_15__f_wr_clk/X (sky130_fd_sc_hd__clkbuf_16)
                                                         clknet_5_15__leaf_wr_clk (net)
                      0.027200    0.000140    0.313042 ^ _1116_/CLK (sky130_fd_sc_hd__dfxtp_2)
     2    0.005524    0.030182    0.193912    0.506954 ^ _1116_/Q (sky130_fd_sc_hd__dfxtp_2)
                                                         u_fifomem.mem[15][6] (net)
                      0.030182    0.000036    0.506990 ^ _0903_/A1 (sky130_fd_sc_hd__mux2_2)
     1    0.003163    0.025533    0.085215    0.592205 ^ _0903_/X (sky130_fd_sc_hd__mux2_2)
                                                         _0431_ (net)
                      0.025533    0.000039    0.592244 ^ _0904_/A (sky130_fd_sc_hd__buf_1)
     1    0.002601    0.030521    0.049505    0.641748 ^ _0904_/X (sky130_fd_sc_hd__buf_1)
                                                         _0056_ (net)
                      0.030521    0.000028    0.641777 ^ _1116_/D (sky130_fd_sc_hd__dfxtp_2)
                                              0.641777   data arrival time

                                  0.000000    0.000000   clock wr_clk (rise edge)
                                  0.000000    0.000000   clock source latency
     1    0.024443    0.000000    0.000000    0.000000 ^ wr_clk (in)
                                                         wr_clk (net)
                      0.001082    0.000541    0.000541 ^ clkbuf_0_wr_clk/A (sky130_fd_sc_hd__clkbuf_16)
    16    0.103832    0.091499    0.123118    0.123659 ^ clkbuf_0_wr_clk/X (sky130_fd_sc_hd__clkbuf_16)
                                                         clknet_0_wr_clk (net)
                      0.091714    0.003557    0.127216 ^ clkbuf_4_7_0_wr_clk/A (sky130_fd_sc_hd__clkbuf_8)
     2    0.018693    0.036744    0.103405    0.230621 ^ clkbuf_4_7_0_wr_clk/X (sky130_fd_sc_hd__clkbuf_8)
                                                         clknet_4_7_0_wr_clk (net)
                      0.036745    0.000203    0.230824 ^ clkbuf_5_15__f_wr_clk/A (sky130_fd_sc_hd__clkbuf_16)
     5    0.014003    0.027200    0.082077    0.312901 ^ clkbuf_5_15__f_wr_clk/X (sky130_fd_sc_hd__clkbuf_16)
                                                         clknet_5_15__leaf_wr_clk (net)
                      0.027200    0.000140    0.313042 ^ _1116_/CLK (sky130_fd_sc_hd__dfxtp_2)
                                  0.100000    0.413042   clock uncertainty
                                  0.000000    0.413042   clock reconvergence pessimism
                                 -0.017357    0.395685   library hold time
                                              0.395685   data required time
---------------------------------------------------------------------------------------------
                                              0.395685   data required time
                                             -0.641777   data arrival time
---------------------------------------------------------------------------------------------
                                              0.246092   slack (MET)


Startpoint: _1088_ (rising edge-triggered flip-flop clocked by wr_clk)
Endpoint: _1088_ (rising edge-triggered flip-flop clocked by wr_clk)
Path Group: wr_clk
Path Type: min

Fanout         Cap        Slew       Delay        Time   Description
---------------------------------------------------------------------------------------------
                                  0.000000    0.000000   clock wr_clk (rise edge)
                                  0.000000    0.000000   clock source latency
     1    0.024443    0.000000    0.000000    0.000000 ^ wr_clk (in)
                                                         wr_clk (net)
                      0.001082    0.000541    0.000541 ^ clkbuf_0_wr_clk/A (sky130_fd_sc_hd__clkbuf_16)
    16    0.103832    0.091499    0.123118    0.123659 ^ clkbuf_0_wr_clk/X (sky130_fd_sc_hd__clkbuf_16)
                                                         clknet_0_wr_clk (net)
                      0.091714    0.003557    0.127216 ^ clkbuf_4_7_0_wr_clk/A (sky130_fd_sc_hd__clkbuf_8)
     2    0.018693    0.036744    0.103405    0.230621 ^ clkbuf_4_7_0_wr_clk/X (sky130_fd_sc_hd__clkbuf_8)
                                                         clknet_4_7_0_wr_clk (net)
                      0.036744    0.000035    0.230656 ^ clkbuf_5_14__f_wr_clk/A (sky130_fd_sc_hd__clkbuf_16)
     5    0.014062    0.027238    0.082126    0.312782 ^ clkbuf_5_14__f_wr_clk/X (sky130_fd_sc_hd__clkbuf_16)
                                                         clknet_5_14__leaf_wr_clk (net)
                      0.027238    0.000072    0.312854 ^ _1088_/CLK (sky130_fd_sc_hd__dfxtp_2)
     2    0.006074    0.031986    0.195372    0.508226 ^ _1088_/Q (sky130_fd_sc_hd__dfxtp_2)
                                                         u_fifomem.mem[12][2] (net)
                      0.031986    0.000094    0.508320 ^ _0842_/A0 (sky130_fd_sc_hd__mux2_2)
     1    0.003649    0.027443    0.087742    0.596061 ^ _0842_/X (sky130_fd_sc_hd__mux2_2)
                                                         _0398_ (net)
                      0.027443    0.000048    0.596109 ^ _0843_/A (sky130_fd_sc_hd__buf_1)
     1    0.001975    0.025515    0.046129    0.642239 ^ _0843_/X (sky130_fd_sc_hd__buf_1)
                                                         _0028_ (net)
                      0.025515    0.000016    0.642255 ^ _1088_/D (sky130_fd_sc_hd__dfxtp_2)
                                              0.642255   data arrival time

                                  0.000000    0.000000   clock wr_clk (rise edge)
                                  0.000000    0.000000   clock source latency
     1    0.024443    0.000000    0.000000    0.000000 ^ wr_clk (in)
                                                         wr_clk (net)
                      0.001082    0.000541    0.000541 ^ clkbuf_0_wr_clk/A (sky130_fd_sc_hd__clkbuf_16)
    16    0.103832    0.091499    0.123118    0.123659 ^ clkbuf_0_wr_clk/X (sky130_fd_sc_hd__clkbuf_16)
                                                         clknet_0_wr_clk (net)
                      0.091714    0.003557    0.127216 ^ clkbuf_4_7_0_wr_clk/A (sky130_fd_sc_hd__clkbuf_8)
     2    0.018693    0.036744    0.103405    0.230621 ^ clkbuf_4_7_0_wr_clk/X (sky130_fd_sc_hd__clkbuf_8)
                                                         clknet_4_7_0_wr_clk (net)
                      0.036744    0.000035    0.230656 ^ clkbuf_5_14__f_wr_clk/A (sky130_fd_sc_hd__clkbuf_16)
     5    0.014062    0.027238    0.082126    0.312782 ^ clkbuf_5_14__f_wr_clk/X (sky130_fd_sc_hd__clkbuf_16)
                                                         clknet_5_14__leaf_wr_clk (net)
                      0.027238    0.000072    0.312854 ^ _1088_/CLK (sky130_fd_sc_hd__dfxtp_2)
                                  0.100000    0.412854   clock uncertainty
                                  0.000000    0.412854   clock reconvergence pessimism
                                 -0.017001    0.395853   library hold time
                                              0.395853   data required time
---------------------------------------------------------------------------------------------
                                              0.395853   data required time
                                             -0.642255   data arrival time
---------------------------------------------------------------------------------------------
                                              0.246402   slack (MET)


Startpoint: _1145_ (rising edge-triggered flip-flop clocked by wr_clk)
Endpoint: _1145_ (rising edge-triggered flip-flop clocked by wr_clk)
Path Group: wr_clk
Path Type: min

Fanout         Cap        Slew       Delay        Time   Description
---------------------------------------------------------------------------------------------
                                  0.000000    0.000000   clock wr_clk (rise edge)
                                  0.000000    0.000000   clock source latency
     1    0.024443    0.000000    0.000000    0.000000 ^ wr_clk (in)
                                                         wr_clk (net)
                      0.001082    0.000541    0.000541 ^ clkbuf_0_wr_clk/A (sky130_fd_sc_hd__clkbuf_16)
    16    0.103832    0.091499    0.123118    0.123659 ^ clkbuf_0_wr_clk/X (sky130_fd_sc_hd__clkbuf_16)
                                                         clknet_0_wr_clk (net)
                      0.091540    0.001579    0.125239 ^ clkbuf_4_11_0_wr_clk/A (sky130_fd_sc_hd__clkbuf_8)
     2    0.017609    0.035512    0.102201    0.227440 ^ clkbuf_4_11_0_wr_clk/X (sky130_fd_sc_hd__clkbuf_8)
                                                         clknet_4_11_0_wr_clk (net)
                      0.035512    0.000129    0.227569 ^ clkbuf_5_23__f_wr_clk/A (sky130_fd_sc_hd__clkbuf_16)
     5    0.014143    0.027288    0.081817    0.309385 ^ clkbuf_5_23__f_wr_clk/X (sky130_fd_sc_hd__clkbuf_16)
                                                         clknet_5_23__leaf_wr_clk (net)
                      0.027288    0.000007    0.309392 ^ _1145_/CLK (sky130_fd_sc_hd__dfxtp_2)
     2    0.005515    0.030150    0.193904    0.503297 ^ _1145_/Q (sky130_fd_sc_hd__dfxtp_2)
                                                         u_fifomem.mem[4][3] (net)
                      0.030150    0.000065    0.503362 ^ _0966_/A0 (sky130_fd_sc_hd__mux2_2)
     1    0.003553    0.027123    0.086880    0.590242 ^ _0966_/X (sky130_fd_sc_hd__mux2_2)
                                                         _0465_ (net)
                      0.027123    0.000049    0.590291 ^ _0967_/A (sky130_fd_sc_hd__buf_1)
     1    0.002372    0.028679    0.048447    0.638738 ^ _0967_/X (sky130_fd_sc_hd__buf_1)
                                                         _0085_ (net)
                      0.028679    0.000024    0.638762 ^ _1145_/D (sky130_fd_sc_hd__dfxtp_2)
                                              0.638762   data arrival time

                                  0.000000    0.000000   clock wr_clk (rise edge)
                                  0.000000    0.000000   clock source latency
     1    0.024443    0.000000    0.000000    0.000000 ^ wr_clk (in)
                                                         wr_clk (net)
                      0.001082    0.000541    0.000541 ^ clkbuf_0_wr_clk/A (sky130_fd_sc_hd__clkbuf_16)
    16    0.103832    0.091499    0.123118    0.123659 ^ clkbuf_0_wr_clk/X (sky130_fd_sc_hd__clkbuf_16)
                                                         clknet_0_wr_clk (net)
                      0.091540    0.001579    0.125239 ^ clkbuf_4_11_0_wr_clk/A (sky130_fd_sc_hd__clkbuf_8)
     2    0.017609    0.035512    0.102201    0.227440 ^ clkbuf_4_11_0_wr_clk/X (sky130_fd_sc_hd__clkbuf_8)
                                                         clknet_4_11_0_wr_clk (net)
                      0.035512    0.000129    0.227569 ^ clkbuf_5_23__f_wr_clk/A (sky130_fd_sc_hd__clkbuf_16)
     5    0.014143    0.027288    0.081817    0.309385 ^ clkbuf_5_23__f_wr_clk/X (sky130_fd_sc_hd__clkbuf_16)
                                                         clknet_5_23__leaf_wr_clk (net)
                      0.027288    0.000007    0.309392 ^ _1145_/CLK (sky130_fd_sc_hd__dfxtp_2)
                                  0.100000    0.409392   clock uncertainty
                                  0.000000    0.409392   clock reconvergence pessimism
                                 -0.017224    0.392168   library hold time
                                              0.392168   data required time
---------------------------------------------------------------------------------------------
                                              0.392168   data required time
                                             -0.638762   data arrival time
---------------------------------------------------------------------------------------------
                                              0.246594   slack (MET)


Startpoint: _1121_ (rising edge-triggered flip-flop clocked by wr_clk)
Endpoint: _1121_ (rising edge-triggered flip-flop clocked by wr_clk)
Path Group: wr_clk
Path Type: min

Fanout         Cap        Slew       Delay        Time   Description
---------------------------------------------------------------------------------------------
                                  0.000000    0.000000   clock wr_clk (rise edge)
                                  0.000000    0.000000   clock source latency
     1    0.024443    0.000000    0.000000    0.000000 ^ wr_clk (in)
                                                         wr_clk (net)
                      0.001082    0.000541    0.000541 ^ clkbuf_0_wr_clk/A (sky130_fd_sc_hd__clkbuf_16)
    16    0.103832    0.091499    0.123118    0.123659 ^ clkbuf_0_wr_clk/X (sky130_fd_sc_hd__clkbuf_16)
                                                         clknet_0_wr_clk (net)
                      0.091533    0.001440    0.125100 ^ clkbuf_4_10_0_wr_clk/A (sky130_fd_sc_hd__clkbuf_8)
     2    0.019180    0.037276    0.103825    0.228925 ^ clkbuf_4_10_0_wr_clk/X (sky130_fd_sc_hd__clkbuf_8)
                                                         clknet_4_10_0_wr_clk (net)
                      0.037277    0.000236    0.229161 ^ clkbuf_5_20__f_wr_clk/A (sky130_fd_sc_hd__clkbuf_16)
     5    0.013564    0.026911    0.081942    0.311103 ^ clkbuf_5_20__f_wr_clk/X (sky130_fd_sc_hd__clkbuf_16)
                                                         clknet_5_20__leaf_wr_clk (net)
                      0.026911    0.000056    0.311159 ^ _1121_/CLK (sky130_fd_sc_hd__dfxtp_2)
     2    0.005087    0.028754    0.192645    0.503804 ^ _1121_/Q (sky130_fd_sc_hd__dfxtp_2)
                                                         u_fifomem.mem[1][3] (net)
                      0.028754    0.000069    0.503873 ^ _0914_/A0 (sky130_fd_sc_hd__mux2_2)
     1    0.002145    0.022606    0.081297    0.585170 ^ _0914_/X (sky130_fd_sc_hd__mux2_2)
                                                         _0437_ (net)
                      0.022606    0.000010    0.585180 ^ _0915_/A (sky130_fd_sc_hd__buf_2)
     1    0.002870    0.019297    0.056016    0.641196 ^ _0915_/X (sky130_fd_sc_hd__buf_2)
                                                         _0061_ (net)
                      0.019297    0.000034    0.641230 ^ _1121_/D (sky130_fd_sc_hd__dfxtp_2)
                                              0.641230   data arrival time

                                  0.000000    0.000000   clock wr_clk (rise edge)
                                  0.000000    0.000000   clock source latency
     1    0.024443    0.000000    0.000000    0.000000 ^ wr_clk (in)
                                                         wr_clk (net)
                      0.001082    0.000541    0.000541 ^ clkbuf_0_wr_clk/A (sky130_fd_sc_hd__clkbuf_16)
    16    0.103832    0.091499    0.123118    0.123659 ^ clkbuf_0_wr_clk/X (sky130_fd_sc_hd__clkbuf_16)
                                                         clknet_0_wr_clk (net)
                      0.091533    0.001440    0.125100 ^ clkbuf_4_10_0_wr_clk/A (sky130_fd_sc_hd__clkbuf_8)
     2    0.019180    0.037276    0.103825    0.228925 ^ clkbuf_4_10_0_wr_clk/X (sky130_fd_sc_hd__clkbuf_8)
                                                         clknet_4_10_0_wr_clk (net)
                      0.037277    0.000236    0.229161 ^ clkbuf_5_20__f_wr_clk/A (sky130_fd_sc_hd__clkbuf_16)
     5    0.013564    0.026911    0.081942    0.311103 ^ clkbuf_5_20__f_wr_clk/X (sky130_fd_sc_hd__clkbuf_16)
                                                         clknet_5_20__leaf_wr_clk (net)
                      0.026911    0.000056    0.311159 ^ _1121_/CLK (sky130_fd_sc_hd__dfxtp_2)
                                  0.100000    0.411159   clock uncertainty
                                  0.000000    0.411159   clock reconvergence pessimism
                                 -0.016569    0.394591   library hold time
                                              0.394591   data required time
---------------------------------------------------------------------------------------------
                                              0.394591   data required time
                                             -0.641230   data arrival time
---------------------------------------------------------------------------------------------
                                              0.246639   slack (MET)


Startpoint: _1136_ (rising edge-triggered flip-flop clocked by wr_clk)
Endpoint: _1136_ (rising edge-triggered flip-flop clocked by wr_clk)
Path Group: wr_clk
Path Type: min

Fanout         Cap        Slew       Delay        Time   Description
---------------------------------------------------------------------------------------------
                                  0.000000    0.000000   clock wr_clk (rise edge)
                                  0.000000    0.000000   clock source latency
     1    0.024443    0.000000    0.000000    0.000000 ^ wr_clk (in)
                                                         wr_clk (net)
                      0.001082    0.000541    0.000541 ^ clkbuf_0_wr_clk/A (sky130_fd_sc_hd__clkbuf_16)
    16    0.103832    0.091499    0.123118    0.123659 ^ clkbuf_0_wr_clk/X (sky130_fd_sc_hd__clkbuf_16)
                                                         clknet_0_wr_clk (net)
                      0.091636    0.002858    0.126518 ^ clkbuf_4_1_0_wr_clk/A (sky130_fd_sc_hd__clkbuf_8)
     2    0.017991    0.035941    0.102621    0.229138 ^ clkbuf_4_1_0_wr_clk/X (sky130_fd_sc_hd__clkbuf_8)
                                                         clknet_4_1_0_wr_clk (net)
                      0.035941    0.000192    0.229331 ^ clkbuf_5_2__f_wr_clk/A (sky130_fd_sc_hd__clkbuf_16)
     5    0.016051    0.028551    0.083193    0.312523 ^ clkbuf_5_2__f_wr_clk/X (sky130_fd_sc_hd__clkbuf_16)
                                                         clknet_5_2__leaf_wr_clk (net)
                      0.028556    0.000436    0.312960 ^ _1136_/CLK (sky130_fd_sc_hd__dfxtp_2)
     2    0.004727    0.027602    0.192191    0.505151 ^ _1136_/Q (sky130_fd_sc_hd__dfxtp_2)
                                                         u_fifomem.mem[3][2] (net)
                      0.027602    0.000028    0.505179 ^ _0946_/A0 (sky130_fd_sc_hd__mux2_2)
     1    0.002754    0.024554    0.083230    0.588409 ^ _0946_/X (sky130_fd_sc_hd__mux2_2)
                                                         _0454_ (net)
                      0.024554    0.000030    0.588438 ^ _0947_/A (sky130_fd_sc_hd__buf_2)
     1    0.002240    0.017412    0.054746    0.643184 ^ _0947_/X (sky130_fd_sc_hd__buf_2)
                                                         _0076_ (net)
                      0.017412    0.000021    0.643205 ^ _1136_/D (sky130_fd_sc_hd__dfxtp_2)
                                              0.643205   data arrival time

                                  0.000000    0.000000   clock wr_clk (rise edge)
                                  0.000000    0.000000   clock source latency
     1    0.024443    0.000000    0.000000    0.000000 ^ wr_clk (in)
                                                         wr_clk (net)
                      0.001082    0.000541    0.000541 ^ clkbuf_0_wr_clk/A (sky130_fd_sc_hd__clkbuf_16)
    16    0.103832    0.091499    0.123118    0.123659 ^ clkbuf_0_wr_clk/X (sky130_fd_sc_hd__clkbuf_16)
                                                         clknet_0_wr_clk (net)
                      0.091636    0.002858    0.126518 ^ clkbuf_4_1_0_wr_clk/A (sky130_fd_sc_hd__clkbuf_8)
     2    0.017991    0.035941    0.102621    0.229138 ^ clkbuf_4_1_0_wr_clk/X (sky130_fd_sc_hd__clkbuf_8)
                                                         clknet_4_1_0_wr_clk (net)
                      0.035941    0.000192    0.229331 ^ clkbuf_5_2__f_wr_clk/A (sky130_fd_sc_hd__clkbuf_16)
     5    0.016051    0.028551    0.083193    0.312523 ^ clkbuf_5_2__f_wr_clk/X (sky130_fd_sc_hd__clkbuf_16)
                                                         clknet_5_2__leaf_wr_clk (net)
                      0.028556    0.000436    0.312960 ^ _1136_/CLK (sky130_fd_sc_hd__dfxtp_2)
                                  0.100000    0.412960   clock uncertainty
                                  0.000000    0.412960   clock reconvergence pessimism
                                 -0.016396    0.396563   library hold time
                                              0.396563   data required time
---------------------------------------------------------------------------------------------
                                              0.396563   data required time
                                             -0.643205   data arrival time
---------------------------------------------------------------------------------------------
                                              0.246642   slack (MET)


Startpoint: _1156_ (rising edge-triggered flip-flop clocked by wr_clk)
Endpoint: _1156_ (rising edge-triggered flip-flop clocked by wr_clk)
Path Group: wr_clk
Path Type: min

Fanout         Cap        Slew       Delay        Time   Description
---------------------------------------------------------------------------------------------
                                  0.000000    0.000000   clock wr_clk (rise edge)
                                  0.000000    0.000000   clock source latency
     1    0.024443    0.000000    0.000000    0.000000 ^ wr_clk (in)
                                                         wr_clk (net)
                      0.001082    0.000541    0.000541 ^ clkbuf_0_wr_clk/A (sky130_fd_sc_hd__clkbuf_16)
    16    0.103832    0.091499    0.123118    0.123659 ^ clkbuf_0_wr_clk/X (sky130_fd_sc_hd__clkbuf_16)
                                                         clknet_0_wr_clk (net)
                      0.091499    0.000074    0.123733 ^ clkbuf_4_12_0_wr_clk/A (sky130_fd_sc_hd__clkbuf_8)
     2    0.019505    0.037648    0.104117    0.227850 ^ clkbuf_4_12_0_wr_clk/X (sky130_fd_sc_hd__clkbuf_8)
                                                         clknet_4_12_0_wr_clk (net)
                      0.037651    0.000356    0.228206 ^ clkbuf_5_25__f_wr_clk/A (sky130_fd_sc_hd__clkbuf_16)
     6    0.021859    0.032405    0.087698    0.315904 ^ clkbuf_5_25__f_wr_clk/X (sky130_fd_sc_hd__clkbuf_16)
                                                         clknet_5_25__leaf_wr_clk (net)
                      0.032406    0.000244    0.316148 ^ _1156_/CLK (sky130_fd_sc_hd__dfxtp_2)
     2    0.005695    0.030735    0.195918    0.512066 ^ _1156_/Q (sky130_fd_sc_hd__dfxtp_2)
                                                         u_fifomem.mem[5][6] (net)
                      0.030735    0.000053    0.512119 ^ _0989_/A0 (sky130_fd_sc_hd__mux2_2)
     1    0.003126    0.025743    0.085469    0.597588 ^ _0989_/X (sky130_fd_sc_hd__mux2_2)
                                                         _0477_ (net)
                      0.025743    0.000032    0.597620 ^ _0990_/A (sky130_fd_sc_hd__buf_1)
     1    0.002368    0.028635    0.048155    0.645775 ^ _0990_/X (sky130_fd_sc_hd__buf_1)
                                                         _0096_ (net)
                      0.028635    0.000013    0.645788 ^ _1156_/D (sky130_fd_sc_hd__dfxtp_2)
                                              0.645788   data arrival time

                                  0.000000    0.000000   clock wr_clk (rise edge)
                                  0.000000    0.000000   clock source latency
     1    0.024443    0.000000    0.000000    0.000000 ^ wr_clk (in)
                                                         wr_clk (net)
                      0.001082    0.000541    0.000541 ^ clkbuf_0_wr_clk/A (sky130_fd_sc_hd__clkbuf_16)
    16    0.103832    0.091499    0.123118    0.123659 ^ clkbuf_0_wr_clk/X (sky130_fd_sc_hd__clkbuf_16)
                                                         clknet_0_wr_clk (net)
                      0.091499    0.000074    0.123733 ^ clkbuf_4_12_0_wr_clk/A (sky130_fd_sc_hd__clkbuf_8)
     2    0.019505    0.037648    0.104117    0.227850 ^ clkbuf_4_12_0_wr_clk/X (sky130_fd_sc_hd__clkbuf_8)
                                                         clknet_4_12_0_wr_clk (net)
                      0.037651    0.000356    0.228206 ^ clkbuf_5_25__f_wr_clk/A (sky130_fd_sc_hd__clkbuf_16)
     6    0.021859    0.032405    0.087698    0.315904 ^ clkbuf_5_25__f_wr_clk/X (sky130_fd_sc_hd__clkbuf_16)
                                                         clknet_5_25__leaf_wr_clk (net)
                      0.032406    0.000244    0.316148 ^ _1156_/CLK (sky130_fd_sc_hd__dfxtp_2)
                                  0.100000    0.416148   clock uncertainty
                                  0.000000    0.416148   clock reconvergence pessimism
                                 -0.017099    0.399049   library hold time
                                              0.399049   data required time
---------------------------------------------------------------------------------------------
                                              0.399049   data required time
                                             -0.645788   data arrival time
---------------------------------------------------------------------------------------------
                                              0.246739   slack (MET)


Startpoint: _1171_ (rising edge-triggered flip-flop clocked by wr_clk)
Endpoint: _1171_ (rising edge-triggered flip-flop clocked by wr_clk)
Path Group: wr_clk
Path Type: min

Fanout         Cap        Slew       Delay        Time   Description
---------------------------------------------------------------------------------------------
                                  0.000000    0.000000   clock wr_clk (rise edge)
                                  0.000000    0.000000   clock source latency
     1    0.024443    0.000000    0.000000    0.000000 ^ wr_clk (in)
                                                         wr_clk (net)
                      0.001082    0.000541    0.000541 ^ clkbuf_0_wr_clk/A (sky130_fd_sc_hd__clkbuf_16)
    16    0.103832    0.091499    0.123118    0.123659 ^ clkbuf_0_wr_clk/X (sky130_fd_sc_hd__clkbuf_16)
                                                         clknet_0_wr_clk (net)
                      0.091540    0.001579    0.125239 ^ clkbuf_4_11_0_wr_clk/A (sky130_fd_sc_hd__clkbuf_8)
     2    0.017609    0.035512    0.102201    0.227440 ^ clkbuf_4_11_0_wr_clk/X (sky130_fd_sc_hd__clkbuf_8)
                                                         clknet_4_11_0_wr_clk (net)
                      0.035512    0.000162    0.227602 ^ clkbuf_5_22__f_wr_clk/A (sky130_fd_sc_hd__clkbuf_16)
     5    0.014863    0.027764    0.082301    0.309903 ^ clkbuf_5_22__f_wr_clk/X (sky130_fd_sc_hd__clkbuf_16)
                                                         clknet_5_22__leaf_wr_clk (net)
                      0.027764    0.000108    0.310011 ^ _1171_/CLK (sky130_fd_sc_hd__dfxtp_2)
     2    0.005698    0.030749    0.194530    0.504541 ^ _1171_/Q (sky130_fd_sc_hd__dfxtp_2)
                                                         u_fifomem.mem[7][5] (net)
                      0.030749    0.000066    0.504607 ^ _1021_/A1 (sky130_fd_sc_hd__mux2_2)
     1    0.003553    0.026815    0.086808    0.591415 ^ _1021_/X (sky130_fd_sc_hd__mux2_2)
                                                         _0494_ (net)
                      0.026815    0.000049    0.591464 ^ _1022_/A (sky130_fd_sc_hd__buf_1)
     1    0.002333    0.028363    0.048153    0.639617 ^ _1022_/X (sky130_fd_sc_hd__buf_1)
                                                         _0111_ (net)
                      0.028363    0.000023    0.639640 ^ _1171_/D (sky130_fd_sc_hd__dfxtp_2)
                                              0.639640   data arrival time

                                  0.000000    0.000000   clock wr_clk (rise edge)
                                  0.000000    0.000000   clock source latency
     1    0.024443    0.000000    0.000000    0.000000 ^ wr_clk (in)
                                                         wr_clk (net)
                      0.001082    0.000541    0.000541 ^ clkbuf_0_wr_clk/A (sky130_fd_sc_hd__clkbuf_16)
    16    0.103832    0.091499    0.123118    0.123659 ^ clkbuf_0_wr_clk/X (sky130_fd_sc_hd__clkbuf_16)
                                                         clknet_0_wr_clk (net)
                      0.091540    0.001579    0.125239 ^ clkbuf_4_11_0_wr_clk/A (sky130_fd_sc_hd__clkbuf_8)
     2    0.017609    0.035512    0.102201    0.227440 ^ clkbuf_4_11_0_wr_clk/X (sky130_fd_sc_hd__clkbuf_8)
                                                         clknet_4_11_0_wr_clk (net)
                      0.035512    0.000162    0.227602 ^ clkbuf_5_22__f_wr_clk/A (sky130_fd_sc_hd__clkbuf_16)
     5    0.014863    0.027764    0.082301    0.309903 ^ clkbuf_5_22__f_wr_clk/X (sky130_fd_sc_hd__clkbuf_16)
                                                         clknet_5_22__leaf_wr_clk (net)
                      0.027764    0.000108    0.310011 ^ _1171_/CLK (sky130_fd_sc_hd__dfxtp_2)
                                  0.100000    0.410011   clock uncertainty
                                  0.000000    0.410011   clock reconvergence pessimism
                                 -0.017191    0.392821   library hold time
                                              0.392821   data required time
---------------------------------------------------------------------------------------------
                                              0.392821   data required time
                                             -0.639640   data arrival time
---------------------------------------------------------------------------------------------
                                              0.246820   slack (MET)


Startpoint: _1137_ (rising edge-triggered flip-flop clocked by wr_clk)
Endpoint: _1137_ (rising edge-triggered flip-flop clocked by wr_clk)
Path Group: wr_clk
Path Type: min

Fanout         Cap        Slew       Delay        Time   Description
---------------------------------------------------------------------------------------------
                                  0.000000    0.000000   clock wr_clk (rise edge)
                                  0.000000    0.000000   clock source latency
     1    0.024443    0.000000    0.000000    0.000000 ^ wr_clk (in)
                                                         wr_clk (net)
                      0.001082    0.000541    0.000541 ^ clkbuf_0_wr_clk/A (sky130_fd_sc_hd__clkbuf_16)
    16    0.103832    0.091499    0.123118    0.123659 ^ clkbuf_0_wr_clk/X (sky130_fd_sc_hd__clkbuf_16)
                                                         clknet_0_wr_clk (net)
                      0.091533    0.001440    0.125100 ^ clkbuf_4_10_0_wr_clk/A (sky130_fd_sc_hd__clkbuf_8)
     2    0.019180    0.037276    0.103825    0.228925 ^ clkbuf_4_10_0_wr_clk/X (sky130_fd_sc_hd__clkbuf_8)
                                                         clknet_4_10_0_wr_clk (net)
                      0.037277    0.000236    0.229161 ^ clkbuf_5_20__f_wr_clk/A (sky130_fd_sc_hd__clkbuf_16)
     5    0.013564    0.026911    0.081942    0.311103 ^ clkbuf_5_20__f_wr_clk/X (sky130_fd_sc_hd__clkbuf_16)
                                                         clknet_5_20__leaf_wr_clk (net)
                      0.026911    0.000047    0.311150 ^ _1137_/CLK (sky130_fd_sc_hd__dfxtp_2)
     2    0.005192    0.029101    0.192941    0.504091 ^ _1137_/Q (sky130_fd_sc_hd__dfxtp_2)
                                                         u_fifomem.mem[3][3] (net)
                      0.029101    0.000029    0.504120 ^ _0948_/A0 (sky130_fd_sc_hd__mux2_2)
     1    0.002508    0.023765    0.082733    0.586853 ^ _0948_/X (sky130_fd_sc_hd__mux2_2)
                                                         _0455_ (net)
                      0.023765    0.000026    0.586879 ^ _0949_/A (sky130_fd_sc_hd__buf_2)
     1    0.002341    0.017713    0.054805    0.641684 ^ _0949_/X (sky130_fd_sc_hd__buf_2)
                                                         _0077_ (net)
                      0.017713    0.000022    0.641706 ^ _1137_/D (sky130_fd_sc_hd__dfxtp_2)
                                              0.641706   data arrival time

                                  0.000000    0.000000   clock wr_clk (rise edge)
                                  0.000000    0.000000   clock source latency
     1    0.024443    0.000000    0.000000    0.000000 ^ wr_clk (in)
                                                         wr_clk (net)
                      0.001082    0.000541    0.000541 ^ clkbuf_0_wr_clk/A (sky130_fd_sc_hd__clkbuf_16)
    16    0.103832    0.091499    0.123118    0.123659 ^ clkbuf_0_wr_clk/X (sky130_fd_sc_hd__clkbuf_16)
                                                         clknet_0_wr_clk (net)
                      0.091533    0.001440    0.125100 ^ clkbuf_4_10_0_wr_clk/A (sky130_fd_sc_hd__clkbuf_8)
     2    0.019180    0.037276    0.103825    0.228925 ^ clkbuf_4_10_0_wr_clk/X (sky130_fd_sc_hd__clkbuf_8)
                                                         clknet_4_10_0_wr_clk (net)
                      0.037277    0.000236    0.229161 ^ clkbuf_5_20__f_wr_clk/A (sky130_fd_sc_hd__clkbuf_16)
     5    0.013564    0.026911    0.081942    0.311103 ^ clkbuf_5_20__f_wr_clk/X (sky130_fd_sc_hd__clkbuf_16)
                                                         clknet_5_20__leaf_wr_clk (net)
                      0.026911    0.000047    0.311150 ^ _1137_/CLK (sky130_fd_sc_hd__dfxtp_2)
                                  0.100000    0.411150   clock uncertainty
                                  0.000000    0.411150   clock reconvergence pessimism
                                 -0.016457    0.394694   library hold time
                                              0.394694   data required time
---------------------------------------------------------------------------------------------
                                              0.394694   data required time
                                             -0.641706   data arrival time
---------------------------------------------------------------------------------------------
                                              0.247012   slack (MET)


Startpoint: _1098_ (rising edge-triggered flip-flop clocked by wr_clk)
Endpoint: _1098_ (rising edge-triggered flip-flop clocked by wr_clk)
Path Group: wr_clk
Path Type: min

Fanout         Cap        Slew       Delay        Time   Description
---------------------------------------------------------------------------------------------
                                  0.000000    0.000000   clock wr_clk (rise edge)
                                  0.000000    0.000000   clock source latency
     1    0.024443    0.000000    0.000000    0.000000 ^ wr_clk (in)
                                                         wr_clk (net)
                      0.001082    0.000541    0.000541 ^ clkbuf_0_wr_clk/A (sky130_fd_sc_hd__clkbuf_16)
    16    0.103832    0.091499    0.123118    0.123659 ^ clkbuf_0_wr_clk/X (sky130_fd_sc_hd__clkbuf_16)
                                                         clknet_0_wr_clk (net)
                      0.091563    0.001971    0.125630 ^ clkbuf_4_3_0_wr_clk/A (sky130_fd_sc_hd__clkbuf_8)
     2    0.019504    0.037648    0.104135    0.229765 ^ clkbuf_4_3_0_wr_clk/X (sky130_fd_sc_hd__clkbuf_8)
                                                         clknet_4_3_0_wr_clk (net)
                      0.037651    0.000361    0.230126 ^ clkbuf_5_6__f_wr_clk/A (sky130_fd_sc_hd__clkbuf_16)
     5    0.014250    0.027366    0.082517    0.312643 ^ clkbuf_5_6__f_wr_clk/X (sky130_fd_sc_hd__clkbuf_16)
                                                         clknet_5_6__leaf_wr_clk (net)
                      0.027366    0.000082    0.312725 ^ _1098_/CLK (sky130_fd_sc_hd__dfxtp_2)
     2    0.005081    0.028739    0.192773    0.505498 ^ _1098_/Q (sky130_fd_sc_hd__dfxtp_2)
                                                         u_fifomem.mem[13][4] (net)
                      0.028739    0.000049    0.505547 ^ _0864_/A0 (sky130_fd_sc_hd__mux2_2)
     1    0.002420    0.023485    0.082312    0.587860 ^ _0864_/X (sky130_fd_sc_hd__mux2_2)
                                                         _0410_ (net)
                      0.023485    0.000010    0.587869 ^ _0865_/A (sky130_fd_sc_hd__buf_1)
     1    0.003426    0.037251    0.054046    0.641915 ^ _0865_/X (sky130_fd_sc_hd__buf_1)
                                                         _0038_ (net)
                      0.037251    0.000050    0.641965 ^ _1098_/D (sky130_fd_sc_hd__dfxtp_2)
                                              0.641965   data arrival time

                                  0.000000    0.000000   clock wr_clk (rise edge)
                                  0.000000    0.000000   clock source latency
     1    0.024443    0.000000    0.000000    0.000000 ^ wr_clk (in)
                                                         wr_clk (net)
                      0.001082    0.000541    0.000541 ^ clkbuf_0_wr_clk/A (sky130_fd_sc_hd__clkbuf_16)
    16    0.103832    0.091499    0.123118    0.123659 ^ clkbuf_0_wr_clk/X (sky130_fd_sc_hd__clkbuf_16)
                                                         clknet_0_wr_clk (net)
                      0.091563    0.001971    0.125630 ^ clkbuf_4_3_0_wr_clk/A (sky130_fd_sc_hd__clkbuf_8)
     2    0.019504    0.037648    0.104135    0.229765 ^ clkbuf_4_3_0_wr_clk/X (sky130_fd_sc_hd__clkbuf_8)
                                                         clknet_4_3_0_wr_clk (net)
                      0.037651    0.000361    0.230126 ^ clkbuf_5_6__f_wr_clk/A (sky130_fd_sc_hd__clkbuf_16)
     5    0.014250    0.027366    0.082517    0.312643 ^ clkbuf_5_6__f_wr_clk/X (sky130_fd_sc_hd__clkbuf_16)
                                                         clknet_5_6__leaf_wr_clk (net)
                      0.027366    0.000082    0.312725 ^ _1098_/CLK (sky130_fd_sc_hd__dfxtp_2)
                                  0.100000    0.412725   clock uncertainty
                                  0.000000    0.412725   clock reconvergence pessimism
                                 -0.017829    0.394895   library hold time
                                              0.394895   data required time
---------------------------------------------------------------------------------------------
                                              0.394895   data required time
                                             -0.641965   data arrival time
---------------------------------------------------------------------------------------------
                                              0.247070   slack (MET)


Startpoint: _1077_ (rising edge-triggered flip-flop clocked by wr_clk)
Endpoint: _1077_ (rising edge-triggered flip-flop clocked by wr_clk)
Path Group: wr_clk
Path Type: min

Fanout         Cap        Slew       Delay        Time   Description
---------------------------------------------------------------------------------------------
                                  0.000000    0.000000   clock wr_clk (rise edge)
                                  0.000000    0.000000   clock source latency
     1    0.024443    0.000000    0.000000    0.000000 ^ wr_clk (in)
                                                         wr_clk (net)
                      0.001082    0.000541    0.000541 ^ clkbuf_0_wr_clk/A (sky130_fd_sc_hd__clkbuf_16)
    16    0.103832    0.091499    0.123118    0.123659 ^ clkbuf_0_wr_clk/X (sky130_fd_sc_hd__clkbuf_16)
                                                         clknet_0_wr_clk (net)
                      0.091686    0.003328    0.126987 ^ clkbuf_4_4_0_wr_clk/A (sky130_fd_sc_hd__clkbuf_8)
     2    0.018811    0.036885    0.103499    0.230486 ^ clkbuf_4_4_0_wr_clk/X (sky130_fd_sc_hd__clkbuf_8)
                                                         clknet_4_4_0_wr_clk (net)
                      0.036885    0.000186    0.230672 ^ clkbuf_5_8__f_wr_clk/A (sky130_fd_sc_hd__clkbuf_16)
     5    0.013403    0.026803    0.081699    0.312371 ^ clkbuf_5_8__f_wr_clk/X (sky130_fd_sc_hd__clkbuf_16)
                                                         clknet_5_8__leaf_wr_clk (net)
                      0.026803    0.000156    0.312527 ^ _1077_/CLK (sky130_fd_sc_hd__dfxtp_2)
     2    0.005678    0.030683    0.194194    0.506721 ^ _1077_/Q (sky130_fd_sc_hd__dfxtp_2)
                                                         u_fifomem.mem[10][7] (net)
                      0.030683    0.000061    0.506782 ^ _0817_/A0 (sky130_fd_sc_hd__mux2_2)
     1    0.002056    0.022320    0.081502    0.588284 ^ _0817_/X (sky130_fd_sc_hd__mux2_2)
                                                         _0384_ (net)
                      0.022320    0.000009    0.588293 ^ _0818_/A (sky130_fd_sc_hd__buf_2)
     1    0.002489    0.018157    0.054817    0.643110 ^ _0818_/X (sky130_fd_sc_hd__buf_2)
                                                         _0017_ (net)
                      0.018157    0.000027    0.643137 ^ _1077_/D (sky130_fd_sc_hd__dfxtp_2)
                                              0.643137   data arrival time

                                  0.000000    0.000000   clock wr_clk (rise edge)
                                  0.000000    0.000000   clock source latency
     1    0.024443    0.000000    0.000000    0.000000 ^ wr_clk (in)
                                                         wr_clk (net)
                      0.001082    0.000541    0.000541 ^ clkbuf_0_wr_clk/A (sky130_fd_sc_hd__clkbuf_16)
    16    0.103832    0.091499    0.123118    0.123659 ^ clkbuf_0_wr_clk/X (sky130_fd_sc_hd__clkbuf_16)
                                                         clknet_0_wr_clk (net)
                      0.091686    0.003328    0.126987 ^ clkbuf_4_4_0_wr_clk/A (sky130_fd_sc_hd__clkbuf_8)
     2    0.018811    0.036885    0.103499    0.230486 ^ clkbuf_4_4_0_wr_clk/X (sky130_fd_sc_hd__clkbuf_8)
                                                         clknet_4_4_0_wr_clk (net)
                      0.036885    0.000186    0.230672 ^ clkbuf_5_8__f_wr_clk/A (sky130_fd_sc_hd__clkbuf_16)
     5    0.013403    0.026803    0.081699    0.312371 ^ clkbuf_5_8__f_wr_clk/X (sky130_fd_sc_hd__clkbuf_16)
                                                         clknet_5_8__leaf_wr_clk (net)
                      0.026803    0.000156    0.312527 ^ _1077_/CLK (sky130_fd_sc_hd__dfxtp_2)
                                  0.100000    0.412527   clock uncertainty
                                  0.000000    0.412527   clock reconvergence pessimism
                                 -0.016491    0.396037   library hold time
                                              0.396037   data required time
---------------------------------------------------------------------------------------------
                                              0.396037   data required time
                                             -0.643137   data arrival time
---------------------------------------------------------------------------------------------
                                              0.247100   slack (MET)


Startpoint: _1129_ (rising edge-triggered flip-flop clocked by wr_clk)
Endpoint: _1129_ (rising edge-triggered flip-flop clocked by wr_clk)
Path Group: wr_clk
Path Type: min

Fanout         Cap        Slew       Delay        Time   Description
---------------------------------------------------------------------------------------------
                                  0.000000    0.000000   clock wr_clk (rise edge)
                                  0.000000    0.000000   clock source latency
     1    0.024443    0.000000    0.000000    0.000000 ^ wr_clk (in)
                                                         wr_clk (net)
                      0.001082    0.000541    0.000541 ^ clkbuf_0_wr_clk/A (sky130_fd_sc_hd__clkbuf_16)
    16    0.103832    0.091499    0.123118    0.123659 ^ clkbuf_0_wr_clk/X (sky130_fd_sc_hd__clkbuf_16)
                                                         clknet_0_wr_clk (net)
                      0.091540    0.001579    0.125239 ^ clkbuf_4_11_0_wr_clk/A (sky130_fd_sc_hd__clkbuf_8)
     2    0.017609    0.035512    0.102201    0.227440 ^ clkbuf_4_11_0_wr_clk/X (sky130_fd_sc_hd__clkbuf_8)
                                                         clknet_4_11_0_wr_clk (net)
                      0.035512    0.000129    0.227569 ^ clkbuf_5_23__f_wr_clk/A (sky130_fd_sc_hd__clkbuf_16)
     5    0.014143    0.027288    0.081817    0.309385 ^ clkbuf_5_23__f_wr_clk/X (sky130_fd_sc_hd__clkbuf_16)
                                                         clknet_5_23__leaf_wr_clk (net)
                      0.027288    0.000174    0.309559 ^ _1129_/CLK (sky130_fd_sc_hd__dfxtp_2)
     2    0.004763    0.027719    0.191908    0.501467 ^ _1129_/Q (sky130_fd_sc_hd__dfxtp_2)
                                                         u_fifomem.mem[2][3] (net)
                      0.027719    0.000027    0.501494 ^ _0931_/A0 (sky130_fd_sc_hd__mux2_2)
     1    0.002748    0.024533    0.083243    0.584737 ^ _0931_/X (sky130_fd_sc_hd__mux2_2)
                                                         _0446_ (net)
                      0.024533    0.000012    0.584750 ^ _0932_/A (sky130_fd_sc_hd__buf_4)
     1    0.001987    0.015567    0.055720    0.640470 ^ _0932_/X (sky130_fd_sc_hd__buf_4)
                                                         _0069_ (net)
                      0.015567    0.000016    0.640486 ^ _1129_/D (sky130_fd_sc_hd__dfxtp_2)
                                              0.640486   data arrival time

                                  0.000000    0.000000   clock wr_clk (rise edge)
                                  0.000000    0.000000   clock source latency
     1    0.024443    0.000000    0.000000    0.000000 ^ wr_clk (in)
                                                         wr_clk (net)
                      0.001082    0.000541    0.000541 ^ clkbuf_0_wr_clk/A (sky130_fd_sc_hd__clkbuf_16)
    16    0.103832    0.091499    0.123118    0.123659 ^ clkbuf_0_wr_clk/X (sky130_fd_sc_hd__clkbuf_16)
                                                         clknet_0_wr_clk (net)
                      0.091540    0.001579    0.125239 ^ clkbuf_4_11_0_wr_clk/A (sky130_fd_sc_hd__clkbuf_8)
     2    0.017609    0.035512    0.102201    0.227440 ^ clkbuf_4_11_0_wr_clk/X (sky130_fd_sc_hd__clkbuf_8)
                                                         clknet_4_11_0_wr_clk (net)
                      0.035512    0.000129    0.227569 ^ clkbuf_5_23__f_wr_clk/A (sky130_fd_sc_hd__clkbuf_16)
     5    0.014143    0.027288    0.081817    0.309385 ^ clkbuf_5_23__f_wr_clk/X (sky130_fd_sc_hd__clkbuf_16)
                                                         clknet_5_23__leaf_wr_clk (net)
                      0.027288    0.000174    0.309559 ^ _1129_/CLK (sky130_fd_sc_hd__dfxtp_2)
                                  0.100000    0.409559   clock uncertainty
                                  0.000000    0.409559   clock reconvergence pessimism
                                 -0.016296    0.393263   library hold time
                                              0.393263   data required time
---------------------------------------------------------------------------------------------
                                              0.393263   data required time
                                             -0.640486   data arrival time
---------------------------------------------------------------------------------------------
                                              0.247223   slack (MET)


Startpoint: _1165_ (rising edge-triggered flip-flop clocked by wr_clk)
Endpoint: _1165_ (rising edge-triggered flip-flop clocked by wr_clk)
Path Group: wr_clk
Path Type: min

Fanout         Cap        Slew       Delay        Time   Description
---------------------------------------------------------------------------------------------
                                  0.000000    0.000000   clock wr_clk (rise edge)
                                  0.000000    0.000000   clock source latency
     1    0.024443    0.000000    0.000000    0.000000 ^ wr_clk (in)
                                                         wr_clk (net)
                      0.001082    0.000541    0.000541 ^ clkbuf_0_wr_clk/A (sky130_fd_sc_hd__clkbuf_16)
    16    0.103832    0.091499    0.123118    0.123659 ^ clkbuf_0_wr_clk/X (sky130_fd_sc_hd__clkbuf_16)
                                                         clknet_0_wr_clk (net)
                      0.091548    0.001728    0.125387 ^ clkbuf_4_9_0_wr_clk/A (sky130_fd_sc_hd__clkbuf_8)
     2    0.018917    0.036984    0.103502    0.228889 ^ clkbuf_4_9_0_wr_clk/X (sky130_fd_sc_hd__clkbuf_8)
                                                         clknet_4_9_0_wr_clk (net)
                      0.036986    0.000289    0.229178 ^ clkbuf_5_18__f_wr_clk/A (sky130_fd_sc_hd__clkbuf_16)
     5    0.014770    0.027708    0.082666    0.311845 ^ clkbuf_5_18__f_wr_clk/X (sky130_fd_sc_hd__clkbuf_16)
                                                         clknet_5_18__leaf_wr_clk (net)
                      0.027708    0.000208    0.312053 ^ _1165_/CLK (sky130_fd_sc_hd__dfxtp_2)
     2    0.004798    0.027832    0.192128    0.504181 ^ _1165_/Q (sky130_fd_sc_hd__dfxtp_2)
                                                         u_fifomem.mem[6][7] (net)
                      0.027832    0.000029    0.504209 ^ _1008_/A0 (sky130_fd_sc_hd__mux2_2)
     1    0.002740    0.024508    0.083240    0.587449 ^ _1008_/X (sky130_fd_sc_hd__mux2_2)
                                                         _0487_ (net)
                      0.024508    0.000033    0.587482 ^ _1009_/A (sky130_fd_sc_hd__buf_2)
     1    0.002442    0.018017    0.055325    0.642808 ^ _1009_/X (sky130_fd_sc_hd__buf_2)
                                                         _0105_ (net)
                      0.018017    0.000027    0.642834 ^ _1165_/D (sky130_fd_sc_hd__dfxtp_2)
                                              0.642834   data arrival time

                                  0.000000    0.000000   clock wr_clk (rise edge)
                                  0.000000    0.000000   clock source latency
     1    0.024443    0.000000    0.000000    0.000000 ^ wr_clk (in)
                                                         wr_clk (net)
                      0.001082    0.000541    0.000541 ^ clkbuf_0_wr_clk/A (sky130_fd_sc_hd__clkbuf_16)
    16    0.103832    0.091499    0.123118    0.123659 ^ clkbuf_0_wr_clk/X (sky130_fd_sc_hd__clkbuf_16)
                                                         clknet_0_wr_clk (net)
                      0.091548    0.001728    0.125387 ^ clkbuf_4_9_0_wr_clk/A (sky130_fd_sc_hd__clkbuf_8)
     2    0.018917    0.036984    0.103502    0.228889 ^ clkbuf_4_9_0_wr_clk/X (sky130_fd_sc_hd__clkbuf_8)
                                                         clknet_4_9_0_wr_clk (net)
                      0.036986    0.000289    0.229178 ^ clkbuf_5_18__f_wr_clk/A (sky130_fd_sc_hd__clkbuf_16)
     5    0.014770    0.027708    0.082666    0.311845 ^ clkbuf_5_18__f_wr_clk/X (sky130_fd_sc_hd__clkbuf_16)
                                                         clknet_5_18__leaf_wr_clk (net)
                      0.027708    0.000208    0.312053 ^ _1165_/CLK (sky130_fd_sc_hd__dfxtp_2)
                                  0.100000    0.412053   clock uncertainty
                                  0.000000    0.412053   clock reconvergence pessimism
                                 -0.016459    0.395594   library hold time
                                              0.395594   data required time
---------------------------------------------------------------------------------------------
                                              0.395594   data required time
                                             -0.642834   data arrival time
---------------------------------------------------------------------------------------------
                                              0.247241   slack (MET)


Startpoint: _1064_ (rising edge-triggered flip-flop clocked by wr_clk)
Endpoint: _1064_ (rising edge-triggered flip-flop clocked by wr_clk)
Path Group: wr_clk
Path Type: min

Fanout         Cap        Slew       Delay        Time   Description
---------------------------------------------------------------------------------------------
                                  0.000000    0.000000   clock wr_clk (rise edge)
                                  0.000000    0.000000   clock source latency
     1    0.024443    0.000000    0.000000    0.000000 ^ wr_clk (in)
                                                         wr_clk (net)
                      0.001082    0.000541    0.000541 ^ clkbuf_0_wr_clk/A (sky130_fd_sc_hd__clkbuf_16)
    16    0.103832    0.091499    0.123118    0.123659 ^ clkbuf_0_wr_clk/X (sky130_fd_sc_hd__clkbuf_16)
                                                         clknet_0_wr_clk (net)
                      0.091637    0.002866    0.126525 ^ clkbuf_4_0_0_wr_clk/A (sky130_fd_sc_hd__clkbuf_8)
     2    0.018326    0.036320    0.102907    0.229433 ^ clkbuf_4_0_0_wr_clk/X (sky130_fd_sc_hd__clkbuf_8)
                                                         clknet_4_0_0_wr_clk (net)
                      0.036323    0.000333    0.229765 ^ clkbuf_5_1__f_wr_clk/A (sky130_fd_sc_hd__clkbuf_16)
     5    0.015535    0.028212    0.082933    0.312698 ^ clkbuf_5_1__f_wr_clk/X (sky130_fd_sc_hd__clkbuf_16)
                                                         clknet_5_1__leaf_wr_clk (net)
                      0.028216    0.000384    0.313082 ^ _1064_/CLK (sky130_fd_sc_hd__dfxtp_2)
     2    0.005900    0.031415    0.195213    0.508294 ^ _1064_/Q (sky130_fd_sc_hd__dfxtp_2)
                                                         u_fifomem.mem[0][2] (net)
                      0.031415    0.000053    0.508347 ^ _0790_/A0 (sky130_fd_sc_hd__mux2_2)
     1    0.003671    0.027523    0.087667    0.596014 ^ _0790_/X (sky130_fd_sc_hd__mux2_2)
                                                         _0370_ (net)
                      0.027523    0.000049    0.596063 ^ _0791_/A (sky130_fd_sc_hd__buf_1)
     1    0.002149    0.026900    0.047192    0.643255 ^ _0791_/X (sky130_fd_sc_hd__buf_1)
                                                         _0004_ (net)
                      0.026900    0.000020    0.643275 ^ _1064_/D (sky130_fd_sc_hd__dfxtp_2)
                                              0.643275   data arrival time

                                  0.000000    0.000000   clock wr_clk (rise edge)
                                  0.000000    0.000000   clock source latency
     1    0.024443    0.000000    0.000000    0.000000 ^ wr_clk (in)
                                                         wr_clk (net)
                      0.001082    0.000541    0.000541 ^ clkbuf_0_wr_clk/A (sky130_fd_sc_hd__clkbuf_16)
    16    0.103832    0.091499    0.123118    0.123659 ^ clkbuf_0_wr_clk/X (sky130_fd_sc_hd__clkbuf_16)
                                                         clknet_0_wr_clk (net)
                      0.091637    0.002866    0.126525 ^ clkbuf_4_0_0_wr_clk/A (sky130_fd_sc_hd__clkbuf_8)
     2    0.018326    0.036320    0.102907    0.229433 ^ clkbuf_4_0_0_wr_clk/X (sky130_fd_sc_hd__clkbuf_8)
                                                         clknet_4_0_0_wr_clk (net)
                      0.036323    0.000333    0.229765 ^ clkbuf_5_1__f_wr_clk/A (sky130_fd_sc_hd__clkbuf_16)
     5    0.015535    0.028212    0.082933    0.312698 ^ clkbuf_5_1__f_wr_clk/X (sky130_fd_sc_hd__clkbuf_16)
                                                         clknet_5_1__leaf_wr_clk (net)
                      0.028216    0.000384    0.313082 ^ _1064_/CLK (sky130_fd_sc_hd__dfxtp_2)
                                  0.100000    0.413082   clock uncertainty
                                  0.000000    0.413082   clock reconvergence pessimism
                                 -0.017076    0.396006   library hold time
                                              0.396006   data required time
---------------------------------------------------------------------------------------------
                                              0.396006   data required time
                                             -0.643275   data arrival time
---------------------------------------------------------------------------------------------
                                              0.247269   slack (MET)


Startpoint: _1159_ (rising edge-triggered flip-flop clocked by wr_clk)
Endpoint: _1159_ (rising edge-triggered flip-flop clocked by wr_clk)
Path Group: wr_clk
Path Type: min

Fanout         Cap        Slew       Delay        Time   Description
---------------------------------------------------------------------------------------------
                                  0.000000    0.000000   clock wr_clk (rise edge)
                                  0.000000    0.000000   clock source latency
     1    0.024443    0.000000    0.000000    0.000000 ^ wr_clk (in)
                                                         wr_clk (net)
                      0.001082    0.000541    0.000541 ^ clkbuf_0_wr_clk/A (sky130_fd_sc_hd__clkbuf_16)
    16    0.103832    0.091499    0.123118    0.123659 ^ clkbuf_0_wr_clk/X (sky130_fd_sc_hd__clkbuf_16)
                                                         clknet_0_wr_clk (net)
                      0.091499    0.000074    0.123733 ^ clkbuf_4_12_0_wr_clk/A (sky130_fd_sc_hd__clkbuf_8)
     2    0.019505    0.037648    0.104117    0.227850 ^ clkbuf_4_12_0_wr_clk/X (sky130_fd_sc_hd__clkbuf_8)
                                                         clknet_4_12_0_wr_clk (net)
                      0.037649    0.000277    0.228127 ^ clkbuf_5_24__f_wr_clk/A (sky130_fd_sc_hd__clkbuf_16)
     5    0.014060    0.027241    0.082374    0.310501 ^ clkbuf_5_24__f_wr_clk/X (sky130_fd_sc_hd__clkbuf_16)
                                                         clknet_5_24__leaf_wr_clk (net)
                      0.027241    0.000170    0.310670 ^ _1159_/CLK (sky130_fd_sc_hd__dfxtp_2)
     2    0.005467    0.029993    0.193761    0.504432 ^ _1159_/Q (sky130_fd_sc_hd__dfxtp_2)
                                                         u_fifomem.mem[6][1] (net)
                      0.029993    0.000056    0.504488 ^ _0996_/A0 (sky130_fd_sc_hd__mux2_2)
     1    0.002115    0.022510    0.081527    0.586014 ^ _0996_/X (sky130_fd_sc_hd__mux2_2)
                                                         _0481_ (net)
                      0.022510    0.000018    0.586032 ^ _0997_/A (sky130_fd_sc_hd__buf_2)
     1    0.002663    0.018677    0.055380    0.641412 ^ _0997_/X (sky130_fd_sc_hd__buf_2)
                                                         _0099_ (net)
                      0.018677    0.000030    0.641443 ^ _1159_/D (sky130_fd_sc_hd__dfxtp_2)
                                              0.641443   data arrival time

                                  0.000000    0.000000   clock wr_clk (rise edge)
                                  0.000000    0.000000   clock source latency
     1    0.024443    0.000000    0.000000    0.000000 ^ wr_clk (in)
                                                         wr_clk (net)
                      0.001082    0.000541    0.000541 ^ clkbuf_0_wr_clk/A (sky130_fd_sc_hd__clkbuf_16)
    16    0.103832    0.091499    0.123118    0.123659 ^ clkbuf_0_wr_clk/X (sky130_fd_sc_hd__clkbuf_16)
                                                         clknet_0_wr_clk (net)
                      0.091499    0.000074    0.123733 ^ clkbuf_4_12_0_wr_clk/A (sky130_fd_sc_hd__clkbuf_8)
     2    0.019505    0.037648    0.104117    0.227850 ^ clkbuf_4_12_0_wr_clk/X (sky130_fd_sc_hd__clkbuf_8)
                                                         clknet_4_12_0_wr_clk (net)
                      0.037649    0.000277    0.228127 ^ clkbuf_5_24__f_wr_clk/A (sky130_fd_sc_hd__clkbuf_16)
     5    0.014060    0.027241    0.082374    0.310501 ^ clkbuf_5_24__f_wr_clk/X (sky130_fd_sc_hd__clkbuf_16)
                                                         clknet_5_24__leaf_wr_clk (net)
                      0.027241    0.000170    0.310670 ^ _1159_/CLK (sky130_fd_sc_hd__dfxtp_2)
                                  0.100000    0.410670   clock uncertainty
                                  0.000000    0.410670   clock reconvergence pessimism
                                 -0.016517    0.394153   library hold time
                                              0.394153   data required time
---------------------------------------------------------------------------------------------
                                              0.394153   data required time
                                             -0.641443   data arrival time
---------------------------------------------------------------------------------------------
                                              0.247290   slack (MET)


Startpoint: _1113_ (rising edge-triggered flip-flop clocked by wr_clk)
Endpoint: _1113_ (rising edge-triggered flip-flop clocked by wr_clk)
Path Group: wr_clk
Path Type: min

Fanout         Cap        Slew       Delay        Time   Description
---------------------------------------------------------------------------------------------
                                  0.000000    0.000000   clock wr_clk (rise edge)
                                  0.000000    0.000000   clock source latency
     1    0.024443    0.000000    0.000000    0.000000 ^ wr_clk (in)
                                                         wr_clk (net)
                      0.001082    0.000541    0.000541 ^ clkbuf_0_wr_clk/A (sky130_fd_sc_hd__clkbuf_16)
    16    0.103832    0.091499    0.123118    0.123659 ^ clkbuf_0_wr_clk/X (sky130_fd_sc_hd__clkbuf_16)
                                                         clknet_0_wr_clk (net)
                      0.091711    0.003536    0.127195 ^ clkbuf_4_6_0_wr_clk/A (sky130_fd_sc_hd__clkbuf_8)
     2    0.018397    0.036396    0.103066    0.230261 ^ clkbuf_4_6_0_wr_clk/X (sky130_fd_sc_hd__clkbuf_8)
                                                         clknet_4_6_0_wr_clk (net)
                      0.036397    0.000210    0.230471 ^ clkbuf_5_13__f_wr_clk/A (sky130_fd_sc_hd__clkbuf_16)
     5    0.015205    0.027994    0.082777    0.313248 ^ clkbuf_5_13__f_wr_clk/X (sky130_fd_sc_hd__clkbuf_16)
                                                         clknet_5_13__leaf_wr_clk (net)
                      0.027994    0.000142    0.313390 ^ _1113_/CLK (sky130_fd_sc_hd__dfxtp_2)
     2    0.004591    0.027166    0.191622    0.505012 ^ _1113_/Q (sky130_fd_sc_hd__dfxtp_2)
                                                         u_fifomem.mem[15][3] (net)
                      0.027166    0.000042    0.505055 ^ _0897_/A1 (sky130_fd_sc_hd__mux2_2)
     1    0.003344    0.026117    0.085075    0.590129 ^ _0897_/X (sky130_fd_sc_hd__mux2_2)
                                                         _0428_ (net)
                      0.026118    0.000042    0.590171 ^ _0898_/A (sky130_fd_sc_hd__buf_1)
     1    0.003156    0.035057    0.052951    0.643122 ^ _0898_/X (sky130_fd_sc_hd__buf_1)
                                                         _0053_ (net)
                      0.035057    0.000044    0.643166 ^ _1113_/D (sky130_fd_sc_hd__dfxtp_2)
                                              0.643166   data arrival time

                                  0.000000    0.000000   clock wr_clk (rise edge)
                                  0.000000    0.000000   clock source latency
     1    0.024443    0.000000    0.000000    0.000000 ^ wr_clk (in)
                                                         wr_clk (net)
                      0.001082    0.000541    0.000541 ^ clkbuf_0_wr_clk/A (sky130_fd_sc_hd__clkbuf_16)
    16    0.103832    0.091499    0.123118    0.123659 ^ clkbuf_0_wr_clk/X (sky130_fd_sc_hd__clkbuf_16)
                                                         clknet_0_wr_clk (net)
                      0.091711    0.003536    0.127195 ^ clkbuf_4_6_0_wr_clk/A (sky130_fd_sc_hd__clkbuf_8)
     2    0.018397    0.036396    0.103066    0.230261 ^ clkbuf_4_6_0_wr_clk/X (sky130_fd_sc_hd__clkbuf_8)
                                                         clknet_4_6_0_wr_clk (net)
                      0.036397    0.000210    0.230471 ^ clkbuf_5_13__f_wr_clk/A (sky130_fd_sc_hd__clkbuf_16)
     5    0.015205    0.027994    0.082777    0.313248 ^ clkbuf_5_13__f_wr_clk/X (sky130_fd_sc_hd__clkbuf_16)
                                                         clknet_5_13__leaf_wr_clk (net)
                      0.027994    0.000142    0.313390 ^ _1113_/CLK (sky130_fd_sc_hd__dfxtp_2)
                                  0.100000    0.413390   clock uncertainty
                                  0.000000    0.413390   clock reconvergence pessimism
                                 -0.017659    0.395731   library hold time
                                              0.395731   data required time
---------------------------------------------------------------------------------------------
                                              0.395731   data required time
                                             -0.643166   data arrival time
---------------------------------------------------------------------------------------------
                                              0.247435   slack (MET)


Startpoint: _1187_ (rising edge-triggered flip-flop clocked by wr_clk)
Endpoint: _1187_ (rising edge-triggered flip-flop clocked by wr_clk)
Path Group: wr_clk
Path Type: min

Fanout         Cap        Slew       Delay        Time   Description
---------------------------------------------------------------------------------------------
                                  0.000000    0.000000   clock wr_clk (rise edge)
                                  0.000000    0.000000   clock source latency
     1    0.024443    0.000000    0.000000    0.000000 ^ wr_clk (in)
                                                         wr_clk (net)
                      0.001082    0.000541    0.000541 ^ clkbuf_0_wr_clk/A (sky130_fd_sc_hd__clkbuf_16)
    16    0.103832    0.091499    0.123118    0.123659 ^ clkbuf_0_wr_clk/X (sky130_fd_sc_hd__clkbuf_16)
                                                         clknet_0_wr_clk (net)
                      0.091563    0.001971    0.125630 ^ clkbuf_4_3_0_wr_clk/A (sky130_fd_sc_hd__clkbuf_8)
     2    0.019504    0.037648    0.104135    0.229765 ^ clkbuf_4_3_0_wr_clk/X (sky130_fd_sc_hd__clkbuf_8)
                                                         clknet_4_3_0_wr_clk (net)
                      0.037649    0.000265    0.230030 ^ clkbuf_5_7__f_wr_clk/A (sky130_fd_sc_hd__clkbuf_16)
     5    0.015977    0.028509    0.083681    0.313711 ^ clkbuf_5_7__f_wr_clk/X (sky130_fd_sc_hd__clkbuf_16)
                                                         clknet_5_7__leaf_wr_clk (net)
                      0.028509    0.000064    0.313775 ^ _1187_/CLK (sky130_fd_sc_hd__dfxtp_2)
     2    0.005966    0.031629    0.195464    0.509239 ^ _1187_/Q (sky130_fd_sc_hd__dfxtp_2)
                                                         u_fifomem.mem[9][5] (net)
                      0.031629    0.000097    0.509336 ^ _1056_/A0 (sky130_fd_sc_hd__mux2_2)
     1    0.003905    0.028344    0.088589    0.597925 ^ _1056_/X (sky130_fd_sc_hd__mux2_2)
                                                         _0513_ (net)
                      0.028344    0.000058    0.597983 ^ _1057_/A (sky130_fd_sc_hd__buf_1)
     1    0.001968    0.025475    0.046268    0.644251 ^ _1057_/X (sky130_fd_sc_hd__buf_1)
                                                         _0127_ (net)
                      0.025475    0.000016    0.644267 ^ _1187_/D (sky130_fd_sc_hd__dfxtp_2)
                                              0.644267   data arrival time

                                  0.000000    0.000000   clock wr_clk (rise edge)
                                  0.000000    0.000000   clock source latency
     1    0.024443    0.000000    0.000000    0.000000 ^ wr_clk (in)
                                                         wr_clk (net)
                      0.001082    0.000541    0.000541 ^ clkbuf_0_wr_clk/A (sky130_fd_sc_hd__clkbuf_16)
    16    0.103832    0.091499    0.123118    0.123659 ^ clkbuf_0_wr_clk/X (sky130_fd_sc_hd__clkbuf_16)
                                                         clknet_0_wr_clk (net)
                      0.091563    0.001971    0.125630 ^ clkbuf_4_3_0_wr_clk/A (sky130_fd_sc_hd__clkbuf_8)
     2    0.019504    0.037648    0.104135    0.229765 ^ clkbuf_4_3_0_wr_clk/X (sky130_fd_sc_hd__clkbuf_8)
                                                         clknet_4_3_0_wr_clk (net)
                      0.037649    0.000265    0.230030 ^ clkbuf_5_7__f_wr_clk/A (sky130_fd_sc_hd__clkbuf_16)
     5    0.015977    0.028509    0.083681    0.313711 ^ clkbuf_5_7__f_wr_clk/X (sky130_fd_sc_hd__clkbuf_16)
                                                         clknet_5_7__leaf_wr_clk (net)
                      0.028509    0.000064    0.313775 ^ _1187_/CLK (sky130_fd_sc_hd__dfxtp_2)
                                  0.100000    0.413775   clock uncertainty
                                  0.000000    0.413775   clock reconvergence pessimism
                                 -0.016968    0.396807   library hold time
                                              0.396807   data required time
---------------------------------------------------------------------------------------------
                                              0.396807   data required time
                                             -0.644267   data arrival time
---------------------------------------------------------------------------------------------
                                              0.247461   slack (MET)


Startpoint: _1086_ (rising edge-triggered flip-flop clocked by wr_clk)
Endpoint: _1086_ (rising edge-triggered flip-flop clocked by wr_clk)
Path Group: wr_clk
Path Type: min

Fanout         Cap        Slew       Delay        Time   Description
---------------------------------------------------------------------------------------------
                                  0.000000    0.000000   clock wr_clk (rise edge)
                                  0.000000    0.000000   clock source latency
     1    0.024443    0.000000    0.000000    0.000000 ^ wr_clk (in)
                                                         wr_clk (net)
                      0.001082    0.000541    0.000541 ^ clkbuf_0_wr_clk/A (sky130_fd_sc_hd__clkbuf_16)
    16    0.103832    0.091499    0.123118    0.123659 ^ clkbuf_0_wr_clk/X (sky130_fd_sc_hd__clkbuf_16)
                                                         clknet_0_wr_clk (net)
                      0.091673    0.003209    0.126868 ^ clkbuf_4_5_0_wr_clk/A (sky130_fd_sc_hd__clkbuf_8)
     2    0.019116    0.037214    0.103720    0.230588 ^ clkbuf_4_5_0_wr_clk/X (sky130_fd_sc_hd__clkbuf_8)
                                                         clknet_4_5_0_wr_clk (net)
                      0.037218    0.000411    0.231000 ^ clkbuf_5_11__f_wr_clk/A (sky130_fd_sc_hd__clkbuf_16)
     5    0.013808    0.027073    0.082076    0.313075 ^ clkbuf_5_11__f_wr_clk/X (sky130_fd_sc_hd__clkbuf_16)
                                                         clknet_5_11__leaf_wr_clk (net)
                      0.027073    0.000137    0.313212 ^ _1086_/CLK (sky130_fd_sc_hd__dfxtp_2)
     2    0.004810    0.027866    0.191958    0.505170 ^ _1086_/Q (sky130_fd_sc_hd__dfxtp_2)
                                                         u_fifomem.mem[12][0] (net)
                      0.027866    0.000040    0.505211 ^ _0838_/A0 (sky130_fd_sc_hd__mux2_2)
     1    0.003051    0.025509    0.084400    0.589611 ^ _0838_/X (sky130_fd_sc_hd__mux2_2)
                                                         _0396_ (net)
                      0.025509    0.000032    0.589643 ^ _0839_/A (sky130_fd_sc_hd__buf_1)
     1    0.003271    0.035994    0.053522    0.643165 ^ _0839_/X (sky130_fd_sc_hd__buf_1)
                                                         _0026_ (net)
                      0.035994    0.000042    0.643207 ^ _1086_/D (sky130_fd_sc_hd__dfxtp_2)
                                              0.643207   data arrival time

                                  0.000000    0.000000   clock wr_clk (rise edge)
                                  0.000000    0.000000   clock source latency
     1    0.024443    0.000000    0.000000    0.000000 ^ wr_clk (in)
                                                         wr_clk (net)
                      0.001082    0.000541    0.000541 ^ clkbuf_0_wr_clk/A (sky130_fd_sc_hd__clkbuf_16)
    16    0.103832    0.091499    0.123118    0.123659 ^ clkbuf_0_wr_clk/X (sky130_fd_sc_hd__clkbuf_16)
                                                         clknet_0_wr_clk (net)
                      0.091673    0.003209    0.126868 ^ clkbuf_4_5_0_wr_clk/A (sky130_fd_sc_hd__clkbuf_8)
     2    0.019116    0.037214    0.103720    0.230588 ^ clkbuf_4_5_0_wr_clk/X (sky130_fd_sc_hd__clkbuf_8)
                                                         clknet_4_5_0_wr_clk (net)
                      0.037218    0.000411    0.231000 ^ clkbuf_5_11__f_wr_clk/A (sky130_fd_sc_hd__clkbuf_16)
     5    0.013808    0.027073    0.082076    0.313075 ^ clkbuf_5_11__f_wr_clk/X (sky130_fd_sc_hd__clkbuf_16)
                                                         clknet_5_11__leaf_wr_clk (net)
                      0.027073    0.000137    0.313212 ^ _1086_/CLK (sky130_fd_sc_hd__dfxtp_2)
                                  0.100000    0.413212   clock uncertainty
                                  0.000000    0.413212   clock reconvergence pessimism
                                 -0.017747    0.395465   library hold time
                                              0.395465   data required time
---------------------------------------------------------------------------------------------
                                              0.395465   data required time
                                             -0.643207   data arrival time
---------------------------------------------------------------------------------------------
                                              0.247743   slack (MET)


Startpoint: _1158_ (rising edge-triggered flip-flop clocked by wr_clk)
Endpoint: _1158_ (rising edge-triggered flip-flop clocked by wr_clk)
Path Group: wr_clk
Path Type: min

Fanout         Cap        Slew       Delay        Time   Description
---------------------------------------------------------------------------------------------
                                  0.000000    0.000000   clock wr_clk (rise edge)
                                  0.000000    0.000000   clock source latency
     1    0.024443    0.000000    0.000000    0.000000 ^ wr_clk (in)
                                                         wr_clk (net)
                      0.001082    0.000541    0.000541 ^ clkbuf_0_wr_clk/A (sky130_fd_sc_hd__clkbuf_16)
    16    0.103832    0.091499    0.123118    0.123659 ^ clkbuf_0_wr_clk/X (sky130_fd_sc_hd__clkbuf_16)
                                                         clknet_0_wr_clk (net)
                      0.091603    0.002501    0.126160 ^ clkbuf_4_2_0_wr_clk/A (sky130_fd_sc_hd__clkbuf_8)
     2    0.018924    0.037002    0.103626    0.229786 ^ clkbuf_4_2_0_wr_clk/X (sky130_fd_sc_hd__clkbuf_8)
                                                         clknet_4_2_0_wr_clk (net)
                      0.037002    0.000150    0.229936 ^ clkbuf_5_4__f_wr_clk/A (sky130_fd_sc_hd__clkbuf_16)
     5    0.015434    0.028147    0.083131    0.313067 ^ clkbuf_5_4__f_wr_clk/X (sky130_fd_sc_hd__clkbuf_16)
                                                         clknet_5_4__leaf_wr_clk (net)
                      0.028147    0.000208    0.313275 ^ _1158_/CLK (sky130_fd_sc_hd__dfxtp_2)
     2    0.005805    0.031105    0.194948    0.508222 ^ _1158_/Q (sky130_fd_sc_hd__dfxtp_2)
                                                         u_fifomem.mem[6][0] (net)
                      0.031105    0.000042    0.508264 ^ _0994_/A0 (sky130_fd_sc_hd__mux2_2)
     1    0.001980    0.022075    0.081335    0.589600 ^ _0994_/X (sky130_fd_sc_hd__mux2_2)
                                                         _0480_ (net)
                      0.022075    0.000008    0.589607 ^ _0995_/A (sky130_fd_sc_hd__buf_2)
     1    0.002557    0.018359    0.054946    0.644553 ^ _0995_/X (sky130_fd_sc_hd__buf_2)
                                                         _0098_ (net)
                      0.018359    0.000026    0.644580 ^ _1158_/D (sky130_fd_sc_hd__dfxtp_2)
                                              0.644580   data arrival time

                                  0.000000    0.000000   clock wr_clk (rise edge)
                                  0.000000    0.000000   clock source latency
     1    0.024443    0.000000    0.000000    0.000000 ^ wr_clk (in)
                                                         wr_clk (net)
                      0.001082    0.000541    0.000541 ^ clkbuf_0_wr_clk/A (sky130_fd_sc_hd__clkbuf_16)
    16    0.103832    0.091499    0.123118    0.123659 ^ clkbuf_0_wr_clk/X (sky130_fd_sc_hd__clkbuf_16)
                                                         clknet_0_wr_clk (net)
                      0.091603    0.002501    0.126160 ^ clkbuf_4_2_0_wr_clk/A (sky130_fd_sc_hd__clkbuf_8)
     2    0.018924    0.037002    0.103626    0.229786 ^ clkbuf_4_2_0_wr_clk/X (sky130_fd_sc_hd__clkbuf_8)
                                                         clknet_4_2_0_wr_clk (net)
                      0.037002    0.000150    0.229936 ^ clkbuf_5_4__f_wr_clk/A (sky130_fd_sc_hd__clkbuf_16)
     5    0.015434    0.028147    0.083131    0.313067 ^ clkbuf_5_4__f_wr_clk/X (sky130_fd_sc_hd__clkbuf_16)
                                                         clknet_5_4__leaf_wr_clk (net)
                      0.028147    0.000208    0.313275 ^ _1158_/CLK (sky130_fd_sc_hd__dfxtp_2)
                                  0.100000    0.413275   clock uncertainty
                                  0.000000    0.413275   clock reconvergence pessimism
                                 -0.016473    0.396802   library hold time
                                              0.396802   data required time
---------------------------------------------------------------------------------------------
                                              0.396802   data required time
                                             -0.644580   data arrival time
---------------------------------------------------------------------------------------------
                                              0.247778   slack (MET)


Startpoint: _1150_ (rising edge-triggered flip-flop clocked by wr_clk)
Endpoint: _1150_ (rising edge-triggered flip-flop clocked by wr_clk)
Path Group: wr_clk
Path Type: min

Fanout         Cap        Slew       Delay        Time   Description
---------------------------------------------------------------------------------------------
                                  0.000000    0.000000   clock wr_clk (rise edge)
                                  0.000000    0.000000   clock source latency
     1    0.024443    0.000000    0.000000    0.000000 ^ wr_clk (in)
                                                         wr_clk (net)
                      0.001082    0.000541    0.000541 ^ clkbuf_0_wr_clk/A (sky130_fd_sc_hd__clkbuf_16)
    16    0.103832    0.091499    0.123118    0.123659 ^ clkbuf_0_wr_clk/X (sky130_fd_sc_hd__clkbuf_16)
                                                         clknet_0_wr_clk (net)
                      0.091603    0.002501    0.126160 ^ clkbuf_4_2_0_wr_clk/A (sky130_fd_sc_hd__clkbuf_8)
     2    0.018924    0.037002    0.103626    0.229786 ^ clkbuf_4_2_0_wr_clk/X (sky130_fd_sc_hd__clkbuf_8)
                                                         clknet_4_2_0_wr_clk (net)
                      0.037002    0.000084    0.229870 ^ clkbuf_5_5__f_wr_clk/A (sky130_fd_sc_hd__clkbuf_16)
     5    0.016106    0.028591    0.083563    0.313433 ^ clkbuf_5_5__f_wr_clk/X (sky130_fd_sc_hd__clkbuf_16)
                                                         clknet_5_5__leaf_wr_clk (net)
                      0.028595    0.000227    0.313660 ^ _1150_/CLK (sky130_fd_sc_hd__dfxtp_2)
     2    0.005773    0.030994    0.194982    0.508642 ^ _1150_/Q (sky130_fd_sc_hd__dfxtp_2)
                                                         u_fifomem.mem[5][0] (net)
                      0.030994    0.000063    0.508705 ^ _0977_/A0 (sky130_fd_sc_hd__mux2_2)
     1    0.004118    0.029105    0.089200    0.597904 ^ _0977_/X (sky130_fd_sc_hd__mux2_2)
                                                         _0471_ (net)
                      0.029105    0.000062    0.597966 ^ _0978_/A (sky130_fd_sc_hd__buf_1)
     1    0.001989    0.025653    0.046545    0.644512 ^ _0978_/X (sky130_fd_sc_hd__buf_1)
                                                         _0090_ (net)
                      0.025653    0.000016    0.644528 ^ _1150_/D (sky130_fd_sc_hd__dfxtp_2)
                                              0.644528   data arrival time

                                  0.000000    0.000000   clock wr_clk (rise edge)
                                  0.000000    0.000000   clock source latency
     1    0.024443    0.000000    0.000000    0.000000 ^ wr_clk (in)
                                                         wr_clk (net)
                      0.001082    0.000541    0.000541 ^ clkbuf_0_wr_clk/A (sky130_fd_sc_hd__clkbuf_16)
    16    0.103832    0.091499    0.123118    0.123659 ^ clkbuf_0_wr_clk/X (sky130_fd_sc_hd__clkbuf_16)
                                                         clknet_0_wr_clk (net)
                      0.091603    0.002501    0.126160 ^ clkbuf_4_2_0_wr_clk/A (sky130_fd_sc_hd__clkbuf_8)
     2    0.018924    0.037002    0.103626    0.229786 ^ clkbuf_4_2_0_wr_clk/X (sky130_fd_sc_hd__clkbuf_8)
                                                         clknet_4_2_0_wr_clk (net)
                      0.037002    0.000084    0.229870 ^ clkbuf_5_5__f_wr_clk/A (sky130_fd_sc_hd__clkbuf_16)
     5    0.016106    0.028591    0.083563    0.313433 ^ clkbuf_5_5__f_wr_clk/X (sky130_fd_sc_hd__clkbuf_16)
                                                         clknet_5_5__leaf_wr_clk (net)
                      0.028595    0.000227    0.313660 ^ _1150_/CLK (sky130_fd_sc_hd__dfxtp_2)
                                  0.100000    0.413660   clock uncertainty
                                  0.000000    0.413660   clock reconvergence pessimism
                                 -0.016979    0.396681   library hold time
                                              0.396681   data required time
---------------------------------------------------------------------------------------------
                                              0.396681   data required time
                                             -0.644528   data arrival time
---------------------------------------------------------------------------------------------
                                              0.247847   slack (MET)


Startpoint: _1173_ (rising edge-triggered flip-flop clocked by wr_clk)
Endpoint: _1173_ (rising edge-triggered flip-flop clocked by wr_clk)
Path Group: wr_clk
Path Type: min

Fanout         Cap        Slew       Delay        Time   Description
---------------------------------------------------------------------------------------------
                                  0.000000    0.000000   clock wr_clk (rise edge)
                                  0.000000    0.000000   clock source latency
     1    0.024443    0.000000    0.000000    0.000000 ^ wr_clk (in)
                                                         wr_clk (net)
                      0.001082    0.000541    0.000541 ^ clkbuf_0_wr_clk/A (sky130_fd_sc_hd__clkbuf_16)
    16    0.103832    0.091499    0.123118    0.123659 ^ clkbuf_0_wr_clk/X (sky130_fd_sc_hd__clkbuf_16)
                                                         clknet_0_wr_clk (net)
                      0.091548    0.001728    0.125387 ^ clkbuf_4_9_0_wr_clk/A (sky130_fd_sc_hd__clkbuf_8)
     2    0.018917    0.036984    0.103502    0.228889 ^ clkbuf_4_9_0_wr_clk/X (sky130_fd_sc_hd__clkbuf_8)
                                                         clknet_4_9_0_wr_clk (net)
                      0.036986    0.000289    0.229178 ^ clkbuf_5_18__f_wr_clk/A (sky130_fd_sc_hd__clkbuf_16)
     5    0.014770    0.027708    0.082666    0.311845 ^ clkbuf_5_18__f_wr_clk/X (sky130_fd_sc_hd__clkbuf_16)
                                                         clknet_5_18__leaf_wr_clk (net)
                      0.027708    0.000171    0.312016 ^ _1173_/CLK (sky130_fd_sc_hd__dfxtp_2)
     2    0.004648    0.027346    0.191717    0.503733 ^ _1173_/Q (sky130_fd_sc_hd__dfxtp_2)
                                                         u_fifomem.mem[7][7] (net)
                      0.027346    0.000043    0.503776 ^ _1025_/A1 (sky130_fd_sc_hd__mux2_2)
     1    0.004760    0.031108    0.090260    0.594036 ^ _1025_/X (sky130_fd_sc_hd__mux2_2)
                                                         _0496_ (net)
                      0.031108    0.000085    0.594121 ^ _1026_/A (sky130_fd_sc_hd__buf_1)
     1    0.002282    0.028015    0.048708    0.642829 ^ _1026_/X (sky130_fd_sc_hd__buf_1)
                                                         _0113_ (net)
                      0.028015    0.000013    0.642842 ^ _1173_/D (sky130_fd_sc_hd__dfxtp_2)
                                              0.642842   data arrival time

                                  0.000000    0.000000   clock wr_clk (rise edge)
                                  0.000000    0.000000   clock source latency
     1    0.024443    0.000000    0.000000    0.000000 ^ wr_clk (in)
                                                         wr_clk (net)
                      0.001082    0.000541    0.000541 ^ clkbuf_0_wr_clk/A (sky130_fd_sc_hd__clkbuf_16)
    16    0.103832    0.091499    0.123118    0.123659 ^ clkbuf_0_wr_clk/X (sky130_fd_sc_hd__clkbuf_16)
                                                         clknet_0_wr_clk (net)
                      0.091548    0.001728    0.125387 ^ clkbuf_4_9_0_wr_clk/A (sky130_fd_sc_hd__clkbuf_8)
     2    0.018917    0.036984    0.103502    0.228889 ^ clkbuf_4_9_0_wr_clk/X (sky130_fd_sc_hd__clkbuf_8)
                                                         clknet_4_9_0_wr_clk (net)
                      0.036986    0.000289    0.229178 ^ clkbuf_5_18__f_wr_clk/A (sky130_fd_sc_hd__clkbuf_16)
     5    0.014770    0.027708    0.082666    0.311845 ^ clkbuf_5_18__f_wr_clk/X (sky130_fd_sc_hd__clkbuf_16)
                                                         clknet_5_18__leaf_wr_clk (net)
                      0.027708    0.000171    0.312016 ^ _1173_/CLK (sky130_fd_sc_hd__dfxtp_2)
                                  0.100000    0.412016   clock uncertainty
                                  0.000000    0.412016   clock reconvergence pessimism
                                 -0.017167    0.394848   library hold time
                                              0.394848   data required time
---------------------------------------------------------------------------------------------
                                              0.394848   data required time
                                             -0.642842   data arrival time
---------------------------------------------------------------------------------------------
                                              0.247993   slack (MET)


Startpoint: _1175_ (rising edge-triggered flip-flop clocked by wr_clk)
Endpoint: _1175_ (rising edge-triggered flip-flop clocked by wr_clk)
Path Group: wr_clk
Path Type: min

Fanout         Cap        Slew       Delay        Time   Description
---------------------------------------------------------------------------------------------
                                  0.000000    0.000000   clock wr_clk (rise edge)
                                  0.000000    0.000000   clock source latency
     1    0.024443    0.000000    0.000000    0.000000 ^ wr_clk (in)
                                                         wr_clk (net)
                      0.001082    0.000541    0.000541 ^ clkbuf_0_wr_clk/A (sky130_fd_sc_hd__clkbuf_16)
    16    0.103832    0.091499    0.123118    0.123659 ^ clkbuf_0_wr_clk/X (sky130_fd_sc_hd__clkbuf_16)
                                                         clknet_0_wr_clk (net)
                      0.091711    0.003536    0.127195 ^ clkbuf_4_6_0_wr_clk/A (sky130_fd_sc_hd__clkbuf_8)
     2    0.018397    0.036396    0.103066    0.230261 ^ clkbuf_4_6_0_wr_clk/X (sky130_fd_sc_hd__clkbuf_8)
                                                         clknet_4_6_0_wr_clk (net)
                      0.036397    0.000210    0.230471 ^ clkbuf_5_13__f_wr_clk/A (sky130_fd_sc_hd__clkbuf_16)
     5    0.015205    0.027994    0.082777    0.313248 ^ clkbuf_5_13__f_wr_clk/X (sky130_fd_sc_hd__clkbuf_16)
                                                         clknet_5_13__leaf_wr_clk (net)
                      0.027994    0.000171    0.313419 ^ _1175_/CLK (sky130_fd_sc_hd__dfxtp_2)
     2    0.004594    0.027178    0.191641    0.505060 ^ _1175_/Q (sky130_fd_sc_hd__dfxtp_2)
                                                         u_fifomem.mem[8][1] (net)
                      0.027178    0.000025    0.505086 ^ _1031_/A0 (sky130_fd_sc_hd__mux2_2)
     1    0.003120    0.025730    0.084463    0.589548 ^ _1031_/X (sky130_fd_sc_hd__mux2_2)
                                                         _0500_ (net)
                      0.025730    0.000036    0.589585 ^ _1032_/A (sky130_fd_sc_hd__buf_1)
     1    0.003366    0.036772    0.054132    0.643717 ^ _1032_/X (sky130_fd_sc_hd__buf_1)
                                                         _0115_ (net)
                      0.036772    0.000046    0.643763 ^ _1175_/D (sky130_fd_sc_hd__dfxtp_2)
                                              0.643763   data arrival time

                                  0.000000    0.000000   clock wr_clk (rise edge)
                                  0.000000    0.000000   clock source latency
     1    0.024443    0.000000    0.000000    0.000000 ^ wr_clk (in)
                                                         wr_clk (net)
                      0.001082    0.000541    0.000541 ^ clkbuf_0_wr_clk/A (sky130_fd_sc_hd__clkbuf_16)
    16    0.103832    0.091499    0.123118    0.123659 ^ clkbuf_0_wr_clk/X (sky130_fd_sc_hd__clkbuf_16)
                                                         clknet_0_wr_clk (net)
                      0.091711    0.003536    0.127195 ^ clkbuf_4_6_0_wr_clk/A (sky130_fd_sc_hd__clkbuf_8)
     2    0.018397    0.036396    0.103066    0.230261 ^ clkbuf_4_6_0_wr_clk/X (sky130_fd_sc_hd__clkbuf_8)
                                                         clknet_4_6_0_wr_clk (net)
                      0.036397    0.000210    0.230471 ^ clkbuf_5_13__f_wr_clk/A (sky130_fd_sc_hd__clkbuf_16)
     5    0.015205    0.027994    0.082777    0.313248 ^ clkbuf_5_13__f_wr_clk/X (sky130_fd_sc_hd__clkbuf_16)
                                                         clknet_5_13__leaf_wr_clk (net)
                      0.027994    0.000171    0.313419 ^ _1175_/CLK (sky130_fd_sc_hd__dfxtp_2)
                                  0.100000    0.413419   clock uncertainty
                                  0.000000    0.413419   clock reconvergence pessimism
                                 -0.017780    0.395638   library hold time
                                              0.395638   data required time
---------------------------------------------------------------------------------------------
                                              0.395638   data required time
                                             -0.643763   data arrival time
---------------------------------------------------------------------------------------------
                                              0.248125   slack (MET)


Startpoint: _1141_ (rising edge-triggered flip-flop clocked by wr_clk)
Endpoint: _1141_ (rising edge-triggered flip-flop clocked by wr_clk)
Path Group: wr_clk
Path Type: min

Fanout         Cap        Slew       Delay        Time   Description
---------------------------------------------------------------------------------------------
                                  0.000000    0.000000   clock wr_clk (rise edge)
                                  0.000000    0.000000   clock source latency
     1    0.024443    0.000000    0.000000    0.000000 ^ wr_clk (in)
                                                         wr_clk (net)
                      0.001082    0.000541    0.000541 ^ clkbuf_0_wr_clk/A (sky130_fd_sc_hd__clkbuf_16)
    16    0.103832    0.091499    0.123118    0.123659 ^ clkbuf_0_wr_clk/X (sky130_fd_sc_hd__clkbuf_16)
                                                         clknet_0_wr_clk (net)
                      0.091636    0.002858    0.126518 ^ clkbuf_4_1_0_wr_clk/A (sky130_fd_sc_hd__clkbuf_8)
     2    0.017991    0.035941    0.102621    0.229138 ^ clkbuf_4_1_0_wr_clk/X (sky130_fd_sc_hd__clkbuf_8)
                                                         clknet_4_1_0_wr_clk (net)
                      0.035941    0.000192    0.229331 ^ clkbuf_5_2__f_wr_clk/A (sky130_fd_sc_hd__clkbuf_16)
     5    0.016051    0.028551    0.083193    0.312523 ^ clkbuf_5_2__f_wr_clk/X (sky130_fd_sc_hd__clkbuf_16)
                                                         clknet_5_2__leaf_wr_clk (net)
                      0.028556    0.000347    0.312870 ^ _1141_/CLK (sky130_fd_sc_hd__dfxtp_2)
     2    0.006131    0.032176    0.195930    0.508801 ^ _1141_/Q (sky130_fd_sc_hd__dfxtp_2)
                                                         u_fifomem.mem[3][7] (net)
                      0.032176    0.000043    0.508844 ^ _0956_/A0 (sky130_fd_sc_hd__mux2_2)
     1    0.001976    0.022059    0.081615    0.590458 ^ _0956_/X (sky130_fd_sc_hd__mux2_2)
                                                         _0459_ (net)
                      0.022059    0.000008    0.590466 ^ _0957_/A (sky130_fd_sc_hd__buf_2)
     1    0.002290    0.017560    0.054159    0.644625 ^ _0957_/X (sky130_fd_sc_hd__buf_2)
                                                         _0081_ (net)
                      0.017560    0.000022    0.644646 ^ _1141_/D (sky130_fd_sc_hd__dfxtp_2)
                                              0.644646   data arrival time

                                  0.000000    0.000000   clock wr_clk (rise edge)
                                  0.000000    0.000000   clock source latency
     1    0.024443    0.000000    0.000000    0.000000 ^ wr_clk (in)
                                                         wr_clk (net)
                      0.001082    0.000541    0.000541 ^ clkbuf_0_wr_clk/A (sky130_fd_sc_hd__clkbuf_16)
    16    0.103832    0.091499    0.123118    0.123659 ^ clkbuf_0_wr_clk/X (sky130_fd_sc_hd__clkbuf_16)
                                                         clknet_0_wr_clk (net)
                      0.091636    0.002858    0.126518 ^ clkbuf_4_1_0_wr_clk/A (sky130_fd_sc_hd__clkbuf_8)
     2    0.017991    0.035941    0.102621    0.229138 ^ clkbuf_4_1_0_wr_clk/X (sky130_fd_sc_hd__clkbuf_8)
                                                         clknet_4_1_0_wr_clk (net)
                      0.035941    0.000192    0.229331 ^ clkbuf_5_2__f_wr_clk/A (sky130_fd_sc_hd__clkbuf_16)
     5    0.016051    0.028551    0.083193    0.312523 ^ clkbuf_5_2__f_wr_clk/X (sky130_fd_sc_hd__clkbuf_16)
                                                         clknet_5_2__leaf_wr_clk (net)
                      0.028556    0.000347    0.312870 ^ _1141_/CLK (sky130_fd_sc_hd__dfxtp_2)
                                  0.100000    0.412870   clock uncertainty
                                  0.000000    0.412870   clock reconvergence pessimism
                                 -0.016407    0.396464   library hold time
                                              0.396464   data required time
---------------------------------------------------------------------------------------------
                                              0.396464   data required time
                                             -0.644646   data arrival time
---------------------------------------------------------------------------------------------
                                              0.248183   slack (MET)


Startpoint: _1076_ (rising edge-triggered flip-flop clocked by wr_clk)
Endpoint: _1076_ (rising edge-triggered flip-flop clocked by wr_clk)
Path Group: wr_clk
Path Type: min

Fanout         Cap        Slew       Delay        Time   Description
---------------------------------------------------------------------------------------------
                                  0.000000    0.000000   clock wr_clk (rise edge)
                                  0.000000    0.000000   clock source latency
     1    0.024443    0.000000    0.000000    0.000000 ^ wr_clk (in)
                                                         wr_clk (net)
                      0.001082    0.000541    0.000541 ^ clkbuf_0_wr_clk/A (sky130_fd_sc_hd__clkbuf_16)
    16    0.103832    0.091499    0.123118    0.123659 ^ clkbuf_0_wr_clk/X (sky130_fd_sc_hd__clkbuf_16)
                                                         clknet_0_wr_clk (net)
                      0.091711    0.003536    0.127195 ^ clkbuf_4_6_0_wr_clk/A (sky130_fd_sc_hd__clkbuf_8)
     2    0.018397    0.036396    0.103066    0.230261 ^ clkbuf_4_6_0_wr_clk/X (sky130_fd_sc_hd__clkbuf_8)
                                                         clknet_4_6_0_wr_clk (net)
                      0.036397    0.000210    0.230471 ^ clkbuf_5_13__f_wr_clk/A (sky130_fd_sc_hd__clkbuf_16)
     5    0.015205    0.027994    0.082777    0.313248 ^ clkbuf_5_13__f_wr_clk/X (sky130_fd_sc_hd__clkbuf_16)
                                                         clknet_5_13__leaf_wr_clk (net)
                      0.027994    0.000230    0.313478 ^ _1076_/CLK (sky130_fd_sc_hd__dfxtp_2)
     2    0.006043    0.031886    0.195524    0.509002 ^ _1076_/Q (sky130_fd_sc_hd__dfxtp_2)
                                                         u_fifomem.mem[10][6] (net)
                      0.031886    0.000041    0.509043 ^ _0815_/A0 (sky130_fd_sc_hd__mux2_2)
     1    0.002059    0.022326    0.081842    0.590885 ^ _0815_/X (sky130_fd_sc_hd__mux2_2)
                                                         _0383_ (net)
                      0.022326    0.000009    0.590894 ^ _0816_/A (sky130_fd_sc_hd__buf_2)
     1    0.002327    0.017670    0.054342    0.645236 ^ _0816_/X (sky130_fd_sc_hd__buf_2)
                                                         _0016_ (net)
                      0.017670    0.000022    0.645258 ^ _1076_/D (sky130_fd_sc_hd__dfxtp_2)
                                              0.645258   data arrival time

                                  0.000000    0.000000   clock wr_clk (rise edge)
                                  0.000000    0.000000   clock source latency
     1    0.024443    0.000000    0.000000    0.000000 ^ wr_clk (in)
                                                         wr_clk (net)
                      0.001082    0.000541    0.000541 ^ clkbuf_0_wr_clk/A (sky130_fd_sc_hd__clkbuf_16)
    16    0.103832    0.091499    0.123118    0.123659 ^ clkbuf_0_wr_clk/X (sky130_fd_sc_hd__clkbuf_16)
                                                         clknet_0_wr_clk (net)
                      0.091711    0.003536    0.127195 ^ clkbuf_4_6_0_wr_clk/A (sky130_fd_sc_hd__clkbuf_8)
     2    0.018397    0.036396    0.103066    0.230261 ^ clkbuf_4_6_0_wr_clk/X (sky130_fd_sc_hd__clkbuf_8)
                                                         clknet_4_6_0_wr_clk (net)
                      0.036397    0.000210    0.230471 ^ clkbuf_5_13__f_wr_clk/A (sky130_fd_sc_hd__clkbuf_16)
     5    0.015205    0.027994    0.082777    0.313248 ^ clkbuf_5_13__f_wr_clk/X (sky130_fd_sc_hd__clkbuf_16)
                                                         clknet_5_13__leaf_wr_clk (net)
                      0.027994    0.000230    0.313478 ^ _1076_/CLK (sky130_fd_sc_hd__dfxtp_2)
                                  0.100000    0.413478   clock uncertainty
                                  0.000000    0.413478   clock reconvergence pessimism
                                 -0.016428    0.397050   library hold time
                                              0.397050   data required time
---------------------------------------------------------------------------------------------
                                              0.397050   data required time
                                             -0.645258   data arrival time
---------------------------------------------------------------------------------------------
                                              0.248208   slack (MET)


Startpoint: _1153_ (rising edge-triggered flip-flop clocked by wr_clk)
Endpoint: _1153_ (rising edge-triggered flip-flop clocked by wr_clk)
Path Group: wr_clk
Path Type: min

Fanout         Cap        Slew       Delay        Time   Description
---------------------------------------------------------------------------------------------
                                  0.000000    0.000000   clock wr_clk (rise edge)
                                  0.000000    0.000000   clock source latency
     1    0.024443    0.000000    0.000000    0.000000 ^ wr_clk (in)
                                                         wr_clk (net)
                      0.001082    0.000541    0.000541 ^ clkbuf_0_wr_clk/A (sky130_fd_sc_hd__clkbuf_16)
    16    0.103832    0.091499    0.123118    0.123659 ^ clkbuf_0_wr_clk/X (sky130_fd_sc_hd__clkbuf_16)
                                                         clknet_0_wr_clk (net)
                      0.091540    0.001579    0.125239 ^ clkbuf_4_11_0_wr_clk/A (sky130_fd_sc_hd__clkbuf_8)
     2    0.017609    0.035512    0.102201    0.227440 ^ clkbuf_4_11_0_wr_clk/X (sky130_fd_sc_hd__clkbuf_8)
                                                         clknet_4_11_0_wr_clk (net)
                      0.035512    0.000129    0.227569 ^ clkbuf_5_23__f_wr_clk/A (sky130_fd_sc_hd__clkbuf_16)
     5    0.014143    0.027288    0.081817    0.309385 ^ clkbuf_5_23__f_wr_clk/X (sky130_fd_sc_hd__clkbuf_16)
                                                         clknet_5_23__leaf_wr_clk (net)
                      0.027288    0.000060    0.309445 ^ _1153_/CLK (sky130_fd_sc_hd__dfxtp_2)
     2    0.005531    0.030201    0.193947    0.503393 ^ _1153_/Q (sky130_fd_sc_hd__dfxtp_2)
                                                         u_fifomem.mem[5][3] (net)
                      0.030201    0.000061    0.503454 ^ _0983_/A0 (sky130_fd_sc_hd__mux2_2)
     1    0.004227    0.029502    0.089381    0.592836 ^ _0983_/X (sky130_fd_sc_hd__mux2_2)
                                                         _0474_ (net)
                      0.029502    0.000069    0.592904 ^ _0984_/A (sky130_fd_sc_hd__buf_1)
     1    0.002168    0.027074    0.047695    0.640600 ^ _0984_/X (sky130_fd_sc_hd__buf_1)
                                                         _0093_ (net)
                      0.027074    0.000020    0.640620 ^ _1153_/D (sky130_fd_sc_hd__dfxtp_2)
                                              0.640620   data arrival time

                                  0.000000    0.000000   clock wr_clk (rise edge)
                                  0.000000    0.000000   clock source latency
     1    0.024443    0.000000    0.000000    0.000000 ^ wr_clk (in)
                                                         wr_clk (net)
                      0.001082    0.000541    0.000541 ^ clkbuf_0_wr_clk/A (sky130_fd_sc_hd__clkbuf_16)
    16    0.103832    0.091499    0.123118    0.123659 ^ clkbuf_0_wr_clk/X (sky130_fd_sc_hd__clkbuf_16)
                                                         clknet_0_wr_clk (net)
                      0.091540    0.001579    0.125239 ^ clkbuf_4_11_0_wr_clk/A (sky130_fd_sc_hd__clkbuf_8)
     2    0.017609    0.035512    0.102201    0.227440 ^ clkbuf_4_11_0_wr_clk/X (sky130_fd_sc_hd__clkbuf_8)
                                                         clknet_4_11_0_wr_clk (net)
                      0.035512    0.000129    0.227569 ^ clkbuf_5_23__f_wr_clk/A (sky130_fd_sc_hd__clkbuf_16)
     5    0.014143    0.027288    0.081817    0.309385 ^ clkbuf_5_23__f_wr_clk/X (sky130_fd_sc_hd__clkbuf_16)
                                                         clknet_5_23__leaf_wr_clk (net)
                      0.027288    0.000060    0.309445 ^ _1153_/CLK (sky130_fd_sc_hd__dfxtp_2)
                                  0.100000    0.409445   clock uncertainty
                                  0.000000    0.409445   clock reconvergence pessimism
                                 -0.017111    0.392335   library hold time
                                              0.392335   data required time
---------------------------------------------------------------------------------------------
                                              0.392335   data required time
                                             -0.640620   data arrival time
---------------------------------------------------------------------------------------------
                                              0.248285   slack (MET)


Startpoint: _1063_ (rising edge-triggered flip-flop clocked by wr_clk)
Endpoint: _1063_ (rising edge-triggered flip-flop clocked by wr_clk)
Path Group: wr_clk
Path Type: min

Fanout         Cap        Slew       Delay        Time   Description
---------------------------------------------------------------------------------------------
                                  0.000000    0.000000   clock wr_clk (rise edge)
                                  0.000000    0.000000   clock source latency
     1    0.024443    0.000000    0.000000    0.000000 ^ wr_clk (in)
                                                         wr_clk (net)
                      0.001082    0.000541    0.000541 ^ clkbuf_0_wr_clk/A (sky130_fd_sc_hd__clkbuf_16)
    16    0.103832    0.091499    0.123118    0.123659 ^ clkbuf_0_wr_clk/X (sky130_fd_sc_hd__clkbuf_16)
                                                         clknet_0_wr_clk (net)
                      0.091548    0.001728    0.125387 ^ clkbuf_4_9_0_wr_clk/A (sky130_fd_sc_hd__clkbuf_8)
     2    0.018917    0.036984    0.103502    0.228889 ^ clkbuf_4_9_0_wr_clk/X (sky130_fd_sc_hd__clkbuf_8)
                                                         clknet_4_9_0_wr_clk (net)
                      0.036988    0.000367    0.229256 ^ clkbuf_5_19__f_wr_clk/A (sky130_fd_sc_hd__clkbuf_16)
     5    0.014502    0.027532    0.082462    0.311718 ^ clkbuf_5_19__f_wr_clk/X (sky130_fd_sc_hd__clkbuf_16)
                                                         clknet_5_19__leaf_wr_clk (net)
                      0.027532    0.000070    0.311788 ^ _1063_/CLK (sky130_fd_sc_hd__dfxtp_2)
     2    0.005225    0.029206    0.193212    0.504999 ^ _1063_/Q (sky130_fd_sc_hd__dfxtp_2)
                                                         u_fifomem.mem[0][1] (net)
                      0.029206    0.000024    0.505023 ^ _0788_/A0 (sky130_fd_sc_hd__mux2_2)
     1    0.003045    0.025486    0.084746    0.589770 ^ _0788_/X (sky130_fd_sc_hd__mux2_2)
                                                         _0369_ (net)
                      0.025486    0.000032    0.589802 ^ _0789_/A (sky130_fd_sc_hd__buf_1)
     1    0.003123    0.034785    0.052633    0.642435 ^ _0789_/X (sky130_fd_sc_hd__buf_1)
                                                         _0003_ (net)
                      0.034785    0.000039    0.642474 ^ _1063_/D (sky130_fd_sc_hd__dfxtp_2)
                                              0.642474   data arrival time

                                  0.000000    0.000000   clock wr_clk (rise edge)
                                  0.000000    0.000000   clock source latency
     1    0.024443    0.000000    0.000000    0.000000 ^ wr_clk (in)
                                                         wr_clk (net)
                      0.001082    0.000541    0.000541 ^ clkbuf_0_wr_clk/A (sky130_fd_sc_hd__clkbuf_16)
    16    0.103832    0.091499    0.123118    0.123659 ^ clkbuf_0_wr_clk/X (sky130_fd_sc_hd__clkbuf_16)
                                                         clknet_0_wr_clk (net)
                      0.091548    0.001728    0.125387 ^ clkbuf_4_9_0_wr_clk/A (sky130_fd_sc_hd__clkbuf_8)
     2    0.018917    0.036984    0.103502    0.228889 ^ clkbuf_4_9_0_wr_clk/X (sky130_fd_sc_hd__clkbuf_8)
                                                         clknet_4_9_0_wr_clk (net)
                      0.036988    0.000367    0.229256 ^ clkbuf_5_19__f_wr_clk/A (sky130_fd_sc_hd__clkbuf_16)
     5    0.014502    0.027532    0.082462    0.311718 ^ clkbuf_5_19__f_wr_clk/X (sky130_fd_sc_hd__clkbuf_16)
                                                         clknet_5_19__leaf_wr_clk (net)
                      0.027532    0.000070    0.311788 ^ _1063_/CLK (sky130_fd_sc_hd__dfxtp_2)
                                  0.100000    0.411788   clock uncertainty
                                  0.000000    0.411788   clock reconvergence pessimism
                                 -0.017651    0.394137   library hold time
                                              0.394137   data required time
---------------------------------------------------------------------------------------------
                                              0.394137   data required time
                                             -0.642474   data arrival time
---------------------------------------------------------------------------------------------
                                              0.248338   slack (MET)


Startpoint: _1103_ (rising edge-triggered flip-flop clocked by wr_clk)
Endpoint: _1103_ (rising edge-triggered flip-flop clocked by wr_clk)
Path Group: wr_clk
Path Type: min

Fanout         Cap        Slew       Delay        Time   Description
---------------------------------------------------------------------------------------------
                                  0.000000    0.000000   clock wr_clk (rise edge)
                                  0.000000    0.000000   clock source latency
     1    0.024443    0.000000    0.000000    0.000000 ^ wr_clk (in)
                                                         wr_clk (net)
                      0.001082    0.000541    0.000541 ^ clkbuf_0_wr_clk/A (sky130_fd_sc_hd__clkbuf_16)
    16    0.103832    0.091499    0.123118    0.123659 ^ clkbuf_0_wr_clk/X (sky130_fd_sc_hd__clkbuf_16)
                                                         clknet_0_wr_clk (net)
                      0.091673    0.003209    0.126868 ^ clkbuf_4_5_0_wr_clk/A (sky130_fd_sc_hd__clkbuf_8)
     2    0.019116    0.037214    0.103720    0.230588 ^ clkbuf_4_5_0_wr_clk/X (sky130_fd_sc_hd__clkbuf_8)
                                                         clknet_4_5_0_wr_clk (net)
                      0.037218    0.000411    0.231000 ^ clkbuf_5_11__f_wr_clk/A (sky130_fd_sc_hd__clkbuf_16)
     5    0.013808    0.027073    0.082076    0.313075 ^ clkbuf_5_11__f_wr_clk/X (sky130_fd_sc_hd__clkbuf_16)
                                                         clknet_5_11__leaf_wr_clk (net)
                      0.027073    0.000038    0.313113 ^ _1103_/CLK (sky130_fd_sc_hd__dfxtp_2)
     2    0.005320    0.029515    0.193327    0.506440 ^ _1103_/Q (sky130_fd_sc_hd__dfxtp_2)
                                                         u_fifomem.mem[14][1] (net)
                      0.029515    0.000036    0.506476 ^ _0876_/A0 (sky130_fd_sc_hd__mux2_2)
     1    0.003013    0.025383    0.084712    0.591188 ^ _0876_/X (sky130_fd_sc_hd__mux2_2)
                                                         _0417_ (net)
                      0.025383    0.000038    0.591226 ^ _0877_/A (sky130_fd_sc_hd__buf_2)
     1    0.001921    0.016460    0.054058    0.645284 ^ _0877_/X (sky130_fd_sc_hd__buf_2)
                                                         _0043_ (net)
                      0.016460    0.000016    0.645299 ^ _1103_/D (sky130_fd_sc_hd__dfxtp_2)
                                              0.645299   data arrival time

                                  0.000000    0.000000   clock wr_clk (rise edge)
                                  0.000000    0.000000   clock source latency
     1    0.024443    0.000000    0.000000    0.000000 ^ wr_clk (in)
                                                         wr_clk (net)
                      0.001082    0.000541    0.000541 ^ clkbuf_0_wr_clk/A (sky130_fd_sc_hd__clkbuf_16)
    16    0.103832    0.091499    0.123118    0.123659 ^ clkbuf_0_wr_clk/X (sky130_fd_sc_hd__clkbuf_16)
                                                         clknet_0_wr_clk (net)
                      0.091673    0.003209    0.126868 ^ clkbuf_4_5_0_wr_clk/A (sky130_fd_sc_hd__clkbuf_8)
     2    0.019116    0.037214    0.103720    0.230588 ^ clkbuf_4_5_0_wr_clk/X (sky130_fd_sc_hd__clkbuf_8)
                                                         clknet_4_5_0_wr_clk (net)
                      0.037218    0.000411    0.231000 ^ clkbuf_5_11__f_wr_clk/A (sky130_fd_sc_hd__clkbuf_16)
     5    0.013808    0.027073    0.082076    0.313075 ^ clkbuf_5_11__f_wr_clk/X (sky130_fd_sc_hd__clkbuf_16)
                                                         clknet_5_11__leaf_wr_clk (net)
                      0.027073    0.000038    0.313113 ^ _1103_/CLK (sky130_fd_sc_hd__dfxtp_2)
                                  0.100000    0.413113   clock uncertainty
                                  0.000000    0.413113   clock reconvergence pessimism
                                 -0.016364    0.396749   library hold time
                                              0.396749   data required time
---------------------------------------------------------------------------------------------
                                              0.396749   data required time
                                             -0.645299   data arrival time
---------------------------------------------------------------------------------------------
                                              0.248550   slack (MET)


Startpoint: _1087_ (rising edge-triggered flip-flop clocked by wr_clk)
Endpoint: _1087_ (rising edge-triggered flip-flop clocked by wr_clk)
Path Group: wr_clk
Path Type: min

Fanout         Cap        Slew       Delay        Time   Description
---------------------------------------------------------------------------------------------
                                  0.000000    0.000000   clock wr_clk (rise edge)
                                  0.000000    0.000000   clock source latency
     1    0.024443    0.000000    0.000000    0.000000 ^ wr_clk (in)
                                                         wr_clk (net)
                      0.001082    0.000541    0.000541 ^ clkbuf_0_wr_clk/A (sky130_fd_sc_hd__clkbuf_16)
    16    0.103832    0.091499    0.123118    0.123659 ^ clkbuf_0_wr_clk/X (sky130_fd_sc_hd__clkbuf_16)
                                                         clknet_0_wr_clk (net)
                      0.091714    0.003557    0.127216 ^ clkbuf_4_7_0_wr_clk/A (sky130_fd_sc_hd__clkbuf_8)
     2    0.018693    0.036744    0.103405    0.230621 ^ clkbuf_4_7_0_wr_clk/X (sky130_fd_sc_hd__clkbuf_8)
                                                         clknet_4_7_0_wr_clk (net)
                      0.036745    0.000203    0.230824 ^ clkbuf_5_15__f_wr_clk/A (sky130_fd_sc_hd__clkbuf_16)
     5    0.014003    0.027200    0.082077    0.312901 ^ clkbuf_5_15__f_wr_clk/X (sky130_fd_sc_hd__clkbuf_16)
                                                         clknet_5_15__leaf_wr_clk (net)
                      0.027200    0.000142    0.313043 ^ _1087_/CLK (sky130_fd_sc_hd__dfxtp_2)
     2    0.005702    0.030762    0.194373    0.507416 ^ _1087_/Q (sky130_fd_sc_hd__dfxtp_2)
                                                         u_fifomem.mem[12][1] (net)
                      0.030762    0.000073    0.507488 ^ _0840_/A0 (sky130_fd_sc_hd__mux2_2)
     1    0.004329    0.029874    0.089915    0.597403 ^ _0840_/X (sky130_fd_sc_hd__mux2_2)
                                                         _0397_ (net)
                      0.029874    0.000073    0.597476 ^ _0841_/A (sky130_fd_sc_hd__buf_1)
     1    0.002059    0.026215    0.047119    0.644595 ^ _0841_/X (sky130_fd_sc_hd__buf_1)
                                                         _0027_ (net)
                      0.026215    0.000010    0.644604 ^ _1087_/D (sky130_fd_sc_hd__dfxtp_2)
                                              0.644604   data arrival time

                                  0.000000    0.000000   clock wr_clk (rise edge)
                                  0.000000    0.000000   clock source latency
     1    0.024443    0.000000    0.000000    0.000000 ^ wr_clk (in)
                                                         wr_clk (net)
                      0.001082    0.000541    0.000541 ^ clkbuf_0_wr_clk/A (sky130_fd_sc_hd__clkbuf_16)
    16    0.103832    0.091499    0.123118    0.123659 ^ clkbuf_0_wr_clk/X (sky130_fd_sc_hd__clkbuf_16)
                                                         clknet_0_wr_clk (net)
                      0.091714    0.003557    0.127216 ^ clkbuf_4_7_0_wr_clk/A (sky130_fd_sc_hd__clkbuf_8)
     2    0.018693    0.036744    0.103405    0.230621 ^ clkbuf_4_7_0_wr_clk/X (sky130_fd_sc_hd__clkbuf_8)
                                                         clknet_4_7_0_wr_clk (net)
                      0.036745    0.000203    0.230824 ^ clkbuf_5_15__f_wr_clk/A (sky130_fd_sc_hd__clkbuf_16)
     5    0.014003    0.027200    0.082077    0.312901 ^ clkbuf_5_15__f_wr_clk/X (sky130_fd_sc_hd__clkbuf_16)
                                                         clknet_5_15__leaf_wr_clk (net)
                      0.027200    0.000142    0.313043 ^ _1087_/CLK (sky130_fd_sc_hd__dfxtp_2)
                                  0.100000    0.413043   clock uncertainty
                                  0.000000    0.413043   clock reconvergence pessimism
                                 -0.017052    0.395991   library hold time
                                              0.395991   data required time
---------------------------------------------------------------------------------------------
                                              0.395991   data required time
                                             -0.644604   data arrival time
---------------------------------------------------------------------------------------------
                                              0.248613   slack (MET)


Startpoint: _1109_ (rising edge-triggered flip-flop clocked by wr_clk)
Endpoint: _1109_ (rising edge-triggered flip-flop clocked by wr_clk)
Path Group: wr_clk
Path Type: min

Fanout         Cap        Slew       Delay        Time   Description
---------------------------------------------------------------------------------------------
                                  0.000000    0.000000   clock wr_clk (rise edge)
                                  0.000000    0.000000   clock source latency
     1    0.024443    0.000000    0.000000    0.000000 ^ wr_clk (in)
                                                         wr_clk (net)
                      0.001082    0.000541    0.000541 ^ clkbuf_0_wr_clk/A (sky130_fd_sc_hd__clkbuf_16)
    16    0.103832    0.091499    0.123118    0.123659 ^ clkbuf_0_wr_clk/X (sky130_fd_sc_hd__clkbuf_16)
                                                         clknet_0_wr_clk (net)
                      0.091603    0.002501    0.126160 ^ clkbuf_4_2_0_wr_clk/A (sky130_fd_sc_hd__clkbuf_8)
     2    0.018924    0.037002    0.103626    0.229786 ^ clkbuf_4_2_0_wr_clk/X (sky130_fd_sc_hd__clkbuf_8)
                                                         clknet_4_2_0_wr_clk (net)
                      0.037002    0.000084    0.229870 ^ clkbuf_5_5__f_wr_clk/A (sky130_fd_sc_hd__clkbuf_16)
     5    0.016106    0.028591    0.083563    0.313433 ^ clkbuf_5_5__f_wr_clk/X (sky130_fd_sc_hd__clkbuf_16)
                                                         clknet_5_5__leaf_wr_clk (net)
                      0.028596    0.000249    0.313682 ^ _1109_/CLK (sky130_fd_sc_hd__dfxtp_2)
     2    0.005476    0.030023    0.194195    0.507877 ^ _1109_/Q (sky130_fd_sc_hd__dfxtp_2)
                                                         u_fifomem.mem[14][7] (net)
                      0.030023    0.000057    0.507933 ^ _0888_/A0 (sky130_fd_sc_hd__mux2_2)
     1    0.002704    0.024389    0.083711    0.591645 ^ _0888_/X (sky130_fd_sc_hd__mux2_2)
                                                         _0423_ (net)
                      0.024389    0.000029    0.591674 ^ _0889_/A (sky130_fd_sc_hd__buf_2)
     1    0.002098    0.016988    0.054279    0.645952 ^ _0889_/X (sky130_fd_sc_hd__buf_2)
                                                         _0049_ (net)
                      0.016988    0.000019    0.645971 ^ _1109_/D (sky130_fd_sc_hd__dfxtp_2)
                                              0.645971   data arrival time

                                  0.000000    0.000000   clock wr_clk (rise edge)
                                  0.000000    0.000000   clock source latency
     1    0.024443    0.000000    0.000000    0.000000 ^ wr_clk (in)
                                                         wr_clk (net)
                      0.001082    0.000541    0.000541 ^ clkbuf_0_wr_clk/A (sky130_fd_sc_hd__clkbuf_16)
    16    0.103832    0.091499    0.123118    0.123659 ^ clkbuf_0_wr_clk/X (sky130_fd_sc_hd__clkbuf_16)
                                                         clknet_0_wr_clk (net)
                      0.091603    0.002501    0.126160 ^ clkbuf_4_2_0_wr_clk/A (sky130_fd_sc_hd__clkbuf_8)
     2    0.018924    0.037002    0.103626    0.229786 ^ clkbuf_4_2_0_wr_clk/X (sky130_fd_sc_hd__clkbuf_8)
                                                         clknet_4_2_0_wr_clk (net)
                      0.037002    0.000084    0.229870 ^ clkbuf_5_5__f_wr_clk/A (sky130_fd_sc_hd__clkbuf_16)
     5    0.016106    0.028591    0.083563    0.313433 ^ clkbuf_5_5__f_wr_clk/X (sky130_fd_sc_hd__clkbuf_16)
                                                         clknet_5_5__leaf_wr_clk (net)
                      0.028596    0.000249    0.313682 ^ _1109_/CLK (sky130_fd_sc_hd__dfxtp_2)
                                  0.100000    0.413682   clock uncertainty
                                  0.000000    0.413682   clock reconvergence pessimism
                                 -0.016365    0.397316   library hold time
                                              0.397316   data required time
---------------------------------------------------------------------------------------------
                                              0.397316   data required time
                                             -0.645971   data arrival time
---------------------------------------------------------------------------------------------
                                              0.248655   slack (MET)


Startpoint: _1140_ (rising edge-triggered flip-flop clocked by wr_clk)
Endpoint: _1140_ (rising edge-triggered flip-flop clocked by wr_clk)
Path Group: wr_clk
Path Type: min

Fanout         Cap        Slew       Delay        Time   Description
---------------------------------------------------------------------------------------------
                                  0.000000    0.000000   clock wr_clk (rise edge)
                                  0.000000    0.000000   clock source latency
     1    0.024443    0.000000    0.000000    0.000000 ^ wr_clk (in)
                                                         wr_clk (net)
                      0.001082    0.000541    0.000541 ^ clkbuf_0_wr_clk/A (sky130_fd_sc_hd__clkbuf_16)
    16    0.103832    0.091499    0.123118    0.123659 ^ clkbuf_0_wr_clk/X (sky130_fd_sc_hd__clkbuf_16)
                                                         clknet_0_wr_clk (net)
                      0.091548    0.001728    0.125387 ^ clkbuf_4_9_0_wr_clk/A (sky130_fd_sc_hd__clkbuf_8)
     2    0.018917    0.036984    0.103502    0.228889 ^ clkbuf_4_9_0_wr_clk/X (sky130_fd_sc_hd__clkbuf_8)
                                                         clknet_4_9_0_wr_clk (net)
                      0.036988    0.000367    0.229256 ^ clkbuf_5_19__f_wr_clk/A (sky130_fd_sc_hd__clkbuf_16)
     5    0.014502    0.027532    0.082462    0.311718 ^ clkbuf_5_19__f_wr_clk/X (sky130_fd_sc_hd__clkbuf_16)
                                                         clknet_5_19__leaf_wr_clk (net)
                      0.027532    0.000130    0.311848 ^ _1140_/CLK (sky130_fd_sc_hd__dfxtp_2)
     2    0.005135    0.028911    0.192967    0.504815 ^ _1140_/Q (sky130_fd_sc_hd__dfxtp_2)
                                                         u_fifomem.mem[3][6] (net)
                      0.028911    0.000045    0.504861 ^ _0954_/A0 (sky130_fd_sc_hd__mux2_2)
     1    0.002492    0.023716    0.082623    0.587484 ^ _0954_/X (sky130_fd_sc_hd__mux2_2)
                                                         _0458_ (net)
                      0.023716    0.000024    0.587508 ^ _0955_/A (sky130_fd_sc_hd__buf_2)
     1    0.002968    0.019591    0.056629    0.644137 ^ _0955_/X (sky130_fd_sc_hd__buf_2)
                                                         _0080_ (net)
                      0.019591    0.000037    0.644174 ^ _1140_/D (sky130_fd_sc_hd__dfxtp_2)
                                              0.644174   data arrival time

                                  0.000000    0.000000   clock wr_clk (rise edge)
                                  0.000000    0.000000   clock source latency
     1    0.024443    0.000000    0.000000    0.000000 ^ wr_clk (in)
                                                         wr_clk (net)
                      0.001082    0.000541    0.000541 ^ clkbuf_0_wr_clk/A (sky130_fd_sc_hd__clkbuf_16)
    16    0.103832    0.091499    0.123118    0.123659 ^ clkbuf_0_wr_clk/X (sky130_fd_sc_hd__clkbuf_16)
                                                         clknet_0_wr_clk (net)
                      0.091548    0.001728    0.125387 ^ clkbuf_4_9_0_wr_clk/A (sky130_fd_sc_hd__clkbuf_8)
     2    0.018917    0.036984    0.103502    0.228889 ^ clkbuf_4_9_0_wr_clk/X (sky130_fd_sc_hd__clkbuf_8)
                                                         clknet_4_9_0_wr_clk (net)
                      0.036988    0.000367    0.229256 ^ clkbuf_5_19__f_wr_clk/A (sky130_fd_sc_hd__clkbuf_16)
     5    0.014502    0.027532    0.082462    0.311718 ^ clkbuf_5_19__f_wr_clk/X (sky130_fd_sc_hd__clkbuf_16)
                                                         clknet_5_19__leaf_wr_clk (net)
                      0.027532    0.000130    0.311848 ^ _1140_/CLK (sky130_fd_sc_hd__dfxtp_2)
                                  0.100000    0.411848   clock uncertainty
                                  0.000000    0.411848   clock reconvergence pessimism
                                 -0.016575    0.395273   library hold time
                                              0.395273   data required time
---------------------------------------------------------------------------------------------
                                              0.395273   data required time
                                             -0.644174   data arrival time
---------------------------------------------------------------------------------------------
                                              0.248901   slack (MET)


Startpoint: _1069_ (rising edge-triggered flip-flop clocked by wr_clk)
Endpoint: _1069_ (rising edge-triggered flip-flop clocked by wr_clk)
Path Group: wr_clk
Path Type: min

Fanout         Cap        Slew       Delay        Time   Description
---------------------------------------------------------------------------------------------
                                  0.000000    0.000000   clock wr_clk (rise edge)
                                  0.000000    0.000000   clock source latency
     1    0.024443    0.000000    0.000000    0.000000 ^ wr_clk (in)
                                                         wr_clk (net)
                      0.001082    0.000541    0.000541 ^ clkbuf_0_wr_clk/A (sky130_fd_sc_hd__clkbuf_16)
    16    0.103832    0.091499    0.123118    0.123659 ^ clkbuf_0_wr_clk/X (sky130_fd_sc_hd__clkbuf_16)
                                                         clknet_0_wr_clk (net)
                      0.091636    0.002858    0.126518 ^ clkbuf_4_1_0_wr_clk/A (sky130_fd_sc_hd__clkbuf_8)
     2    0.017991    0.035941    0.102621    0.229138 ^ clkbuf_4_1_0_wr_clk/X (sky130_fd_sc_hd__clkbuf_8)
                                                         clknet_4_1_0_wr_clk (net)
                      0.035941    0.000192    0.229331 ^ clkbuf_5_2__f_wr_clk/A (sky130_fd_sc_hd__clkbuf_16)
     5    0.016051    0.028551    0.083193    0.312523 ^ clkbuf_5_2__f_wr_clk/X (sky130_fd_sc_hd__clkbuf_16)
                                                         clknet_5_2__leaf_wr_clk (net)
                      0.028551    0.000214    0.312737 ^ _1069_/CLK (sky130_fd_sc_hd__dfxtp_2)
     2    0.005306    0.029470    0.193735    0.506472 ^ _1069_/Q (sky130_fd_sc_hd__dfxtp_2)
                                                         u_fifomem.mem[0][7] (net)
                      0.029470    0.000033    0.506505 ^ _0800_/A0 (sky130_fd_sc_hd__mux2_2)
     1    0.003669    0.027521    0.087126    0.593631 ^ _0800_/X (sky130_fd_sc_hd__mux2_2)
                                                         _0375_ (net)
                      0.027521    0.000047    0.593678 ^ _0801_/A (sky130_fd_sc_hd__buf_1)
     1    0.002723    0.031532    0.050636    0.644313 ^ _0801_/X (sky130_fd_sc_hd__buf_1)
                                                         _0009_ (net)
                      0.031532    0.000021    0.644334 ^ _1069_/D (sky130_fd_sc_hd__dfxtp_2)
                                              0.644334   data arrival time

                                  0.000000    0.000000   clock wr_clk (rise edge)
                                  0.000000    0.000000   clock source latency
     1    0.024443    0.000000    0.000000    0.000000 ^ wr_clk (in)
                                                         wr_clk (net)
                      0.001082    0.000541    0.000541 ^ clkbuf_0_wr_clk/A (sky130_fd_sc_hd__clkbuf_16)
    16    0.103832    0.091499    0.123118    0.123659 ^ clkbuf_0_wr_clk/X (sky130_fd_sc_hd__clkbuf_16)
                                                         clknet_0_wr_clk (net)
                      0.091636    0.002858    0.126518 ^ clkbuf_4_1_0_wr_clk/A (sky130_fd_sc_hd__clkbuf_8)
     2    0.017991    0.035941    0.102621    0.229138 ^ clkbuf_4_1_0_wr_clk/X (sky130_fd_sc_hd__clkbuf_8)
                                                         clknet_4_1_0_wr_clk (net)
                      0.035941    0.000192    0.229331 ^ clkbuf_5_2__f_wr_clk/A (sky130_fd_sc_hd__clkbuf_16)
     5    0.016051    0.028551    0.083193    0.312523 ^ clkbuf_5_2__f_wr_clk/X (sky130_fd_sc_hd__clkbuf_16)
                                                         clknet_5_2__leaf_wr_clk (net)
                      0.028551    0.000214    0.312737 ^ _1069_/CLK (sky130_fd_sc_hd__dfxtp_2)
                                  0.100000    0.412737   clock uncertainty
                                  0.000000    0.412737   clock reconvergence pessimism
                                 -0.017396    0.395341   library hold time
                                              0.395341   data required time
---------------------------------------------------------------------------------------------
                                              0.395341   data required time
                                             -0.644334   data arrival time
---------------------------------------------------------------------------------------------
                                              0.248993   slack (MET)


Startpoint: _1100_ (rising edge-triggered flip-flop clocked by wr_clk)
Endpoint: _1100_ (rising edge-triggered flip-flop clocked by wr_clk)
Path Group: wr_clk
Path Type: min

Fanout         Cap        Slew       Delay        Time   Description
---------------------------------------------------------------------------------------------
                                  0.000000    0.000000   clock wr_clk (rise edge)
                                  0.000000    0.000000   clock source latency
     1    0.024443    0.000000    0.000000    0.000000 ^ wr_clk (in)
                                                         wr_clk (net)
                      0.001082    0.000541    0.000541 ^ clkbuf_0_wr_clk/A (sky130_fd_sc_hd__clkbuf_16)
    16    0.103832    0.091499    0.123118    0.123659 ^ clkbuf_0_wr_clk/X (sky130_fd_sc_hd__clkbuf_16)
                                                         clknet_0_wr_clk (net)
                      0.091499    0.000105    0.123764 ^ clkbuf_4_13_0_wr_clk/A (sky130_fd_sc_hd__clkbuf_8)
     2    0.018805    0.036856    0.103381    0.227145 ^ clkbuf_4_13_0_wr_clk/X (sky130_fd_sc_hd__clkbuf_8)
                                                         clknet_4_13_0_wr_clk (net)
                      0.036858    0.000338    0.227484 ^ clkbuf_5_27__f_wr_clk/A (sky130_fd_sc_hd__clkbuf_16)
     5    0.017066    0.029224    0.084150    0.311634 ^ clkbuf_5_27__f_wr_clk/X (sky130_fd_sc_hd__clkbuf_16)
                                                         clknet_5_27__leaf_wr_clk (net)
                      0.029230    0.000402    0.312036 ^ _1100_/CLK (sky130_fd_sc_hd__dfxtp_2)
     2    0.005432    0.029877    0.194265    0.506300 ^ _1100_/Q (sky130_fd_sc_hd__dfxtp_2)
                                                         u_fifomem.mem[13][6] (net)
                      0.029877    0.000045    0.506345 ^ _0868_/A0 (sky130_fd_sc_hd__mux2_2)
     1    0.003449    0.026781    0.086424    0.592769 ^ _0868_/X (sky130_fd_sc_hd__mux2_2)
                                                         _0412_ (net)
                      0.026781    0.000039    0.592808 ^ _0869_/A (sky130_fd_sc_hd__buf_1)
     1    0.002778    0.031979    0.050819    0.643627 ^ _0869_/X (sky130_fd_sc_hd__buf_1)
                                                         _0040_ (net)
                      0.031979    0.000031    0.643658 ^ _1100_/D (sky130_fd_sc_hd__dfxtp_2)
                                              0.643658   data arrival time

                                  0.000000    0.000000   clock wr_clk (rise edge)
                                  0.000000    0.000000   clock source latency
     1    0.024443    0.000000    0.000000    0.000000 ^ wr_clk (in)
                                                         wr_clk (net)
                      0.001082    0.000541    0.000541 ^ clkbuf_0_wr_clk/A (sky130_fd_sc_hd__clkbuf_16)
    16    0.103832    0.091499    0.123118    0.123659 ^ clkbuf_0_wr_clk/X (sky130_fd_sc_hd__clkbuf_16)
                                                         clknet_0_wr_clk (net)
                      0.091499    0.000105    0.123764 ^ clkbuf_4_13_0_wr_clk/A (sky130_fd_sc_hd__clkbuf_8)
     2    0.018805    0.036856    0.103381    0.227145 ^ clkbuf_4_13_0_wr_clk/X (sky130_fd_sc_hd__clkbuf_8)
                                                         clknet_4_13_0_wr_clk (net)
                      0.036858    0.000338    0.227484 ^ clkbuf_5_27__f_wr_clk/A (sky130_fd_sc_hd__clkbuf_16)
     5    0.017066    0.029224    0.084150    0.311634 ^ clkbuf_5_27__f_wr_clk/X (sky130_fd_sc_hd__clkbuf_16)
                                                         clknet_5_27__leaf_wr_clk (net)
                      0.029230    0.000402    0.312036 ^ _1100_/CLK (sky130_fd_sc_hd__dfxtp_2)
                                  0.100000    0.412036   clock uncertainty
                                  0.000000    0.412036   clock reconvergence pessimism
                                 -0.017412    0.394624   library hold time
                                              0.394624   data required time
---------------------------------------------------------------------------------------------
                                              0.394624   data required time
                                             -0.643658   data arrival time
---------------------------------------------------------------------------------------------
                                              0.249034   slack (MET)


Startpoint: _1177_ (rising edge-triggered flip-flop clocked by wr_clk)
Endpoint: _1177_ (rising edge-triggered flip-flop clocked by wr_clk)
Path Group: wr_clk
Path Type: min

Fanout         Cap        Slew       Delay        Time   Description
---------------------------------------------------------------------------------------------
                                  0.000000    0.000000   clock wr_clk (rise edge)
                                  0.000000    0.000000   clock source latency
     1    0.024443    0.000000    0.000000    0.000000 ^ wr_clk (in)
                                                         wr_clk (net)
                      0.001082    0.000541    0.000541 ^ clkbuf_0_wr_clk/A (sky130_fd_sc_hd__clkbuf_16)
    16    0.103832    0.091499    0.123118    0.123659 ^ clkbuf_0_wr_clk/X (sky130_fd_sc_hd__clkbuf_16)
                                                         clknet_0_wr_clk (net)
                      0.091499    0.000105    0.123764 ^ clkbuf_4_13_0_wr_clk/A (sky130_fd_sc_hd__clkbuf_8)
     2    0.018805    0.036856    0.103381    0.227145 ^ clkbuf_4_13_0_wr_clk/X (sky130_fd_sc_hd__clkbuf_8)
                                                         clknet_4_13_0_wr_clk (net)
                      0.036857    0.000280    0.227426 ^ clkbuf_5_26__f_wr_clk/A (sky130_fd_sc_hd__clkbuf_16)
     5    0.015263    0.028033    0.082987    0.310412 ^ clkbuf_5_26__f_wr_clk/X (sky130_fd_sc_hd__clkbuf_16)
                                                         clknet_5_26__leaf_wr_clk (net)
                      0.028033    0.000060    0.310472 ^ _1177_/CLK (sky130_fd_sc_hd__dfxtp_2)
     2    0.005665    0.030642    0.194532    0.505004 ^ _1177_/Q (sky130_fd_sc_hd__dfxtp_2)
                                                         u_fifomem.mem[8][3] (net)
                      0.030642    0.000050    0.505054 ^ _1035_/A0 (sky130_fd_sc_hd__mux2_2)
     1    0.002899    0.025017    0.084605    0.589659 ^ _1035_/X (sky130_fd_sc_hd__mux2_2)
                                                         _0502_ (net)
                      0.025017    0.000028    0.589687 ^ _1036_/A (sky130_fd_sc_hd__buf_1)
     1    0.003066    0.034309    0.052190    0.641878 ^ _1036_/X (sky130_fd_sc_hd__buf_1)
                                                         _0117_ (net)
                      0.034309    0.000041    0.641919 ^ _1177_/D (sky130_fd_sc_hd__dfxtp_2)
                                              0.641919   data arrival time

                                  0.000000    0.000000   clock wr_clk (rise edge)
                                  0.000000    0.000000   clock source latency
     1    0.024443    0.000000    0.000000    0.000000 ^ wr_clk (in)
                                                         wr_clk (net)
                      0.001082    0.000541    0.000541 ^ clkbuf_0_wr_clk/A (sky130_fd_sc_hd__clkbuf_16)
    16    0.103832    0.091499    0.123118    0.123659 ^ clkbuf_0_wr_clk/X (sky130_fd_sc_hd__clkbuf_16)
                                                         clknet_0_wr_clk (net)
                      0.091499    0.000105    0.123764 ^ clkbuf_4_13_0_wr_clk/A (sky130_fd_sc_hd__clkbuf_8)
     2    0.018805    0.036856    0.103381    0.227145 ^ clkbuf_4_13_0_wr_clk/X (sky130_fd_sc_hd__clkbuf_8)
                                                         clknet_4_13_0_wr_clk (net)
                      0.036857    0.000280    0.227426 ^ clkbuf_5_26__f_wr_clk/A (sky130_fd_sc_hd__clkbuf_16)
     5    0.015263    0.028033    0.082987    0.310412 ^ clkbuf_5_26__f_wr_clk/X (sky130_fd_sc_hd__clkbuf_16)
                                                         clknet_5_26__leaf_wr_clk (net)
                      0.028033    0.000060    0.310472 ^ _1177_/CLK (sky130_fd_sc_hd__dfxtp_2)
                                  0.100000    0.410472   clock uncertainty
                                  0.000000    0.410472   clock reconvergence pessimism
                                 -0.017605    0.392867   library hold time
                                              0.392867   data required time
---------------------------------------------------------------------------------------------
                                              0.392867   data required time
                                             -0.641919   data arrival time
---------------------------------------------------------------------------------------------
                                              0.249052   slack (MET)


Startpoint: _1138_ (rising edge-triggered flip-flop clocked by wr_clk)
Endpoint: _1138_ (rising edge-triggered flip-flop clocked by wr_clk)
Path Group: wr_clk
Path Type: min

Fanout         Cap        Slew       Delay        Time   Description
---------------------------------------------------------------------------------------------
                                  0.000000    0.000000   clock wr_clk (rise edge)
                                  0.000000    0.000000   clock source latency
     1    0.024443    0.000000    0.000000    0.000000 ^ wr_clk (in)
                                                         wr_clk (net)
                      0.001082    0.000541    0.000541 ^ clkbuf_0_wr_clk/A (sky130_fd_sc_hd__clkbuf_16)
    16    0.103832    0.091499    0.123118    0.123659 ^ clkbuf_0_wr_clk/X (sky130_fd_sc_hd__clkbuf_16)
                                                         clknet_0_wr_clk (net)
                      0.091637    0.002866    0.126525 ^ clkbuf_4_0_0_wr_clk/A (sky130_fd_sc_hd__clkbuf_8)
     2    0.018326    0.036320    0.102907    0.229433 ^ clkbuf_4_0_0_wr_clk/X (sky130_fd_sc_hd__clkbuf_8)
                                                         clknet_4_0_0_wr_clk (net)
                      0.036323    0.000333    0.229765 ^ clkbuf_5_1__f_wr_clk/A (sky130_fd_sc_hd__clkbuf_16)
     5    0.015535    0.028212    0.082933    0.312698 ^ clkbuf_5_1__f_wr_clk/X (sky130_fd_sc_hd__clkbuf_16)
                                                         clknet_5_1__leaf_wr_clk (net)
                      0.028216    0.000372    0.313069 ^ _1138_/CLK (sky130_fd_sc_hd__dfxtp_2)
     2    0.004665    0.027401    0.191918    0.504988 ^ _1138_/Q (sky130_fd_sc_hd__dfxtp_2)
                                                         u_fifomem.mem[3][4] (net)
                      0.027401    0.000039    0.505027 ^ _0950_/A0 (sky130_fd_sc_hd__mux2_2)
     1    0.003162    0.025866    0.084681    0.589708 ^ _0950_/X (sky130_fd_sc_hd__mux2_2)
                                                         _0456_ (net)
                      0.025866    0.000040    0.589748 ^ _0951_/A (sky130_fd_sc_hd__buf_2)
     1    0.002547    0.018337    0.056045    0.645793 ^ _0951_/X (sky130_fd_sc_hd__buf_2)
                                                         _0078_ (net)
                      0.018337    0.000026    0.645819 ^ _1138_/D (sky130_fd_sc_hd__dfxtp_2)
                                              0.645819   data arrival time

                                  0.000000    0.000000   clock wr_clk (rise edge)
                                  0.000000    0.000000   clock source latency
     1    0.024443    0.000000    0.000000    0.000000 ^ wr_clk (in)
                                                         wr_clk (net)
                      0.001082    0.000541    0.000541 ^ clkbuf_0_wr_clk/A (sky130_fd_sc_hd__clkbuf_16)
    16    0.103832    0.091499    0.123118    0.123659 ^ clkbuf_0_wr_clk/X (sky130_fd_sc_hd__clkbuf_16)
                                                         clknet_0_wr_clk (net)
                      0.091637    0.002866    0.126525 ^ clkbuf_4_0_0_wr_clk/A (sky130_fd_sc_hd__clkbuf_8)
     2    0.018326    0.036320    0.102907    0.229433 ^ clkbuf_4_0_0_wr_clk/X (sky130_fd_sc_hd__clkbuf_8)
                                                         clknet_4_0_0_wr_clk (net)
                      0.036323    0.000333    0.229765 ^ clkbuf_5_1__f_wr_clk/A (sky130_fd_sc_hd__clkbuf_16)
     5    0.015535    0.028212    0.082933    0.312698 ^ clkbuf_5_1__f_wr_clk/X (sky130_fd_sc_hd__clkbuf_16)
                                                         clknet_5_1__leaf_wr_clk (net)
                      0.028216    0.000372    0.313069 ^ _1138_/CLK (sky130_fd_sc_hd__dfxtp_2)
                                  0.100000    0.413069   clock uncertainty
                                  0.000000    0.413069   clock reconvergence pessimism
                                 -0.016470    0.396600   library hold time
                                              0.396600   data required time
---------------------------------------------------------------------------------------------
                                              0.396600   data required time
                                             -0.645819   data arrival time
---------------------------------------------------------------------------------------------
                                              0.249219   slack (MET)


Startpoint: _1161_ (rising edge-triggered flip-flop clocked by wr_clk)
Endpoint: _1161_ (rising edge-triggered flip-flop clocked by wr_clk)
Path Group: wr_clk
Path Type: min

Fanout         Cap        Slew       Delay        Time   Description
---------------------------------------------------------------------------------------------
                                  0.000000    0.000000   clock wr_clk (rise edge)
                                  0.000000    0.000000   clock source latency
     1    0.024443    0.000000    0.000000    0.000000 ^ wr_clk (in)
                                                         wr_clk (net)
                      0.001082    0.000541    0.000541 ^ clkbuf_0_wr_clk/A (sky130_fd_sc_hd__clkbuf_16)
    16    0.103832    0.091499    0.123118    0.123659 ^ clkbuf_0_wr_clk/X (sky130_fd_sc_hd__clkbuf_16)
                                                         clknet_0_wr_clk (net)
                      0.091540    0.001579    0.125239 ^ clkbuf_4_11_0_wr_clk/A (sky130_fd_sc_hd__clkbuf_8)
     2    0.017609    0.035512    0.102201    0.227440 ^ clkbuf_4_11_0_wr_clk/X (sky130_fd_sc_hd__clkbuf_8)
                                                         clknet_4_11_0_wr_clk (net)
                      0.035512    0.000129    0.227569 ^ clkbuf_5_23__f_wr_clk/A (sky130_fd_sc_hd__clkbuf_16)
     5    0.014143    0.027288    0.081817    0.309385 ^ clkbuf_5_23__f_wr_clk/X (sky130_fd_sc_hd__clkbuf_16)
                                                         clknet_5_23__leaf_wr_clk (net)
                      0.027288    0.000126    0.309511 ^ _1161_/CLK (sky130_fd_sc_hd__dfxtp_2)
     2    0.006348    0.032909    0.196128    0.505639 ^ _1161_/Q (sky130_fd_sc_hd__dfxtp_2)
                                                         u_fifomem.mem[6][3] (net)
                      0.032909    0.000058    0.505697 ^ _1000_/A0 (sky130_fd_sc_hd__mux2_2)
     1    0.002163    0.022656    0.082509    0.588206 ^ _1000_/X (sky130_fd_sc_hd__mux2_2)
                                                         _0483_ (net)
                      0.022656    0.000010    0.588215 ^ _1001_/A (sky130_fd_sc_hd__buf_2)
     1    0.002234    0.017391    0.054161    0.642377 ^ _1001_/X (sky130_fd_sc_hd__buf_2)
                                                         _0101_ (net)
                      0.017391    0.000020    0.642397 ^ _1161_/D (sky130_fd_sc_hd__dfxtp_2)
                                              0.642397   data arrival time

                                  0.000000    0.000000   clock wr_clk (rise edge)
                                  0.000000    0.000000   clock source latency
     1    0.024443    0.000000    0.000000    0.000000 ^ wr_clk (in)
                                                         wr_clk (net)
                      0.001082    0.000541    0.000541 ^ clkbuf_0_wr_clk/A (sky130_fd_sc_hd__clkbuf_16)
    16    0.103832    0.091499    0.123118    0.123659 ^ clkbuf_0_wr_clk/X (sky130_fd_sc_hd__clkbuf_16)
                                                         clknet_0_wr_clk (net)
                      0.091540    0.001579    0.125239 ^ clkbuf_4_11_0_wr_clk/A (sky130_fd_sc_hd__clkbuf_8)
     2    0.017609    0.035512    0.102201    0.227440 ^ clkbuf_4_11_0_wr_clk/X (sky130_fd_sc_hd__clkbuf_8)
                                                         clknet_4_11_0_wr_clk (net)
                      0.035512    0.000129    0.227569 ^ clkbuf_5_23__f_wr_clk/A (sky130_fd_sc_hd__clkbuf_16)
     5    0.014143    0.027288    0.081817    0.309385 ^ clkbuf_5_23__f_wr_clk/X (sky130_fd_sc_hd__clkbuf_16)
                                                         clknet_5_23__leaf_wr_clk (net)
                      0.027288    0.000126    0.309511 ^ _1161_/CLK (sky130_fd_sc_hd__dfxtp_2)
                                  0.100000    0.409511   clock uncertainty
                                  0.000000    0.409511   clock reconvergence pessimism
                                 -0.016425    0.393086   library hold time
                                              0.393086   data required time
---------------------------------------------------------------------------------------------
                                              0.393086   data required time
                                             -0.642397   data arrival time
---------------------------------------------------------------------------------------------
                                              0.249311   slack (MET)


Startpoint: _1115_ (rising edge-triggered flip-flop clocked by wr_clk)
Endpoint: _1115_ (rising edge-triggered flip-flop clocked by wr_clk)
Path Group: wr_clk
Path Type: min

Fanout         Cap        Slew       Delay        Time   Description
---------------------------------------------------------------------------------------------
                                  0.000000    0.000000   clock wr_clk (rise edge)
                                  0.000000    0.000000   clock source latency
     1    0.024443    0.000000    0.000000    0.000000 ^ wr_clk (in)
                                                         wr_clk (net)
                      0.001082    0.000541    0.000541 ^ clkbuf_0_wr_clk/A (sky130_fd_sc_hd__clkbuf_16)
    16    0.103832    0.091499    0.123118    0.123659 ^ clkbuf_0_wr_clk/X (sky130_fd_sc_hd__clkbuf_16)
                                                         clknet_0_wr_clk (net)
                      0.091711    0.003536    0.127195 ^ clkbuf_4_6_0_wr_clk/A (sky130_fd_sc_hd__clkbuf_8)
     2    0.018397    0.036396    0.103066    0.230261 ^ clkbuf_4_6_0_wr_clk/X (sky130_fd_sc_hd__clkbuf_8)
                                                         clknet_4_6_0_wr_clk (net)
                      0.036396    0.000158    0.230419 ^ clkbuf_5_12__f_wr_clk/A (sky130_fd_sc_hd__clkbuf_16)
     5    0.014921    0.027806    0.082610    0.313029 ^ clkbuf_5_12__f_wr_clk/X (sky130_fd_sc_hd__clkbuf_16)
                                                         clknet_5_12__leaf_wr_clk (net)
                      0.027806    0.000095    0.313124 ^ _1115_/CLK (sky130_fd_sc_hd__dfxtp_2)
     2    0.004697    0.027508    0.191890    0.505014 ^ _1115_/Q (sky130_fd_sc_hd__dfxtp_2)
                                                         u_fifomem.mem[15][5] (net)
                      0.027508    0.000022    0.505036 ^ _0901_/A1 (sky130_fd_sc_hd__mux2_2)
     1    0.004040    0.028529    0.087742    0.592778 ^ _0901_/X (sky130_fd_sc_hd__mux2_2)
                                                         _0430_ (net)
                      0.028529    0.000059    0.592837 ^ _0902_/A (sky130_fd_sc_hd__buf_1)
     1    0.002952    0.033407    0.052205    0.645042 ^ _0902_/X (sky130_fd_sc_hd__buf_1)
                                                         _0055_ (net)
                      0.033407    0.000036    0.645078 ^ _1115_/D (sky130_fd_sc_hd__dfxtp_2)
                                              0.645078   data arrival time

                                  0.000000    0.000000   clock wr_clk (rise edge)
                                  0.000000    0.000000   clock source latency
     1    0.024443    0.000000    0.000000    0.000000 ^ wr_clk (in)
                                                         wr_clk (net)
                      0.001082    0.000541    0.000541 ^ clkbuf_0_wr_clk/A (sky130_fd_sc_hd__clkbuf_16)
    16    0.103832    0.091499    0.123118    0.123659 ^ clkbuf_0_wr_clk/X (sky130_fd_sc_hd__clkbuf_16)
                                                         clknet_0_wr_clk (net)
                      0.091711    0.003536    0.127195 ^ clkbuf_4_6_0_wr_clk/A (sky130_fd_sc_hd__clkbuf_8)
     2    0.018397    0.036396    0.103066    0.230261 ^ clkbuf_4_6_0_wr_clk/X (sky130_fd_sc_hd__clkbuf_8)
                                                         clknet_4_6_0_wr_clk (net)
                      0.036396    0.000158    0.230419 ^ clkbuf_5_12__f_wr_clk/A (sky130_fd_sc_hd__clkbuf_16)
     5    0.014921    0.027806    0.082610    0.313029 ^ clkbuf_5_12__f_wr_clk/X (sky130_fd_sc_hd__clkbuf_16)
                                                         clknet_5_12__leaf_wr_clk (net)
                      0.027806    0.000095    0.313124 ^ _1115_/CLK (sky130_fd_sc_hd__dfxtp_2)
                                  0.100000    0.413124   clock uncertainty
                                  0.000000    0.413124   clock reconvergence pessimism
                                 -0.017547    0.395578   library hold time
                                              0.395578   data required time
---------------------------------------------------------------------------------------------
                                              0.395578   data required time
                                             -0.645078   data arrival time
---------------------------------------------------------------------------------------------
                                              0.249501   slack (MET)


Startpoint: _1105_ (rising edge-triggered flip-flop clocked by wr_clk)
Endpoint: _1105_ (rising edge-triggered flip-flop clocked by wr_clk)
Path Group: wr_clk
Path Type: min

Fanout         Cap        Slew       Delay        Time   Description
---------------------------------------------------------------------------------------------
                                  0.000000    0.000000   clock wr_clk (rise edge)
                                  0.000000    0.000000   clock source latency
     1    0.024443    0.000000    0.000000    0.000000 ^ wr_clk (in)
                                                         wr_clk (net)
                      0.001082    0.000541    0.000541 ^ clkbuf_0_wr_clk/A (sky130_fd_sc_hd__clkbuf_16)
    16    0.103832    0.091499    0.123118    0.123659 ^ clkbuf_0_wr_clk/X (sky130_fd_sc_hd__clkbuf_16)
                                                         clknet_0_wr_clk (net)
                      0.091711    0.003536    0.127195 ^ clkbuf_4_6_0_wr_clk/A (sky130_fd_sc_hd__clkbuf_8)
     2    0.018397    0.036396    0.103066    0.230261 ^ clkbuf_4_6_0_wr_clk/X (sky130_fd_sc_hd__clkbuf_8)
                                                         clknet_4_6_0_wr_clk (net)
                      0.036396    0.000158    0.230419 ^ clkbuf_5_12__f_wr_clk/A (sky130_fd_sc_hd__clkbuf_16)
     5    0.014921    0.027806    0.082610    0.313029 ^ clkbuf_5_12__f_wr_clk/X (sky130_fd_sc_hd__clkbuf_16)
                                                         clknet_5_12__leaf_wr_clk (net)
                      0.027806    0.000115    0.313144 ^ _1105_/CLK (sky130_fd_sc_hd__dfxtp_2)
     2    0.005992    0.031722    0.195342    0.508486 ^ _1105_/Q (sky130_fd_sc_hd__dfxtp_2)
                                                         u_fifomem.mem[14][3] (net)
                      0.031722    0.000043    0.508529 ^ _0880_/A0 (sky130_fd_sc_hd__mux2_2)
     1    0.002171    0.022684    0.082211    0.590740 ^ _0880_/X (sky130_fd_sc_hd__mux2_2)
                                                         _0419_ (net)
                      0.022684    0.000010    0.590751 ^ _0881_/A (sky130_fd_sc_hd__buf_2)
     1    0.002651    0.018640    0.055394    0.646145 ^ _0881_/X (sky130_fd_sc_hd__buf_2)
                                                         _0045_ (net)
                      0.018640    0.000027    0.646172 ^ _1105_/D (sky130_fd_sc_hd__dfxtp_2)
                                              0.646172   data arrival time

                                  0.000000    0.000000   clock wr_clk (rise edge)
                                  0.000000    0.000000   clock source latency
     1    0.024443    0.000000    0.000000    0.000000 ^ wr_clk (in)
                                                         wr_clk (net)
                      0.001082    0.000541    0.000541 ^ clkbuf_0_wr_clk/A (sky130_fd_sc_hd__clkbuf_16)
    16    0.103832    0.091499    0.123118    0.123659 ^ clkbuf_0_wr_clk/X (sky130_fd_sc_hd__clkbuf_16)
                                                         clknet_0_wr_clk (net)
                      0.091711    0.003536    0.127195 ^ clkbuf_4_6_0_wr_clk/A (sky130_fd_sc_hd__clkbuf_8)
     2    0.018397    0.036396    0.103066    0.230261 ^ clkbuf_4_6_0_wr_clk/X (sky130_fd_sc_hd__clkbuf_8)
                                                         clknet_4_6_0_wr_clk (net)
                      0.036396    0.000158    0.230419 ^ clkbuf_5_12__f_wr_clk/A (sky130_fd_sc_hd__clkbuf_16)
     5    0.014921    0.027806    0.082610    0.313029 ^ clkbuf_5_12__f_wr_clk/X (sky130_fd_sc_hd__clkbuf_16)
                                                         clknet_5_12__leaf_wr_clk (net)
                      0.027806    0.000115    0.313144 ^ _1105_/CLK (sky130_fd_sc_hd__dfxtp_2)
                                  0.100000    0.413144   clock uncertainty
                                  0.000000    0.413144   clock reconvergence pessimism
                                 -0.016501    0.396643   library hold time
                                              0.396643   data required time
---------------------------------------------------------------------------------------------
                                              0.396643   data required time
                                             -0.646172   data arrival time
---------------------------------------------------------------------------------------------
                                              0.249529   slack (MET)


Startpoint: _1157_ (rising edge-triggered flip-flop clocked by wr_clk)
Endpoint: _1157_ (rising edge-triggered flip-flop clocked by wr_clk)
Path Group: wr_clk
Path Type: min

Fanout         Cap        Slew       Delay        Time   Description
---------------------------------------------------------------------------------------------
                                  0.000000    0.000000   clock wr_clk (rise edge)
                                  0.000000    0.000000   clock source latency
     1    0.024443    0.000000    0.000000    0.000000 ^ wr_clk (in)
                                                         wr_clk (net)
                      0.001082    0.000541    0.000541 ^ clkbuf_0_wr_clk/A (sky130_fd_sc_hd__clkbuf_16)
    16    0.103832    0.091499    0.123118    0.123659 ^ clkbuf_0_wr_clk/X (sky130_fd_sc_hd__clkbuf_16)
                                                         clknet_0_wr_clk (net)
                      0.091548    0.001728    0.125387 ^ clkbuf_4_9_0_wr_clk/A (sky130_fd_sc_hd__clkbuf_8)
     2    0.018917    0.036984    0.103502    0.228889 ^ clkbuf_4_9_0_wr_clk/X (sky130_fd_sc_hd__clkbuf_8)
                                                         clknet_4_9_0_wr_clk (net)
                      0.036986    0.000289    0.229178 ^ clkbuf_5_18__f_wr_clk/A (sky130_fd_sc_hd__clkbuf_16)
     5    0.014770    0.027708    0.082666    0.311845 ^ clkbuf_5_18__f_wr_clk/X (sky130_fd_sc_hd__clkbuf_16)
                                                         clknet_5_18__leaf_wr_clk (net)
                      0.027708    0.000145    0.311990 ^ _1157_/CLK (sky130_fd_sc_hd__dfxtp_2)
     2    0.006277    0.032659    0.196059    0.508049 ^ _1157_/Q (sky130_fd_sc_hd__dfxtp_2)
                                                         u_fifomem.mem[5][7] (net)
                      0.032659    0.000069    0.508118 ^ _0991_/A0 (sky130_fd_sc_hd__mux2_2)
     1    0.003772    0.027874    0.088383    0.596501 ^ _0991_/X (sky130_fd_sc_hd__mux2_2)
                                                         _0478_ (net)
                      0.027874    0.000054    0.596555 ^ _0992_/A (sky130_fd_sc_hd__buf_1)
     1    0.002262    0.027805    0.047936    0.644492 ^ _0992_/X (sky130_fd_sc_hd__buf_1)
                                                         _0097_ (net)
                      0.027805    0.000022    0.644513 ^ _1157_/D (sky130_fd_sc_hd__dfxtp_2)
                                              0.644513   data arrival time

                                  0.000000    0.000000   clock wr_clk (rise edge)
                                  0.000000    0.000000   clock source latency
     1    0.024443    0.000000    0.000000    0.000000 ^ wr_clk (in)
                                                         wr_clk (net)
                      0.001082    0.000541    0.000541 ^ clkbuf_0_wr_clk/A (sky130_fd_sc_hd__clkbuf_16)
    16    0.103832    0.091499    0.123118    0.123659 ^ clkbuf_0_wr_clk/X (sky130_fd_sc_hd__clkbuf_16)
                                                         clknet_0_wr_clk (net)
                      0.091548    0.001728    0.125387 ^ clkbuf_4_9_0_wr_clk/A (sky130_fd_sc_hd__clkbuf_8)
     2    0.018917    0.036984    0.103502    0.228889 ^ clkbuf_4_9_0_wr_clk/X (sky130_fd_sc_hd__clkbuf_8)
                                                         clknet_4_9_0_wr_clk (net)
                      0.036986    0.000289    0.229178 ^ clkbuf_5_18__f_wr_clk/A (sky130_fd_sc_hd__clkbuf_16)
     5    0.014770    0.027708    0.082666    0.311845 ^ clkbuf_5_18__f_wr_clk/X (sky130_fd_sc_hd__clkbuf_16)
                                                         clknet_5_18__leaf_wr_clk (net)
                      0.027708    0.000145    0.311990 ^ _1157_/CLK (sky130_fd_sc_hd__dfxtp_2)
                                  0.100000    0.411990   clock uncertainty
                                  0.000000    0.411990   clock reconvergence pessimism
                                 -0.017152    0.394837   library hold time
                                              0.394837   data required time
---------------------------------------------------------------------------------------------
                                              0.394837   data required time
                                             -0.644513   data arrival time
---------------------------------------------------------------------------------------------
                                              0.249676   slack (MET)


Startpoint: _1118_ (rising edge-triggered flip-flop clocked by wr_clk)
Endpoint: _1118_ (rising edge-triggered flip-flop clocked by wr_clk)
Path Group: wr_clk
Path Type: min

Fanout         Cap        Slew       Delay        Time   Description
---------------------------------------------------------------------------------------------
                                  0.000000    0.000000   clock wr_clk (rise edge)
                                  0.000000    0.000000   clock source latency
     1    0.024443    0.000000    0.000000    0.000000 ^ wr_clk (in)
                                                         wr_clk (net)
                      0.001082    0.000541    0.000541 ^ clkbuf_0_wr_clk/A (sky130_fd_sc_hd__clkbuf_16)
    16    0.103832    0.091499    0.123118    0.123659 ^ clkbuf_0_wr_clk/X (sky130_fd_sc_hd__clkbuf_16)
                                                         clknet_0_wr_clk (net)
                      0.091636    0.002858    0.126518 ^ clkbuf_4_1_0_wr_clk/A (sky130_fd_sc_hd__clkbuf_8)
     2    0.017991    0.035941    0.102621    0.229138 ^ clkbuf_4_1_0_wr_clk/X (sky130_fd_sc_hd__clkbuf_8)
                                                         clknet_4_1_0_wr_clk (net)
                      0.035941    0.000147    0.229285 ^ clkbuf_5_3__f_wr_clk/A (sky130_fd_sc_hd__clkbuf_16)
     5    0.013230    0.026684    0.081322    0.310607 ^ clkbuf_5_3__f_wr_clk/X (sky130_fd_sc_hd__clkbuf_16)
                                                         clknet_5_3__leaf_wr_clk (net)
                      0.026684    0.000071    0.310678 ^ _1118_/CLK (sky130_fd_sc_hd__dfxtp_2)
     2    0.005263    0.029332    0.193061    0.503739 ^ _1118_/Q (sky130_fd_sc_hd__dfxtp_2)
                                                         u_fifomem.mem[1][0] (net)
                      0.029332    0.000034    0.503773 ^ _0908_/A0 (sky130_fd_sc_hd__mux2_2)
     1    0.002651    0.024069    0.083326    0.587099 ^ _0908_/X (sky130_fd_sc_hd__mux2_2)
                                                         _0434_ (net)
                      0.024069    0.000019    0.587118 ^ _0909_/A (sky130_fd_sc_hd__buf_2)
     1    0.002934    0.019492    0.056640    0.643758 ^ _0909_/X (sky130_fd_sc_hd__buf_2)
                                                         _0058_ (net)
                      0.019492    0.000034    0.643792 ^ _1118_/D (sky130_fd_sc_hd__dfxtp_2)
                                              0.643792   data arrival time

                                  0.000000    0.000000   clock wr_clk (rise edge)
                                  0.000000    0.000000   clock source latency
     1    0.024443    0.000000    0.000000    0.000000 ^ wr_clk (in)
                                                         wr_clk (net)
                      0.001082    0.000541    0.000541 ^ clkbuf_0_wr_clk/A (sky130_fd_sc_hd__clkbuf_16)
    16    0.103832    0.091499    0.123118    0.123659 ^ clkbuf_0_wr_clk/X (sky130_fd_sc_hd__clkbuf_16)
                                                         clknet_0_wr_clk (net)
                      0.091636    0.002858    0.126518 ^ clkbuf_4_1_0_wr_clk/A (sky130_fd_sc_hd__clkbuf_8)
     2    0.017991    0.035941    0.102621    0.229138 ^ clkbuf_4_1_0_wr_clk/X (sky130_fd_sc_hd__clkbuf_8)
                                                         clknet_4_1_0_wr_clk (net)
                      0.035941    0.000147    0.229285 ^ clkbuf_5_3__f_wr_clk/A (sky130_fd_sc_hd__clkbuf_16)
     5    0.013230    0.026684    0.081322    0.310607 ^ clkbuf_5_3__f_wr_clk/X (sky130_fd_sc_hd__clkbuf_16)
                                                         clknet_5_3__leaf_wr_clk (net)
                      0.026684    0.000071    0.310678 ^ _1118_/CLK (sky130_fd_sc_hd__dfxtp_2)
                                  0.100000    0.410678   clock uncertainty
                                  0.000000    0.410678   clock reconvergence pessimism
                                 -0.016588    0.394090   library hold time
                                              0.394090   data required time
---------------------------------------------------------------------------------------------
                                              0.394090   data required time
                                             -0.643792   data arrival time
---------------------------------------------------------------------------------------------
                                              0.249702   slack (MET)


Startpoint: _1188_ (rising edge-triggered flip-flop clocked by wr_clk)
Endpoint: _1188_ (rising edge-triggered flip-flop clocked by wr_clk)
Path Group: wr_clk
Path Type: min

Fanout         Cap        Slew       Delay        Time   Description
---------------------------------------------------------------------------------------------
                                  0.000000    0.000000   clock wr_clk (rise edge)
                                  0.000000    0.000000   clock source latency
     1    0.024443    0.000000    0.000000    0.000000 ^ wr_clk (in)
                                                         wr_clk (net)
                      0.001082    0.000541    0.000541 ^ clkbuf_0_wr_clk/A (sky130_fd_sc_hd__clkbuf_16)
    16    0.103832    0.091499    0.123118    0.123659 ^ clkbuf_0_wr_clk/X (sky130_fd_sc_hd__clkbuf_16)
                                                         clknet_0_wr_clk (net)
                      0.091499    0.000105    0.123764 ^ clkbuf_4_13_0_wr_clk/A (sky130_fd_sc_hd__clkbuf_8)
     2    0.018805    0.036856    0.103381    0.227145 ^ clkbuf_4_13_0_wr_clk/X (sky130_fd_sc_hd__clkbuf_8)
                                                         clknet_4_13_0_wr_clk (net)
                      0.036858    0.000338    0.227484 ^ clkbuf_5_27__f_wr_clk/A (sky130_fd_sc_hd__clkbuf_16)
     5    0.017066    0.029224    0.084150    0.311634 ^ clkbuf_5_27__f_wr_clk/X (sky130_fd_sc_hd__clkbuf_16)
                                                         clknet_5_27__leaf_wr_clk (net)
                      0.029230    0.000343    0.311977 ^ _1188_/CLK (sky130_fd_sc_hd__dfxtp_2)
     2    0.005068    0.028699    0.193304    0.505282 ^ _1188_/Q (sky130_fd_sc_hd__dfxtp_2)
                                                         u_fifomem.mem[9][6] (net)
                      0.028699    0.000031    0.505312 ^ _1058_/A0 (sky130_fd_sc_hd__mux2_2)
     1    0.002618    0.024118    0.083035    0.588347 ^ _1058_/X (sky130_fd_sc_hd__mux2_2)
                                                         _0514_ (net)
                      0.024118    0.000013    0.588360 ^ _1059_/A (sky130_fd_sc_hd__buf_1)
     1    0.003633    0.038961    0.055402    0.643763 ^ _1059_/X (sky130_fd_sc_hd__buf_1)
                                                         _0128_ (net)
                      0.038961    0.000050    0.643813 ^ _1188_/D (sky130_fd_sc_hd__dfxtp_2)
                                              0.643813   data arrival time

                                  0.000000    0.000000   clock wr_clk (rise edge)
                                  0.000000    0.000000   clock source latency
     1    0.024443    0.000000    0.000000    0.000000 ^ wr_clk (in)
                                                         wr_clk (net)
                      0.001082    0.000541    0.000541 ^ clkbuf_0_wr_clk/A (sky130_fd_sc_hd__clkbuf_16)
    16    0.103832    0.091499    0.123118    0.123659 ^ clkbuf_0_wr_clk/X (sky130_fd_sc_hd__clkbuf_16)
                                                         clknet_0_wr_clk (net)
                      0.091499    0.000105    0.123764 ^ clkbuf_4_13_0_wr_clk/A (sky130_fd_sc_hd__clkbuf_8)
     2    0.018805    0.036856    0.103381    0.227145 ^ clkbuf_4_13_0_wr_clk/X (sky130_fd_sc_hd__clkbuf_8)
                                                         clknet_4_13_0_wr_clk (net)
                      0.036858    0.000338    0.227484 ^ clkbuf_5_27__f_wr_clk/A (sky130_fd_sc_hd__clkbuf_16)
     5    0.017066    0.029224    0.084150    0.311634 ^ clkbuf_5_27__f_wr_clk/X (sky130_fd_sc_hd__clkbuf_16)
                                                         clknet_5_27__leaf_wr_clk (net)
                      0.029230    0.000343    0.311977 ^ _1188_/CLK (sky130_fd_sc_hd__dfxtp_2)
                                  0.100000    0.411977   clock uncertainty
                                  0.000000    0.411977   clock reconvergence pessimism
                                 -0.017906    0.394071   library hold time
                                              0.394071   data required time
---------------------------------------------------------------------------------------------
                                              0.394071   data required time
                                             -0.643813   data arrival time
---------------------------------------------------------------------------------------------
                                              0.249742   slack (MET)


Startpoint: _1073_ (rising edge-triggered flip-flop clocked by wr_clk)
Endpoint: _1073_ (rising edge-triggered flip-flop clocked by wr_clk)
Path Group: wr_clk
Path Type: min

Fanout         Cap        Slew       Delay        Time   Description
---------------------------------------------------------------------------------------------
                                  0.000000    0.000000   clock wr_clk (rise edge)
                                  0.000000    0.000000   clock source latency
     1    0.024443    0.000000    0.000000    0.000000 ^ wr_clk (in)
                                                         wr_clk (net)
                      0.001082    0.000541    0.000541 ^ clkbuf_0_wr_clk/A (sky130_fd_sc_hd__clkbuf_16)
    16    0.103832    0.091499    0.123118    0.123659 ^ clkbuf_0_wr_clk/X (sky130_fd_sc_hd__clkbuf_16)
                                                         clknet_0_wr_clk (net)
                      0.091499    0.000105    0.123764 ^ clkbuf_4_13_0_wr_clk/A (sky130_fd_sc_hd__clkbuf_8)
     2    0.018805    0.036856    0.103381    0.227145 ^ clkbuf_4_13_0_wr_clk/X (sky130_fd_sc_hd__clkbuf_8)
                                                         clknet_4_13_0_wr_clk (net)
                      0.036857    0.000280    0.227426 ^ clkbuf_5_26__f_wr_clk/A (sky130_fd_sc_hd__clkbuf_16)
     5    0.015263    0.028033    0.082987    0.310412 ^ clkbuf_5_26__f_wr_clk/X (sky130_fd_sc_hd__clkbuf_16)
                                                         clknet_5_26__leaf_wr_clk (net)
                      0.028033    0.000080    0.310492 ^ _1073_/CLK (sky130_fd_sc_hd__dfxtp_2)
     2    0.005748    0.030915    0.194750    0.505243 ^ _1073_/Q (sky130_fd_sc_hd__dfxtp_2)
                                                         u_fifomem.mem[10][3] (net)
                      0.030915    0.000046    0.505289 ^ _0809_/A0 (sky130_fd_sc_hd__mux2_2)
     1    0.002562    0.023934    0.083433    0.588722 ^ _0809_/X (sky130_fd_sc_hd__mux2_2)
                                                         _0380_ (net)
                      0.023934    0.000025    0.588747 ^ _0810_/A (sky130_fd_sc_hd__buf_2)
     1    0.002411    0.017923    0.055062    0.643809 ^ _0810_/X (sky130_fd_sc_hd__buf_2)
                                                         _0013_ (net)
                      0.017923    0.000023    0.643832 ^ _1073_/D (sky130_fd_sc_hd__dfxtp_2)
                                              0.643832   data arrival time

                                  0.000000    0.000000   clock wr_clk (rise edge)
                                  0.000000    0.000000   clock source latency
     1    0.024443    0.000000    0.000000    0.000000 ^ wr_clk (in)
                                                         wr_clk (net)
                      0.001082    0.000541    0.000541 ^ clkbuf_0_wr_clk/A (sky130_fd_sc_hd__clkbuf_16)
    16    0.103832    0.091499    0.123118    0.123659 ^ clkbuf_0_wr_clk/X (sky130_fd_sc_hd__clkbuf_16)
                                                         clknet_0_wr_clk (net)
                      0.091499    0.000105    0.123764 ^ clkbuf_4_13_0_wr_clk/A (sky130_fd_sc_hd__clkbuf_8)
     2    0.018805    0.036856    0.103381    0.227145 ^ clkbuf_4_13_0_wr_clk/X (sky130_fd_sc_hd__clkbuf_8)
                                                         clknet_4_13_0_wr_clk (net)
                      0.036857    0.000280    0.227426 ^ clkbuf_5_26__f_wr_clk/A (sky130_fd_sc_hd__clkbuf_16)
     5    0.015263    0.028033    0.082987    0.310412 ^ clkbuf_5_26__f_wr_clk/X (sky130_fd_sc_hd__clkbuf_16)
                                                         clknet_5_26__leaf_wr_clk (net)
                      0.028033    0.000080    0.310492 ^ _1073_/CLK (sky130_fd_sc_hd__dfxtp_2)
                                  0.100000    0.410492   clock uncertainty
                                  0.000000    0.410492   clock reconvergence pessimism
                                 -0.016445    0.394047   library hold time
                                              0.394047   data required time
---------------------------------------------------------------------------------------------
                                              0.394047   data required time
                                             -0.643832   data arrival time
---------------------------------------------------------------------------------------------
                                              0.249785   slack (MET)


Startpoint: _1089_ (rising edge-triggered flip-flop clocked by wr_clk)
Endpoint: _1089_ (rising edge-triggered flip-flop clocked by wr_clk)
Path Group: wr_clk
Path Type: min

Fanout         Cap        Slew       Delay        Time   Description
---------------------------------------------------------------------------------------------
                                  0.000000    0.000000   clock wr_clk (rise edge)
                                  0.000000    0.000000   clock source latency
     1    0.024443    0.000000    0.000000    0.000000 ^ wr_clk (in)
                                                         wr_clk (net)
                      0.001082    0.000541    0.000541 ^ clkbuf_0_wr_clk/A (sky130_fd_sc_hd__clkbuf_16)
    16    0.103832    0.091499    0.123118    0.123659 ^ clkbuf_0_wr_clk/X (sky130_fd_sc_hd__clkbuf_16)
                                                         clknet_0_wr_clk (net)
                      0.091499    0.000105    0.123764 ^ clkbuf_4_13_0_wr_clk/A (sky130_fd_sc_hd__clkbuf_8)
     2    0.018805    0.036856    0.103381    0.227145 ^ clkbuf_4_13_0_wr_clk/X (sky130_fd_sc_hd__clkbuf_8)
                                                         clknet_4_13_0_wr_clk (net)
                      0.036857    0.000280    0.227426 ^ clkbuf_5_26__f_wr_clk/A (sky130_fd_sc_hd__clkbuf_16)
     5    0.015263    0.028033    0.082987    0.310412 ^ clkbuf_5_26__f_wr_clk/X (sky130_fd_sc_hd__clkbuf_16)
                                                         clknet_5_26__leaf_wr_clk (net)
                      0.028033    0.000088    0.310500 ^ _1089_/CLK (sky130_fd_sc_hd__dfxtp_2)
     2    0.005251    0.029287    0.193422    0.503922 ^ _1089_/Q (sky130_fd_sc_hd__dfxtp_2)
                                                         u_fifomem.mem[12][3] (net)
                      0.029287    0.000051    0.503974 ^ _0844_/A0 (sky130_fd_sc_hd__mux2_2)
     1    0.003426    0.026709    0.086177    0.590150 ^ _0844_/X (sky130_fd_sc_hd__mux2_2)
                                                         _0399_ (net)
                      0.026709    0.000043    0.590194 ^ _0845_/A (sky130_fd_sc_hd__buf_1)
     1    0.003059    0.034271    0.052488    0.642681 ^ _0845_/X (sky130_fd_sc_hd__buf_1)
                                                         _0029_ (net)
                      0.034271    0.000042    0.642724 ^ _1089_/D (sky130_fd_sc_hd__dfxtp_2)
                                              0.642724   data arrival time

                                  0.000000    0.000000   clock wr_clk (rise edge)
                                  0.000000    0.000000   clock source latency
     1    0.024443    0.000000    0.000000    0.000000 ^ wr_clk (in)
                                                         wr_clk (net)
                      0.001082    0.000541    0.000541 ^ clkbuf_0_wr_clk/A (sky130_fd_sc_hd__clkbuf_16)
    16    0.103832    0.091499    0.123118    0.123659 ^ clkbuf_0_wr_clk/X (sky130_fd_sc_hd__clkbuf_16)
                                                         clknet_0_wr_clk (net)
                      0.091499    0.000105    0.123764 ^ clkbuf_4_13_0_wr_clk/A (sky130_fd_sc_hd__clkbuf_8)
     2    0.018805    0.036856    0.103381    0.227145 ^ clkbuf_4_13_0_wr_clk/X (sky130_fd_sc_hd__clkbuf_8)
                                                         clknet_4_13_0_wr_clk (net)
                      0.036857    0.000280    0.227426 ^ clkbuf_5_26__f_wr_clk/A (sky130_fd_sc_hd__clkbuf_16)
     5    0.015263    0.028033    0.082987    0.310412 ^ clkbuf_5_26__f_wr_clk/X (sky130_fd_sc_hd__clkbuf_16)
                                                         clknet_5_26__leaf_wr_clk (net)
                      0.028033    0.000088    0.310500 ^ _1089_/CLK (sky130_fd_sc_hd__dfxtp_2)
                                  0.100000    0.410500   clock uncertainty
                                  0.000000    0.410500   clock reconvergence pessimism
                                 -0.017602    0.392898   library hold time
                                              0.392898   data required time
---------------------------------------------------------------------------------------------
                                              0.392898   data required time
                                             -0.642724   data arrival time
---------------------------------------------------------------------------------------------
                                              0.249826   slack (MET)


Startpoint: _1154_ (rising edge-triggered flip-flop clocked by wr_clk)
Endpoint: _1154_ (rising edge-triggered flip-flop clocked by wr_clk)
Path Group: wr_clk
Path Type: min

Fanout         Cap        Slew       Delay        Time   Description
---------------------------------------------------------------------------------------------
                                  0.000000    0.000000   clock wr_clk (rise edge)
                                  0.000000    0.000000   clock source latency
     1    0.024443    0.000000    0.000000    0.000000 ^ wr_clk (in)
                                                         wr_clk (net)
                      0.001082    0.000541    0.000541 ^ clkbuf_0_wr_clk/A (sky130_fd_sc_hd__clkbuf_16)
    16    0.103832    0.091499    0.123118    0.123659 ^ clkbuf_0_wr_clk/X (sky130_fd_sc_hd__clkbuf_16)
                                                         clknet_0_wr_clk (net)
                      0.091549    0.001748    0.125408 ^ clkbuf_4_8_0_wr_clk/A (sky130_fd_sc_hd__clkbuf_8)
     2    0.019931    0.038133    0.104569    0.229977 ^ clkbuf_4_8_0_wr_clk/X (sky130_fd_sc_hd__clkbuf_8)
                                                         clknet_4_8_0_wr_clk (net)
                      0.038134    0.000265    0.230242 ^ clkbuf_5_16__f_wr_clk/A (sky130_fd_sc_hd__clkbuf_16)
     5    0.013584    0.026928    0.082166    0.312408 ^ clkbuf_5_16__f_wr_clk/X (sky130_fd_sc_hd__clkbuf_16)
                                                         clknet_5_16__leaf_wr_clk (net)
                      0.026928    0.000066    0.312474 ^ _1154_/CLK (sky130_fd_sc_hd__dfxtp_2)
     2    0.005536    0.030222    0.193859    0.506333 ^ _1154_/Q (sky130_fd_sc_hd__dfxtp_2)
                                                         u_fifomem.mem[5][4] (net)
                      0.030222    0.000038    0.506371 ^ _0985_/A0 (sky130_fd_sc_hd__mux2_2)
     1    0.003844    0.028131    0.087974    0.594345 ^ _0985_/X (sky130_fd_sc_hd__mux2_2)
                                                         _0475_ (net)
                      0.028131    0.000056    0.594401 ^ _0986_/A (sky130_fd_sc_hd__buf_1)
     1    0.002675    0.031150    0.050466    0.644867 ^ _0986_/X (sky130_fd_sc_hd__buf_1)
                                                         _0094_ (net)
                      0.031150    0.000030    0.644897 ^ _1154_/D (sky130_fd_sc_hd__dfxtp_2)
                                              0.644897   data arrival time

                                  0.000000    0.000000   clock wr_clk (rise edge)
                                  0.000000    0.000000   clock source latency
     1    0.024443    0.000000    0.000000    0.000000 ^ wr_clk (in)
                                                         wr_clk (net)
                      0.001082    0.000541    0.000541 ^ clkbuf_0_wr_clk/A (sky130_fd_sc_hd__clkbuf_16)
    16    0.103832    0.091499    0.123118    0.123659 ^ clkbuf_0_wr_clk/X (sky130_fd_sc_hd__clkbuf_16)
                                                         clknet_0_wr_clk (net)
                      0.091549    0.001748    0.125408 ^ clkbuf_4_8_0_wr_clk/A (sky130_fd_sc_hd__clkbuf_8)
     2    0.019931    0.038133    0.104569    0.229977 ^ clkbuf_4_8_0_wr_clk/X (sky130_fd_sc_hd__clkbuf_8)
                                                         clknet_4_8_0_wr_clk (net)
                      0.038134    0.000265    0.230242 ^ clkbuf_5_16__f_wr_clk/A (sky130_fd_sc_hd__clkbuf_16)
     5    0.013584    0.026928    0.082166    0.312408 ^ clkbuf_5_16__f_wr_clk/X (sky130_fd_sc_hd__clkbuf_16)
                                                         clknet_5_16__leaf_wr_clk (net)
                      0.026928    0.000066    0.312474 ^ _1154_/CLK (sky130_fd_sc_hd__dfxtp_2)
                                  0.100000    0.412474   clock uncertainty
                                  0.000000    0.412474   clock reconvergence pessimism
                                 -0.017408    0.395066   library hold time
                                              0.395066   data required time
---------------------------------------------------------------------------------------------
                                              0.395066   data required time
                                             -0.644897   data arrival time
---------------------------------------------------------------------------------------------
                                              0.249831   slack (MET)


Startpoint: _1072_ (rising edge-triggered flip-flop clocked by wr_clk)
Endpoint: _1072_ (rising edge-triggered flip-flop clocked by wr_clk)
Path Group: wr_clk
Path Type: min

Fanout         Cap        Slew       Delay        Time   Description
---------------------------------------------------------------------------------------------
                                  0.000000    0.000000   clock wr_clk (rise edge)
                                  0.000000    0.000000   clock source latency
     1    0.024443    0.000000    0.000000    0.000000 ^ wr_clk (in)
                                                         wr_clk (net)
                      0.001082    0.000541    0.000541 ^ clkbuf_0_wr_clk/A (sky130_fd_sc_hd__clkbuf_16)
    16    0.103832    0.091499    0.123118    0.123659 ^ clkbuf_0_wr_clk/X (sky130_fd_sc_hd__clkbuf_16)
                                                         clknet_0_wr_clk (net)
                      0.091686    0.003328    0.126987 ^ clkbuf_4_4_0_wr_clk/A (sky130_fd_sc_hd__clkbuf_8)
     2    0.018811    0.036885    0.103499    0.230486 ^ clkbuf_4_4_0_wr_clk/X (sky130_fd_sc_hd__clkbuf_8)
                                                         clknet_4_4_0_wr_clk (net)
                      0.036885    0.000166    0.230652 ^ clkbuf_5_9__f_wr_clk/A (sky130_fd_sc_hd__clkbuf_16)
     5    0.014363    0.027439    0.082364    0.313016 ^ clkbuf_5_9__f_wr_clk/X (sky130_fd_sc_hd__clkbuf_16)
                                                         clknet_5_9__leaf_wr_clk (net)
                      0.027439    0.000106    0.313122 ^ _1072_/CLK (sky130_fd_sc_hd__dfxtp_2)
     2    0.005511    0.030136    0.193938    0.507060 ^ _1072_/Q (sky130_fd_sc_hd__dfxtp_2)
                                                         u_fifomem.mem[10][2] (net)
                      0.030136    0.000052    0.507112 ^ _0807_/A0 (sky130_fd_sc_hd__mux2_2)
     1    0.002933    0.025125    0.084587    0.591699 ^ _0807_/X (sky130_fd_sc_hd__mux2_2)
                                                         _0379_ (net)
                      0.025125    0.000035    0.591735 ^ _0808_/A (sky130_fd_sc_hd__buf_2)
     1    0.002209    0.017320    0.054828    0.646563 ^ _0808_/X (sky130_fd_sc_hd__buf_2)
                                                         _0012_ (net)
                      0.017320    0.000012    0.646575 ^ _1072_/D (sky130_fd_sc_hd__dfxtp_2)
                                              0.646575   data arrival time

                                  0.000000    0.000000   clock wr_clk (rise edge)
                                  0.000000    0.000000   clock source latency
     1    0.024443    0.000000    0.000000    0.000000 ^ wr_clk (in)
                                                         wr_clk (net)
                      0.001082    0.000541    0.000541 ^ clkbuf_0_wr_clk/A (sky130_fd_sc_hd__clkbuf_16)
    16    0.103832    0.091499    0.123118    0.123659 ^ clkbuf_0_wr_clk/X (sky130_fd_sc_hd__clkbuf_16)
                                                         clknet_0_wr_clk (net)
                      0.091686    0.003328    0.126987 ^ clkbuf_4_4_0_wr_clk/A (sky130_fd_sc_hd__clkbuf_8)
     2    0.018811    0.036885    0.103499    0.230486 ^ clkbuf_4_4_0_wr_clk/X (sky130_fd_sc_hd__clkbuf_8)
                                                         clknet_4_4_0_wr_clk (net)
                      0.036885    0.000166    0.230652 ^ clkbuf_5_9__f_wr_clk/A (sky130_fd_sc_hd__clkbuf_16)
     5    0.014363    0.027439    0.082364    0.313016 ^ clkbuf_5_9__f_wr_clk/X (sky130_fd_sc_hd__clkbuf_16)
                                                         clknet_5_9__leaf_wr_clk (net)
                      0.027439    0.000106    0.313122 ^ _1072_/CLK (sky130_fd_sc_hd__dfxtp_2)
                                  0.100000    0.413122   clock uncertainty
                                  0.000000    0.413122   clock reconvergence pessimism
                                 -0.016416    0.396706   library hold time
                                              0.396706   data required time
---------------------------------------------------------------------------------------------
                                              0.396706   data required time
                                             -0.646575   data arrival time
---------------------------------------------------------------------------------------------
                                              0.249869   slack (MET)


Startpoint: _1124_ (rising edge-triggered flip-flop clocked by wr_clk)
Endpoint: _1124_ (rising edge-triggered flip-flop clocked by wr_clk)
Path Group: wr_clk
Path Type: min

Fanout         Cap        Slew       Delay        Time   Description
---------------------------------------------------------------------------------------------
                                  0.000000    0.000000   clock wr_clk (rise edge)
                                  0.000000    0.000000   clock source latency
     1    0.024443    0.000000    0.000000    0.000000 ^ wr_clk (in)
                                                         wr_clk (net)
                      0.001082    0.000541    0.000541 ^ clkbuf_0_wr_clk/A (sky130_fd_sc_hd__clkbuf_16)
    16    0.103832    0.091499    0.123118    0.123659 ^ clkbuf_0_wr_clk/X (sky130_fd_sc_hd__clkbuf_16)
                                                         clknet_0_wr_clk (net)
                      0.091540    0.001579    0.125239 ^ clkbuf_4_11_0_wr_clk/A (sky130_fd_sc_hd__clkbuf_8)
     2    0.017609    0.035512    0.102201    0.227440 ^ clkbuf_4_11_0_wr_clk/X (sky130_fd_sc_hd__clkbuf_8)
                                                         clknet_4_11_0_wr_clk (net)
                      0.035512    0.000162    0.227602 ^ clkbuf_5_22__f_wr_clk/A (sky130_fd_sc_hd__clkbuf_16)
     5    0.014863    0.027764    0.082301    0.309903 ^ clkbuf_5_22__f_wr_clk/X (sky130_fd_sc_hd__clkbuf_16)
                                                         clknet_5_22__leaf_wr_clk (net)
                      0.027764    0.000081    0.309984 ^ _1124_/CLK (sky130_fd_sc_hd__dfxtp_2)
     2    0.005848    0.031244    0.194938    0.504922 ^ _1124_/Q (sky130_fd_sc_hd__dfxtp_2)
                                                         u_fifomem.mem[1][6] (net)
                      0.031244    0.000052    0.504974 ^ _0920_/A0 (sky130_fd_sc_hd__mux2_2)
     1    0.002776    0.024617    0.084314    0.589288 ^ _0920_/X (sky130_fd_sc_hd__mux2_2)
                                                         _0440_ (net)
                      0.024617    0.000032    0.589320 ^ _0921_/A (sky130_fd_sc_hd__buf_2)
     1    0.002060    0.016875    0.054236    0.643556 ^ _0921_/X (sky130_fd_sc_hd__buf_2)
                                                         _0064_ (net)
                      0.016875    0.000018    0.643575 ^ _1124_/D (sky130_fd_sc_hd__dfxtp_2)
                                              0.643575   data arrival time

                                  0.000000    0.000000   clock wr_clk (rise edge)
                                  0.000000    0.000000   clock source latency
     1    0.024443    0.000000    0.000000    0.000000 ^ wr_clk (in)
                                                         wr_clk (net)
                      0.001082    0.000541    0.000541 ^ clkbuf_0_wr_clk/A (sky130_fd_sc_hd__clkbuf_16)
    16    0.103832    0.091499    0.123118    0.123659 ^ clkbuf_0_wr_clk/X (sky130_fd_sc_hd__clkbuf_16)
                                                         clknet_0_wr_clk (net)
                      0.091540    0.001579    0.125239 ^ clkbuf_4_11_0_wr_clk/A (sky130_fd_sc_hd__clkbuf_8)
     2    0.017609    0.035512    0.102201    0.227440 ^ clkbuf_4_11_0_wr_clk/X (sky130_fd_sc_hd__clkbuf_8)
                                                         clknet_4_11_0_wr_clk (net)
                      0.035512    0.000162    0.227602 ^ clkbuf_5_22__f_wr_clk/A (sky130_fd_sc_hd__clkbuf_16)
     5    0.014863    0.027764    0.082301    0.309903 ^ clkbuf_5_22__f_wr_clk/X (sky130_fd_sc_hd__clkbuf_16)
                                                         clknet_5_22__leaf_wr_clk (net)
                      0.027764    0.000081    0.309984 ^ _1124_/CLK (sky130_fd_sc_hd__dfxtp_2)
                                  0.100000    0.409984   clock uncertainty
                                  0.000000    0.409984   clock reconvergence pessimism
                                 -0.016377    0.393607   library hold time
                                              0.393607   data required time
---------------------------------------------------------------------------------------------
                                              0.393607   data required time
                                             -0.643575   data arrival time
---------------------------------------------------------------------------------------------
                                              0.249968   slack (MET)


Startpoint: _1090_ (rising edge-triggered flip-flop clocked by wr_clk)
Endpoint: _1090_ (rising edge-triggered flip-flop clocked by wr_clk)
Path Group: wr_clk
Path Type: min

Fanout         Cap        Slew       Delay        Time   Description
---------------------------------------------------------------------------------------------
                                  0.000000    0.000000   clock wr_clk (rise edge)
                                  0.000000    0.000000   clock source latency
     1    0.024443    0.000000    0.000000    0.000000 ^ wr_clk (in)
                                                         wr_clk (net)
                      0.001082    0.000541    0.000541 ^ clkbuf_0_wr_clk/A (sky130_fd_sc_hd__clkbuf_16)
    16    0.103832    0.091499    0.123118    0.123659 ^ clkbuf_0_wr_clk/X (sky130_fd_sc_hd__clkbuf_16)
                                                         clknet_0_wr_clk (net)
                      0.091563    0.001971    0.125630 ^ clkbuf_4_3_0_wr_clk/A (sky130_fd_sc_hd__clkbuf_8)
     2    0.019504    0.037648    0.104135    0.229765 ^ clkbuf_4_3_0_wr_clk/X (sky130_fd_sc_hd__clkbuf_8)
                                                         clknet_4_3_0_wr_clk (net)
                      0.037651    0.000361    0.230126 ^ clkbuf_5_6__f_wr_clk/A (sky130_fd_sc_hd__clkbuf_16)
     5    0.014250    0.027366    0.082517    0.312643 ^ clkbuf_5_6__f_wr_clk/X (sky130_fd_sc_hd__clkbuf_16)
                                                         clknet_5_6__leaf_wr_clk (net)
                      0.027366    0.000100    0.312743 ^ _1090_/CLK (sky130_fd_sc_hd__dfxtp_2)
     2    0.007366    0.036319    0.198848    0.511591 ^ _1090_/Q (sky130_fd_sc_hd__dfxtp_2)
                                                         u_fifomem.mem[12][4] (net)
                      0.036319    0.000125    0.511716 ^ _0846_/A0 (sky130_fd_sc_hd__mux2_2)
     1    0.003170    0.025873    0.087170    0.598886 ^ _0846_/X (sky130_fd_sc_hd__mux2_2)
                                                         _0400_ (net)
                      0.025873    0.000036    0.598922 ^ _0847_/A (sky130_fd_sc_hd__buf_1)
     1    0.002133    0.026742    0.046762    0.645684 ^ _0847_/X (sky130_fd_sc_hd__buf_1)
                                                         _0030_ (net)
                      0.026742    0.000019    0.645703 ^ _1090_/D (sky130_fd_sc_hd__dfxtp_2)
                                              0.645703   data arrival time

                                  0.000000    0.000000   clock wr_clk (rise edge)
                                  0.000000    0.000000   clock source latency
     1    0.024443    0.000000    0.000000    0.000000 ^ wr_clk (in)
                                                         wr_clk (net)
                      0.001082    0.000541    0.000541 ^ clkbuf_0_wr_clk/A (sky130_fd_sc_hd__clkbuf_16)
    16    0.103832    0.091499    0.123118    0.123659 ^ clkbuf_0_wr_clk/X (sky130_fd_sc_hd__clkbuf_16)
                                                         clknet_0_wr_clk (net)
                      0.091563    0.001971    0.125630 ^ clkbuf_4_3_0_wr_clk/A (sky130_fd_sc_hd__clkbuf_8)
     2    0.019504    0.037648    0.104135    0.229765 ^ clkbuf_4_3_0_wr_clk/X (sky130_fd_sc_hd__clkbuf_8)
                                                         clknet_4_3_0_wr_clk (net)
                      0.037651    0.000361    0.230126 ^ clkbuf_5_6__f_wr_clk/A (sky130_fd_sc_hd__clkbuf_16)
     5    0.014250    0.027366    0.082517    0.312643 ^ clkbuf_5_6__f_wr_clk/X (sky130_fd_sc_hd__clkbuf_16)
                                                         clknet_5_6__leaf_wr_clk (net)
                      0.027366    0.000100    0.312743 ^ _1090_/CLK (sky130_fd_sc_hd__dfxtp_2)
                                  0.100000    0.412743   clock uncertainty
                                  0.000000    0.412743   clock reconvergence pessimism
                                 -0.017085    0.395658   library hold time
                                              0.395658   data required time
---------------------------------------------------------------------------------------------
                                              0.395658   data required time
                                             -0.645703   data arrival time
---------------------------------------------------------------------------------------------
                                              0.250045   slack (MET)


Startpoint: _1164_ (rising edge-triggered flip-flop clocked by wr_clk)
Endpoint: _1164_ (rising edge-triggered flip-flop clocked by wr_clk)
Path Group: wr_clk
Path Type: min

Fanout         Cap        Slew       Delay        Time   Description
---------------------------------------------------------------------------------------------
                                  0.000000    0.000000   clock wr_clk (rise edge)
                                  0.000000    0.000000   clock source latency
     1    0.024443    0.000000    0.000000    0.000000 ^ wr_clk (in)
                                                         wr_clk (net)
                      0.001082    0.000541    0.000541 ^ clkbuf_0_wr_clk/A (sky130_fd_sc_hd__clkbuf_16)
    16    0.103832    0.091499    0.123118    0.123659 ^ clkbuf_0_wr_clk/X (sky130_fd_sc_hd__clkbuf_16)
                                                         clknet_0_wr_clk (net)
                      0.091499    0.000074    0.123733 ^ clkbuf_4_12_0_wr_clk/A (sky130_fd_sc_hd__clkbuf_8)
     2    0.019505    0.037648    0.104117    0.227850 ^ clkbuf_4_12_0_wr_clk/X (sky130_fd_sc_hd__clkbuf_8)
                                                         clknet_4_12_0_wr_clk (net)
                      0.037651    0.000356    0.228206 ^ clkbuf_5_25__f_wr_clk/A (sky130_fd_sc_hd__clkbuf_16)
     6    0.021859    0.032405    0.087698    0.315904 ^ clkbuf_5_25__f_wr_clk/X (sky130_fd_sc_hd__clkbuf_16)
                                                         clknet_5_25__leaf_wr_clk (net)
                      0.032406    0.000302    0.316206 ^ _1164_/CLK (sky130_fd_sc_hd__dfxtp_2)
     2    0.004846    0.027982    0.193659    0.509865 ^ _1164_/Q (sky130_fd_sc_hd__dfxtp_2)
                                                         u_fifomem.mem[6][6] (net)
                      0.027982    0.000042    0.509907 ^ _1006_/A0 (sky130_fd_sc_hd__mux2_2)
     1    0.003158    0.025850    0.084823    0.594730 ^ _1006_/X (sky130_fd_sc_hd__mux2_2)
                                                         _0486_ (net)
                      0.025850    0.000041    0.594771 ^ _1007_/A (sky130_fd_sc_hd__buf_2)
     1    0.002254    0.017458    0.055179    0.649950 ^ _1007_/X (sky130_fd_sc_hd__buf_2)
                                                         _0104_ (net)
                      0.017458    0.000021    0.649971 ^ _1164_/D (sky130_fd_sc_hd__dfxtp_2)
                                              0.649971   data arrival time

                                  0.000000    0.000000   clock wr_clk (rise edge)
                                  0.000000    0.000000   clock source latency
     1    0.024443    0.000000    0.000000    0.000000 ^ wr_clk (in)
                                                         wr_clk (net)
                      0.001082    0.000541    0.000541 ^ clkbuf_0_wr_clk/A (sky130_fd_sc_hd__clkbuf_16)
    16    0.103832    0.091499    0.123118    0.123659 ^ clkbuf_0_wr_clk/X (sky130_fd_sc_hd__clkbuf_16)
                                                         clknet_0_wr_clk (net)
                      0.091499    0.000074    0.123733 ^ clkbuf_4_12_0_wr_clk/A (sky130_fd_sc_hd__clkbuf_8)
     2    0.019505    0.037648    0.104117    0.227850 ^ clkbuf_4_12_0_wr_clk/X (sky130_fd_sc_hd__clkbuf_8)
                                                         clknet_4_12_0_wr_clk (net)
                      0.037651    0.000356    0.228206 ^ clkbuf_5_25__f_wr_clk/A (sky130_fd_sc_hd__clkbuf_16)
     6    0.021859    0.032405    0.087698    0.315904 ^ clkbuf_5_25__f_wr_clk/X (sky130_fd_sc_hd__clkbuf_16)
                                                         clknet_5_25__leaf_wr_clk (net)
                      0.032406    0.000302    0.316206 ^ _1164_/CLK (sky130_fd_sc_hd__dfxtp_2)
                                  0.100000    0.416206   clock uncertainty
                                  0.000000    0.416206   clock reconvergence pessimism
                                 -0.016308    0.399898   library hold time
                                              0.399898   data required time
---------------------------------------------------------------------------------------------
                                              0.399898   data required time
                                             -0.649971   data arrival time
---------------------------------------------------------------------------------------------
                                              0.250073   slack (MET)


Startpoint: _1094_ (rising edge-triggered flip-flop clocked by wr_clk)
Endpoint: _1094_ (rising edge-triggered flip-flop clocked by wr_clk)
Path Group: wr_clk
Path Type: min

Fanout         Cap        Slew       Delay        Time   Description
---------------------------------------------------------------------------------------------
                                  0.000000    0.000000   clock wr_clk (rise edge)
                                  0.000000    0.000000   clock source latency
     1    0.024443    0.000000    0.000000    0.000000 ^ wr_clk (in)
                                                         wr_clk (net)
                      0.001082    0.000541    0.000541 ^ clkbuf_0_wr_clk/A (sky130_fd_sc_hd__clkbuf_16)
    16    0.103832    0.091499    0.123118    0.123659 ^ clkbuf_0_wr_clk/X (sky130_fd_sc_hd__clkbuf_16)
                                                         clknet_0_wr_clk (net)
                      0.091673    0.003209    0.126868 ^ clkbuf_4_5_0_wr_clk/A (sky130_fd_sc_hd__clkbuf_8)
     2    0.019116    0.037214    0.103720    0.230588 ^ clkbuf_4_5_0_wr_clk/X (sky130_fd_sc_hd__clkbuf_8)
                                                         clknet_4_5_0_wr_clk (net)
                      0.037218    0.000411    0.231000 ^ clkbuf_5_11__f_wr_clk/A (sky130_fd_sc_hd__clkbuf_16)
     5    0.013808    0.027073    0.082076    0.313075 ^ clkbuf_5_11__f_wr_clk/X (sky130_fd_sc_hd__clkbuf_16)
                                                         clknet_5_11__leaf_wr_clk (net)
                      0.027073    0.000139    0.313215 ^ _1094_/CLK (sky130_fd_sc_hd__dfxtp_2)
     2    0.006106    0.032093    0.195406    0.508621 ^ _1094_/Q (sky130_fd_sc_hd__dfxtp_2)
                                                         u_fifomem.mem[13][0] (net)
                      0.032093    0.000076    0.508696 ^ _0856_/A0 (sky130_fd_sc_hd__mux2_2)
     1    0.004349    0.029942    0.090354    0.599051 ^ _0856_/X (sky130_fd_sc_hd__mux2_2)
                                                         _0406_ (net)
                      0.029942    0.000069    0.599119 ^ _0857_/A (sky130_fd_sc_hd__buf_1)
     1    0.002086    0.026430    0.047293    0.646412 ^ _0857_/X (sky130_fd_sc_hd__buf_1)
                                                         _0034_ (net)
                      0.026430    0.000018    0.646430 ^ _1094_/D (sky130_fd_sc_hd__dfxtp_2)
                                              0.646430   data arrival time

                                  0.000000    0.000000   clock wr_clk (rise edge)
                                  0.000000    0.000000   clock source latency
     1    0.024443    0.000000    0.000000    0.000000 ^ wr_clk (in)
                                                         wr_clk (net)
                      0.001082    0.000541    0.000541 ^ clkbuf_0_wr_clk/A (sky130_fd_sc_hd__clkbuf_16)
    16    0.103832    0.091499    0.123118    0.123659 ^ clkbuf_0_wr_clk/X (sky130_fd_sc_hd__clkbuf_16)
                                                         clknet_0_wr_clk (net)
                      0.091673    0.003209    0.126868 ^ clkbuf_4_5_0_wr_clk/A (sky130_fd_sc_hd__clkbuf_8)
     2    0.019116    0.037214    0.103720    0.230588 ^ clkbuf_4_5_0_wr_clk/X (sky130_fd_sc_hd__clkbuf_8)
                                                         clknet_4_5_0_wr_clk (net)
                      0.037218    0.000411    0.231000 ^ clkbuf_5_11__f_wr_clk/A (sky130_fd_sc_hd__clkbuf_16)
     5    0.013808    0.027073    0.082076    0.313075 ^ clkbuf_5_11__f_wr_clk/X (sky130_fd_sc_hd__clkbuf_16)
                                                         clknet_5_11__leaf_wr_clk (net)
                      0.027073    0.000139    0.313215 ^ _1094_/CLK (sky130_fd_sc_hd__dfxtp_2)
                                  0.100000    0.413215   clock uncertainty
                                  0.000000    0.413215   clock reconvergence pessimism
                                 -0.017070    0.396145   library hold time
                                              0.396145   data required time
---------------------------------------------------------------------------------------------
                                              0.396145   data required time
                                             -0.646430   data arrival time
---------------------------------------------------------------------------------------------
                                              0.250285   slack (MET)


Startpoint: _1151_ (rising edge-triggered flip-flop clocked by wr_clk)
Endpoint: _1151_ (rising edge-triggered flip-flop clocked by wr_clk)
Path Group: wr_clk
Path Type: min

Fanout         Cap        Slew       Delay        Time   Description
---------------------------------------------------------------------------------------------
                                  0.000000    0.000000   clock wr_clk (rise edge)
                                  0.000000    0.000000   clock source latency
     1    0.024443    0.000000    0.000000    0.000000 ^ wr_clk (in)
                                                         wr_clk (net)
                      0.001082    0.000541    0.000541 ^ clkbuf_0_wr_clk/A (sky130_fd_sc_hd__clkbuf_16)
    16    0.103832    0.091499    0.123118    0.123659 ^ clkbuf_0_wr_clk/X (sky130_fd_sc_hd__clkbuf_16)
                                                         clknet_0_wr_clk (net)
                      0.091499    0.000074    0.123733 ^ clkbuf_4_12_0_wr_clk/A (sky130_fd_sc_hd__clkbuf_8)
     2    0.019505    0.037648    0.104117    0.227850 ^ clkbuf_4_12_0_wr_clk/X (sky130_fd_sc_hd__clkbuf_8)
                                                         clknet_4_12_0_wr_clk (net)
                      0.037649    0.000277    0.228127 ^ clkbuf_5_24__f_wr_clk/A (sky130_fd_sc_hd__clkbuf_16)
     5    0.014060    0.027241    0.082374    0.310501 ^ clkbuf_5_24__f_wr_clk/X (sky130_fd_sc_hd__clkbuf_16)
                                                         clknet_5_24__leaf_wr_clk (net)
                      0.027241    0.000169    0.310670 ^ _1151_/CLK (sky130_fd_sc_hd__dfxtp_2)
     2    0.005539    0.030229    0.193957    0.504627 ^ _1151_/Q (sky130_fd_sc_hd__dfxtp_2)
                                                         u_fifomem.mem[5][1] (net)
                      0.030229    0.000049    0.504676 ^ _0979_/A0 (sky130_fd_sc_hd__mux2_2)
     1    0.003474    0.026864    0.086612    0.591288 ^ _0979_/X (sky130_fd_sc_hd__mux2_2)
                                                         _0472_ (net)
                      0.026864    0.000046    0.591334 ^ _0980_/A (sky130_fd_sc_hd__buf_1)
     1    0.002976    0.033591    0.052019    0.643353 ^ _0980_/X (sky130_fd_sc_hd__buf_1)
                                                         _0091_ (net)
                      0.033591    0.000037    0.643390 ^ _1151_/D (sky130_fd_sc_hd__dfxtp_2)
                                              0.643390   data arrival time

                                  0.000000    0.000000   clock wr_clk (rise edge)
                                  0.000000    0.000000   clock source latency
     1    0.024443    0.000000    0.000000    0.000000 ^ wr_clk (in)
                                                         wr_clk (net)
                      0.001082    0.000541    0.000541 ^ clkbuf_0_wr_clk/A (sky130_fd_sc_hd__clkbuf_16)
    16    0.103832    0.091499    0.123118    0.123659 ^ clkbuf_0_wr_clk/X (sky130_fd_sc_hd__clkbuf_16)
                                                         clknet_0_wr_clk (net)
                      0.091499    0.000074    0.123733 ^ clkbuf_4_12_0_wr_clk/A (sky130_fd_sc_hd__clkbuf_8)
     2    0.019505    0.037648    0.104117    0.227850 ^ clkbuf_4_12_0_wr_clk/X (sky130_fd_sc_hd__clkbuf_8)
                                                         clknet_4_12_0_wr_clk (net)
                      0.037649    0.000277    0.228127 ^ clkbuf_5_24__f_wr_clk/A (sky130_fd_sc_hd__clkbuf_16)
     5    0.014060    0.027241    0.082374    0.310501 ^ clkbuf_5_24__f_wr_clk/X (sky130_fd_sc_hd__clkbuf_16)
                                                         clknet_5_24__leaf_wr_clk (net)
                      0.027241    0.000169    0.310670 ^ _1151_/CLK (sky130_fd_sc_hd__dfxtp_2)
                                  0.100000    0.410670   clock uncertainty
                                  0.000000    0.410670   clock reconvergence pessimism
                                 -0.017573    0.393096   library hold time
                                              0.393096   data required time
---------------------------------------------------------------------------------------------
                                              0.393096   data required time
                                             -0.643390   data arrival time
---------------------------------------------------------------------------------------------
                                              0.250294   slack (MET)


Startpoint: _1125_ (rising edge-triggered flip-flop clocked by wr_clk)
Endpoint: _1125_ (rising edge-triggered flip-flop clocked by wr_clk)
Path Group: wr_clk
Path Type: min

Fanout         Cap        Slew       Delay        Time   Description
---------------------------------------------------------------------------------------------
                                  0.000000    0.000000   clock wr_clk (rise edge)
                                  0.000000    0.000000   clock source latency
     1    0.024443    0.000000    0.000000    0.000000 ^ wr_clk (in)
                                                         wr_clk (net)
                      0.001082    0.000541    0.000541 ^ clkbuf_0_wr_clk/A (sky130_fd_sc_hd__clkbuf_16)
    16    0.103832    0.091499    0.123118    0.123659 ^ clkbuf_0_wr_clk/X (sky130_fd_sc_hd__clkbuf_16)
                                                         clknet_0_wr_clk (net)
                      0.091636    0.002858    0.126518 ^ clkbuf_4_1_0_wr_clk/A (sky130_fd_sc_hd__clkbuf_8)
     2    0.017991    0.035941    0.102621    0.229138 ^ clkbuf_4_1_0_wr_clk/X (sky130_fd_sc_hd__clkbuf_8)
                                                         clknet_4_1_0_wr_clk (net)
                      0.035941    0.000192    0.229331 ^ clkbuf_5_2__f_wr_clk/A (sky130_fd_sc_hd__clkbuf_16)
     5    0.016051    0.028551    0.083193    0.312523 ^ clkbuf_5_2__f_wr_clk/X (sky130_fd_sc_hd__clkbuf_16)
                                                         clknet_5_2__leaf_wr_clk (net)
                      0.028551    0.000124    0.312647 ^ _1125_/CLK (sky130_fd_sc_hd__dfxtp_2)
     2    0.005274    0.029365    0.193647    0.506294 ^ _1125_/Q (sky130_fd_sc_hd__dfxtp_2)
                                                         u_fifomem.mem[1][7] (net)
                      0.029365    0.000035    0.506329 ^ _0922_/A0 (sky130_fd_sc_hd__mux2_2)
     1    0.003102    0.025521    0.085002    0.591331 ^ _0922_/X (sky130_fd_sc_hd__mux2_2)
                                                         _0441_ (net)
                      0.025521    0.000040    0.591370 ^ _0923_/A (sky130_fd_sc_hd__buf_2)
     1    0.002283    0.017543    0.055164    0.646534 ^ _0923_/X (sky130_fd_sc_hd__buf_2)
                                                         _0065_ (net)
                      0.017543    0.000021    0.646555 ^ _1125_/D (sky130_fd_sc_hd__dfxtp_2)
                                              0.646555   data arrival time

                                  0.000000    0.000000   clock wr_clk (rise edge)
                                  0.000000    0.000000   clock source latency
     1    0.024443    0.000000    0.000000    0.000000 ^ wr_clk (in)
                                                         wr_clk (net)
                      0.001082    0.000541    0.000541 ^ clkbuf_0_wr_clk/A (sky130_fd_sc_hd__clkbuf_16)
    16    0.103832    0.091499    0.123118    0.123659 ^ clkbuf_0_wr_clk/X (sky130_fd_sc_hd__clkbuf_16)
                                                         clknet_0_wr_clk (net)
                      0.091636    0.002858    0.126518 ^ clkbuf_4_1_0_wr_clk/A (sky130_fd_sc_hd__clkbuf_8)
     2    0.017991    0.035941    0.102621    0.229138 ^ clkbuf_4_1_0_wr_clk/X (sky130_fd_sc_hd__clkbuf_8)
                                                         clknet_4_1_0_wr_clk (net)
                      0.035941    0.000192    0.229331 ^ clkbuf_5_2__f_wr_clk/A (sky130_fd_sc_hd__clkbuf_16)
     5    0.016051    0.028551    0.083193    0.312523 ^ clkbuf_5_2__f_wr_clk/X (sky130_fd_sc_hd__clkbuf_16)
                                                         clknet_5_2__leaf_wr_clk (net)
                      0.028551    0.000124    0.312647 ^ _1125_/CLK (sky130_fd_sc_hd__dfxtp_2)
                                  0.100000    0.412647   clock uncertainty
                                  0.000000    0.412647   clock reconvergence pessimism
                                 -0.016406    0.396241   library hold time
                                              0.396241   data required time
---------------------------------------------------------------------------------------------
                                              0.396241   data required time
                                             -0.646555   data arrival time
---------------------------------------------------------------------------------------------
                                              0.250314   slack (MET)


Startpoint: _1133_ (rising edge-triggered flip-flop clocked by wr_clk)
Endpoint: _1133_ (rising edge-triggered flip-flop clocked by wr_clk)
Path Group: wr_clk
Path Type: min

Fanout         Cap        Slew       Delay        Time   Description
---------------------------------------------------------------------------------------------
                                  0.000000    0.000000   clock wr_clk (rise edge)
                                  0.000000    0.000000   clock source latency
     1    0.024443    0.000000    0.000000    0.000000 ^ wr_clk (in)
                                                         wr_clk (net)
                      0.001082    0.000541    0.000541 ^ clkbuf_0_wr_clk/A (sky130_fd_sc_hd__clkbuf_16)
    16    0.103832    0.091499    0.123118    0.123659 ^ clkbuf_0_wr_clk/X (sky130_fd_sc_hd__clkbuf_16)
                                                         clknet_0_wr_clk (net)
                      0.091637    0.002866    0.126525 ^ clkbuf_4_0_0_wr_clk/A (sky130_fd_sc_hd__clkbuf_8)
     2    0.018326    0.036320    0.102907    0.229433 ^ clkbuf_4_0_0_wr_clk/X (sky130_fd_sc_hd__clkbuf_8)
                                                         clknet_4_0_0_wr_clk (net)
                      0.036322    0.000305    0.229738 ^ clkbuf_5_0__f_wr_clk/A (sky130_fd_sc_hd__clkbuf_16)
     5    0.017654    0.029615    0.084402    0.314140 ^ clkbuf_5_0__f_wr_clk/X (sky130_fd_sc_hd__clkbuf_16)
                                                         clknet_5_0__leaf_wr_clk (net)
                      0.029616    0.000253    0.314393 ^ _1133_/CLK (sky130_fd_sc_hd__dfxtp_2)
     2    0.005446    0.029923    0.194421    0.508814 ^ _1133_/Q (sky130_fd_sc_hd__dfxtp_2)
                                                         u_fifomem.mem[2][7] (net)
                      0.029923    0.000041    0.508855 ^ _0939_/A0 (sky130_fd_sc_hd__mux2_2)
     1    0.002742    0.024511    0.083831    0.592685 ^ _0939_/X (sky130_fd_sc_hd__mux2_2)
                                                         _0450_ (net)
                      0.024511    0.000012    0.592697 ^ _0940_/A (sky130_fd_sc_hd__buf_4)
     1    0.002112    0.015784    0.055948    0.648646 ^ _0940_/X (sky130_fd_sc_hd__buf_4)
                                                         _0073_ (net)
                      0.015784    0.000019    0.648665 ^ _1133_/D (sky130_fd_sc_hd__dfxtp_2)
                                              0.648665   data arrival time

                                  0.000000    0.000000   clock wr_clk (rise edge)
                                  0.000000    0.000000   clock source latency
     1    0.024443    0.000000    0.000000    0.000000 ^ wr_clk (in)
                                                         wr_clk (net)
                      0.001082    0.000541    0.000541 ^ clkbuf_0_wr_clk/A (sky130_fd_sc_hd__clkbuf_16)
    16    0.103832    0.091499    0.123118    0.123659 ^ clkbuf_0_wr_clk/X (sky130_fd_sc_hd__clkbuf_16)
                                                         clknet_0_wr_clk (net)
                      0.091637    0.002866    0.126525 ^ clkbuf_4_0_0_wr_clk/A (sky130_fd_sc_hd__clkbuf_8)
     2    0.018326    0.036320    0.102907    0.229433 ^ clkbuf_4_0_0_wr_clk/X (sky130_fd_sc_hd__clkbuf_8)
                                                         clknet_4_0_0_wr_clk (net)
                      0.036322    0.000305    0.229738 ^ clkbuf_5_0__f_wr_clk/A (sky130_fd_sc_hd__clkbuf_16)
     5    0.017654    0.029615    0.084402    0.314140 ^ clkbuf_5_0__f_wr_clk/X (sky130_fd_sc_hd__clkbuf_16)
                                                         clknet_5_0__leaf_wr_clk (net)
                      0.029616    0.000253    0.314393 ^ _1133_/CLK (sky130_fd_sc_hd__dfxtp_2)
                                  0.100000    0.414393   clock uncertainty
                                  0.000000    0.414393   clock reconvergence pessimism
                                 -0.016256    0.398137   library hold time
                                              0.398137   data required time
---------------------------------------------------------------------------------------------
                                              0.398137   data required time
                                             -0.648665   data arrival time
---------------------------------------------------------------------------------------------
                                              0.250528   slack (MET)


Startpoint: _1186_ (rising edge-triggered flip-flop clocked by wr_clk)
Endpoint: _1186_ (rising edge-triggered flip-flop clocked by wr_clk)
Path Group: wr_clk
Path Type: min

Fanout         Cap        Slew       Delay        Time   Description
---------------------------------------------------------------------------------------------
                                  0.000000    0.000000   clock wr_clk (rise edge)
                                  0.000000    0.000000   clock source latency
     1    0.024443    0.000000    0.000000    0.000000 ^ wr_clk (in)
                                                         wr_clk (net)
                      0.001082    0.000541    0.000541 ^ clkbuf_0_wr_clk/A (sky130_fd_sc_hd__clkbuf_16)
    16    0.103832    0.091499    0.123118    0.123659 ^ clkbuf_0_wr_clk/X (sky130_fd_sc_hd__clkbuf_16)
                                                         clknet_0_wr_clk (net)
                      0.091603    0.002501    0.126160 ^ clkbuf_4_2_0_wr_clk/A (sky130_fd_sc_hd__clkbuf_8)
     2    0.018924    0.037002    0.103626    0.229786 ^ clkbuf_4_2_0_wr_clk/X (sky130_fd_sc_hd__clkbuf_8)
                                                         clknet_4_2_0_wr_clk (net)
                      0.037002    0.000150    0.229936 ^ clkbuf_5_4__f_wr_clk/A (sky130_fd_sc_hd__clkbuf_16)
     5    0.015434    0.028147    0.083131    0.313067 ^ clkbuf_5_4__f_wr_clk/X (sky130_fd_sc_hd__clkbuf_16)
                                                         clknet_5_4__leaf_wr_clk (net)
                      0.028147    0.000061    0.313128 ^ _1186_/CLK (sky130_fd_sc_hd__dfxtp_2)
     2    0.005114    0.028843    0.193094    0.506222 ^ _1186_/Q (sky130_fd_sc_hd__dfxtp_2)
                                                         u_fifomem.mem[9][4] (net)
                      0.028843    0.000030    0.506252 ^ _1054_/A0 (sky130_fd_sc_hd__mux2_2)
     1    0.004128    0.029146    0.088643    0.594895 ^ _1054_/X (sky130_fd_sc_hd__mux2_2)
                                                         _0512_ (net)
                      0.029146    0.000063    0.594957 ^ _1055_/A (sky130_fd_sc_hd__buf_1)
     1    0.002789    0.032085    0.051350    0.646308 ^ _1055_/X (sky130_fd_sc_hd__buf_1)
                                                         _0126_ (net)
                      0.032085    0.000033    0.646341 ^ _1186_/D (sky130_fd_sc_hd__dfxtp_2)
                                              0.646341   data arrival time

                                  0.000000    0.000000   clock wr_clk (rise edge)
                                  0.000000    0.000000   clock source latency
     1    0.024443    0.000000    0.000000    0.000000 ^ wr_clk (in)
                                                         wr_clk (net)
                      0.001082    0.000541    0.000541 ^ clkbuf_0_wr_clk/A (sky130_fd_sc_hd__clkbuf_16)
    16    0.103832    0.091499    0.123118    0.123659 ^ clkbuf_0_wr_clk/X (sky130_fd_sc_hd__clkbuf_16)
                                                         clknet_0_wr_clk (net)
                      0.091603    0.002501    0.126160 ^ clkbuf_4_2_0_wr_clk/A (sky130_fd_sc_hd__clkbuf_8)
     2    0.018924    0.037002    0.103626    0.229786 ^ clkbuf_4_2_0_wr_clk/X (sky130_fd_sc_hd__clkbuf_8)
                                                         clknet_4_2_0_wr_clk (net)
                      0.037002    0.000150    0.229936 ^ clkbuf_5_4__f_wr_clk/A (sky130_fd_sc_hd__clkbuf_16)
     5    0.015434    0.028147    0.083131    0.313067 ^ clkbuf_5_4__f_wr_clk/X (sky130_fd_sc_hd__clkbuf_16)
                                                         clknet_5_4__leaf_wr_clk (net)
                      0.028147    0.000061    0.313128 ^ _1186_/CLK (sky130_fd_sc_hd__dfxtp_2)
                                  0.100000    0.413128   clock uncertainty
                                  0.000000    0.413128   clock reconvergence pessimism
                                 -0.017445    0.395683   library hold time
                                              0.395683   data required time
---------------------------------------------------------------------------------------------
                                              0.395683   data required time
                                             -0.646341   data arrival time
---------------------------------------------------------------------------------------------
                                              0.250658   slack (MET)


Startpoint: _1120_ (rising edge-triggered flip-flop clocked by wr_clk)
Endpoint: _1120_ (rising edge-triggered flip-flop clocked by wr_clk)
Path Group: wr_clk
Path Type: min

Fanout         Cap        Slew       Delay        Time   Description
---------------------------------------------------------------------------------------------
                                  0.000000    0.000000   clock wr_clk (rise edge)
                                  0.000000    0.000000   clock source latency
     1    0.024443    0.000000    0.000000    0.000000 ^ wr_clk (in)
                                                         wr_clk (net)
                      0.001082    0.000541    0.000541 ^ clkbuf_0_wr_clk/A (sky130_fd_sc_hd__clkbuf_16)
    16    0.103832    0.091499    0.123118    0.123659 ^ clkbuf_0_wr_clk/X (sky130_fd_sc_hd__clkbuf_16)
                                                         clknet_0_wr_clk (net)
                      0.091637    0.002866    0.126525 ^ clkbuf_4_0_0_wr_clk/A (sky130_fd_sc_hd__clkbuf_8)
     2    0.018326    0.036320    0.102907    0.229433 ^ clkbuf_4_0_0_wr_clk/X (sky130_fd_sc_hd__clkbuf_8)
                                                         clknet_4_0_0_wr_clk (net)
                      0.036322    0.000305    0.229738 ^ clkbuf_5_0__f_wr_clk/A (sky130_fd_sc_hd__clkbuf_16)
     5    0.017654    0.029615    0.084402    0.314140 ^ clkbuf_5_0__f_wr_clk/X (sky130_fd_sc_hd__clkbuf_16)
                                                         clknet_5_0__leaf_wr_clk (net)
                      0.029617    0.000369    0.314509 ^ _1120_/CLK (sky130_fd_sc_hd__dfxtp_2)
     2    0.006049    0.031904    0.196025    0.510535 ^ _1120_/Q (sky130_fd_sc_hd__dfxtp_2)
                                                         u_fifomem.mem[1][2] (net)
                      0.031904    0.000065    0.510599 ^ _0912_/A0 (sky130_fd_sc_hd__mux2_2)
     1    0.002659    0.024241    0.084063    0.594662 ^ _0912_/X (sky130_fd_sc_hd__mux2_2)
                                                         _0436_ (net)
                      0.024241    0.000030    0.594692 ^ _0913_/A (sky130_fd_sc_hd__buf_2)
     1    0.002068    0.016897    0.054145    0.648837 ^ _0913_/X (sky130_fd_sc_hd__buf_2)
                                                         _0060_ (net)
                      0.016897    0.000018    0.648855 ^ _1120_/D (sky130_fd_sc_hd__dfxtp_2)
                                              0.648855   data arrival time

                                  0.000000    0.000000   clock wr_clk (rise edge)
                                  0.000000    0.000000   clock source latency
     1    0.024443    0.000000    0.000000    0.000000 ^ wr_clk (in)
                                                         wr_clk (net)
                      0.001082    0.000541    0.000541 ^ clkbuf_0_wr_clk/A (sky130_fd_sc_hd__clkbuf_16)
    16    0.103832    0.091499    0.123118    0.123659 ^ clkbuf_0_wr_clk/X (sky130_fd_sc_hd__clkbuf_16)
                                                         clknet_0_wr_clk (net)
                      0.091637    0.002866    0.126525 ^ clkbuf_4_0_0_wr_clk/A (sky130_fd_sc_hd__clkbuf_8)
     2    0.018326    0.036320    0.102907    0.229433 ^ clkbuf_4_0_0_wr_clk/X (sky130_fd_sc_hd__clkbuf_8)
                                                         clknet_4_0_0_wr_clk (net)
                      0.036322    0.000305    0.229738 ^ clkbuf_5_0__f_wr_clk/A (sky130_fd_sc_hd__clkbuf_16)
     5    0.017654    0.029615    0.084402    0.314140 ^ clkbuf_5_0__f_wr_clk/X (sky130_fd_sc_hd__clkbuf_16)
                                                         clknet_5_0__leaf_wr_clk (net)
                      0.029617    0.000369    0.314509 ^ _1120_/CLK (sky130_fd_sc_hd__dfxtp_2)
                                  0.100000    0.414509   clock uncertainty
                                  0.000000    0.414509   clock reconvergence pessimism
                                 -0.016335    0.398175   library hold time
                                              0.398175   data required time
---------------------------------------------------------------------------------------------
                                              0.398175   data required time
                                             -0.648855   data arrival time
---------------------------------------------------------------------------------------------
                                              0.250680   slack (MET)


Startpoint: _1147_ (rising edge-triggered flip-flop clocked by wr_clk)
Endpoint: _1147_ (rising edge-triggered flip-flop clocked by wr_clk)
Path Group: wr_clk
Path Type: min

Fanout         Cap        Slew       Delay        Time   Description
---------------------------------------------------------------------------------------------
                                  0.000000    0.000000   clock wr_clk (rise edge)
                                  0.000000    0.000000   clock source latency
     1    0.024443    0.000000    0.000000    0.000000 ^ wr_clk (in)
                                                         wr_clk (net)
                      0.001082    0.000541    0.000541 ^ clkbuf_0_wr_clk/A (sky130_fd_sc_hd__clkbuf_16)
    16    0.103832    0.091499    0.123118    0.123659 ^ clkbuf_0_wr_clk/X (sky130_fd_sc_hd__clkbuf_16)
                                                         clknet_0_wr_clk (net)
                      0.091540    0.001579    0.125239 ^ clkbuf_4_11_0_wr_clk/A (sky130_fd_sc_hd__clkbuf_8)
     2    0.017609    0.035512    0.102201    0.227440 ^ clkbuf_4_11_0_wr_clk/X (sky130_fd_sc_hd__clkbuf_8)
                                                         clknet_4_11_0_wr_clk (net)
                      0.035512    0.000162    0.227602 ^ clkbuf_5_22__f_wr_clk/A (sky130_fd_sc_hd__clkbuf_16)
     5    0.014863    0.027764    0.082301    0.309903 ^ clkbuf_5_22__f_wr_clk/X (sky130_fd_sc_hd__clkbuf_16)
                                                         clknet_5_22__leaf_wr_clk (net)
                      0.027764    0.000189    0.310092 ^ _1147_/CLK (sky130_fd_sc_hd__dfxtp_2)
     2    0.005416    0.029829    0.193794    0.503885 ^ _1147_/Q (sky130_fd_sc_hd__dfxtp_2)
                                                         u_fifomem.mem[4][5] (net)
                      0.029829    0.000020    0.503905 ^ _0970_/A0 (sky130_fd_sc_hd__mux2_2)
     1    0.003555    0.027132    0.086803    0.590708 ^ _0970_/X (sky130_fd_sc_hd__mux2_2)
                                                         _0467_ (net)
                      0.027132    0.000044    0.590752 ^ _0971_/A (sky130_fd_sc_hd__buf_1)
     1    0.003031    0.034046    0.052406    0.643158 ^ _0971_/X (sky130_fd_sc_hd__buf_1)
                                                         _0087_ (net)
                      0.034046    0.000037    0.643195 ^ _1147_/D (sky130_fd_sc_hd__dfxtp_2)
                                              0.643195   data arrival time

                                  0.000000    0.000000   clock wr_clk (rise edge)
                                  0.000000    0.000000   clock source latency
     1    0.024443    0.000000    0.000000    0.000000 ^ wr_clk (in)
                                                         wr_clk (net)
                      0.001082    0.000541    0.000541 ^ clkbuf_0_wr_clk/A (sky130_fd_sc_hd__clkbuf_16)
    16    0.103832    0.091499    0.123118    0.123659 ^ clkbuf_0_wr_clk/X (sky130_fd_sc_hd__clkbuf_16)
                                                         clknet_0_wr_clk (net)
                      0.091540    0.001579    0.125239 ^ clkbuf_4_11_0_wr_clk/A (sky130_fd_sc_hd__clkbuf_8)
     2    0.017609    0.035512    0.102201    0.227440 ^ clkbuf_4_11_0_wr_clk/X (sky130_fd_sc_hd__clkbuf_8)
                                                         clknet_4_11_0_wr_clk (net)
                      0.035512    0.000162    0.227602 ^ clkbuf_5_22__f_wr_clk/A (sky130_fd_sc_hd__clkbuf_16)
     5    0.014863    0.027764    0.082301    0.309903 ^ clkbuf_5_22__f_wr_clk/X (sky130_fd_sc_hd__clkbuf_16)
                                                         clknet_5_22__leaf_wr_clk (net)
                      0.027764    0.000189    0.310092 ^ _1147_/CLK (sky130_fd_sc_hd__dfxtp_2)
                                  0.100000    0.410092   clock uncertainty
                                  0.000000    0.410092   clock reconvergence pessimism
                                 -0.017593    0.392499   library hold time
                                              0.392499   data required time
---------------------------------------------------------------------------------------------
                                              0.392499   data required time
                                             -0.643195   data arrival time
---------------------------------------------------------------------------------------------
                                              0.250696   slack (MET)


Startpoint: _1139_ (rising edge-triggered flip-flop clocked by wr_clk)
Endpoint: _1139_ (rising edge-triggered flip-flop clocked by wr_clk)
Path Group: wr_clk
Path Type: min

Fanout         Cap        Slew       Delay        Time   Description
---------------------------------------------------------------------------------------------
                                  0.000000    0.000000   clock wr_clk (rise edge)
                                  0.000000    0.000000   clock source latency
     1    0.024443    0.000000    0.000000    0.000000 ^ wr_clk (in)
                                                         wr_clk (net)
                      0.001082    0.000541    0.000541 ^ clkbuf_0_wr_clk/A (sky130_fd_sc_hd__clkbuf_16)
    16    0.103832    0.091499    0.123118    0.123659 ^ clkbuf_0_wr_clk/X (sky130_fd_sc_hd__clkbuf_16)
                                                         clknet_0_wr_clk (net)
                      0.091549    0.001748    0.125408 ^ clkbuf_4_8_0_wr_clk/A (sky130_fd_sc_hd__clkbuf_8)
     2    0.019931    0.038133    0.104569    0.229977 ^ clkbuf_4_8_0_wr_clk/X (sky130_fd_sc_hd__clkbuf_8)
                                                         clknet_4_8_0_wr_clk (net)
                      0.038137    0.000417    0.230394 ^ clkbuf_5_17__f_wr_clk/A (sky130_fd_sc_hd__clkbuf_16)
     5    0.015051    0.027899    0.083168    0.313562 ^ clkbuf_5_17__f_wr_clk/X (sky130_fd_sc_hd__clkbuf_16)
                                                         clknet_5_17__leaf_wr_clk (net)
                      0.027899    0.000210    0.313771 ^ _1139_/CLK (sky130_fd_sc_hd__dfxtp_2)
     2    0.006185    0.032367    0.195886    0.509658 ^ _1139_/Q (sky130_fd_sc_hd__dfxtp_2)
                                                         u_fifomem.mem[3][5] (net)
                      0.032367    0.000031    0.509689 ^ _0952_/A0 (sky130_fd_sc_hd__mux2_2)
     1    0.002455    0.023590    0.083437    0.593126 ^ _0952_/X (sky130_fd_sc_hd__mux2_2)
                                                         _0457_ (net)
                      0.023590    0.000025    0.593151 ^ _0953_/A (sky130_fd_sc_hd__buf_2)
     1    0.002397    0.017879    0.054915    0.648066 ^ _0953_/X (sky130_fd_sc_hd__buf_2)
                                                         _0079_ (net)
                      0.017879    0.000024    0.648090 ^ _1139_/D (sky130_fd_sc_hd__dfxtp_2)
                                              0.648090   data arrival time

                                  0.000000    0.000000   clock wr_clk (rise edge)
                                  0.000000    0.000000   clock source latency
     1    0.024443    0.000000    0.000000    0.000000 ^ wr_clk (in)
                                                         wr_clk (net)
                      0.001082    0.000541    0.000541 ^ clkbuf_0_wr_clk/A (sky130_fd_sc_hd__clkbuf_16)
    16    0.103832    0.091499    0.123118    0.123659 ^ clkbuf_0_wr_clk/X (sky130_fd_sc_hd__clkbuf_16)
                                                         clknet_0_wr_clk (net)
                      0.091549    0.001748    0.125408 ^ clkbuf_4_8_0_wr_clk/A (sky130_fd_sc_hd__clkbuf_8)
     2    0.019931    0.038133    0.104569    0.229977 ^ clkbuf_4_8_0_wr_clk/X (sky130_fd_sc_hd__clkbuf_8)
                                                         clknet_4_8_0_wr_clk (net)
                      0.038137    0.000417    0.230394 ^ clkbuf_5_17__f_wr_clk/A (sky130_fd_sc_hd__clkbuf_16)
     5    0.015051    0.027899    0.083168    0.313562 ^ clkbuf_5_17__f_wr_clk/X (sky130_fd_sc_hd__clkbuf_16)
                                                         clknet_5_17__leaf_wr_clk (net)
                      0.027899    0.000210    0.313771 ^ _1139_/CLK (sky130_fd_sc_hd__dfxtp_2)
                                  0.100000    0.413771   clock uncertainty
                                  0.000000    0.413771   clock reconvergence pessimism
                                 -0.016445    0.397326   library hold time
                                              0.397326   data required time
---------------------------------------------------------------------------------------------
                                              0.397326   data required time
                                             -0.648090   data arrival time
---------------------------------------------------------------------------------------------
                                              0.250763   slack (MET)


Startpoint: _1134_ (rising edge-triggered flip-flop clocked by wr_clk)
Endpoint: _1134_ (rising edge-triggered flip-flop clocked by wr_clk)
Path Group: wr_clk
Path Type: min

Fanout         Cap        Slew       Delay        Time   Description
---------------------------------------------------------------------------------------------
                                  0.000000    0.000000   clock wr_clk (rise edge)
                                  0.000000    0.000000   clock source latency
     1    0.024443    0.000000    0.000000    0.000000 ^ wr_clk (in)
                                                         wr_clk (net)
                      0.001082    0.000541    0.000541 ^ clkbuf_0_wr_clk/A (sky130_fd_sc_hd__clkbuf_16)
    16    0.103832    0.091499    0.123118    0.123659 ^ clkbuf_0_wr_clk/X (sky130_fd_sc_hd__clkbuf_16)
                                                         clknet_0_wr_clk (net)
                      0.091636    0.002858    0.126518 ^ clkbuf_4_1_0_wr_clk/A (sky130_fd_sc_hd__clkbuf_8)
     2    0.017991    0.035941    0.102621    0.229138 ^ clkbuf_4_1_0_wr_clk/X (sky130_fd_sc_hd__clkbuf_8)
                                                         clknet_4_1_0_wr_clk (net)
                      0.035941    0.000147    0.229285 ^ clkbuf_5_3__f_wr_clk/A (sky130_fd_sc_hd__clkbuf_16)
     5    0.013230    0.026684    0.081322    0.310607 ^ clkbuf_5_3__f_wr_clk/X (sky130_fd_sc_hd__clkbuf_16)
                                                         clknet_5_3__leaf_wr_clk (net)
                      0.026684    0.000100    0.310707 ^ _1134_/CLK (sky130_fd_sc_hd__dfxtp_2)
     2    0.005991    0.031716    0.194992    0.505700 ^ _1134_/Q (sky130_fd_sc_hd__dfxtp_2)
                                                         u_fifomem.mem[3][0] (net)
                      0.031716    0.000070    0.505770 ^ _0942_/A0 (sky130_fd_sc_hd__mux2_2)
     1    0.002319    0.023156    0.082754    0.588524 ^ _0942_/X (sky130_fd_sc_hd__mux2_2)
                                                         _0452_ (net)
                      0.023156    0.000022    0.588546 ^ _0943_/A (sky130_fd_sc_hd__buf_2)
     1    0.002968    0.019591    0.056461    0.645007 ^ _0943_/X (sky130_fd_sc_hd__buf_2)
                                                         _0074_ (net)
                      0.019591    0.000039    0.645046 ^ _1134_/D (sky130_fd_sc_hd__dfxtp_2)
                                              0.645046   data arrival time

                                  0.000000    0.000000   clock wr_clk (rise edge)
                                  0.000000    0.000000   clock source latency
     1    0.024443    0.000000    0.000000    0.000000 ^ wr_clk (in)
                                                         wr_clk (net)
                      0.001082    0.000541    0.000541 ^ clkbuf_0_wr_clk/A (sky130_fd_sc_hd__clkbuf_16)
    16    0.103832    0.091499    0.123118    0.123659 ^ clkbuf_0_wr_clk/X (sky130_fd_sc_hd__clkbuf_16)
                                                         clknet_0_wr_clk (net)
                      0.091636    0.002858    0.126518 ^ clkbuf_4_1_0_wr_clk/A (sky130_fd_sc_hd__clkbuf_8)
     2    0.017991    0.035941    0.102621    0.229138 ^ clkbuf_4_1_0_wr_clk/X (sky130_fd_sc_hd__clkbuf_8)
                                                         clknet_4_1_0_wr_clk (net)
                      0.035941    0.000147    0.229285 ^ clkbuf_5_3__f_wr_clk/A (sky130_fd_sc_hd__clkbuf_16)
     5    0.013230    0.026684    0.081322    0.310607 ^ clkbuf_5_3__f_wr_clk/X (sky130_fd_sc_hd__clkbuf_16)
                                                         clknet_5_3__leaf_wr_clk (net)
                      0.026684    0.000100    0.310707 ^ _1134_/CLK (sky130_fd_sc_hd__dfxtp_2)
                                  0.100000    0.410707   clock uncertainty
                                  0.000000    0.410707   clock reconvergence pessimism
                                 -0.016595    0.394112   library hold time
                                              0.394112   data required time
---------------------------------------------------------------------------------------------
                                              0.394112   data required time
                                             -0.645046   data arrival time
---------------------------------------------------------------------------------------------
                                              0.250934   slack (MET)


Startpoint: _1108_ (rising edge-triggered flip-flop clocked by wr_clk)
Endpoint: _1108_ (rising edge-triggered flip-flop clocked by wr_clk)
Path Group: wr_clk
Path Type: min

Fanout         Cap        Slew       Delay        Time   Description
---------------------------------------------------------------------------------------------
                                  0.000000    0.000000   clock wr_clk (rise edge)
                                  0.000000    0.000000   clock source latency
     1    0.024443    0.000000    0.000000    0.000000 ^ wr_clk (in)
                                                         wr_clk (net)
                      0.001082    0.000541    0.000541 ^ clkbuf_0_wr_clk/A (sky130_fd_sc_hd__clkbuf_16)
    16    0.103832    0.091499    0.123118    0.123659 ^ clkbuf_0_wr_clk/X (sky130_fd_sc_hd__clkbuf_16)
                                                         clknet_0_wr_clk (net)
                      0.091711    0.003536    0.127195 ^ clkbuf_4_6_0_wr_clk/A (sky130_fd_sc_hd__clkbuf_8)
     2    0.018397    0.036396    0.103066    0.230261 ^ clkbuf_4_6_0_wr_clk/X (sky130_fd_sc_hd__clkbuf_8)
                                                         clknet_4_6_0_wr_clk (net)
                      0.036397    0.000210    0.230471 ^ clkbuf_5_13__f_wr_clk/A (sky130_fd_sc_hd__clkbuf_16)
     5    0.015205    0.027994    0.082777    0.313248 ^ clkbuf_5_13__f_wr_clk/X (sky130_fd_sc_hd__clkbuf_16)
                                                         clknet_5_13__leaf_wr_clk (net)
                      0.027994    0.000257    0.313505 ^ _1108_/CLK (sky130_fd_sc_hd__dfxtp_2)
     2    0.006272    0.032644    0.196134    0.509639 ^ _1108_/Q (sky130_fd_sc_hd__dfxtp_2)
                                                         u_fifomem.mem[14][6] (net)
                      0.032644    0.000065    0.509704 ^ _0886_/A0 (sky130_fd_sc_hd__mux2_2)
     1    0.002442    0.023548    0.083466    0.593170 ^ _0886_/X (sky130_fd_sc_hd__mux2_2)
                                                         _0422_ (net)
                      0.023548    0.000024    0.593194 ^ _0887_/A (sky130_fd_sc_hd__buf_2)
     1    0.002484    0.018139    0.055159    0.648352 ^ _0887_/X (sky130_fd_sc_hd__buf_2)
                                                         _0048_ (net)
                      0.018143    0.000026    0.648378 ^ _1108_/D (sky130_fd_sc_hd__dfxtp_2)
                                              0.648378   data arrival time

                                  0.000000    0.000000   clock wr_clk (rise edge)
                                  0.000000    0.000000   clock source latency
     1    0.024443    0.000000    0.000000    0.000000 ^ wr_clk (in)
                                                         wr_clk (net)
                      0.001082    0.000541    0.000541 ^ clkbuf_0_wr_clk/A (sky130_fd_sc_hd__clkbuf_16)
    16    0.103832    0.091499    0.123118    0.123659 ^ clkbuf_0_wr_clk/X (sky130_fd_sc_hd__clkbuf_16)
                                                         clknet_0_wr_clk (net)
                      0.091711    0.003536    0.127195 ^ clkbuf_4_6_0_wr_clk/A (sky130_fd_sc_hd__clkbuf_8)
     2    0.018397    0.036396    0.103066    0.230261 ^ clkbuf_4_6_0_wr_clk/X (sky130_fd_sc_hd__clkbuf_8)
                                                         clknet_4_6_0_wr_clk (net)
                      0.036397    0.000210    0.230471 ^ clkbuf_5_13__f_wr_clk/A (sky130_fd_sc_hd__clkbuf_16)
     5    0.015205    0.027994    0.082777    0.313248 ^ clkbuf_5_13__f_wr_clk/X (sky130_fd_sc_hd__clkbuf_16)
                                                         clknet_5_13__leaf_wr_clk (net)
                      0.027994    0.000257    0.313505 ^ _1108_/CLK (sky130_fd_sc_hd__dfxtp_2)
                                  0.100000    0.413505   clock uncertainty
                                  0.000000    0.413505   clock reconvergence pessimism
                                 -0.016461    0.397043   library hold time
                                              0.397043   data required time
---------------------------------------------------------------------------------------------
                                              0.397043   data required time
                                             -0.648378   data arrival time
---------------------------------------------------------------------------------------------
                                              0.251335   slack (MET)


Startpoint: _1184_ (rising edge-triggered flip-flop clocked by wr_clk)
Endpoint: _1184_ (rising edge-triggered flip-flop clocked by wr_clk)
Path Group: wr_clk
Path Type: min

Fanout         Cap        Slew       Delay        Time   Description
---------------------------------------------------------------------------------------------
                                  0.000000    0.000000   clock wr_clk (rise edge)
                                  0.000000    0.000000   clock source latency
     1    0.024443    0.000000    0.000000    0.000000 ^ wr_clk (in)
                                                         wr_clk (net)
                      0.001082    0.000541    0.000541 ^ clkbuf_0_wr_clk/A (sky130_fd_sc_hd__clkbuf_16)
    16    0.103832    0.091499    0.123118    0.123659 ^ clkbuf_0_wr_clk/X (sky130_fd_sc_hd__clkbuf_16)
                                                         clknet_0_wr_clk (net)
                      0.091686    0.003328    0.126987 ^ clkbuf_4_4_0_wr_clk/A (sky130_fd_sc_hd__clkbuf_8)
     2    0.018811    0.036885    0.103499    0.230486 ^ clkbuf_4_4_0_wr_clk/X (sky130_fd_sc_hd__clkbuf_8)
                                                         clknet_4_4_0_wr_clk (net)
                      0.036885    0.000166    0.230652 ^ clkbuf_5_9__f_wr_clk/A (sky130_fd_sc_hd__clkbuf_16)
     5    0.014363    0.027439    0.082364    0.313016 ^ clkbuf_5_9__f_wr_clk/X (sky130_fd_sc_hd__clkbuf_16)
                                                         clknet_5_9__leaf_wr_clk (net)
                      0.027439    0.000151    0.313167 ^ _1184_/CLK (sky130_fd_sc_hd__dfxtp_2)
     2    0.006664    0.033962    0.197006    0.510173 ^ _1184_/Q (sky130_fd_sc_hd__dfxtp_2)
                                                         u_fifomem.mem[9][2] (net)
                      0.033962    0.000094    0.510266 ^ _1050_/A0 (sky130_fd_sc_hd__mux2_2)
     1    0.002515    0.023779    0.084104    0.594370 ^ _1050_/X (sky130_fd_sc_hd__mux2_2)
                                                         _0510_ (net)
                      0.023779    0.000012    0.594382 ^ _1051_/A (sky130_fd_sc_hd__buf_1)
     1    0.003155    0.035026    0.052475    0.646858 ^ _1051_/X (sky130_fd_sc_hd__buf_1)
                                                         _0124_ (net)
                      0.035026    0.000047    0.646904 ^ _1184_/D (sky130_fd_sc_hd__dfxtp_2)
                                              0.646904   data arrival time

                                  0.000000    0.000000   clock wr_clk (rise edge)
                                  0.000000    0.000000   clock source latency
     1    0.024443    0.000000    0.000000    0.000000 ^ wr_clk (in)
                                                         wr_clk (net)
                      0.001082    0.000541    0.000541 ^ clkbuf_0_wr_clk/A (sky130_fd_sc_hd__clkbuf_16)
    16    0.103832    0.091499    0.123118    0.123659 ^ clkbuf_0_wr_clk/X (sky130_fd_sc_hd__clkbuf_16)
                                                         clknet_0_wr_clk (net)
                      0.091686    0.003328    0.126987 ^ clkbuf_4_4_0_wr_clk/A (sky130_fd_sc_hd__clkbuf_8)
     2    0.018811    0.036885    0.103499    0.230486 ^ clkbuf_4_4_0_wr_clk/X (sky130_fd_sc_hd__clkbuf_8)
                                                         clknet_4_4_0_wr_clk (net)
                      0.036885    0.000166    0.230652 ^ clkbuf_5_9__f_wr_clk/A (sky130_fd_sc_hd__clkbuf_16)
     5    0.014363    0.027439    0.082364    0.313016 ^ clkbuf_5_9__f_wr_clk/X (sky130_fd_sc_hd__clkbuf_16)
                                                         clknet_5_9__leaf_wr_clk (net)
                      0.027439    0.000151    0.313167 ^ _1184_/CLK (sky130_fd_sc_hd__dfxtp_2)
                                  0.100000    0.413167   clock uncertainty
                                  0.000000    0.413167   clock reconvergence pessimism
                                 -0.017670    0.395497   library hold time
                                              0.395497   data required time
---------------------------------------------------------------------------------------------
                                              0.395497   data required time
                                             -0.646904   data arrival time
---------------------------------------------------------------------------------------------
                                              0.251407   slack (MET)


Startpoint: _1101_ (rising edge-triggered flip-flop clocked by wr_clk)
Endpoint: _1101_ (rising edge-triggered flip-flop clocked by wr_clk)
Path Group: wr_clk
Path Type: min

Fanout         Cap        Slew       Delay        Time   Description
---------------------------------------------------------------------------------------------
                                  0.000000    0.000000   clock wr_clk (rise edge)
                                  0.000000    0.000000   clock source latency
     1    0.024443    0.000000    0.000000    0.000000 ^ wr_clk (in)
                                                         wr_clk (net)
                      0.001082    0.000541    0.000541 ^ clkbuf_0_wr_clk/A (sky130_fd_sc_hd__clkbuf_16)
    16    0.103832    0.091499    0.123118    0.123659 ^ clkbuf_0_wr_clk/X (sky130_fd_sc_hd__clkbuf_16)
                                                         clknet_0_wr_clk (net)
                      0.091563    0.001971    0.125630 ^ clkbuf_4_3_0_wr_clk/A (sky130_fd_sc_hd__clkbuf_8)
     2    0.019504    0.037648    0.104135    0.229765 ^ clkbuf_4_3_0_wr_clk/X (sky130_fd_sc_hd__clkbuf_8)
                                                         clknet_4_3_0_wr_clk (net)
                      0.037651    0.000361    0.230126 ^ clkbuf_5_6__f_wr_clk/A (sky130_fd_sc_hd__clkbuf_16)
     5    0.014250    0.027366    0.082517    0.312643 ^ clkbuf_5_6__f_wr_clk/X (sky130_fd_sc_hd__clkbuf_16)
                                                         clknet_5_6__leaf_wr_clk (net)
                      0.027366    0.000076    0.312719 ^ _1101_/CLK (sky130_fd_sc_hd__dfxtp_2)
     2    0.005669    0.030654    0.194339    0.507058 ^ _1101_/Q (sky130_fd_sc_hd__dfxtp_2)
                                                         u_fifomem.mem[13][7] (net)
                      0.030654    0.000060    0.507117 ^ _0870_/A0 (sky130_fd_sc_hd__mux2_2)
     1    0.002825    0.024774    0.084337    0.591454 ^ _0870_/X (sky130_fd_sc_hd__mux2_2)
                                                         _0413_ (net)
                      0.024774    0.000017    0.591472 ^ _0871_/A (sky130_fd_sc_hd__buf_1)
     1    0.003536    0.038165    0.054963    0.646435 ^ _0871_/X (sky130_fd_sc_hd__buf_1)
                                                         _0041_ (net)
                      0.038165    0.000051    0.646486 ^ _1101_/D (sky130_fd_sc_hd__dfxtp_2)
                                              0.646486   data arrival time

                                  0.000000    0.000000   clock wr_clk (rise edge)
                                  0.000000    0.000000   clock source latency
     1    0.024443    0.000000    0.000000    0.000000 ^ wr_clk (in)
                                                         wr_clk (net)
                      0.001082    0.000541    0.000541 ^ clkbuf_0_wr_clk/A (sky130_fd_sc_hd__clkbuf_16)
    16    0.103832    0.091499    0.123118    0.123659 ^ clkbuf_0_wr_clk/X (sky130_fd_sc_hd__clkbuf_16)
                                                         clknet_0_wr_clk (net)
                      0.091563    0.001971    0.125630 ^ clkbuf_4_3_0_wr_clk/A (sky130_fd_sc_hd__clkbuf_8)
     2    0.019504    0.037648    0.104135    0.229765 ^ clkbuf_4_3_0_wr_clk/X (sky130_fd_sc_hd__clkbuf_8)
                                                         clknet_4_3_0_wr_clk (net)
                      0.037651    0.000361    0.230126 ^ clkbuf_5_6__f_wr_clk/A (sky130_fd_sc_hd__clkbuf_16)
     5    0.014250    0.027366    0.082517    0.312643 ^ clkbuf_5_6__f_wr_clk/X (sky130_fd_sc_hd__clkbuf_16)
                                                         clknet_5_6__leaf_wr_clk (net)
                      0.027366    0.000076    0.312719 ^ _1101_/CLK (sky130_fd_sc_hd__dfxtp_2)
                                  0.100000    0.412719   clock uncertainty
                                  0.000000    0.412719   clock reconvergence pessimism
                                 -0.017894    0.394825   library hold time
                                              0.394825   data required time
---------------------------------------------------------------------------------------------
                                              0.394825   data required time
                                             -0.646486   data arrival time
---------------------------------------------------------------------------------------------
                                              0.251661   slack (MET)


Startpoint: _1096_ (rising edge-triggered flip-flop clocked by wr_clk)
Endpoint: _1096_ (rising edge-triggered flip-flop clocked by wr_clk)
Path Group: wr_clk
Path Type: min

Fanout         Cap        Slew       Delay        Time   Description
---------------------------------------------------------------------------------------------
                                  0.000000    0.000000   clock wr_clk (rise edge)
                                  0.000000    0.000000   clock source latency
     1    0.024443    0.000000    0.000000    0.000000 ^ wr_clk (in)
                                                         wr_clk (net)
                      0.001082    0.000541    0.000541 ^ clkbuf_0_wr_clk/A (sky130_fd_sc_hd__clkbuf_16)
    16    0.103832    0.091499    0.123118    0.123659 ^ clkbuf_0_wr_clk/X (sky130_fd_sc_hd__clkbuf_16)
                                                         clknet_0_wr_clk (net)
                      0.091673    0.003209    0.126868 ^ clkbuf_4_5_0_wr_clk/A (sky130_fd_sc_hd__clkbuf_8)
     2    0.019116    0.037214    0.103720    0.230588 ^ clkbuf_4_5_0_wr_clk/X (sky130_fd_sc_hd__clkbuf_8)
                                                         clknet_4_5_0_wr_clk (net)
                      0.037218    0.000411    0.231000 ^ clkbuf_5_11__f_wr_clk/A (sky130_fd_sc_hd__clkbuf_16)
     5    0.013808    0.027073    0.082076    0.313075 ^ clkbuf_5_11__f_wr_clk/X (sky130_fd_sc_hd__clkbuf_16)
                                                         clknet_5_11__leaf_wr_clk (net)
                      0.027073    0.000134    0.313209 ^ _1096_/CLK (sky130_fd_sc_hd__dfxtp_2)
     2    0.006094    0.032055    0.195378    0.508587 ^ _1096_/Q (sky130_fd_sc_hd__dfxtp_2)
                                                         u_fifomem.mem[13][2] (net)
                      0.032055    0.000093    0.508680 ^ _0860_/A0 (sky130_fd_sc_hd__mux2_2)
     1    0.003345    0.026441    0.086640    0.595320 ^ _0860_/X (sky130_fd_sc_hd__mux2_2)
                                                         _0408_ (net)
                      0.026441    0.000038    0.595358 ^ _0861_/A (sky130_fd_sc_hd__buf_1)
     1    0.003013    0.033892    0.052161    0.647519 ^ _0861_/X (sky130_fd_sc_hd__buf_1)
                                                         _0036_ (net)
                      0.033892    0.000036    0.647555 ^ _1096_/D (sky130_fd_sc_hd__dfxtp_2)
                                              0.647555   data arrival time

                                  0.000000    0.000000   clock wr_clk (rise edge)
                                  0.000000    0.000000   clock source latency
     1    0.024443    0.000000    0.000000    0.000000 ^ wr_clk (in)
                                                         wr_clk (net)
                      0.001082    0.000541    0.000541 ^ clkbuf_0_wr_clk/A (sky130_fd_sc_hd__clkbuf_16)
    16    0.103832    0.091499    0.123118    0.123659 ^ clkbuf_0_wr_clk/X (sky130_fd_sc_hd__clkbuf_16)
                                                         clknet_0_wr_clk (net)
                      0.091673    0.003209    0.126868 ^ clkbuf_4_5_0_wr_clk/A (sky130_fd_sc_hd__clkbuf_8)
     2    0.019116    0.037214    0.103720    0.230588 ^ clkbuf_4_5_0_wr_clk/X (sky130_fd_sc_hd__clkbuf_8)
                                                         clknet_4_5_0_wr_clk (net)
                      0.037218    0.000411    0.231000 ^ clkbuf_5_11__f_wr_clk/A (sky130_fd_sc_hd__clkbuf_16)
     5    0.013808    0.027073    0.082076    0.313075 ^ clkbuf_5_11__f_wr_clk/X (sky130_fd_sc_hd__clkbuf_16)
                                                         clknet_5_11__leaf_wr_clk (net)
                      0.027073    0.000134    0.313209 ^ _1096_/CLK (sky130_fd_sc_hd__dfxtp_2)
                                  0.100000    0.413209   clock uncertainty
                                  0.000000    0.413209   clock reconvergence pessimism
                                 -0.017599    0.395611   library hold time
                                              0.395611   data required time
---------------------------------------------------------------------------------------------
                                              0.395611   data required time
                                             -0.647555   data arrival time
---------------------------------------------------------------------------------------------
                                              0.251944   slack (MET)


Startpoint: _1075_ (rising edge-triggered flip-flop clocked by wr_clk)
Endpoint: _1075_ (rising edge-triggered flip-flop clocked by wr_clk)
Path Group: wr_clk
Path Type: min

Fanout         Cap        Slew       Delay        Time   Description
---------------------------------------------------------------------------------------------
                                  0.000000    0.000000   clock wr_clk (rise edge)
                                  0.000000    0.000000   clock source latency
     1    0.024443    0.000000    0.000000    0.000000 ^ wr_clk (in)
                                                         wr_clk (net)
                      0.001082    0.000541    0.000541 ^ clkbuf_0_wr_clk/A (sky130_fd_sc_hd__clkbuf_16)
    16    0.103832    0.091499    0.123118    0.123659 ^ clkbuf_0_wr_clk/X (sky130_fd_sc_hd__clkbuf_16)
                                                         clknet_0_wr_clk (net)
                      0.091563    0.001971    0.125630 ^ clkbuf_4_3_0_wr_clk/A (sky130_fd_sc_hd__clkbuf_8)
     2    0.019504    0.037648    0.104135    0.229765 ^ clkbuf_4_3_0_wr_clk/X (sky130_fd_sc_hd__clkbuf_8)
                                                         clknet_4_3_0_wr_clk (net)
                      0.037649    0.000265    0.230030 ^ clkbuf_5_7__f_wr_clk/A (sky130_fd_sc_hd__clkbuf_16)
     5    0.015977    0.028509    0.083681    0.313711 ^ clkbuf_5_7__f_wr_clk/X (sky130_fd_sc_hd__clkbuf_16)
                                                         clknet_5_7__leaf_wr_clk (net)
                      0.028513    0.000218    0.313929 ^ _1075_/CLK (sky130_fd_sc_hd__dfxtp_2)
     2    0.005781    0.031024    0.194989    0.508919 ^ _1075_/Q (sky130_fd_sc_hd__dfxtp_2)
                                                         u_fifomem.mem[10][5] (net)
                      0.031024    0.000034    0.508953 ^ _0813_/A0 (sky130_fd_sc_hd__mux2_2)
     1    0.003135    0.025772    0.085579    0.594532 ^ _0813_/X (sky130_fd_sc_hd__mux2_2)
                                                         _0382_ (net)
                      0.025772    0.000042    0.594574 ^ _0814_/A (sky130_fd_sc_hd__buf_2)
     1    0.002183    0.017245    0.054947    0.649520 ^ _0814_/X (sky130_fd_sc_hd__buf_2)
                                                         _0015_ (net)
                      0.017245    0.000020    0.649541 ^ _1075_/D (sky130_fd_sc_hd__dfxtp_2)
                                              0.649541   data arrival time

                                  0.000000    0.000000   clock wr_clk (rise edge)
                                  0.000000    0.000000   clock source latency
     1    0.024443    0.000000    0.000000    0.000000 ^ wr_clk (in)
                                                         wr_clk (net)
                      0.001082    0.000541    0.000541 ^ clkbuf_0_wr_clk/A (sky130_fd_sc_hd__clkbuf_16)
    16    0.103832    0.091499    0.123118    0.123659 ^ clkbuf_0_wr_clk/X (sky130_fd_sc_hd__clkbuf_16)
                                                         clknet_0_wr_clk (net)
                      0.091563    0.001971    0.125630 ^ clkbuf_4_3_0_wr_clk/A (sky130_fd_sc_hd__clkbuf_8)
     2    0.019504    0.037648    0.104135    0.229765 ^ clkbuf_4_3_0_wr_clk/X (sky130_fd_sc_hd__clkbuf_8)
                                                         clknet_4_3_0_wr_clk (net)
                      0.037649    0.000265    0.230030 ^ clkbuf_5_7__f_wr_clk/A (sky130_fd_sc_hd__clkbuf_16)
     5    0.015977    0.028509    0.083681    0.313711 ^ clkbuf_5_7__f_wr_clk/X (sky130_fd_sc_hd__clkbuf_16)
                                                         clknet_5_7__leaf_wr_clk (net)
                      0.028513    0.000218    0.313929 ^ _1075_/CLK (sky130_fd_sc_hd__dfxtp_2)
                                  0.100000    0.413929   clock uncertainty
                                  0.000000    0.413929   clock reconvergence pessimism
                                 -0.016386    0.397544   library hold time
                                              0.397544   data required time
---------------------------------------------------------------------------------------------
                                              0.397544   data required time
                                             -0.649541   data arrival time
---------------------------------------------------------------------------------------------
                                              0.251997   slack (MET)


Startpoint: _1122_ (rising edge-triggered flip-flop clocked by wr_clk)
Endpoint: _1122_ (rising edge-triggered flip-flop clocked by wr_clk)
Path Group: wr_clk
Path Type: min

Fanout         Cap        Slew       Delay        Time   Description
---------------------------------------------------------------------------------------------
                                  0.000000    0.000000   clock wr_clk (rise edge)
                                  0.000000    0.000000   clock source latency
     1    0.024443    0.000000    0.000000    0.000000 ^ wr_clk (in)
                                                         wr_clk (net)
                      0.001082    0.000541    0.000541 ^ clkbuf_0_wr_clk/A (sky130_fd_sc_hd__clkbuf_16)
    16    0.103832    0.091499    0.123118    0.123659 ^ clkbuf_0_wr_clk/X (sky130_fd_sc_hd__clkbuf_16)
                                                         clknet_0_wr_clk (net)
                      0.091637    0.002866    0.126525 ^ clkbuf_4_0_0_wr_clk/A (sky130_fd_sc_hd__clkbuf_8)
     2    0.018326    0.036320    0.102907    0.229433 ^ clkbuf_4_0_0_wr_clk/X (sky130_fd_sc_hd__clkbuf_8)
                                                         clknet_4_0_0_wr_clk (net)
                      0.036323    0.000333    0.229765 ^ clkbuf_5_1__f_wr_clk/A (sky130_fd_sc_hd__clkbuf_16)
     5    0.015535    0.028212    0.082933    0.312698 ^ clkbuf_5_1__f_wr_clk/X (sky130_fd_sc_hd__clkbuf_16)
                                                         clknet_5_1__leaf_wr_clk (net)
                      0.028216    0.000341    0.313039 ^ _1122_/CLK (sky130_fd_sc_hd__dfxtp_2)
     2    0.005673    0.030668    0.194605    0.507644 ^ _1122_/Q (sky130_fd_sc_hd__dfxtp_2)
                                                         u_fifomem.mem[1][4] (net)
                      0.030668    0.000058    0.507702 ^ _0916_/A0 (sky130_fd_sc_hd__mux2_2)
     1    0.002809    0.024723    0.084278    0.591980 ^ _0916_/X (sky130_fd_sc_hd__mux2_2)
                                                         _0438_ (net)
                      0.024723    0.000033    0.592012 ^ _0917_/A (sky130_fd_sc_hd__buf_2)
     1    0.002965    0.019585    0.056926    0.648938 ^ _0917_/X (sky130_fd_sc_hd__buf_2)
                                                         _0062_ (net)
                      0.019585    0.000035    0.648974 ^ _1122_/D (sky130_fd_sc_hd__dfxtp_2)
                                              0.648974   data arrival time

                                  0.000000    0.000000   clock wr_clk (rise edge)
                                  0.000000    0.000000   clock source latency
     1    0.024443    0.000000    0.000000    0.000000 ^ wr_clk (in)
                                                         wr_clk (net)
                      0.001082    0.000541    0.000541 ^ clkbuf_0_wr_clk/A (sky130_fd_sc_hd__clkbuf_16)
    16    0.103832    0.091499    0.123118    0.123659 ^ clkbuf_0_wr_clk/X (sky130_fd_sc_hd__clkbuf_16)
                                                         clknet_0_wr_clk (net)
                      0.091637    0.002866    0.126525 ^ clkbuf_4_0_0_wr_clk/A (sky130_fd_sc_hd__clkbuf_8)
     2    0.018326    0.036320    0.102907    0.229433 ^ clkbuf_4_0_0_wr_clk/X (sky130_fd_sc_hd__clkbuf_8)
                                                         clknet_4_0_0_wr_clk (net)
                      0.036323    0.000333    0.229765 ^ clkbuf_5_1__f_wr_clk/A (sky130_fd_sc_hd__clkbuf_16)
     5    0.015535    0.028212    0.082933    0.312698 ^ clkbuf_5_1__f_wr_clk/X (sky130_fd_sc_hd__clkbuf_16)
                                                         clknet_5_1__leaf_wr_clk (net)
                      0.028216    0.000341    0.313039 ^ _1122_/CLK (sky130_fd_sc_hd__dfxtp_2)
                                  0.100000    0.413039   clock uncertainty
                                  0.000000    0.413039   clock reconvergence pessimism
                                 -0.016558    0.396481   library hold time
                                              0.396481   data required time
---------------------------------------------------------------------------------------------
                                              0.396481   data required time
                                             -0.648974   data arrival time
---------------------------------------------------------------------------------------------
                                              0.252493   slack (MET)


Startpoint: _1128_ (rising edge-triggered flip-flop clocked by wr_clk)
Endpoint: _1128_ (rising edge-triggered flip-flop clocked by wr_clk)
Path Group: wr_clk
Path Type: min

Fanout         Cap        Slew       Delay        Time   Description
---------------------------------------------------------------------------------------------
                                  0.000000    0.000000   clock wr_clk (rise edge)
                                  0.000000    0.000000   clock source latency
     1    0.024443    0.000000    0.000000    0.000000 ^ wr_clk (in)
                                                         wr_clk (net)
                      0.001082    0.000541    0.000541 ^ clkbuf_0_wr_clk/A (sky130_fd_sc_hd__clkbuf_16)
    16    0.103832    0.091499    0.123118    0.123659 ^ clkbuf_0_wr_clk/X (sky130_fd_sc_hd__clkbuf_16)
                                                         clknet_0_wr_clk (net)
                      0.091637    0.002866    0.126525 ^ clkbuf_4_0_0_wr_clk/A (sky130_fd_sc_hd__clkbuf_8)
     2    0.018326    0.036320    0.102907    0.229433 ^ clkbuf_4_0_0_wr_clk/X (sky130_fd_sc_hd__clkbuf_8)
                                                         clknet_4_0_0_wr_clk (net)
                      0.036322    0.000305    0.229738 ^ clkbuf_5_0__f_wr_clk/A (sky130_fd_sc_hd__clkbuf_16)
     5    0.017654    0.029615    0.084402    0.314140 ^ clkbuf_5_0__f_wr_clk/X (sky130_fd_sc_hd__clkbuf_16)
                                                         clknet_5_0__leaf_wr_clk (net)
                      0.029617    0.000383    0.314523 ^ _1128_/CLK (sky130_fd_sc_hd__dfxtp_2)
     2    0.005556    0.030282    0.194714    0.509238 ^ _1128_/Q (sky130_fd_sc_hd__dfxtp_2)
                                                         u_fifomem.mem[2][2] (net)
                      0.030282    0.000049    0.509287 ^ _0929_/A0 (sky130_fd_sc_hd__mux2_2)
     1    0.003243    0.026119    0.085777    0.595063 ^ _0929_/X (sky130_fd_sc_hd__mux2_2)
                                                         _0445_ (net)
                      0.026119    0.000034    0.595097 ^ _0930_/A (sky130_fd_sc_hd__buf_4)
     1    0.002078    0.015726    0.056340    0.651437 ^ _0930_/X (sky130_fd_sc_hd__buf_4)
                                                         _0068_ (net)
                      0.015726    0.000019    0.651456 ^ _1128_/D (sky130_fd_sc_hd__dfxtp_2)
                                              0.651456   data arrival time

                                  0.000000    0.000000   clock wr_clk (rise edge)
                                  0.000000    0.000000   clock source latency
     1    0.024443    0.000000    0.000000    0.000000 ^ wr_clk (in)
                                                         wr_clk (net)
                      0.001082    0.000541    0.000541 ^ clkbuf_0_wr_clk/A (sky130_fd_sc_hd__clkbuf_16)
    16    0.103832    0.091499    0.123118    0.123659 ^ clkbuf_0_wr_clk/X (sky130_fd_sc_hd__clkbuf_16)
                                                         clknet_0_wr_clk (net)
                      0.091637    0.002866    0.126525 ^ clkbuf_4_0_0_wr_clk/A (sky130_fd_sc_hd__clkbuf_8)
     2    0.018326    0.036320    0.102907    0.229433 ^ clkbuf_4_0_0_wr_clk/X (sky130_fd_sc_hd__clkbuf_8)
                                                         clknet_4_0_0_wr_clk (net)
                      0.036322    0.000305    0.229738 ^ clkbuf_5_0__f_wr_clk/A (sky130_fd_sc_hd__clkbuf_16)
     5    0.017654    0.029615    0.084402    0.314140 ^ clkbuf_5_0__f_wr_clk/X (sky130_fd_sc_hd__clkbuf_16)
                                                         clknet_5_0__leaf_wr_clk (net)
                      0.029617    0.000383    0.314523 ^ _1128_/CLK (sky130_fd_sc_hd__dfxtp_2)
                                  0.100000    0.414523   clock uncertainty
                                  0.000000    0.414523   clock reconvergence pessimism
                                 -0.016252    0.398272   library hold time
                                              0.398272   data required time
---------------------------------------------------------------------------------------------
                                              0.398272   data required time
                                             -0.651456   data arrival time
---------------------------------------------------------------------------------------------
                                              0.253185   slack (MET)


Startpoint: _1099_ (rising edge-triggered flip-flop clocked by wr_clk)
Endpoint: _1099_ (rising edge-triggered flip-flop clocked by wr_clk)
Path Group: wr_clk
Path Type: min

Fanout         Cap        Slew       Delay        Time   Description
---------------------------------------------------------------------------------------------
                                  0.000000    0.000000   clock wr_clk (rise edge)
                                  0.000000    0.000000   clock source latency
     1    0.024443    0.000000    0.000000    0.000000 ^ wr_clk (in)
                                                         wr_clk (net)
                      0.001082    0.000541    0.000541 ^ clkbuf_0_wr_clk/A (sky130_fd_sc_hd__clkbuf_16)
    16    0.103832    0.091499    0.123118    0.123659 ^ clkbuf_0_wr_clk/X (sky130_fd_sc_hd__clkbuf_16)
                                                         clknet_0_wr_clk (net)
                      0.091711    0.003536    0.127195 ^ clkbuf_4_6_0_wr_clk/A (sky130_fd_sc_hd__clkbuf_8)
     2    0.018397    0.036396    0.103066    0.230261 ^ clkbuf_4_6_0_wr_clk/X (sky130_fd_sc_hd__clkbuf_8)
                                                         clknet_4_6_0_wr_clk (net)
                      0.036396    0.000158    0.230419 ^ clkbuf_5_12__f_wr_clk/A (sky130_fd_sc_hd__clkbuf_16)
     5    0.014921    0.027806    0.082610    0.313029 ^ clkbuf_5_12__f_wr_clk/X (sky130_fd_sc_hd__clkbuf_16)
                                                         clknet_5_12__leaf_wr_clk (net)
                      0.027806    0.000097    0.313126 ^ _1099_/CLK (sky130_fd_sc_hd__dfxtp_2)
     2    0.006061    0.031945    0.195508    0.508634 ^ _1099_/Q (sky130_fd_sc_hd__dfxtp_2)
                                                         u_fifomem.mem[13][5] (net)
                      0.031945    0.000078    0.508712 ^ _0866_/A0 (sky130_fd_sc_hd__mux2_2)
     1    0.003694    0.027603    0.087899    0.596611 ^ _0866_/X (sky130_fd_sc_hd__mux2_2)
                                                         _0411_ (net)
                      0.027603    0.000050    0.596661 ^ _0867_/A (sky130_fd_sc_hd__buf_1)
     1    0.002963    0.033487    0.052087    0.648748 ^ _0867_/X (sky130_fd_sc_hd__buf_1)
                                                         _0039_ (net)
                      0.033487    0.000038    0.648786 ^ _1099_/D (sky130_fd_sc_hd__dfxtp_2)
                                              0.648786   data arrival time

                                  0.000000    0.000000   clock wr_clk (rise edge)
                                  0.000000    0.000000   clock source latency
     1    0.024443    0.000000    0.000000    0.000000 ^ wr_clk (in)
                                                         wr_clk (net)
                      0.001082    0.000541    0.000541 ^ clkbuf_0_wr_clk/A (sky130_fd_sc_hd__clkbuf_16)
    16    0.103832    0.091499    0.123118    0.123659 ^ clkbuf_0_wr_clk/X (sky130_fd_sc_hd__clkbuf_16)
                                                         clknet_0_wr_clk (net)
                      0.091711    0.003536    0.127195 ^ clkbuf_4_6_0_wr_clk/A (sky130_fd_sc_hd__clkbuf_8)
     2    0.018397    0.036396    0.103066    0.230261 ^ clkbuf_4_6_0_wr_clk/X (sky130_fd_sc_hd__clkbuf_8)
                                                         clknet_4_6_0_wr_clk (net)
                      0.036396    0.000158    0.230419 ^ clkbuf_5_12__f_wr_clk/A (sky130_fd_sc_hd__clkbuf_16)
     5    0.014921    0.027806    0.082610    0.313029 ^ clkbuf_5_12__f_wr_clk/X (sky130_fd_sc_hd__clkbuf_16)
                                                         clknet_5_12__leaf_wr_clk (net)
                      0.027806    0.000097    0.313126 ^ _1099_/CLK (sky130_fd_sc_hd__dfxtp_2)
                                  0.100000    0.413126   clock uncertainty
                                  0.000000    0.413126   clock reconvergence pessimism
                                 -0.017552    0.395573   library hold time
                                              0.395573   data required time
---------------------------------------------------------------------------------------------
                                              0.395573   data required time
                                             -0.648786   data arrival time
---------------------------------------------------------------------------------------------
                                              0.253213   slack (MET)


Startpoint: _1104_ (rising edge-triggered flip-flop clocked by wr_clk)
Endpoint: _1104_ (rising edge-triggered flip-flop clocked by wr_clk)
Path Group: wr_clk
Path Type: min

Fanout         Cap        Slew       Delay        Time   Description
---------------------------------------------------------------------------------------------
                                  0.000000    0.000000   clock wr_clk (rise edge)
                                  0.000000    0.000000   clock source latency
     1    0.024443    0.000000    0.000000    0.000000 ^ wr_clk (in)
                                                         wr_clk (net)
                      0.001082    0.000541    0.000541 ^ clkbuf_0_wr_clk/A (sky130_fd_sc_hd__clkbuf_16)
    16    0.103832    0.091499    0.123118    0.123659 ^ clkbuf_0_wr_clk/X (sky130_fd_sc_hd__clkbuf_16)
                                                         clknet_0_wr_clk (net)
                      0.091673    0.003209    0.126868 ^ clkbuf_4_5_0_wr_clk/A (sky130_fd_sc_hd__clkbuf_8)
     2    0.019116    0.037214    0.103720    0.230588 ^ clkbuf_4_5_0_wr_clk/X (sky130_fd_sc_hd__clkbuf_8)
                                                         clknet_4_5_0_wr_clk (net)
                      0.037218    0.000411    0.231000 ^ clkbuf_5_11__f_wr_clk/A (sky130_fd_sc_hd__clkbuf_16)
     5    0.013808    0.027073    0.082076    0.313075 ^ clkbuf_5_11__f_wr_clk/X (sky130_fd_sc_hd__clkbuf_16)
                                                         clknet_5_11__leaf_wr_clk (net)
                      0.027073    0.000139    0.313215 ^ _1104_/CLK (sky130_fd_sc_hd__dfxtp_2)
     2    0.005897    0.031404    0.194857    0.508072 ^ _1104_/Q (sky130_fd_sc_hd__dfxtp_2)
                                                         u_fifomem.mem[14][2] (net)
                      0.031404    0.000045    0.508117 ^ _0878_/A0 (sky130_fd_sc_hd__mux2_2)
     1    0.003343    0.026436    0.086450    0.594566 ^ _0878_/X (sky130_fd_sc_hd__mux2_2)
                                                         _0418_ (net)
                      0.026436    0.000046    0.594613 ^ _0879_/A (sky130_fd_sc_hd__buf_2)
     1    0.002402    0.017899    0.055789    0.650402 ^ _0879_/X (sky130_fd_sc_hd__buf_2)
                                                         _0044_ (net)
                      0.017899    0.000025    0.650427 ^ _1104_/D (sky130_fd_sc_hd__dfxtp_2)
                                              0.650427   data arrival time

                                  0.000000    0.000000   clock wr_clk (rise edge)
                                  0.000000    0.000000   clock source latency
     1    0.024443    0.000000    0.000000    0.000000 ^ wr_clk (in)
                                                         wr_clk (net)
                      0.001082    0.000541    0.000541 ^ clkbuf_0_wr_clk/A (sky130_fd_sc_hd__clkbuf_16)
    16    0.103832    0.091499    0.123118    0.123659 ^ clkbuf_0_wr_clk/X (sky130_fd_sc_hd__clkbuf_16)
                                                         clknet_0_wr_clk (net)
                      0.091673    0.003209    0.126868 ^ clkbuf_4_5_0_wr_clk/A (sky130_fd_sc_hd__clkbuf_8)
     2    0.019116    0.037214    0.103720    0.230588 ^ clkbuf_4_5_0_wr_clk/X (sky130_fd_sc_hd__clkbuf_8)
                                                         clknet_4_5_0_wr_clk (net)
                      0.037218    0.000411    0.231000 ^ clkbuf_5_11__f_wr_clk/A (sky130_fd_sc_hd__clkbuf_16)
     5    0.013808    0.027073    0.082076    0.313075 ^ clkbuf_5_11__f_wr_clk/X (sky130_fd_sc_hd__clkbuf_16)
                                                         clknet_5_11__leaf_wr_clk (net)
                      0.027073    0.000139    0.313215 ^ _1104_/CLK (sky130_fd_sc_hd__dfxtp_2)
                                  0.100000    0.413215   clock uncertainty
                                  0.000000    0.413215   clock reconvergence pessimism
                                 -0.016466    0.396749   library hold time
                                              0.396749   data required time
---------------------------------------------------------------------------------------------
                                              0.396749   data required time
                                             -0.650427   data arrival time
---------------------------------------------------------------------------------------------
                                              0.253678   slack (MET)


Startpoint: _1126_ (rising edge-triggered flip-flop clocked by wr_clk)
Endpoint: _1126_ (rising edge-triggered flip-flop clocked by wr_clk)
Path Group: wr_clk
Path Type: min

Fanout         Cap        Slew       Delay        Time   Description
---------------------------------------------------------------------------------------------
                                  0.000000    0.000000   clock wr_clk (rise edge)
                                  0.000000    0.000000   clock source latency
     1    0.024443    0.000000    0.000000    0.000000 ^ wr_clk (in)
                                                         wr_clk (net)
                      0.001082    0.000541    0.000541 ^ clkbuf_0_wr_clk/A (sky130_fd_sc_hd__clkbuf_16)
    16    0.103832    0.091499    0.123118    0.123659 ^ clkbuf_0_wr_clk/X (sky130_fd_sc_hd__clkbuf_16)
                                                         clknet_0_wr_clk (net)
                      0.091636    0.002858    0.126518 ^ clkbuf_4_1_0_wr_clk/A (sky130_fd_sc_hd__clkbuf_8)
     2    0.017991    0.035941    0.102621    0.229138 ^ clkbuf_4_1_0_wr_clk/X (sky130_fd_sc_hd__clkbuf_8)
                                                         clknet_4_1_0_wr_clk (net)
                      0.035941    0.000147    0.229285 ^ clkbuf_5_3__f_wr_clk/A (sky130_fd_sc_hd__clkbuf_16)
     5    0.013230    0.026684    0.081322    0.310607 ^ clkbuf_5_3__f_wr_clk/X (sky130_fd_sc_hd__clkbuf_16)
                                                         clknet_5_3__leaf_wr_clk (net)
                      0.026684    0.000105    0.310712 ^ _1126_/CLK (sky130_fd_sc_hd__dfxtp_2)
     2    0.005166    0.029014    0.192803    0.503514 ^ _1126_/Q (sky130_fd_sc_hd__dfxtp_2)
                                                         u_fifomem.mem[2][0] (net)
                      0.029015    0.000036    0.503550 ^ _0925_/A0 (sky130_fd_sc_hd__mux2_2)
     1    0.003807    0.028004    0.087508    0.591058 ^ _0925_/X (sky130_fd_sc_hd__mux2_2)
                                                         _0443_ (net)
                      0.028004    0.000053    0.591111 ^ _0926_/A (sky130_fd_sc_hd__buf_4)
     1    0.002163    0.015873    0.057032    0.648143 ^ _0926_/X (sky130_fd_sc_hd__buf_4)
                                                         _0066_ (net)
                      0.015873    0.000020    0.648162 ^ _1126_/D (sky130_fd_sc_hd__dfxtp_2)
                                              0.648162   data arrival time

                                  0.000000    0.000000   clock wr_clk (rise edge)
                                  0.000000    0.000000   clock source latency
     1    0.024443    0.000000    0.000000    0.000000 ^ wr_clk (in)
                                                         wr_clk (net)
                      0.001082    0.000541    0.000541 ^ clkbuf_0_wr_clk/A (sky130_fd_sc_hd__clkbuf_16)
    16    0.103832    0.091499    0.123118    0.123659 ^ clkbuf_0_wr_clk/X (sky130_fd_sc_hd__clkbuf_16)
                                                         clknet_0_wr_clk (net)
                      0.091636    0.002858    0.126518 ^ clkbuf_4_1_0_wr_clk/A (sky130_fd_sc_hd__clkbuf_8)
     2    0.017991    0.035941    0.102621    0.229138 ^ clkbuf_4_1_0_wr_clk/X (sky130_fd_sc_hd__clkbuf_8)
                                                         clknet_4_1_0_wr_clk (net)
                      0.035941    0.000147    0.229285 ^ clkbuf_5_3__f_wr_clk/A (sky130_fd_sc_hd__clkbuf_16)
     5    0.013230    0.026684    0.081322    0.310607 ^ clkbuf_5_3__f_wr_clk/X (sky130_fd_sc_hd__clkbuf_16)
                                                         clknet_5_3__leaf_wr_clk (net)
                      0.026684    0.000105    0.310712 ^ _1126_/CLK (sky130_fd_sc_hd__dfxtp_2)
                                  0.100000    0.410712   clock uncertainty
                                  0.000000    0.410712   clock reconvergence pessimism
                                 -0.016332    0.394380   library hold time
                                              0.394380   data required time
---------------------------------------------------------------------------------------------
                                              0.394380   data required time
                                             -0.648162   data arrival time
---------------------------------------------------------------------------------------------
                                              0.253782   slack (MET)


Startpoint: _1144_ (rising edge-triggered flip-flop clocked by wr_clk)
Endpoint: _1144_ (rising edge-triggered flip-flop clocked by wr_clk)
Path Group: wr_clk
Path Type: min

Fanout         Cap        Slew       Delay        Time   Description
---------------------------------------------------------------------------------------------
                                  0.000000    0.000000   clock wr_clk (rise edge)
                                  0.000000    0.000000   clock source latency
     1    0.024443    0.000000    0.000000    0.000000 ^ wr_clk (in)
                                                         wr_clk (net)
                      0.001082    0.000541    0.000541 ^ clkbuf_0_wr_clk/A (sky130_fd_sc_hd__clkbuf_16)
    16    0.103832    0.091499    0.123118    0.123659 ^ clkbuf_0_wr_clk/X (sky130_fd_sc_hd__clkbuf_16)
                                                         clknet_0_wr_clk (net)
                      0.091637    0.002866    0.126525 ^ clkbuf_4_0_0_wr_clk/A (sky130_fd_sc_hd__clkbuf_8)
     2    0.018326    0.036320    0.102907    0.229433 ^ clkbuf_4_0_0_wr_clk/X (sky130_fd_sc_hd__clkbuf_8)
                                                         clknet_4_0_0_wr_clk (net)
                      0.036322    0.000305    0.229738 ^ clkbuf_5_0__f_wr_clk/A (sky130_fd_sc_hd__clkbuf_16)
     5    0.017654    0.029615    0.084402    0.314140 ^ clkbuf_5_0__f_wr_clk/X (sky130_fd_sc_hd__clkbuf_16)
                                                         clknet_5_0__leaf_wr_clk (net)
                      0.029616    0.000315    0.314455 ^ _1144_/CLK (sky130_fd_sc_hd__dfxtp_2)
     2    0.005625    0.030508    0.194896    0.509352 ^ _1144_/Q (sky130_fd_sc_hd__dfxtp_2)
                                                         u_fifomem.mem[4][2] (net)
                      0.030508    0.000040    0.509391 ^ _0964_/A0 (sky130_fd_sc_hd__mux2_2)
     1    0.003893    0.028305    0.088241    0.597632 ^ _0964_/X (sky130_fd_sc_hd__mux2_2)
                                                         _0464_ (net)
                      0.028305    0.000049    0.597681 ^ _0965_/A (sky130_fd_sc_hd__buf_1)
     1    0.003083    0.034477    0.052948    0.650629 ^ _0965_/X (sky130_fd_sc_hd__buf_1)
                                                         _0084_ (net)
                      0.034477    0.000039    0.650668 ^ _1144_/D (sky130_fd_sc_hd__dfxtp_2)
                                              0.650668   data arrival time

                                  0.000000    0.000000   clock wr_clk (rise edge)
                                  0.000000    0.000000   clock source latency
     1    0.024443    0.000000    0.000000    0.000000 ^ wr_clk (in)
                                                         wr_clk (net)
                      0.001082    0.000541    0.000541 ^ clkbuf_0_wr_clk/A (sky130_fd_sc_hd__clkbuf_16)
    16    0.103832    0.091499    0.123118    0.123659 ^ clkbuf_0_wr_clk/X (sky130_fd_sc_hd__clkbuf_16)
                                                         clknet_0_wr_clk (net)
                      0.091637    0.002866    0.126525 ^ clkbuf_4_0_0_wr_clk/A (sky130_fd_sc_hd__clkbuf_8)
     2    0.018326    0.036320    0.102907    0.229433 ^ clkbuf_4_0_0_wr_clk/X (sky130_fd_sc_hd__clkbuf_8)
                                                         clknet_4_0_0_wr_clk (net)
                      0.036322    0.000305    0.229738 ^ clkbuf_5_0__f_wr_clk/A (sky130_fd_sc_hd__clkbuf_16)
     5    0.017654    0.029615    0.084402    0.314140 ^ clkbuf_5_0__f_wr_clk/X (sky130_fd_sc_hd__clkbuf_16)
                                                         clknet_5_0__leaf_wr_clk (net)
                      0.029616    0.000315    0.314455 ^ _1144_/CLK (sky130_fd_sc_hd__dfxtp_2)
                                  0.100000    0.414455   clock uncertainty
                                  0.000000    0.414455   clock reconvergence pessimism
                                 -0.017579    0.396876   library hold time
                                              0.396876   data required time
---------------------------------------------------------------------------------------------
                                              0.396876   data required time
                                             -0.650668   data arrival time
---------------------------------------------------------------------------------------------
                                              0.253792   slack (MET)


Startpoint: _1131_ (rising edge-triggered flip-flop clocked by wr_clk)
Endpoint: _1131_ (rising edge-triggered flip-flop clocked by wr_clk)
Path Group: wr_clk
Path Type: min

Fanout         Cap        Slew       Delay        Time   Description
---------------------------------------------------------------------------------------------
                                  0.000000    0.000000   clock wr_clk (rise edge)
                                  0.000000    0.000000   clock source latency
     1    0.024443    0.000000    0.000000    0.000000 ^ wr_clk (in)
                                                         wr_clk (net)
                      0.001082    0.000541    0.000541 ^ clkbuf_0_wr_clk/A (sky130_fd_sc_hd__clkbuf_16)
    16    0.103832    0.091499    0.123118    0.123659 ^ clkbuf_0_wr_clk/X (sky130_fd_sc_hd__clkbuf_16)
                                                         clknet_0_wr_clk (net)
                      0.091549    0.001748    0.125408 ^ clkbuf_4_8_0_wr_clk/A (sky130_fd_sc_hd__clkbuf_8)
     2    0.019931    0.038133    0.104569    0.229977 ^ clkbuf_4_8_0_wr_clk/X (sky130_fd_sc_hd__clkbuf_8)
                                                         clknet_4_8_0_wr_clk (net)
                      0.038137    0.000417    0.230394 ^ clkbuf_5_17__f_wr_clk/A (sky130_fd_sc_hd__clkbuf_16)
     5    0.015051    0.027899    0.083168    0.313562 ^ clkbuf_5_17__f_wr_clk/X (sky130_fd_sc_hd__clkbuf_16)
                                                         clknet_5_17__leaf_wr_clk (net)
                      0.027899    0.000241    0.313803 ^ _1131_/CLK (sky130_fd_sc_hd__dfxtp_2)
     2    0.005525    0.030185    0.194122    0.507925 ^ _1131_/Q (sky130_fd_sc_hd__dfxtp_2)
                                                         u_fifomem.mem[2][5] (net)
                      0.030185    0.000041    0.507966 ^ _0935_/A0 (sky130_fd_sc_hd__mux2_2)
     1    0.003350    0.026461    0.086143    0.594109 ^ _0935_/X (sky130_fd_sc_hd__mux2_2)
                                                         _0448_ (net)
                      0.026461    0.000038    0.594147 ^ _0936_/A (sky130_fd_sc_hd__buf_4)
     1    0.002505    0.016461    0.057237    0.651384 ^ _0936_/X (sky130_fd_sc_hd__buf_4)
                                                         _0071_ (net)
                      0.016461    0.000027    0.651411 ^ _1131_/D (sky130_fd_sc_hd__dfxtp_2)
                                              0.651411   data arrival time

                                  0.000000    0.000000   clock wr_clk (rise edge)
                                  0.000000    0.000000   clock source latency
     1    0.024443    0.000000    0.000000    0.000000 ^ wr_clk (in)
                                                         wr_clk (net)
                      0.001082    0.000541    0.000541 ^ clkbuf_0_wr_clk/A (sky130_fd_sc_hd__clkbuf_16)
    16    0.103832    0.091499    0.123118    0.123659 ^ clkbuf_0_wr_clk/X (sky130_fd_sc_hd__clkbuf_16)
                                                         clknet_0_wr_clk (net)
                      0.091549    0.001748    0.125408 ^ clkbuf_4_8_0_wr_clk/A (sky130_fd_sc_hd__clkbuf_8)
     2    0.019931    0.038133    0.104569    0.229977 ^ clkbuf_4_8_0_wr_clk/X (sky130_fd_sc_hd__clkbuf_8)
                                                         clknet_4_8_0_wr_clk (net)
                      0.038137    0.000417    0.230394 ^ clkbuf_5_17__f_wr_clk/A (sky130_fd_sc_hd__clkbuf_16)
     5    0.015051    0.027899    0.083168    0.313562 ^ clkbuf_5_17__f_wr_clk/X (sky130_fd_sc_hd__clkbuf_16)
                                                         clknet_5_17__leaf_wr_clk (net)
                      0.027899    0.000241    0.313803 ^ _1131_/CLK (sky130_fd_sc_hd__dfxtp_2)
                                  0.100000    0.413803   clock uncertainty
                                  0.000000    0.413803   clock reconvergence pessimism
                                 -0.016345    0.397458   library hold time
                                              0.397458   data required time
---------------------------------------------------------------------------------------------
                                              0.397458   data required time
                                             -0.651411   data arrival time
---------------------------------------------------------------------------------------------
                                              0.253952   slack (MET)


Startpoint: _1183_ (rising edge-triggered flip-flop clocked by wr_clk)
Endpoint: _1183_ (rising edge-triggered flip-flop clocked by wr_clk)
Path Group: wr_clk
Path Type: min

Fanout         Cap        Slew       Delay        Time   Description
---------------------------------------------------------------------------------------------
                                  0.000000    0.000000   clock wr_clk (rise edge)
                                  0.000000    0.000000   clock source latency
     1    0.024443    0.000000    0.000000    0.000000 ^ wr_clk (in)
                                                         wr_clk (net)
                      0.001082    0.000541    0.000541 ^ clkbuf_0_wr_clk/A (sky130_fd_sc_hd__clkbuf_16)
    16    0.103832    0.091499    0.123118    0.123659 ^ clkbuf_0_wr_clk/X (sky130_fd_sc_hd__clkbuf_16)
                                                         clknet_0_wr_clk (net)
                      0.091714    0.003557    0.127216 ^ clkbuf_4_7_0_wr_clk/A (sky130_fd_sc_hd__clkbuf_8)
     2    0.018693    0.036744    0.103405    0.230621 ^ clkbuf_4_7_0_wr_clk/X (sky130_fd_sc_hd__clkbuf_8)
                                                         clknet_4_7_0_wr_clk (net)
                      0.036744    0.000035    0.230656 ^ clkbuf_5_14__f_wr_clk/A (sky130_fd_sc_hd__clkbuf_16)
     5    0.014062    0.027238    0.082126    0.312782 ^ clkbuf_5_14__f_wr_clk/X (sky130_fd_sc_hd__clkbuf_16)
                                                         clknet_5_14__leaf_wr_clk (net)
                      0.027238    0.000088    0.312870 ^ _1183_/CLK (sky130_fd_sc_hd__dfxtp_2)
     2    0.005014    0.028523    0.192558    0.505428 ^ _1183_/Q (sky130_fd_sc_hd__dfxtp_2)
                                                         u_fifomem.mem[9][1] (net)
                      0.028523    0.000039    0.505467 ^ _1048_/A0 (sky130_fd_sc_hd__mux2_2)
     1    0.004004    0.028700    0.088097    0.593564 ^ _1048_/X (sky130_fd_sc_hd__mux2_2)
                                                         _0509_ (net)
                      0.028701    0.000059    0.593623 ^ _1049_/A (sky130_fd_sc_hd__buf_1)
     1    0.003520    0.038055    0.055649    0.649272 ^ _1049_/X (sky130_fd_sc_hd__buf_1)
                                                         _0123_ (net)
                      0.038055    0.000051    0.649323 ^ _1183_/D (sky130_fd_sc_hd__dfxtp_2)
                                              0.649323   data arrival time

                                  0.000000    0.000000   clock wr_clk (rise edge)
                                  0.000000    0.000000   clock source latency
     1    0.024443    0.000000    0.000000    0.000000 ^ wr_clk (in)
                                                         wr_clk (net)
                      0.001082    0.000541    0.000541 ^ clkbuf_0_wr_clk/A (sky130_fd_sc_hd__clkbuf_16)
    16    0.103832    0.091499    0.123118    0.123659 ^ clkbuf_0_wr_clk/X (sky130_fd_sc_hd__clkbuf_16)
                                                         clknet_0_wr_clk (net)
                      0.091714    0.003557    0.127216 ^ clkbuf_4_7_0_wr_clk/A (sky130_fd_sc_hd__clkbuf_8)
     2    0.018693    0.036744    0.103405    0.230621 ^ clkbuf_4_7_0_wr_clk/X (sky130_fd_sc_hd__clkbuf_8)
                                                         clknet_4_7_0_wr_clk (net)
                      0.036744    0.000035    0.230656 ^ clkbuf_5_14__f_wr_clk/A (sky130_fd_sc_hd__clkbuf_16)
     5    0.014062    0.027238    0.082126    0.312782 ^ clkbuf_5_14__f_wr_clk/X (sky130_fd_sc_hd__clkbuf_16)
                                                         clknet_5_14__leaf_wr_clk (net)
                      0.027238    0.000088    0.312870 ^ _1183_/CLK (sky130_fd_sc_hd__dfxtp_2)
                                  0.100000    0.412870   clock uncertainty
                                  0.000000    0.412870   clock reconvergence pessimism
                                 -0.017889    0.394981   library hold time
                                              0.394981   data required time
---------------------------------------------------------------------------------------------
                                              0.394981   data required time
                                             -0.649323   data arrival time
---------------------------------------------------------------------------------------------
                                              0.254342   slack (MET)


Startpoint: _1119_ (rising edge-triggered flip-flop clocked by wr_clk)
Endpoint: _1119_ (rising edge-triggered flip-flop clocked by wr_clk)
Path Group: wr_clk
Path Type: min

Fanout         Cap        Slew       Delay        Time   Description
---------------------------------------------------------------------------------------------
                                  0.000000    0.000000   clock wr_clk (rise edge)
                                  0.000000    0.000000   clock source latency
     1    0.024443    0.000000    0.000000    0.000000 ^ wr_clk (in)
                                                         wr_clk (net)
                      0.001082    0.000541    0.000541 ^ clkbuf_0_wr_clk/A (sky130_fd_sc_hd__clkbuf_16)
    16    0.103832    0.091499    0.123118    0.123659 ^ clkbuf_0_wr_clk/X (sky130_fd_sc_hd__clkbuf_16)
                                                         clknet_0_wr_clk (net)
                      0.091548    0.001728    0.125387 ^ clkbuf_4_9_0_wr_clk/A (sky130_fd_sc_hd__clkbuf_8)
     2    0.018917    0.036984    0.103502    0.228889 ^ clkbuf_4_9_0_wr_clk/X (sky130_fd_sc_hd__clkbuf_8)
                                                         clknet_4_9_0_wr_clk (net)
                      0.036988    0.000367    0.229256 ^ clkbuf_5_19__f_wr_clk/A (sky130_fd_sc_hd__clkbuf_16)
     5    0.014502    0.027532    0.082462    0.311718 ^ clkbuf_5_19__f_wr_clk/X (sky130_fd_sc_hd__clkbuf_16)
                                                         clknet_5_19__leaf_wr_clk (net)
                      0.027532    0.000277    0.311995 ^ _1119_/CLK (sky130_fd_sc_hd__dfxtp_2)
     2    0.005571    0.030332    0.194128    0.506122 ^ _1119_/Q (sky130_fd_sc_hd__dfxtp_2)
                                                         u_fifomem.mem[1][1] (net)
                      0.030332    0.000058    0.506181 ^ _0910_/A0 (sky130_fd_sc_hd__mux2_2)
     1    0.003644    0.027308    0.087264    0.593445 ^ _0910_/X (sky130_fd_sc_hd__mux2_2)
                                                         _0435_ (net)
                      0.027308    0.000055    0.593500 ^ _0911_/A (sky130_fd_sc_hd__buf_2)
     1    0.002615    0.018543    0.056680    0.650180 ^ _0911_/X (sky130_fd_sc_hd__buf_2)
                                                         _0059_ (net)
                      0.018543    0.000028    0.650208 ^ _1119_/D (sky130_fd_sc_hd__dfxtp_2)
                                              0.650208   data arrival time

                                  0.000000    0.000000   clock wr_clk (rise edge)
                                  0.000000    0.000000   clock source latency
     1    0.024443    0.000000    0.000000    0.000000 ^ wr_clk (in)
                                                         wr_clk (net)
                      0.001082    0.000541    0.000541 ^ clkbuf_0_wr_clk/A (sky130_fd_sc_hd__clkbuf_16)
    16    0.103832    0.091499    0.123118    0.123659 ^ clkbuf_0_wr_clk/X (sky130_fd_sc_hd__clkbuf_16)
                                                         clknet_0_wr_clk (net)
                      0.091548    0.001728    0.125387 ^ clkbuf_4_9_0_wr_clk/A (sky130_fd_sc_hd__clkbuf_8)
     2    0.018917    0.036984    0.103502    0.228889 ^ clkbuf_4_9_0_wr_clk/X (sky130_fd_sc_hd__clkbuf_8)
                                                         clknet_4_9_0_wr_clk (net)
                      0.036988    0.000367    0.229256 ^ clkbuf_5_19__f_wr_clk/A (sky130_fd_sc_hd__clkbuf_16)
     5    0.014502    0.027532    0.082462    0.311718 ^ clkbuf_5_19__f_wr_clk/X (sky130_fd_sc_hd__clkbuf_16)
                                                         clknet_5_19__leaf_wr_clk (net)
                      0.027532    0.000277    0.311995 ^ _1119_/CLK (sky130_fd_sc_hd__dfxtp_2)
                                  0.100000    0.411995   clock uncertainty
                                  0.000000    0.411995   clock reconvergence pessimism
                                 -0.016501    0.395494   library hold time
                                              0.395494   data required time
---------------------------------------------------------------------------------------------
                                              0.395494   data required time
                                             -0.650208   data arrival time
---------------------------------------------------------------------------------------------
                                              0.254714   slack (MET)


Startpoint: _1071_ (rising edge-triggered flip-flop clocked by wr_clk)
Endpoint: _1071_ (rising edge-triggered flip-flop clocked by wr_clk)
Path Group: wr_clk
Path Type: min

Fanout         Cap        Slew       Delay        Time   Description
---------------------------------------------------------------------------------------------
                                  0.000000    0.000000   clock wr_clk (rise edge)
                                  0.000000    0.000000   clock source latency
     1    0.024443    0.000000    0.000000    0.000000 ^ wr_clk (in)
                                                         wr_clk (net)
                      0.001082    0.000541    0.000541 ^ clkbuf_0_wr_clk/A (sky130_fd_sc_hd__clkbuf_16)
    16    0.103832    0.091499    0.123118    0.123659 ^ clkbuf_0_wr_clk/X (sky130_fd_sc_hd__clkbuf_16)
                                                         clknet_0_wr_clk (net)
                      0.091711    0.003536    0.127195 ^ clkbuf_4_6_0_wr_clk/A (sky130_fd_sc_hd__clkbuf_8)
     2    0.018397    0.036396    0.103066    0.230261 ^ clkbuf_4_6_0_wr_clk/X (sky130_fd_sc_hd__clkbuf_8)
                                                         clknet_4_6_0_wr_clk (net)
                      0.036396    0.000158    0.230419 ^ clkbuf_5_12__f_wr_clk/A (sky130_fd_sc_hd__clkbuf_16)
     5    0.014921    0.027806    0.082610    0.313029 ^ clkbuf_5_12__f_wr_clk/X (sky130_fd_sc_hd__clkbuf_16)
                                                         clknet_5_12__leaf_wr_clk (net)
                      0.027806    0.000104    0.313133 ^ _1071_/CLK (sky130_fd_sc_hd__dfxtp_2)
     2    0.006048    0.031904    0.195480    0.508612 ^ _1071_/Q (sky130_fd_sc_hd__dfxtp_2)
                                                         u_fifomem.mem[10][1] (net)
                      0.031904    0.000079    0.508692 ^ _0805_/A0 (sky130_fd_sc_hd__mux2_2)
     1    0.003164    0.025863    0.085929    0.594621 ^ _0805_/X (sky130_fd_sc_hd__mux2_2)
                                                         _0378_ (net)
                      0.025863    0.000042    0.594662 ^ _0806_/A (sky130_fd_sc_hd__buf_2)
     1    0.002750    0.018944    0.056640    0.651303 ^ _0806_/X (sky130_fd_sc_hd__buf_2)
                                                         _0011_ (net)
                      0.018944    0.000031    0.651334 ^ _1071_/D (sky130_fd_sc_hd__dfxtp_2)
                                              0.651334   data arrival time

                                  0.000000    0.000000   clock wr_clk (rise edge)
                                  0.000000    0.000000   clock source latency
     1    0.024443    0.000000    0.000000    0.000000 ^ wr_clk (in)
                                                         wr_clk (net)
                      0.001082    0.000541    0.000541 ^ clkbuf_0_wr_clk/A (sky130_fd_sc_hd__clkbuf_16)
    16    0.103832    0.091499    0.123118    0.123659 ^ clkbuf_0_wr_clk/X (sky130_fd_sc_hd__clkbuf_16)
                                                         clknet_0_wr_clk (net)
                      0.091711    0.003536    0.127195 ^ clkbuf_4_6_0_wr_clk/A (sky130_fd_sc_hd__clkbuf_8)
     2    0.018397    0.036396    0.103066    0.230261 ^ clkbuf_4_6_0_wr_clk/X (sky130_fd_sc_hd__clkbuf_8)
                                                         clknet_4_6_0_wr_clk (net)
                      0.036396    0.000158    0.230419 ^ clkbuf_5_12__f_wr_clk/A (sky130_fd_sc_hd__clkbuf_16)
     5    0.014921    0.027806    0.082610    0.313029 ^ clkbuf_5_12__f_wr_clk/X (sky130_fd_sc_hd__clkbuf_16)
                                                         clknet_5_12__leaf_wr_clk (net)
                      0.027806    0.000104    0.313133 ^ _1071_/CLK (sky130_fd_sc_hd__dfxtp_2)
                                  0.100000    0.413133   clock uncertainty
                                  0.000000    0.413133   clock reconvergence pessimism
                                 -0.016523    0.396610   library hold time
                                              0.396610   data required time
---------------------------------------------------------------------------------------------
                                              0.396610   data required time
                                             -0.651334   data arrival time
---------------------------------------------------------------------------------------------
                                              0.254724   slack (MET)


Startpoint: _1095_ (rising edge-triggered flip-flop clocked by wr_clk)
Endpoint: _1095_ (rising edge-triggered flip-flop clocked by wr_clk)
Path Group: wr_clk
Path Type: min

Fanout         Cap        Slew       Delay        Time   Description
---------------------------------------------------------------------------------------------
                                  0.000000    0.000000   clock wr_clk (rise edge)
                                  0.000000    0.000000   clock source latency
     1    0.024443    0.000000    0.000000    0.000000 ^ wr_clk (in)
                                                         wr_clk (net)
                      0.001082    0.000541    0.000541 ^ clkbuf_0_wr_clk/A (sky130_fd_sc_hd__clkbuf_16)
    16    0.103832    0.091499    0.123118    0.123659 ^ clkbuf_0_wr_clk/X (sky130_fd_sc_hd__clkbuf_16)
                                                         clknet_0_wr_clk (net)
                      0.091714    0.003557    0.127216 ^ clkbuf_4_7_0_wr_clk/A (sky130_fd_sc_hd__clkbuf_8)
     2    0.018693    0.036744    0.103405    0.230621 ^ clkbuf_4_7_0_wr_clk/X (sky130_fd_sc_hd__clkbuf_8)
                                                         clknet_4_7_0_wr_clk (net)
                      0.036745    0.000203    0.230824 ^ clkbuf_5_15__f_wr_clk/A (sky130_fd_sc_hd__clkbuf_16)
     5    0.014003    0.027200    0.082077    0.312901 ^ clkbuf_5_15__f_wr_clk/X (sky130_fd_sc_hd__clkbuf_16)
                                                         clknet_5_15__leaf_wr_clk (net)
                      0.027200    0.000077    0.312978 ^ _1095_/CLK (sky130_fd_sc_hd__dfxtp_2)
     2    0.005705    0.030776    0.194394    0.507372 ^ _1095_/Q (sky130_fd_sc_hd__dfxtp_2)
                                                         u_fifomem.mem[13][1] (net)
                      0.030776    0.000029    0.507401 ^ _0858_/A0 (sky130_fd_sc_hd__mux2_2)
     1    0.003455    0.026800    0.086693    0.594094 ^ _0858_/X (sky130_fd_sc_hd__mux2_2)
                                                         _0407_ (net)
                      0.026800    0.000047    0.594141 ^ _0859_/A (sky130_fd_sc_hd__buf_1)
     1    0.003637    0.039014    0.055960    0.650101 ^ _0859_/X (sky130_fd_sc_hd__buf_1)
                                                         _0035_ (net)
                      0.039014    0.000055    0.650156 ^ _1095_/D (sky130_fd_sc_hd__dfxtp_2)
                                              0.650156   data arrival time

                                  0.000000    0.000000   clock wr_clk (rise edge)
                                  0.000000    0.000000   clock source latency
     1    0.024443    0.000000    0.000000    0.000000 ^ wr_clk (in)
                                                         wr_clk (net)
                      0.001082    0.000541    0.000541 ^ clkbuf_0_wr_clk/A (sky130_fd_sc_hd__clkbuf_16)
    16    0.103832    0.091499    0.123118    0.123659 ^ clkbuf_0_wr_clk/X (sky130_fd_sc_hd__clkbuf_16)
                                                         clknet_0_wr_clk (net)
                      0.091714    0.003557    0.127216 ^ clkbuf_4_7_0_wr_clk/A (sky130_fd_sc_hd__clkbuf_8)
     2    0.018693    0.036744    0.103405    0.230621 ^ clkbuf_4_7_0_wr_clk/X (sky130_fd_sc_hd__clkbuf_8)
                                                         clknet_4_7_0_wr_clk (net)
                      0.036745    0.000203    0.230824 ^ clkbuf_5_15__f_wr_clk/A (sky130_fd_sc_hd__clkbuf_16)
     5    0.014003    0.027200    0.082077    0.312901 ^ clkbuf_5_15__f_wr_clk/X (sky130_fd_sc_hd__clkbuf_16)
                                                         clknet_5_15__leaf_wr_clk (net)
                      0.027200    0.000077    0.312978 ^ _1095_/CLK (sky130_fd_sc_hd__dfxtp_2)
                                  0.100000    0.412978   clock uncertainty
                                  0.000000    0.412978   clock reconvergence pessimism
                                 -0.017958    0.395020   library hold time
                                              0.395020   data required time
---------------------------------------------------------------------------------------------
                                              0.395020   data required time
                                             -0.650156   data arrival time
---------------------------------------------------------------------------------------------
                                              0.255136   slack (MET)


Startpoint: _1132_ (rising edge-triggered flip-flop clocked by wr_clk)
Endpoint: _1132_ (rising edge-triggered flip-flop clocked by wr_clk)
Path Group: wr_clk
Path Type: min

Fanout         Cap        Slew       Delay        Time   Description
---------------------------------------------------------------------------------------------
                                  0.000000    0.000000   clock wr_clk (rise edge)
                                  0.000000    0.000000   clock source latency
     1    0.024443    0.000000    0.000000    0.000000 ^ wr_clk (in)
                                                         wr_clk (net)
                      0.001082    0.000541    0.000541 ^ clkbuf_0_wr_clk/A (sky130_fd_sc_hd__clkbuf_16)
    16    0.103832    0.091499    0.123118    0.123659 ^ clkbuf_0_wr_clk/X (sky130_fd_sc_hd__clkbuf_16)
                                                         clknet_0_wr_clk (net)
                      0.091548    0.001728    0.125387 ^ clkbuf_4_9_0_wr_clk/A (sky130_fd_sc_hd__clkbuf_8)
     2    0.018917    0.036984    0.103502    0.228889 ^ clkbuf_4_9_0_wr_clk/X (sky130_fd_sc_hd__clkbuf_8)
                                                         clknet_4_9_0_wr_clk (net)
                      0.036988    0.000367    0.229256 ^ clkbuf_5_19__f_wr_clk/A (sky130_fd_sc_hd__clkbuf_16)
     5    0.014502    0.027532    0.082462    0.311718 ^ clkbuf_5_19__f_wr_clk/X (sky130_fd_sc_hd__clkbuf_16)
                                                         clknet_5_19__leaf_wr_clk (net)
                      0.027532    0.000203    0.311920 ^ _1132_/CLK (sky130_fd_sc_hd__dfxtp_2)
     2    0.005578    0.030358    0.194155    0.506076 ^ _1132_/Q (sky130_fd_sc_hd__dfxtp_2)
                                                         u_fifomem.mem[2][6] (net)
                      0.030358    0.000030    0.506106 ^ _0937_/A0 (sky130_fd_sc_hd__mux2_2)
     1    0.003821    0.028048    0.087928    0.594034 ^ _0937_/X (sky130_fd_sc_hd__mux2_2)
                                                         _0449_ (net)
                      0.028048    0.000052    0.594086 ^ _0938_/A (sky130_fd_sc_hd__buf_4)
     1    0.002213    0.015960    0.057138    0.651224 ^ _0938_/X (sky130_fd_sc_hd__buf_4)
                                                         _0072_ (net)
                      0.015960    0.000021    0.651244 ^ _1132_/D (sky130_fd_sc_hd__dfxtp_2)
                                              0.651244   data arrival time

                                  0.000000    0.000000   clock wr_clk (rise edge)
                                  0.000000    0.000000   clock source latency
     1    0.024443    0.000000    0.000000    0.000000 ^ wr_clk (in)
                                                         wr_clk (net)
                      0.001082    0.000541    0.000541 ^ clkbuf_0_wr_clk/A (sky130_fd_sc_hd__clkbuf_16)
    16    0.103832    0.091499    0.123118    0.123659 ^ clkbuf_0_wr_clk/X (sky130_fd_sc_hd__clkbuf_16)
                                                         clknet_0_wr_clk (net)
                      0.091548    0.001728    0.125387 ^ clkbuf_4_9_0_wr_clk/A (sky130_fd_sc_hd__clkbuf_8)
     2    0.018917    0.036984    0.103502    0.228889 ^ clkbuf_4_9_0_wr_clk/X (sky130_fd_sc_hd__clkbuf_8)
                                                         clknet_4_9_0_wr_clk (net)
                      0.036988    0.000367    0.229256 ^ clkbuf_5_19__f_wr_clk/A (sky130_fd_sc_hd__clkbuf_16)
     5    0.014502    0.027532    0.082462    0.311718 ^ clkbuf_5_19__f_wr_clk/X (sky130_fd_sc_hd__clkbuf_16)
                                                         clknet_5_19__leaf_wr_clk (net)
                      0.027532    0.000203    0.311920 ^ _1132_/CLK (sky130_fd_sc_hd__dfxtp_2)
                                  0.100000    0.411921   clock uncertainty
                                  0.000000    0.411921   clock reconvergence pessimism
                                 -0.016318    0.395603   library hold time
                                              0.395603   data required time
---------------------------------------------------------------------------------------------
                                              0.395603   data required time
                                             -0.651244   data arrival time
---------------------------------------------------------------------------------------------
                                              0.255642   slack (MET)


Startpoint: _1130_ (rising edge-triggered flip-flop clocked by wr_clk)
Endpoint: _1130_ (rising edge-triggered flip-flop clocked by wr_clk)
Path Group: wr_clk
Path Type: min

Fanout         Cap        Slew       Delay        Time   Description
---------------------------------------------------------------------------------------------
                                  0.000000    0.000000   clock wr_clk (rise edge)
                                  0.000000    0.000000   clock source latency
     1    0.024443    0.000000    0.000000    0.000000 ^ wr_clk (in)
                                                         wr_clk (net)
                      0.001082    0.000541    0.000541 ^ clkbuf_0_wr_clk/A (sky130_fd_sc_hd__clkbuf_16)
    16    0.103832    0.091499    0.123118    0.123659 ^ clkbuf_0_wr_clk/X (sky130_fd_sc_hd__clkbuf_16)
                                                         clknet_0_wr_clk (net)
                      0.091637    0.002866    0.126525 ^ clkbuf_4_0_0_wr_clk/A (sky130_fd_sc_hd__clkbuf_8)
     2    0.018326    0.036320    0.102907    0.229433 ^ clkbuf_4_0_0_wr_clk/X (sky130_fd_sc_hd__clkbuf_8)
                                                         clknet_4_0_0_wr_clk (net)
                      0.036323    0.000333    0.229765 ^ clkbuf_5_1__f_wr_clk/A (sky130_fd_sc_hd__clkbuf_16)
     5    0.015535    0.028212    0.082933    0.312698 ^ clkbuf_5_1__f_wr_clk/X (sky130_fd_sc_hd__clkbuf_16)
                                                         clknet_5_1__leaf_wr_clk (net)
                      0.028216    0.000400    0.313098 ^ _1130_/CLK (sky130_fd_sc_hd__dfxtp_2)
     2    0.006176    0.032324    0.195935    0.509033 ^ _1130_/Q (sky130_fd_sc_hd__dfxtp_2)
                                                         u_fifomem.mem[2][4] (net)
                      0.032324    0.000095    0.509129 ^ _0933_/A0 (sky130_fd_sc_hd__mux2_2)
     1    0.003379    0.026550    0.086841    0.595970 ^ _0933_/X (sky130_fd_sc_hd__mux2_2)
                                                         _0447_ (net)
                      0.026550    0.000035    0.596005 ^ _0934_/A (sky130_fd_sc_hd__buf_4)
     1    0.002143    0.015839    0.056584    0.652589 ^ _0934_/X (sky130_fd_sc_hd__buf_4)
                                                         _0070_ (net)
                      0.015839    0.000020    0.652608 ^ _1130_/D (sky130_fd_sc_hd__dfxtp_2)
                                              0.652608   data arrival time

                                  0.000000    0.000000   clock wr_clk (rise edge)
                                  0.000000    0.000000   clock source latency
     1    0.024443    0.000000    0.000000    0.000000 ^ wr_clk (in)
                                                         wr_clk (net)
                      0.001082    0.000541    0.000541 ^ clkbuf_0_wr_clk/A (sky130_fd_sc_hd__clkbuf_16)
    16    0.103832    0.091499    0.123118    0.123659 ^ clkbuf_0_wr_clk/X (sky130_fd_sc_hd__clkbuf_16)
                                                         clknet_0_wr_clk (net)
                      0.091637    0.002866    0.126525 ^ clkbuf_4_0_0_wr_clk/A (sky130_fd_sc_hd__clkbuf_8)
     2    0.018326    0.036320    0.102907    0.229433 ^ clkbuf_4_0_0_wr_clk/X (sky130_fd_sc_hd__clkbuf_8)
                                                         clknet_4_0_0_wr_clk (net)
                      0.036323    0.000333    0.229765 ^ clkbuf_5_1__f_wr_clk/A (sky130_fd_sc_hd__clkbuf_16)
     5    0.015535    0.028212    0.082933    0.312698 ^ clkbuf_5_1__f_wr_clk/X (sky130_fd_sc_hd__clkbuf_16)
                                                         clknet_5_1__leaf_wr_clk (net)
                      0.028216    0.000400    0.313098 ^ _1130_/CLK (sky130_fd_sc_hd__dfxtp_2)
                                  0.100000    0.413098   clock uncertainty
                                  0.000000    0.413098   clock reconvergence pessimism
                                 -0.016293    0.396805   library hold time
                                              0.396805   data required time
---------------------------------------------------------------------------------------------
                                              0.396805   data required time
                                             -0.652608   data arrival time
---------------------------------------------------------------------------------------------
                                              0.255803   slack (MET)


Startpoint: _1123_ (rising edge-triggered flip-flop clocked by wr_clk)
Endpoint: _1123_ (rising edge-triggered flip-flop clocked by wr_clk)
Path Group: wr_clk
Path Type: min

Fanout         Cap        Slew       Delay        Time   Description
---------------------------------------------------------------------------------------------
                                  0.000000    0.000000   clock wr_clk (rise edge)
                                  0.000000    0.000000   clock source latency
     1    0.024443    0.000000    0.000000    0.000000 ^ wr_clk (in)
                                                         wr_clk (net)
                      0.001082    0.000541    0.000541 ^ clkbuf_0_wr_clk/A (sky130_fd_sc_hd__clkbuf_16)
    16    0.103832    0.091499    0.123118    0.123659 ^ clkbuf_0_wr_clk/X (sky130_fd_sc_hd__clkbuf_16)
                                                         clknet_0_wr_clk (net)
                      0.091549    0.001748    0.125408 ^ clkbuf_4_8_0_wr_clk/A (sky130_fd_sc_hd__clkbuf_8)
     2    0.019931    0.038133    0.104569    0.229977 ^ clkbuf_4_8_0_wr_clk/X (sky130_fd_sc_hd__clkbuf_8)
                                                         clknet_4_8_0_wr_clk (net)
                      0.038137    0.000417    0.230394 ^ clkbuf_5_17__f_wr_clk/A (sky130_fd_sc_hd__clkbuf_16)
     5    0.015051    0.027899    0.083168    0.313562 ^ clkbuf_5_17__f_wr_clk/X (sky130_fd_sc_hd__clkbuf_16)
                                                         clknet_5_17__leaf_wr_clk (net)
                      0.027899    0.000150    0.313712 ^ _1123_/CLK (sky130_fd_sc_hd__dfxtp_2)
     2    0.005556    0.030284    0.194200    0.507912 ^ _1123_/Q (sky130_fd_sc_hd__dfxtp_2)
                                                         u_fifomem.mem[1][5] (net)
                      0.030284    0.000046    0.507958 ^ _0918_/A0 (sky130_fd_sc_hd__mux2_2)
     1    0.003720    0.027695    0.087536    0.595493 ^ _0918_/X (sky130_fd_sc_hd__mux2_2)
                                                         _0439_ (net)
                      0.027695    0.000058    0.595551 ^ _0919_/A (sky130_fd_sc_hd__buf_2)
     1    0.003005    0.019710    0.057942    0.653493 ^ _0919_/X (sky130_fd_sc_hd__buf_2)
                                                         _0063_ (net)
                      0.019710    0.000036    0.653529 ^ _1123_/D (sky130_fd_sc_hd__dfxtp_2)
                                              0.653529   data arrival time

                                  0.000000    0.000000   clock wr_clk (rise edge)
                                  0.000000    0.000000   clock source latency
     1    0.024443    0.000000    0.000000    0.000000 ^ wr_clk (in)
                                                         wr_clk (net)
                      0.001082    0.000541    0.000541 ^ clkbuf_0_wr_clk/A (sky130_fd_sc_hd__clkbuf_16)
    16    0.103832    0.091499    0.123118    0.123659 ^ clkbuf_0_wr_clk/X (sky130_fd_sc_hd__clkbuf_16)
                                                         clknet_0_wr_clk (net)
                      0.091549    0.001748    0.125408 ^ clkbuf_4_8_0_wr_clk/A (sky130_fd_sc_hd__clkbuf_8)
     2    0.019931    0.038133    0.104569    0.229977 ^ clkbuf_4_8_0_wr_clk/X (sky130_fd_sc_hd__clkbuf_8)
                                                         clknet_4_8_0_wr_clk (net)
                      0.038137    0.000417    0.230394 ^ clkbuf_5_17__f_wr_clk/A (sky130_fd_sc_hd__clkbuf_16)
     5    0.015051    0.027899    0.083168    0.313562 ^ clkbuf_5_17__f_wr_clk/X (sky130_fd_sc_hd__clkbuf_16)
                                                         clknet_5_17__leaf_wr_clk (net)
                      0.027899    0.000150    0.313712 ^ _1123_/CLK (sky130_fd_sc_hd__dfxtp_2)
                                  0.100000    0.413712   clock uncertainty
                                  0.000000    0.413712   clock reconvergence pessimism
                                 -0.016575    0.397137   library hold time
                                              0.397137   data required time
---------------------------------------------------------------------------------------------
                                              0.397137   data required time
                                             -0.653529   data arrival time
---------------------------------------------------------------------------------------------
                                              0.256392   slack (MET)


Startpoint: _1074_ (rising edge-triggered flip-flop clocked by wr_clk)
Endpoint: _1074_ (rising edge-triggered flip-flop clocked by wr_clk)
Path Group: wr_clk
Path Type: min

Fanout         Cap        Slew       Delay        Time   Description
---------------------------------------------------------------------------------------------
                                  0.000000    0.000000   clock wr_clk (rise edge)
                                  0.000000    0.000000   clock source latency
     1    0.024443    0.000000    0.000000    0.000000 ^ wr_clk (in)
                                                         wr_clk (net)
                      0.001082    0.000541    0.000541 ^ clkbuf_0_wr_clk/A (sky130_fd_sc_hd__clkbuf_16)
    16    0.103832    0.091499    0.123118    0.123659 ^ clkbuf_0_wr_clk/X (sky130_fd_sc_hd__clkbuf_16)
                                                         clknet_0_wr_clk (net)
                      0.091603    0.002501    0.126160 ^ clkbuf_4_2_0_wr_clk/A (sky130_fd_sc_hd__clkbuf_8)
     2    0.018924    0.037002    0.103626    0.229786 ^ clkbuf_4_2_0_wr_clk/X (sky130_fd_sc_hd__clkbuf_8)
                                                         clknet_4_2_0_wr_clk (net)
                      0.037002    0.000150    0.229936 ^ clkbuf_5_4__f_wr_clk/A (sky130_fd_sc_hd__clkbuf_16)
     5    0.015434    0.028147    0.083131    0.313067 ^ clkbuf_5_4__f_wr_clk/X (sky130_fd_sc_hd__clkbuf_16)
                                                         clknet_5_4__leaf_wr_clk (net)
                      0.028147    0.000085    0.313152 ^ _1074_/CLK (sky130_fd_sc_hd__dfxtp_2)
     2    0.005350    0.029614    0.193731    0.506882 ^ _1074_/Q (sky130_fd_sc_hd__dfxtp_2)
                                                         u_fifomem.mem[10][4] (net)
                      0.029614    0.000025    0.506907 ^ _0811_/A0 (sky130_fd_sc_hd__mux2_2)
     1    0.003728    0.027727    0.087380    0.594287 ^ _0811_/X (sky130_fd_sc_hd__mux2_2)
                                                         _0381_ (net)
                      0.027727    0.000058    0.594345 ^ _0812_/A (sky130_fd_sc_hd__buf_2)
     1    0.003440    0.021019    0.059227    0.653572 ^ _0812_/X (sky130_fd_sc_hd__buf_2)
                                                         _0014_ (net)
                      0.021019    0.000049    0.653621 ^ _1074_/D (sky130_fd_sc_hd__dfxtp_2)
                                              0.653621   data arrival time

                                  0.000000    0.000000   clock wr_clk (rise edge)
                                  0.000000    0.000000   clock source latency
     1    0.024443    0.000000    0.000000    0.000000 ^ wr_clk (in)
                                                         wr_clk (net)
                      0.001082    0.000541    0.000541 ^ clkbuf_0_wr_clk/A (sky130_fd_sc_hd__clkbuf_16)
    16    0.103832    0.091499    0.123118    0.123659 ^ clkbuf_0_wr_clk/X (sky130_fd_sc_hd__clkbuf_16)
                                                         clknet_0_wr_clk (net)
                      0.091603    0.002501    0.126160 ^ clkbuf_4_2_0_wr_clk/A (sky130_fd_sc_hd__clkbuf_8)
     2    0.018924    0.037002    0.103626    0.229786 ^ clkbuf_4_2_0_wr_clk/X (sky130_fd_sc_hd__clkbuf_8)
                                                         clknet_4_2_0_wr_clk (net)
                      0.037002    0.000150    0.229936 ^ clkbuf_5_4__f_wr_clk/A (sky130_fd_sc_hd__clkbuf_16)
     5    0.015434    0.028147    0.083131    0.313067 ^ clkbuf_5_4__f_wr_clk/X (sky130_fd_sc_hd__clkbuf_16)
                                                         clknet_5_4__leaf_wr_clk (net)
                      0.028147    0.000085    0.313152 ^ _1074_/CLK (sky130_fd_sc_hd__dfxtp_2)
                                  0.100000    0.413152   clock uncertainty
                                  0.000000    0.413152   clock reconvergence pessimism
                                 -0.016661    0.396490   library hold time
                                              0.396490   data required time
---------------------------------------------------------------------------------------------
                                              0.396490   data required time
                                             -0.653621   data arrival time
---------------------------------------------------------------------------------------------
                                              0.257131   slack (MET)


Startpoint: _1107_ (rising edge-triggered flip-flop clocked by wr_clk)
Endpoint: _1107_ (rising edge-triggered flip-flop clocked by wr_clk)
Path Group: wr_clk
Path Type: min

Fanout         Cap        Slew       Delay        Time   Description
---------------------------------------------------------------------------------------------
                                  0.000000    0.000000   clock wr_clk (rise edge)
                                  0.000000    0.000000   clock source latency
     1    0.024443    0.000000    0.000000    0.000000 ^ wr_clk (in)
                                                         wr_clk (net)
                      0.001082    0.000541    0.000541 ^ clkbuf_0_wr_clk/A (sky130_fd_sc_hd__clkbuf_16)
    16    0.103832    0.091499    0.123118    0.123659 ^ clkbuf_0_wr_clk/X (sky130_fd_sc_hd__clkbuf_16)
                                                         clknet_0_wr_clk (net)
                      0.091563    0.001971    0.125630 ^ clkbuf_4_3_0_wr_clk/A (sky130_fd_sc_hd__clkbuf_8)
     2    0.019504    0.037648    0.104135    0.229765 ^ clkbuf_4_3_0_wr_clk/X (sky130_fd_sc_hd__clkbuf_8)
                                                         clknet_4_3_0_wr_clk (net)
                      0.037651    0.000361    0.230126 ^ clkbuf_5_6__f_wr_clk/A (sky130_fd_sc_hd__clkbuf_16)
     5    0.014250    0.027366    0.082517    0.312643 ^ clkbuf_5_6__f_wr_clk/X (sky130_fd_sc_hd__clkbuf_16)
                                                         clknet_5_6__leaf_wr_clk (net)
                      0.027366    0.000050    0.312693 ^ _1107_/CLK (sky130_fd_sc_hd__dfxtp_2)
     2    0.005294    0.029433    0.193350    0.506043 ^ _1107_/Q (sky130_fd_sc_hd__dfxtp_2)
                                                         u_fifomem.mem[14][5] (net)
                      0.029433    0.000022    0.506065 ^ _0884_/A0 (sky130_fd_sc_hd__mux2_2)
     1    0.003848    0.028148    0.087770    0.593835 ^ _0884_/X (sky130_fd_sc_hd__mux2_2)
                                                         _0421_ (net)
                      0.028148    0.000064    0.593900 ^ _0885_/A (sky130_fd_sc_hd__buf_2)
     1    0.003477    0.021134    0.059462    0.653362 ^ _0885_/X (sky130_fd_sc_hd__buf_2)
                                                         _0047_ (net)
                      0.021134    0.000052    0.653414 ^ _1107_/D (sky130_fd_sc_hd__dfxtp_2)
                                              0.653414   data arrival time

                                  0.000000    0.000000   clock wr_clk (rise edge)
                                  0.000000    0.000000   clock source latency
     1    0.024443    0.000000    0.000000    0.000000 ^ wr_clk (in)
                                                         wr_clk (net)
                      0.001082    0.000541    0.000541 ^ clkbuf_0_wr_clk/A (sky130_fd_sc_hd__clkbuf_16)
    16    0.103832    0.091499    0.123118    0.123659 ^ clkbuf_0_wr_clk/X (sky130_fd_sc_hd__clkbuf_16)
                                                         clknet_0_wr_clk (net)
                      0.091563    0.001971    0.125630 ^ clkbuf_4_3_0_wr_clk/A (sky130_fd_sc_hd__clkbuf_8)
     2    0.019504    0.037648    0.104135    0.229765 ^ clkbuf_4_3_0_wr_clk/X (sky130_fd_sc_hd__clkbuf_8)
                                                         clknet_4_3_0_wr_clk (net)
                      0.037651    0.000361    0.230126 ^ clkbuf_5_6__f_wr_clk/A (sky130_fd_sc_hd__clkbuf_16)
     5    0.014250    0.027366    0.082517    0.312643 ^ clkbuf_5_6__f_wr_clk/X (sky130_fd_sc_hd__clkbuf_16)
                                                         clknet_5_6__leaf_wr_clk (net)
                      0.027366    0.000050    0.312693 ^ _1107_/CLK (sky130_fd_sc_hd__dfxtp_2)
                                  0.100000    0.412693   clock uncertainty
                                  0.000000    0.412693   clock reconvergence pessimism
                                 -0.016688    0.396005   library hold time
                                              0.396005   data required time
---------------------------------------------------------------------------------------------
                                              0.396005   data required time
                                             -0.653414   data arrival time
---------------------------------------------------------------------------------------------
                                              0.257409   slack (MET)


Startpoint: _1062_ (rising edge-triggered flip-flop clocked by wr_clk)
Endpoint: _1062_ (rising edge-triggered flip-flop clocked by wr_clk)
Path Group: wr_clk
Path Type: min

Fanout         Cap        Slew       Delay        Time   Description
---------------------------------------------------------------------------------------------
                                  0.000000    0.000000   clock wr_clk (rise edge)
                                  0.000000    0.000000   clock source latency
     1    0.024443    0.000000    0.000000    0.000000 ^ wr_clk (in)
                                                         wr_clk (net)
                      0.001082    0.000541    0.000541 ^ clkbuf_0_wr_clk/A (sky130_fd_sc_hd__clkbuf_16)
    16    0.103832    0.091499    0.123118    0.123659 ^ clkbuf_0_wr_clk/X (sky130_fd_sc_hd__clkbuf_16)
                                                         clknet_0_wr_clk (net)
                      0.091636    0.002858    0.126518 ^ clkbuf_4_1_0_wr_clk/A (sky130_fd_sc_hd__clkbuf_8)
     2    0.017991    0.035941    0.102621    0.229138 ^ clkbuf_4_1_0_wr_clk/X (sky130_fd_sc_hd__clkbuf_8)
                                                         clknet_4_1_0_wr_clk (net)
                      0.035941    0.000147    0.229285 ^ clkbuf_5_3__f_wr_clk/A (sky130_fd_sc_hd__clkbuf_16)
     5    0.013230    0.026684    0.081322    0.310607 ^ clkbuf_5_3__f_wr_clk/X (sky130_fd_sc_hd__clkbuf_16)
                                                         clknet_5_3__leaf_wr_clk (net)
                      0.026684    0.000041    0.310648 ^ _1062_/CLK (sky130_fd_sc_hd__dfxtp_2)
     2    0.005525    0.030186    0.193757    0.504405 ^ _1062_/Q (sky130_fd_sc_hd__dfxtp_2)
                                                         u_fifomem.mem[0][0] (net)
                      0.030186    0.000036    0.504440 ^ _0786_/A0 (sky130_fd_sc_hd__mux2_2)
     1    0.004473    0.030400    0.090284    0.594724 ^ _0786_/X (sky130_fd_sc_hd__mux2_2)
                                                         _0368_ (net)
                      0.030400    0.000081    0.594805 ^ _0787_/A (sky130_fd_sc_hd__buf_1)
     1    0.003419    0.037234    0.055377    0.650182 ^ _0787_/X (sky130_fd_sc_hd__buf_1)
                                                         _0002_ (net)
                      0.037234    0.000050    0.650231 ^ _1062_/D (sky130_fd_sc_hd__dfxtp_2)
                                              0.650231   data arrival time

                                  0.000000    0.000000   clock wr_clk (rise edge)
                                  0.000000    0.000000   clock source latency
     1    0.024443    0.000000    0.000000    0.000000 ^ wr_clk (in)
                                                         wr_clk (net)
                      0.001082    0.000541    0.000541 ^ clkbuf_0_wr_clk/A (sky130_fd_sc_hd__clkbuf_16)
    16    0.103832    0.091499    0.123118    0.123659 ^ clkbuf_0_wr_clk/X (sky130_fd_sc_hd__clkbuf_16)
                                                         clknet_0_wr_clk (net)
                      0.091636    0.002858    0.126518 ^ clkbuf_4_1_0_wr_clk/A (sky130_fd_sc_hd__clkbuf_8)
     2    0.017991    0.035941    0.102621    0.229138 ^ clkbuf_4_1_0_wr_clk/X (sky130_fd_sc_hd__clkbuf_8)
                                                         clknet_4_1_0_wr_clk (net)
                      0.035941    0.000147    0.229285 ^ clkbuf_5_3__f_wr_clk/A (sky130_fd_sc_hd__clkbuf_16)
     5    0.013230    0.026684    0.081322    0.310607 ^ clkbuf_5_3__f_wr_clk/X (sky130_fd_sc_hd__clkbuf_16)
                                                         clknet_5_3__leaf_wr_clk (net)
                      0.026684    0.000041    0.310648 ^ _1062_/CLK (sky130_fd_sc_hd__dfxtp_2)
                                  0.100000    0.410648   clock uncertainty
                                  0.000000    0.410648   clock reconvergence pessimism
                                 -0.017844    0.392804   library hold time
                                              0.392804   data required time
---------------------------------------------------------------------------------------------
                                              0.392804   data required time
                                             -0.650231   data arrival time
---------------------------------------------------------------------------------------------
                                              0.257428   slack (MET)


Startpoint: _1082_ (rising edge-triggered flip-flop clocked by wr_clk)
Endpoint: _1082_ (rising edge-triggered flip-flop clocked by wr_clk)
Path Group: wr_clk
Path Type: min

Fanout         Cap        Slew       Delay        Time   Description
---------------------------------------------------------------------------------------------
                                  0.000000    0.000000   clock wr_clk (rise edge)
                                  0.000000    0.000000   clock source latency
     1    0.024443    0.000000    0.000000    0.000000 ^ wr_clk (in)
                                                         wr_clk (net)
                      0.001082    0.000541    0.000541 ^ clkbuf_0_wr_clk/A (sky130_fd_sc_hd__clkbuf_16)
    16    0.103832    0.091499    0.123118    0.123659 ^ clkbuf_0_wr_clk/X (sky130_fd_sc_hd__clkbuf_16)
                                                         clknet_0_wr_clk (net)
                      0.091603    0.002501    0.126160 ^ clkbuf_4_2_0_wr_clk/A (sky130_fd_sc_hd__clkbuf_8)
     2    0.018924    0.037002    0.103626    0.229786 ^ clkbuf_4_2_0_wr_clk/X (sky130_fd_sc_hd__clkbuf_8)
                                                         clknet_4_2_0_wr_clk (net)
                      0.037002    0.000150    0.229936 ^ clkbuf_5_4__f_wr_clk/A (sky130_fd_sc_hd__clkbuf_16)
     5    0.015434    0.028147    0.083131    0.313067 ^ clkbuf_5_4__f_wr_clk/X (sky130_fd_sc_hd__clkbuf_16)
                                                         clknet_5_4__leaf_wr_clk (net)
                      0.028147    0.000082    0.313149 ^ _1082_/CLK (sky130_fd_sc_hd__dfxtp_2)
     2    0.006943    0.034895    0.197965    0.511114 ^ _1082_/Q (sky130_fd_sc_hd__dfxtp_2)
                                                         u_fifomem.mem[11][4] (net)
                      0.034895    0.000091    0.511205 ^ _0828_/A1 (sky130_fd_sc_hd__mux2_2)
     1    0.004438    0.029971    0.091192    0.602396 ^ _0828_/X (sky130_fd_sc_hd__mux2_2)
                                                         _0390_ (net)
                      0.029971    0.000076    0.602472 ^ _0829_/A (sky130_fd_sc_hd__buf_1)
     1    0.002683    0.031234    0.050879    0.653351 ^ _0829_/X (sky130_fd_sc_hd__buf_1)
                                                         _0022_ (net)
                      0.031234    0.000033    0.653384 ^ _1082_/D (sky130_fd_sc_hd__dfxtp_2)
                                              0.653384   data arrival time

                                  0.000000    0.000000   clock wr_clk (rise edge)
                                  0.000000    0.000000   clock source latency
     1    0.024443    0.000000    0.000000    0.000000 ^ wr_clk (in)
                                                         wr_clk (net)
                      0.001082    0.000541    0.000541 ^ clkbuf_0_wr_clk/A (sky130_fd_sc_hd__clkbuf_16)
    16    0.103832    0.091499    0.123118    0.123659 ^ clkbuf_0_wr_clk/X (sky130_fd_sc_hd__clkbuf_16)
                                                         clknet_0_wr_clk (net)
                      0.091603    0.002501    0.126160 ^ clkbuf_4_2_0_wr_clk/A (sky130_fd_sc_hd__clkbuf_8)
     2    0.018924    0.037002    0.103626    0.229786 ^ clkbuf_4_2_0_wr_clk/X (sky130_fd_sc_hd__clkbuf_8)
                                                         clknet_4_2_0_wr_clk (net)
                      0.037002    0.000150    0.229936 ^ clkbuf_5_4__f_wr_clk/A (sky130_fd_sc_hd__clkbuf_16)
     5    0.015434    0.028147    0.083131    0.313067 ^ clkbuf_5_4__f_wr_clk/X (sky130_fd_sc_hd__clkbuf_16)
                                                         clknet_5_4__leaf_wr_clk (net)
                      0.028147    0.000082    0.313149 ^ _1082_/CLK (sky130_fd_sc_hd__dfxtp_2)
                                  0.100000    0.413149   clock uncertainty
                                  0.000000    0.413149   clock reconvergence pessimism
                                 -0.017385    0.395764   library hold time
                                              0.395764   data required time
---------------------------------------------------------------------------------------------
                                              0.395764   data required time
                                             -0.653384   data arrival time
---------------------------------------------------------------------------------------------
                                              0.257619   slack (MET)


Startpoint: _1127_ (rising edge-triggered flip-flop clocked by wr_clk)
Endpoint: _1127_ (rising edge-triggered flip-flop clocked by wr_clk)
Path Group: wr_clk
Path Type: min

Fanout         Cap        Slew       Delay        Time   Description
---------------------------------------------------------------------------------------------
                                  0.000000    0.000000   clock wr_clk (rise edge)
                                  0.000000    0.000000   clock source latency
     1    0.024443    0.000000    0.000000    0.000000 ^ wr_clk (in)
                                                         wr_clk (net)
                      0.001082    0.000541    0.000541 ^ clkbuf_0_wr_clk/A (sky130_fd_sc_hd__clkbuf_16)
    16    0.103832    0.091499    0.123118    0.123659 ^ clkbuf_0_wr_clk/X (sky130_fd_sc_hd__clkbuf_16)
                                                         clknet_0_wr_clk (net)
                      0.091548    0.001728    0.125387 ^ clkbuf_4_9_0_wr_clk/A (sky130_fd_sc_hd__clkbuf_8)
     2    0.018917    0.036984    0.103502    0.228889 ^ clkbuf_4_9_0_wr_clk/X (sky130_fd_sc_hd__clkbuf_8)
                                                         clknet_4_9_0_wr_clk (net)
                      0.036988    0.000367    0.229256 ^ clkbuf_5_19__f_wr_clk/A (sky130_fd_sc_hd__clkbuf_16)
     5    0.014502    0.027532    0.082462    0.311718 ^ clkbuf_5_19__f_wr_clk/X (sky130_fd_sc_hd__clkbuf_16)
                                                         clknet_5_19__leaf_wr_clk (net)
                      0.027532    0.000275    0.311993 ^ _1127_/CLK (sky130_fd_sc_hd__dfxtp_2)
     2    0.005798    0.031079    0.194737    0.506730 ^ _1127_/Q (sky130_fd_sc_hd__dfxtp_2)
                                                         u_fifomem.mem[2][1] (net)
                      0.031079    0.000047    0.506778 ^ _0927_/A0 (sky130_fd_sc_hd__mux2_2)
     1    0.003941    0.028471    0.088570    0.595347 ^ _0927_/X (sky130_fd_sc_hd__mux2_2)
                                                         _0444_ (net)
                      0.028471    0.000054    0.595401 ^ _0928_/A (sky130_fd_sc_hd__buf_4)
     1    0.002825    0.017010    0.058404    0.653806 ^ _0928_/X (sky130_fd_sc_hd__buf_4)
                                                         _0067_ (net)
                      0.017010    0.000035    0.653841 ^ _1127_/D (sky130_fd_sc_hd__dfxtp_2)
                                              0.653841   data arrival time

                                  0.000000    0.000000   clock wr_clk (rise edge)
                                  0.000000    0.000000   clock source latency
     1    0.024443    0.000000    0.000000    0.000000 ^ wr_clk (in)
                                                         wr_clk (net)
                      0.001082    0.000541    0.000541 ^ clkbuf_0_wr_clk/A (sky130_fd_sc_hd__clkbuf_16)
    16    0.103832    0.091499    0.123118    0.123659 ^ clkbuf_0_wr_clk/X (sky130_fd_sc_hd__clkbuf_16)
                                                         clknet_0_wr_clk (net)
                      0.091548    0.001728    0.125387 ^ clkbuf_4_9_0_wr_clk/A (sky130_fd_sc_hd__clkbuf_8)
     2    0.018917    0.036984    0.103502    0.228889 ^ clkbuf_4_9_0_wr_clk/X (sky130_fd_sc_hd__clkbuf_8)
                                                         clknet_4_9_0_wr_clk (net)
                      0.036988    0.000367    0.229256 ^ clkbuf_5_19__f_wr_clk/A (sky130_fd_sc_hd__clkbuf_16)
     5    0.014502    0.027532    0.082462    0.311718 ^ clkbuf_5_19__f_wr_clk/X (sky130_fd_sc_hd__clkbuf_16)
                                                         clknet_5_19__leaf_wr_clk (net)
                      0.027532    0.000275    0.311993 ^ _1127_/CLK (sky130_fd_sc_hd__dfxtp_2)
                                  0.100000    0.411993   clock uncertainty
                                  0.000000    0.411993   clock reconvergence pessimism
                                 -0.016392    0.395601   library hold time
                                              0.395601   data required time
---------------------------------------------------------------------------------------------
                                              0.395601   data required time
                                             -0.653841   data arrival time
---------------------------------------------------------------------------------------------
                                              0.258240   slack (MET)


Startpoint: _1065_ (rising edge-triggered flip-flop clocked by wr_clk)
Endpoint: _1065_ (rising edge-triggered flip-flop clocked by wr_clk)
Path Group: wr_clk
Path Type: min

Fanout         Cap        Slew       Delay        Time   Description
---------------------------------------------------------------------------------------------
                                  0.000000    0.000000   clock wr_clk (rise edge)
                                  0.000000    0.000000   clock source latency
     1    0.024443    0.000000    0.000000    0.000000 ^ wr_clk (in)
                                                         wr_clk (net)
                      0.001082    0.000541    0.000541 ^ clkbuf_0_wr_clk/A (sky130_fd_sc_hd__clkbuf_16)
    16    0.103832    0.091499    0.123118    0.123659 ^ clkbuf_0_wr_clk/X (sky130_fd_sc_hd__clkbuf_16)
                                                         clknet_0_wr_clk (net)
                      0.091533    0.001440    0.125100 ^ clkbuf_4_10_0_wr_clk/A (sky130_fd_sc_hd__clkbuf_8)
     2    0.019180    0.037276    0.103825    0.228925 ^ clkbuf_4_10_0_wr_clk/X (sky130_fd_sc_hd__clkbuf_8)
                                                         clknet_4_10_0_wr_clk (net)
                      0.037277    0.000236    0.229161 ^ clkbuf_5_20__f_wr_clk/A (sky130_fd_sc_hd__clkbuf_16)
     5    0.013564    0.026911    0.081942    0.311103 ^ clkbuf_5_20__f_wr_clk/X (sky130_fd_sc_hd__clkbuf_16)
                                                         clknet_5_20__leaf_wr_clk (net)
                      0.026911    0.000070    0.311173 ^ _1065_/CLK (sky130_fd_sc_hd__dfxtp_2)
     2    0.006539    0.033545    0.196527    0.507700 ^ _1065_/Q (sky130_fd_sc_hd__dfxtp_2)
                                                         u_fifomem.mem[0][3] (net)
                      0.033545    0.000046    0.507746 ^ _0792_/A0 (sky130_fd_sc_hd__mux2_2)
     1    0.004389    0.030085    0.090900    0.598647 ^ _0792_/X (sky130_fd_sc_hd__mux2_2)
                                                         _0371_ (net)
                      0.030085    0.000075    0.598721 ^ _0793_/A (sky130_fd_sc_hd__buf_1)
     1    0.003342    0.036608    0.054859    0.653580 ^ _0793_/X (sky130_fd_sc_hd__buf_1)
                                                         _0005_ (net)
                      0.036608    0.000049    0.653629 ^ _1065_/D (sky130_fd_sc_hd__dfxtp_2)
                                              0.653629   data arrival time

                                  0.000000    0.000000   clock wr_clk (rise edge)
                                  0.000000    0.000000   clock source latency
     1    0.024443    0.000000    0.000000    0.000000 ^ wr_clk (in)
                                                         wr_clk (net)
                      0.001082    0.000541    0.000541 ^ clkbuf_0_wr_clk/A (sky130_fd_sc_hd__clkbuf_16)
    16    0.103832    0.091499    0.123118    0.123659 ^ clkbuf_0_wr_clk/X (sky130_fd_sc_hd__clkbuf_16)
                                                         clknet_0_wr_clk (net)
                      0.091533    0.001440    0.125100 ^ clkbuf_4_10_0_wr_clk/A (sky130_fd_sc_hd__clkbuf_8)
     2    0.019180    0.037276    0.103825    0.228925 ^ clkbuf_4_10_0_wr_clk/X (sky130_fd_sc_hd__clkbuf_8)
                                                         clknet_4_10_0_wr_clk (net)
                      0.037277    0.000236    0.229161 ^ clkbuf_5_20__f_wr_clk/A (sky130_fd_sc_hd__clkbuf_16)
     5    0.013564    0.026911    0.081942    0.311103 ^ clkbuf_5_20__f_wr_clk/X (sky130_fd_sc_hd__clkbuf_16)
                                                         clknet_5_20__leaf_wr_clk (net)
                      0.026911    0.000070    0.311173 ^ _1065_/CLK (sky130_fd_sc_hd__dfxtp_2)
                                  0.100000    0.411173   clock uncertainty
                                  0.000000    0.411173   clock reconvergence pessimism
                                 -0.017795    0.393379   library hold time
                                              0.393379   data required time
---------------------------------------------------------------------------------------------
                                              0.393379   data required time
                                             -0.653629   data arrival time
---------------------------------------------------------------------------------------------
                                              0.260251   slack (MET)


Startpoint: _1199_ (rising edge-triggered flip-flop clocked by wr_clk)
Endpoint: _1195_ (rising edge-triggered flip-flop clocked by wr_clk)
Path Group: wr_clk
Path Type: min

Fanout         Cap        Slew       Delay        Time   Description
---------------------------------------------------------------------------------------------
                                  0.000000    0.000000   clock wr_clk (rise edge)
                                  0.000000    0.000000   clock source latency
     1    0.024443    0.000000    0.000000    0.000000 ^ wr_clk (in)
                                                         wr_clk (net)
                      0.001082    0.000541    0.000541 ^ clkbuf_0_wr_clk/A (sky130_fd_sc_hd__clkbuf_16)
    16    0.103832    0.091499    0.123118    0.123659 ^ clkbuf_0_wr_clk/X (sky130_fd_sc_hd__clkbuf_16)
                                                         clknet_0_wr_clk (net)
                      0.091533    0.001440    0.125100 ^ clkbuf_4_10_0_wr_clk/A (sky130_fd_sc_hd__clkbuf_8)
     2    0.019180    0.037276    0.103825    0.228925 ^ clkbuf_4_10_0_wr_clk/X (sky130_fd_sc_hd__clkbuf_8)
                                                         clknet_4_10_0_wr_clk (net)
                      0.037277    0.000228    0.229153 ^ clkbuf_5_21__f_wr_clk/A (sky130_fd_sc_hd__clkbuf_16)
     6    0.019601    0.030905    0.085991    0.315144 ^ clkbuf_5_21__f_wr_clk/X (sky130_fd_sc_hd__clkbuf_16)
                                                         clknet_5_21__leaf_wr_clk (net)
                      0.030906    0.000422    0.315566 ^ _1199_/CLK (sky130_fd_sc_hd__dfrtp_2)
     2    0.011034    0.051928    0.231538    0.547104 ^ _1199_/Q (sky130_fd_sc_hd__dfrtp_2)
                                                         afull_thresh_latched[3] (net)
                      0.051928    0.000093    0.547197 ^ _0631_/A2_N (sky130_fd_sc_hd__o2bb2ai_2)
     1    0.010858    0.057348    0.082658    0.629855 ^ _0631_/Y (sky130_fd_sc_hd__o2bb2ai_2)
                                                         _0225_ (net)
                      0.057348    0.000200    0.630054 ^ _0640_/A (sky130_fd_sc_hd__nand3_4)
     1    0.002742    0.025229    0.030803    0.660858 v _0640_/Y (sky130_fd_sc_hd__nand3_4)
                                                         _0001_ (net)
                      0.025229    0.000029    0.660887 v _1195_/D (sky130_fd_sc_hd__dfrtp_2)
                                              0.660887   data arrival time

                                  0.000000    0.000000   clock wr_clk (rise edge)
                                  0.000000    0.000000   clock source latency
     1    0.024443    0.000000    0.000000    0.000000 ^ wr_clk (in)
                                                         wr_clk (net)
                      0.001082    0.000541    0.000541 ^ clkbuf_0_wr_clk/A (sky130_fd_sc_hd__clkbuf_16)
    16    0.103832    0.091499    0.123118    0.123659 ^ clkbuf_0_wr_clk/X (sky130_fd_sc_hd__clkbuf_16)
                                                         clknet_0_wr_clk (net)
                      0.091533    0.001440    0.125100 ^ clkbuf_4_10_0_wr_clk/A (sky130_fd_sc_hd__clkbuf_8)
     2    0.019180    0.037276    0.103825    0.228925 ^ clkbuf_4_10_0_wr_clk/X (sky130_fd_sc_hd__clkbuf_8)
                                                         clknet_4_10_0_wr_clk (net)
                      0.037277    0.000228    0.229153 ^ clkbuf_5_21__f_wr_clk/A (sky130_fd_sc_hd__clkbuf_16)
     6    0.019601    0.030905    0.085991    0.315144 ^ clkbuf_5_21__f_wr_clk/X (sky130_fd_sc_hd__clkbuf_16)
                                                         clknet_5_21__leaf_wr_clk (net)
                      0.030907    0.000526    0.315670 ^ _1195_/CLK (sky130_fd_sc_hd__dfrtp_2)
                                  0.100000    0.415670   clock uncertainty
                                  0.000000    0.415670   clock reconvergence pessimism
                                 -0.027623    0.388047   library hold time
                                              0.388047   data required time
---------------------------------------------------------------------------------------------
                                              0.388047   data required time
                                             -0.660887   data arrival time
---------------------------------------------------------------------------------------------
                                              0.272840   slack (MET)


Startpoint: _1194_ (rising edge-triggered flip-flop clocked by rd_clk)
Endpoint: _1190_ (rising edge-triggered flip-flop clocked by rd_clk)
Path Group: rd_clk
Path Type: min

Fanout         Cap        Slew       Delay        Time   Description
---------------------------------------------------------------------------------------------
                                  0.000000    0.000000   clock rd_clk (rise edge)
                                  0.000000    0.000000   clock source latency
     1    0.013656    0.000000    0.000000    0.000000 ^ rd_clk (in)
                                                         rd_clk (net)
                      0.000587    0.000294    0.000294 ^ clkbuf_0_rd_clk/A (sky130_fd_sc_hd__clkbuf_16)
     4    0.038258    0.043842    0.087700    0.087993 ^ clkbuf_0_rd_clk/X (sky130_fd_sc_hd__clkbuf_16)
                                                         clknet_0_rd_clk (net)
                      0.043849    0.000501    0.088494 ^ clkbuf_2_3__f_rd_clk/A (sky130_fd_sc_hd__clkbuf_16)
     7    0.025459    0.034891    0.091918    0.180412 ^ clkbuf_2_3__f_rd_clk/X (sky130_fd_sc_hd__clkbuf_16)
                                                         clknet_2_3__leaf_rd_clk (net)
                      0.034893    0.000289    0.180701 ^ _1194_/CLK (sky130_fd_sc_hd__dfrtp_2)
     2    0.008076    0.042419    0.224192    0.404893 ^ _1194_/Q (sky130_fd_sc_hd__dfrtp_2)
                                                         aempty_thresh_latched[3] (net)
                      0.042419    0.000042    0.404934 ^ _0702_/A (sky130_fd_sc_hd__or3_4)
     1    0.005229    0.022931    0.075877    0.480811 ^ _0702_/X (sky130_fd_sc_hd__or3_4)
                                                         _0295_ (net)
                      0.022931    0.000052    0.480863 ^ _0703_/C1 (sky130_fd_sc_hd__o311a_4)
     1    0.003587    0.021503    0.066488    0.547351 ^ _0703_/X (sky130_fd_sc_hd__o311a_4)
                                                         _0000_ (net)
                      0.021503    0.000046    0.547397 ^ _1190_/D (sky130_fd_sc_hd__dfstp_2)
                                              0.547397   data arrival time

                                  0.000000    0.000000   clock rd_clk (rise edge)
                                  0.000000    0.000000   clock source latency
     1    0.013656    0.000000    0.000000    0.000000 ^ rd_clk (in)
                                                         rd_clk (net)
                      0.000587    0.000294    0.000294 ^ clkbuf_0_rd_clk/A (sky130_fd_sc_hd__clkbuf_16)
     4    0.038258    0.043842    0.087700    0.087993 ^ clkbuf_0_rd_clk/X (sky130_fd_sc_hd__clkbuf_16)
                                                         clknet_0_rd_clk (net)
                      0.043849    0.000501    0.088494 ^ clkbuf_2_3__f_rd_clk/A (sky130_fd_sc_hd__clkbuf_16)
     7    0.025459    0.034891    0.091918    0.180412 ^ clkbuf_2_3__f_rd_clk/X (sky130_fd_sc_hd__clkbuf_16)
                                                         clknet_2_3__leaf_rd_clk (net)
                      0.034894    0.000356    0.180768 ^ _1190_/CLK (sky130_fd_sc_hd__dfstp_2)
                                  0.100000    0.280768   clock uncertainty
                                  0.000000    0.280768   clock reconvergence pessimism
                                 -0.017937    0.262830   library hold time
                                              0.262830   data required time
---------------------------------------------------------------------------------------------
                                              0.262830   data required time
                                             -0.547397   data arrival time
---------------------------------------------------------------------------------------------
                                              0.284567   slack (MET)


Startpoint: _1243_ (rising edge-triggered flip-flop clocked by rd_clk)
Endpoint: _1243_ (rising edge-triggered flip-flop clocked by rd_clk)
Path Group: rd_clk
Path Type: min

Fanout         Cap        Slew       Delay        Time   Description
---------------------------------------------------------------------------------------------
                                  0.000000    0.000000   clock rd_clk (rise edge)
                                  0.000000    0.000000   clock source latency
     1    0.013656    0.000000    0.000000    0.000000 ^ rd_clk (in)
                                                         rd_clk (net)
                      0.000587    0.000294    0.000294 ^ clkbuf_0_rd_clk/A (sky130_fd_sc_hd__clkbuf_16)
     4    0.038258    0.043842    0.087700    0.087993 ^ clkbuf_0_rd_clk/X (sky130_fd_sc_hd__clkbuf_16)
                                                         clknet_0_rd_clk (net)
                      0.043845    0.000399    0.088392 ^ clkbuf_2_1__f_rd_clk/A (sky130_fd_sc_hd__clkbuf_16)
     7    0.020161    0.031308    0.088339    0.176731 ^ clkbuf_2_1__f_rd_clk/X (sky130_fd_sc_hd__clkbuf_16)
                                                         clknet_2_1__leaf_rd_clk (net)
                      0.031308    0.000105    0.176836 ^ _1243_/CLK (sky130_fd_sc_hd__dfrtp_2)
     3    0.037304    0.138877    0.297558    0.474395 ^ _1243_/Q (sky130_fd_sc_hd__dfrtp_2)
                                                         rd_ptr_bin[4] (net)
                      0.138879    0.000703    0.475098 ^ _0536_/A (sky130_fd_sc_hd__xnor2_4)
     2    0.010738    0.033300    0.058005    0.533102 v _0536_/Y (sky130_fd_sc_hd__xnor2_4)
                                                         rd_ptr_bin_next_wm[4] (net)
                      0.033300    0.000069    0.533171 v _1243_/D (sky130_fd_sc_hd__dfrtp_2)
                                              0.533171   data arrival time

                                  0.000000    0.000000   clock rd_clk (rise edge)
                                  0.000000    0.000000   clock source latency
     1    0.013656    0.000000    0.000000    0.000000 ^ rd_clk (in)
                                                         rd_clk (net)
                      0.000587    0.000294    0.000294 ^ clkbuf_0_rd_clk/A (sky130_fd_sc_hd__clkbuf_16)
     4    0.038258    0.043842    0.087700    0.087993 ^ clkbuf_0_rd_clk/X (sky130_fd_sc_hd__clkbuf_16)
                                                         clknet_0_rd_clk (net)
                      0.043845    0.000399    0.088392 ^ clkbuf_2_1__f_rd_clk/A (sky130_fd_sc_hd__clkbuf_16)
     7    0.020161    0.031308    0.088339    0.176731 ^ clkbuf_2_1__f_rd_clk/X (sky130_fd_sc_hd__clkbuf_16)
                                                         clknet_2_1__leaf_rd_clk (net)
                      0.031308    0.000105    0.176836 ^ _1243_/CLK (sky130_fd_sc_hd__dfrtp_2)
                                  0.100000    0.276836   clock uncertainty
                                  0.000000    0.276836   clock reconvergence pessimism
                                 -0.030167    0.246669   library hold time
                                              0.246669   data required time
---------------------------------------------------------------------------------------------
                                              0.246669   data required time
                                             -0.533171   data arrival time
---------------------------------------------------------------------------------------------
                                              0.286502   slack (MET)


Startpoint: _1243_ (rising edge-triggered flip-flop clocked by rd_clk)
Endpoint: _1237_ (rising edge-triggered flip-flop clocked by rd_clk)
Path Group: rd_clk
Path Type: min

Fanout         Cap        Slew       Delay        Time   Description
---------------------------------------------------------------------------------------------
                                  0.000000    0.000000   clock rd_clk (rise edge)
                                  0.000000    0.000000   clock source latency
     1    0.013656    0.000000    0.000000    0.000000 ^ rd_clk (in)
                                                         rd_clk (net)
                      0.000587    0.000294    0.000294 ^ clkbuf_0_rd_clk/A (sky130_fd_sc_hd__clkbuf_16)
     4    0.038258    0.043842    0.087700    0.087993 ^ clkbuf_0_rd_clk/X (sky130_fd_sc_hd__clkbuf_16)
                                                         clknet_0_rd_clk (net)
                      0.043845    0.000399    0.088392 ^ clkbuf_2_1__f_rd_clk/A (sky130_fd_sc_hd__clkbuf_16)
     7    0.020161    0.031308    0.088339    0.176731 ^ clkbuf_2_1__f_rd_clk/X (sky130_fd_sc_hd__clkbuf_16)
                                                         clknet_2_1__leaf_rd_clk (net)
                      0.031308    0.000105    0.176836 ^ _1243_/CLK (sky130_fd_sc_hd__dfrtp_2)
     3    0.037304    0.138877    0.297558    0.474395 ^ _1243_/Q (sky130_fd_sc_hd__dfrtp_2)
                                                         rd_ptr_bin[4] (net)
                      0.138881    0.000897    0.475292 ^ _0563_/A (sky130_fd_sc_hd__xor2_2)
     2    0.011054    0.035456    0.069643    0.544935 v _0563_/X (sky130_fd_sc_hd__xor2_2)
                                                         u_rd_ptr_empty.rd_ptr_gray_next[3] (net)
                      0.035456    0.000063    0.544998 v _1237_/D (sky130_fd_sc_hd__dfrtp_2)
                                              0.544998   data arrival time

                                  0.000000    0.000000   clock rd_clk (rise edge)
                                  0.000000    0.000000   clock source latency
     1    0.013656    0.000000    0.000000    0.000000 ^ rd_clk (in)
                                                         rd_clk (net)
                      0.000587    0.000294    0.000294 ^ clkbuf_0_rd_clk/A (sky130_fd_sc_hd__clkbuf_16)
     4    0.038258    0.043842    0.087700    0.087993 ^ clkbuf_0_rd_clk/X (sky130_fd_sc_hd__clkbuf_16)
                                                         clknet_0_rd_clk (net)
                      0.043845    0.000399    0.088392 ^ clkbuf_2_1__f_rd_clk/A (sky130_fd_sc_hd__clkbuf_16)
     7    0.020161    0.031308    0.088339    0.176731 ^ clkbuf_2_1__f_rd_clk/X (sky130_fd_sc_hd__clkbuf_16)
                                                         clknet_2_1__leaf_rd_clk (net)
                      0.031308    0.000219    0.176950 ^ _1237_/CLK (sky130_fd_sc_hd__dfrtp_2)
                                  0.100000    0.276950   clock uncertainty
                                  0.000000    0.276950   clock reconvergence pessimism
                                 -0.030857    0.246092   library hold time
                                              0.246092   data required time
---------------------------------------------------------------------------------------------
                                              0.246092   data required time
                                             -0.544998   data arrival time
---------------------------------------------------------------------------------------------
                                              0.298905   slack (MET)


Startpoint: _1233_ (rising edge-triggered flip-flop clocked by wr_clk)
Endpoint: _1233_ (rising edge-triggered flip-flop clocked by wr_clk)
Path Group: wr_clk
Path Type: min

Fanout         Cap        Slew       Delay        Time   Description
---------------------------------------------------------------------------------------------
                                  0.000000    0.000000   clock wr_clk (rise edge)
                                  0.000000    0.000000   clock source latency
     1    0.024443    0.000000    0.000000    0.000000 ^ wr_clk (in)
                                                         wr_clk (net)
                      0.001082    0.000541    0.000541 ^ clkbuf_0_wr_clk/A (sky130_fd_sc_hd__clkbuf_16)
    16    0.103832    0.091499    0.123118    0.123659 ^ clkbuf_0_wr_clk/X (sky130_fd_sc_hd__clkbuf_16)
                                                         clknet_0_wr_clk (net)
                      0.091504    0.000577    0.124236 ^ clkbuf_4_15_0_wr_clk/A (sky130_fd_sc_hd__clkbuf_8)
     2    0.018974    0.037049    0.103538    0.227774 ^ clkbuf_4_15_0_wr_clk/X (sky130_fd_sc_hd__clkbuf_8)
                                                         clknet_4_15_0_wr_clk (net)
                      0.037054    0.000423    0.228197 ^ clkbuf_5_31__f_wr_clk/A (sky130_fd_sc_hd__clkbuf_16)
     5    0.014237    0.027356    0.082300    0.310497 ^ clkbuf_5_31__f_wr_clk/X (sky130_fd_sc_hd__clkbuf_16)
                                                         clknet_5_31__leaf_wr_clk (net)
                      0.027356    0.000197    0.310695 ^ _1233_/CLK (sky130_fd_sc_hd__dfrtp_2)
     3    0.016655    0.069385    0.245859    0.556553 ^ _1233_/Q (sky130_fd_sc_hd__dfrtp_2)
                                                         u_sync_w2r.wr_ptr_gray[4] (net)
                      0.069385    0.000189    0.556742 ^ _0549_/A (sky130_fd_sc_hd__xor2_2)
     3    0.024714    0.057051    0.085725    0.642467 v _0549_/X (sky130_fd_sc_hd__xor2_2)
                                                         _0154_ (net)
                      0.057051    0.000174    0.642641 v _0550_/A (sky130_fd_sc_hd__inv_2)
     2    0.006571    0.031644    0.047102    0.689743 ^ _0550_/Y (sky130_fd_sc_hd__inv_2)
                                                         u_wr_ptr_full.wr_ptr_bin_next[4] (net)
                      0.031644    0.000025    0.689768 ^ _1233_/D (sky130_fd_sc_hd__dfrtp_2)
                                              0.689768   data arrival time

                                  0.000000    0.000000   clock wr_clk (rise edge)
                                  0.000000    0.000000   clock source latency
     1    0.024443    0.000000    0.000000    0.000000 ^ wr_clk (in)
                                                         wr_clk (net)
                      0.001082    0.000541    0.000541 ^ clkbuf_0_wr_clk/A (sky130_fd_sc_hd__clkbuf_16)
    16    0.103832    0.091499    0.123118    0.123659 ^ clkbuf_0_wr_clk/X (sky130_fd_sc_hd__clkbuf_16)
                                                         clknet_0_wr_clk (net)
                      0.091504    0.000577    0.124236 ^ clkbuf_4_15_0_wr_clk/A (sky130_fd_sc_hd__clkbuf_8)
     2    0.018974    0.037049    0.103538    0.227774 ^ clkbuf_4_15_0_wr_clk/X (sky130_fd_sc_hd__clkbuf_8)
                                                         clknet_4_15_0_wr_clk (net)
                      0.037054    0.000423    0.228197 ^ clkbuf_5_31__f_wr_clk/A (sky130_fd_sc_hd__clkbuf_16)
     5    0.014237    0.027356    0.082300    0.310497 ^ clkbuf_5_31__f_wr_clk/X (sky130_fd_sc_hd__clkbuf_16)
                                                         clknet_5_31__leaf_wr_clk (net)
                      0.027356    0.000197    0.310695 ^ _1233_/CLK (sky130_fd_sc_hd__dfrtp_2)
                                  0.100000    0.410695   clock uncertainty
                                  0.000000    0.410695   clock reconvergence pessimism
                                 -0.019885    0.390810   library hold time
                                              0.390810   data required time
---------------------------------------------------------------------------------------------
                                              0.390810   data required time
                                             -0.689768   data arrival time
---------------------------------------------------------------------------------------------
                                              0.298958   slack (MET)


Startpoint: _1212_ (rising edge-triggered flip-flop clocked by rd_clk)
Endpoint: _1238_ (rising edge-triggered flip-flop clocked by rd_clk)
Path Group: rd_clk
Path Type: min

Fanout         Cap        Slew       Delay        Time   Description
---------------------------------------------------------------------------------------------
                                  0.000000    0.000000   clock rd_clk (rise edge)
                                  0.000000    0.000000   clock source latency
     1    0.013656    0.000000    0.000000    0.000000 ^ rd_clk (in)
                                                         rd_clk (net)
                      0.000587    0.000294    0.000294 ^ clkbuf_0_rd_clk/A (sky130_fd_sc_hd__clkbuf_16)
     4    0.038258    0.043842    0.087700    0.087993 ^ clkbuf_0_rd_clk/X (sky130_fd_sc_hd__clkbuf_16)
                                                         clknet_0_rd_clk (net)
                      0.043844    0.000370    0.088364 ^ clkbuf_2_0__f_rd_clk/A (sky130_fd_sc_hd__clkbuf_16)
     8    0.022080    0.032578    0.089639    0.178003 ^ clkbuf_2_0__f_rd_clk/X (sky130_fd_sc_hd__clkbuf_16)
                                                         clknet_2_0__leaf_rd_clk (net)
                      0.032579    0.000262    0.178264 ^ _1212_/CLK (sky130_fd_sc_hd__dfrtp_2)
     5    0.026679    0.102988    0.272021    0.450286 ^ _1212_/Q (sky130_fd_sc_hd__dfrtp_2)
                                                         u_sync_w2r.sync_stage2[3] (net)
                      0.102988    0.000266    0.450552 ^ _0706_/A (sky130_fd_sc_hd__xnor2_2)
     1    0.003913    0.025489    0.045392    0.495944 v _0706_/Y (sky130_fd_sc_hd__xnor2_2)
                                                         _0298_ (net)
                      0.025489    0.000052    0.495996 v _0711_/B1 (sky130_fd_sc_hd__o211a_2)
     1    0.005071    0.020030    0.083676    0.579672 v _0711_/X (sky130_fd_sc_hd__o211a_2)
                                                         u_rd_ptr_empty.empty_val (net)
                      0.020030    0.000094    0.579766 v _1238_/D (sky130_fd_sc_hd__dfstp_2)
                                              0.579766   data arrival time

                                  0.000000    0.000000   clock rd_clk (rise edge)
                                  0.000000    0.000000   clock source latency
     1    0.013656    0.000000    0.000000    0.000000 ^ rd_clk (in)
                                                         rd_clk (net)
                      0.000587    0.000294    0.000294 ^ clkbuf_0_rd_clk/A (sky130_fd_sc_hd__clkbuf_16)
     4    0.038258    0.043842    0.087700    0.087993 ^ clkbuf_0_rd_clk/X (sky130_fd_sc_hd__clkbuf_16)
                                                         clknet_0_rd_clk (net)
                      0.043845    0.000399    0.088392 ^ clkbuf_2_1__f_rd_clk/A (sky130_fd_sc_hd__clkbuf_16)
     7    0.020161    0.031308    0.088339    0.176731 ^ clkbuf_2_1__f_rd_clk/X (sky130_fd_sc_hd__clkbuf_16)
                                                         clknet_2_1__leaf_rd_clk (net)
                      0.031308    0.000120    0.176851 ^ _1238_/CLK (sky130_fd_sc_hd__dfstp_2)
                                  0.100000    0.276851   clock uncertainty
                                  0.000000    0.276851   clock reconvergence pessimism
                                 -0.007167    0.269685   library hold time
                                              0.269685   data required time
---------------------------------------------------------------------------------------------
                                              0.269685   data required time
                                             -0.579766   data arrival time
---------------------------------------------------------------------------------------------
                                              0.310082   slack (MET)


Startpoint: _1203_ (rising edge-triggered flip-flop clocked by rd_clk)
Endpoint: _1241_ (removal check against rising-edge clock rd_clk)
Path Group: asynchronous
Path Type: min

Fanout         Cap        Slew       Delay        Time   Description
---------------------------------------------------------------------------------------------
                                  0.000000    0.000000   clock rd_clk (rise edge)
                                  0.000000    0.000000   clock source latency
     1    0.013656    0.000000    0.000000    0.000000 ^ rd_clk (in)
                                                         rd_clk (net)
                      0.000587    0.000294    0.000294 ^ clkbuf_0_rd_clk/A (sky130_fd_sc_hd__clkbuf_16)
     4    0.038258    0.043842    0.087700    0.087993 ^ clkbuf_0_rd_clk/X (sky130_fd_sc_hd__clkbuf_16)
                                                         clknet_0_rd_clk (net)
                      0.043849    0.000501    0.088494 ^ clkbuf_2_3__f_rd_clk/A (sky130_fd_sc_hd__clkbuf_16)
     7    0.025459    0.034891    0.091918    0.180412 ^ clkbuf_2_3__f_rd_clk/X (sky130_fd_sc_hd__clkbuf_16)
                                                         clknet_2_3__leaf_rd_clk (net)
                      0.034894    0.000345    0.180757 ^ _1203_/CLK (sky130_fd_sc_hd__dfrtp_2)
     2    0.008147    0.042645    0.224398    0.405156 ^ _1203_/Q (sky130_fd_sc_hd__dfrtp_2)
                                                         u_rd_reset_sync.sync_ff2 (net)
                      0.042645    0.000069    0.405224 ^ hold99/A (sky130_fd_sc_hd__dlygate4sd3_1)
     1    0.007420    0.068558    0.399275    0.804499 ^ hold99/X (sky130_fd_sc_hd__dlygate4sd3_1)
                                                         net98 (net)
                      0.068628    0.000157    0.804656 ^ _1241_/RESET_B (sky130_fd_sc_hd__dfrtp_2)
                                              0.804656   data arrival time

                                  0.000000    0.000000   clock rd_clk (rise edge)
                                  0.000000    0.000000   clock source latency
     1    0.013656    0.000000    0.000000    0.000000 ^ rd_clk (in)
                                                         rd_clk (net)
                      0.000587    0.000294    0.000294 ^ clkbuf_0_rd_clk/A (sky130_fd_sc_hd__clkbuf_16)
     4    0.038258    0.043842    0.087700    0.087993 ^ clkbuf_0_rd_clk/X (sky130_fd_sc_hd__clkbuf_16)
                                                         clknet_0_rd_clk (net)
                      0.043852    0.000594    0.088587 ^ clkbuf_2_2__f_rd_clk/A (sky130_fd_sc_hd__clkbuf_16)
     8    0.029784    0.037956    0.094876    0.183463 ^ clkbuf_2_2__f_rd_clk/X (sky130_fd_sc_hd__clkbuf_16)
                                                         clknet_2_2__leaf_rd_clk (net)
                      0.037958    0.000290    0.183753 ^ _1241_/CLK (sky130_fd_sc_hd__dfrtp_2)
                                  0.100000    0.283753   clock uncertainty
                                  0.000000    0.283753   clock reconvergence pessimism
                                  0.207872    0.491625   library removal time
                                              0.491625   data required time
---------------------------------------------------------------------------------------------
                                              0.491625   data required time
                                             -0.804656   data arrival time
---------------------------------------------------------------------------------------------
                                              0.313032   slack (MET)


Startpoint: _1230_ (rising edge-triggered flip-flop clocked by wr_clk)
Endpoint: _1230_ (rising edge-triggered flip-flop clocked by wr_clk)
Path Group: wr_clk
Path Type: min

Fanout         Cap        Slew       Delay        Time   Description
---------------------------------------------------------------------------------------------
                                  0.000000    0.000000   clock wr_clk (rise edge)
                                  0.000000    0.000000   clock source latency
     1    0.024443    0.000000    0.000000    0.000000 ^ wr_clk (in)
                                                         wr_clk (net)
                      0.001082    0.000541    0.000541 ^ clkbuf_0_wr_clk/A (sky130_fd_sc_hd__clkbuf_16)
    16    0.103832    0.091499    0.123118    0.123659 ^ clkbuf_0_wr_clk/X (sky130_fd_sc_hd__clkbuf_16)
                                                         clknet_0_wr_clk (net)
                      0.091504    0.000587    0.124247 ^ clkbuf_4_14_0_wr_clk/A (sky130_fd_sc_hd__clkbuf_8)
     2    0.018907    0.036968    0.103529    0.227775 ^ clkbuf_4_14_0_wr_clk/X (sky130_fd_sc_hd__clkbuf_8)
                                                         clknet_4_14_0_wr_clk (net)
                      0.036968    0.000210    0.227986 ^ clkbuf_5_28__f_wr_clk/A (sky130_fd_sc_hd__clkbuf_16)
     5    0.020778    0.031691    0.086797    0.314783 ^ clkbuf_5_28__f_wr_clk/X (sky130_fd_sc_hd__clkbuf_16)
                                                         clknet_5_28__leaf_wr_clk (net)
                      0.031691    0.000128    0.314911 ^ _1230_/CLK (sky130_fd_sc_hd__dfrtp_2)
     8    0.032194    0.121550    0.285372    0.600282 ^ _1230_/Q (sky130_fd_sc_hd__dfrtp_2)
                                                         u_fifomem.wr_addr[1] (net)
                      0.121550    0.000111    0.600393 ^ _0540_/B1 (sky130_fd_sc_hd__a31oi_2)
     4    0.023540    0.062323    0.066315    0.666708 v _0540_/Y (sky130_fd_sc_hd__a31oi_2)
                                                         _0148_ (net)
                      0.062323    0.000103    0.666811 v _0541_/B1 (sky130_fd_sc_hd__a21oi_4)
     3    0.009979    0.058251    0.069984    0.736795 ^ _0541_/Y (sky130_fd_sc_hd__a21oi_4)
                                                         u_wr_ptr_full.wr_ptr_bin_next[1] (net)
                      0.058251    0.000069    0.736864 ^ _1230_/D (sky130_fd_sc_hd__dfrtp_2)
                                              0.736864   data arrival time

                                  0.000000    0.000000   clock wr_clk (rise edge)
                                  0.000000    0.000000   clock source latency
     1    0.024443    0.000000    0.000000    0.000000 ^ wr_clk (in)
                                                         wr_clk (net)
                      0.001082    0.000541    0.000541 ^ clkbuf_0_wr_clk/A (sky130_fd_sc_hd__clkbuf_16)
    16    0.103832    0.091499    0.123118    0.123659 ^ clkbuf_0_wr_clk/X (sky130_fd_sc_hd__clkbuf_16)
                                                         clknet_0_wr_clk (net)
                      0.091504    0.000587    0.124247 ^ clkbuf_4_14_0_wr_clk/A (sky130_fd_sc_hd__clkbuf_8)
     2    0.018907    0.036968    0.103529    0.227775 ^ clkbuf_4_14_0_wr_clk/X (sky130_fd_sc_hd__clkbuf_8)
                                                         clknet_4_14_0_wr_clk (net)
                      0.036968    0.000210    0.227986 ^ clkbuf_5_28__f_wr_clk/A (sky130_fd_sc_hd__clkbuf_16)
     5    0.020778    0.031691    0.086797    0.314783 ^ clkbuf_5_28__f_wr_clk/X (sky130_fd_sc_hd__clkbuf_16)
                                                         clknet_5_28__leaf_wr_clk (net)
                      0.031691    0.000128    0.314911 ^ _1230_/CLK (sky130_fd_sc_hd__dfrtp_2)
                                  0.100000    0.414911   clock uncertainty
                                  0.000000    0.414911   clock reconvergence pessimism
                                 -0.021720    0.393191   library hold time
                                              0.393191   data required time
---------------------------------------------------------------------------------------------
                                              0.393191   data required time
                                             -0.736864   data arrival time
---------------------------------------------------------------------------------------------
                                              0.343673   slack (MET)


Startpoint: _1242_ (rising edge-triggered flip-flop clocked by rd_clk)
Endpoint: _1236_ (rising edge-triggered flip-flop clocked by rd_clk)
Path Group: rd_clk
Path Type: min

Fanout         Cap        Slew       Delay        Time   Description
---------------------------------------------------------------------------------------------
                                  0.000000    0.000000   clock rd_clk (rise edge)
                                  0.000000    0.000000   clock source latency
     1    0.013656    0.000000    0.000000    0.000000 ^ rd_clk (in)
                                                         rd_clk (net)
                      0.000587    0.000294    0.000294 ^ clkbuf_0_rd_clk/A (sky130_fd_sc_hd__clkbuf_16)
     4    0.038258    0.043842    0.087700    0.087993 ^ clkbuf_0_rd_clk/X (sky130_fd_sc_hd__clkbuf_16)
                                                         clknet_0_rd_clk (net)
                      0.043852    0.000594    0.088587 ^ clkbuf_2_2__f_rd_clk/A (sky130_fd_sc_hd__clkbuf_16)
     8    0.029784    0.037956    0.094876    0.183463 ^ clkbuf_2_2__f_rd_clk/X (sky130_fd_sc_hd__clkbuf_16)
                                                         clknet_2_2__leaf_rd_clk (net)
                      0.037962    0.000462    0.183925 ^ _1242_/CLK (sky130_fd_sc_hd__dfrtp_2)
     7    0.055276    0.199820    0.343288    0.527213 ^ _1242_/Q (sky130_fd_sc_hd__dfrtp_2)
                                                         rd_ptr_bin[3] (net)
                      0.199820    0.000302    0.527514 ^ _0562_/A (sky130_fd_sc_hd__xor2_2)
     3    0.010871    0.035255    0.073085    0.600599 v _0562_/X (sky130_fd_sc_hd__xor2_2)
                                                         u_rd_ptr_empty.rd_ptr_gray_next[2] (net)
                      0.035255    0.000195    0.600794 v _1236_/D (sky130_fd_sc_hd__dfrtp_2)
                                              0.600794   data arrival time

                                  0.000000    0.000000   clock rd_clk (rise edge)
                                  0.000000    0.000000   clock source latency
     1    0.013656    0.000000    0.000000    0.000000 ^ rd_clk (in)
                                                         rd_clk (net)
                      0.000587    0.000294    0.000294 ^ clkbuf_0_rd_clk/A (sky130_fd_sc_hd__clkbuf_16)
     4    0.038258    0.043842    0.087700    0.087993 ^ clkbuf_0_rd_clk/X (sky130_fd_sc_hd__clkbuf_16)
                                                         clknet_0_rd_clk (net)
                      0.043849    0.000501    0.088494 ^ clkbuf_2_3__f_rd_clk/A (sky130_fd_sc_hd__clkbuf_16)
     7    0.025459    0.034891    0.091918    0.180412 ^ clkbuf_2_3__f_rd_clk/X (sky130_fd_sc_hd__clkbuf_16)
                                                         clknet_2_3__leaf_rd_clk (net)
                      0.034897    0.000433    0.180845 ^ _1236_/CLK (sky130_fd_sc_hd__dfrtp_2)
                                  0.100000    0.280845   clock uncertainty
                                  0.000000    0.280845   clock reconvergence pessimism
                                 -0.030431    0.250413   library hold time
                                              0.250413   data required time
---------------------------------------------------------------------------------------------
                                              0.250413   data required time
                                             -0.600794   data arrival time
---------------------------------------------------------------------------------------------
                                              0.350380   slack (MET)


Startpoint: _1229_ (rising edge-triggered flip-flop clocked by wr_clk)
Endpoint: _1224_ (rising edge-triggered flip-flop clocked by wr_clk)
Path Group: wr_clk
Path Type: min

Fanout         Cap        Slew       Delay        Time   Description
---------------------------------------------------------------------------------------------
                                  0.000000    0.000000   clock wr_clk (rise edge)
                                  0.000000    0.000000   clock source latency
     1    0.024443    0.000000    0.000000    0.000000 ^ wr_clk (in)
                                                         wr_clk (net)
                      0.001082    0.000541    0.000541 ^ clkbuf_0_wr_clk/A (sky130_fd_sc_hd__clkbuf_16)
    16    0.103832    0.091499    0.123118    0.123659 ^ clkbuf_0_wr_clk/X (sky130_fd_sc_hd__clkbuf_16)
                                                         clknet_0_wr_clk (net)
                      0.091504    0.000587    0.124247 ^ clkbuf_4_14_0_wr_clk/A (sky130_fd_sc_hd__clkbuf_8)
     2    0.018907    0.036968    0.103529    0.227775 ^ clkbuf_4_14_0_wr_clk/X (sky130_fd_sc_hd__clkbuf_8)
                                                         clknet_4_14_0_wr_clk (net)
                      0.036968    0.000210    0.227986 ^ clkbuf_5_28__f_wr_clk/A (sky130_fd_sc_hd__clkbuf_16)
     5    0.020778    0.031691    0.086797    0.314783 ^ clkbuf_5_28__f_wr_clk/X (sky130_fd_sc_hd__clkbuf_16)
                                                         clknet_5_28__leaf_wr_clk (net)
                      0.031692    0.000219    0.315002 ^ _1229_/CLK (sky130_fd_sc_hd__dfrtp_2)
     3    0.010687    0.050799    0.230764    0.545766 ^ _1229_/Q (sky130_fd_sc_hd__dfrtp_2)
                                                         u_fifomem.wr_addr[0] (net)
                      0.050799    0.000139    0.545905 ^ _0564_/B1 (sky130_fd_sc_hd__a21o_2)
     1    0.004323    0.023305    0.057566    0.603471 ^ _0564_/X (sky130_fd_sc_hd__a21o_2)
                                                         _0162_ (net)
                      0.023305    0.000062    0.603533 ^ _0565_/A2 (sky130_fd_sc_hd__a22o_2)
     1    0.007242    0.036328    0.086460    0.689993 ^ _0565_/X (sky130_fd_sc_hd__a22o_2)
                                                         _0163_ (net)
                      0.036328    0.000128    0.690121 ^ _0566_/A (sky130_fd_sc_hd__buf_6)
     2    0.011908    0.026851    0.063083    0.753204 ^ _0566_/X (sky130_fd_sc_hd__buf_6)
                                                         u_wr_ptr_full.wr_ptr_gray_next[0] (net)
                      0.026851    0.000077    0.753281 ^ _1224_/D (sky130_fd_sc_hd__dfrtp_2)
                                              0.753281   data arrival time

                                  0.000000    0.000000   clock wr_clk (rise edge)
                                  0.000000    0.000000   clock source latency
     1    0.024443    0.000000    0.000000    0.000000 ^ wr_clk (in)
                                                         wr_clk (net)
                      0.001082    0.000541    0.000541 ^ clkbuf_0_wr_clk/A (sky130_fd_sc_hd__clkbuf_16)
    16    0.103832    0.091499    0.123118    0.123659 ^ clkbuf_0_wr_clk/X (sky130_fd_sc_hd__clkbuf_16)
                                                         clknet_0_wr_clk (net)
                      0.091504    0.000577    0.124236 ^ clkbuf_4_15_0_wr_clk/A (sky130_fd_sc_hd__clkbuf_8)
     2    0.018974    0.037049    0.103538    0.227774 ^ clkbuf_4_15_0_wr_clk/X (sky130_fd_sc_hd__clkbuf_8)
                                                         clknet_4_15_0_wr_clk (net)
                      0.037050    0.000292    0.228066 ^ clkbuf_5_30__f_wr_clk/A (sky130_fd_sc_hd__clkbuf_16)
     5    0.013174    0.026652    0.081592    0.309658 ^ clkbuf_5_30__f_wr_clk/X (sky130_fd_sc_hd__clkbuf_16)
                                                         clknet_5_30__leaf_wr_clk (net)
                      0.026652    0.000089    0.309747 ^ _1224_/CLK (sky130_fd_sc_hd__dfrtp_2)
                                  0.100000    0.409747   clock uncertainty
                                  0.000000    0.409747   clock reconvergence pessimism
                                 -0.019552    0.390195   library hold time
                                              0.390195   data required time
---------------------------------------------------------------------------------------------
                                              0.390195   data required time
                                             -0.753281   data arrival time
---------------------------------------------------------------------------------------------
                                              0.363086   slack (MET)


Startpoint: _1233_ (rising edge-triggered flip-flop clocked by wr_clk)
Endpoint: _1227_ (rising edge-triggered flip-flop clocked by wr_clk)
Path Group: wr_clk
Path Type: min

Fanout         Cap        Slew       Delay        Time   Description
---------------------------------------------------------------------------------------------
                                  0.000000    0.000000   clock wr_clk (rise edge)
                                  0.000000    0.000000   clock source latency
     1    0.024443    0.000000    0.000000    0.000000 ^ wr_clk (in)
                                                         wr_clk (net)
                      0.001082    0.000541    0.000541 ^ clkbuf_0_wr_clk/A (sky130_fd_sc_hd__clkbuf_16)
    16    0.103832    0.091499    0.123118    0.123659 ^ clkbuf_0_wr_clk/X (sky130_fd_sc_hd__clkbuf_16)
                                                         clknet_0_wr_clk (net)
                      0.091504    0.000577    0.124236 ^ clkbuf_4_15_0_wr_clk/A (sky130_fd_sc_hd__clkbuf_8)
     2    0.018974    0.037049    0.103538    0.227774 ^ clkbuf_4_15_0_wr_clk/X (sky130_fd_sc_hd__clkbuf_8)
                                                         clknet_4_15_0_wr_clk (net)
                      0.037054    0.000423    0.228197 ^ clkbuf_5_31__f_wr_clk/A (sky130_fd_sc_hd__clkbuf_16)
     5    0.014237    0.027356    0.082300    0.310497 ^ clkbuf_5_31__f_wr_clk/X (sky130_fd_sc_hd__clkbuf_16)
                                                         clknet_5_31__leaf_wr_clk (net)
                      0.027356    0.000197    0.310695 ^ _1233_/CLK (sky130_fd_sc_hd__dfrtp_2)
     3    0.016655    0.069385    0.245859    0.556553 ^ _1233_/Q (sky130_fd_sc_hd__dfrtp_2)
                                                         u_sync_w2r.wr_ptr_gray[4] (net)
                      0.069385    0.000143    0.556696 ^ _0569_/B (sky130_fd_sc_hd__and3_2)
     1    0.003064    0.028250    0.103898    0.660594 ^ _0569_/X (sky130_fd_sc_hd__and3_2)
                                                         _0164_ (net)
                      0.028250    0.000045    0.660639 ^ _0570_/B1_N (sky130_fd_sc_hd__o21ba_2)
     1    0.003060    0.016713    0.089735    0.750374 v _0570_/X (sky130_fd_sc_hd__o21ba_2)
                                                         u_wr_ptr_full.wr_ptr_gray_next[3] (net)
                      0.016713    0.000032    0.750406 v _1227_/D (sky130_fd_sc_hd__dfrtp_2)
                                              0.750406   data arrival time

                                  0.000000    0.000000   clock wr_clk (rise edge)
                                  0.000000    0.000000   clock source latency
     1    0.024443    0.000000    0.000000    0.000000 ^ wr_clk (in)
                                                         wr_clk (net)
                      0.001082    0.000541    0.000541 ^ clkbuf_0_wr_clk/A (sky130_fd_sc_hd__clkbuf_16)
    16    0.103832    0.091499    0.123118    0.123659 ^ clkbuf_0_wr_clk/X (sky130_fd_sc_hd__clkbuf_16)
                                                         clknet_0_wr_clk (net)
                      0.091504    0.000577    0.124236 ^ clkbuf_4_15_0_wr_clk/A (sky130_fd_sc_hd__clkbuf_8)
     2    0.018974    0.037049    0.103538    0.227774 ^ clkbuf_4_15_0_wr_clk/X (sky130_fd_sc_hd__clkbuf_8)
                                                         clknet_4_15_0_wr_clk (net)
                      0.037050    0.000292    0.228066 ^ clkbuf_5_30__f_wr_clk/A (sky130_fd_sc_hd__clkbuf_16)
     5    0.013174    0.026652    0.081592    0.309658 ^ clkbuf_5_30__f_wr_clk/X (sky130_fd_sc_hd__clkbuf_16)
                                                         clknet_5_30__leaf_wr_clk (net)
                      0.026652    0.000100    0.309758 ^ _1227_/CLK (sky130_fd_sc_hd__dfrtp_2)
                                  0.100000    0.409758   clock uncertainty
                                  0.000000    0.409758   clock reconvergence pessimism
                                 -0.025325    0.384433   library hold time
                                              0.384433   data required time
---------------------------------------------------------------------------------------------
                                              0.384433   data required time
                                             -0.750406   data arrival time
---------------------------------------------------------------------------------------------
                                              0.365973   slack (MET)


Startpoint: _1238_ (rising edge-triggered flip-flop clocked by rd_clk)
Endpoint: _1240_ (rising edge-triggered flip-flop clocked by rd_clk)
Path Group: rd_clk
Path Type: min

Fanout         Cap        Slew       Delay        Time   Description
---------------------------------------------------------------------------------------------
                                  0.000000    0.000000   clock rd_clk (rise edge)
                                  0.000000    0.000000   clock source latency
     1    0.013656    0.000000    0.000000    0.000000 ^ rd_clk (in)
                                                         rd_clk (net)
                      0.000587    0.000294    0.000294 ^ clkbuf_0_rd_clk/A (sky130_fd_sc_hd__clkbuf_16)
     4    0.038258    0.043842    0.087700    0.087993 ^ clkbuf_0_rd_clk/X (sky130_fd_sc_hd__clkbuf_16)
                                                         clknet_0_rd_clk (net)
                      0.043845    0.000399    0.088392 ^ clkbuf_2_1__f_rd_clk/A (sky130_fd_sc_hd__clkbuf_16)
     7    0.020161    0.031308    0.088339    0.176731 ^ clkbuf_2_1__f_rd_clk/X (sky130_fd_sc_hd__clkbuf_16)
                                                         clknet_2_1__leaf_rd_clk (net)
                      0.031308    0.000120    0.176851 ^ _1238_/CLK (sky130_fd_sc_hd__dfstp_2)
     5    0.022735    0.043535    0.249621    0.426472 v _1238_/Q (sky130_fd_sc_hd__dfstp_2)
                                                         net23 (net)
                      0.043557    0.000921    0.427393 v _0521_/A (sky130_fd_sc_hd__inv_2)
     4    0.017585    0.063838    0.068017    0.495410 ^ _0521_/Y (sky130_fd_sc_hd__inv_2)
                                                         _0133_ (net)
                      0.063838    0.000083    0.495493 ^ _0522_/B (sky130_fd_sc_hd__nand4_2)
     1    0.008747    0.061596    0.068910    0.564403 v _0522_/Y (sky130_fd_sc_hd__nand4_2)
                                                         _0134_ (net)
                      0.061597    0.000080    0.564483 v _0523_/B (sky130_fd_sc_hd__nand2_4)
     3    0.014766    0.040801    0.068651    0.633134 ^ _0523_/Y (sky130_fd_sc_hd__nand2_4)
                                                         rd_ptr_bin_next_wm[1] (net)
                      0.040817    0.000181    0.633314 ^ _1240_/D (sky130_fd_sc_hd__dfrtp_2)
                                              0.633314   data arrival time

                                  0.000000    0.000000   clock rd_clk (rise edge)
                                  0.000000    0.000000   clock source latency
     1    0.013656    0.000000    0.000000    0.000000 ^ rd_clk (in)
                                                         rd_clk (net)
                      0.000587    0.000294    0.000294 ^ clkbuf_0_rd_clk/A (sky130_fd_sc_hd__clkbuf_16)
     4    0.038258    0.043842    0.087700    0.087993 ^ clkbuf_0_rd_clk/X (sky130_fd_sc_hd__clkbuf_16)
                                                         clknet_0_rd_clk (net)
                      0.043852    0.000594    0.088587 ^ clkbuf_2_2__f_rd_clk/A (sky130_fd_sc_hd__clkbuf_16)
     8    0.029784    0.037956    0.094876    0.183463 ^ clkbuf_2_2__f_rd_clk/X (sky130_fd_sc_hd__clkbuf_16)
                                                         clknet_2_2__leaf_rd_clk (net)
                      0.037958    0.000293    0.183756 ^ _1240_/CLK (sky130_fd_sc_hd__dfrtp_2)
                                  0.100000    0.283756   clock uncertainty
                                  0.000000    0.283756   clock reconvergence pessimism
                                 -0.020277    0.263480   library hold time
                                              0.263480   data required time
---------------------------------------------------------------------------------------------
                                              0.263480   data required time
                                             -0.633314   data arrival time
---------------------------------------------------------------------------------------------
                                              0.369835   slack (MET)


Startpoint: _1203_ (rising edge-triggered flip-flop clocked by rd_clk)
Endpoint: _1190_ (removal check against rising-edge clock rd_clk)
Path Group: asynchronous
Path Type: min

Fanout         Cap        Slew       Delay        Time   Description
---------------------------------------------------------------------------------------------
                                  0.000000    0.000000   clock rd_clk (rise edge)
                                  0.000000    0.000000   clock source latency
     1    0.013656    0.000000    0.000000    0.000000 ^ rd_clk (in)
                                                         rd_clk (net)
                      0.000587    0.000294    0.000294 ^ clkbuf_0_rd_clk/A (sky130_fd_sc_hd__clkbuf_16)
     4    0.038258    0.043842    0.087700    0.087993 ^ clkbuf_0_rd_clk/X (sky130_fd_sc_hd__clkbuf_16)
                                                         clknet_0_rd_clk (net)
                      0.043849    0.000501    0.088494 ^ clkbuf_2_3__f_rd_clk/A (sky130_fd_sc_hd__clkbuf_16)
     7    0.025459    0.034891    0.091918    0.180412 ^ clkbuf_2_3__f_rd_clk/X (sky130_fd_sc_hd__clkbuf_16)
                                                         clknet_2_3__leaf_rd_clk (net)
                      0.034894    0.000345    0.180757 ^ _1203_/CLK (sky130_fd_sc_hd__dfrtp_2)
     2    0.008147    0.042645    0.224398    0.405156 ^ _1203_/Q (sky130_fd_sc_hd__dfrtp_2)
                                                         u_rd_reset_sync.sync_ff2 (net)
                      0.042645    0.000056    0.405211 ^ fanout76/A (sky130_fd_sc_hd__clkdlybuf4s25_1)
     8    0.041117    0.309342    0.356600    0.761811 ^ fanout76/X (sky130_fd_sc_hd__clkdlybuf4s25_1)
                                                         net76 (net)
                      0.309342    0.000249    0.762060 ^ _1190_/SET_B (sky130_fd_sc_hd__dfstp_2)
                                              0.762060   data arrival time

                                  0.000000    0.000000   clock rd_clk (rise edge)
                                  0.000000    0.000000   clock source latency
     1    0.013656    0.000000    0.000000    0.000000 ^ rd_clk (in)
                                                         rd_clk (net)
                      0.000587    0.000294    0.000294 ^ clkbuf_0_rd_clk/A (sky130_fd_sc_hd__clkbuf_16)
     4    0.038258    0.043842    0.087700    0.087993 ^ clkbuf_0_rd_clk/X (sky130_fd_sc_hd__clkbuf_16)
                                                         clknet_0_rd_clk (net)
                      0.043849    0.000501    0.088494 ^ clkbuf_2_3__f_rd_clk/A (sky130_fd_sc_hd__clkbuf_16)
     7    0.025459    0.034891    0.091918    0.180412 ^ clkbuf_2_3__f_rd_clk/X (sky130_fd_sc_hd__clkbuf_16)
                                                         clknet_2_3__leaf_rd_clk (net)
                      0.034894    0.000356    0.180768 ^ _1190_/CLK (sky130_fd_sc_hd__dfstp_2)
                                  0.100000    0.280768   clock uncertainty
                                  0.000000    0.280768   clock reconvergence pessimism
                                  0.106714    0.387482   library removal time
                                              0.387482   data required time
---------------------------------------------------------------------------------------------
                                              0.387482   data required time
                                             -0.762060   data arrival time
---------------------------------------------------------------------------------------------
                                              0.374578   slack (MET)


Startpoint: _1230_ (rising edge-triggered flip-flop clocked by wr_clk)
Endpoint: _1225_ (rising edge-triggered flip-flop clocked by wr_clk)
Path Group: wr_clk
Path Type: min

Fanout         Cap        Slew       Delay        Time   Description
---------------------------------------------------------------------------------------------
                                  0.000000    0.000000   clock wr_clk (rise edge)
                                  0.000000    0.000000   clock source latency
     1    0.024443    0.000000    0.000000    0.000000 ^ wr_clk (in)
                                                         wr_clk (net)
                      0.001082    0.000541    0.000541 ^ clkbuf_0_wr_clk/A (sky130_fd_sc_hd__clkbuf_16)
    16    0.103832    0.091499    0.123118    0.123659 ^ clkbuf_0_wr_clk/X (sky130_fd_sc_hd__clkbuf_16)
                                                         clknet_0_wr_clk (net)
                      0.091504    0.000587    0.124247 ^ clkbuf_4_14_0_wr_clk/A (sky130_fd_sc_hd__clkbuf_8)
     2    0.018907    0.036968    0.103529    0.227775 ^ clkbuf_4_14_0_wr_clk/X (sky130_fd_sc_hd__clkbuf_8)
                                                         clknet_4_14_0_wr_clk (net)
                      0.036968    0.000210    0.227986 ^ clkbuf_5_28__f_wr_clk/A (sky130_fd_sc_hd__clkbuf_16)
     5    0.020778    0.031691    0.086797    0.314783 ^ clkbuf_5_28__f_wr_clk/X (sky130_fd_sc_hd__clkbuf_16)
                                                         clknet_5_28__leaf_wr_clk (net)
                      0.031691    0.000128    0.314911 ^ _1230_/CLK (sky130_fd_sc_hd__dfrtp_2)
     8    0.032194    0.121550    0.285372    0.600282 ^ _1230_/Q (sky130_fd_sc_hd__dfrtp_2)
                                                         u_fifomem.wr_addr[1] (net)
                      0.121550    0.000111    0.600393 ^ _0540_/B1 (sky130_fd_sc_hd__a31oi_2)
     4    0.023540    0.062323    0.066315    0.666708 v _0540_/Y (sky130_fd_sc_hd__a31oi_2)
                                                         _0148_ (net)
                      0.062323    0.000273    0.666981 v _0567_/B (sky130_fd_sc_hd__xnor2_2)
     2    0.011763    0.045706    0.108023    0.775004 v _0567_/Y (sky130_fd_sc_hd__xnor2_2)
                                                         u_wr_ptr_full.wr_ptr_gray_next[1] (net)
                      0.045706    0.000108    0.775112 v _1225_/D (sky130_fd_sc_hd__dfrtp_2)
                                              0.775112   data arrival time

                                  0.000000    0.000000   clock wr_clk (rise edge)
                                  0.000000    0.000000   clock source latency
     1    0.024443    0.000000    0.000000    0.000000 ^ wr_clk (in)
                                                         wr_clk (net)
                      0.001082    0.000541    0.000541 ^ clkbuf_0_wr_clk/A (sky130_fd_sc_hd__clkbuf_16)
    16    0.103832    0.091499    0.123118    0.123659 ^ clkbuf_0_wr_clk/X (sky130_fd_sc_hd__clkbuf_16)
                                                         clknet_0_wr_clk (net)
                      0.091504    0.000587    0.124247 ^ clkbuf_4_14_0_wr_clk/A (sky130_fd_sc_hd__clkbuf_8)
     2    0.018907    0.036968    0.103529    0.227775 ^ clkbuf_4_14_0_wr_clk/X (sky130_fd_sc_hd__clkbuf_8)
                                                         clknet_4_14_0_wr_clk (net)
                      0.036968    0.000210    0.227986 ^ clkbuf_5_28__f_wr_clk/A (sky130_fd_sc_hd__clkbuf_16)
     5    0.020778    0.031691    0.086797    0.314783 ^ clkbuf_5_28__f_wr_clk/X (sky130_fd_sc_hd__clkbuf_16)
                                                         clknet_5_28__leaf_wr_clk (net)
                      0.031691    0.000099    0.314882 ^ _1225_/CLK (sky130_fd_sc_hd__dfrtp_2)
                                  0.100000    0.414882   clock uncertainty
                                  0.000000    0.414882   clock reconvergence pessimism
                                 -0.034101    0.380781   library hold time
                                              0.380781   data required time
---------------------------------------------------------------------------------------------
                                              0.380781   data required time
                                             -0.775112   data arrival time
---------------------------------------------------------------------------------------------
                                              0.394331   slack (MET)


Startpoint: _1238_ (rising edge-triggered flip-flop clocked by rd_clk)
Endpoint: _1234_ (rising edge-triggered flip-flop clocked by rd_clk)
Path Group: rd_clk
Path Type: min

Fanout         Cap        Slew       Delay        Time   Description
---------------------------------------------------------------------------------------------
                                  0.000000    0.000000   clock rd_clk (rise edge)
                                  0.000000    0.000000   clock source latency
     1    0.013656    0.000000    0.000000    0.000000 ^ rd_clk (in)
                                                         rd_clk (net)
                      0.000587    0.000294    0.000294 ^ clkbuf_0_rd_clk/A (sky130_fd_sc_hd__clkbuf_16)
     4    0.038258    0.043842    0.087700    0.087993 ^ clkbuf_0_rd_clk/X (sky130_fd_sc_hd__clkbuf_16)
                                                         clknet_0_rd_clk (net)
                      0.043845    0.000399    0.088392 ^ clkbuf_2_1__f_rd_clk/A (sky130_fd_sc_hd__clkbuf_16)
     7    0.020161    0.031308    0.088339    0.176731 ^ clkbuf_2_1__f_rd_clk/X (sky130_fd_sc_hd__clkbuf_16)
                                                         clknet_2_1__leaf_rd_clk (net)
                      0.031308    0.000120    0.176851 ^ _1238_/CLK (sky130_fd_sc_hd__dfstp_2)
     5    0.022735    0.043535    0.249621    0.426472 v _1238_/Q (sky130_fd_sc_hd__dfstp_2)
                                                         net23 (net)
                      0.043557    0.000921    0.427393 v _0521_/A (sky130_fd_sc_hd__inv_2)
     4    0.017585    0.063838    0.068017    0.495410 ^ _0521_/Y (sky130_fd_sc_hd__inv_2)
                                                         _0133_ (net)
                      0.063838    0.000044    0.495454 ^ _0551_/A1 (sky130_fd_sc_hd__a21oi_2)
     2    0.010793    0.037737    0.044336    0.539790 v _0551_/Y (sky130_fd_sc_hd__a21oi_2)
                                                         _0155_ (net)
                      0.037748    0.000125    0.539914 v _0557_/B (sky130_fd_sc_hd__xor2_2)
     2    0.012480    0.037815    0.106303    0.646217 v _0557_/X (sky130_fd_sc_hd__xor2_2)
                                                         u_rd_ptr_empty.rd_ptr_gray_next[0] (net)
                      0.037815    0.000156    0.646373 v _1234_/D (sky130_fd_sc_hd__dfrtp_2)
                                              0.646373   data arrival time

                                  0.000000    0.000000   clock rd_clk (rise edge)
                                  0.000000    0.000000   clock source latency
     1    0.013656    0.000000    0.000000    0.000000 ^ rd_clk (in)
                                                         rd_clk (net)
                      0.000587    0.000294    0.000294 ^ clkbuf_0_rd_clk/A (sky130_fd_sc_hd__clkbuf_16)
     4    0.038258    0.043842    0.087700    0.087993 ^ clkbuf_0_rd_clk/X (sky130_fd_sc_hd__clkbuf_16)
                                                         clknet_0_rd_clk (net)
                      0.043844    0.000370    0.088364 ^ clkbuf_2_0__f_rd_clk/A (sky130_fd_sc_hd__clkbuf_16)
     8    0.022080    0.032578    0.089639    0.178003 ^ clkbuf_2_0__f_rd_clk/X (sky130_fd_sc_hd__clkbuf_16)
                                                         clknet_2_0__leaf_rd_clk (net)
                      0.032579    0.000232    0.178234 ^ _1234_/CLK (sky130_fd_sc_hd__dfrtp_2)
                                  0.100000    0.278234   clock uncertainty
                                  0.000000    0.278234   clock reconvergence pessimism
                                 -0.031485    0.246749   library hold time
                                              0.246749   data required time
---------------------------------------------------------------------------------------------
                                              0.246749   data required time
                                             -0.646373   data arrival time
---------------------------------------------------------------------------------------------
                                              0.399624   slack (MET)


Startpoint: _1238_ (rising edge-triggered flip-flop clocked by rd_clk)
Endpoint: _1239_ (rising edge-triggered flip-flop clocked by rd_clk)
Path Group: rd_clk
Path Type: min

Fanout         Cap        Slew       Delay        Time   Description
---------------------------------------------------------------------------------------------
                                  0.000000    0.000000   clock rd_clk (rise edge)
                                  0.000000    0.000000   clock source latency
     1    0.013656    0.000000    0.000000    0.000000 ^ rd_clk (in)
                                                         rd_clk (net)
                      0.000587    0.000294    0.000294 ^ clkbuf_0_rd_clk/A (sky130_fd_sc_hd__clkbuf_16)
     4    0.038258    0.043842    0.087700    0.087993 ^ clkbuf_0_rd_clk/X (sky130_fd_sc_hd__clkbuf_16)
                                                         clknet_0_rd_clk (net)
                      0.043845    0.000399    0.088392 ^ clkbuf_2_1__f_rd_clk/A (sky130_fd_sc_hd__clkbuf_16)
     7    0.020161    0.031308    0.088339    0.176731 ^ clkbuf_2_1__f_rd_clk/X (sky130_fd_sc_hd__clkbuf_16)
                                                         clknet_2_1__leaf_rd_clk (net)
                      0.031308    0.000120    0.176851 ^ _1238_/CLK (sky130_fd_sc_hd__dfstp_2)
     5    0.022735    0.043535    0.249621    0.426472 v _1238_/Q (sky130_fd_sc_hd__dfstp_2)
                                                         net23 (net)
                      0.043559    0.000968    0.427440 v _0530_/A_N (sky130_fd_sc_hd__and3b_4)
     3    0.034037    0.099058    0.232593    0.660033 ^ _0530_/X (sky130_fd_sc_hd__and3b_4)
                                                         _0140_ (net)
                      0.099058    0.000336    0.660369 ^ _0552_/A (sky130_fd_sc_hd__nor2_8)
     5    0.019322    0.029646    0.035437    0.695806 v _0552_/Y (sky130_fd_sc_hd__nor2_8)
                                                         rd_ptr_bin_next_wm[0] (net)
                      0.029646    0.000160    0.695965 v _1239_/D (sky130_fd_sc_hd__dfrtp_2)
                                              0.695965   data arrival time

                                  0.000000    0.000000   clock rd_clk (rise edge)
                                  0.000000    0.000000   clock source latency
     1    0.013656    0.000000    0.000000    0.000000 ^ rd_clk (in)
                                                         rd_clk (net)
                      0.000587    0.000294    0.000294 ^ clkbuf_0_rd_clk/A (sky130_fd_sc_hd__clkbuf_16)
     4    0.038258    0.043842    0.087700    0.087993 ^ clkbuf_0_rd_clk/X (sky130_fd_sc_hd__clkbuf_16)
                                                         clknet_0_rd_clk (net)
                      0.043852    0.000594    0.088587 ^ clkbuf_2_2__f_rd_clk/A (sky130_fd_sc_hd__clkbuf_16)
     8    0.029784    0.037956    0.094876    0.183463 ^ clkbuf_2_2__f_rd_clk/X (sky130_fd_sc_hd__clkbuf_16)
                                                         clknet_2_2__leaf_rd_clk (net)
                      0.037958    0.000306    0.183769 ^ _1239_/CLK (sky130_fd_sc_hd__dfrtp_2)
                                  0.100000    0.283769   clock uncertainty
                                  0.000000    0.283769   clock reconvergence pessimism
                                 -0.028327    0.255442   library hold time
                                              0.255442   data required time
---------------------------------------------------------------------------------------------
                                              0.255442   data required time
                                             -0.695965   data arrival time
---------------------------------------------------------------------------------------------
                                              0.440523   slack (MET)


Startpoint: _1238_ (rising edge-triggered flip-flop clocked by rd_clk)
Endpoint: _1241_ (rising edge-triggered flip-flop clocked by rd_clk)
Path Group: rd_clk
Path Type: min

Fanout         Cap        Slew       Delay        Time   Description
---------------------------------------------------------------------------------------------
                                  0.000000    0.000000   clock rd_clk (rise edge)
                                  0.000000    0.000000   clock source latency
     1    0.013656    0.000000    0.000000    0.000000 ^ rd_clk (in)
                                                         rd_clk (net)
                      0.000587    0.000294    0.000294 ^ clkbuf_0_rd_clk/A (sky130_fd_sc_hd__clkbuf_16)
     4    0.038258    0.043842    0.087700    0.087993 ^ clkbuf_0_rd_clk/X (sky130_fd_sc_hd__clkbuf_16)
                                                         clknet_0_rd_clk (net)
                      0.043845    0.000399    0.088392 ^ clkbuf_2_1__f_rd_clk/A (sky130_fd_sc_hd__clkbuf_16)
     7    0.020161    0.031308    0.088339    0.176731 ^ clkbuf_2_1__f_rd_clk/X (sky130_fd_sc_hd__clkbuf_16)
                                                         clknet_2_1__leaf_rd_clk (net)
                      0.031308    0.000120    0.176851 ^ _1238_/CLK (sky130_fd_sc_hd__dfstp_2)
     5    0.022735    0.043535    0.249621    0.426472 v _1238_/Q (sky130_fd_sc_hd__dfstp_2)
                                                         net23 (net)
                      0.043557    0.000921    0.427393 v _0521_/A (sky130_fd_sc_hd__inv_2)
     4    0.017585    0.063838    0.068017    0.495410 ^ _0521_/Y (sky130_fd_sc_hd__inv_2)
                                                         _0133_ (net)
                      0.063838    0.000099    0.495509 ^ _0524_/A (sky130_fd_sc_hd__nand4_2)
     2    0.007274    0.056438    0.053893    0.549403 v _0524_/Y (sky130_fd_sc_hd__nand4_2)
                                                         _0135_ (net)
                      0.056438    0.000050    0.549453 v _0528_/A2 (sky130_fd_sc_hd__o21ai_2)
     3    0.012130    0.056968    0.125931    0.675384 ^ _0528_/Y (sky130_fd_sc_hd__o21ai_2)
                                                         _0139_ (net)
                      0.056969    0.000249    0.675632 ^ _0529_/A (sky130_fd_sc_hd__inv_2)
     3    0.011083    0.026899    0.030628    0.706260 v _0529_/Y (sky130_fd_sc_hd__inv_2)
                                                         rd_ptr_bin_next_wm[2] (net)
                      0.026900    0.000156    0.706416 v _1241_/D (sky130_fd_sc_hd__dfrtp_2)
                                              0.706416   data arrival time

                                  0.000000    0.000000   clock rd_clk (rise edge)
                                  0.000000    0.000000   clock source latency
     1    0.013656    0.000000    0.000000    0.000000 ^ rd_clk (in)
                                                         rd_clk (net)
                      0.000587    0.000294    0.000294 ^ clkbuf_0_rd_clk/A (sky130_fd_sc_hd__clkbuf_16)
     4    0.038258    0.043842    0.087700    0.087993 ^ clkbuf_0_rd_clk/X (sky130_fd_sc_hd__clkbuf_16)
                                                         clknet_0_rd_clk (net)
                      0.043852    0.000594    0.088587 ^ clkbuf_2_2__f_rd_clk/A (sky130_fd_sc_hd__clkbuf_16)
     8    0.029784    0.037956    0.094876    0.183463 ^ clkbuf_2_2__f_rd_clk/X (sky130_fd_sc_hd__clkbuf_16)
                                                         clknet_2_2__leaf_rd_clk (net)
                      0.037958    0.000290    0.183753 ^ _1241_/CLK (sky130_fd_sc_hd__dfrtp_2)
                                  0.100000    0.283753   clock uncertainty
                                  0.000000    0.283753   clock reconvergence pessimism
                                 -0.027447    0.256306   library hold time
                                              0.256306   data required time
---------------------------------------------------------------------------------------------
                                              0.256306   data required time
                                             -0.706416   data arrival time
---------------------------------------------------------------------------------------------
                                              0.450110   slack (MET)


Startpoint: _1228_ (rising edge-triggered flip-flop clocked by wr_clk)
Endpoint: _1229_ (rising edge-triggered flip-flop clocked by wr_clk)
Path Group: wr_clk
Path Type: min

Fanout         Cap        Slew       Delay        Time   Description
---------------------------------------------------------------------------------------------
                                  0.000000    0.000000   clock wr_clk (rise edge)
                                  0.000000    0.000000   clock source latency
     1    0.024443    0.000000    0.000000    0.000000 ^ wr_clk (in)
                                                         wr_clk (net)
                      0.001082    0.000541    0.000541 ^ clkbuf_0_wr_clk/A (sky130_fd_sc_hd__clkbuf_16)
    16    0.103832    0.091499    0.123118    0.123659 ^ clkbuf_0_wr_clk/X (sky130_fd_sc_hd__clkbuf_16)
                                                         clknet_0_wr_clk (net)
                      0.091504    0.000587    0.124247 ^ clkbuf_4_14_0_wr_clk/A (sky130_fd_sc_hd__clkbuf_8)
     2    0.018907    0.036968    0.103529    0.227775 ^ clkbuf_4_14_0_wr_clk/X (sky130_fd_sc_hd__clkbuf_8)
                                                         clknet_4_14_0_wr_clk (net)
                      0.036969    0.000246    0.228022 ^ clkbuf_5_29__f_wr_clk/A (sky130_fd_sc_hd__clkbuf_16)
     5    0.014364    0.027440    0.082373    0.310395 ^ clkbuf_5_29__f_wr_clk/X (sky130_fd_sc_hd__clkbuf_16)
                                                         clknet_5_29__leaf_wr_clk (net)
                      0.027440    0.000160    0.310555 ^ _1228_/CLK (sky130_fd_sc_hd__dfrtp_2)
     3    0.015099    0.064217    0.242046    0.552601 ^ _1228_/Q (sky130_fd_sc_hd__dfrtp_2)
                                                         net24 (net)
                      0.064217    0.000278    0.552879 ^ _0539_/A (sky130_fd_sc_hd__inv_2)
     6    0.021069    0.040274    0.045179    0.598058 v _0539_/Y (sky130_fd_sc_hd__inv_2)
                                                         _0147_ (net)
                      0.040279    0.000348    0.598406 v _0554_/A1 (sky130_fd_sc_hd__a21oi_2)
     2    0.008047    0.090959    0.106485    0.704891 ^ _0554_/Y (sky130_fd_sc_hd__a21oi_2)
                                                         _0157_ (net)
                      0.090959    0.000076    0.704966 ^ _0555_/B (sky130_fd_sc_hd__or2_2)
     3    0.015722    0.067002    0.112128    0.817094 ^ _0555_/X (sky130_fd_sc_hd__or2_2)
                                                         _0158_ (net)
                      0.067002    0.000280    0.817374 ^ _0556_/A (sky130_fd_sc_hd__inv_2)
     2    0.010436    0.027999    0.030245    0.847619 v _0556_/Y (sky130_fd_sc_hd__inv_2)
                                                         u_wr_ptr_full.wr_ptr_bin_next[0] (net)
                      0.027999    0.000133    0.847752 v _1229_/D (sky130_fd_sc_hd__dfrtp_2)
                                              0.847752   data arrival time

                                  0.000000    0.000000   clock wr_clk (rise edge)
                                  0.000000    0.000000   clock source latency
     1    0.024443    0.000000    0.000000    0.000000 ^ wr_clk (in)
                                                         wr_clk (net)
                      0.001082    0.000541    0.000541 ^ clkbuf_0_wr_clk/A (sky130_fd_sc_hd__clkbuf_16)
    16    0.103832    0.091499    0.123118    0.123659 ^ clkbuf_0_wr_clk/X (sky130_fd_sc_hd__clkbuf_16)
                                                         clknet_0_wr_clk (net)
                      0.091504    0.000587    0.124247 ^ clkbuf_4_14_0_wr_clk/A (sky130_fd_sc_hd__clkbuf_8)
     2    0.018907    0.036968    0.103529    0.227775 ^ clkbuf_4_14_0_wr_clk/X (sky130_fd_sc_hd__clkbuf_8)
                                                         clknet_4_14_0_wr_clk (net)
                      0.036968    0.000210    0.227986 ^ clkbuf_5_28__f_wr_clk/A (sky130_fd_sc_hd__clkbuf_16)
     5    0.020778    0.031691    0.086797    0.314783 ^ clkbuf_5_28__f_wr_clk/X (sky130_fd_sc_hd__clkbuf_16)
                                                         clknet_5_28__leaf_wr_clk (net)
                      0.031692    0.000219    0.315002 ^ _1229_/CLK (sky130_fd_sc_hd__dfrtp_2)
                                  0.100000    0.415002   clock uncertainty
                                  0.000000    0.415002   clock reconvergence pessimism
                                 -0.028431    0.386571   library hold time
                                              0.386571   data required time
---------------------------------------------------------------------------------------------
                                              0.386571   data required time
                                             -0.847752   data arrival time
---------------------------------------------------------------------------------------------
                                              0.461181   slack (MET)


Startpoint: _1223_ (rising edge-triggered flip-flop clocked by wr_clk)
Endpoint: _1228_ (rising edge-triggered flip-flop clocked by wr_clk)
Path Group: wr_clk
Path Type: min

Fanout         Cap        Slew       Delay        Time   Description
---------------------------------------------------------------------------------------------
                                  0.000000    0.000000   clock wr_clk (rise edge)
                                  0.000000    0.000000   clock source latency
     1    0.024443    0.000000    0.000000    0.000000 ^ wr_clk (in)
                                                         wr_clk (net)
                      0.001082    0.000541    0.000541 ^ clkbuf_0_wr_clk/A (sky130_fd_sc_hd__clkbuf_16)
    16    0.103832    0.091499    0.123118    0.123659 ^ clkbuf_0_wr_clk/X (sky130_fd_sc_hd__clkbuf_16)
                                                         clknet_0_wr_clk (net)
                      0.091504    0.000587    0.124247 ^ clkbuf_4_14_0_wr_clk/A (sky130_fd_sc_hd__clkbuf_8)
     2    0.018907    0.036968    0.103529    0.227775 ^ clkbuf_4_14_0_wr_clk/X (sky130_fd_sc_hd__clkbuf_8)
                                                         clknet_4_14_0_wr_clk (net)
                      0.036969    0.000246    0.228022 ^ clkbuf_5_29__f_wr_clk/A (sky130_fd_sc_hd__clkbuf_16)
     5    0.014364    0.027440    0.082373    0.310395 ^ clkbuf_5_29__f_wr_clk/X (sky130_fd_sc_hd__clkbuf_16)
                                                         clknet_5_29__leaf_wr_clk (net)
                      0.027440    0.000222    0.310617 ^ _1223_/CLK (sky130_fd_sc_hd__dfrtp_2)
     8    0.041893    0.154269    0.308054    0.618670 ^ _1223_/Q (sky130_fd_sc_hd__dfrtp_2)
                                                         u_sync_r2w.sync_stage2[4] (net)
                      0.154269    0.000137    0.618807 ^ _0632_/A (sky130_fd_sc_hd__xnor2_2)
     2    0.006965    0.032792    0.056429    0.675235 v _0632_/Y (sky130_fd_sc_hd__xnor2_2)
                                                         _0226_ (net)
                      0.032792    0.000048    0.675283 v _0716_/C (sky130_fd_sc_hd__and4_4)
     1    0.005347    0.022407    0.114163    0.789446 v _0716_/X (sky130_fd_sc_hd__and4_4)
                                                         _0307_ (net)
                      0.022407    0.000066    0.789512 v _0717_/A (sky130_fd_sc_hd__buf_6)
     1    0.002669    0.014244    0.064237    0.853750 v _0717_/X (sky130_fd_sc_hd__buf_6)
                                                         u_wr_ptr_full.full_val (net)
                      0.014244    0.000017    0.853766 v _1228_/D (sky130_fd_sc_hd__dfrtp_2)
                                              0.853766   data arrival time

                                  0.000000    0.000000   clock wr_clk (rise edge)
                                  0.000000    0.000000   clock source latency
     1    0.024443    0.000000    0.000000    0.000000 ^ wr_clk (in)
                                                         wr_clk (net)
                      0.001082    0.000541    0.000541 ^ clkbuf_0_wr_clk/A (sky130_fd_sc_hd__clkbuf_16)
    16    0.103832    0.091499    0.123118    0.123659 ^ clkbuf_0_wr_clk/X (sky130_fd_sc_hd__clkbuf_16)
                                                         clknet_0_wr_clk (net)
                      0.091504    0.000587    0.124247 ^ clkbuf_4_14_0_wr_clk/A (sky130_fd_sc_hd__clkbuf_8)
     2    0.018907    0.036968    0.103529    0.227775 ^ clkbuf_4_14_0_wr_clk/X (sky130_fd_sc_hd__clkbuf_8)
                                                         clknet_4_14_0_wr_clk (net)
                      0.036969    0.000246    0.228022 ^ clkbuf_5_29__f_wr_clk/A (sky130_fd_sc_hd__clkbuf_16)
     5    0.014364    0.027440    0.082373    0.310395 ^ clkbuf_5_29__f_wr_clk/X (sky130_fd_sc_hd__clkbuf_16)
                                                         clknet_5_29__leaf_wr_clk (net)
                      0.027440    0.000160    0.310555 ^ _1228_/CLK (sky130_fd_sc_hd__dfrtp_2)
                                  0.100000    0.410554   clock uncertainty
                                  0.000000    0.410554   clock reconvergence pessimism
                                 -0.024455    0.386099   library hold time
                                              0.386099   data required time
---------------------------------------------------------------------------------------------
                                              0.386099   data required time
                                             -0.853766   data arrival time
---------------------------------------------------------------------------------------------
                                              0.467667   slack (MET)


Startpoint: _1242_ (rising edge-triggered flip-flop clocked by rd_clk)
Endpoint: _1242_ (rising edge-triggered flip-flop clocked by rd_clk)
Path Group: rd_clk
Path Type: min

Fanout         Cap        Slew       Delay        Time   Description
---------------------------------------------------------------------------------------------
                                  0.000000    0.000000   clock rd_clk (rise edge)
                                  0.000000    0.000000   clock source latency
     1    0.013656    0.000000    0.000000    0.000000 ^ rd_clk (in)
                                                         rd_clk (net)
                      0.000587    0.000294    0.000294 ^ clkbuf_0_rd_clk/A (sky130_fd_sc_hd__clkbuf_16)
     4    0.038258    0.043842    0.087700    0.087993 ^ clkbuf_0_rd_clk/X (sky130_fd_sc_hd__clkbuf_16)
                                                         clknet_0_rd_clk (net)
                      0.043852    0.000594    0.088587 ^ clkbuf_2_2__f_rd_clk/A (sky130_fd_sc_hd__clkbuf_16)
     8    0.029784    0.037956    0.094876    0.183463 ^ clkbuf_2_2__f_rd_clk/X (sky130_fd_sc_hd__clkbuf_16)
                                                         clknet_2_2__leaf_rd_clk (net)
                      0.037962    0.000462    0.183925 ^ _1242_/CLK (sky130_fd_sc_hd__dfrtp_2)
     7    0.052609    0.104100    0.327035    0.510959 v _1242_/Q (sky130_fd_sc_hd__dfrtp_2)
                                                         rd_ptr_bin[3] (net)
                      0.104100    0.000537    0.511497 v _0532_/A (sky130_fd_sc_hd__inv_2)
     2    0.007484    0.043038    0.064998    0.576495 ^ _0532_/Y (sky130_fd_sc_hd__inv_2)
                                                         _0142_ (net)
                      0.043038    0.000027    0.576521 ^ _0533_/B1 (sky130_fd_sc_hd__o21ai_2)
     4    0.025900    0.057002    0.057182    0.633703 v _0533_/Y (sky130_fd_sc_hd__o21ai_2)
                                                         _0143_ (net)
                      0.057005    0.000340    0.634043 v _0534_/B (sky130_fd_sc_hd__nand2_2)
     3    0.013376    0.064663    0.078017    0.712060 ^ _0534_/Y (sky130_fd_sc_hd__nand2_2)
                                                         _0144_ (net)
                      0.064663    0.000040    0.712100 ^ _0535_/A (sky130_fd_sc_hd__inv_2)
     1    0.003291    0.017171    0.016168    0.728269 v _0535_/Y (sky130_fd_sc_hd__inv_2)
                                                         rd_ptr_bin_next_wm[3] (net)
                      0.017171    0.000041    0.728309 v _1242_/D (sky130_fd_sc_hd__dfrtp_2)
                                              0.728309   data arrival time

                                  0.000000    0.000000   clock rd_clk (rise edge)
                                  0.000000    0.000000   clock source latency
     1    0.013656    0.000000    0.000000    0.000000 ^ rd_clk (in)
                                                         rd_clk (net)
                      0.000587    0.000294    0.000294 ^ clkbuf_0_rd_clk/A (sky130_fd_sc_hd__clkbuf_16)
     4    0.038258    0.043842    0.087700    0.087993 ^ clkbuf_0_rd_clk/X (sky130_fd_sc_hd__clkbuf_16)
                                                         clknet_0_rd_clk (net)
                      0.043852    0.000594    0.088587 ^ clkbuf_2_2__f_rd_clk/A (sky130_fd_sc_hd__clkbuf_16)
     8    0.029784    0.037956    0.094876    0.183463 ^ clkbuf_2_2__f_rd_clk/X (sky130_fd_sc_hd__clkbuf_16)
                                                         clknet_2_2__leaf_rd_clk (net)
                      0.037962    0.000462    0.183925 ^ _1242_/CLK (sky130_fd_sc_hd__dfrtp_2)
                                  0.100000    0.283925   clock uncertainty
                                  0.000000    0.283925   clock reconvergence pessimism
                                 -0.024331    0.259593   library hold time
                                              0.259593   data required time
---------------------------------------------------------------------------------------------
                                              0.259593   data required time
                                             -0.728309   data arrival time
---------------------------------------------------------------------------------------------
                                              0.468716   slack (MET)


Startpoint: _1232_ (rising edge-triggered flip-flop clocked by wr_clk)
Endpoint: _1226_ (rising edge-triggered flip-flop clocked by wr_clk)
Path Group: wr_clk
Path Type: min

Fanout         Cap        Slew       Delay        Time   Description
---------------------------------------------------------------------------------------------
                                  0.000000    0.000000   clock wr_clk (rise edge)
                                  0.000000    0.000000   clock source latency
     1    0.024443    0.000000    0.000000    0.000000 ^ wr_clk (in)
                                                         wr_clk (net)
                      0.001082    0.000541    0.000541 ^ clkbuf_0_wr_clk/A (sky130_fd_sc_hd__clkbuf_16)
    16    0.103832    0.091499    0.123118    0.123659 ^ clkbuf_0_wr_clk/X (sky130_fd_sc_hd__clkbuf_16)
                                                         clknet_0_wr_clk (net)
                      0.091504    0.000577    0.124236 ^ clkbuf_4_15_0_wr_clk/A (sky130_fd_sc_hd__clkbuf_8)
     2    0.018974    0.037049    0.103538    0.227774 ^ clkbuf_4_15_0_wr_clk/X (sky130_fd_sc_hd__clkbuf_8)
                                                         clknet_4_15_0_wr_clk (net)
                      0.037050    0.000292    0.228066 ^ clkbuf_5_30__f_wr_clk/A (sky130_fd_sc_hd__clkbuf_16)
     5    0.013174    0.026652    0.081592    0.309658 ^ clkbuf_5_30__f_wr_clk/X (sky130_fd_sc_hd__clkbuf_16)
                                                         clknet_5_30__leaf_wr_clk (net)
                      0.026652    0.000123    0.309781 ^ _1232_/CLK (sky130_fd_sc_hd__dfrtp_2)
     1    0.002665    0.025409    0.204031    0.513812 ^ _1232_/Q (sky130_fd_sc_hd__dfrtp_2)
                                                         u_fifomem.wr_addr[3] (net)
                      0.025409    0.000023    0.513835 ^ fanout66/A (sky130_fd_sc_hd__clkdlybuf4s25_1)
     4    0.025658    0.196357    0.272981    0.786816 ^ fanout66/X (sky130_fd_sc_hd__clkdlybuf4s25_1)
                                                         net66 (net)
                      0.196357    0.000353    0.787169 ^ _0568_/A (sky130_fd_sc_hd__xnor2_2)
     2    0.011715    0.044630    0.071311    0.858480 v _0568_/Y (sky130_fd_sc_hd__xnor2_2)
                                                         u_wr_ptr_full.wr_ptr_gray_next[2] (net)
                      0.044630    0.000110    0.858590 v _1226_/D (sky130_fd_sc_hd__dfrtp_2)
                                              0.858590   data arrival time

                                  0.000000    0.000000   clock wr_clk (rise edge)
                                  0.000000    0.000000   clock source latency
     1    0.024443    0.000000    0.000000    0.000000 ^ wr_clk (in)
                                                         wr_clk (net)
                      0.001082    0.000541    0.000541 ^ clkbuf_0_wr_clk/A (sky130_fd_sc_hd__clkbuf_16)
    16    0.103832    0.091499    0.123118    0.123659 ^ clkbuf_0_wr_clk/X (sky130_fd_sc_hd__clkbuf_16)
                                                         clknet_0_wr_clk (net)
                      0.091504    0.000577    0.124236 ^ clkbuf_4_15_0_wr_clk/A (sky130_fd_sc_hd__clkbuf_8)
     2    0.018974    0.037049    0.103538    0.227774 ^ clkbuf_4_15_0_wr_clk/X (sky130_fd_sc_hd__clkbuf_8)
                                                         clknet_4_15_0_wr_clk (net)
                      0.037054    0.000423    0.228197 ^ clkbuf_5_31__f_wr_clk/A (sky130_fd_sc_hd__clkbuf_16)
     5    0.014237    0.027356    0.082300    0.310497 ^ clkbuf_5_31__f_wr_clk/X (sky130_fd_sc_hd__clkbuf_16)
                                                         clknet_5_31__leaf_wr_clk (net)
                      0.027356    0.000218    0.310715 ^ _1226_/CLK (sky130_fd_sc_hd__dfrtp_2)
                                  0.100000    0.410715   clock uncertainty
                                  0.000000    0.410715   clock reconvergence pessimism
                                 -0.034193    0.376522   library hold time
                                              0.376522   data required time
---------------------------------------------------------------------------------------------
                                              0.376522   data required time
                                             -0.858590   data arrival time
---------------------------------------------------------------------------------------------
                                              0.482068   slack (MET)


Startpoint: _1238_ (rising edge-triggered flip-flop clocked by rd_clk)
Endpoint: _1235_ (rising edge-triggered flip-flop clocked by rd_clk)
Path Group: rd_clk
Path Type: min

Fanout         Cap        Slew       Delay        Time   Description
---------------------------------------------------------------------------------------------
                                  0.000000    0.000000   clock rd_clk (rise edge)
                                  0.000000    0.000000   clock source latency
     1    0.013656    0.000000    0.000000    0.000000 ^ rd_clk (in)
                                                         rd_clk (net)
                      0.000587    0.000294    0.000294 ^ clkbuf_0_rd_clk/A (sky130_fd_sc_hd__clkbuf_16)
     4    0.038258    0.043842    0.087700    0.087993 ^ clkbuf_0_rd_clk/X (sky130_fd_sc_hd__clkbuf_16)
                                                         clknet_0_rd_clk (net)
                      0.043845    0.000399    0.088392 ^ clkbuf_2_1__f_rd_clk/A (sky130_fd_sc_hd__clkbuf_16)
     7    0.020161    0.031308    0.088339    0.176731 ^ clkbuf_2_1__f_rd_clk/X (sky130_fd_sc_hd__clkbuf_16)
                                                         clknet_2_1__leaf_rd_clk (net)
                      0.031308    0.000120    0.176851 ^ _1238_/CLK (sky130_fd_sc_hd__dfstp_2)
     5    0.022735    0.043535    0.249621    0.426472 v _1238_/Q (sky130_fd_sc_hd__dfstp_2)
                                                         net23 (net)
                      0.043557    0.000921    0.427393 v _0521_/A (sky130_fd_sc_hd__inv_2)
     4    0.017585    0.063838    0.068017    0.495410 ^ _0521_/Y (sky130_fd_sc_hd__inv_2)
                                                         _0133_ (net)
                      0.063838    0.000026    0.495436 ^ _0558_/A1 (sky130_fd_sc_hd__a311o_2)
     1    0.002482    0.024378    0.090556    0.585992 ^ _0558_/X (sky130_fd_sc_hd__a311o_2)
                                                         _0159_ (net)
                      0.024378    0.000027    0.586019 ^ _0560_/A (sky130_fd_sc_hd__and2_2)
     1    0.002299    0.023239    0.071175    0.657194 ^ _0560_/X (sky130_fd_sc_hd__and2_2)
                                                         _0161_ (net)
                      0.023239    0.000021    0.657215 ^ _0561_/A (sky130_fd_sc_hd__buf_2)
     3    0.015155    0.060190    0.088138    0.745353 ^ _0561_/X (sky130_fd_sc_hd__buf_2)
                                                         u_rd_ptr_empty.rd_ptr_gray_next[1] (net)
                      0.060190    0.000110    0.745463 ^ _1235_/D (sky130_fd_sc_hd__dfrtp_2)
                                              0.745463   data arrival time

                                  0.000000    0.000000   clock rd_clk (rise edge)
                                  0.000000    0.000000   clock source latency
     1    0.013656    0.000000    0.000000    0.000000 ^ rd_clk (in)
                                                         rd_clk (net)
                      0.000587    0.000294    0.000294 ^ clkbuf_0_rd_clk/A (sky130_fd_sc_hd__clkbuf_16)
     4    0.038258    0.043842    0.087700    0.087993 ^ clkbuf_0_rd_clk/X (sky130_fd_sc_hd__clkbuf_16)
                                                         clknet_0_rd_clk (net)
                      0.043844    0.000370    0.088364 ^ clkbuf_2_0__f_rd_clk/A (sky130_fd_sc_hd__clkbuf_16)
     8    0.022080    0.032578    0.089639    0.178003 ^ clkbuf_2_0__f_rd_clk/X (sky130_fd_sc_hd__clkbuf_16)
                                                         clknet_2_0__leaf_rd_clk (net)
                      0.032580    0.000307    0.178309 ^ _1235_/CLK (sky130_fd_sc_hd__dfrtp_2)
                                  0.100000    0.278309   clock uncertainty
                                  0.000000    0.278309   clock reconvergence pessimism
                                 -0.021838    0.256471   library hold time
                                              0.256471   data required time
---------------------------------------------------------------------------------------------
                                              0.256471   data required time
                                             -0.745463   data arrival time
---------------------------------------------------------------------------------------------
                                              0.488991   slack (MET)


Startpoint: _1230_ (rising edge-triggered flip-flop clocked by wr_clk)
Endpoint: _1231_ (rising edge-triggered flip-flop clocked by wr_clk)
Path Group: wr_clk
Path Type: min

Fanout         Cap        Slew       Delay        Time   Description
---------------------------------------------------------------------------------------------
                                  0.000000    0.000000   clock wr_clk (rise edge)
                                  0.000000    0.000000   clock source latency
     1    0.024443    0.000000    0.000000    0.000000 ^ wr_clk (in)
                                                         wr_clk (net)
                      0.001082    0.000541    0.000541 ^ clkbuf_0_wr_clk/A (sky130_fd_sc_hd__clkbuf_16)
    16    0.103832    0.091499    0.123118    0.123659 ^ clkbuf_0_wr_clk/X (sky130_fd_sc_hd__clkbuf_16)
                                                         clknet_0_wr_clk (net)
                      0.091504    0.000587    0.124247 ^ clkbuf_4_14_0_wr_clk/A (sky130_fd_sc_hd__clkbuf_8)
     2    0.018907    0.036968    0.103529    0.227775 ^ clkbuf_4_14_0_wr_clk/X (sky130_fd_sc_hd__clkbuf_8)
                                                         clknet_4_14_0_wr_clk (net)
                      0.036968    0.000210    0.227986 ^ clkbuf_5_28__f_wr_clk/A (sky130_fd_sc_hd__clkbuf_16)
     5    0.020778    0.031691    0.086797    0.314783 ^ clkbuf_5_28__f_wr_clk/X (sky130_fd_sc_hd__clkbuf_16)
                                                         clknet_5_28__leaf_wr_clk (net)
                      0.031691    0.000128    0.314911 ^ _1230_/CLK (sky130_fd_sc_hd__dfrtp_2)
     8    0.032194    0.121550    0.285372    0.600282 ^ _1230_/Q (sky130_fd_sc_hd__dfrtp_2)
                                                         u_fifomem.wr_addr[1] (net)
                      0.121550    0.000269    0.600552 ^ _0537_/C (sky130_fd_sc_hd__and3b_2)
     1    0.005551    0.036816    0.124247    0.724799 ^ _0537_/X (sky130_fd_sc_hd__and3b_2)
                                                         _0145_ (net)
                      0.036816    0.000054    0.724853 ^ _0538_/A (sky130_fd_sc_hd__buf_6)
     6    0.043489    0.070449    0.096105    0.820958 ^ _0538_/X (sky130_fd_sc_hd__buf_6)
                                                         _0146_ (net)
                      0.070453    0.000579    0.821537 ^ _0544_/A1 (sky130_fd_sc_hd__a21oi_4)
     5    0.020745    0.044142    0.049012    0.870548 v _0544_/Y (sky130_fd_sc_hd__a21oi_4)
                                                         u_wr_ptr_full.wr_ptr_bin_next[2] (net)
                      0.044142    0.000129    0.870678 v _1231_/D (sky130_fd_sc_hd__dfrtp_2)
                                              0.870678   data arrival time

                                  0.000000    0.000000   clock wr_clk (rise edge)
                                  0.000000    0.000000   clock source latency
     1    0.024443    0.000000    0.000000    0.000000 ^ wr_clk (in)
                                                         wr_clk (net)
                      0.001082    0.000541    0.000541 ^ clkbuf_0_wr_clk/A (sky130_fd_sc_hd__clkbuf_16)
    16    0.103832    0.091499    0.123118    0.123659 ^ clkbuf_0_wr_clk/X (sky130_fd_sc_hd__clkbuf_16)
                                                         clknet_0_wr_clk (net)
                      0.091504    0.000587    0.124247 ^ clkbuf_4_14_0_wr_clk/A (sky130_fd_sc_hd__clkbuf_8)
     2    0.018907    0.036968    0.103529    0.227775 ^ clkbuf_4_14_0_wr_clk/X (sky130_fd_sc_hd__clkbuf_8)
                                                         clknet_4_14_0_wr_clk (net)
                      0.036968    0.000210    0.227986 ^ clkbuf_5_28__f_wr_clk/A (sky130_fd_sc_hd__clkbuf_16)
     5    0.020778    0.031691    0.086797    0.314783 ^ clkbuf_5_28__f_wr_clk/X (sky130_fd_sc_hd__clkbuf_16)
                                                         clknet_5_28__leaf_wr_clk (net)
                      0.031691    0.000138    0.314922 ^ _1231_/CLK (sky130_fd_sc_hd__dfrtp_2)
                                  0.100000    0.414922   clock uncertainty
                                  0.000000    0.414922   clock reconvergence pessimism
                                 -0.033600    0.381321   library hold time
                                              0.381321   data required time
---------------------------------------------------------------------------------------------
                                              0.381321   data required time
                                             -0.870678   data arrival time
---------------------------------------------------------------------------------------------
                                              0.489356   slack (MET)


Startpoint: _1201_ (rising edge-triggered flip-flop clocked by wr_clk)
Endpoint: _1226_ (removal check against rising-edge clock wr_clk)
Path Group: asynchronous
Path Type: min

Fanout         Cap        Slew       Delay        Time   Description
---------------------------------------------------------------------------------------------
                                  0.000000    0.000000   clock wr_clk (rise edge)
                                  0.000000    0.000000   clock source latency
     1    0.024443    0.000000    0.000000    0.000000 ^ wr_clk (in)
                                                         wr_clk (net)
                      0.001082    0.000541    0.000541 ^ clkbuf_0_wr_clk/A (sky130_fd_sc_hd__clkbuf_16)
    16    0.103832    0.091499    0.123118    0.123659 ^ clkbuf_0_wr_clk/X (sky130_fd_sc_hd__clkbuf_16)
                                                         clknet_0_wr_clk (net)
                      0.091533    0.001440    0.125100 ^ clkbuf_4_10_0_wr_clk/A (sky130_fd_sc_hd__clkbuf_8)
     2    0.019180    0.037276    0.103825    0.228925 ^ clkbuf_4_10_0_wr_clk/X (sky130_fd_sc_hd__clkbuf_8)
                                                         clknet_4_10_0_wr_clk (net)
                      0.037277    0.000228    0.229153 ^ clkbuf_5_21__f_wr_clk/A (sky130_fd_sc_hd__clkbuf_16)
     6    0.019601    0.030905    0.085991    0.315144 ^ clkbuf_5_21__f_wr_clk/X (sky130_fd_sc_hd__clkbuf_16)
                                                         clknet_5_21__leaf_wr_clk (net)
                      0.030907    0.000514    0.315658 ^ _1201_/CLK (sky130_fd_sc_hd__dfrtp_2)
     1    0.003363    0.027618    0.208000    0.523658 ^ _1201_/Q (sky130_fd_sc_hd__dfrtp_2)
                                                         u_wr_reset_sync.sync_ff2 (net)
                      0.027618    0.000041    0.523699 ^ fanout80/A (sky130_fd_sc_hd__clkdlybuf4s25_1)
     7    0.039694    0.299229    0.344620    0.868319 ^ fanout80/X (sky130_fd_sc_hd__clkdlybuf4s25_1)
                                                         net80 (net)
                      0.299229    0.000186    0.868506 ^ fanout79/A (sky130_fd_sc_hd__clkdlybuf4s25_1)
     5    0.023511    0.180758    0.297641    1.166147 ^ fanout79/X (sky130_fd_sc_hd__clkdlybuf4s25_1)
                                                         net79 (net)
                      0.180758    0.000651    1.166798 ^ _1226_/RESET_B (sky130_fd_sc_hd__dfrtp_2)
                                              1.166798   data arrival time

                                  0.000000    0.000000   clock wr_clk (rise edge)
                                  0.000000    0.000000   clock source latency
     1    0.024443    0.000000    0.000000    0.000000 ^ wr_clk (in)
                                                         wr_clk (net)
                      0.001082    0.000541    0.000541 ^ clkbuf_0_wr_clk/A (sky130_fd_sc_hd__clkbuf_16)
    16    0.103832    0.091499    0.123118    0.123659 ^ clkbuf_0_wr_clk/X (sky130_fd_sc_hd__clkbuf_16)
                                                         clknet_0_wr_clk (net)
                      0.091504    0.000577    0.124236 ^ clkbuf_4_15_0_wr_clk/A (sky130_fd_sc_hd__clkbuf_8)
     2    0.018974    0.037049    0.103538    0.227774 ^ clkbuf_4_15_0_wr_clk/X (sky130_fd_sc_hd__clkbuf_8)
                                                         clknet_4_15_0_wr_clk (net)
                      0.037054    0.000423    0.228197 ^ clkbuf_5_31__f_wr_clk/A (sky130_fd_sc_hd__clkbuf_16)
     5    0.014237    0.027356    0.082300    0.310497 ^ clkbuf_5_31__f_wr_clk/X (sky130_fd_sc_hd__clkbuf_16)
                                                         clknet_5_31__leaf_wr_clk (net)
                      0.027356    0.000218    0.310715 ^ _1226_/CLK (sky130_fd_sc_hd__dfrtp_2)
                                  0.100000    0.410715   clock uncertainty
                                  0.000000    0.410715   clock reconvergence pessimism
                                  0.235579    0.646294   library removal time
                                              0.646294   data required time
---------------------------------------------------------------------------------------------
                                              0.646294   data required time
                                             -1.166798   data arrival time
---------------------------------------------------------------------------------------------
                                              0.520504   slack (MET)


Startpoint: _1201_ (rising edge-triggered flip-flop clocked by wr_clk)
Endpoint: _1233_ (removal check against rising-edge clock wr_clk)
Path Group: asynchronous
Path Type: min

Fanout         Cap        Slew       Delay        Time   Description
---------------------------------------------------------------------------------------------
                                  0.000000    0.000000   clock wr_clk (rise edge)
                                  0.000000    0.000000   clock source latency
     1    0.024443    0.000000    0.000000    0.000000 ^ wr_clk (in)
                                                         wr_clk (net)
                      0.001082    0.000541    0.000541 ^ clkbuf_0_wr_clk/A (sky130_fd_sc_hd__clkbuf_16)
    16    0.103832    0.091499    0.123118    0.123659 ^ clkbuf_0_wr_clk/X (sky130_fd_sc_hd__clkbuf_16)
                                                         clknet_0_wr_clk (net)
                      0.091533    0.001440    0.125100 ^ clkbuf_4_10_0_wr_clk/A (sky130_fd_sc_hd__clkbuf_8)
     2    0.019180    0.037276    0.103825    0.228925 ^ clkbuf_4_10_0_wr_clk/X (sky130_fd_sc_hd__clkbuf_8)
                                                         clknet_4_10_0_wr_clk (net)
                      0.037277    0.000228    0.229153 ^ clkbuf_5_21__f_wr_clk/A (sky130_fd_sc_hd__clkbuf_16)
     6    0.019601    0.030905    0.085991    0.315144 ^ clkbuf_5_21__f_wr_clk/X (sky130_fd_sc_hd__clkbuf_16)
                                                         clknet_5_21__leaf_wr_clk (net)
                      0.030907    0.000514    0.315658 ^ _1201_/CLK (sky130_fd_sc_hd__dfrtp_2)
     1    0.003363    0.027618    0.208000    0.523658 ^ _1201_/Q (sky130_fd_sc_hd__dfrtp_2)
                                                         u_wr_reset_sync.sync_ff2 (net)
                      0.027618    0.000041    0.523699 ^ fanout80/A (sky130_fd_sc_hd__clkdlybuf4s25_1)
     7    0.039694    0.299229    0.344620    0.868319 ^ fanout80/X (sky130_fd_sc_hd__clkdlybuf4s25_1)
                                                         net80 (net)
                      0.299229    0.000186    0.868506 ^ fanout79/A (sky130_fd_sc_hd__clkdlybuf4s25_1)
     5    0.023511    0.180758    0.297641    1.166147 ^ fanout79/X (sky130_fd_sc_hd__clkdlybuf4s25_1)
                                                         net79 (net)
                      0.180758    0.000689    1.166835 ^ _1233_/RESET_B (sky130_fd_sc_hd__dfrtp_2)
                                              1.166835   data arrival time

                                  0.000000    0.000000   clock wr_clk (rise edge)
                                  0.000000    0.000000   clock source latency
     1    0.024443    0.000000    0.000000    0.000000 ^ wr_clk (in)
                                                         wr_clk (net)
                      0.001082    0.000541    0.000541 ^ clkbuf_0_wr_clk/A (sky130_fd_sc_hd__clkbuf_16)
    16    0.103832    0.091499    0.123118    0.123659 ^ clkbuf_0_wr_clk/X (sky130_fd_sc_hd__clkbuf_16)
                                                         clknet_0_wr_clk (net)
                      0.091504    0.000577    0.124236 ^ clkbuf_4_15_0_wr_clk/A (sky130_fd_sc_hd__clkbuf_8)
     2    0.018974    0.037049    0.103538    0.227774 ^ clkbuf_4_15_0_wr_clk/X (sky130_fd_sc_hd__clkbuf_8)
                                                         clknet_4_15_0_wr_clk (net)
                      0.037054    0.000423    0.228197 ^ clkbuf_5_31__f_wr_clk/A (sky130_fd_sc_hd__clkbuf_16)
     5    0.014237    0.027356    0.082300    0.310497 ^ clkbuf_5_31__f_wr_clk/X (sky130_fd_sc_hd__clkbuf_16)
                                                         clknet_5_31__leaf_wr_clk (net)
                      0.027356    0.000197    0.310695 ^ _1233_/CLK (sky130_fd_sc_hd__dfrtp_2)
                                  0.100000    0.410695   clock uncertainty
                                  0.000000    0.410695   clock reconvergence pessimism
                                  0.235579    0.646273   library removal time
                                              0.646273   data required time
---------------------------------------------------------------------------------------------
                                              0.646273   data required time
                                             -1.166835   data arrival time
---------------------------------------------------------------------------------------------
                                              0.520562   slack (MET)


Startpoint: _1201_ (rising edge-triggered flip-flop clocked by wr_clk)
Endpoint: _1232_ (removal check against rising-edge clock wr_clk)
Path Group: asynchronous
Path Type: min

Fanout         Cap        Slew       Delay        Time   Description
---------------------------------------------------------------------------------------------
                                  0.000000    0.000000   clock wr_clk (rise edge)
                                  0.000000    0.000000   clock source latency
     1    0.024443    0.000000    0.000000    0.000000 ^ wr_clk (in)
                                                         wr_clk (net)
                      0.001082    0.000541    0.000541 ^ clkbuf_0_wr_clk/A (sky130_fd_sc_hd__clkbuf_16)
    16    0.103832    0.091499    0.123118    0.123659 ^ clkbuf_0_wr_clk/X (sky130_fd_sc_hd__clkbuf_16)
                                                         clknet_0_wr_clk (net)
                      0.091533    0.001440    0.125100 ^ clkbuf_4_10_0_wr_clk/A (sky130_fd_sc_hd__clkbuf_8)
     2    0.019180    0.037276    0.103825    0.228925 ^ clkbuf_4_10_0_wr_clk/X (sky130_fd_sc_hd__clkbuf_8)
                                                         clknet_4_10_0_wr_clk (net)
                      0.037277    0.000228    0.229153 ^ clkbuf_5_21__f_wr_clk/A (sky130_fd_sc_hd__clkbuf_16)
     6    0.019601    0.030905    0.085991    0.315144 ^ clkbuf_5_21__f_wr_clk/X (sky130_fd_sc_hd__clkbuf_16)
                                                         clknet_5_21__leaf_wr_clk (net)
                      0.030907    0.000514    0.315658 ^ _1201_/CLK (sky130_fd_sc_hd__dfrtp_2)
     1    0.003363    0.027618    0.208000    0.523658 ^ _1201_/Q (sky130_fd_sc_hd__dfrtp_2)
                                                         u_wr_reset_sync.sync_ff2 (net)
                      0.027618    0.000041    0.523699 ^ fanout80/A (sky130_fd_sc_hd__clkdlybuf4s25_1)
     7    0.039694    0.299229    0.344620    0.868319 ^ fanout80/X (sky130_fd_sc_hd__clkdlybuf4s25_1)
                                                         net80 (net)
                      0.299229    0.000186    0.868506 ^ fanout79/A (sky130_fd_sc_hd__clkdlybuf4s25_1)
     5    0.023511    0.180758    0.297641    1.166147 ^ fanout79/X (sky130_fd_sc_hd__clkdlybuf4s25_1)
                                                         net79 (net)
                      0.180758    0.000657    1.166804 ^ _1232_/RESET_B (sky130_fd_sc_hd__dfrtp_2)
                                              1.166804   data arrival time

                                  0.000000    0.000000   clock wr_clk (rise edge)
                                  0.000000    0.000000   clock source latency
     1    0.024443    0.000000    0.000000    0.000000 ^ wr_clk (in)
                                                         wr_clk (net)
                      0.001082    0.000541    0.000541 ^ clkbuf_0_wr_clk/A (sky130_fd_sc_hd__clkbuf_16)
    16    0.103832    0.091499    0.123118    0.123659 ^ clkbuf_0_wr_clk/X (sky130_fd_sc_hd__clkbuf_16)
                                                         clknet_0_wr_clk (net)
                      0.091504    0.000577    0.124236 ^ clkbuf_4_15_0_wr_clk/A (sky130_fd_sc_hd__clkbuf_8)
     2    0.018974    0.037049    0.103538    0.227774 ^ clkbuf_4_15_0_wr_clk/X (sky130_fd_sc_hd__clkbuf_8)
                                                         clknet_4_15_0_wr_clk (net)
                      0.037050    0.000292    0.228066 ^ clkbuf_5_30__f_wr_clk/A (sky130_fd_sc_hd__clkbuf_16)
     5    0.013174    0.026652    0.081592    0.309658 ^ clkbuf_5_30__f_wr_clk/X (sky130_fd_sc_hd__clkbuf_16)
                                                         clknet_5_30__leaf_wr_clk (net)
                      0.026652    0.000123    0.309781 ^ _1232_/CLK (sky130_fd_sc_hd__dfrtp_2)
                                  0.100000    0.409781   clock uncertainty
                                  0.000000    0.409781   clock reconvergence pessimism
                                  0.235483    0.645265   library removal time
                                              0.645265   data required time
---------------------------------------------------------------------------------------------
                                              0.645265   data required time
                                             -1.166804   data arrival time
---------------------------------------------------------------------------------------------
                                              0.521539   slack (MET)


Startpoint: _1203_ (rising edge-triggered flip-flop clocked by rd_clk)
Endpoint: _1242_ (removal check against rising-edge clock rd_clk)
Path Group: asynchronous
Path Type: min

Fanout         Cap        Slew       Delay        Time   Description
---------------------------------------------------------------------------------------------
                                  0.000000    0.000000   clock rd_clk (rise edge)
                                  0.000000    0.000000   clock source latency
     1    0.013656    0.000000    0.000000    0.000000 ^ rd_clk (in)
                                                         rd_clk (net)
                      0.000587    0.000294    0.000294 ^ clkbuf_0_rd_clk/A (sky130_fd_sc_hd__clkbuf_16)
     4    0.038258    0.043842    0.087700    0.087993 ^ clkbuf_0_rd_clk/X (sky130_fd_sc_hd__clkbuf_16)
                                                         clknet_0_rd_clk (net)
                      0.043849    0.000501    0.088494 ^ clkbuf_2_3__f_rd_clk/A (sky130_fd_sc_hd__clkbuf_16)
     7    0.025459    0.034891    0.091918    0.180412 ^ clkbuf_2_3__f_rd_clk/X (sky130_fd_sc_hd__clkbuf_16)
                                                         clknet_2_3__leaf_rd_clk (net)
                      0.034894    0.000345    0.180757 ^ _1203_/CLK (sky130_fd_sc_hd__dfrtp_2)
     2    0.008147    0.042645    0.224398    0.405156 ^ _1203_/Q (sky130_fd_sc_hd__dfrtp_2)
                                                         u_rd_reset_sync.sync_ff2 (net)
                      0.042645    0.000056    0.405211 ^ fanout76/A (sky130_fd_sc_hd__clkdlybuf4s25_1)
     8    0.041117    0.309342    0.356600    0.761811 ^ fanout76/X (sky130_fd_sc_hd__clkdlybuf4s25_1)
                                                         net76 (net)
                      0.309342    0.000405    0.762216 ^ fanout75/A (sky130_fd_sc_hd__clkdlybuf4s25_1)
     6    0.028025    0.213896    0.320514    1.082730 ^ fanout75/X (sky130_fd_sc_hd__clkdlybuf4s25_1)
                                                         net75 (net)
                      0.213897    0.000911    1.083641 ^ _1242_/RESET_B (sky130_fd_sc_hd__dfrtp_2)
                                              1.083641   data arrival time

                                  0.000000    0.000000   clock rd_clk (rise edge)
                                  0.000000    0.000000   clock source latency
     1    0.013656    0.000000    0.000000    0.000000 ^ rd_clk (in)
                                                         rd_clk (net)
                      0.000587    0.000294    0.000294 ^ clkbuf_0_rd_clk/A (sky130_fd_sc_hd__clkbuf_16)
     4    0.038258    0.043842    0.087700    0.087993 ^ clkbuf_0_rd_clk/X (sky130_fd_sc_hd__clkbuf_16)
                                                         clknet_0_rd_clk (net)
                      0.043852    0.000594    0.088587 ^ clkbuf_2_2__f_rd_clk/A (sky130_fd_sc_hd__clkbuf_16)
     8    0.029784    0.037956    0.094876    0.183463 ^ clkbuf_2_2__f_rd_clk/X (sky130_fd_sc_hd__clkbuf_16)
                                                         clknet_2_2__leaf_rd_clk (net)
                      0.037962    0.000462    0.183925 ^ _1242_/CLK (sky130_fd_sc_hd__dfrtp_2)
                                  0.100000    0.283925   clock uncertainty
                                  0.000000    0.283925   clock reconvergence pessimism
                                  0.245631    0.529556   library removal time
                                              0.529556   data required time
---------------------------------------------------------------------------------------------
                                              0.529556   data required time
                                             -1.083641   data arrival time
---------------------------------------------------------------------------------------------
                                              0.554085   slack (MET)


Startpoint: _1203_ (rising edge-triggered flip-flop clocked by rd_clk)
Endpoint: _1209_ (removal check against rising-edge clock rd_clk)
Path Group: asynchronous
Path Type: min

Fanout         Cap        Slew       Delay        Time   Description
---------------------------------------------------------------------------------------------
                                  0.000000    0.000000   clock rd_clk (rise edge)
                                  0.000000    0.000000   clock source latency
     1    0.013656    0.000000    0.000000    0.000000 ^ rd_clk (in)
                                                         rd_clk (net)
                      0.000587    0.000294    0.000294 ^ clkbuf_0_rd_clk/A (sky130_fd_sc_hd__clkbuf_16)
     4    0.038258    0.043842    0.087700    0.087993 ^ clkbuf_0_rd_clk/X (sky130_fd_sc_hd__clkbuf_16)
                                                         clknet_0_rd_clk (net)
                      0.043849    0.000501    0.088494 ^ clkbuf_2_3__f_rd_clk/A (sky130_fd_sc_hd__clkbuf_16)
     7    0.025459    0.034891    0.091918    0.180412 ^ clkbuf_2_3__f_rd_clk/X (sky130_fd_sc_hd__clkbuf_16)
                                                         clknet_2_3__leaf_rd_clk (net)
                      0.034894    0.000345    0.180757 ^ _1203_/CLK (sky130_fd_sc_hd__dfrtp_2)
     2    0.008147    0.042645    0.224398    0.405156 ^ _1203_/Q (sky130_fd_sc_hd__dfrtp_2)
                                                         u_rd_reset_sync.sync_ff2 (net)
                      0.042645    0.000056    0.405211 ^ fanout76/A (sky130_fd_sc_hd__clkdlybuf4s25_1)
     8    0.041117    0.309342    0.356600    0.761811 ^ fanout76/X (sky130_fd_sc_hd__clkdlybuf4s25_1)
                                                         net76 (net)
                      0.309342    0.000405    0.762216 ^ fanout75/A (sky130_fd_sc_hd__clkdlybuf4s25_1)
     6    0.028025    0.213896    0.320514    1.082730 ^ fanout75/X (sky130_fd_sc_hd__clkdlybuf4s25_1)
                                                         net75 (net)
                      0.213898    0.001005    1.083735 ^ _1209_/RESET_B (sky130_fd_sc_hd__dfrtp_2)
                                              1.083735   data arrival time

                                  0.000000    0.000000   clock rd_clk (rise edge)
                                  0.000000    0.000000   clock source latency
     1    0.013656    0.000000    0.000000    0.000000 ^ rd_clk (in)
                                                         rd_clk (net)
                      0.000587    0.000294    0.000294 ^ clkbuf_0_rd_clk/A (sky130_fd_sc_hd__clkbuf_16)
     4    0.038258    0.043842    0.087700    0.087993 ^ clkbuf_0_rd_clk/X (sky130_fd_sc_hd__clkbuf_16)
                                                         clknet_0_rd_clk (net)
                      0.043844    0.000370    0.088364 ^ clkbuf_2_0__f_rd_clk/A (sky130_fd_sc_hd__clkbuf_16)
     8    0.022080    0.032578    0.089639    0.178003 ^ clkbuf_2_0__f_rd_clk/X (sky130_fd_sc_hd__clkbuf_16)
                                                         clknet_2_0__leaf_rd_clk (net)
                      0.032578    0.000178    0.178181 ^ _1209_/CLK (sky130_fd_sc_hd__dfrtp_2)
                                  0.100000    0.278181   clock uncertainty
                                  0.000000    0.278181   clock reconvergence pessimism
                                  0.244904    0.523084   library removal time
                                              0.523084   data required time
---------------------------------------------------------------------------------------------
                                              0.523084   data required time
                                             -1.083735   data arrival time
---------------------------------------------------------------------------------------------
                                              0.560650   slack (MET)


Startpoint: _1203_ (rising edge-triggered flip-flop clocked by rd_clk)
Endpoint: _1235_ (removal check against rising-edge clock rd_clk)
Path Group: asynchronous
Path Type: min

Fanout         Cap        Slew       Delay        Time   Description
---------------------------------------------------------------------------------------------
                                  0.000000    0.000000   clock rd_clk (rise edge)
                                  0.000000    0.000000   clock source latency
     1    0.013656    0.000000    0.000000    0.000000 ^ rd_clk (in)
                                                         rd_clk (net)
                      0.000587    0.000294    0.000294 ^ clkbuf_0_rd_clk/A (sky130_fd_sc_hd__clkbuf_16)
     4    0.038258    0.043842    0.087700    0.087993 ^ clkbuf_0_rd_clk/X (sky130_fd_sc_hd__clkbuf_16)
                                                         clknet_0_rd_clk (net)
                      0.043849    0.000501    0.088494 ^ clkbuf_2_3__f_rd_clk/A (sky130_fd_sc_hd__clkbuf_16)
     7    0.025459    0.034891    0.091918    0.180412 ^ clkbuf_2_3__f_rd_clk/X (sky130_fd_sc_hd__clkbuf_16)
                                                         clknet_2_3__leaf_rd_clk (net)
                      0.034894    0.000345    0.180757 ^ _1203_/CLK (sky130_fd_sc_hd__dfrtp_2)
     2    0.008147    0.042645    0.224398    0.405156 ^ _1203_/Q (sky130_fd_sc_hd__dfrtp_2)
                                                         u_rd_reset_sync.sync_ff2 (net)
                      0.042645    0.000056    0.405211 ^ fanout76/A (sky130_fd_sc_hd__clkdlybuf4s25_1)
     8    0.041117    0.309342    0.356600    0.761811 ^ fanout76/X (sky130_fd_sc_hd__clkdlybuf4s25_1)
                                                         net76 (net)
                      0.309342    0.000405    0.762216 ^ fanout75/A (sky130_fd_sc_hd__clkdlybuf4s25_1)
     6    0.028025    0.213896    0.320514    1.082730 ^ fanout75/X (sky130_fd_sc_hd__clkdlybuf4s25_1)
                                                         net75 (net)
                      0.213900    0.001174    1.083904 ^ _1235_/RESET_B (sky130_fd_sc_hd__dfrtp_2)
                                              1.083904   data arrival time

                                  0.000000    0.000000   clock rd_clk (rise edge)
                                  0.000000    0.000000   clock source latency
     1    0.013656    0.000000    0.000000    0.000000 ^ rd_clk (in)
                                                         rd_clk (net)
                      0.000587    0.000294    0.000294 ^ clkbuf_0_rd_clk/A (sky130_fd_sc_hd__clkbuf_16)
     4    0.038258    0.043842    0.087700    0.087993 ^ clkbuf_0_rd_clk/X (sky130_fd_sc_hd__clkbuf_16)
                                                         clknet_0_rd_clk (net)
                      0.043844    0.000370    0.088364 ^ clkbuf_2_0__f_rd_clk/A (sky130_fd_sc_hd__clkbuf_16)
     8    0.022080    0.032578    0.089639    0.178003 ^ clkbuf_2_0__f_rd_clk/X (sky130_fd_sc_hd__clkbuf_16)
                                                         clknet_2_0__leaf_rd_clk (net)
                      0.032580    0.000307    0.178309 ^ _1235_/CLK (sky130_fd_sc_hd__dfrtp_2)
                                  0.100000    0.278309   clock uncertainty
                                  0.000000    0.278309   clock reconvergence pessimism
                                  0.244904    0.523213   library removal time
                                              0.523213   data required time
---------------------------------------------------------------------------------------------
                                              0.523213   data required time
                                             -1.083904   data arrival time
---------------------------------------------------------------------------------------------
                                              0.560691   slack (MET)


Startpoint: _1203_ (rising edge-triggered flip-flop clocked by rd_clk)
Endpoint: _1204_ (removal check against rising-edge clock rd_clk)
Path Group: asynchronous
Path Type: min

Fanout         Cap        Slew       Delay        Time   Description
---------------------------------------------------------------------------------------------
                                  0.000000    0.000000   clock rd_clk (rise edge)
                                  0.000000    0.000000   clock source latency
     1    0.013656    0.000000    0.000000    0.000000 ^ rd_clk (in)
                                                         rd_clk (net)
                      0.000587    0.000294    0.000294 ^ clkbuf_0_rd_clk/A (sky130_fd_sc_hd__clkbuf_16)
     4    0.038258    0.043842    0.087700    0.087993 ^ clkbuf_0_rd_clk/X (sky130_fd_sc_hd__clkbuf_16)
                                                         clknet_0_rd_clk (net)
                      0.043849    0.000501    0.088494 ^ clkbuf_2_3__f_rd_clk/A (sky130_fd_sc_hd__clkbuf_16)
     7    0.025459    0.034891    0.091918    0.180412 ^ clkbuf_2_3__f_rd_clk/X (sky130_fd_sc_hd__clkbuf_16)
                                                         clknet_2_3__leaf_rd_clk (net)
                      0.034894    0.000345    0.180757 ^ _1203_/CLK (sky130_fd_sc_hd__dfrtp_2)
     2    0.008147    0.042645    0.224398    0.405156 ^ _1203_/Q (sky130_fd_sc_hd__dfrtp_2)
                                                         u_rd_reset_sync.sync_ff2 (net)
                      0.042645    0.000056    0.405211 ^ fanout76/A (sky130_fd_sc_hd__clkdlybuf4s25_1)
     8    0.041117    0.309342    0.356600    0.761811 ^ fanout76/X (sky130_fd_sc_hd__clkdlybuf4s25_1)
                                                         net76 (net)
                      0.309342    0.000405    0.762216 ^ fanout75/A (sky130_fd_sc_hd__clkdlybuf4s25_1)
     6    0.028025    0.213896    0.320514    1.082730 ^ fanout75/X (sky130_fd_sc_hd__clkdlybuf4s25_1)
                                                         net75 (net)
                      0.213899    0.001084    1.083814 ^ _1204_/RESET_B (sky130_fd_sc_hd__dfrtp_2)
                                              1.083814   data arrival time

                                  0.000000    0.000000   clock rd_clk (rise edge)
                                  0.000000    0.000000   clock source latency
     1    0.013656    0.000000    0.000000    0.000000 ^ rd_clk (in)
                                                         rd_clk (net)
                      0.000587    0.000294    0.000294 ^ clkbuf_0_rd_clk/A (sky130_fd_sc_hd__clkbuf_16)
     4    0.038258    0.043842    0.087700    0.087993 ^ clkbuf_0_rd_clk/X (sky130_fd_sc_hd__clkbuf_16)
                                                         clknet_0_rd_clk (net)
                      0.043844    0.000370    0.088364 ^ clkbuf_2_0__f_rd_clk/A (sky130_fd_sc_hd__clkbuf_16)
     8    0.022080    0.032578    0.089639    0.178003 ^ clkbuf_2_0__f_rd_clk/X (sky130_fd_sc_hd__clkbuf_16)
                                                         clknet_2_0__leaf_rd_clk (net)
                      0.032579    0.000203    0.178205 ^ _1204_/CLK (sky130_fd_sc_hd__dfrtp_2)
                                  0.100000    0.278205   clock uncertainty
                                  0.000000    0.278205   clock reconvergence pessimism
                                  0.244904    0.523109   library removal time
                                              0.523109   data required time
---------------------------------------------------------------------------------------------
                                              0.523109   data required time
                                             -1.083814   data arrival time
---------------------------------------------------------------------------------------------
                                              0.560705   slack (MET)


Startpoint: _1203_ (rising edge-triggered flip-flop clocked by rd_clk)
Endpoint: _1234_ (removal check against rising-edge clock rd_clk)
Path Group: asynchronous
Path Type: min

Fanout         Cap        Slew       Delay        Time   Description
---------------------------------------------------------------------------------------------
                                  0.000000    0.000000   clock rd_clk (rise edge)
                                  0.000000    0.000000   clock source latency
     1    0.013656    0.000000    0.000000    0.000000 ^ rd_clk (in)
                                                         rd_clk (net)
                      0.000587    0.000294    0.000294 ^ clkbuf_0_rd_clk/A (sky130_fd_sc_hd__clkbuf_16)
     4    0.038258    0.043842    0.087700    0.087993 ^ clkbuf_0_rd_clk/X (sky130_fd_sc_hd__clkbuf_16)
                                                         clknet_0_rd_clk (net)
                      0.043849    0.000501    0.088494 ^ clkbuf_2_3__f_rd_clk/A (sky130_fd_sc_hd__clkbuf_16)
     7    0.025459    0.034891    0.091918    0.180412 ^ clkbuf_2_3__f_rd_clk/X (sky130_fd_sc_hd__clkbuf_16)
                                                         clknet_2_3__leaf_rd_clk (net)
                      0.034894    0.000345    0.180757 ^ _1203_/CLK (sky130_fd_sc_hd__dfrtp_2)
     2    0.008147    0.042645    0.224398    0.405156 ^ _1203_/Q (sky130_fd_sc_hd__dfrtp_2)
                                                         u_rd_reset_sync.sync_ff2 (net)
                      0.042645    0.000056    0.405211 ^ fanout76/A (sky130_fd_sc_hd__clkdlybuf4s25_1)
     8    0.041117    0.309342    0.356600    0.761811 ^ fanout76/X (sky130_fd_sc_hd__clkdlybuf4s25_1)
                                                         net76 (net)
                      0.309342    0.000405    0.762216 ^ fanout75/A (sky130_fd_sc_hd__clkdlybuf4s25_1)
     6    0.028025    0.213896    0.320514    1.082730 ^ fanout75/X (sky130_fd_sc_hd__clkdlybuf4s25_1)
                                                         net75 (net)
                      0.213899    0.001151    1.083881 ^ _1234_/RESET_B (sky130_fd_sc_hd__dfrtp_2)
                                              1.083881   data arrival time

                                  0.000000    0.000000   clock rd_clk (rise edge)
                                  0.000000    0.000000   clock source latency
     1    0.013656    0.000000    0.000000    0.000000 ^ rd_clk (in)
                                                         rd_clk (net)
                      0.000587    0.000294    0.000294 ^ clkbuf_0_rd_clk/A (sky130_fd_sc_hd__clkbuf_16)
     4    0.038258    0.043842    0.087700    0.087993 ^ clkbuf_0_rd_clk/X (sky130_fd_sc_hd__clkbuf_16)
                                                         clknet_0_rd_clk (net)
                      0.043844    0.000370    0.088364 ^ clkbuf_2_0__f_rd_clk/A (sky130_fd_sc_hd__clkbuf_16)
     8    0.022080    0.032578    0.089639    0.178003 ^ clkbuf_2_0__f_rd_clk/X (sky130_fd_sc_hd__clkbuf_16)
                                                         clknet_2_0__leaf_rd_clk (net)
                      0.032579    0.000232    0.178234 ^ _1234_/CLK (sky130_fd_sc_hd__dfrtp_2)
                                  0.100000    0.278234   clock uncertainty
                                  0.000000    0.278234   clock reconvergence pessimism
                                  0.244904    0.523138   library removal time
                                              0.523138   data required time
---------------------------------------------------------------------------------------------
                                              0.523138   data required time
                                             -1.083881   data arrival time
---------------------------------------------------------------------------------------------
                                              0.560743   slack (MET)


Startpoint: _1232_ (rising edge-triggered flip-flop clocked by wr_clk)
Endpoint: _1232_ (rising edge-triggered flip-flop clocked by wr_clk)
Path Group: wr_clk
Path Type: min

Fanout         Cap        Slew       Delay        Time   Description
---------------------------------------------------------------------------------------------
                                  0.000000    0.000000   clock wr_clk (rise edge)
                                  0.000000    0.000000   clock source latency
     1    0.024443    0.000000    0.000000    0.000000 ^ wr_clk (in)
                                                         wr_clk (net)
                      0.001082    0.000541    0.000541 ^ clkbuf_0_wr_clk/A (sky130_fd_sc_hd__clkbuf_16)
    16    0.103832    0.091499    0.123118    0.123659 ^ clkbuf_0_wr_clk/X (sky130_fd_sc_hd__clkbuf_16)
                                                         clknet_0_wr_clk (net)
                      0.091504    0.000577    0.124236 ^ clkbuf_4_15_0_wr_clk/A (sky130_fd_sc_hd__clkbuf_8)
     2    0.018974    0.037049    0.103538    0.227774 ^ clkbuf_4_15_0_wr_clk/X (sky130_fd_sc_hd__clkbuf_8)
                                                         clknet_4_15_0_wr_clk (net)
                      0.037050    0.000292    0.228066 ^ clkbuf_5_30__f_wr_clk/A (sky130_fd_sc_hd__clkbuf_16)
     5    0.013174    0.026652    0.081592    0.309658 ^ clkbuf_5_30__f_wr_clk/X (sky130_fd_sc_hd__clkbuf_16)
                                                         clknet_5_30__leaf_wr_clk (net)
                      0.026652    0.000123    0.309781 ^ _1232_/CLK (sky130_fd_sc_hd__dfrtp_2)
     1    0.002665    0.025409    0.204031    0.513812 ^ _1232_/Q (sky130_fd_sc_hd__dfrtp_2)
                                                         u_fifomem.wr_addr[3] (net)
                      0.025409    0.000023    0.513835 ^ fanout66/A (sky130_fd_sc_hd__clkdlybuf4s25_1)
     4    0.025658    0.196357    0.272981    0.786816 ^ fanout66/X (sky130_fd_sc_hd__clkdlybuf4s25_1)
                                                         net66 (net)
                      0.196357    0.000361    0.787178 ^ _0546_/B1 (sky130_fd_sc_hd__a31o_2)
     4    0.016102    0.074836    0.109053    0.896230 ^ _0546_/X (sky130_fd_sc_hd__a31o_2)
                                                         _0152_ (net)
                      0.074836    0.000095    0.896325 ^ _0547_/B (sky130_fd_sc_hd__and2_2)
     1    0.003528    0.027411    0.091023    0.987348 ^ _0547_/X (sky130_fd_sc_hd__and2_2)
                                                         _0153_ (net)
                      0.027411    0.000047    0.987395 ^ _0548_/A (sky130_fd_sc_hd__buf_1)
     2    0.006181    0.060311    0.071043    1.058438 ^ _0548_/X (sky130_fd_sc_hd__buf_1)
                                                         u_wr_ptr_full.wr_ptr_bin_next[3] (net)
                      0.060311    0.000047    1.058484 ^ _1232_/D (sky130_fd_sc_hd__dfrtp_2)
                                              1.058484   data arrival time

                                  0.000000    0.000000   clock wr_clk (rise edge)
                                  0.000000    0.000000   clock source latency
     1    0.024443    0.000000    0.000000    0.000000 ^ wr_clk (in)
                                                         wr_clk (net)
                      0.001082    0.000541    0.000541 ^ clkbuf_0_wr_clk/A (sky130_fd_sc_hd__clkbuf_16)
    16    0.103832    0.091499    0.123118    0.123659 ^ clkbuf_0_wr_clk/X (sky130_fd_sc_hd__clkbuf_16)
                                                         clknet_0_wr_clk (net)
                      0.091504    0.000577    0.124236 ^ clkbuf_4_15_0_wr_clk/A (sky130_fd_sc_hd__clkbuf_8)
     2    0.018974    0.037049    0.103538    0.227774 ^ clkbuf_4_15_0_wr_clk/X (sky130_fd_sc_hd__clkbuf_8)
                                                         clknet_4_15_0_wr_clk (net)
                      0.037050    0.000292    0.228066 ^ clkbuf_5_30__f_wr_clk/A (sky130_fd_sc_hd__clkbuf_16)
     5    0.013174    0.026652    0.081592    0.309658 ^ clkbuf_5_30__f_wr_clk/X (sky130_fd_sc_hd__clkbuf_16)
                                                         clknet_5_30__leaf_wr_clk (net)
                      0.026652    0.000123    0.309781 ^ _1232_/CLK (sky130_fd_sc_hd__dfrtp_2)
                                  0.100000    0.409781   clock uncertainty
                                  0.000000    0.409781   clock reconvergence pessimism
                                 -0.022005    0.387777   library hold time
                                              0.387777   data required time
---------------------------------------------------------------------------------------------
                                              0.387777   data required time
                                             -1.058484   data arrival time
---------------------------------------------------------------------------------------------
                                              0.670708   slack (MET)


Startpoint: _1201_ (rising edge-triggered flip-flop clocked by wr_clk)
Endpoint: _1225_ (removal check against rising-edge clock wr_clk)
Path Group: asynchronous
Path Type: min

Fanout         Cap        Slew       Delay        Time   Description
---------------------------------------------------------------------------------------------
                                  0.000000    0.000000   clock wr_clk (rise edge)
                                  0.000000    0.000000   clock source latency
     1    0.024443    0.000000    0.000000    0.000000 ^ wr_clk (in)
                                                         wr_clk (net)
                      0.001082    0.000541    0.000541 ^ clkbuf_0_wr_clk/A (sky130_fd_sc_hd__clkbuf_16)
    16    0.103832    0.091499    0.123118    0.123659 ^ clkbuf_0_wr_clk/X (sky130_fd_sc_hd__clkbuf_16)
                                                         clknet_0_wr_clk (net)
                      0.091533    0.001440    0.125100 ^ clkbuf_4_10_0_wr_clk/A (sky130_fd_sc_hd__clkbuf_8)
     2    0.019180    0.037276    0.103825    0.228925 ^ clkbuf_4_10_0_wr_clk/X (sky130_fd_sc_hd__clkbuf_8)
                                                         clknet_4_10_0_wr_clk (net)
                      0.037277    0.000228    0.229153 ^ clkbuf_5_21__f_wr_clk/A (sky130_fd_sc_hd__clkbuf_16)
     6    0.019601    0.030905    0.085991    0.315144 ^ clkbuf_5_21__f_wr_clk/X (sky130_fd_sc_hd__clkbuf_16)
                                                         clknet_5_21__leaf_wr_clk (net)
                      0.030907    0.000514    0.315658 ^ _1201_/CLK (sky130_fd_sc_hd__dfrtp_2)
     1    0.003363    0.027618    0.208000    0.523658 ^ _1201_/Q (sky130_fd_sc_hd__dfrtp_2)
                                                         u_wr_reset_sync.sync_ff2 (net)
                      0.027618    0.000041    0.523699 ^ fanout80/A (sky130_fd_sc_hd__clkdlybuf4s25_1)
     7    0.039694    0.299229    0.344620    0.868319 ^ fanout80/X (sky130_fd_sc_hd__clkdlybuf4s25_1)
                                                         net80 (net)
                      0.299229    0.000186    0.868506 ^ fanout79/A (sky130_fd_sc_hd__clkdlybuf4s25_1)
     5    0.023511    0.180758    0.297641    1.166147 ^ fanout79/X (sky130_fd_sc_hd__clkdlybuf4s25_1)
                                                         net79 (net)
                      0.180758    0.000079    1.166226 ^ fanout78/A (sky130_fd_sc_hd__clkdlybuf4s25_1)
     8    0.033917    0.256884    0.341660    1.507885 ^ fanout78/X (sky130_fd_sc_hd__clkdlybuf4s25_1)
                                                         net78 (net)
                      0.256884    0.000726    1.508612 ^ _1225_/RESET_B (sky130_fd_sc_hd__dfrtp_2)
                                              1.508612   data arrival time

                                  0.000000    0.000000   clock wr_clk (rise edge)
                                  0.000000    0.000000   clock source latency
     1    0.024443    0.000000    0.000000    0.000000 ^ wr_clk (in)
                                                         wr_clk (net)
                      0.001082    0.000541    0.000541 ^ clkbuf_0_wr_clk/A (sky130_fd_sc_hd__clkbuf_16)
    16    0.103832    0.091499    0.123118    0.123659 ^ clkbuf_0_wr_clk/X (sky130_fd_sc_hd__clkbuf_16)
                                                         clknet_0_wr_clk (net)
                      0.091504    0.000587    0.124247 ^ clkbuf_4_14_0_wr_clk/A (sky130_fd_sc_hd__clkbuf_8)
     2    0.018907    0.036968    0.103529    0.227775 ^ clkbuf_4_14_0_wr_clk/X (sky130_fd_sc_hd__clkbuf_8)
                                                         clknet_4_14_0_wr_clk (net)
                      0.036968    0.000210    0.227986 ^ clkbuf_5_28__f_wr_clk/A (sky130_fd_sc_hd__clkbuf_16)
     5    0.020778    0.031691    0.086797    0.314783 ^ clkbuf_5_28__f_wr_clk/X (sky130_fd_sc_hd__clkbuf_16)
                                                         clknet_5_28__leaf_wr_clk (net)
                      0.031691    0.000099    0.314882 ^ _1225_/CLK (sky130_fd_sc_hd__dfrtp_2)
                                  0.100000    0.414882   clock uncertainty
                                  0.000000    0.414882   clock reconvergence pessimism
                                  0.255961    0.670843   library removal time
                                              0.670843   data required time
---------------------------------------------------------------------------------------------
                                              0.670843   data required time
                                             -1.508612   data arrival time
---------------------------------------------------------------------------------------------
                                              0.837769   slack (MET)


Startpoint: _1201_ (rising edge-triggered flip-flop clocked by wr_clk)
Endpoint: _1223_ (removal check against rising-edge clock wr_clk)
Path Group: asynchronous
Path Type: min

Fanout         Cap        Slew       Delay        Time   Description
---------------------------------------------------------------------------------------------
                                  0.000000    0.000000   clock wr_clk (rise edge)
                                  0.000000    0.000000   clock source latency
     1    0.024443    0.000000    0.000000    0.000000 ^ wr_clk (in)
                                                         wr_clk (net)
                      0.001082    0.000541    0.000541 ^ clkbuf_0_wr_clk/A (sky130_fd_sc_hd__clkbuf_16)
    16    0.103832    0.091499    0.123118    0.123659 ^ clkbuf_0_wr_clk/X (sky130_fd_sc_hd__clkbuf_16)
                                                         clknet_0_wr_clk (net)
                      0.091533    0.001440    0.125100 ^ clkbuf_4_10_0_wr_clk/A (sky130_fd_sc_hd__clkbuf_8)
     2    0.019180    0.037276    0.103825    0.228925 ^ clkbuf_4_10_0_wr_clk/X (sky130_fd_sc_hd__clkbuf_8)
                                                         clknet_4_10_0_wr_clk (net)
                      0.037277    0.000228    0.229153 ^ clkbuf_5_21__f_wr_clk/A (sky130_fd_sc_hd__clkbuf_16)
     6    0.019601    0.030905    0.085991    0.315144 ^ clkbuf_5_21__f_wr_clk/X (sky130_fd_sc_hd__clkbuf_16)
                                                         clknet_5_21__leaf_wr_clk (net)
                      0.030907    0.000514    0.315658 ^ _1201_/CLK (sky130_fd_sc_hd__dfrtp_2)
     1    0.003363    0.027618    0.208000    0.523658 ^ _1201_/Q (sky130_fd_sc_hd__dfrtp_2)
                                                         u_wr_reset_sync.sync_ff2 (net)
                      0.027618    0.000041    0.523699 ^ fanout80/A (sky130_fd_sc_hd__clkdlybuf4s25_1)
     7    0.039694    0.299229    0.344620    0.868319 ^ fanout80/X (sky130_fd_sc_hd__clkdlybuf4s25_1)
                                                         net80 (net)
                      0.299229    0.000186    0.868506 ^ fanout79/A (sky130_fd_sc_hd__clkdlybuf4s25_1)
     5    0.023511    0.180758    0.297641    1.166147 ^ fanout79/X (sky130_fd_sc_hd__clkdlybuf4s25_1)
                                                         net79 (net)
                      0.180758    0.000079    1.166226 ^ fanout78/A (sky130_fd_sc_hd__clkdlybuf4s25_1)
     8    0.033917    0.256884    0.341660    1.507885 ^ fanout78/X (sky130_fd_sc_hd__clkdlybuf4s25_1)
                                                         net78 (net)
                      0.256884    0.000271    1.508157 ^ _1223_/RESET_B (sky130_fd_sc_hd__dfrtp_2)
                                              1.508157   data arrival time

                                  0.000000    0.000000   clock wr_clk (rise edge)
                                  0.000000    0.000000   clock source latency
     1    0.024443    0.000000    0.000000    0.000000 ^ wr_clk (in)
                                                         wr_clk (net)
                      0.001082    0.000541    0.000541 ^ clkbuf_0_wr_clk/A (sky130_fd_sc_hd__clkbuf_16)
    16    0.103832    0.091499    0.123118    0.123659 ^ clkbuf_0_wr_clk/X (sky130_fd_sc_hd__clkbuf_16)
                                                         clknet_0_wr_clk (net)
                      0.091504    0.000587    0.124247 ^ clkbuf_4_14_0_wr_clk/A (sky130_fd_sc_hd__clkbuf_8)
     2    0.018907    0.036968    0.103529    0.227775 ^ clkbuf_4_14_0_wr_clk/X (sky130_fd_sc_hd__clkbuf_8)
                                                         clknet_4_14_0_wr_clk (net)
                      0.036969    0.000246    0.228022 ^ clkbuf_5_29__f_wr_clk/A (sky130_fd_sc_hd__clkbuf_16)
     5    0.014364    0.027440    0.082373    0.310395 ^ clkbuf_5_29__f_wr_clk/X (sky130_fd_sc_hd__clkbuf_16)
                                                         clknet_5_29__leaf_wr_clk (net)
                      0.027440    0.000222    0.310617 ^ _1223_/CLK (sky130_fd_sc_hd__dfrtp_2)
                                  0.100000    0.410617   clock uncertainty
                                  0.000000    0.410617   clock reconvergence pessimism
                                  0.255389    0.666006   library removal time
                                              0.666006   data required time
---------------------------------------------------------------------------------------------
                                              0.666006   data required time
                                             -1.508157   data arrival time
---------------------------------------------------------------------------------------------
                                              0.842151   slack (MET)


Startpoint: _1201_ (rising edge-triggered flip-flop clocked by wr_clk)
Endpoint: _1218_ (removal check against rising-edge clock wr_clk)
Path Group: asynchronous
Path Type: min

Fanout         Cap        Slew       Delay        Time   Description
---------------------------------------------------------------------------------------------
                                  0.000000    0.000000   clock wr_clk (rise edge)
                                  0.000000    0.000000   clock source latency
     1    0.024443    0.000000    0.000000    0.000000 ^ wr_clk (in)
                                                         wr_clk (net)
                      0.001082    0.000541    0.000541 ^ clkbuf_0_wr_clk/A (sky130_fd_sc_hd__clkbuf_16)
    16    0.103832    0.091499    0.123118    0.123659 ^ clkbuf_0_wr_clk/X (sky130_fd_sc_hd__clkbuf_16)
                                                         clknet_0_wr_clk (net)
                      0.091533    0.001440    0.125100 ^ clkbuf_4_10_0_wr_clk/A (sky130_fd_sc_hd__clkbuf_8)
     2    0.019180    0.037276    0.103825    0.228925 ^ clkbuf_4_10_0_wr_clk/X (sky130_fd_sc_hd__clkbuf_8)
                                                         clknet_4_10_0_wr_clk (net)
                      0.037277    0.000228    0.229153 ^ clkbuf_5_21__f_wr_clk/A (sky130_fd_sc_hd__clkbuf_16)
     6    0.019601    0.030905    0.085991    0.315144 ^ clkbuf_5_21__f_wr_clk/X (sky130_fd_sc_hd__clkbuf_16)
                                                         clknet_5_21__leaf_wr_clk (net)
                      0.030907    0.000514    0.315658 ^ _1201_/CLK (sky130_fd_sc_hd__dfrtp_2)
     1    0.003363    0.027618    0.208000    0.523658 ^ _1201_/Q (sky130_fd_sc_hd__dfrtp_2)
                                                         u_wr_reset_sync.sync_ff2 (net)
                      0.027618    0.000041    0.523699 ^ fanout80/A (sky130_fd_sc_hd__clkdlybuf4s25_1)
     7    0.039694    0.299229    0.344620    0.868319 ^ fanout80/X (sky130_fd_sc_hd__clkdlybuf4s25_1)
                                                         net80 (net)
                      0.299229    0.000186    0.868506 ^ fanout79/A (sky130_fd_sc_hd__clkdlybuf4s25_1)
     5    0.023511    0.180758    0.297641    1.166147 ^ fanout79/X (sky130_fd_sc_hd__clkdlybuf4s25_1)
                                                         net79 (net)
                      0.180758    0.000079    1.166226 ^ fanout78/A (sky130_fd_sc_hd__clkdlybuf4s25_1)
     8    0.033917    0.256884    0.341660    1.507885 ^ fanout78/X (sky130_fd_sc_hd__clkdlybuf4s25_1)
                                                         net78 (net)
                      0.256884    0.000398    1.508284 ^ _1218_/RESET_B (sky130_fd_sc_hd__dfrtp_2)
                                              1.508284   data arrival time

                                  0.000000    0.000000   clock wr_clk (rise edge)
                                  0.000000    0.000000   clock source latency
     1    0.024443    0.000000    0.000000    0.000000 ^ wr_clk (in)
                                                         wr_clk (net)
                      0.001082    0.000541    0.000541 ^ clkbuf_0_wr_clk/A (sky130_fd_sc_hd__clkbuf_16)
    16    0.103832    0.091499    0.123118    0.123659 ^ clkbuf_0_wr_clk/X (sky130_fd_sc_hd__clkbuf_16)
                                                         clknet_0_wr_clk (net)
                      0.091504    0.000587    0.124247 ^ clkbuf_4_14_0_wr_clk/A (sky130_fd_sc_hd__clkbuf_8)
     2    0.018907    0.036968    0.103529    0.227775 ^ clkbuf_4_14_0_wr_clk/X (sky130_fd_sc_hd__clkbuf_8)
                                                         clknet_4_14_0_wr_clk (net)
                      0.036969    0.000246    0.228022 ^ clkbuf_5_29__f_wr_clk/A (sky130_fd_sc_hd__clkbuf_16)
     5    0.014364    0.027440    0.082373    0.310395 ^ clkbuf_5_29__f_wr_clk/X (sky130_fd_sc_hd__clkbuf_16)
                                                         clknet_5_29__leaf_wr_clk (net)
                      0.027440    0.000127    0.310522 ^ _1218_/CLK (sky130_fd_sc_hd__dfrtp_2)
                                  0.100000    0.410522   clock uncertainty
                                  0.000000    0.410522   clock reconvergence pessimism
                                  0.255389    0.665911   library removal time
                                              0.665911   data required time
---------------------------------------------------------------------------------------------
                                              0.665911   data required time
                                             -1.508284   data arrival time
---------------------------------------------------------------------------------------------
                                              0.842373   slack (MET)


Startpoint: _1201_ (rising edge-triggered flip-flop clocked by wr_clk)
Endpoint: _1222_ (removal check against rising-edge clock wr_clk)
Path Group: asynchronous
Path Type: min

Fanout         Cap        Slew       Delay        Time   Description
---------------------------------------------------------------------------------------------
                                  0.000000    0.000000   clock wr_clk (rise edge)
                                  0.000000    0.000000   clock source latency
     1    0.024443    0.000000    0.000000    0.000000 ^ wr_clk (in)
                                                         wr_clk (net)
                      0.001082    0.000541    0.000541 ^ clkbuf_0_wr_clk/A (sky130_fd_sc_hd__clkbuf_16)
    16    0.103832    0.091499    0.123118    0.123659 ^ clkbuf_0_wr_clk/X (sky130_fd_sc_hd__clkbuf_16)
                                                         clknet_0_wr_clk (net)
                      0.091533    0.001440    0.125100 ^ clkbuf_4_10_0_wr_clk/A (sky130_fd_sc_hd__clkbuf_8)
     2    0.019180    0.037276    0.103825    0.228925 ^ clkbuf_4_10_0_wr_clk/X (sky130_fd_sc_hd__clkbuf_8)
                                                         clknet_4_10_0_wr_clk (net)
                      0.037277    0.000228    0.229153 ^ clkbuf_5_21__f_wr_clk/A (sky130_fd_sc_hd__clkbuf_16)
     6    0.019601    0.030905    0.085991    0.315144 ^ clkbuf_5_21__f_wr_clk/X (sky130_fd_sc_hd__clkbuf_16)
                                                         clknet_5_21__leaf_wr_clk (net)
                      0.030907    0.000514    0.315658 ^ _1201_/CLK (sky130_fd_sc_hd__dfrtp_2)
     1    0.003363    0.027618    0.208000    0.523658 ^ _1201_/Q (sky130_fd_sc_hd__dfrtp_2)
                                                         u_wr_reset_sync.sync_ff2 (net)
                      0.027618    0.000041    0.523699 ^ fanout80/A (sky130_fd_sc_hd__clkdlybuf4s25_1)
     7    0.039694    0.299229    0.344620    0.868319 ^ fanout80/X (sky130_fd_sc_hd__clkdlybuf4s25_1)
                                                         net80 (net)
                      0.299229    0.000186    0.868506 ^ fanout79/A (sky130_fd_sc_hd__clkdlybuf4s25_1)
     5    0.023511    0.180758    0.297641    1.166147 ^ fanout79/X (sky130_fd_sc_hd__clkdlybuf4s25_1)
                                                         net79 (net)
                      0.180758    0.000079    1.166226 ^ fanout78/A (sky130_fd_sc_hd__clkdlybuf4s25_1)
     8    0.033917    0.256884    0.341660    1.507885 ^ fanout78/X (sky130_fd_sc_hd__clkdlybuf4s25_1)
                                                         net78 (net)
                      0.256884    0.000542    1.508427 ^ _1222_/RESET_B (sky130_fd_sc_hd__dfrtp_2)
                                              1.508427   data arrival time

                                  0.000000    0.000000   clock wr_clk (rise edge)
                                  0.000000    0.000000   clock source latency
     1    0.024443    0.000000    0.000000    0.000000 ^ wr_clk (in)
                                                         wr_clk (net)
                      0.001082    0.000541    0.000541 ^ clkbuf_0_wr_clk/A (sky130_fd_sc_hd__clkbuf_16)
    16    0.103832    0.091499    0.123118    0.123659 ^ clkbuf_0_wr_clk/X (sky130_fd_sc_hd__clkbuf_16)
                                                         clknet_0_wr_clk (net)
                      0.091504    0.000587    0.124247 ^ clkbuf_4_14_0_wr_clk/A (sky130_fd_sc_hd__clkbuf_8)
     2    0.018907    0.036968    0.103529    0.227775 ^ clkbuf_4_14_0_wr_clk/X (sky130_fd_sc_hd__clkbuf_8)
                                                         clknet_4_14_0_wr_clk (net)
                      0.036969    0.000246    0.228022 ^ clkbuf_5_29__f_wr_clk/A (sky130_fd_sc_hd__clkbuf_16)
     5    0.014364    0.027440    0.082373    0.310395 ^ clkbuf_5_29__f_wr_clk/X (sky130_fd_sc_hd__clkbuf_16)
                                                         clknet_5_29__leaf_wr_clk (net)
                      0.027440    0.000211    0.310605 ^ _1222_/CLK (sky130_fd_sc_hd__dfrtp_2)
                                  0.100000    0.410605   clock uncertainty
                                  0.000000    0.410605   clock reconvergence pessimism
                                  0.255389    0.665995   library removal time
                                              0.665995   data required time
---------------------------------------------------------------------------------------------
                                              0.665995   data required time
                                             -1.508427   data arrival time
---------------------------------------------------------------------------------------------
                                              0.842432   slack (MET)


Startpoint: _1201_ (rising edge-triggered flip-flop clocked by wr_clk)
Endpoint: _1221_ (removal check against rising-edge clock wr_clk)
Path Group: asynchronous
Path Type: min

Fanout         Cap        Slew       Delay        Time   Description
---------------------------------------------------------------------------------------------
                                  0.000000    0.000000   clock wr_clk (rise edge)
                                  0.000000    0.000000   clock source latency
     1    0.024443    0.000000    0.000000    0.000000 ^ wr_clk (in)
                                                         wr_clk (net)
                      0.001082    0.000541    0.000541 ^ clkbuf_0_wr_clk/A (sky130_fd_sc_hd__clkbuf_16)
    16    0.103832    0.091499    0.123118    0.123659 ^ clkbuf_0_wr_clk/X (sky130_fd_sc_hd__clkbuf_16)
                                                         clknet_0_wr_clk (net)
                      0.091533    0.001440    0.125100 ^ clkbuf_4_10_0_wr_clk/A (sky130_fd_sc_hd__clkbuf_8)
     2    0.019180    0.037276    0.103825    0.228925 ^ clkbuf_4_10_0_wr_clk/X (sky130_fd_sc_hd__clkbuf_8)
                                                         clknet_4_10_0_wr_clk (net)
                      0.037277    0.000228    0.229153 ^ clkbuf_5_21__f_wr_clk/A (sky130_fd_sc_hd__clkbuf_16)
     6    0.019601    0.030905    0.085991    0.315144 ^ clkbuf_5_21__f_wr_clk/X (sky130_fd_sc_hd__clkbuf_16)
                                                         clknet_5_21__leaf_wr_clk (net)
                      0.030907    0.000514    0.315658 ^ _1201_/CLK (sky130_fd_sc_hd__dfrtp_2)
     1    0.003363    0.027618    0.208000    0.523658 ^ _1201_/Q (sky130_fd_sc_hd__dfrtp_2)
                                                         u_wr_reset_sync.sync_ff2 (net)
                      0.027618    0.000041    0.523699 ^ fanout80/A (sky130_fd_sc_hd__clkdlybuf4s25_1)
     7    0.039694    0.299229    0.344620    0.868319 ^ fanout80/X (sky130_fd_sc_hd__clkdlybuf4s25_1)
                                                         net80 (net)
                      0.299229    0.000186    0.868506 ^ fanout79/A (sky130_fd_sc_hd__clkdlybuf4s25_1)
     5    0.023511    0.180758    0.297641    1.166147 ^ fanout79/X (sky130_fd_sc_hd__clkdlybuf4s25_1)
                                                         net79 (net)
                      0.180758    0.000079    1.166226 ^ fanout78/A (sky130_fd_sc_hd__clkdlybuf4s25_1)
     8    0.033917    0.256884    0.341660    1.507885 ^ fanout78/X (sky130_fd_sc_hd__clkdlybuf4s25_1)
                                                         net78 (net)
                      0.256884    0.000771    1.508657 ^ _1221_/RESET_B (sky130_fd_sc_hd__dfrtp_2)
                                              1.508657   data arrival time

                                  0.000000    0.000000   clock wr_clk (rise edge)
                                  0.000000    0.000000   clock source latency
     1    0.024443    0.000000    0.000000    0.000000 ^ wr_clk (in)
                                                         wr_clk (net)
                      0.001082    0.000541    0.000541 ^ clkbuf_0_wr_clk/A (sky130_fd_sc_hd__clkbuf_16)
    16    0.103832    0.091499    0.123118    0.123659 ^ clkbuf_0_wr_clk/X (sky130_fd_sc_hd__clkbuf_16)
                                                         clknet_0_wr_clk (net)
                      0.091504    0.000577    0.124236 ^ clkbuf_4_15_0_wr_clk/A (sky130_fd_sc_hd__clkbuf_8)
     2    0.018974    0.037049    0.103538    0.227774 ^ clkbuf_4_15_0_wr_clk/X (sky130_fd_sc_hd__clkbuf_8)
                                                         clknet_4_15_0_wr_clk (net)
                      0.037054    0.000423    0.228197 ^ clkbuf_5_31__f_wr_clk/A (sky130_fd_sc_hd__clkbuf_16)
     5    0.014237    0.027356    0.082300    0.310497 ^ clkbuf_5_31__f_wr_clk/X (sky130_fd_sc_hd__clkbuf_16)
                                                         clknet_5_31__leaf_wr_clk (net)
                      0.027356    0.000247    0.310744 ^ _1221_/CLK (sky130_fd_sc_hd__dfrtp_2)
                                  0.100000    0.410745   clock uncertainty
                                  0.000000    0.410745   clock reconvergence pessimism
                                  0.255378    0.666122   library removal time
                                              0.666122   data required time
---------------------------------------------------------------------------------------------
                                              0.666122   data required time
                                             -1.508657   data arrival time
---------------------------------------------------------------------------------------------
                                              0.842534   slack (MET)


Startpoint: _1201_ (rising edge-triggered flip-flop clocked by wr_clk)
Endpoint: _1228_ (removal check against rising-edge clock wr_clk)
Path Group: asynchronous
Path Type: min

Fanout         Cap        Slew       Delay        Time   Description
---------------------------------------------------------------------------------------------
                                  0.000000    0.000000   clock wr_clk (rise edge)
                                  0.000000    0.000000   clock source latency
     1    0.024443    0.000000    0.000000    0.000000 ^ wr_clk (in)
                                                         wr_clk (net)
                      0.001082    0.000541    0.000541 ^ clkbuf_0_wr_clk/A (sky130_fd_sc_hd__clkbuf_16)
    16    0.103832    0.091499    0.123118    0.123659 ^ clkbuf_0_wr_clk/X (sky130_fd_sc_hd__clkbuf_16)
                                                         clknet_0_wr_clk (net)
                      0.091533    0.001440    0.125100 ^ clkbuf_4_10_0_wr_clk/A (sky130_fd_sc_hd__clkbuf_8)
     2    0.019180    0.037276    0.103825    0.228925 ^ clkbuf_4_10_0_wr_clk/X (sky130_fd_sc_hd__clkbuf_8)
                                                         clknet_4_10_0_wr_clk (net)
                      0.037277    0.000228    0.229153 ^ clkbuf_5_21__f_wr_clk/A (sky130_fd_sc_hd__clkbuf_16)
     6    0.019601    0.030905    0.085991    0.315144 ^ clkbuf_5_21__f_wr_clk/X (sky130_fd_sc_hd__clkbuf_16)
                                                         clknet_5_21__leaf_wr_clk (net)
                      0.030907    0.000514    0.315658 ^ _1201_/CLK (sky130_fd_sc_hd__dfrtp_2)
     1    0.003363    0.027618    0.208000    0.523658 ^ _1201_/Q (sky130_fd_sc_hd__dfrtp_2)
                                                         u_wr_reset_sync.sync_ff2 (net)
                      0.027618    0.000041    0.523699 ^ fanout80/A (sky130_fd_sc_hd__clkdlybuf4s25_1)
     7    0.039694    0.299229    0.344620    0.868319 ^ fanout80/X (sky130_fd_sc_hd__clkdlybuf4s25_1)
                                                         net80 (net)
                      0.299229    0.000186    0.868506 ^ fanout79/A (sky130_fd_sc_hd__clkdlybuf4s25_1)
     5    0.023511    0.180758    0.297641    1.166147 ^ fanout79/X (sky130_fd_sc_hd__clkdlybuf4s25_1)
                                                         net79 (net)
                      0.180758    0.000079    1.166226 ^ fanout78/A (sky130_fd_sc_hd__clkdlybuf4s25_1)
     8    0.033917    0.256884    0.341660    1.507885 ^ fanout78/X (sky130_fd_sc_hd__clkdlybuf4s25_1)
                                                         net78 (net)
                      0.256884    0.000622    1.508507 ^ _1228_/RESET_B (sky130_fd_sc_hd__dfrtp_2)
                                              1.508507   data arrival time

                                  0.000000    0.000000   clock wr_clk (rise edge)
                                  0.000000    0.000000   clock source latency
     1    0.024443    0.000000    0.000000    0.000000 ^ wr_clk (in)
                                                         wr_clk (net)
                      0.001082    0.000541    0.000541 ^ clkbuf_0_wr_clk/A (sky130_fd_sc_hd__clkbuf_16)
    16    0.103832    0.091499    0.123118    0.123659 ^ clkbuf_0_wr_clk/X (sky130_fd_sc_hd__clkbuf_16)
                                                         clknet_0_wr_clk (net)
                      0.091504    0.000587    0.124247 ^ clkbuf_4_14_0_wr_clk/A (sky130_fd_sc_hd__clkbuf_8)
     2    0.018907    0.036968    0.103529    0.227775 ^ clkbuf_4_14_0_wr_clk/X (sky130_fd_sc_hd__clkbuf_8)
                                                         clknet_4_14_0_wr_clk (net)
                      0.036969    0.000246    0.228022 ^ clkbuf_5_29__f_wr_clk/A (sky130_fd_sc_hd__clkbuf_16)
     5    0.014364    0.027440    0.082373    0.310395 ^ clkbuf_5_29__f_wr_clk/X (sky130_fd_sc_hd__clkbuf_16)
                                                         clknet_5_29__leaf_wr_clk (net)
                      0.027440    0.000160    0.310555 ^ _1228_/CLK (sky130_fd_sc_hd__dfrtp_2)
                                  0.100000    0.410554   clock uncertainty
                                  0.000000    0.410554   clock reconvergence pessimism
                                  0.255389    0.665944   library removal time
                                              0.665944   data required time
---------------------------------------------------------------------------------------------
                                              0.665944   data required time
                                             -1.508507   data arrival time
---------------------------------------------------------------------------------------------
                                              0.842564   slack (MET)


Startpoint: _1201_ (rising edge-triggered flip-flop clocked by wr_clk)
Endpoint: _1216_ (removal check against rising-edge clock wr_clk)
Path Group: asynchronous
Path Type: min

Fanout         Cap        Slew       Delay        Time   Description
---------------------------------------------------------------------------------------------
                                  0.000000    0.000000   clock wr_clk (rise edge)
                                  0.000000    0.000000   clock source latency
     1    0.024443    0.000000    0.000000    0.000000 ^ wr_clk (in)
                                                         wr_clk (net)
                      0.001082    0.000541    0.000541 ^ clkbuf_0_wr_clk/A (sky130_fd_sc_hd__clkbuf_16)
    16    0.103832    0.091499    0.123118    0.123659 ^ clkbuf_0_wr_clk/X (sky130_fd_sc_hd__clkbuf_16)
                                                         clknet_0_wr_clk (net)
                      0.091533    0.001440    0.125100 ^ clkbuf_4_10_0_wr_clk/A (sky130_fd_sc_hd__clkbuf_8)
     2    0.019180    0.037276    0.103825    0.228925 ^ clkbuf_4_10_0_wr_clk/X (sky130_fd_sc_hd__clkbuf_8)
                                                         clknet_4_10_0_wr_clk (net)
                      0.037277    0.000228    0.229153 ^ clkbuf_5_21__f_wr_clk/A (sky130_fd_sc_hd__clkbuf_16)
     6    0.019601    0.030905    0.085991    0.315144 ^ clkbuf_5_21__f_wr_clk/X (sky130_fd_sc_hd__clkbuf_16)
                                                         clknet_5_21__leaf_wr_clk (net)
                      0.030907    0.000514    0.315658 ^ _1201_/CLK (sky130_fd_sc_hd__dfrtp_2)
     1    0.003363    0.027618    0.208000    0.523658 ^ _1201_/Q (sky130_fd_sc_hd__dfrtp_2)
                                                         u_wr_reset_sync.sync_ff2 (net)
                      0.027618    0.000041    0.523699 ^ fanout80/A (sky130_fd_sc_hd__clkdlybuf4s25_1)
     7    0.039694    0.299229    0.344620    0.868319 ^ fanout80/X (sky130_fd_sc_hd__clkdlybuf4s25_1)
                                                         net80 (net)
                      0.299229    0.000186    0.868506 ^ fanout79/A (sky130_fd_sc_hd__clkdlybuf4s25_1)
     5    0.023511    0.180758    0.297641    1.166147 ^ fanout79/X (sky130_fd_sc_hd__clkdlybuf4s25_1)
                                                         net79 (net)
                      0.180758    0.000079    1.166226 ^ fanout78/A (sky130_fd_sc_hd__clkdlybuf4s25_1)
     8    0.033917    0.256884    0.341660    1.507885 ^ fanout78/X (sky130_fd_sc_hd__clkdlybuf4s25_1)
                                                         net78 (net)
                      0.256884    0.000786    1.508671 ^ _1216_/RESET_B (sky130_fd_sc_hd__dfrtp_2)
                                              1.508671   data arrival time

                                  0.000000    0.000000   clock wr_clk (rise edge)
                                  0.000000    0.000000   clock source latency
     1    0.024443    0.000000    0.000000    0.000000 ^ wr_clk (in)
                                                         wr_clk (net)
                      0.001082    0.000541    0.000541 ^ clkbuf_0_wr_clk/A (sky130_fd_sc_hd__clkbuf_16)
    16    0.103832    0.091499    0.123118    0.123659 ^ clkbuf_0_wr_clk/X (sky130_fd_sc_hd__clkbuf_16)
                                                         clknet_0_wr_clk (net)
                      0.091504    0.000577    0.124236 ^ clkbuf_4_15_0_wr_clk/A (sky130_fd_sc_hd__clkbuf_8)
     2    0.018974    0.037049    0.103538    0.227774 ^ clkbuf_4_15_0_wr_clk/X (sky130_fd_sc_hd__clkbuf_8)
                                                         clknet_4_15_0_wr_clk (net)
                      0.037054    0.000423    0.228197 ^ clkbuf_5_31__f_wr_clk/A (sky130_fd_sc_hd__clkbuf_16)
     5    0.014237    0.027356    0.082300    0.310497 ^ clkbuf_5_31__f_wr_clk/X (sky130_fd_sc_hd__clkbuf_16)
                                                         clknet_5_31__leaf_wr_clk (net)
                      0.027356    0.000189    0.310686 ^ _1216_/CLK (sky130_fd_sc_hd__dfrtp_2)
                                  0.100000    0.410686   clock uncertainty
                                  0.000000    0.410686   clock reconvergence pessimism
                                  0.255378    0.666064   library removal time
                                              0.666064   data required time
---------------------------------------------------------------------------------------------
                                              0.666064   data required time
                                             -1.508671   data arrival time
---------------------------------------------------------------------------------------------
                                              0.842608   slack (MET)


Startpoint: _1201_ (rising edge-triggered flip-flop clocked by wr_clk)
Endpoint: _1217_ (removal check against rising-edge clock wr_clk)
Path Group: asynchronous
Path Type: min

Fanout         Cap        Slew       Delay        Time   Description
---------------------------------------------------------------------------------------------
                                  0.000000    0.000000   clock wr_clk (rise edge)
                                  0.000000    0.000000   clock source latency
     1    0.024443    0.000000    0.000000    0.000000 ^ wr_clk (in)
                                                         wr_clk (net)
                      0.001082    0.000541    0.000541 ^ clkbuf_0_wr_clk/A (sky130_fd_sc_hd__clkbuf_16)
    16    0.103832    0.091499    0.123118    0.123659 ^ clkbuf_0_wr_clk/X (sky130_fd_sc_hd__clkbuf_16)
                                                         clknet_0_wr_clk (net)
                      0.091533    0.001440    0.125100 ^ clkbuf_4_10_0_wr_clk/A (sky130_fd_sc_hd__clkbuf_8)
     2    0.019180    0.037276    0.103825    0.228925 ^ clkbuf_4_10_0_wr_clk/X (sky130_fd_sc_hd__clkbuf_8)
                                                         clknet_4_10_0_wr_clk (net)
                      0.037277    0.000228    0.229153 ^ clkbuf_5_21__f_wr_clk/A (sky130_fd_sc_hd__clkbuf_16)
     6    0.019601    0.030905    0.085991    0.315144 ^ clkbuf_5_21__f_wr_clk/X (sky130_fd_sc_hd__clkbuf_16)
                                                         clknet_5_21__leaf_wr_clk (net)
                      0.030907    0.000514    0.315658 ^ _1201_/CLK (sky130_fd_sc_hd__dfrtp_2)
     1    0.003363    0.027618    0.208000    0.523658 ^ _1201_/Q (sky130_fd_sc_hd__dfrtp_2)
                                                         u_wr_reset_sync.sync_ff2 (net)
                      0.027618    0.000041    0.523699 ^ fanout80/A (sky130_fd_sc_hd__clkdlybuf4s25_1)
     7    0.039694    0.299229    0.344620    0.868319 ^ fanout80/X (sky130_fd_sc_hd__clkdlybuf4s25_1)
                                                         net80 (net)
                      0.299229    0.000186    0.868506 ^ fanout79/A (sky130_fd_sc_hd__clkdlybuf4s25_1)
     5    0.023511    0.180758    0.297641    1.166147 ^ fanout79/X (sky130_fd_sc_hd__clkdlybuf4s25_1)
                                                         net79 (net)
                      0.180758    0.000079    1.166226 ^ fanout78/A (sky130_fd_sc_hd__clkdlybuf4s25_1)
     8    0.033917    0.256884    0.341660    1.507885 ^ fanout78/X (sky130_fd_sc_hd__clkdlybuf4s25_1)
                                                         net78 (net)
                      0.256884    0.000709    1.508594 ^ _1217_/RESET_B (sky130_fd_sc_hd__dfrtp_2)
                                              1.508594   data arrival time

                                  0.000000    0.000000   clock wr_clk (rise edge)
                                  0.000000    0.000000   clock source latency
     1    0.024443    0.000000    0.000000    0.000000 ^ wr_clk (in)
                                                         wr_clk (net)
                      0.001082    0.000541    0.000541 ^ clkbuf_0_wr_clk/A (sky130_fd_sc_hd__clkbuf_16)
    16    0.103832    0.091499    0.123118    0.123659 ^ clkbuf_0_wr_clk/X (sky130_fd_sc_hd__clkbuf_16)
                                                         clknet_0_wr_clk (net)
                      0.091504    0.000587    0.124247 ^ clkbuf_4_14_0_wr_clk/A (sky130_fd_sc_hd__clkbuf_8)
     2    0.018907    0.036968    0.103529    0.227775 ^ clkbuf_4_14_0_wr_clk/X (sky130_fd_sc_hd__clkbuf_8)
                                                         clknet_4_14_0_wr_clk (net)
                      0.036969    0.000246    0.228022 ^ clkbuf_5_29__f_wr_clk/A (sky130_fd_sc_hd__clkbuf_16)
     5    0.014364    0.027440    0.082373    0.310395 ^ clkbuf_5_29__f_wr_clk/X (sky130_fd_sc_hd__clkbuf_16)
                                                         clknet_5_29__leaf_wr_clk (net)
                      0.027440    0.000067    0.310461 ^ _1217_/CLK (sky130_fd_sc_hd__dfrtp_2)
                                  0.100000    0.410462   clock uncertainty
                                  0.000000    0.410462   clock reconvergence pessimism
                                  0.255389    0.665851   library removal time
                                              0.665851   data required time
---------------------------------------------------------------------------------------------
                                              0.665851   data required time
                                             -1.508594   data arrival time
---------------------------------------------------------------------------------------------
                                              0.842744   slack (MET)


Startpoint: _1201_ (rising edge-triggered flip-flop clocked by wr_clk)
Endpoint: _1215_ (removal check against rising-edge clock wr_clk)
Path Group: asynchronous
Path Type: min

Fanout         Cap        Slew       Delay        Time   Description
---------------------------------------------------------------------------------------------
                                  0.000000    0.000000   clock wr_clk (rise edge)
                                  0.000000    0.000000   clock source latency
     1    0.024443    0.000000    0.000000    0.000000 ^ wr_clk (in)
                                                         wr_clk (net)
                      0.001082    0.000541    0.000541 ^ clkbuf_0_wr_clk/A (sky130_fd_sc_hd__clkbuf_16)
    16    0.103832    0.091499    0.123118    0.123659 ^ clkbuf_0_wr_clk/X (sky130_fd_sc_hd__clkbuf_16)
                                                         clknet_0_wr_clk (net)
                      0.091533    0.001440    0.125100 ^ clkbuf_4_10_0_wr_clk/A (sky130_fd_sc_hd__clkbuf_8)
     2    0.019180    0.037276    0.103825    0.228925 ^ clkbuf_4_10_0_wr_clk/X (sky130_fd_sc_hd__clkbuf_8)
                                                         clknet_4_10_0_wr_clk (net)
                      0.037277    0.000228    0.229153 ^ clkbuf_5_21__f_wr_clk/A (sky130_fd_sc_hd__clkbuf_16)
     6    0.019601    0.030905    0.085991    0.315144 ^ clkbuf_5_21__f_wr_clk/X (sky130_fd_sc_hd__clkbuf_16)
                                                         clknet_5_21__leaf_wr_clk (net)
                      0.030907    0.000514    0.315658 ^ _1201_/CLK (sky130_fd_sc_hd__dfrtp_2)
     1    0.003363    0.027618    0.208000    0.523658 ^ _1201_/Q (sky130_fd_sc_hd__dfrtp_2)
                                                         u_wr_reset_sync.sync_ff2 (net)
                      0.027618    0.000041    0.523699 ^ fanout80/A (sky130_fd_sc_hd__clkdlybuf4s25_1)
     7    0.039694    0.299229    0.344620    0.868319 ^ fanout80/X (sky130_fd_sc_hd__clkdlybuf4s25_1)
                                                         net80 (net)
                      0.299229    0.000186    0.868506 ^ fanout79/A (sky130_fd_sc_hd__clkdlybuf4s25_1)
     5    0.023511    0.180758    0.297641    1.166147 ^ fanout79/X (sky130_fd_sc_hd__clkdlybuf4s25_1)
                                                         net79 (net)
                      0.180758    0.000405    1.166551 ^ fanout77/A (sky130_fd_sc_hd__clkdlybuf4s25_1)
     8    0.036678    0.277196    0.355422    1.521974 ^ fanout77/X (sky130_fd_sc_hd__clkdlybuf4s25_1)
                                                         net77 (net)
                      0.277198    0.001256    1.523229 ^ _1215_/RESET_B (sky130_fd_sc_hd__dfrtp_2)
                                              1.523229   data arrival time

                                  0.000000    0.000000   clock wr_clk (rise edge)
                                  0.000000    0.000000   clock source latency
     1    0.024443    0.000000    0.000000    0.000000 ^ wr_clk (in)
                                                         wr_clk (net)
                      0.001082    0.000541    0.000541 ^ clkbuf_0_wr_clk/A (sky130_fd_sc_hd__clkbuf_16)
    16    0.103832    0.091499    0.123118    0.123659 ^ clkbuf_0_wr_clk/X (sky130_fd_sc_hd__clkbuf_16)
                                                         clknet_0_wr_clk (net)
                      0.091499    0.000074    0.123733 ^ clkbuf_4_12_0_wr_clk/A (sky130_fd_sc_hd__clkbuf_8)
     2    0.019505    0.037648    0.104117    0.227850 ^ clkbuf_4_12_0_wr_clk/X (sky130_fd_sc_hd__clkbuf_8)
                                                         clknet_4_12_0_wr_clk (net)
                      0.037651    0.000356    0.228206 ^ clkbuf_5_25__f_wr_clk/A (sky130_fd_sc_hd__clkbuf_16)
     6    0.021859    0.032405    0.087698    0.315904 ^ clkbuf_5_25__f_wr_clk/X (sky130_fd_sc_hd__clkbuf_16)
                                                         clknet_5_25__leaf_wr_clk (net)
                      0.032406    0.000247    0.316151 ^ _1215_/CLK (sky130_fd_sc_hd__dfrtp_2)
                                  0.100000    0.416151   clock uncertainty
                                  0.000000    0.416151   clock reconvergence pessimism
                                  0.261339    0.677490   library removal time
                                              0.677490   data required time
---------------------------------------------------------------------------------------------
                                              0.677490   data required time
                                             -1.523229   data arrival time
---------------------------------------------------------------------------------------------
                                              0.845740   slack (MET)


Startpoint: _1201_ (rising edge-triggered flip-flop clocked by wr_clk)
Endpoint: _1231_ (removal check against rising-edge clock wr_clk)
Path Group: asynchronous
Path Type: min

Fanout         Cap        Slew       Delay        Time   Description
---------------------------------------------------------------------------------------------
                                  0.000000    0.000000   clock wr_clk (rise edge)
                                  0.000000    0.000000   clock source latency
     1    0.024443    0.000000    0.000000    0.000000 ^ wr_clk (in)
                                                         wr_clk (net)
                      0.001082    0.000541    0.000541 ^ clkbuf_0_wr_clk/A (sky130_fd_sc_hd__clkbuf_16)
    16    0.103832    0.091499    0.123118    0.123659 ^ clkbuf_0_wr_clk/X (sky130_fd_sc_hd__clkbuf_16)
                                                         clknet_0_wr_clk (net)
                      0.091533    0.001440    0.125100 ^ clkbuf_4_10_0_wr_clk/A (sky130_fd_sc_hd__clkbuf_8)
     2    0.019180    0.037276    0.103825    0.228925 ^ clkbuf_4_10_0_wr_clk/X (sky130_fd_sc_hd__clkbuf_8)
                                                         clknet_4_10_0_wr_clk (net)
                      0.037277    0.000228    0.229153 ^ clkbuf_5_21__f_wr_clk/A (sky130_fd_sc_hd__clkbuf_16)
     6    0.019601    0.030905    0.085991    0.315144 ^ clkbuf_5_21__f_wr_clk/X (sky130_fd_sc_hd__clkbuf_16)
                                                         clknet_5_21__leaf_wr_clk (net)
                      0.030907    0.000514    0.315658 ^ _1201_/CLK (sky130_fd_sc_hd__dfrtp_2)
     1    0.003363    0.027618    0.208000    0.523658 ^ _1201_/Q (sky130_fd_sc_hd__dfrtp_2)
                                                         u_wr_reset_sync.sync_ff2 (net)
                      0.027618    0.000041    0.523699 ^ fanout80/A (sky130_fd_sc_hd__clkdlybuf4s25_1)
     7    0.039694    0.299229    0.344620    0.868319 ^ fanout80/X (sky130_fd_sc_hd__clkdlybuf4s25_1)
                                                         net80 (net)
                      0.299229    0.000186    0.868506 ^ fanout79/A (sky130_fd_sc_hd__clkdlybuf4s25_1)
     5    0.023511    0.180758    0.297641    1.166147 ^ fanout79/X (sky130_fd_sc_hd__clkdlybuf4s25_1)
                                                         net79 (net)
                      0.180758    0.000405    1.166551 ^ fanout77/A (sky130_fd_sc_hd__clkdlybuf4s25_1)
     8    0.036678    0.277196    0.355422    1.521974 ^ fanout77/X (sky130_fd_sc_hd__clkdlybuf4s25_1)
                                                         net77 (net)
                      0.277196    0.000304    1.522278 ^ _1231_/RESET_B (sky130_fd_sc_hd__dfrtp_2)
                                              1.522278   data arrival time

                                  0.000000    0.000000   clock wr_clk (rise edge)
                                  0.000000    0.000000   clock source latency
     1    0.024443    0.000000    0.000000    0.000000 ^ wr_clk (in)
                                                         wr_clk (net)
                      0.001082    0.000541    0.000541 ^ clkbuf_0_wr_clk/A (sky130_fd_sc_hd__clkbuf_16)
    16    0.103832    0.091499    0.123118    0.123659 ^ clkbuf_0_wr_clk/X (sky130_fd_sc_hd__clkbuf_16)
                                                         clknet_0_wr_clk (net)
                      0.091504    0.000587    0.124247 ^ clkbuf_4_14_0_wr_clk/A (sky130_fd_sc_hd__clkbuf_8)
     2    0.018907    0.036968    0.103529    0.227775 ^ clkbuf_4_14_0_wr_clk/X (sky130_fd_sc_hd__clkbuf_8)
                                                         clknet_4_14_0_wr_clk (net)
                      0.036968    0.000210    0.227986 ^ clkbuf_5_28__f_wr_clk/A (sky130_fd_sc_hd__clkbuf_16)
     5    0.020778    0.031691    0.086797    0.314783 ^ clkbuf_5_28__f_wr_clk/X (sky130_fd_sc_hd__clkbuf_16)
                                                         clknet_5_28__leaf_wr_clk (net)
                      0.031691    0.000138    0.314922 ^ _1231_/CLK (sky130_fd_sc_hd__dfrtp_2)
                                  0.100000    0.414922   clock uncertainty
                                  0.000000    0.414922   clock reconvergence pessimism
                                  0.261242    0.676164   library removal time
                                              0.676164   data required time
---------------------------------------------------------------------------------------------
                                              0.676164   data required time
                                             -1.522278   data arrival time
---------------------------------------------------------------------------------------------
                                              0.846114   slack (MET)


Startpoint: _1201_ (rising edge-triggered flip-flop clocked by wr_clk)
Endpoint: _1230_ (removal check against rising-edge clock wr_clk)
Path Group: asynchronous
Path Type: min

Fanout         Cap        Slew       Delay        Time   Description
---------------------------------------------------------------------------------------------
                                  0.000000    0.000000   clock wr_clk (rise edge)
                                  0.000000    0.000000   clock source latency
     1    0.024443    0.000000    0.000000    0.000000 ^ wr_clk (in)
                                                         wr_clk (net)
                      0.001082    0.000541    0.000541 ^ clkbuf_0_wr_clk/A (sky130_fd_sc_hd__clkbuf_16)
    16    0.103832    0.091499    0.123118    0.123659 ^ clkbuf_0_wr_clk/X (sky130_fd_sc_hd__clkbuf_16)
                                                         clknet_0_wr_clk (net)
                      0.091533    0.001440    0.125100 ^ clkbuf_4_10_0_wr_clk/A (sky130_fd_sc_hd__clkbuf_8)
     2    0.019180    0.037276    0.103825    0.228925 ^ clkbuf_4_10_0_wr_clk/X (sky130_fd_sc_hd__clkbuf_8)
                                                         clknet_4_10_0_wr_clk (net)
                      0.037277    0.000228    0.229153 ^ clkbuf_5_21__f_wr_clk/A (sky130_fd_sc_hd__clkbuf_16)
     6    0.019601    0.030905    0.085991    0.315144 ^ clkbuf_5_21__f_wr_clk/X (sky130_fd_sc_hd__clkbuf_16)
                                                         clknet_5_21__leaf_wr_clk (net)
                      0.030907    0.000514    0.315658 ^ _1201_/CLK (sky130_fd_sc_hd__dfrtp_2)
     1    0.003363    0.027618    0.208000    0.523658 ^ _1201_/Q (sky130_fd_sc_hd__dfrtp_2)
                                                         u_wr_reset_sync.sync_ff2 (net)
                      0.027618    0.000041    0.523699 ^ fanout80/A (sky130_fd_sc_hd__clkdlybuf4s25_1)
     7    0.039694    0.299229    0.344620    0.868319 ^ fanout80/X (sky130_fd_sc_hd__clkdlybuf4s25_1)
                                                         net80 (net)
                      0.299229    0.000186    0.868506 ^ fanout79/A (sky130_fd_sc_hd__clkdlybuf4s25_1)
     5    0.023511    0.180758    0.297641    1.166147 ^ fanout79/X (sky130_fd_sc_hd__clkdlybuf4s25_1)
                                                         net79 (net)
                      0.180758    0.000405    1.166551 ^ fanout77/A (sky130_fd_sc_hd__clkdlybuf4s25_1)
     8    0.036678    0.277196    0.355422    1.521974 ^ fanout77/X (sky130_fd_sc_hd__clkdlybuf4s25_1)
                                                         net77 (net)
                      0.277196    0.000811    1.522785 ^ _1230_/RESET_B (sky130_fd_sc_hd__dfrtp_2)
                                              1.522785   data arrival time

                                  0.000000    0.000000   clock wr_clk (rise edge)
                                  0.000000    0.000000   clock source latency
     1    0.024443    0.000000    0.000000    0.000000 ^ wr_clk (in)
                                                         wr_clk (net)
                      0.001082    0.000541    0.000541 ^ clkbuf_0_wr_clk/A (sky130_fd_sc_hd__clkbuf_16)
    16    0.103832    0.091499    0.123118    0.123659 ^ clkbuf_0_wr_clk/X (sky130_fd_sc_hd__clkbuf_16)
                                                         clknet_0_wr_clk (net)
                      0.091504    0.000587    0.124247 ^ clkbuf_4_14_0_wr_clk/A (sky130_fd_sc_hd__clkbuf_8)
     2    0.018907    0.036968    0.103529    0.227775 ^ clkbuf_4_14_0_wr_clk/X (sky130_fd_sc_hd__clkbuf_8)
                                                         clknet_4_14_0_wr_clk (net)
                      0.036968    0.000210    0.227986 ^ clkbuf_5_28__f_wr_clk/A (sky130_fd_sc_hd__clkbuf_16)
     5    0.020778    0.031691    0.086797    0.314783 ^ clkbuf_5_28__f_wr_clk/X (sky130_fd_sc_hd__clkbuf_16)
                                                         clknet_5_28__leaf_wr_clk (net)
                      0.031691    0.000128    0.314911 ^ _1230_/CLK (sky130_fd_sc_hd__dfrtp_2)
                                  0.100000    0.414911   clock uncertainty
                                  0.000000    0.414911   clock reconvergence pessimism
                                  0.261242    0.676153   library removal time
                                              0.676153   data required time
---------------------------------------------------------------------------------------------
                                              0.676153   data required time
                                             -1.522785   data arrival time
---------------------------------------------------------------------------------------------
                                              0.846632   slack (MET)


Startpoint: _1201_ (rising edge-triggered flip-flop clocked by wr_clk)
Endpoint: _1220_ (removal check against rising-edge clock wr_clk)
Path Group: asynchronous
Path Type: min

Fanout         Cap        Slew       Delay        Time   Description
---------------------------------------------------------------------------------------------
                                  0.000000    0.000000   clock wr_clk (rise edge)
                                  0.000000    0.000000   clock source latency
     1    0.024443    0.000000    0.000000    0.000000 ^ wr_clk (in)
                                                         wr_clk (net)
                      0.001082    0.000541    0.000541 ^ clkbuf_0_wr_clk/A (sky130_fd_sc_hd__clkbuf_16)
    16    0.103832    0.091499    0.123118    0.123659 ^ clkbuf_0_wr_clk/X (sky130_fd_sc_hd__clkbuf_16)
                                                         clknet_0_wr_clk (net)
                      0.091533    0.001440    0.125100 ^ clkbuf_4_10_0_wr_clk/A (sky130_fd_sc_hd__clkbuf_8)
     2    0.019180    0.037276    0.103825    0.228925 ^ clkbuf_4_10_0_wr_clk/X (sky130_fd_sc_hd__clkbuf_8)
                                                         clknet_4_10_0_wr_clk (net)
                      0.037277    0.000228    0.229153 ^ clkbuf_5_21__f_wr_clk/A (sky130_fd_sc_hd__clkbuf_16)
     6    0.019601    0.030905    0.085991    0.315144 ^ clkbuf_5_21__f_wr_clk/X (sky130_fd_sc_hd__clkbuf_16)
                                                         clknet_5_21__leaf_wr_clk (net)
                      0.030907    0.000514    0.315658 ^ _1201_/CLK (sky130_fd_sc_hd__dfrtp_2)
     1    0.003363    0.027618    0.208000    0.523658 ^ _1201_/Q (sky130_fd_sc_hd__dfrtp_2)
                                                         u_wr_reset_sync.sync_ff2 (net)
                      0.027618    0.000041    0.523699 ^ fanout80/A (sky130_fd_sc_hd__clkdlybuf4s25_1)
     7    0.039694    0.299229    0.344620    0.868319 ^ fanout80/X (sky130_fd_sc_hd__clkdlybuf4s25_1)
                                                         net80 (net)
                      0.299229    0.000186    0.868506 ^ fanout79/A (sky130_fd_sc_hd__clkdlybuf4s25_1)
     5    0.023511    0.180758    0.297641    1.166147 ^ fanout79/X (sky130_fd_sc_hd__clkdlybuf4s25_1)
                                                         net79 (net)
                      0.180758    0.000405    1.166551 ^ fanout77/A (sky130_fd_sc_hd__clkdlybuf4s25_1)
     8    0.036678    0.277196    0.355422    1.521974 ^ fanout77/X (sky130_fd_sc_hd__clkdlybuf4s25_1)
                                                         net77 (net)
                      0.277196    0.001096    1.523070 ^ _1220_/RESET_B (sky130_fd_sc_hd__dfrtp_2)
                                              1.523070   data arrival time

                                  0.000000    0.000000   clock wr_clk (rise edge)
                                  0.000000    0.000000   clock source latency
     1    0.024443    0.000000    0.000000    0.000000 ^ wr_clk (in)
                                                         wr_clk (net)
                      0.001082    0.000541    0.000541 ^ clkbuf_0_wr_clk/A (sky130_fd_sc_hd__clkbuf_16)
    16    0.103832    0.091499    0.123118    0.123659 ^ clkbuf_0_wr_clk/X (sky130_fd_sc_hd__clkbuf_16)
                                                         clknet_0_wr_clk (net)
                      0.091504    0.000587    0.124247 ^ clkbuf_4_14_0_wr_clk/A (sky130_fd_sc_hd__clkbuf_8)
     2    0.018907    0.036968    0.103529    0.227775 ^ clkbuf_4_14_0_wr_clk/X (sky130_fd_sc_hd__clkbuf_8)
                                                         clknet_4_14_0_wr_clk (net)
                      0.036968    0.000210    0.227986 ^ clkbuf_5_28__f_wr_clk/A (sky130_fd_sc_hd__clkbuf_16)
     5    0.020778    0.031691    0.086797    0.314783 ^ clkbuf_5_28__f_wr_clk/X (sky130_fd_sc_hd__clkbuf_16)
                                                         clknet_5_28__leaf_wr_clk (net)
                      0.031691    0.000118    0.314901 ^ _1220_/CLK (sky130_fd_sc_hd__dfrtp_2)
                                  0.100000    0.414901   clock uncertainty
                                  0.000000    0.414901   clock reconvergence pessimism
                                  0.261243    0.676144   library removal time
                                              0.676144   data required time
---------------------------------------------------------------------------------------------
                                              0.676144   data required time
                                             -1.523070   data arrival time
---------------------------------------------------------------------------------------------
                                              0.846926   slack (MET)


Startpoint: _1203_ (rising edge-triggered flip-flop clocked by rd_clk)
Endpoint: _1213_ (removal check against rising-edge clock rd_clk)
Path Group: asynchronous
Path Type: min

Fanout         Cap        Slew       Delay        Time   Description
---------------------------------------------------------------------------------------------
                                  0.000000    0.000000   clock rd_clk (rise edge)
                                  0.000000    0.000000   clock source latency
     1    0.013656    0.000000    0.000000    0.000000 ^ rd_clk (in)
                                                         rd_clk (net)
                      0.000587    0.000294    0.000294 ^ clkbuf_0_rd_clk/A (sky130_fd_sc_hd__clkbuf_16)
     4    0.038258    0.043842    0.087700    0.087993 ^ clkbuf_0_rd_clk/X (sky130_fd_sc_hd__clkbuf_16)
                                                         clknet_0_rd_clk (net)
                      0.043849    0.000501    0.088494 ^ clkbuf_2_3__f_rd_clk/A (sky130_fd_sc_hd__clkbuf_16)
     7    0.025459    0.034891    0.091918    0.180412 ^ clkbuf_2_3__f_rd_clk/X (sky130_fd_sc_hd__clkbuf_16)
                                                         clknet_2_3__leaf_rd_clk (net)
                      0.034894    0.000345    0.180757 ^ _1203_/CLK (sky130_fd_sc_hd__dfrtp_2)
     2    0.008147    0.042645    0.224398    0.405156 ^ _1203_/Q (sky130_fd_sc_hd__dfrtp_2)
                                                         u_rd_reset_sync.sync_ff2 (net)
                      0.042645    0.000056    0.405211 ^ fanout76/A (sky130_fd_sc_hd__clkdlybuf4s25_1)
     8    0.041117    0.309342    0.356600    0.761811 ^ fanout76/X (sky130_fd_sc_hd__clkdlybuf4s25_1)
                                                         net76 (net)
                      0.309342    0.000405    0.762216 ^ fanout75/A (sky130_fd_sc_hd__clkdlybuf4s25_1)
     6    0.028025    0.213896    0.320514    1.082730 ^ fanout75/X (sky130_fd_sc_hd__clkdlybuf4s25_1)
                                                         net75 (net)
                      0.213896    0.000283    1.083013 ^ fanout74/A (sky130_fd_sc_hd__clkdlybuf4s25_1)
     5    0.021598    0.166764    0.281900    1.364912 ^ fanout74/X (sky130_fd_sc_hd__clkdlybuf4s25_1)
                                                         net74 (net)
                      0.166764    0.000312    1.365224 ^ _1213_/RESET_B (sky130_fd_sc_hd__dfrtp_2)
                                              1.365224   data arrival time

                                  0.000000    0.000000   clock rd_clk (rise edge)
                                  0.000000    0.000000   clock source latency
     1    0.013656    0.000000    0.000000    0.000000 ^ rd_clk (in)
                                                         rd_clk (net)
                      0.000587    0.000294    0.000294 ^ clkbuf_0_rd_clk/A (sky130_fd_sc_hd__clkbuf_16)
     4    0.038258    0.043842    0.087700    0.087993 ^ clkbuf_0_rd_clk/X (sky130_fd_sc_hd__clkbuf_16)
                                                         clknet_0_rd_clk (net)
                      0.043849    0.000501    0.088494 ^ clkbuf_2_3__f_rd_clk/A (sky130_fd_sc_hd__clkbuf_16)
     7    0.025459    0.034891    0.091918    0.180412 ^ clkbuf_2_3__f_rd_clk/X (sky130_fd_sc_hd__clkbuf_16)
                                                         clknet_2_3__leaf_rd_clk (net)
                      0.034895    0.000382    0.180794 ^ _1213_/CLK (sky130_fd_sc_hd__dfrtp_2)
                                  0.100000    0.280794   clock uncertainty
                                  0.000000    0.280794   clock reconvergence pessimism
                                  0.232963    0.513757   library removal time
                                              0.513757   data required time
---------------------------------------------------------------------------------------------
                                              0.513757   data required time
                                             -1.365224   data arrival time
---------------------------------------------------------------------------------------------
                                              0.851467   slack (MET)


Startpoint: _1201_ (rising edge-triggered flip-flop clocked by wr_clk)
Endpoint: _1219_ (removal check against rising-edge clock wr_clk)
Path Group: asynchronous
Path Type: min

Fanout         Cap        Slew       Delay        Time   Description
---------------------------------------------------------------------------------------------
                                  0.000000    0.000000   clock wr_clk (rise edge)
                                  0.000000    0.000000   clock source latency
     1    0.024443    0.000000    0.000000    0.000000 ^ wr_clk (in)
                                                         wr_clk (net)
                      0.001082    0.000541    0.000541 ^ clkbuf_0_wr_clk/A (sky130_fd_sc_hd__clkbuf_16)
    16    0.103832    0.091499    0.123118    0.123659 ^ clkbuf_0_wr_clk/X (sky130_fd_sc_hd__clkbuf_16)
                                                         clknet_0_wr_clk (net)
                      0.091533    0.001440    0.125100 ^ clkbuf_4_10_0_wr_clk/A (sky130_fd_sc_hd__clkbuf_8)
     2    0.019180    0.037276    0.103825    0.228925 ^ clkbuf_4_10_0_wr_clk/X (sky130_fd_sc_hd__clkbuf_8)
                                                         clknet_4_10_0_wr_clk (net)
                      0.037277    0.000228    0.229153 ^ clkbuf_5_21__f_wr_clk/A (sky130_fd_sc_hd__clkbuf_16)
     6    0.019601    0.030905    0.085991    0.315144 ^ clkbuf_5_21__f_wr_clk/X (sky130_fd_sc_hd__clkbuf_16)
                                                         clknet_5_21__leaf_wr_clk (net)
                      0.030907    0.000514    0.315658 ^ _1201_/CLK (sky130_fd_sc_hd__dfrtp_2)
     1    0.003363    0.027618    0.208000    0.523658 ^ _1201_/Q (sky130_fd_sc_hd__dfrtp_2)
                                                         u_wr_reset_sync.sync_ff2 (net)
                      0.027618    0.000041    0.523699 ^ fanout80/A (sky130_fd_sc_hd__clkdlybuf4s25_1)
     7    0.039694    0.299229    0.344620    0.868319 ^ fanout80/X (sky130_fd_sc_hd__clkdlybuf4s25_1)
                                                         net80 (net)
                      0.299229    0.000186    0.868506 ^ fanout79/A (sky130_fd_sc_hd__clkdlybuf4s25_1)
     5    0.023511    0.180758    0.297641    1.166147 ^ fanout79/X (sky130_fd_sc_hd__clkdlybuf4s25_1)
                                                         net79 (net)
                      0.180758    0.000405    1.166551 ^ fanout77/A (sky130_fd_sc_hd__clkdlybuf4s25_1)
     8    0.036678    0.277196    0.355422    1.521974 ^ fanout77/X (sky130_fd_sc_hd__clkdlybuf4s25_1)
                                                         net77 (net)
                      0.277197    0.001180    1.523154 ^ _1219_/RESET_B (sky130_fd_sc_hd__dfrtp_2)
                                              1.523154   data arrival time

                                  0.000000    0.000000   clock wr_clk (rise edge)
                                  0.000000    0.000000   clock source latency
     1    0.024443    0.000000    0.000000    0.000000 ^ wr_clk (in)
                                                         wr_clk (net)
                      0.001082    0.000541    0.000541 ^ clkbuf_0_wr_clk/A (sky130_fd_sc_hd__clkbuf_16)
    16    0.103832    0.091499    0.123118    0.123659 ^ clkbuf_0_wr_clk/X (sky130_fd_sc_hd__clkbuf_16)
                                                         clknet_0_wr_clk (net)
                      0.091504    0.000577    0.124236 ^ clkbuf_4_15_0_wr_clk/A (sky130_fd_sc_hd__clkbuf_8)
     2    0.018974    0.037049    0.103538    0.227774 ^ clkbuf_4_15_0_wr_clk/X (sky130_fd_sc_hd__clkbuf_8)
                                                         clknet_4_15_0_wr_clk (net)
                      0.037050    0.000292    0.228066 ^ clkbuf_5_30__f_wr_clk/A (sky130_fd_sc_hd__clkbuf_16)
     5    0.013174    0.026652    0.081592    0.309658 ^ clkbuf_5_30__f_wr_clk/X (sky130_fd_sc_hd__clkbuf_16)
                                                         clknet_5_30__leaf_wr_clk (net)
                      0.026652    0.000122    0.309780 ^ _1219_/CLK (sky130_fd_sc_hd__dfrtp_2)
                                  0.100000    0.409780   clock uncertainty
                                  0.000000    0.409780   clock reconvergence pessimism
                                  0.260567    0.670346   library removal time
                                              0.670346   data required time
---------------------------------------------------------------------------------------------
                                              0.670346   data required time
                                             -1.523154   data arrival time
---------------------------------------------------------------------------------------------
                                              0.852807   slack (MET)


Startpoint: _1201_ (rising edge-triggered flip-flop clocked by wr_clk)
Endpoint: _1224_ (removal check against rising-edge clock wr_clk)
Path Group: asynchronous
Path Type: min

Fanout         Cap        Slew       Delay        Time   Description
---------------------------------------------------------------------------------------------
                                  0.000000    0.000000   clock wr_clk (rise edge)
                                  0.000000    0.000000   clock source latency
     1    0.024443    0.000000    0.000000    0.000000 ^ wr_clk (in)
                                                         wr_clk (net)
                      0.001082    0.000541    0.000541 ^ clkbuf_0_wr_clk/A (sky130_fd_sc_hd__clkbuf_16)
    16    0.103832    0.091499    0.123118    0.123659 ^ clkbuf_0_wr_clk/X (sky130_fd_sc_hd__clkbuf_16)
                                                         clknet_0_wr_clk (net)
                      0.091533    0.001440    0.125100 ^ clkbuf_4_10_0_wr_clk/A (sky130_fd_sc_hd__clkbuf_8)
     2    0.019180    0.037276    0.103825    0.228925 ^ clkbuf_4_10_0_wr_clk/X (sky130_fd_sc_hd__clkbuf_8)
                                                         clknet_4_10_0_wr_clk (net)
                      0.037277    0.000228    0.229153 ^ clkbuf_5_21__f_wr_clk/A (sky130_fd_sc_hd__clkbuf_16)
     6    0.019601    0.030905    0.085991    0.315144 ^ clkbuf_5_21__f_wr_clk/X (sky130_fd_sc_hd__clkbuf_16)
                                                         clknet_5_21__leaf_wr_clk (net)
                      0.030907    0.000514    0.315658 ^ _1201_/CLK (sky130_fd_sc_hd__dfrtp_2)
     1    0.003363    0.027618    0.208000    0.523658 ^ _1201_/Q (sky130_fd_sc_hd__dfrtp_2)
                                                         u_wr_reset_sync.sync_ff2 (net)
                      0.027618    0.000041    0.523699 ^ fanout80/A (sky130_fd_sc_hd__clkdlybuf4s25_1)
     7    0.039694    0.299229    0.344620    0.868319 ^ fanout80/X (sky130_fd_sc_hd__clkdlybuf4s25_1)
                                                         net80 (net)
                      0.299229    0.000186    0.868506 ^ fanout79/A (sky130_fd_sc_hd__clkdlybuf4s25_1)
     5    0.023511    0.180758    0.297641    1.166147 ^ fanout79/X (sky130_fd_sc_hd__clkdlybuf4s25_1)
                                                         net79 (net)
                      0.180758    0.000405    1.166551 ^ fanout77/A (sky130_fd_sc_hd__clkdlybuf4s25_1)
     8    0.036678    0.277196    0.355422    1.521974 ^ fanout77/X (sky130_fd_sc_hd__clkdlybuf4s25_1)
                                                         net77 (net)
                      0.277197    0.001237    1.523211 ^ _1224_/RESET_B (sky130_fd_sc_hd__dfrtp_2)
                                              1.523211   data arrival time

                                  0.000000    0.000000   clock wr_clk (rise edge)
                                  0.000000    0.000000   clock source latency
     1    0.024443    0.000000    0.000000    0.000000 ^ wr_clk (in)
                                                         wr_clk (net)
                      0.001082    0.000541    0.000541 ^ clkbuf_0_wr_clk/A (sky130_fd_sc_hd__clkbuf_16)
    16    0.103832    0.091499    0.123118    0.123659 ^ clkbuf_0_wr_clk/X (sky130_fd_sc_hd__clkbuf_16)
                                                         clknet_0_wr_clk (net)
                      0.091504    0.000577    0.124236 ^ clkbuf_4_15_0_wr_clk/A (sky130_fd_sc_hd__clkbuf_8)
     2    0.018974    0.037049    0.103538    0.227774 ^ clkbuf_4_15_0_wr_clk/X (sky130_fd_sc_hd__clkbuf_8)
                                                         clknet_4_15_0_wr_clk (net)
                      0.037050    0.000292    0.228066 ^ clkbuf_5_30__f_wr_clk/A (sky130_fd_sc_hd__clkbuf_16)
     5    0.013174    0.026652    0.081592    0.309658 ^ clkbuf_5_30__f_wr_clk/X (sky130_fd_sc_hd__clkbuf_16)
                                                         clknet_5_30__leaf_wr_clk (net)
                      0.026652    0.000089    0.309747 ^ _1224_/CLK (sky130_fd_sc_hd__dfrtp_2)
                                  0.100000    0.409747   clock uncertainty
                                  0.000000    0.409747   clock reconvergence pessimism
                                  0.260567    0.670313   library removal time
                                              0.670313   data required time
---------------------------------------------------------------------------------------------
                                              0.670313   data required time
                                             -1.523211   data arrival time
---------------------------------------------------------------------------------------------
                                              0.852898   slack (MET)


Startpoint: _1201_ (rising edge-triggered flip-flop clocked by wr_clk)
Endpoint: _1214_ (removal check against rising-edge clock wr_clk)
Path Group: asynchronous
Path Type: min

Fanout         Cap        Slew       Delay        Time   Description
---------------------------------------------------------------------------------------------
                                  0.000000    0.000000   clock wr_clk (rise edge)
                                  0.000000    0.000000   clock source latency
     1    0.024443    0.000000    0.000000    0.000000 ^ wr_clk (in)
                                                         wr_clk (net)
                      0.001082    0.000541    0.000541 ^ clkbuf_0_wr_clk/A (sky130_fd_sc_hd__clkbuf_16)
    16    0.103832    0.091499    0.123118    0.123659 ^ clkbuf_0_wr_clk/X (sky130_fd_sc_hd__clkbuf_16)
                                                         clknet_0_wr_clk (net)
                      0.091533    0.001440    0.125100 ^ clkbuf_4_10_0_wr_clk/A (sky130_fd_sc_hd__clkbuf_8)
     2    0.019180    0.037276    0.103825    0.228925 ^ clkbuf_4_10_0_wr_clk/X (sky130_fd_sc_hd__clkbuf_8)
                                                         clknet_4_10_0_wr_clk (net)
                      0.037277    0.000228    0.229153 ^ clkbuf_5_21__f_wr_clk/A (sky130_fd_sc_hd__clkbuf_16)
     6    0.019601    0.030905    0.085991    0.315144 ^ clkbuf_5_21__f_wr_clk/X (sky130_fd_sc_hd__clkbuf_16)
                                                         clknet_5_21__leaf_wr_clk (net)
                      0.030907    0.000514    0.315658 ^ _1201_/CLK (sky130_fd_sc_hd__dfrtp_2)
     1    0.003363    0.027618    0.208000    0.523658 ^ _1201_/Q (sky130_fd_sc_hd__dfrtp_2)
                                                         u_wr_reset_sync.sync_ff2 (net)
                      0.027618    0.000041    0.523699 ^ fanout80/A (sky130_fd_sc_hd__clkdlybuf4s25_1)
     7    0.039694    0.299229    0.344620    0.868319 ^ fanout80/X (sky130_fd_sc_hd__clkdlybuf4s25_1)
                                                         net80 (net)
                      0.299229    0.000186    0.868506 ^ fanout79/A (sky130_fd_sc_hd__clkdlybuf4s25_1)
     5    0.023511    0.180758    0.297641    1.166147 ^ fanout79/X (sky130_fd_sc_hd__clkdlybuf4s25_1)
                                                         net79 (net)
                      0.180758    0.000405    1.166551 ^ fanout77/A (sky130_fd_sc_hd__clkdlybuf4s25_1)
     8    0.036678    0.277196    0.355422    1.521974 ^ fanout77/X (sky130_fd_sc_hd__clkdlybuf4s25_1)
                                                         net77 (net)
                      0.277198    0.001294    1.523267 ^ _1214_/RESET_B (sky130_fd_sc_hd__dfrtp_2)
                                              1.523267   data arrival time

                                  0.000000    0.000000   clock wr_clk (rise edge)
                                  0.000000    0.000000   clock source latency
     1    0.024443    0.000000    0.000000    0.000000 ^ wr_clk (in)
                                                         wr_clk (net)
                      0.001082    0.000541    0.000541 ^ clkbuf_0_wr_clk/A (sky130_fd_sc_hd__clkbuf_16)
    16    0.103832    0.091499    0.123118    0.123659 ^ clkbuf_0_wr_clk/X (sky130_fd_sc_hd__clkbuf_16)
                                                         clknet_0_wr_clk (net)
                      0.091504    0.000577    0.124236 ^ clkbuf_4_15_0_wr_clk/A (sky130_fd_sc_hd__clkbuf_8)
     2    0.018974    0.037049    0.103538    0.227774 ^ clkbuf_4_15_0_wr_clk/X (sky130_fd_sc_hd__clkbuf_8)
                                                         clknet_4_15_0_wr_clk (net)
                      0.037050    0.000292    0.228066 ^ clkbuf_5_30__f_wr_clk/A (sky130_fd_sc_hd__clkbuf_16)
     5    0.013174    0.026652    0.081592    0.309658 ^ clkbuf_5_30__f_wr_clk/X (sky130_fd_sc_hd__clkbuf_16)
                                                         clknet_5_30__leaf_wr_clk (net)
                      0.026652    0.000091    0.309749 ^ _1214_/CLK (sky130_fd_sc_hd__dfrtp_2)
                                  0.100000    0.409749   clock uncertainty
                                  0.000000    0.409749   clock reconvergence pessimism
                                  0.260567    0.670316   library removal time
                                              0.670316   data required time
---------------------------------------------------------------------------------------------
                                              0.670316   data required time
                                             -1.523267   data arrival time
---------------------------------------------------------------------------------------------
                                              0.852951   slack (MET)


Startpoint: _1201_ (rising edge-triggered flip-flop clocked by wr_clk)
Endpoint: _1227_ (removal check against rising-edge clock wr_clk)
Path Group: asynchronous
Path Type: min

Fanout         Cap        Slew       Delay        Time   Description
---------------------------------------------------------------------------------------------
                                  0.000000    0.000000   clock wr_clk (rise edge)
                                  0.000000    0.000000   clock source latency
     1    0.024443    0.000000    0.000000    0.000000 ^ wr_clk (in)
                                                         wr_clk (net)
                      0.001082    0.000541    0.000541 ^ clkbuf_0_wr_clk/A (sky130_fd_sc_hd__clkbuf_16)
    16    0.103832    0.091499    0.123118    0.123659 ^ clkbuf_0_wr_clk/X (sky130_fd_sc_hd__clkbuf_16)
                                                         clknet_0_wr_clk (net)
                      0.091533    0.001440    0.125100 ^ clkbuf_4_10_0_wr_clk/A (sky130_fd_sc_hd__clkbuf_8)
     2    0.019180    0.037276    0.103825    0.228925 ^ clkbuf_4_10_0_wr_clk/X (sky130_fd_sc_hd__clkbuf_8)
                                                         clknet_4_10_0_wr_clk (net)
                      0.037277    0.000228    0.229153 ^ clkbuf_5_21__f_wr_clk/A (sky130_fd_sc_hd__clkbuf_16)
     6    0.019601    0.030905    0.085991    0.315144 ^ clkbuf_5_21__f_wr_clk/X (sky130_fd_sc_hd__clkbuf_16)
                                                         clknet_5_21__leaf_wr_clk (net)
                      0.030907    0.000514    0.315658 ^ _1201_/CLK (sky130_fd_sc_hd__dfrtp_2)
     1    0.003363    0.027618    0.208000    0.523658 ^ _1201_/Q (sky130_fd_sc_hd__dfrtp_2)
                                                         u_wr_reset_sync.sync_ff2 (net)
                      0.027618    0.000041    0.523699 ^ fanout80/A (sky130_fd_sc_hd__clkdlybuf4s25_1)
     7    0.039694    0.299229    0.344620    0.868319 ^ fanout80/X (sky130_fd_sc_hd__clkdlybuf4s25_1)
                                                         net80 (net)
                      0.299229    0.000186    0.868506 ^ fanout79/A (sky130_fd_sc_hd__clkdlybuf4s25_1)
     5    0.023511    0.180758    0.297641    1.166147 ^ fanout79/X (sky130_fd_sc_hd__clkdlybuf4s25_1)
                                                         net79 (net)
                      0.180758    0.000405    1.166551 ^ fanout77/A (sky130_fd_sc_hd__clkdlybuf4s25_1)
     8    0.036678    0.277196    0.355422    1.521974 ^ fanout77/X (sky130_fd_sc_hd__clkdlybuf4s25_1)
                                                         net77 (net)
                      0.277198    0.001342    1.523316 ^ _1227_/RESET_B (sky130_fd_sc_hd__dfrtp_2)
                                              1.523316   data arrival time

                                  0.000000    0.000000   clock wr_clk (rise edge)
                                  0.000000    0.000000   clock source latency
     1    0.024443    0.000000    0.000000    0.000000 ^ wr_clk (in)
                                                         wr_clk (net)
                      0.001082    0.000541    0.000541 ^ clkbuf_0_wr_clk/A (sky130_fd_sc_hd__clkbuf_16)
    16    0.103832    0.091499    0.123118    0.123659 ^ clkbuf_0_wr_clk/X (sky130_fd_sc_hd__clkbuf_16)
                                                         clknet_0_wr_clk (net)
                      0.091504    0.000577    0.124236 ^ clkbuf_4_15_0_wr_clk/A (sky130_fd_sc_hd__clkbuf_8)
     2    0.018974    0.037049    0.103538    0.227774 ^ clkbuf_4_15_0_wr_clk/X (sky130_fd_sc_hd__clkbuf_8)
                                                         clknet_4_15_0_wr_clk (net)
                      0.037050    0.000292    0.228066 ^ clkbuf_5_30__f_wr_clk/A (sky130_fd_sc_hd__clkbuf_16)
     5    0.013174    0.026652    0.081592    0.309658 ^ clkbuf_5_30__f_wr_clk/X (sky130_fd_sc_hd__clkbuf_16)
                                                         clknet_5_30__leaf_wr_clk (net)
                      0.026652    0.000100    0.309758 ^ _1227_/CLK (sky130_fd_sc_hd__dfrtp_2)
                                  0.100000    0.409758   clock uncertainty
                                  0.000000    0.409758   clock reconvergence pessimism
                                  0.260567    0.670325   library removal time
                                              0.670325   data required time
---------------------------------------------------------------------------------------------
                                              0.670325   data required time
                                             -1.523316   data arrival time
---------------------------------------------------------------------------------------------
                                              0.852991   slack (MET)


Startpoint: _1203_ (rising edge-triggered flip-flop clocked by rd_clk)
Endpoint: _1243_ (removal check against rising-edge clock rd_clk)
Path Group: asynchronous
Path Type: min

Fanout         Cap        Slew       Delay        Time   Description
---------------------------------------------------------------------------------------------
                                  0.000000    0.000000   clock rd_clk (rise edge)
                                  0.000000    0.000000   clock source latency
     1    0.013656    0.000000    0.000000    0.000000 ^ rd_clk (in)
                                                         rd_clk (net)
                      0.000587    0.000294    0.000294 ^ clkbuf_0_rd_clk/A (sky130_fd_sc_hd__clkbuf_16)
     4    0.038258    0.043842    0.087700    0.087993 ^ clkbuf_0_rd_clk/X (sky130_fd_sc_hd__clkbuf_16)
                                                         clknet_0_rd_clk (net)
                      0.043849    0.000501    0.088494 ^ clkbuf_2_3__f_rd_clk/A (sky130_fd_sc_hd__clkbuf_16)
     7    0.025459    0.034891    0.091918    0.180412 ^ clkbuf_2_3__f_rd_clk/X (sky130_fd_sc_hd__clkbuf_16)
                                                         clknet_2_3__leaf_rd_clk (net)
                      0.034894    0.000345    0.180757 ^ _1203_/CLK (sky130_fd_sc_hd__dfrtp_2)
     2    0.008147    0.042645    0.224398    0.405156 ^ _1203_/Q (sky130_fd_sc_hd__dfrtp_2)
                                                         u_rd_reset_sync.sync_ff2 (net)
                      0.042645    0.000056    0.405211 ^ fanout76/A (sky130_fd_sc_hd__clkdlybuf4s25_1)
     8    0.041117    0.309342    0.356600    0.761811 ^ fanout76/X (sky130_fd_sc_hd__clkdlybuf4s25_1)
                                                         net76 (net)
                      0.309342    0.000405    0.762216 ^ fanout75/A (sky130_fd_sc_hd__clkdlybuf4s25_1)
     6    0.028025    0.213896    0.320514    1.082730 ^ fanout75/X (sky130_fd_sc_hd__clkdlybuf4s25_1)
                                                         net75 (net)
                      0.213896    0.000283    1.083013 ^ fanout74/A (sky130_fd_sc_hd__clkdlybuf4s25_1)
     5    0.021598    0.166764    0.281900    1.364912 ^ fanout74/X (sky130_fd_sc_hd__clkdlybuf4s25_1)
                                                         net74 (net)
                      0.166764    0.000177    1.365089 ^ _1243_/RESET_B (sky130_fd_sc_hd__dfrtp_2)
                                              1.365089   data arrival time

                                  0.000000    0.000000   clock rd_clk (rise edge)
                                  0.000000    0.000000   clock source latency
     1    0.013656    0.000000    0.000000    0.000000 ^ rd_clk (in)
                                                         rd_clk (net)
                      0.000587    0.000294    0.000294 ^ clkbuf_0_rd_clk/A (sky130_fd_sc_hd__clkbuf_16)
     4    0.038258    0.043842    0.087700    0.087993 ^ clkbuf_0_rd_clk/X (sky130_fd_sc_hd__clkbuf_16)
                                                         clknet_0_rd_clk (net)
                      0.043845    0.000399    0.088392 ^ clkbuf_2_1__f_rd_clk/A (sky130_fd_sc_hd__clkbuf_16)
     7    0.020161    0.031308    0.088339    0.176731 ^ clkbuf_2_1__f_rd_clk/X (sky130_fd_sc_hd__clkbuf_16)
                                                         clknet_2_1__leaf_rd_clk (net)
                      0.031308    0.000105    0.176836 ^ _1243_/CLK (sky130_fd_sc_hd__dfrtp_2)
                                  0.100000    0.276836   clock uncertainty
                                  0.000000    0.276836   clock reconvergence pessimism
                                  0.232476    0.509312   library removal time
                                              0.509312   data required time
---------------------------------------------------------------------------------------------
                                              0.509312   data required time
                                             -1.365089   data arrival time
---------------------------------------------------------------------------------------------
                                              0.855777   slack (MET)


Startpoint: _1203_ (rising edge-triggered flip-flop clocked by rd_clk)
Endpoint: _1237_ (removal check against rising-edge clock rd_clk)
Path Group: asynchronous
Path Type: min

Fanout         Cap        Slew       Delay        Time   Description
---------------------------------------------------------------------------------------------
                                  0.000000    0.000000   clock rd_clk (rise edge)
                                  0.000000    0.000000   clock source latency
     1    0.013656    0.000000    0.000000    0.000000 ^ rd_clk (in)
                                                         rd_clk (net)
                      0.000587    0.000294    0.000294 ^ clkbuf_0_rd_clk/A (sky130_fd_sc_hd__clkbuf_16)
     4    0.038258    0.043842    0.087700    0.087993 ^ clkbuf_0_rd_clk/X (sky130_fd_sc_hd__clkbuf_16)
                                                         clknet_0_rd_clk (net)
                      0.043849    0.000501    0.088494 ^ clkbuf_2_3__f_rd_clk/A (sky130_fd_sc_hd__clkbuf_16)
     7    0.025459    0.034891    0.091918    0.180412 ^ clkbuf_2_3__f_rd_clk/X (sky130_fd_sc_hd__clkbuf_16)
                                                         clknet_2_3__leaf_rd_clk (net)
                      0.034894    0.000345    0.180757 ^ _1203_/CLK (sky130_fd_sc_hd__dfrtp_2)
     2    0.008147    0.042645    0.224398    0.405156 ^ _1203_/Q (sky130_fd_sc_hd__dfrtp_2)
                                                         u_rd_reset_sync.sync_ff2 (net)
                      0.042645    0.000056    0.405211 ^ fanout76/A (sky130_fd_sc_hd__clkdlybuf4s25_1)
     8    0.041117    0.309342    0.356600    0.761811 ^ fanout76/X (sky130_fd_sc_hd__clkdlybuf4s25_1)
                                                         net76 (net)
                      0.309342    0.000405    0.762216 ^ fanout75/A (sky130_fd_sc_hd__clkdlybuf4s25_1)
     6    0.028025    0.213896    0.320514    1.082730 ^ fanout75/X (sky130_fd_sc_hd__clkdlybuf4s25_1)
                                                         net75 (net)
                      0.213896    0.000283    1.083013 ^ fanout74/A (sky130_fd_sc_hd__clkdlybuf4s25_1)
     5    0.021598    0.166764    0.281900    1.364912 ^ fanout74/X (sky130_fd_sc_hd__clkdlybuf4s25_1)
                                                         net74 (net)
                      0.166764    0.000371    1.365283 ^ _1237_/RESET_B (sky130_fd_sc_hd__dfrtp_2)
                                              1.365283   data arrival time

                                  0.000000    0.000000   clock rd_clk (rise edge)
                                  0.000000    0.000000   clock source latency
     1    0.013656    0.000000    0.000000    0.000000 ^ rd_clk (in)
                                                         rd_clk (net)
                      0.000587    0.000294    0.000294 ^ clkbuf_0_rd_clk/A (sky130_fd_sc_hd__clkbuf_16)
     4    0.038258    0.043842    0.087700    0.087993 ^ clkbuf_0_rd_clk/X (sky130_fd_sc_hd__clkbuf_16)
                                                         clknet_0_rd_clk (net)
                      0.043845    0.000399    0.088392 ^ clkbuf_2_1__f_rd_clk/A (sky130_fd_sc_hd__clkbuf_16)
     7    0.020161    0.031308    0.088339    0.176731 ^ clkbuf_2_1__f_rd_clk/X (sky130_fd_sc_hd__clkbuf_16)
                                                         clknet_2_1__leaf_rd_clk (net)
                      0.031308    0.000219    0.176950 ^ _1237_/CLK (sky130_fd_sc_hd__dfrtp_2)
                                  0.100000    0.276950   clock uncertainty
                                  0.000000    0.276950   clock reconvergence pessimism
                                  0.232476    0.509426   library removal time
                                              0.509426   data required time
---------------------------------------------------------------------------------------------
                                              0.509426   data required time
                                             -1.365283   data arrival time
---------------------------------------------------------------------------------------------
                                              0.855857   slack (MET)


Startpoint: _1203_ (rising edge-triggered flip-flop clocked by rd_clk)
Endpoint: _1238_ (removal check against rising-edge clock rd_clk)
Path Group: asynchronous
Path Type: min

Fanout         Cap        Slew       Delay        Time   Description
---------------------------------------------------------------------------------------------
                                  0.000000    0.000000   clock rd_clk (rise edge)
                                  0.000000    0.000000   clock source latency
     1    0.013656    0.000000    0.000000    0.000000 ^ rd_clk (in)
                                                         rd_clk (net)
                      0.000587    0.000294    0.000294 ^ clkbuf_0_rd_clk/A (sky130_fd_sc_hd__clkbuf_16)
     4    0.038258    0.043842    0.087700    0.087993 ^ clkbuf_0_rd_clk/X (sky130_fd_sc_hd__clkbuf_16)
                                                         clknet_0_rd_clk (net)
                      0.043849    0.000501    0.088494 ^ clkbuf_2_3__f_rd_clk/A (sky130_fd_sc_hd__clkbuf_16)
     7    0.025459    0.034891    0.091918    0.180412 ^ clkbuf_2_3__f_rd_clk/X (sky130_fd_sc_hd__clkbuf_16)
                                                         clknet_2_3__leaf_rd_clk (net)
                      0.034894    0.000345    0.180757 ^ _1203_/CLK (sky130_fd_sc_hd__dfrtp_2)
     2    0.008147    0.042645    0.224398    0.405156 ^ _1203_/Q (sky130_fd_sc_hd__dfrtp_2)
                                                         u_rd_reset_sync.sync_ff2 (net)
                      0.042645    0.000056    0.405211 ^ fanout76/A (sky130_fd_sc_hd__clkdlybuf4s25_1)
     8    0.041117    0.309342    0.356600    0.761811 ^ fanout76/X (sky130_fd_sc_hd__clkdlybuf4s25_1)
                                                         net76 (net)
                      0.309342    0.000405    0.762216 ^ fanout75/A (sky130_fd_sc_hd__clkdlybuf4s25_1)
     6    0.028025    0.213896    0.320514    1.082730 ^ fanout75/X (sky130_fd_sc_hd__clkdlybuf4s25_1)
                                                         net75 (net)
                      0.213896    0.000283    1.083013 ^ fanout74/A (sky130_fd_sc_hd__clkdlybuf4s25_1)
     5    0.021598    0.166764    0.281900    1.364912 ^ fanout74/X (sky130_fd_sc_hd__clkdlybuf4s25_1)
                                                         net74 (net)
                      0.166764    0.000346    1.365259 ^ _1238_/SET_B (sky130_fd_sc_hd__dfstp_2)
                                              1.365259   data arrival time

                                  0.000000    0.000000   clock rd_clk (rise edge)
                                  0.000000    0.000000   clock source latency
     1    0.013656    0.000000    0.000000    0.000000 ^ rd_clk (in)
                                                         rd_clk (net)
                      0.000587    0.000294    0.000294 ^ clkbuf_0_rd_clk/A (sky130_fd_sc_hd__clkbuf_16)
     4    0.038258    0.043842    0.087700    0.087993 ^ clkbuf_0_rd_clk/X (sky130_fd_sc_hd__clkbuf_16)
                                                         clknet_0_rd_clk (net)
                      0.043845    0.000399    0.088392 ^ clkbuf_2_1__f_rd_clk/A (sky130_fd_sc_hd__clkbuf_16)
     7    0.020161    0.031308    0.088339    0.176731 ^ clkbuf_2_1__f_rd_clk/X (sky130_fd_sc_hd__clkbuf_16)
                                                         clknet_2_1__leaf_rd_clk (net)
                      0.031308    0.000120    0.176851 ^ _1238_/CLK (sky130_fd_sc_hd__dfstp_2)
                                  0.100000    0.276851   clock uncertainty
                                  0.000000    0.276851   clock reconvergence pessimism
                                  0.103253    0.380105   library removal time
                                              0.380105   data required time
---------------------------------------------------------------------------------------------
                                              0.380105   data required time
                                             -1.365259   data arrival time
---------------------------------------------------------------------------------------------
                                              0.985154   slack (MET)


Startpoint: _1203_ (rising edge-triggered flip-flop clocked by rd_clk)
Endpoint: _1236_ (removal check against rising-edge clock rd_clk)
Path Group: asynchronous
Path Type: min

Fanout         Cap        Slew       Delay        Time   Description
---------------------------------------------------------------------------------------------
                                  0.000000    0.000000   clock rd_clk (rise edge)
                                  0.000000    0.000000   clock source latency
     1    0.013656    0.000000    0.000000    0.000000 ^ rd_clk (in)
                                                         rd_clk (net)
                      0.000587    0.000294    0.000294 ^ clkbuf_0_rd_clk/A (sky130_fd_sc_hd__clkbuf_16)
     4    0.038258    0.043842    0.087700    0.087993 ^ clkbuf_0_rd_clk/X (sky130_fd_sc_hd__clkbuf_16)
                                                         clknet_0_rd_clk (net)
                      0.043849    0.000501    0.088494 ^ clkbuf_2_3__f_rd_clk/A (sky130_fd_sc_hd__clkbuf_16)
     7    0.025459    0.034891    0.091918    0.180412 ^ clkbuf_2_3__f_rd_clk/X (sky130_fd_sc_hd__clkbuf_16)
                                                         clknet_2_3__leaf_rd_clk (net)
                      0.034894    0.000345    0.180757 ^ _1203_/CLK (sky130_fd_sc_hd__dfrtp_2)
     2    0.008147    0.042645    0.224398    0.405156 ^ _1203_/Q (sky130_fd_sc_hd__dfrtp_2)
                                                         u_rd_reset_sync.sync_ff2 (net)
                      0.042645    0.000056    0.405211 ^ fanout76/A (sky130_fd_sc_hd__clkdlybuf4s25_1)
     8    0.041117    0.309342    0.356600    0.761811 ^ fanout76/X (sky130_fd_sc_hd__clkdlybuf4s25_1)
                                                         net76 (net)
                      0.309342    0.000405    0.762216 ^ fanout75/A (sky130_fd_sc_hd__clkdlybuf4s25_1)
     6    0.028025    0.213896    0.320514    1.082730 ^ fanout75/X (sky130_fd_sc_hd__clkdlybuf4s25_1)
                                                         net75 (net)
                      0.213896    0.000283    1.083013 ^ fanout74/A (sky130_fd_sc_hd__clkdlybuf4s25_1)
     5    0.021598    0.166764    0.281900    1.364912 ^ fanout74/X (sky130_fd_sc_hd__clkdlybuf4s25_1)
                                                         net74 (net)
                      0.166764    0.000331    1.365244 ^ fanout73/A (sky130_fd_sc_hd__clkdlybuf4s25_1)
     8    0.033730    0.255437    0.339636    1.704880 ^ fanout73/X (sky130_fd_sc_hd__clkdlybuf4s25_1)
                                                         net73 (net)
                      0.255437    0.000519    1.705399 ^ _1236_/RESET_B (sky130_fd_sc_hd__dfrtp_2)
                                              1.705399   data arrival time

                                  0.000000    0.000000   clock rd_clk (rise edge)
                                  0.000000    0.000000   clock source latency
     1    0.013656    0.000000    0.000000    0.000000 ^ rd_clk (in)
                                                         rd_clk (net)
                      0.000587    0.000294    0.000294 ^ clkbuf_0_rd_clk/A (sky130_fd_sc_hd__clkbuf_16)
     4    0.038258    0.043842    0.087700    0.087993 ^ clkbuf_0_rd_clk/X (sky130_fd_sc_hd__clkbuf_16)
                                                         clknet_0_rd_clk (net)
                      0.043849    0.000501    0.088494 ^ clkbuf_2_3__f_rd_clk/A (sky130_fd_sc_hd__clkbuf_16)
     7    0.025459    0.034891    0.091918    0.180412 ^ clkbuf_2_3__f_rd_clk/X (sky130_fd_sc_hd__clkbuf_16)
                                                         clknet_2_3__leaf_rd_clk (net)
                      0.034897    0.000433    0.180845 ^ _1236_/CLK (sky130_fd_sc_hd__dfrtp_2)
                                  0.100000    0.280845   clock uncertainty
                                  0.000000    0.280845   clock reconvergence pessimism
                                  0.256016    0.536861   library removal time
                                              0.536861   data required time
---------------------------------------------------------------------------------------------
                                              0.536861   data required time
                                             -1.705399   data arrival time
---------------------------------------------------------------------------------------------
                                              1.168539   slack (MET)


Startpoint: _1203_ (rising edge-triggered flip-flop clocked by rd_clk)
Endpoint: _1212_ (removal check against rising-edge clock rd_clk)
Path Group: asynchronous
Path Type: min

Fanout         Cap        Slew       Delay        Time   Description
---------------------------------------------------------------------------------------------
                                  0.000000    0.000000   clock rd_clk (rise edge)
                                  0.000000    0.000000   clock source latency
     1    0.013656    0.000000    0.000000    0.000000 ^ rd_clk (in)
                                                         rd_clk (net)
                      0.000587    0.000294    0.000294 ^ clkbuf_0_rd_clk/A (sky130_fd_sc_hd__clkbuf_16)
     4    0.038258    0.043842    0.087700    0.087993 ^ clkbuf_0_rd_clk/X (sky130_fd_sc_hd__clkbuf_16)
                                                         clknet_0_rd_clk (net)
                      0.043849    0.000501    0.088494 ^ clkbuf_2_3__f_rd_clk/A (sky130_fd_sc_hd__clkbuf_16)
     7    0.025459    0.034891    0.091918    0.180412 ^ clkbuf_2_3__f_rd_clk/X (sky130_fd_sc_hd__clkbuf_16)
                                                         clknet_2_3__leaf_rd_clk (net)
                      0.034894    0.000345    0.180757 ^ _1203_/CLK (sky130_fd_sc_hd__dfrtp_2)
     2    0.008147    0.042645    0.224398    0.405156 ^ _1203_/Q (sky130_fd_sc_hd__dfrtp_2)
                                                         u_rd_reset_sync.sync_ff2 (net)
                      0.042645    0.000056    0.405211 ^ fanout76/A (sky130_fd_sc_hd__clkdlybuf4s25_1)
     8    0.041117    0.309342    0.356600    0.761811 ^ fanout76/X (sky130_fd_sc_hd__clkdlybuf4s25_1)
                                                         net76 (net)
                      0.309342    0.000405    0.762216 ^ fanout75/A (sky130_fd_sc_hd__clkdlybuf4s25_1)
     6    0.028025    0.213896    0.320514    1.082730 ^ fanout75/X (sky130_fd_sc_hd__clkdlybuf4s25_1)
                                                         net75 (net)
                      0.213896    0.000283    1.083013 ^ fanout74/A (sky130_fd_sc_hd__clkdlybuf4s25_1)
     5    0.021598    0.166764    0.281900    1.364912 ^ fanout74/X (sky130_fd_sc_hd__clkdlybuf4s25_1)
                                                         net74 (net)
                      0.166764    0.000331    1.365244 ^ fanout73/A (sky130_fd_sc_hd__clkdlybuf4s25_1)
     8    0.033730    0.255437    0.339636    1.704880 ^ fanout73/X (sky130_fd_sc_hd__clkdlybuf4s25_1)
                                                         net73 (net)
                      0.255437    0.000452    1.705333 ^ _1212_/RESET_B (sky130_fd_sc_hd__dfrtp_2)
                                              1.705333   data arrival time

                                  0.000000    0.000000   clock rd_clk (rise edge)
                                  0.000000    0.000000   clock source latency
     1    0.013656    0.000000    0.000000    0.000000 ^ rd_clk (in)
                                                         rd_clk (net)
                      0.000587    0.000294    0.000294 ^ clkbuf_0_rd_clk/A (sky130_fd_sc_hd__clkbuf_16)
     4    0.038258    0.043842    0.087700    0.087993 ^ clkbuf_0_rd_clk/X (sky130_fd_sc_hd__clkbuf_16)
                                                         clknet_0_rd_clk (net)
                      0.043844    0.000370    0.088364 ^ clkbuf_2_0__f_rd_clk/A (sky130_fd_sc_hd__clkbuf_16)
     8    0.022080    0.032578    0.089639    0.178003 ^ clkbuf_2_0__f_rd_clk/X (sky130_fd_sc_hd__clkbuf_16)
                                                         clknet_2_0__leaf_rd_clk (net)
                      0.032579    0.000262    0.178264 ^ _1212_/CLK (sky130_fd_sc_hd__dfrtp_2)
                                  0.100000    0.278264   clock uncertainty
                                  0.000000    0.278264   clock reconvergence pessimism
                                  0.255704    0.533969   library removal time
                                              0.533969   data required time
---------------------------------------------------------------------------------------------
                                              0.533969   data required time
                                             -1.705333   data arrival time
---------------------------------------------------------------------------------------------
                                              1.171364   slack (MET)


Startpoint: _1203_ (rising edge-triggered flip-flop clocked by rd_clk)
Endpoint: _1207_ (removal check against rising-edge clock rd_clk)
Path Group: asynchronous
Path Type: min

Fanout         Cap        Slew       Delay        Time   Description
---------------------------------------------------------------------------------------------
                                  0.000000    0.000000   clock rd_clk (rise edge)
                                  0.000000    0.000000   clock source latency
     1    0.013656    0.000000    0.000000    0.000000 ^ rd_clk (in)
                                                         rd_clk (net)
                      0.000587    0.000294    0.000294 ^ clkbuf_0_rd_clk/A (sky130_fd_sc_hd__clkbuf_16)
     4    0.038258    0.043842    0.087700    0.087993 ^ clkbuf_0_rd_clk/X (sky130_fd_sc_hd__clkbuf_16)
                                                         clknet_0_rd_clk (net)
                      0.043849    0.000501    0.088494 ^ clkbuf_2_3__f_rd_clk/A (sky130_fd_sc_hd__clkbuf_16)
     7    0.025459    0.034891    0.091918    0.180412 ^ clkbuf_2_3__f_rd_clk/X (sky130_fd_sc_hd__clkbuf_16)
                                                         clknet_2_3__leaf_rd_clk (net)
                      0.034894    0.000345    0.180757 ^ _1203_/CLK (sky130_fd_sc_hd__dfrtp_2)
     2    0.008147    0.042645    0.224398    0.405156 ^ _1203_/Q (sky130_fd_sc_hd__dfrtp_2)
                                                         u_rd_reset_sync.sync_ff2 (net)
                      0.042645    0.000056    0.405211 ^ fanout76/A (sky130_fd_sc_hd__clkdlybuf4s25_1)
     8    0.041117    0.309342    0.356600    0.761811 ^ fanout76/X (sky130_fd_sc_hd__clkdlybuf4s25_1)
                                                         net76 (net)
                      0.309342    0.000405    0.762216 ^ fanout75/A (sky130_fd_sc_hd__clkdlybuf4s25_1)
     6    0.028025    0.213896    0.320514    1.082730 ^ fanout75/X (sky130_fd_sc_hd__clkdlybuf4s25_1)
                                                         net75 (net)
                      0.213896    0.000283    1.083013 ^ fanout74/A (sky130_fd_sc_hd__clkdlybuf4s25_1)
     5    0.021598    0.166764    0.281900    1.364912 ^ fanout74/X (sky130_fd_sc_hd__clkdlybuf4s25_1)
                                                         net74 (net)
                      0.166764    0.000331    1.365244 ^ fanout73/A (sky130_fd_sc_hd__clkdlybuf4s25_1)
     8    0.033730    0.255437    0.339636    1.704880 ^ fanout73/X (sky130_fd_sc_hd__clkdlybuf4s25_1)
                                                         net73 (net)
                      0.255437    0.000515    1.705395 ^ _1207_/RESET_B (sky130_fd_sc_hd__dfrtp_2)
                                              1.705395   data arrival time

                                  0.000000    0.000000   clock rd_clk (rise edge)
                                  0.000000    0.000000   clock source latency
     1    0.013656    0.000000    0.000000    0.000000 ^ rd_clk (in)
                                                         rd_clk (net)
                      0.000587    0.000294    0.000294 ^ clkbuf_0_rd_clk/A (sky130_fd_sc_hd__clkbuf_16)
     4    0.038258    0.043842    0.087700    0.087993 ^ clkbuf_0_rd_clk/X (sky130_fd_sc_hd__clkbuf_16)
                                                         clknet_0_rd_clk (net)
                      0.043844    0.000370    0.088364 ^ clkbuf_2_0__f_rd_clk/A (sky130_fd_sc_hd__clkbuf_16)
     8    0.022080    0.032578    0.089639    0.178003 ^ clkbuf_2_0__f_rd_clk/X (sky130_fd_sc_hd__clkbuf_16)
                                                         clknet_2_0__leaf_rd_clk (net)
                      0.032579    0.000280    0.178282 ^ _1207_/CLK (sky130_fd_sc_hd__dfrtp_2)
                                  0.100000    0.278282   clock uncertainty
                                  0.000000    0.278282   clock reconvergence pessimism
                                  0.255704    0.533987   library removal time
                                              0.533987   data required time
---------------------------------------------------------------------------------------------
                                              0.533987   data required time
                                             -1.705395   data arrival time
---------------------------------------------------------------------------------------------
                                              1.171408   slack (MET)


Startpoint: _1203_ (rising edge-triggered flip-flop clocked by rd_clk)
Endpoint: _1208_ (removal check against rising-edge clock rd_clk)
Path Group: asynchronous
Path Type: min

Fanout         Cap        Slew       Delay        Time   Description
---------------------------------------------------------------------------------------------
                                  0.000000    0.000000   clock rd_clk (rise edge)
                                  0.000000    0.000000   clock source latency
     1    0.013656    0.000000    0.000000    0.000000 ^ rd_clk (in)
                                                         rd_clk (net)
                      0.000587    0.000294    0.000294 ^ clkbuf_0_rd_clk/A (sky130_fd_sc_hd__clkbuf_16)
     4    0.038258    0.043842    0.087700    0.087993 ^ clkbuf_0_rd_clk/X (sky130_fd_sc_hd__clkbuf_16)
                                                         clknet_0_rd_clk (net)
                      0.043849    0.000501    0.088494 ^ clkbuf_2_3__f_rd_clk/A (sky130_fd_sc_hd__clkbuf_16)
     7    0.025459    0.034891    0.091918    0.180412 ^ clkbuf_2_3__f_rd_clk/X (sky130_fd_sc_hd__clkbuf_16)
                                                         clknet_2_3__leaf_rd_clk (net)
                      0.034894    0.000345    0.180757 ^ _1203_/CLK (sky130_fd_sc_hd__dfrtp_2)
     2    0.008147    0.042645    0.224398    0.405156 ^ _1203_/Q (sky130_fd_sc_hd__dfrtp_2)
                                                         u_rd_reset_sync.sync_ff2 (net)
                      0.042645    0.000056    0.405211 ^ fanout76/A (sky130_fd_sc_hd__clkdlybuf4s25_1)
     8    0.041117    0.309342    0.356600    0.761811 ^ fanout76/X (sky130_fd_sc_hd__clkdlybuf4s25_1)
                                                         net76 (net)
                      0.309342    0.000405    0.762216 ^ fanout75/A (sky130_fd_sc_hd__clkdlybuf4s25_1)
     6    0.028025    0.213896    0.320514    1.082730 ^ fanout75/X (sky130_fd_sc_hd__clkdlybuf4s25_1)
                                                         net75 (net)
                      0.213896    0.000283    1.083013 ^ fanout74/A (sky130_fd_sc_hd__clkdlybuf4s25_1)
     5    0.021598    0.166764    0.281900    1.364912 ^ fanout74/X (sky130_fd_sc_hd__clkdlybuf4s25_1)
                                                         net74 (net)
                      0.166764    0.000331    1.365244 ^ fanout73/A (sky130_fd_sc_hd__clkdlybuf4s25_1)
     8    0.033730    0.255437    0.339636    1.704880 ^ fanout73/X (sky130_fd_sc_hd__clkdlybuf4s25_1)
                                                         net73 (net)
                      0.255437    0.000498    1.705378 ^ _1208_/RESET_B (sky130_fd_sc_hd__dfrtp_2)
                                              1.705378   data arrival time

                                  0.000000    0.000000   clock rd_clk (rise edge)
                                  0.000000    0.000000   clock source latency
     1    0.013656    0.000000    0.000000    0.000000 ^ rd_clk (in)
                                                         rd_clk (net)
                      0.000587    0.000294    0.000294 ^ clkbuf_0_rd_clk/A (sky130_fd_sc_hd__clkbuf_16)
     4    0.038258    0.043842    0.087700    0.087993 ^ clkbuf_0_rd_clk/X (sky130_fd_sc_hd__clkbuf_16)
                                                         clknet_0_rd_clk (net)
                      0.043844    0.000370    0.088364 ^ clkbuf_2_0__f_rd_clk/A (sky130_fd_sc_hd__clkbuf_16)
     8    0.022080    0.032578    0.089639    0.178003 ^ clkbuf_2_0__f_rd_clk/X (sky130_fd_sc_hd__clkbuf_16)
                                                         clknet_2_0__leaf_rd_clk (net)
                      0.032579    0.000226    0.178228 ^ _1208_/CLK (sky130_fd_sc_hd__dfrtp_2)
                                  0.100000    0.278228   clock uncertainty
                                  0.000000    0.278228   clock reconvergence pessimism
                                  0.255704    0.533932   library removal time
                                              0.533932   data required time
---------------------------------------------------------------------------------------------
                                              0.533932   data required time
                                             -1.705378   data arrival time
---------------------------------------------------------------------------------------------
                                              1.171446   slack (MET)


Startpoint: _1203_ (rising edge-triggered flip-flop clocked by rd_clk)
Endpoint: _1210_ (removal check against rising-edge clock rd_clk)
Path Group: asynchronous
Path Type: min

Fanout         Cap        Slew       Delay        Time   Description
---------------------------------------------------------------------------------------------
                                  0.000000    0.000000   clock rd_clk (rise edge)
                                  0.000000    0.000000   clock source latency
     1    0.013656    0.000000    0.000000    0.000000 ^ rd_clk (in)
                                                         rd_clk (net)
                      0.000587    0.000294    0.000294 ^ clkbuf_0_rd_clk/A (sky130_fd_sc_hd__clkbuf_16)
     4    0.038258    0.043842    0.087700    0.087993 ^ clkbuf_0_rd_clk/X (sky130_fd_sc_hd__clkbuf_16)
                                                         clknet_0_rd_clk (net)
                      0.043849    0.000501    0.088494 ^ clkbuf_2_3__f_rd_clk/A (sky130_fd_sc_hd__clkbuf_16)
     7    0.025459    0.034891    0.091918    0.180412 ^ clkbuf_2_3__f_rd_clk/X (sky130_fd_sc_hd__clkbuf_16)
                                                         clknet_2_3__leaf_rd_clk (net)
                      0.034894    0.000345    0.180757 ^ _1203_/CLK (sky130_fd_sc_hd__dfrtp_2)
     2    0.008147    0.042645    0.224398    0.405156 ^ _1203_/Q (sky130_fd_sc_hd__dfrtp_2)
                                                         u_rd_reset_sync.sync_ff2 (net)
                      0.042645    0.000056    0.405211 ^ fanout76/A (sky130_fd_sc_hd__clkdlybuf4s25_1)
     8    0.041117    0.309342    0.356600    0.761811 ^ fanout76/X (sky130_fd_sc_hd__clkdlybuf4s25_1)
                                                         net76 (net)
                      0.309342    0.000405    0.762216 ^ fanout75/A (sky130_fd_sc_hd__clkdlybuf4s25_1)
     6    0.028025    0.213896    0.320514    1.082730 ^ fanout75/X (sky130_fd_sc_hd__clkdlybuf4s25_1)
                                                         net75 (net)
                      0.213896    0.000283    1.083013 ^ fanout74/A (sky130_fd_sc_hd__clkdlybuf4s25_1)
     5    0.021598    0.166764    0.281900    1.364912 ^ fanout74/X (sky130_fd_sc_hd__clkdlybuf4s25_1)
                                                         net74 (net)
                      0.166764    0.000331    1.365244 ^ fanout73/A (sky130_fd_sc_hd__clkdlybuf4s25_1)
     8    0.033730    0.255437    0.339636    1.704880 ^ fanout73/X (sky130_fd_sc_hd__clkdlybuf4s25_1)
                                                         net73 (net)
                      0.255437    0.000160    1.705040 ^ _1210_/RESET_B (sky130_fd_sc_hd__dfrtp_2)
                                              1.705040   data arrival time

                                  0.000000    0.000000   clock rd_clk (rise edge)
                                  0.000000    0.000000   clock source latency
     1    0.013656    0.000000    0.000000    0.000000 ^ rd_clk (in)
                                                         rd_clk (net)
                      0.000587    0.000294    0.000294 ^ clkbuf_0_rd_clk/A (sky130_fd_sc_hd__clkbuf_16)
     4    0.038258    0.043842    0.087700    0.087993 ^ clkbuf_0_rd_clk/X (sky130_fd_sc_hd__clkbuf_16)
                                                         clknet_0_rd_clk (net)
                      0.043845    0.000399    0.088392 ^ clkbuf_2_1__f_rd_clk/A (sky130_fd_sc_hd__clkbuf_16)
     7    0.020161    0.031308    0.088339    0.176731 ^ clkbuf_2_1__f_rd_clk/X (sky130_fd_sc_hd__clkbuf_16)
                                                         clknet_2_1__leaf_rd_clk (net)
                      0.031308    0.000089    0.176820 ^ _1210_/CLK (sky130_fd_sc_hd__dfrtp_2)
                                  0.100000    0.276820   clock uncertainty
                                  0.000000    0.276820   clock reconvergence pessimism
                                  0.255533    0.532353   library removal time
                                              0.532353   data required time
---------------------------------------------------------------------------------------------
                                              0.532353   data required time
                                             -1.705040   data arrival time
---------------------------------------------------------------------------------------------
                                              1.172687   slack (MET)


Startpoint: _1203_ (rising edge-triggered flip-flop clocked by rd_clk)
Endpoint: _1205_ (removal check against rising-edge clock rd_clk)
Path Group: asynchronous
Path Type: min

Fanout         Cap        Slew       Delay        Time   Description
---------------------------------------------------------------------------------------------
                                  0.000000    0.000000   clock rd_clk (rise edge)
                                  0.000000    0.000000   clock source latency
     1    0.013656    0.000000    0.000000    0.000000 ^ rd_clk (in)
                                                         rd_clk (net)
                      0.000587    0.000294    0.000294 ^ clkbuf_0_rd_clk/A (sky130_fd_sc_hd__clkbuf_16)
     4    0.038258    0.043842    0.087700    0.087993 ^ clkbuf_0_rd_clk/X (sky130_fd_sc_hd__clkbuf_16)
                                                         clknet_0_rd_clk (net)
                      0.043849    0.000501    0.088494 ^ clkbuf_2_3__f_rd_clk/A (sky130_fd_sc_hd__clkbuf_16)
     7    0.025459    0.034891    0.091918    0.180412 ^ clkbuf_2_3__f_rd_clk/X (sky130_fd_sc_hd__clkbuf_16)
                                                         clknet_2_3__leaf_rd_clk (net)
                      0.034894    0.000345    0.180757 ^ _1203_/CLK (sky130_fd_sc_hd__dfrtp_2)
     2    0.008147    0.042645    0.224398    0.405156 ^ _1203_/Q (sky130_fd_sc_hd__dfrtp_2)
                                                         u_rd_reset_sync.sync_ff2 (net)
                      0.042645    0.000056    0.405211 ^ fanout76/A (sky130_fd_sc_hd__clkdlybuf4s25_1)
     8    0.041117    0.309342    0.356600    0.761811 ^ fanout76/X (sky130_fd_sc_hd__clkdlybuf4s25_1)
                                                         net76 (net)
                      0.309342    0.000405    0.762216 ^ fanout75/A (sky130_fd_sc_hd__clkdlybuf4s25_1)
     6    0.028025    0.213896    0.320514    1.082730 ^ fanout75/X (sky130_fd_sc_hd__clkdlybuf4s25_1)
                                                         net75 (net)
                      0.213896    0.000283    1.083013 ^ fanout74/A (sky130_fd_sc_hd__clkdlybuf4s25_1)
     5    0.021598    0.166764    0.281900    1.364912 ^ fanout74/X (sky130_fd_sc_hd__clkdlybuf4s25_1)
                                                         net74 (net)
                      0.166764    0.000331    1.365244 ^ fanout73/A (sky130_fd_sc_hd__clkdlybuf4s25_1)
     8    0.033730    0.255437    0.339636    1.704880 ^ fanout73/X (sky130_fd_sc_hd__clkdlybuf4s25_1)
                                                         net73 (net)
                      0.255437    0.000406    1.705286 ^ _1205_/RESET_B (sky130_fd_sc_hd__dfrtp_2)
                                              1.705286   data arrival time

                                  0.000000    0.000000   clock rd_clk (rise edge)
                                  0.000000    0.000000   clock source latency
     1    0.013656    0.000000    0.000000    0.000000 ^ rd_clk (in)
                                                         rd_clk (net)
                      0.000587    0.000294    0.000294 ^ clkbuf_0_rd_clk/A (sky130_fd_sc_hd__clkbuf_16)
     4    0.038258    0.043842    0.087700    0.087993 ^ clkbuf_0_rd_clk/X (sky130_fd_sc_hd__clkbuf_16)
                                                         clknet_0_rd_clk (net)
                      0.043845    0.000399    0.088392 ^ clkbuf_2_1__f_rd_clk/A (sky130_fd_sc_hd__clkbuf_16)
     7    0.020161    0.031308    0.088339    0.176731 ^ clkbuf_2_1__f_rd_clk/X (sky130_fd_sc_hd__clkbuf_16)
                                                         clknet_2_1__leaf_rd_clk (net)
                      0.031308    0.000214    0.176945 ^ _1205_/CLK (sky130_fd_sc_hd__dfrtp_2)
                                  0.100000    0.276945   clock uncertainty
                                  0.000000    0.276945   clock reconvergence pessimism
                                  0.255533    0.532479   library removal time
                                              0.532479   data required time
---------------------------------------------------------------------------------------------
                                              0.532479   data required time
                                             -1.705286   data arrival time
---------------------------------------------------------------------------------------------
                                              1.172807   slack (MET)


Startpoint: _1203_ (rising edge-triggered flip-flop clocked by rd_clk)
Endpoint: _1206_ (removal check against rising-edge clock rd_clk)
Path Group: asynchronous
Path Type: min

Fanout         Cap        Slew       Delay        Time   Description
---------------------------------------------------------------------------------------------
                                  0.000000    0.000000   clock rd_clk (rise edge)
                                  0.000000    0.000000   clock source latency
     1    0.013656    0.000000    0.000000    0.000000 ^ rd_clk (in)
                                                         rd_clk (net)
                      0.000587    0.000294    0.000294 ^ clkbuf_0_rd_clk/A (sky130_fd_sc_hd__clkbuf_16)
     4    0.038258    0.043842    0.087700    0.087993 ^ clkbuf_0_rd_clk/X (sky130_fd_sc_hd__clkbuf_16)
                                                         clknet_0_rd_clk (net)
                      0.043849    0.000501    0.088494 ^ clkbuf_2_3__f_rd_clk/A (sky130_fd_sc_hd__clkbuf_16)
     7    0.025459    0.034891    0.091918    0.180412 ^ clkbuf_2_3__f_rd_clk/X (sky130_fd_sc_hd__clkbuf_16)
                                                         clknet_2_3__leaf_rd_clk (net)
                      0.034894    0.000345    0.180757 ^ _1203_/CLK (sky130_fd_sc_hd__dfrtp_2)
     2    0.008147    0.042645    0.224398    0.405156 ^ _1203_/Q (sky130_fd_sc_hd__dfrtp_2)
                                                         u_rd_reset_sync.sync_ff2 (net)
                      0.042645    0.000056    0.405211 ^ fanout76/A (sky130_fd_sc_hd__clkdlybuf4s25_1)
     8    0.041117    0.309342    0.356600    0.761811 ^ fanout76/X (sky130_fd_sc_hd__clkdlybuf4s25_1)
                                                         net76 (net)
                      0.309342    0.000405    0.762216 ^ fanout75/A (sky130_fd_sc_hd__clkdlybuf4s25_1)
     6    0.028025    0.213896    0.320514    1.082730 ^ fanout75/X (sky130_fd_sc_hd__clkdlybuf4s25_1)
                                                         net75 (net)
                      0.213896    0.000283    1.083013 ^ fanout74/A (sky130_fd_sc_hd__clkdlybuf4s25_1)
     5    0.021598    0.166764    0.281900    1.364912 ^ fanout74/X (sky130_fd_sc_hd__clkdlybuf4s25_1)
                                                         net74 (net)
                      0.166764    0.000331    1.365244 ^ fanout73/A (sky130_fd_sc_hd__clkdlybuf4s25_1)
     8    0.033730    0.255437    0.339636    1.704880 ^ fanout73/X (sky130_fd_sc_hd__clkdlybuf4s25_1)
                                                         net73 (net)
                      0.255437    0.000422    1.705302 ^ _1206_/RESET_B (sky130_fd_sc_hd__dfrtp_2)
                                              1.705302   data arrival time

                                  0.000000    0.000000   clock rd_clk (rise edge)
                                  0.000000    0.000000   clock source latency
     1    0.013656    0.000000    0.000000    0.000000 ^ rd_clk (in)
                                                         rd_clk (net)
                      0.000587    0.000294    0.000294 ^ clkbuf_0_rd_clk/A (sky130_fd_sc_hd__clkbuf_16)
     4    0.038258    0.043842    0.087700    0.087993 ^ clkbuf_0_rd_clk/X (sky130_fd_sc_hd__clkbuf_16)
                                                         clknet_0_rd_clk (net)
                      0.043845    0.000399    0.088392 ^ clkbuf_2_1__f_rd_clk/A (sky130_fd_sc_hd__clkbuf_16)
     7    0.020161    0.031308    0.088339    0.176731 ^ clkbuf_2_1__f_rd_clk/X (sky130_fd_sc_hd__clkbuf_16)
                                                         clknet_2_1__leaf_rd_clk (net)
                      0.031308    0.000224    0.176955 ^ _1206_/CLK (sky130_fd_sc_hd__dfrtp_2)
                                  0.100000    0.276955   clock uncertainty
                                  0.000000    0.276955   clock reconvergence pessimism
                                  0.255533    0.532488   library removal time
                                              0.532488   data required time
---------------------------------------------------------------------------------------------
                                              0.532488   data required time
                                             -1.705302   data arrival time
---------------------------------------------------------------------------------------------
                                              1.172814   slack (MET)


Startpoint: _1203_ (rising edge-triggered flip-flop clocked by rd_clk)
Endpoint: _1211_ (removal check against rising-edge clock rd_clk)
Path Group: asynchronous
Path Type: min

Fanout         Cap        Slew       Delay        Time   Description
---------------------------------------------------------------------------------------------
                                  0.000000    0.000000   clock rd_clk (rise edge)
                                  0.000000    0.000000   clock source latency
     1    0.013656    0.000000    0.000000    0.000000 ^ rd_clk (in)
                                                         rd_clk (net)
                      0.000587    0.000294    0.000294 ^ clkbuf_0_rd_clk/A (sky130_fd_sc_hd__clkbuf_16)
     4    0.038258    0.043842    0.087700    0.087993 ^ clkbuf_0_rd_clk/X (sky130_fd_sc_hd__clkbuf_16)
                                                         clknet_0_rd_clk (net)
                      0.043849    0.000501    0.088494 ^ clkbuf_2_3__f_rd_clk/A (sky130_fd_sc_hd__clkbuf_16)
     7    0.025459    0.034891    0.091918    0.180412 ^ clkbuf_2_3__f_rd_clk/X (sky130_fd_sc_hd__clkbuf_16)
                                                         clknet_2_3__leaf_rd_clk (net)
                      0.034894    0.000345    0.180757 ^ _1203_/CLK (sky130_fd_sc_hd__dfrtp_2)
     2    0.008147    0.042645    0.224398    0.405156 ^ _1203_/Q (sky130_fd_sc_hd__dfrtp_2)
                                                         u_rd_reset_sync.sync_ff2 (net)
                      0.042645    0.000056    0.405211 ^ fanout76/A (sky130_fd_sc_hd__clkdlybuf4s25_1)
     8    0.041117    0.309342    0.356600    0.761811 ^ fanout76/X (sky130_fd_sc_hd__clkdlybuf4s25_1)
                                                         net76 (net)
                      0.309342    0.000405    0.762216 ^ fanout75/A (sky130_fd_sc_hd__clkdlybuf4s25_1)
     6    0.028025    0.213896    0.320514    1.082730 ^ fanout75/X (sky130_fd_sc_hd__clkdlybuf4s25_1)
                                                         net75 (net)
                      0.213896    0.000283    1.083013 ^ fanout74/A (sky130_fd_sc_hd__clkdlybuf4s25_1)
     5    0.021598    0.166764    0.281900    1.364912 ^ fanout74/X (sky130_fd_sc_hd__clkdlybuf4s25_1)
                                                         net74 (net)
                      0.166764    0.000331    1.365244 ^ fanout73/A (sky130_fd_sc_hd__clkdlybuf4s25_1)
     8    0.033730    0.255437    0.339636    1.704880 ^ fanout73/X (sky130_fd_sc_hd__clkdlybuf4s25_1)
                                                         net73 (net)
                      0.255437    0.000401    1.705282 ^ _1211_/RESET_B (sky130_fd_sc_hd__dfrtp_2)
                                              1.705282   data arrival time

                                  0.000000    0.000000   clock rd_clk (rise edge)
                                  0.000000    0.000000   clock source latency
     1    0.013656    0.000000    0.000000    0.000000 ^ rd_clk (in)
                                                         rd_clk (net)
                      0.000587    0.000294    0.000294 ^ clkbuf_0_rd_clk/A (sky130_fd_sc_hd__clkbuf_16)
     4    0.038258    0.043842    0.087700    0.087993 ^ clkbuf_0_rd_clk/X (sky130_fd_sc_hd__clkbuf_16)
                                                         clknet_0_rd_clk (net)
                      0.043845    0.000399    0.088392 ^ clkbuf_2_1__f_rd_clk/A (sky130_fd_sc_hd__clkbuf_16)
     7    0.020161    0.031308    0.088339    0.176731 ^ clkbuf_2_1__f_rd_clk/X (sky130_fd_sc_hd__clkbuf_16)
                                                         clknet_2_1__leaf_rd_clk (net)
                      0.031308    0.000192    0.176923 ^ _1211_/CLK (sky130_fd_sc_hd__dfrtp_2)
                                  0.100000    0.276923   clock uncertainty
                                  0.000000    0.276923   clock reconvergence pessimism
                                  0.255533    0.532456   library removal time
                                              0.532456   data required time
---------------------------------------------------------------------------------------------
                                              0.532456   data required time
                                             -1.705282   data arrival time
---------------------------------------------------------------------------------------------
                                              1.172826   slack (MET)


Startpoint: afull_thresh[2] (input port clocked by wr_clk)
Endpoint: _1198_ (rising edge-triggered flip-flop clocked by wr_clk)
Path Group: wr_clk
Path Type: min

Fanout         Cap        Slew       Delay        Time   Description
---------------------------------------------------------------------------------------------
                                  0.000000    0.000000   clock wr_clk (rise edge)
                                  0.000000    0.000000   clock network delay (propagated)
                                  1.500000    1.500000 ^ input external delay
     1    0.003371    0.017924    0.007010    1.507010 ^ afull_thresh[2] (in)
                                                         afull_thresh[2] (net)
                      0.017924    0.000000    1.507010 ^ input7/A (sky130_fd_sc_hd__clkdlybuf4s25_1)
     1    0.002597    0.030437    0.152937    1.659948 ^ input7/X (sky130_fd_sc_hd__clkdlybuf4s25_1)
                                                         net7 (net)
                      0.030437    0.000024    1.659972 ^ _1198_/D (sky130_fd_sc_hd__dfrtp_2)
                                              1.659972   data arrival time

                                  0.000000    0.000000   clock wr_clk (rise edge)
                                  0.000000    0.000000   clock source latency
     1    0.024443    0.000000    0.000000    0.000000 ^ wr_clk (in)
                                                         wr_clk (net)
                      0.001082    0.000541    0.000541 ^ clkbuf_0_wr_clk/A (sky130_fd_sc_hd__clkbuf_16)
    16    0.103832    0.091499    0.123118    0.123659 ^ clkbuf_0_wr_clk/X (sky130_fd_sc_hd__clkbuf_16)
                                                         clknet_0_wr_clk (net)
                      0.091533    0.001440    0.125100 ^ clkbuf_4_10_0_wr_clk/A (sky130_fd_sc_hd__clkbuf_8)
     2    0.019180    0.037276    0.103825    0.228925 ^ clkbuf_4_10_0_wr_clk/X (sky130_fd_sc_hd__clkbuf_8)
                                                         clknet_4_10_0_wr_clk (net)
                      0.037277    0.000228    0.229153 ^ clkbuf_5_21__f_wr_clk/A (sky130_fd_sc_hd__clkbuf_16)
     6    0.019601    0.030905    0.085991    0.315144 ^ clkbuf_5_21__f_wr_clk/X (sky130_fd_sc_hd__clkbuf_16)
                                                         clknet_5_21__leaf_wr_clk (net)
                      0.030906    0.000373    0.315517 ^ _1198_/CLK (sky130_fd_sc_hd__dfrtp_2)
                                  0.100000    0.415517   clock uncertainty
                                  0.000000    0.415517   clock reconvergence pessimism
                                 -0.019703    0.395814   library hold time
                                              0.395814   data required time
---------------------------------------------------------------------------------------------
                                              0.395814   data required time
                                             -1.659972   data arrival time
---------------------------------------------------------------------------------------------
                                              1.264158   slack (MET)


Startpoint: afull_thresh[3] (input port clocked by wr_clk)
Endpoint: _1199_ (rising edge-triggered flip-flop clocked by wr_clk)
Path Group: wr_clk
Path Type: min

Fanout         Cap        Slew       Delay        Time   Description
---------------------------------------------------------------------------------------------
                                  0.000000    0.000000   clock wr_clk (rise edge)
                                  0.000000    0.000000   clock network delay (propagated)
                                  1.500000    1.500000 ^ input external delay
     1    0.003441    0.018044    0.007145    1.507144 ^ afull_thresh[3] (in)
                                                         afull_thresh[3] (net)
                      0.018044    0.000000    1.507144 ^ input8/A (sky130_fd_sc_hd__clkdlybuf4s25_1)
     1    0.002781    0.031650    0.153969    1.661113 ^ input8/X (sky130_fd_sc_hd__clkdlybuf4s25_1)
                                                         net8 (net)
                      0.031650    0.000030    1.661143 ^ _1199_/D (sky130_fd_sc_hd__dfrtp_2)
                                              1.661143   data arrival time

                                  0.000000    0.000000   clock wr_clk (rise edge)
                                  0.000000    0.000000   clock source latency
     1    0.024443    0.000000    0.000000    0.000000 ^ wr_clk (in)
                                                         wr_clk (net)
                      0.001082    0.000541    0.000541 ^ clkbuf_0_wr_clk/A (sky130_fd_sc_hd__clkbuf_16)
    16    0.103832    0.091499    0.123118    0.123659 ^ clkbuf_0_wr_clk/X (sky130_fd_sc_hd__clkbuf_16)
                                                         clknet_0_wr_clk (net)
                      0.091533    0.001440    0.125100 ^ clkbuf_4_10_0_wr_clk/A (sky130_fd_sc_hd__clkbuf_8)
     2    0.019180    0.037276    0.103825    0.228925 ^ clkbuf_4_10_0_wr_clk/X (sky130_fd_sc_hd__clkbuf_8)
                                                         clknet_4_10_0_wr_clk (net)
                      0.037277    0.000228    0.229153 ^ clkbuf_5_21__f_wr_clk/A (sky130_fd_sc_hd__clkbuf_16)
     6    0.019601    0.030905    0.085991    0.315144 ^ clkbuf_5_21__f_wr_clk/X (sky130_fd_sc_hd__clkbuf_16)
                                                         clknet_5_21__leaf_wr_clk (net)
                      0.030906    0.000422    0.315566 ^ _1199_/CLK (sky130_fd_sc_hd__dfrtp_2)
                                  0.100000    0.415566   clock uncertainty
                                  0.000000    0.415566   clock reconvergence pessimism
                                 -0.019792    0.395775   library hold time
                                              0.395775   data required time
---------------------------------------------------------------------------------------------
                                              0.395775   data required time
                                             -1.661143   data arrival time
---------------------------------------------------------------------------------------------
                                              1.265369   slack (MET)


Startpoint: afull_thresh[1] (input port clocked by wr_clk)
Endpoint: _1197_ (rising edge-triggered flip-flop clocked by wr_clk)
Path Group: wr_clk
Path Type: min

Fanout         Cap        Slew       Delay        Time   Description
---------------------------------------------------------------------------------------------
                                  0.000000    0.000000   clock wr_clk (rise edge)
                                  0.000000    0.000000   clock network delay (propagated)
                                  1.500000    1.500000 ^ input external delay
     1    0.003657    0.018409    0.007554    1.507553 ^ afull_thresh[1] (in)
                                                         afull_thresh[1] (net)
                      0.018409    0.000000    1.507553 ^ input6/A (sky130_fd_sc_hd__clkdlybuf4s25_1)
     1    0.002261    0.028235    0.151239    1.658792 ^ input6/X (sky130_fd_sc_hd__clkdlybuf4s25_1)
                                                         net6 (net)
                      0.028235    0.000019    1.658811 ^ _1197_/D (sky130_fd_sc_hd__dfrtp_2)
                                              1.658811   data arrival time

                                  0.000000    0.000000   clock wr_clk (rise edge)
                                  0.000000    0.000000   clock source latency
     1    0.024443    0.000000    0.000000    0.000000 ^ wr_clk (in)
                                                         wr_clk (net)
                      0.001082    0.000541    0.000541 ^ clkbuf_0_wr_clk/A (sky130_fd_sc_hd__clkbuf_16)
    16    0.103832    0.091499    0.123118    0.123659 ^ clkbuf_0_wr_clk/X (sky130_fd_sc_hd__clkbuf_16)
                                                         clknet_0_wr_clk (net)
                      0.091533    0.001440    0.125100 ^ clkbuf_4_10_0_wr_clk/A (sky130_fd_sc_hd__clkbuf_8)
     2    0.019180    0.037276    0.103825    0.228925 ^ clkbuf_4_10_0_wr_clk/X (sky130_fd_sc_hd__clkbuf_8)
                                                         clknet_4_10_0_wr_clk (net)
                      0.037277    0.000236    0.229161 ^ clkbuf_5_20__f_wr_clk/A (sky130_fd_sc_hd__clkbuf_16)
     5    0.013564    0.026911    0.081942    0.311103 ^ clkbuf_5_20__f_wr_clk/X (sky130_fd_sc_hd__clkbuf_16)
                                                         clknet_5_20__leaf_wr_clk (net)
                      0.026911    0.000052    0.311155 ^ _1197_/CLK (sky130_fd_sc_hd__dfrtp_2)
                                  0.100000    0.411155   clock uncertainty
                                  0.000000    0.411155   clock reconvergence pessimism
                                 -0.019647    0.391508   library hold time
                                              0.391508   data required time
---------------------------------------------------------------------------------------------
                                              0.391508   data required time
                                             -1.658811   data arrival time
---------------------------------------------------------------------------------------------
                                              1.267303   slack (MET)


Startpoint: afull_thresh[0] (input port clocked by wr_clk)
Endpoint: _1196_ (rising edge-triggered flip-flop clocked by wr_clk)
Path Group: wr_clk
Path Type: min

Fanout         Cap        Slew       Delay        Time   Description
---------------------------------------------------------------------------------------------
                                  0.000000    0.000000   clock wr_clk (rise edge)
                                  0.000000    0.000000   clock network delay (propagated)
                                  1.500000    1.500000 ^ input external delay
     1    0.003590    0.018297    0.007427    1.507427 ^ afull_thresh[0] (in)
                                                         afull_thresh[0] (net)
                      0.018297    0.000000    1.507427 ^ input5/A (sky130_fd_sc_hd__clkdlybuf4s25_1)
     1    0.003446    0.036142    0.157649    1.665076 ^ input5/X (sky130_fd_sc_hd__clkdlybuf4s25_1)
                                                         net5 (net)
                      0.036142    0.000048    1.665124 ^ _1196_/D (sky130_fd_sc_hd__dfrtp_2)
                                              1.665124   data arrival time

                                  0.000000    0.000000   clock wr_clk (rise edge)
                                  0.000000    0.000000   clock source latency
     1    0.024443    0.000000    0.000000    0.000000 ^ wr_clk (in)
                                                         wr_clk (net)
                      0.001082    0.000541    0.000541 ^ clkbuf_0_wr_clk/A (sky130_fd_sc_hd__clkbuf_16)
    16    0.103832    0.091499    0.123118    0.123659 ^ clkbuf_0_wr_clk/X (sky130_fd_sc_hd__clkbuf_16)
                                                         clknet_0_wr_clk (net)
                      0.091533    0.001440    0.125100 ^ clkbuf_4_10_0_wr_clk/A (sky130_fd_sc_hd__clkbuf_8)
     2    0.019180    0.037276    0.103825    0.228925 ^ clkbuf_4_10_0_wr_clk/X (sky130_fd_sc_hd__clkbuf_8)
                                                         clknet_4_10_0_wr_clk (net)
                      0.037277    0.000236    0.229161 ^ clkbuf_5_20__f_wr_clk/A (sky130_fd_sc_hd__clkbuf_16)
     5    0.013564    0.026911    0.081942    0.311103 ^ clkbuf_5_20__f_wr_clk/X (sky130_fd_sc_hd__clkbuf_16)
                                                         clknet_5_20__leaf_wr_clk (net)
                      0.026911    0.000036    0.311139 ^ _1196_/CLK (sky130_fd_sc_hd__dfrtp_2)
                                  0.100000    0.411139   clock uncertainty
                                  0.000000    0.411139   clock reconvergence pessimism
                                 -0.020226    0.390913   library hold time
                                              0.390913   data required time
---------------------------------------------------------------------------------------------
                                              0.390913   data required time
                                             -1.665124   data arrival time
---------------------------------------------------------------------------------------------
                                              1.274211   slack (MET)


Startpoint: aempty_thresh[0] (input port clocked by rd_clk)
Endpoint: _1191_ (rising edge-triggered flip-flop clocked by rd_clk)
Path Group: rd_clk
Path Type: min

Fanout         Cap        Slew       Delay        Time   Description
---------------------------------------------------------------------------------------------
                                  0.000000    0.000000   clock rd_clk (rise edge)
                                  0.000000    0.000000   clock network delay (propagated)
                                  1.500000    1.500000 ^ input external delay
     1    0.004480    0.019811    0.009120    1.509120 ^ aempty_thresh[0] (in)
                                                         aempty_thresh[0] (net)
                      0.019811    0.000000    1.509120 ^ input1/A (sky130_fd_sc_hd__clkdlybuf4s25_1)
     1    0.002442    0.029420    0.152600    1.661720 ^ input1/X (sky130_fd_sc_hd__clkdlybuf4s25_1)
                                                         net1 (net)
                      0.029420    0.000021    1.661741 ^ _1191_/D (sky130_fd_sc_hd__dfrtp_2)
                                              1.661741   data arrival time

                                  0.000000    0.000000   clock rd_clk (rise edge)
                                  0.000000    0.000000   clock source latency
     1    0.013656    0.000000    0.000000    0.000000 ^ rd_clk (in)
                                                         rd_clk (net)
                      0.000587    0.000294    0.000294 ^ clkbuf_0_rd_clk/A (sky130_fd_sc_hd__clkbuf_16)
     4    0.038258    0.043842    0.087700    0.087993 ^ clkbuf_0_rd_clk/X (sky130_fd_sc_hd__clkbuf_16)
                                                         clknet_0_rd_clk (net)
                      0.043852    0.000594    0.088587 ^ clkbuf_2_2__f_rd_clk/A (sky130_fd_sc_hd__clkbuf_16)
     8    0.029784    0.037956    0.094876    0.183463 ^ clkbuf_2_2__f_rd_clk/X (sky130_fd_sc_hd__clkbuf_16)
                                                         clknet_2_2__leaf_rd_clk (net)
                      0.037959    0.000356    0.183819 ^ _1191_/CLK (sky130_fd_sc_hd__dfrtp_2)
                                  0.100000    0.283819   clock uncertainty
                                  0.000000    0.283819   clock reconvergence pessimism
                                 -0.019442    0.264376   library hold time
                                              0.264376   data required time
---------------------------------------------------------------------------------------------
                                              0.264376   data required time
                                             -1.661741   data arrival time
---------------------------------------------------------------------------------------------
                                              1.397365   slack (MET)


Startpoint: aempty_thresh[3] (input port clocked by rd_clk)
Endpoint: _1194_ (rising edge-triggered flip-flop clocked by rd_clk)
Path Group: rd_clk
Path Type: min

Fanout         Cap        Slew       Delay        Time   Description
---------------------------------------------------------------------------------------------
                                  0.000000    0.000000   clock rd_clk (rise edge)
                                  0.000000    0.000000   clock network delay (propagated)
                                  1.500000    1.500000 ^ input external delay
     1    0.003030    0.017344    0.006353    1.506353 ^ aempty_thresh[3] (in)
                                                         aempty_thresh[3] (net)
                      0.017344    0.000000    1.506353 ^ input4/A (sky130_fd_sc_hd__clkdlybuf4s25_1)
     1    0.002609    0.030516    0.152847    1.659199 ^ input4/X (sky130_fd_sc_hd__clkdlybuf4s25_1)
                                                         net4 (net)
                      0.030516    0.000025    1.659224 ^ _1194_/D (sky130_fd_sc_hd__dfrtp_2)
                                              1.659224   data arrival time

                                  0.000000    0.000000   clock rd_clk (rise edge)
                                  0.000000    0.000000   clock source latency
     1    0.013656    0.000000    0.000000    0.000000 ^ rd_clk (in)
                                                         rd_clk (net)
                      0.000587    0.000294    0.000294 ^ clkbuf_0_rd_clk/A (sky130_fd_sc_hd__clkbuf_16)
     4    0.038258    0.043842    0.087700    0.087993 ^ clkbuf_0_rd_clk/X (sky130_fd_sc_hd__clkbuf_16)
                                                         clknet_0_rd_clk (net)
                      0.043849    0.000501    0.088494 ^ clkbuf_2_3__f_rd_clk/A (sky130_fd_sc_hd__clkbuf_16)
     7    0.025459    0.034891    0.091918    0.180412 ^ clkbuf_2_3__f_rd_clk/X (sky130_fd_sc_hd__clkbuf_16)
                                                         clknet_2_3__leaf_rd_clk (net)
                      0.034893    0.000289    0.180701 ^ _1194_/CLK (sky130_fd_sc_hd__dfrtp_2)
                                  0.100000    0.280701   clock uncertainty
                                  0.000000    0.280701   clock reconvergence pessimism
                                 -0.019603    0.261098   library hold time
                                              0.261098   data required time
---------------------------------------------------------------------------------------------
                                              0.261098   data required time
                                             -1.659224   data arrival time
---------------------------------------------------------------------------------------------
                                              1.398127   slack (MET)


Startpoint: aempty_thresh[2] (input port clocked by rd_clk)
Endpoint: _1193_ (rising edge-triggered flip-flop clocked by rd_clk)
Path Group: rd_clk
Path Type: min

Fanout         Cap        Slew       Delay        Time   Description
---------------------------------------------------------------------------------------------
                                  0.000000    0.000000   clock rd_clk (rise edge)
                                  0.000000    0.000000   clock network delay (propagated)
                                  1.500000    1.500000 ^ input external delay
     1    0.003575    0.018271    0.007400    1.507400 ^ aempty_thresh[2] (in)
                                                         aempty_thresh[2] (net)
                      0.018271    0.000000    1.507400 ^ input3/A (sky130_fd_sc_hd__clkdlybuf4s25_1)
     1    0.003122    0.033937    0.155882    1.663282 ^ input3/X (sky130_fd_sc_hd__clkdlybuf4s25_1)
                                                         net3 (net)
                      0.033937    0.000037    1.663319 ^ _1193_/D (sky130_fd_sc_hd__dfrtp_2)
                                              1.663319   data arrival time

                                  0.000000    0.000000   clock rd_clk (rise edge)
                                  0.000000    0.000000   clock source latency
     1    0.013656    0.000000    0.000000    0.000000 ^ rd_clk (in)
                                                         rd_clk (net)
                      0.000587    0.000294    0.000294 ^ clkbuf_0_rd_clk/A (sky130_fd_sc_hd__clkbuf_16)
     4    0.038258    0.043842    0.087700    0.087993 ^ clkbuf_0_rd_clk/X (sky130_fd_sc_hd__clkbuf_16)
                                                         clknet_0_rd_clk (net)
                      0.043852    0.000594    0.088587 ^ clkbuf_2_2__f_rd_clk/A (sky130_fd_sc_hd__clkbuf_16)
     8    0.029784    0.037956    0.094876    0.183463 ^ clkbuf_2_2__f_rd_clk/X (sky130_fd_sc_hd__clkbuf_16)
                                                         clknet_2_2__leaf_rd_clk (net)
                      0.037960    0.000393    0.183856 ^ _1193_/CLK (sky130_fd_sc_hd__dfrtp_2)
                                  0.100000    0.283856   clock uncertainty
                                  0.000000    0.283856   clock reconvergence pessimism
                                 -0.019773    0.264083   library hold time
                                              0.264083   data required time
---------------------------------------------------------------------------------------------
                                              0.264083   data required time
                                             -1.663319   data arrival time
---------------------------------------------------------------------------------------------
                                              1.399235   slack (MET)


Startpoint: aempty_thresh[1] (input port clocked by rd_clk)
Endpoint: _1192_ (rising edge-triggered flip-flop clocked by rd_clk)
Path Group: rd_clk
Path Type: min

Fanout         Cap        Slew       Delay        Time   Description
---------------------------------------------------------------------------------------------
                                  0.000000    0.000000   clock rd_clk (rise edge)
                                  0.000000    0.000000   clock network delay (propagated)
                                  1.500000    1.500000 ^ input external delay
     1    0.003941    0.018894    0.008094    1.508094 ^ aempty_thresh[1] (in)
                                                         aempty_thresh[1] (net)
                      0.018894    0.000000    1.508094 ^ input2/A (sky130_fd_sc_hd__clkdlybuf4s25_1)
     1    0.003778    0.038401    0.159592    1.667686 ^ input2/X (sky130_fd_sc_hd__clkdlybuf4s25_1)
                                                         net2 (net)
                      0.038401    0.000053    1.667739 ^ _1192_/D (sky130_fd_sc_hd__dfrtp_2)
                                              1.667739   data arrival time

                                  0.000000    0.000000   clock rd_clk (rise edge)
                                  0.000000    0.000000   clock source latency
     1    0.013656    0.000000    0.000000    0.000000 ^ rd_clk (in)
                                                         rd_clk (net)
                      0.000587    0.000294    0.000294 ^ clkbuf_0_rd_clk/A (sky130_fd_sc_hd__clkbuf_16)
     4    0.038258    0.043842    0.087700    0.087993 ^ clkbuf_0_rd_clk/X (sky130_fd_sc_hd__clkbuf_16)
                                                         clknet_0_rd_clk (net)
                      0.043852    0.000594    0.088587 ^ clkbuf_2_2__f_rd_clk/A (sky130_fd_sc_hd__clkbuf_16)
     8    0.029784    0.037956    0.094876    0.183463 ^ clkbuf_2_2__f_rd_clk/X (sky130_fd_sc_hd__clkbuf_16)
                                                         clknet_2_2__leaf_rd_clk (net)
                      0.037959    0.000337    0.183800 ^ _1192_/CLK (sky130_fd_sc_hd__dfrtp_2)
                                  0.100000    0.283800   clock uncertainty
                                  0.000000    0.283800   clock reconvergence pessimism
                                 -0.020100    0.263700   library hold time
                                              0.263700   data required time
---------------------------------------------------------------------------------------------
                                              0.263700   data required time
                                             -1.667739   data arrival time
---------------------------------------------------------------------------------------------
                                              1.404038   slack (MET)


Startpoint: _1190_ (rising edge-triggered flip-flop clocked by rd_clk)
Endpoint: aempty (output port clocked by rd_clk)
Path Group: rd_clk
Path Type: min

Fanout         Cap        Slew       Delay        Time   Description
---------------------------------------------------------------------------------------------
                                  0.000000    0.000000   clock rd_clk (rise edge)
                                  0.000000    0.000000   clock source latency
     1    0.013656    0.000000    0.000000    0.000000 ^ rd_clk (in)
                                                         rd_clk (net)
                      0.000587    0.000294    0.000294 ^ clkbuf_0_rd_clk/A (sky130_fd_sc_hd__clkbuf_16)
     4    0.038258    0.043842    0.087700    0.087993 ^ clkbuf_0_rd_clk/X (sky130_fd_sc_hd__clkbuf_16)
                                                         clknet_0_rd_clk (net)
                      0.043849    0.000501    0.088494 ^ clkbuf_2_3__f_rd_clk/A (sky130_fd_sc_hd__clkbuf_16)
     7    0.025459    0.034891    0.091918    0.180412 ^ clkbuf_2_3__f_rd_clk/X (sky130_fd_sc_hd__clkbuf_16)
                                                         clknet_2_3__leaf_rd_clk (net)
                      0.034894    0.000356    0.180768 ^ _1190_/CLK (sky130_fd_sc_hd__dfstp_2)
     1    0.002767    0.015454    0.220876    0.401643 v _1190_/Q (sky130_fd_sc_hd__dfstp_2)
                                                         net21 (net)
                      0.015454    0.000027    0.401670 v output21/A (sky130_fd_sc_hd__clkdlybuf4s25_1)
     1    0.016380    0.089552    0.204864    0.606534 v output21/X (sky130_fd_sc_hd__clkdlybuf4s25_1)
                                                         aempty (net)
                      0.089552    0.000152    0.606686 v aempty (out)
                                              0.606686   data arrival time

                                  0.000000    0.000000   clock rd_clk (rise edge)
                                  0.000000    0.000000   clock network delay (propagated)
                                  0.100000    0.100000   clock uncertainty
                                  0.000000    0.100000   clock reconvergence pessimism
                                 -1.500000   -1.400000   output external delay
                                             -1.400000   data required time
---------------------------------------------------------------------------------------------
                                             -1.400000   data required time
                                             -0.606686   data arrival time
---------------------------------------------------------------------------------------------
                                              2.006686   slack (MET)


Startpoint: _1238_ (rising edge-triggered flip-flop clocked by rd_clk)
Endpoint: empty (output port clocked by rd_clk)
Path Group: rd_clk
Path Type: min

Fanout         Cap        Slew       Delay        Time   Description
---------------------------------------------------------------------------------------------
                                  0.000000    0.000000   clock rd_clk (rise edge)
                                  0.000000    0.000000   clock source latency
     1    0.013656    0.000000    0.000000    0.000000 ^ rd_clk (in)
                                                         rd_clk (net)
                      0.000587    0.000294    0.000294 ^ clkbuf_0_rd_clk/A (sky130_fd_sc_hd__clkbuf_16)
     4    0.038258    0.043842    0.087700    0.087993 ^ clkbuf_0_rd_clk/X (sky130_fd_sc_hd__clkbuf_16)
                                                         clknet_0_rd_clk (net)
                      0.043845    0.000399    0.088392 ^ clkbuf_2_1__f_rd_clk/A (sky130_fd_sc_hd__clkbuf_16)
     7    0.020161    0.031308    0.088339    0.176731 ^ clkbuf_2_1__f_rd_clk/X (sky130_fd_sc_hd__clkbuf_16)
                                                         clknet_2_1__leaf_rd_clk (net)
                      0.031308    0.000120    0.176851 ^ _1238_/CLK (sky130_fd_sc_hd__dfstp_2)
     5    0.022735    0.043535    0.249621    0.426472 v _1238_/Q (sky130_fd_sc_hd__dfstp_2)
                                                         net23 (net)
                      0.043535    0.000114    0.426587 v output23/A (sky130_fd_sc_hd__clkdlybuf4s25_1)
     1    0.016028    0.087493    0.214809    0.641396 v output23/X (sky130_fd_sc_hd__clkdlybuf4s25_1)
                                                         empty (net)
                      0.087493    0.000121    0.641517 v empty (out)
                                              0.641517   data arrival time

                                  0.000000    0.000000   clock rd_clk (rise edge)
                                  0.000000    0.000000   clock network delay (propagated)
                                  0.100000    0.100000   clock uncertainty
                                  0.000000    0.100000   clock reconvergence pessimism
                                 -1.500000   -1.400000   output external delay
                                             -1.400000   data required time
---------------------------------------------------------------------------------------------
                                             -1.400000   data required time
                                             -0.641517   data arrival time
---------------------------------------------------------------------------------------------
                                              2.041517   slack (MET)


Startpoint: _1195_ (rising edge-triggered flip-flop clocked by wr_clk)
Endpoint: afull (output port clocked by wr_clk)
Path Group: wr_clk
Path Type: min

Fanout         Cap        Slew       Delay        Time   Description
---------------------------------------------------------------------------------------------
                                  0.000000    0.000000   clock wr_clk (rise edge)
                                  0.000000    0.000000   clock source latency
     1    0.024443    0.000000    0.000000    0.000000 ^ wr_clk (in)
                                                         wr_clk (net)
                      0.001082    0.000541    0.000541 ^ clkbuf_0_wr_clk/A (sky130_fd_sc_hd__clkbuf_16)
    16    0.103832    0.091499    0.123118    0.123659 ^ clkbuf_0_wr_clk/X (sky130_fd_sc_hd__clkbuf_16)
                                                         clknet_0_wr_clk (net)
                      0.091533    0.001440    0.125100 ^ clkbuf_4_10_0_wr_clk/A (sky130_fd_sc_hd__clkbuf_8)
     2    0.019180    0.037276    0.103825    0.228925 ^ clkbuf_4_10_0_wr_clk/X (sky130_fd_sc_hd__clkbuf_8)
                                                         clknet_4_10_0_wr_clk (net)
                      0.037277    0.000228    0.229153 ^ clkbuf_5_21__f_wr_clk/A (sky130_fd_sc_hd__clkbuf_16)
     6    0.019601    0.030905    0.085991    0.315144 ^ clkbuf_5_21__f_wr_clk/X (sky130_fd_sc_hd__clkbuf_16)
                                                         clknet_5_21__leaf_wr_clk (net)
                      0.030907    0.000526    0.315670 ^ _1195_/CLK (sky130_fd_sc_hd__dfrtp_2)
     1    0.003206    0.027138    0.207395    0.523065 ^ _1195_/Q (sky130_fd_sc_hd__dfrtp_2)
                                                         net22 (net)
                      0.027138    0.000037    0.523102 ^ output22/A (sky130_fd_sc_hd__clkdlybuf4s25_1)
     1    0.016025    0.126243    0.224575    0.747677 ^ output22/X (sky130_fd_sc_hd__clkdlybuf4s25_1)
                                                         afull (net)
                      0.126243    0.000150    0.747827 ^ afull (out)
                                              0.747827   data arrival time

                                  0.000000    0.000000   clock wr_clk (rise edge)
                                  0.000000    0.000000   clock network delay (propagated)
                                  0.100000    0.100000   clock uncertainty
                                  0.000000    0.100000   clock reconvergence pessimism
                                 -1.500000   -1.400000   output external delay
                                             -1.400000   data required time
---------------------------------------------------------------------------------------------
                                             -1.400000   data required time
                                             -0.747827   data arrival time
---------------------------------------------------------------------------------------------
                                              2.147827   slack (MET)


Startpoint: _1228_ (rising edge-triggered flip-flop clocked by wr_clk)
Endpoint: full (output port clocked by wr_clk)
Path Group: wr_clk
Path Type: min

Fanout         Cap        Slew       Delay        Time   Description
---------------------------------------------------------------------------------------------
                                  0.000000    0.000000   clock wr_clk (rise edge)
                                  0.000000    0.000000   clock source latency
     1    0.024443    0.000000    0.000000    0.000000 ^ wr_clk (in)
                                                         wr_clk (net)
                      0.001082    0.000541    0.000541 ^ clkbuf_0_wr_clk/A (sky130_fd_sc_hd__clkbuf_16)
    16    0.103832    0.091499    0.123118    0.123659 ^ clkbuf_0_wr_clk/X (sky130_fd_sc_hd__clkbuf_16)
                                                         clknet_0_wr_clk (net)
                      0.091504    0.000587    0.124247 ^ clkbuf_4_14_0_wr_clk/A (sky130_fd_sc_hd__clkbuf_8)
     2    0.018907    0.036968    0.103529    0.227775 ^ clkbuf_4_14_0_wr_clk/X (sky130_fd_sc_hd__clkbuf_8)
                                                         clknet_4_14_0_wr_clk (net)
                      0.036969    0.000246    0.228022 ^ clkbuf_5_29__f_wr_clk/A (sky130_fd_sc_hd__clkbuf_16)
     5    0.014364    0.027440    0.082373    0.310395 ^ clkbuf_5_29__f_wr_clk/X (sky130_fd_sc_hd__clkbuf_16)
                                                         clknet_5_29__leaf_wr_clk (net)
                      0.027440    0.000160    0.310555 ^ _1228_/CLK (sky130_fd_sc_hd__dfrtp_2)
     3    0.015099    0.064217    0.242046    0.552601 ^ _1228_/Q (sky130_fd_sc_hd__dfrtp_2)
                                                         net24 (net)
                      0.064217    0.000066    0.552666 ^ output24/A (sky130_fd_sc_hd__clkdlybuf4s25_1)
     1    0.015802    0.124435    0.233106    0.785772 ^ output24/X (sky130_fd_sc_hd__clkdlybuf4s25_1)
                                                         full (net)
                      0.124435    0.000096    0.785869 ^ full (out)
                                              0.785869   data arrival time

                                  0.000000    0.000000   clock wr_clk (rise edge)
                                  0.000000    0.000000   clock network delay (propagated)
                                  0.100000    0.100000   clock uncertainty
                                  0.000000    0.100000   clock reconvergence pessimism
                                 -1.500000   -1.400000   output external delay
                                             -1.400000   data required time
---------------------------------------------------------------------------------------------
                                             -1.400000   data required time
                                             -0.785869   data arrival time
---------------------------------------------------------------------------------------------
                                              2.185869   slack (MET)


Startpoint: _1242_ (rising edge-triggered flip-flop clocked by rd_clk)
Endpoint: rd_data[6] (output port clocked by rd_clk)
Path Group: rd_clk
Path Type: min

Fanout         Cap        Slew       Delay        Time   Description
---------------------------------------------------------------------------------------------
                                  0.000000    0.000000   clock rd_clk (rise edge)
                                  0.000000    0.000000   clock source latency
     1    0.013656    0.000000    0.000000    0.000000 ^ rd_clk (in)
                                                         rd_clk (net)
                      0.000587    0.000294    0.000294 ^ clkbuf_0_rd_clk/A (sky130_fd_sc_hd__clkbuf_16)
     4    0.038258    0.043842    0.087700    0.087993 ^ clkbuf_0_rd_clk/X (sky130_fd_sc_hd__clkbuf_16)
                                                         clknet_0_rd_clk (net)
                      0.043852    0.000594    0.088587 ^ clkbuf_2_2__f_rd_clk/A (sky130_fd_sc_hd__clkbuf_16)
     8    0.029784    0.037956    0.094876    0.183463 ^ clkbuf_2_2__f_rd_clk/X (sky130_fd_sc_hd__clkbuf_16)
                                                         clknet_2_2__leaf_rd_clk (net)
                      0.037962    0.000462    0.183925 ^ _1242_/CLK (sky130_fd_sc_hd__dfrtp_2)
     7    0.055276    0.199820    0.343288    0.527213 ^ _1242_/Q (sky130_fd_sc_hd__dfrtp_2)
                                                         rd_ptr_bin[3] (net)
                      0.199820    0.000755    0.527967 ^ _0775_/A1 (sky130_fd_sc_hd__a21bo_2)
     1    0.004857    0.028250    0.098741    0.626708 ^ _0775_/X (sky130_fd_sc_hd__a21bo_2)
                                                         net31 (net)
                      0.028250    0.000094    0.626802 ^ output31/A (sky130_fd_sc_hd__clkdlybuf4s25_1)
     1    0.016242    0.127817    0.225949    0.852751 ^ output31/X (sky130_fd_sc_hd__clkdlybuf4s25_1)
                                                         rd_data[6] (net)
                      0.127817    0.000221    0.852971 ^ rd_data[6] (out)
                                              0.852971   data arrival time

                                  0.000000    0.000000   clock rd_clk (rise edge)
                                  0.000000    0.000000   clock network delay (propagated)
                                  0.100000    0.100000   clock uncertainty
                                  0.000000    0.100000   clock reconvergence pessimism
                                 -1.500000   -1.400000   output external delay
                                             -1.400000   data required time
---------------------------------------------------------------------------------------------
                                             -1.400000   data required time
                                             -0.852971   data arrival time
---------------------------------------------------------------------------------------------
                                              2.252971   slack (MET)


Startpoint: _1242_ (rising edge-triggered flip-flop clocked by rd_clk)
Endpoint: rd_data[1] (output port clocked by rd_clk)
Path Group: rd_clk
Path Type: min

Fanout         Cap        Slew       Delay        Time   Description
---------------------------------------------------------------------------------------------
                                  0.000000    0.000000   clock rd_clk (rise edge)
                                  0.000000    0.000000   clock source latency
     1    0.013656    0.000000    0.000000    0.000000 ^ rd_clk (in)
                                                         rd_clk (net)
                      0.000587    0.000294    0.000294 ^ clkbuf_0_rd_clk/A (sky130_fd_sc_hd__clkbuf_16)
     4    0.038258    0.043842    0.087700    0.087993 ^ clkbuf_0_rd_clk/X (sky130_fd_sc_hd__clkbuf_16)
                                                         clknet_0_rd_clk (net)
                      0.043852    0.000594    0.088587 ^ clkbuf_2_2__f_rd_clk/A (sky130_fd_sc_hd__clkbuf_16)
     8    0.029784    0.037956    0.094876    0.183463 ^ clkbuf_2_2__f_rd_clk/X (sky130_fd_sc_hd__clkbuf_16)
                                                         clknet_2_2__leaf_rd_clk (net)
                      0.037962    0.000462    0.183925 ^ _1242_/CLK (sky130_fd_sc_hd__dfrtp_2)
     7    0.055276    0.199820    0.343288    0.527213 ^ _1242_/Q (sky130_fd_sc_hd__dfrtp_2)
                                                         rd_ptr_bin[3] (net)
                      0.199825    0.001294    0.528506 ^ _0735_/A1 (sky130_fd_sc_hd__a21bo_2)
     1    0.008213    0.040812    0.108525    0.637032 ^ _0735_/X (sky130_fd_sc_hd__a21bo_2)
                                                         net26 (net)
                      0.040813    0.000229    0.637261 ^ output26/A (sky130_fd_sc_hd__clkdlybuf4s25_1)
     1    0.016694    0.131006    0.231837    0.869098 ^ output26/X (sky130_fd_sc_hd__clkdlybuf4s25_1)
                                                         rd_data[1] (net)
                      0.131006    0.000221    0.869319 ^ rd_data[1] (out)
                                              0.869319   data arrival time

                                  0.000000    0.000000   clock rd_clk (rise edge)
                                  0.000000    0.000000   clock network delay (propagated)
                                  0.100000    0.100000   clock uncertainty
                                  0.000000    0.100000   clock reconvergence pessimism
                                 -1.500000   -1.400000   output external delay
                                             -1.400000   data required time
---------------------------------------------------------------------------------------------
                                             -1.400000   data required time
                                             -0.869319   data arrival time
---------------------------------------------------------------------------------------------
                                              2.269319   slack (MET)


Startpoint: _1242_ (rising edge-triggered flip-flop clocked by rd_clk)
Endpoint: rd_data[4] (output port clocked by rd_clk)
Path Group: rd_clk
Path Type: min

Fanout         Cap        Slew       Delay        Time   Description
---------------------------------------------------------------------------------------------
                                  0.000000    0.000000   clock rd_clk (rise edge)
                                  0.000000    0.000000   clock source latency
     1    0.013656    0.000000    0.000000    0.000000 ^ rd_clk (in)
                                                         rd_clk (net)
                      0.000587    0.000294    0.000294 ^ clkbuf_0_rd_clk/A (sky130_fd_sc_hd__clkbuf_16)
     4    0.038258    0.043842    0.087700    0.087993 ^ clkbuf_0_rd_clk/X (sky130_fd_sc_hd__clkbuf_16)
                                                         clknet_0_rd_clk (net)
                      0.043852    0.000594    0.088587 ^ clkbuf_2_2__f_rd_clk/A (sky130_fd_sc_hd__clkbuf_16)
     8    0.029784    0.037956    0.094876    0.183463 ^ clkbuf_2_2__f_rd_clk/X (sky130_fd_sc_hd__clkbuf_16)
                                                         clknet_2_2__leaf_rd_clk (net)
                      0.037962    0.000462    0.183925 ^ _1242_/CLK (sky130_fd_sc_hd__dfrtp_2)
     7    0.055276    0.199820    0.343288    0.527213 ^ _1242_/Q (sky130_fd_sc_hd__dfrtp_2)
                                                         rd_ptr_bin[3] (net)
                      0.199826    0.001390    0.528602 ^ _0755_/B1 (sky130_fd_sc_hd__o21a_2)
     1    0.003518    0.022663    0.076022    0.604624 ^ _0755_/X (sky130_fd_sc_hd__o21a_2)
                                                         _0341_ (net)
                      0.022663    0.000027    0.604651 ^ _0759_/A2 (sky130_fd_sc_hd__a22o_2)
     1    0.006573    0.033952    0.084469    0.689120 ^ _0759_/X (sky130_fd_sc_hd__a22o_2)
                                                         net29 (net)
                      0.033952    0.000147    0.689268 ^ output29/A (sky130_fd_sc_hd__clkdlybuf4s25_1)
     1    0.016197    0.127439    0.227393    0.916661 ^ output29/X (sky130_fd_sc_hd__clkdlybuf4s25_1)
                                                         rd_data[4] (net)
                      0.127439    0.000152    0.916813 ^ rd_data[4] (out)
                                              0.916813   data arrival time

                                  0.000000    0.000000   clock rd_clk (rise edge)
                                  0.000000    0.000000   clock network delay (propagated)
                                  0.100000    0.100000   clock uncertainty
                                  0.000000    0.100000   clock reconvergence pessimism
                                 -1.500000   -1.400000   output external delay
                                             -1.400000   data required time
---------------------------------------------------------------------------------------------
                                             -1.400000   data required time
                                             -0.916813   data arrival time
---------------------------------------------------------------------------------------------
                                              2.316813   slack (MET)


Startpoint: _1242_ (rising edge-triggered flip-flop clocked by rd_clk)
Endpoint: rd_data[7] (output port clocked by rd_clk)
Path Group: rd_clk
Path Type: min

Fanout         Cap        Slew       Delay        Time   Description
---------------------------------------------------------------------------------------------
                                  0.000000    0.000000   clock rd_clk (rise edge)
                                  0.000000    0.000000   clock source latency
     1    0.013656    0.000000    0.000000    0.000000 ^ rd_clk (in)
                                                         rd_clk (net)
                      0.000587    0.000294    0.000294 ^ clkbuf_0_rd_clk/A (sky130_fd_sc_hd__clkbuf_16)
     4    0.038258    0.043842    0.087700    0.087993 ^ clkbuf_0_rd_clk/X (sky130_fd_sc_hd__clkbuf_16)
                                                         clknet_0_rd_clk (net)
                      0.043852    0.000594    0.088587 ^ clkbuf_2_2__f_rd_clk/A (sky130_fd_sc_hd__clkbuf_16)
     8    0.029784    0.037956    0.094876    0.183463 ^ clkbuf_2_2__f_rd_clk/X (sky130_fd_sc_hd__clkbuf_16)
                                                         clknet_2_2__leaf_rd_clk (net)
                      0.037962    0.000462    0.183925 ^ _1242_/CLK (sky130_fd_sc_hd__dfrtp_2)
     7    0.055276    0.199820    0.343288    0.527213 ^ _1242_/Q (sky130_fd_sc_hd__dfrtp_2)
                                                         rd_ptr_bin[3] (net)
                      0.199826    0.001342    0.528554 ^ _0779_/B1 (sky130_fd_sc_hd__o21a_2)
     1    0.005686    0.030192    0.082778    0.611332 ^ _0779_/X (sky130_fd_sc_hd__o21a_2)
                                                         _0362_ (net)
                      0.030192    0.000111    0.611443 ^ _0783_/A2 (sky130_fd_sc_hd__a22o_2)
     1    0.006178    0.032580    0.085166    0.696609 ^ _0783_/X (sky130_fd_sc_hd__a22o_2)
                                                         net32 (net)
                      0.032580    0.000147    0.696756 ^ output32/A (sky130_fd_sc_hd__clkdlybuf4s25_1)
     1    0.015934    0.125529    0.225695    0.922451 ^ output32/X (sky130_fd_sc_hd__clkdlybuf4s25_1)
                                                         rd_data[7] (net)
                      0.125529    0.000097    0.922548 ^ rd_data[7] (out)
                                              0.922548   data arrival time

                                  0.000000    0.000000   clock rd_clk (rise edge)
                                  0.000000    0.000000   clock network delay (propagated)
                                  0.100000    0.100000   clock uncertainty
                                  0.000000    0.100000   clock reconvergence pessimism
                                 -1.500000   -1.400000   output external delay
                                             -1.400000   data required time
---------------------------------------------------------------------------------------------
                                             -1.400000   data required time
                                             -0.922548   data arrival time
---------------------------------------------------------------------------------------------
                                              2.322548   slack (MET)


Startpoint: _1242_ (rising edge-triggered flip-flop clocked by rd_clk)
Endpoint: rd_data[0] (output port clocked by rd_clk)
Path Group: rd_clk
Path Type: min

Fanout         Cap        Slew       Delay        Time   Description
---------------------------------------------------------------------------------------------
                                  0.000000    0.000000   clock rd_clk (rise edge)
                                  0.000000    0.000000   clock source latency
     1    0.013656    0.000000    0.000000    0.000000 ^ rd_clk (in)
                                                         rd_clk (net)
                      0.000587    0.000294    0.000294 ^ clkbuf_0_rd_clk/A (sky130_fd_sc_hd__clkbuf_16)
     4    0.038258    0.043842    0.087700    0.087993 ^ clkbuf_0_rd_clk/X (sky130_fd_sc_hd__clkbuf_16)
                                                         clknet_0_rd_clk (net)
                      0.043852    0.000594    0.088587 ^ clkbuf_2_2__f_rd_clk/A (sky130_fd_sc_hd__clkbuf_16)
     8    0.029784    0.037956    0.094876    0.183463 ^ clkbuf_2_2__f_rd_clk/X (sky130_fd_sc_hd__clkbuf_16)
                                                         clknet_2_2__leaf_rd_clk (net)
                      0.037962    0.000462    0.183925 ^ _1242_/CLK (sky130_fd_sc_hd__dfrtp_2)
     7    0.055276    0.199820    0.343288    0.527213 ^ _1242_/Q (sky130_fd_sc_hd__dfrtp_2)
                                                         rd_ptr_bin[3] (net)
                      0.199820    0.000562    0.527775 ^ _0532_/A (sky130_fd_sc_hd__inv_2)
     2    0.006969    0.042207    0.022188    0.549963 v _0532_/Y (sky130_fd_sc_hd__inv_2)
                                                         _0142_ (net)
                      0.042207    0.000030    0.549993 v _0725_/A (sky130_fd_sc_hd__buf_1)
     8    0.038174    0.150666    0.163789    0.713782 v _0725_/X (sky130_fd_sc_hd__buf_1)
                                                         _0315_ (net)
                      0.150741    0.002143    0.715925 v _0726_/S (sky130_fd_sc_hd__mux2_2)
     1    0.003617    0.027033    0.182463    0.898388 ^ _0726_/X (sky130_fd_sc_hd__mux2_2)
                                                         _0316_ (net)
                      0.027033    0.000037    0.898425 ^ _0727_/A (sky130_fd_sc_hd__buf_1)
     1    0.002543    0.030067    0.049462    0.947887 ^ _0727_/X (sky130_fd_sc_hd__buf_1)
                                                         net25 (net)
                      0.030067    0.000011    0.947899 ^ output25/A (sky130_fd_sc_hd__clkdlybuf4s25_1)
     1    0.015942    0.125605    0.225020    1.172918 ^ output25/X (sky130_fd_sc_hd__clkdlybuf4s25_1)
                                                         rd_data[0] (net)
                      0.125605    0.000096    1.173014 ^ rd_data[0] (out)
                                              1.173014   data arrival time

                                  0.000000    0.000000   clock rd_clk (rise edge)
                                  0.000000    0.000000   clock network delay (propagated)
                                  0.100000    0.100000   clock uncertainty
                                  0.000000    0.100000   clock reconvergence pessimism
                                 -1.500000   -1.400000   output external delay
                                             -1.400000   data required time
---------------------------------------------------------------------------------------------
                                             -1.400000   data required time
                                             -1.173014   data arrival time
---------------------------------------------------------------------------------------------
                                              2.573014   slack (MET)


Startpoint: _1242_ (rising edge-triggered flip-flop clocked by rd_clk)
Endpoint: rd_data[2] (output port clocked by rd_clk)
Path Group: rd_clk
Path Type: min

Fanout         Cap        Slew       Delay        Time   Description
---------------------------------------------------------------------------------------------
                                  0.000000    0.000000   clock rd_clk (rise edge)
                                  0.000000    0.000000   clock source latency
     1    0.013656    0.000000    0.000000    0.000000 ^ rd_clk (in)
                                                         rd_clk (net)
                      0.000587    0.000294    0.000294 ^ clkbuf_0_rd_clk/A (sky130_fd_sc_hd__clkbuf_16)
     4    0.038258    0.043842    0.087700    0.087993 ^ clkbuf_0_rd_clk/X (sky130_fd_sc_hd__clkbuf_16)
                                                         clknet_0_rd_clk (net)
                      0.043852    0.000594    0.088587 ^ clkbuf_2_2__f_rd_clk/A (sky130_fd_sc_hd__clkbuf_16)
     8    0.029784    0.037956    0.094876    0.183463 ^ clkbuf_2_2__f_rd_clk/X (sky130_fd_sc_hd__clkbuf_16)
                                                         clknet_2_2__leaf_rd_clk (net)
                      0.037962    0.000462    0.183925 ^ _1242_/CLK (sky130_fd_sc_hd__dfrtp_2)
     7    0.055276    0.199820    0.343288    0.527213 ^ _1242_/Q (sky130_fd_sc_hd__dfrtp_2)
                                                         rd_ptr_bin[3] (net)
                      0.199820    0.000562    0.527775 ^ _0532_/A (sky130_fd_sc_hd__inv_2)
     2    0.006969    0.042207    0.022188    0.549963 v _0532_/Y (sky130_fd_sc_hd__inv_2)
                                                         _0142_ (net)
                      0.042207    0.000030    0.549993 v _0725_/A (sky130_fd_sc_hd__buf_1)
     8    0.038174    0.150666    0.163789    0.713782 v _0725_/X (sky130_fd_sc_hd__buf_1)
                                                         _0315_ (net)
                      0.150741    0.002131    0.715913 v _0742_/S (sky130_fd_sc_hd__mux2_2)
     1    0.004676    0.030815    0.186329    0.902242 ^ _0742_/X (sky130_fd_sc_hd__mux2_2)
                                                         _0330_ (net)
                      0.030815    0.000076    0.902318 ^ _0743_/A (sky130_fd_sc_hd__buf_1)
     1    0.002541    0.030096    0.050204    0.952522 ^ _0743_/X (sky130_fd_sc_hd__buf_1)
                                                         net27 (net)
                      0.030096    0.000011    0.952533 ^ output27/A (sky130_fd_sc_hd__clkdlybuf4s25_1)
     1    0.016032    0.126265    0.225479    1.178012 ^ output27/X (sky130_fd_sc_hd__clkdlybuf4s25_1)
                                                         rd_data[2] (net)
                      0.126265    0.000112    1.178124 ^ rd_data[2] (out)
                                              1.178124   data arrival time

                                  0.000000    0.000000   clock rd_clk (rise edge)
                                  0.000000    0.000000   clock network delay (propagated)
                                  0.100000    0.100000   clock uncertainty
                                  0.000000    0.100000   clock reconvergence pessimism
                                 -1.500000   -1.400000   output external delay
                                             -1.400000   data required time
---------------------------------------------------------------------------------------------
                                             -1.400000   data required time
                                             -1.178124   data arrival time
---------------------------------------------------------------------------------------------
                                              2.578124   slack (MET)


Startpoint: _1242_ (rising edge-triggered flip-flop clocked by rd_clk)
Endpoint: rd_data[3] (output port clocked by rd_clk)
Path Group: rd_clk
Path Type: min

Fanout         Cap        Slew       Delay        Time   Description
---------------------------------------------------------------------------------------------
                                  0.000000    0.000000   clock rd_clk (rise edge)
                                  0.000000    0.000000   clock source latency
     1    0.013656    0.000000    0.000000    0.000000 ^ rd_clk (in)
                                                         rd_clk (net)
                      0.000587    0.000294    0.000294 ^ clkbuf_0_rd_clk/A (sky130_fd_sc_hd__clkbuf_16)
     4    0.038258    0.043842    0.087700    0.087993 ^ clkbuf_0_rd_clk/X (sky130_fd_sc_hd__clkbuf_16)
                                                         clknet_0_rd_clk (net)
                      0.043852    0.000594    0.088587 ^ clkbuf_2_2__f_rd_clk/A (sky130_fd_sc_hd__clkbuf_16)
     8    0.029784    0.037956    0.094876    0.183463 ^ clkbuf_2_2__f_rd_clk/X (sky130_fd_sc_hd__clkbuf_16)
                                                         clknet_2_2__leaf_rd_clk (net)
                      0.037962    0.000462    0.183925 ^ _1242_/CLK (sky130_fd_sc_hd__dfrtp_2)
     7    0.055276    0.199820    0.343288    0.527213 ^ _1242_/Q (sky130_fd_sc_hd__dfrtp_2)
                                                         rd_ptr_bin[3] (net)
                      0.199820    0.000562    0.527775 ^ _0532_/A (sky130_fd_sc_hd__inv_2)
     2    0.006969    0.042207    0.022188    0.549963 v _0532_/Y (sky130_fd_sc_hd__inv_2)
                                                         _0142_ (net)
                      0.042207    0.000030    0.549993 v _0725_/A (sky130_fd_sc_hd__buf_1)
     8    0.038174    0.150666    0.163789    0.713782 v _0725_/X (sky130_fd_sc_hd__buf_1)
                                                         _0315_ (net)
                      0.150667    0.000541    0.714323 v _0750_/S (sky130_fd_sc_hd__mux2_2)
     1    0.009481    0.047247    0.200324    0.914647 ^ _0750_/X (sky130_fd_sc_hd__mux2_2)
                                                         _0337_ (net)
                      0.047248    0.000288    0.914935 ^ _0751_/A (sky130_fd_sc_hd__buf_1)
     1    0.002546    0.030324    0.053504    0.968439 ^ _0751_/X (sky130_fd_sc_hd__buf_1)
                                                         net28 (net)
                      0.030324    0.000011    0.968451 ^ output28/A (sky130_fd_sc_hd__clkdlybuf4s25_1)
     1    0.015833    0.124812    0.224548    1.192999 ^ output28/X (sky130_fd_sc_hd__clkdlybuf4s25_1)
                                                         rd_data[3] (net)
                      0.124812    0.000082    1.193081 ^ rd_data[3] (out)
                                              1.193081   data arrival time

                                  0.000000    0.000000   clock rd_clk (rise edge)
                                  0.000000    0.000000   clock network delay (propagated)
                                  0.100000    0.100000   clock uncertainty
                                  0.000000    0.100000   clock reconvergence pessimism
                                 -1.500000   -1.400000   output external delay
                                             -1.400000   data required time
---------------------------------------------------------------------------------------------
                                             -1.400000   data required time
                                             -1.193081   data arrival time
---------------------------------------------------------------------------------------------
                                              2.593081   slack (MET)


Startpoint: _1242_ (rising edge-triggered flip-flop clocked by rd_clk)
Endpoint: rd_data[5] (output port clocked by rd_clk)
Path Group: rd_clk
Path Type: min

Fanout         Cap        Slew       Delay        Time   Description
---------------------------------------------------------------------------------------------
                                  0.000000    0.000000   clock rd_clk (rise edge)
                                  0.000000    0.000000   clock source latency
     1    0.013656    0.000000    0.000000    0.000000 ^ rd_clk (in)
                                                         rd_clk (net)
                      0.000587    0.000294    0.000294 ^ clkbuf_0_rd_clk/A (sky130_fd_sc_hd__clkbuf_16)
     4    0.038258    0.043842    0.087700    0.087993 ^ clkbuf_0_rd_clk/X (sky130_fd_sc_hd__clkbuf_16)
                                                         clknet_0_rd_clk (net)
                      0.043852    0.000594    0.088587 ^ clkbuf_2_2__f_rd_clk/A (sky130_fd_sc_hd__clkbuf_16)
     8    0.029784    0.037956    0.094876    0.183463 ^ clkbuf_2_2__f_rd_clk/X (sky130_fd_sc_hd__clkbuf_16)
                                                         clknet_2_2__leaf_rd_clk (net)
                      0.037962    0.000462    0.183925 ^ _1242_/CLK (sky130_fd_sc_hd__dfrtp_2)
     7    0.055276    0.199820    0.343288    0.527213 ^ _1242_/Q (sky130_fd_sc_hd__dfrtp_2)
                                                         rd_ptr_bin[3] (net)
                      0.199820    0.000562    0.527775 ^ _0532_/A (sky130_fd_sc_hd__inv_2)
     2    0.006969    0.042207    0.022188    0.549963 v _0532_/Y (sky130_fd_sc_hd__inv_2)
                                                         _0142_ (net)
                      0.042207    0.000030    0.549993 v _0725_/A (sky130_fd_sc_hd__buf_1)
     8    0.038174    0.150666    0.163789    0.713782 v _0725_/X (sky130_fd_sc_hd__buf_1)
                                                         _0315_ (net)
                      0.150723    0.001623    0.715405 v _0766_/S (sky130_fd_sc_hd__mux2_2)
     1    0.012336    0.057494    0.208586    0.923990 ^ _0766_/X (sky130_fd_sc_hd__mux2_2)
                                                         _0351_ (net)
                      0.057497    0.000499    0.924489 ^ _0767_/A (sky130_fd_sc_hd__buf_1)
     1    0.003679    0.039543    0.061740    0.986229 ^ _0767_/X (sky130_fd_sc_hd__buf_1)
                                                         net30 (net)
                      0.039543    0.000049    0.986277 ^ output30/A (sky130_fd_sc_hd__clkdlybuf4s25_1)
     1    0.016267    0.127902    0.229350    1.215627 ^ output30/X (sky130_fd_sc_hd__clkdlybuf4s25_1)
                                                         rd_data[5] (net)
                      0.127902    0.000142    1.215769 ^ rd_data[5] (out)
                                              1.215769   data arrival time

                                  0.000000    0.000000   clock rd_clk (rise edge)
                                  0.000000    0.000000   clock network delay (propagated)
                                  0.100000    0.100000   clock uncertainty
                                  0.000000    0.100000   clock reconvergence pessimism
                                 -1.500000   -1.400000   output external delay
                                             -1.400000   data required time
---------------------------------------------------------------------------------------------
                                             -1.400000   data required time
                                             -1.215769   data arrival time
---------------------------------------------------------------------------------------------
                                              2.615769   slack (MET)



