
===========================================================================
report_checks -path_delay min (Hold)
============================================================================
======================= nom_tt_025C_1v80 Corner ===================================

Startpoint: _1217_ (rising edge-triggered flip-flop clocked by wr_clk)
Endpoint: _1222_ (rising edge-triggered flip-flop clocked by wr_clk)
Path Group: wr_clk
Path Type: min

Fanout         Cap        Slew       Delay        Time   Description
---------------------------------------------------------------------------------------------
                                  0.000000    0.000000   clock wr_clk (rise edge)
                                  0.000000    0.000000   clock source latency
     1    0.018723    0.000000    0.000000    0.000000 ^ wr_clk (in)
                                                         wr_clk (net)
                      0.001049    0.000525    0.000525 ^ clkbuf_0_wr_clk/A (sky130_fd_sc_hd__clkbuf_16)
    16    0.088820    0.105109    0.162823    0.163347 ^ clkbuf_0_wr_clk/X (sky130_fd_sc_hd__clkbuf_16)
                                                         clknet_0_wr_clk (net)
                      0.105109    0.000263    0.163610 ^ clkbuf_4_14_0_wr_clk/A (sky130_fd_sc_hd__clkbuf_8)
     2    0.017237    0.047068    0.150149    0.313759 ^ clkbuf_4_14_0_wr_clk/X (sky130_fd_sc_hd__clkbuf_8)
                                                         clknet_4_14_0_wr_clk (net)
                      0.047068    0.000076    0.313835 ^ clkbuf_5_29__f_wr_clk/A (sky130_fd_sc_hd__clkbuf_16)
     5    0.012501    0.035462    0.119030    0.432865 ^ clkbuf_5_29__f_wr_clk/X (sky130_fd_sc_hd__clkbuf_16)
                                                         clknet_5_29__leaf_wr_clk (net)
                      0.035462    0.000014    0.432879 ^ _1217_/CLK (sky130_fd_sc_hd__dfrtp_2)
     1    0.002430    0.037475    0.324687    0.757566 ^ _1217_/Q (sky130_fd_sc_hd__dfrtp_2)
                                                         u_sync_r2w.sync_stage1[3] (net)
                      0.037475    0.000006    0.757572 ^ _1222_/D (sky130_fd_sc_hd__dfrtp_2)
                                              0.757572   data arrival time

                                  0.000000    0.000000   clock wr_clk (rise edge)
                                  0.000000    0.000000   clock source latency
     1    0.018723    0.000000    0.000000    0.000000 ^ wr_clk (in)
                                                         wr_clk (net)
                      0.001049    0.000525    0.000525 ^ clkbuf_0_wr_clk/A (sky130_fd_sc_hd__clkbuf_16)
    16    0.088820    0.105109    0.162823    0.163347 ^ clkbuf_0_wr_clk/X (sky130_fd_sc_hd__clkbuf_16)
                                                         clknet_0_wr_clk (net)
                      0.105109    0.000263    0.163610 ^ clkbuf_4_14_0_wr_clk/A (sky130_fd_sc_hd__clkbuf_8)
     2    0.017237    0.047068    0.150149    0.313759 ^ clkbuf_4_14_0_wr_clk/X (sky130_fd_sc_hd__clkbuf_8)
                                                         clknet_4_14_0_wr_clk (net)
                      0.047068    0.000076    0.313835 ^ clkbuf_5_29__f_wr_clk/A (sky130_fd_sc_hd__clkbuf_16)
     5    0.012501    0.035462    0.119030    0.432865 ^ clkbuf_5_29__f_wr_clk/X (sky130_fd_sc_hd__clkbuf_16)
                                                         clknet_5_29__leaf_wr_clk (net)
                      0.035462    0.000066    0.432930 ^ _1222_/CLK (sky130_fd_sc_hd__dfrtp_2)
                                  0.100000    0.532930   clock uncertainty
                                  0.000000    0.532930   clock reconvergence pessimism
                                 -0.034420    0.498510   library hold time
                                              0.498510   data required time
---------------------------------------------------------------------------------------------
                                              0.498510   data required time
                                             -0.757572   data arrival time
---------------------------------------------------------------------------------------------
                                              0.259062   slack (MET)


Startpoint: _1207_ (rising edge-triggered flip-flop clocked by rd_clk)
Endpoint: _1212_ (rising edge-triggered flip-flop clocked by rd_clk)
Path Group: rd_clk
Path Type: min

Fanout         Cap        Slew       Delay        Time   Description
---------------------------------------------------------------------------------------------
                                  0.000000    0.000000   clock rd_clk (rise edge)
                                  0.000000    0.000000   clock source latency
     1    0.011733    0.000000    0.000000    0.000000 ^ rd_clk (in)
                                                         rd_clk (net)
                      0.000281    0.000140    0.000140 ^ clkbuf_0_rd_clk/A (sky130_fd_sc_hd__clkbuf_16)
     4    0.035637    0.055921    0.123129    0.123269 ^ clkbuf_0_rd_clk/X (sky130_fd_sc_hd__clkbuf_16)
                                                         clknet_0_rd_clk (net)
                      0.055921    0.000105    0.123374 ^ clkbuf_2_0__f_rd_clk/A (sky130_fd_sc_hd__clkbuf_16)
     8    0.019761    0.041646    0.129218    0.252593 ^ clkbuf_2_0__f_rd_clk/X (sky130_fd_sc_hd__clkbuf_16)
                                                         clknet_2_0__leaf_rd_clk (net)
                      0.041646    0.000097    0.252690 ^ _1207_/CLK (sky130_fd_sc_hd__dfrtp_2)
     1    0.002222    0.036484    0.325781    0.578471 ^ _1207_/Q (sky130_fd_sc_hd__dfrtp_2)
                                                         u_sync_w2r.sync_stage1[3] (net)
                      0.036484    0.000003    0.578474 ^ _1212_/D (sky130_fd_sc_hd__dfrtp_2)
                                              0.578474   data arrival time

                                  0.000000    0.000000   clock rd_clk (rise edge)
                                  0.000000    0.000000   clock source latency
     1    0.011733    0.000000    0.000000    0.000000 ^ rd_clk (in)
                                                         rd_clk (net)
                      0.000281    0.000140    0.000140 ^ clkbuf_0_rd_clk/A (sky130_fd_sc_hd__clkbuf_16)
     4    0.035637    0.055921    0.123129    0.123269 ^ clkbuf_0_rd_clk/X (sky130_fd_sc_hd__clkbuf_16)
                                                         clknet_0_rd_clk (net)
                      0.055921    0.000105    0.123374 ^ clkbuf_2_0__f_rd_clk/A (sky130_fd_sc_hd__clkbuf_16)
     8    0.019761    0.041646    0.129218    0.252593 ^ clkbuf_2_0__f_rd_clk/X (sky130_fd_sc_hd__clkbuf_16)
                                                         clknet_2_0__leaf_rd_clk (net)
                      0.041646    0.000100    0.252693 ^ _1212_/CLK (sky130_fd_sc_hd__dfrtp_2)
                                  0.100000    0.352693   clock uncertainty
                                  0.000000    0.352693   clock reconvergence pessimism
                                 -0.033371    0.319322   library hold time
                                              0.319322   data required time
---------------------------------------------------------------------------------------------
                                              0.319322   data required time
                                             -0.578474   data arrival time
---------------------------------------------------------------------------------------------
                                              0.259152   slack (MET)


Startpoint: _1216_ (rising edge-triggered flip-flop clocked by wr_clk)
Endpoint: _1221_ (rising edge-triggered flip-flop clocked by wr_clk)
Path Group: wr_clk
Path Type: min

Fanout         Cap        Slew       Delay        Time   Description
---------------------------------------------------------------------------------------------
                                  0.000000    0.000000   clock wr_clk (rise edge)
                                  0.000000    0.000000   clock source latency
     1    0.018723    0.000000    0.000000    0.000000 ^ wr_clk (in)
                                                         wr_clk (net)
                      0.001049    0.000525    0.000525 ^ clkbuf_0_wr_clk/A (sky130_fd_sc_hd__clkbuf_16)
    16    0.088820    0.105109    0.162823    0.163347 ^ clkbuf_0_wr_clk/X (sky130_fd_sc_hd__clkbuf_16)
                                                         clknet_0_wr_clk (net)
                      0.105109    0.000254    0.163601 ^ clkbuf_4_15_0_wr_clk/A (sky130_fd_sc_hd__clkbuf_8)
     2    0.017792    0.047925    0.150966    0.314567 ^ clkbuf_4_15_0_wr_clk/X (sky130_fd_sc_hd__clkbuf_8)
                                                         clknet_4_15_0_wr_clk (net)
                      0.047925    0.000125    0.314692 ^ clkbuf_5_31__f_wr_clk/A (sky130_fd_sc_hd__clkbuf_16)
     5    0.012090    0.035112    0.118949    0.433641 ^ clkbuf_5_31__f_wr_clk/X (sky130_fd_sc_hd__clkbuf_16)
                                                         clknet_5_31__leaf_wr_clk (net)
                      0.035112    0.000044    0.433685 ^ _1216_/CLK (sky130_fd_sc_hd__dfrtp_2)
     1    0.002534    0.037974    0.325168    0.758853 ^ _1216_/Q (sky130_fd_sc_hd__dfrtp_2)
                                                         u_sync_r2w.sync_stage1[2] (net)
                      0.037974    0.000008    0.758861 ^ _1221_/D (sky130_fd_sc_hd__dfrtp_2)
                                              0.758861   data arrival time

                                  0.000000    0.000000   clock wr_clk (rise edge)
                                  0.000000    0.000000   clock source latency
     1    0.018723    0.000000    0.000000    0.000000 ^ wr_clk (in)
                                                         wr_clk (net)
                      0.001049    0.000525    0.000525 ^ clkbuf_0_wr_clk/A (sky130_fd_sc_hd__clkbuf_16)
    16    0.088820    0.105109    0.162823    0.163347 ^ clkbuf_0_wr_clk/X (sky130_fd_sc_hd__clkbuf_16)
                                                         clknet_0_wr_clk (net)
                      0.105109    0.000254    0.163601 ^ clkbuf_4_15_0_wr_clk/A (sky130_fd_sc_hd__clkbuf_8)
     2    0.017792    0.047925    0.150966    0.314567 ^ clkbuf_4_15_0_wr_clk/X (sky130_fd_sc_hd__clkbuf_8)
                                                         clknet_4_15_0_wr_clk (net)
                      0.047925    0.000125    0.314692 ^ clkbuf_5_31__f_wr_clk/A (sky130_fd_sc_hd__clkbuf_16)
     5    0.012090    0.035112    0.118949    0.433641 ^ clkbuf_5_31__f_wr_clk/X (sky130_fd_sc_hd__clkbuf_16)
                                                         clknet_5_31__leaf_wr_clk (net)
                      0.035112    0.000032    0.433673 ^ _1221_/CLK (sky130_fd_sc_hd__dfrtp_2)
                                  0.100000    0.533673   clock uncertainty
                                  0.000000    0.533673   clock reconvergence pessimism
                                 -0.034571    0.499102   library hold time
                                              0.499102   data required time
---------------------------------------------------------------------------------------------
                                              0.499102   data required time
                                             -0.758861   data arrival time
---------------------------------------------------------------------------------------------
                                              0.259759   slack (MET)


Startpoint: _1218_ (rising edge-triggered flip-flop clocked by wr_clk)
Endpoint: _1223_ (rising edge-triggered flip-flop clocked by wr_clk)
Path Group: wr_clk
Path Type: min

Fanout         Cap        Slew       Delay        Time   Description
---------------------------------------------------------------------------------------------
                                  0.000000    0.000000   clock wr_clk (rise edge)
                                  0.000000    0.000000   clock source latency
     1    0.018723    0.000000    0.000000    0.000000 ^ wr_clk (in)
                                                         wr_clk (net)
                      0.001049    0.000525    0.000525 ^ clkbuf_0_wr_clk/A (sky130_fd_sc_hd__clkbuf_16)
    16    0.088820    0.105109    0.162823    0.163347 ^ clkbuf_0_wr_clk/X (sky130_fd_sc_hd__clkbuf_16)
                                                         clknet_0_wr_clk (net)
                      0.105109    0.000263    0.163610 ^ clkbuf_4_14_0_wr_clk/A (sky130_fd_sc_hd__clkbuf_8)
     2    0.017237    0.047068    0.150149    0.313759 ^ clkbuf_4_14_0_wr_clk/X (sky130_fd_sc_hd__clkbuf_8)
                                                         clknet_4_14_0_wr_clk (net)
                      0.047068    0.000076    0.313835 ^ clkbuf_5_29__f_wr_clk/A (sky130_fd_sc_hd__clkbuf_16)
     5    0.012501    0.035462    0.119030    0.432865 ^ clkbuf_5_29__f_wr_clk/X (sky130_fd_sc_hd__clkbuf_16)
                                                         clknet_5_29__leaf_wr_clk (net)
                      0.035462    0.000040    0.432905 ^ _1218_/CLK (sky130_fd_sc_hd__dfrtp_2)
     1    0.002590    0.038243    0.325628    0.758533 ^ _1218_/Q (sky130_fd_sc_hd__dfrtp_2)
                                                         u_sync_r2w.sync_stage1[4] (net)
                      0.038243    0.000008    0.758541 ^ _1223_/D (sky130_fd_sc_hd__dfrtp_2)
                                              0.758541   data arrival time

                                  0.000000    0.000000   clock wr_clk (rise edge)
                                  0.000000    0.000000   clock source latency
     1    0.018723    0.000000    0.000000    0.000000 ^ wr_clk (in)
                                                         wr_clk (net)
                      0.001049    0.000525    0.000525 ^ clkbuf_0_wr_clk/A (sky130_fd_sc_hd__clkbuf_16)
    16    0.088820    0.105109    0.162823    0.163347 ^ clkbuf_0_wr_clk/X (sky130_fd_sc_hd__clkbuf_16)
                                                         clknet_0_wr_clk (net)
                      0.105109    0.000263    0.163610 ^ clkbuf_4_14_0_wr_clk/A (sky130_fd_sc_hd__clkbuf_8)
     2    0.017237    0.047068    0.150149    0.313759 ^ clkbuf_4_14_0_wr_clk/X (sky130_fd_sc_hd__clkbuf_8)
                                                         clknet_4_14_0_wr_clk (net)
                      0.047068    0.000076    0.313835 ^ clkbuf_5_29__f_wr_clk/A (sky130_fd_sc_hd__clkbuf_16)
     5    0.012501    0.035462    0.119030    0.432865 ^ clkbuf_5_29__f_wr_clk/X (sky130_fd_sc_hd__clkbuf_16)
                                                         clknet_5_29__leaf_wr_clk (net)
                      0.035462    0.000072    0.432937 ^ _1223_/CLK (sky130_fd_sc_hd__dfrtp_2)
                                  0.100000    0.532937   clock uncertainty
                                  0.000000    0.532937   clock reconvergence pessimism
                                 -0.034579    0.498358   library hold time
                                              0.498358   data required time
---------------------------------------------------------------------------------------------
                                              0.498358   data required time
                                             -0.758541   data arrival time
---------------------------------------------------------------------------------------------
                                              0.260183   slack (MET)


Startpoint: _1204_ (rising edge-triggered flip-flop clocked by rd_clk)
Endpoint: _1209_ (rising edge-triggered flip-flop clocked by rd_clk)
Path Group: rd_clk
Path Type: min

Fanout         Cap        Slew       Delay        Time   Description
---------------------------------------------------------------------------------------------
                                  0.000000    0.000000   clock rd_clk (rise edge)
                                  0.000000    0.000000   clock source latency
     1    0.011733    0.000000    0.000000    0.000000 ^ rd_clk (in)
                                                         rd_clk (net)
                      0.000281    0.000140    0.000140 ^ clkbuf_0_rd_clk/A (sky130_fd_sc_hd__clkbuf_16)
     4    0.035637    0.055921    0.123129    0.123269 ^ clkbuf_0_rd_clk/X (sky130_fd_sc_hd__clkbuf_16)
                                                         clknet_0_rd_clk (net)
                      0.055921    0.000105    0.123374 ^ clkbuf_2_0__f_rd_clk/A (sky130_fd_sc_hd__clkbuf_16)
     8    0.019761    0.041646    0.129218    0.252593 ^ clkbuf_2_0__f_rd_clk/X (sky130_fd_sc_hd__clkbuf_16)
                                                         clknet_2_0__leaf_rd_clk (net)
                      0.041646    0.000074    0.252667 ^ _1204_/CLK (sky130_fd_sc_hd__dfrtp_2)
     1    0.002420    0.037433    0.326944    0.579611 ^ _1204_/Q (sky130_fd_sc_hd__dfrtp_2)
                                                         u_sync_w2r.sync_stage1[0] (net)
                      0.037433    0.000005    0.579616 ^ _1209_/D (sky130_fd_sc_hd__dfrtp_2)
                                              0.579616   data arrival time

                                  0.000000    0.000000   clock rd_clk (rise edge)
                                  0.000000    0.000000   clock source latency
     1    0.011733    0.000000    0.000000    0.000000 ^ rd_clk (in)
                                                         rd_clk (net)
                      0.000281    0.000140    0.000140 ^ clkbuf_0_rd_clk/A (sky130_fd_sc_hd__clkbuf_16)
     4    0.035637    0.055921    0.123129    0.123269 ^ clkbuf_0_rd_clk/X (sky130_fd_sc_hd__clkbuf_16)
                                                         clknet_0_rd_clk (net)
                      0.055921    0.000105    0.123374 ^ clkbuf_2_0__f_rd_clk/A (sky130_fd_sc_hd__clkbuf_16)
     8    0.019761    0.041646    0.129218    0.252593 ^ clkbuf_2_0__f_rd_clk/X (sky130_fd_sc_hd__clkbuf_16)
                                                         clknet_2_0__leaf_rd_clk (net)
                      0.041646    0.000067    0.252660 ^ _1209_/CLK (sky130_fd_sc_hd__dfrtp_2)
                                  0.100000    0.352660   clock uncertainty
                                  0.000000    0.352660   clock reconvergence pessimism
                                 -0.033568    0.319092   library hold time
                                              0.319092   data required time
---------------------------------------------------------------------------------------------
                                              0.319092   data required time
                                             -0.579616   data arrival time
---------------------------------------------------------------------------------------------
                                              0.260524   slack (MET)


Startpoint: _1214_ (rising edge-triggered flip-flop clocked by wr_clk)
Endpoint: _1219_ (rising edge-triggered flip-flop clocked by wr_clk)
Path Group: wr_clk
Path Type: min

Fanout         Cap        Slew       Delay        Time   Description
---------------------------------------------------------------------------------------------
                                  0.000000    0.000000   clock wr_clk (rise edge)
                                  0.000000    0.000000   clock source latency
     1    0.018723    0.000000    0.000000    0.000000 ^ wr_clk (in)
                                                         wr_clk (net)
                      0.001049    0.000525    0.000525 ^ clkbuf_0_wr_clk/A (sky130_fd_sc_hd__clkbuf_16)
    16    0.088820    0.105109    0.162823    0.163347 ^ clkbuf_0_wr_clk/X (sky130_fd_sc_hd__clkbuf_16)
                                                         clknet_0_wr_clk (net)
                      0.105109    0.000254    0.163601 ^ clkbuf_4_15_0_wr_clk/A (sky130_fd_sc_hd__clkbuf_8)
     2    0.017792    0.047925    0.150966    0.314567 ^ clkbuf_4_15_0_wr_clk/X (sky130_fd_sc_hd__clkbuf_8)
                                                         clknet_4_15_0_wr_clk (net)
                      0.047925    0.000079    0.314646 ^ clkbuf_5_30__f_wr_clk/A (sky130_fd_sc_hd__clkbuf_16)
     5    0.012006    0.035039    0.118873    0.433519 ^ clkbuf_5_30__f_wr_clk/X (sky130_fd_sc_hd__clkbuf_16)
                                                         clknet_5_30__leaf_wr_clk (net)
                      0.035039    0.000011    0.433530 ^ _1214_/CLK (sky130_fd_sc_hd__dfrtp_2)
     1    0.002904    0.038208    0.327311    0.760841 ^ _1214_/Q (sky130_fd_sc_hd__dfrtp_2)
                                                         u_sync_r2w.sync_stage1[0] (net)
                      0.038208    0.000013    0.760854 ^ _1219_/D (sky130_fd_sc_hd__dfrtp_2)
                                              0.760854   data arrival time

                                  0.000000    0.000000   clock wr_clk (rise edge)
                                  0.000000    0.000000   clock source latency
     1    0.018723    0.000000    0.000000    0.000000 ^ wr_clk (in)
                                                         wr_clk (net)
                      0.001049    0.000525    0.000525 ^ clkbuf_0_wr_clk/A (sky130_fd_sc_hd__clkbuf_16)
    16    0.088820    0.105109    0.162823    0.163347 ^ clkbuf_0_wr_clk/X (sky130_fd_sc_hd__clkbuf_16)
                                                         clknet_0_wr_clk (net)
                      0.105109    0.000254    0.163601 ^ clkbuf_4_15_0_wr_clk/A (sky130_fd_sc_hd__clkbuf_8)
     2    0.017792    0.047925    0.150966    0.314567 ^ clkbuf_4_15_0_wr_clk/X (sky130_fd_sc_hd__clkbuf_8)
                                                         clknet_4_15_0_wr_clk (net)
                      0.047925    0.000079    0.314646 ^ clkbuf_5_30__f_wr_clk/A (sky130_fd_sc_hd__clkbuf_16)
     5    0.012006    0.035039    0.118873    0.433519 ^ clkbuf_5_30__f_wr_clk/X (sky130_fd_sc_hd__clkbuf_16)
                                                         clknet_5_30__leaf_wr_clk (net)
                      0.035039    0.000029    0.433548 ^ _1219_/CLK (sky130_fd_sc_hd__dfrtp_2)
                                  0.100000    0.533548   clock uncertainty
                                  0.000000    0.533548   clock reconvergence pessimism
                                 -0.034630    0.498918   library hold time
                                              0.498918   data required time
---------------------------------------------------------------------------------------------
                                              0.498918   data required time
                                             -0.760854   data arrival time
---------------------------------------------------------------------------------------------
                                              0.261937   slack (MET)


Startpoint: _1202_ (rising edge-triggered flip-flop clocked by rd_clk)
Endpoint: _1203_ (rising edge-triggered flip-flop clocked by rd_clk)
Path Group: rd_clk
Path Type: min

Fanout         Cap        Slew       Delay        Time   Description
---------------------------------------------------------------------------------------------
                                  0.000000    0.000000   clock rd_clk (rise edge)
                                  0.000000    0.000000   clock source latency
     1    0.011733    0.000000    0.000000    0.000000 ^ rd_clk (in)
                                                         rd_clk (net)
                      0.000281    0.000140    0.000140 ^ clkbuf_0_rd_clk/A (sky130_fd_sc_hd__clkbuf_16)
     4    0.035637    0.055921    0.123129    0.123269 ^ clkbuf_0_rd_clk/X (sky130_fd_sc_hd__clkbuf_16)
                                                         clknet_0_rd_clk (net)
                      0.055921    0.000153    0.123422 ^ clkbuf_2_3__f_rd_clk/A (sky130_fd_sc_hd__clkbuf_16)
     7    0.020291    0.042098    0.129718    0.253140 ^ clkbuf_2_3__f_rd_clk/X (sky130_fd_sc_hd__clkbuf_16)
                                                         clknet_2_3__leaf_rd_clk (net)
                      0.042098    0.000095    0.253236 ^ _1202_/CLK (sky130_fd_sc_hd__dfrtp_2)
     1    0.002724    0.038886    0.328895    0.582131 ^ _1202_/Q (sky130_fd_sc_hd__dfrtp_2)
                                                         u_rd_reset_sync.sync_ff1 (net)
                      0.038886    0.000008    0.582139 ^ _1203_/D (sky130_fd_sc_hd__dfrtp_2)
                                              0.582139   data arrival time

                                  0.000000    0.000000   clock rd_clk (rise edge)
                                  0.000000    0.000000   clock source latency
     1    0.011733    0.000000    0.000000    0.000000 ^ rd_clk (in)
                                                         rd_clk (net)
                      0.000281    0.000140    0.000140 ^ clkbuf_0_rd_clk/A (sky130_fd_sc_hd__clkbuf_16)
     4    0.035637    0.055921    0.123129    0.123269 ^ clkbuf_0_rd_clk/X (sky130_fd_sc_hd__clkbuf_16)
                                                         clknet_0_rd_clk (net)
                      0.055921    0.000153    0.123422 ^ clkbuf_2_3__f_rd_clk/A (sky130_fd_sc_hd__clkbuf_16)
     7    0.020291    0.042098    0.129718    0.253140 ^ clkbuf_2_3__f_rd_clk/X (sky130_fd_sc_hd__clkbuf_16)
                                                         clknet_2_3__leaf_rd_clk (net)
                      0.042098    0.000099    0.253239 ^ _1203_/CLK (sky130_fd_sc_hd__dfrtp_2)
                                  0.100000    0.353239   clock uncertainty
                                  0.000000    0.353239   clock reconvergence pessimism
                                 -0.033807    0.319432   library hold time
                                              0.319432   data required time
---------------------------------------------------------------------------------------------
                                              0.319432   data required time
                                             -0.582139   data arrival time
---------------------------------------------------------------------------------------------
                                              0.262707   slack (MET)


Startpoint: _1206_ (rising edge-triggered flip-flop clocked by rd_clk)
Endpoint: _1211_ (rising edge-triggered flip-flop clocked by rd_clk)
Path Group: rd_clk
Path Type: min

Fanout         Cap        Slew       Delay        Time   Description
---------------------------------------------------------------------------------------------
                                  0.000000    0.000000   clock rd_clk (rise edge)
                                  0.000000    0.000000   clock source latency
     1    0.011733    0.000000    0.000000    0.000000 ^ rd_clk (in)
                                                         rd_clk (net)
                      0.000281    0.000140    0.000140 ^ clkbuf_0_rd_clk/A (sky130_fd_sc_hd__clkbuf_16)
     4    0.035637    0.055921    0.123129    0.123269 ^ clkbuf_0_rd_clk/X (sky130_fd_sc_hd__clkbuf_16)
                                                         clknet_0_rd_clk (net)
                      0.055921    0.000117    0.123386 ^ clkbuf_2_1__f_rd_clk/A (sky130_fd_sc_hd__clkbuf_16)
     7    0.017421    0.039652    0.126989    0.250375 ^ clkbuf_2_1__f_rd_clk/X (sky130_fd_sc_hd__clkbuf_16)
                                                         clknet_2_1__leaf_rd_clk (net)
                      0.039652    0.000068    0.250443 ^ _1206_/CLK (sky130_fd_sc_hd__dfrtp_2)
     1    0.002875    0.038099    0.328864    0.579306 ^ _1206_/Q (sky130_fd_sc_hd__dfrtp_2)
                                                         u_sync_w2r.sync_stage1[2] (net)
                      0.038099    0.000014    0.579321 ^ _1211_/D (sky130_fd_sc_hd__dfrtp_2)
                                              0.579321   data arrival time

                                  0.000000    0.000000   clock rd_clk (rise edge)
                                  0.000000    0.000000   clock source latency
     1    0.011733    0.000000    0.000000    0.000000 ^ rd_clk (in)
                                                         rd_clk (net)
                      0.000281    0.000140    0.000140 ^ clkbuf_0_rd_clk/A (sky130_fd_sc_hd__clkbuf_16)
     4    0.035637    0.055921    0.123129    0.123269 ^ clkbuf_0_rd_clk/X (sky130_fd_sc_hd__clkbuf_16)
                                                         clknet_0_rd_clk (net)
                      0.055921    0.000117    0.123386 ^ clkbuf_2_1__f_rd_clk/A (sky130_fd_sc_hd__clkbuf_16)
     7    0.017421    0.039652    0.126989    0.250375 ^ clkbuf_2_1__f_rd_clk/X (sky130_fd_sc_hd__clkbuf_16)
                                                         clknet_2_1__leaf_rd_clk (net)
                      0.039652    0.000037    0.250412 ^ _1211_/CLK (sky130_fd_sc_hd__dfrtp_2)
                                  0.100000    0.350412   clock uncertainty
                                  0.000000    0.350412   clock reconvergence pessimism
                                 -0.033978    0.316434   library hold time
                                              0.316434   data required time
---------------------------------------------------------------------------------------------
                                              0.316434   data required time
                                             -0.579321   data arrival time
---------------------------------------------------------------------------------------------
                                              0.262887   slack (MET)


Startpoint: _1200_ (rising edge-triggered flip-flop clocked by wr_clk)
Endpoint: _1201_ (rising edge-triggered flip-flop clocked by wr_clk)
Path Group: wr_clk
Path Type: min

Fanout         Cap        Slew       Delay        Time   Description
---------------------------------------------------------------------------------------------
                                  0.000000    0.000000   clock wr_clk (rise edge)
                                  0.000000    0.000000   clock source latency
     1    0.018723    0.000000    0.000000    0.000000 ^ wr_clk (in)
                                                         wr_clk (net)
                      0.001049    0.000525    0.000525 ^ clkbuf_0_wr_clk/A (sky130_fd_sc_hd__clkbuf_16)
    16    0.088820    0.105109    0.162823    0.163347 ^ clkbuf_0_wr_clk/X (sky130_fd_sc_hd__clkbuf_16)
                                                         clknet_0_wr_clk (net)
                      0.105110    0.000589    0.163936 ^ clkbuf_4_10_0_wr_clk/A (sky130_fd_sc_hd__clkbuf_8)
     2    0.017560    0.047565    0.150629    0.314565 ^ clkbuf_4_10_0_wr_clk/X (sky130_fd_sc_hd__clkbuf_8)
                                                         clknet_4_10_0_wr_clk (net)
                      0.047565    0.000075    0.314640 ^ clkbuf_5_21__f_wr_clk/A (sky130_fd_sc_hd__clkbuf_16)
     6    0.016654    0.038990    0.123173    0.437812 ^ clkbuf_5_21__f_wr_clk/X (sky130_fd_sc_hd__clkbuf_16)
                                                         clknet_5_21__leaf_wr_clk (net)
                      0.038998    0.000172    0.437985 ^ _1200_/CLK (sky130_fd_sc_hd__dfrtp_2)
     1    0.003053    0.038771    0.329669    0.767654 ^ _1200_/Q (sky130_fd_sc_hd__dfrtp_2)
                                                         u_wr_reset_sync.sync_ff1 (net)
                      0.038771    0.000014    0.767668 ^ _1201_/D (sky130_fd_sc_hd__dfrtp_2)
                                              0.767668   data arrival time

                                  0.000000    0.000000   clock wr_clk (rise edge)
                                  0.000000    0.000000   clock source latency
     1    0.018723    0.000000    0.000000    0.000000 ^ wr_clk (in)
                                                         wr_clk (net)
                      0.001049    0.000525    0.000525 ^ clkbuf_0_wr_clk/A (sky130_fd_sc_hd__clkbuf_16)
    16    0.088820    0.105109    0.162823    0.163347 ^ clkbuf_0_wr_clk/X (sky130_fd_sc_hd__clkbuf_16)
                                                         clknet_0_wr_clk (net)
                      0.105110    0.000589    0.163936 ^ clkbuf_4_10_0_wr_clk/A (sky130_fd_sc_hd__clkbuf_8)
     2    0.017560    0.047565    0.150629    0.314565 ^ clkbuf_4_10_0_wr_clk/X (sky130_fd_sc_hd__clkbuf_8)
                                                         clknet_4_10_0_wr_clk (net)
                      0.047565    0.000075    0.314640 ^ clkbuf_5_21__f_wr_clk/A (sky130_fd_sc_hd__clkbuf_16)
     6    0.016654    0.038990    0.123173    0.437812 ^ clkbuf_5_21__f_wr_clk/X (sky130_fd_sc_hd__clkbuf_16)
                                                         clknet_5_21__leaf_wr_clk (net)
                      0.038998    0.000186    0.437998 ^ _1201_/CLK (sky130_fd_sc_hd__dfrtp_2)
                                  0.100000    0.537998   clock uncertainty
                                  0.000000    0.537998   clock reconvergence pessimism
                                 -0.034206    0.503792   library hold time
                                              0.503792   data required time
---------------------------------------------------------------------------------------------
                                              0.503792   data required time
                                             -0.767668   data arrival time
---------------------------------------------------------------------------------------------
                                              0.263876   slack (MET)


Startpoint: _1208_ (rising edge-triggered flip-flop clocked by rd_clk)
Endpoint: _1213_ (rising edge-triggered flip-flop clocked by rd_clk)
Path Group: rd_clk
Path Type: min

Fanout         Cap        Slew       Delay        Time   Description
---------------------------------------------------------------------------------------------
                                  0.000000    0.000000   clock rd_clk (rise edge)
                                  0.000000    0.000000   clock source latency
     1    0.011733    0.000000    0.000000    0.000000 ^ rd_clk (in)
                                                         rd_clk (net)
                      0.000281    0.000140    0.000140 ^ clkbuf_0_rd_clk/A (sky130_fd_sc_hd__clkbuf_16)
     4    0.035637    0.055921    0.123129    0.123269 ^ clkbuf_0_rd_clk/X (sky130_fd_sc_hd__clkbuf_16)
                                                         clknet_0_rd_clk (net)
                      0.055921    0.000105    0.123374 ^ clkbuf_2_0__f_rd_clk/A (sky130_fd_sc_hd__clkbuf_16)
     8    0.019761    0.041646    0.129218    0.252593 ^ clkbuf_2_0__f_rd_clk/X (sky130_fd_sc_hd__clkbuf_16)
                                                         clknet_2_0__leaf_rd_clk (net)
                      0.041646    0.000089    0.252682 ^ _1208_/CLK (sky130_fd_sc_hd__dfrtp_2)
     1    0.003107    0.039394    0.330976    0.583657 ^ _1208_/Q (sky130_fd_sc_hd__dfrtp_2)
                                                         u_sync_w2r.sync_stage1[4] (net)
                      0.039394    0.000018    0.583675 ^ _1213_/D (sky130_fd_sc_hd__dfrtp_2)
                                              0.583675   data arrival time

                                  0.000000    0.000000   clock rd_clk (rise edge)
                                  0.000000    0.000000   clock source latency
     1    0.011733    0.000000    0.000000    0.000000 ^ rd_clk (in)
                                                         rd_clk (net)
                      0.000281    0.000140    0.000140 ^ clkbuf_0_rd_clk/A (sky130_fd_sc_hd__clkbuf_16)
     4    0.035637    0.055921    0.123129    0.123269 ^ clkbuf_0_rd_clk/X (sky130_fd_sc_hd__clkbuf_16)
                                                         clknet_0_rd_clk (net)
                      0.055921    0.000153    0.123422 ^ clkbuf_2_3__f_rd_clk/A (sky130_fd_sc_hd__clkbuf_16)
     7    0.020291    0.042098    0.129718    0.253140 ^ clkbuf_2_3__f_rd_clk/X (sky130_fd_sc_hd__clkbuf_16)
                                                         clknet_2_3__leaf_rd_clk (net)
                      0.042098    0.000147    0.253287 ^ _1213_/CLK (sky130_fd_sc_hd__dfrtp_2)
                                  0.100000    0.353287   clock uncertainty
                                  0.000000    0.353287   clock reconvergence pessimism
                                 -0.033912    0.319375   library hold time
                                              0.319375   data required time
---------------------------------------------------------------------------------------------
                                              0.319375   data required time
                                             -0.583675   data arrival time
---------------------------------------------------------------------------------------------
                                              0.264300   slack (MET)


Startpoint: _1215_ (rising edge-triggered flip-flop clocked by wr_clk)
Endpoint: _1220_ (rising edge-triggered flip-flop clocked by wr_clk)
Path Group: wr_clk
Path Type: min

Fanout         Cap        Slew       Delay        Time   Description
---------------------------------------------------------------------------------------------
                                  0.000000    0.000000   clock wr_clk (rise edge)
                                  0.000000    0.000000   clock source latency
     1    0.018723    0.000000    0.000000    0.000000 ^ wr_clk (in)
                                                         wr_clk (net)
                      0.001049    0.000525    0.000525 ^ clkbuf_0_wr_clk/A (sky130_fd_sc_hd__clkbuf_16)
    16    0.088820    0.105109    0.162823    0.163347 ^ clkbuf_0_wr_clk/X (sky130_fd_sc_hd__clkbuf_16)
                                                         clknet_0_wr_clk (net)
                      0.105109    0.000078    0.163426 ^ clkbuf_4_12_0_wr_clk/A (sky130_fd_sc_hd__clkbuf_8)
     2    0.017657    0.047717    0.150765    0.314190 ^ clkbuf_4_12_0_wr_clk/X (sky130_fd_sc_hd__clkbuf_8)
                                                         clknet_4_12_0_wr_clk (net)
                      0.047717    0.000109    0.314299 ^ clkbuf_5_25__f_wr_clk/A (sky130_fd_sc_hd__clkbuf_16)
     6    0.016992    0.039285    0.123585    0.437884 ^ clkbuf_5_25__f_wr_clk/X (sky130_fd_sc_hd__clkbuf_16)
                                                         clknet_5_25__leaf_wr_clk (net)
                      0.039285    0.000033    0.437917 ^ _1215_/CLK (sky130_fd_sc_hd__dfrtp_2)
     1    0.003037    0.038706    0.329677    0.767594 ^ _1215_/Q (sky130_fd_sc_hd__dfrtp_2)
                                                         u_sync_r2w.sync_stage1[1] (net)
                      0.038706    0.000015    0.767609 ^ _1220_/D (sky130_fd_sc_hd__dfrtp_2)
                                              0.767609   data arrival time

                                  0.000000    0.000000   clock wr_clk (rise edge)
                                  0.000000    0.000000   clock source latency
     1    0.018723    0.000000    0.000000    0.000000 ^ wr_clk (in)
                                                         wr_clk (net)
                      0.001049    0.000525    0.000525 ^ clkbuf_0_wr_clk/A (sky130_fd_sc_hd__clkbuf_16)
    16    0.088820    0.105109    0.162823    0.163347 ^ clkbuf_0_wr_clk/X (sky130_fd_sc_hd__clkbuf_16)
                                                         clknet_0_wr_clk (net)
                      0.105109    0.000263    0.163610 ^ clkbuf_4_14_0_wr_clk/A (sky130_fd_sc_hd__clkbuf_8)
     2    0.017237    0.047068    0.150149    0.313759 ^ clkbuf_4_14_0_wr_clk/X (sky130_fd_sc_hd__clkbuf_8)
                                                         clknet_4_14_0_wr_clk (net)
                      0.047068    0.000066    0.313825 ^ clkbuf_5_28__f_wr_clk/A (sky130_fd_sc_hd__clkbuf_16)
     5    0.014845    0.037452    0.121288    0.435113 ^ clkbuf_5_28__f_wr_clk/X (sky130_fd_sc_hd__clkbuf_16)
                                                         clknet_5_28__leaf_wr_clk (net)
                      0.037452    0.000029    0.435141 ^ _1220_/CLK (sky130_fd_sc_hd__dfrtp_2)
                                  0.100000    0.535141   clock uncertainty
                                  0.000000    0.535141   clock reconvergence pessimism
                                 -0.034404    0.500738   library hold time
                                              0.500738   data required time
---------------------------------------------------------------------------------------------
                                              0.500738   data required time
                                             -0.767609   data arrival time
---------------------------------------------------------------------------------------------
                                              0.266872   slack (MET)


Startpoint: _1205_ (rising edge-triggered flip-flop clocked by rd_clk)
Endpoint: _1210_ (rising edge-triggered flip-flop clocked by rd_clk)
Path Group: rd_clk
Path Type: min

Fanout         Cap        Slew       Delay        Time   Description
---------------------------------------------------------------------------------------------
                                  0.000000    0.000000   clock rd_clk (rise edge)
                                  0.000000    0.000000   clock source latency
     1    0.011733    0.000000    0.000000    0.000000 ^ rd_clk (in)
                                                         rd_clk (net)
                      0.000281    0.000140    0.000140 ^ clkbuf_0_rd_clk/A (sky130_fd_sc_hd__clkbuf_16)
     4    0.035637    0.055921    0.123129    0.123269 ^ clkbuf_0_rd_clk/X (sky130_fd_sc_hd__clkbuf_16)
                                                         clknet_0_rd_clk (net)
                      0.055921    0.000117    0.123386 ^ clkbuf_2_1__f_rd_clk/A (sky130_fd_sc_hd__clkbuf_16)
     7    0.017421    0.039652    0.126989    0.250375 ^ clkbuf_2_1__f_rd_clk/X (sky130_fd_sc_hd__clkbuf_16)
                                                         clknet_2_1__leaf_rd_clk (net)
                      0.039652    0.000060    0.250435 ^ _1205_/CLK (sky130_fd_sc_hd__dfrtp_2)
     1    0.003652    0.041904    0.333427    0.583862 ^ _1205_/Q (sky130_fd_sc_hd__dfrtp_2)
                                                         u_sync_w2r.sync_stage1[1] (net)
                      0.041904    0.000029    0.583891 ^ _1210_/D (sky130_fd_sc_hd__dfrtp_2)
                                              0.583891   data arrival time

                                  0.000000    0.000000   clock rd_clk (rise edge)
                                  0.000000    0.000000   clock source latency
     1    0.011733    0.000000    0.000000    0.000000 ^ rd_clk (in)
                                                         rd_clk (net)
                      0.000281    0.000140    0.000140 ^ clkbuf_0_rd_clk/A (sky130_fd_sc_hd__clkbuf_16)
     4    0.035637    0.055921    0.123129    0.123269 ^ clkbuf_0_rd_clk/X (sky130_fd_sc_hd__clkbuf_16)
                                                         clknet_0_rd_clk (net)
                      0.055921    0.000117    0.123386 ^ clkbuf_2_1__f_rd_clk/A (sky130_fd_sc_hd__clkbuf_16)
     7    0.017421    0.039652    0.126989    0.250375 ^ clkbuf_2_1__f_rd_clk/X (sky130_fd_sc_hd__clkbuf_16)
                                                         clknet_2_1__leaf_rd_clk (net)
                      0.039652    0.000007    0.250382 ^ _1210_/CLK (sky130_fd_sc_hd__dfrtp_2)
                                  0.100000    0.350382   clock uncertainty
                                  0.000000    0.350382   clock reconvergence pessimism
                                 -0.034766    0.315616   library hold time
                                              0.315616   data required time
---------------------------------------------------------------------------------------------
                                              0.315616   data required time
                                             -0.583891   data arrival time
---------------------------------------------------------------------------------------------
                                              0.268275   slack (MET)


Startpoint: _1201_ (rising edge-triggered flip-flop clocked by wr_clk)
Endpoint: _1195_ (removal check against rising-edge clock wr_clk)
Path Group: asynchronous
Path Type: min

Fanout         Cap        Slew       Delay        Time   Description
---------------------------------------------------------------------------------------------
                                  0.000000    0.000000   clock wr_clk (rise edge)
                                  0.000000    0.000000   clock source latency
     1    0.018723    0.000000    0.000000    0.000000 ^ wr_clk (in)
                                                         wr_clk (net)
                      0.001049    0.000525    0.000525 ^ clkbuf_0_wr_clk/A (sky130_fd_sc_hd__clkbuf_16)
    16    0.088820    0.105109    0.162823    0.163347 ^ clkbuf_0_wr_clk/X (sky130_fd_sc_hd__clkbuf_16)
                                                         clknet_0_wr_clk (net)
                      0.105110    0.000589    0.163936 ^ clkbuf_4_10_0_wr_clk/A (sky130_fd_sc_hd__clkbuf_8)
     2    0.017560    0.047565    0.150629    0.314565 ^ clkbuf_4_10_0_wr_clk/X (sky130_fd_sc_hd__clkbuf_8)
                                                         clknet_4_10_0_wr_clk (net)
                      0.047565    0.000075    0.314640 ^ clkbuf_5_21__f_wr_clk/A (sky130_fd_sc_hd__clkbuf_16)
     6    0.016654    0.038990    0.123173    0.437812 ^ clkbuf_5_21__f_wr_clk/X (sky130_fd_sc_hd__clkbuf_16)
                                                         clknet_5_21__leaf_wr_clk (net)
                      0.038998    0.000186    0.437998 ^ _1201_/CLK (sky130_fd_sc_hd__dfrtp_2)
     1    0.003008    0.038599    0.329403    0.767402 ^ _1201_/Q (sky130_fd_sc_hd__dfrtp_2)
                                                         u_wr_reset_sync.sync_ff2 (net)
                      0.038599    0.000012    0.767414 ^ fanout80/A (sky130_fd_sc_hd__clkdlybuf4s25_1)
     7    0.033303    0.336695    0.450678    1.218092 ^ fanout80/X (sky130_fd_sc_hd__clkdlybuf4s25_1)
                                                         net80 (net)
                      0.336695    0.000054    1.218147 ^ _1195_/RESET_B (sky130_fd_sc_hd__dfrtp_2)
                                              1.218147   data arrival time

                                  0.000000    0.000000   clock wr_clk (rise edge)
                                  0.000000    0.000000   clock source latency
     1    0.018723    0.000000    0.000000    0.000000 ^ wr_clk (in)
                                                         wr_clk (net)
                      0.001049    0.000525    0.000525 ^ clkbuf_0_wr_clk/A (sky130_fd_sc_hd__clkbuf_16)
    16    0.088820    0.105109    0.162823    0.163347 ^ clkbuf_0_wr_clk/X (sky130_fd_sc_hd__clkbuf_16)
                                                         clknet_0_wr_clk (net)
                      0.105110    0.000589    0.163936 ^ clkbuf_4_10_0_wr_clk/A (sky130_fd_sc_hd__clkbuf_8)
     2    0.017560    0.047565    0.150629    0.314565 ^ clkbuf_4_10_0_wr_clk/X (sky130_fd_sc_hd__clkbuf_8)
                                                         clknet_4_10_0_wr_clk (net)
                      0.047565    0.000075    0.314640 ^ clkbuf_5_21__f_wr_clk/A (sky130_fd_sc_hd__clkbuf_16)
     6    0.016654    0.038990    0.123173    0.437812 ^ clkbuf_5_21__f_wr_clk/X (sky130_fd_sc_hd__clkbuf_16)
                                                         clknet_5_21__leaf_wr_clk (net)
                      0.038998    0.000192    0.438004 ^ _1195_/CLK (sky130_fd_sc_hd__dfrtp_2)
                                  0.100000    0.538004   clock uncertainty
                                  0.000000    0.538004   clock reconvergence pessimism
                                  0.398131    0.936135   library removal time
                                              0.936135   data required time
---------------------------------------------------------------------------------------------
                                              0.936135   data required time
                                             -1.218147   data arrival time
---------------------------------------------------------------------------------------------
                                              0.282012   slack (MET)


Startpoint: _1201_ (rising edge-triggered flip-flop clocked by wr_clk)
Endpoint: _1199_ (removal check against rising-edge clock wr_clk)
Path Group: asynchronous
Path Type: min

Fanout         Cap        Slew       Delay        Time   Description
---------------------------------------------------------------------------------------------
                                  0.000000    0.000000   clock wr_clk (rise edge)
                                  0.000000    0.000000   clock source latency
     1    0.018723    0.000000    0.000000    0.000000 ^ wr_clk (in)
                                                         wr_clk (net)
                      0.001049    0.000525    0.000525 ^ clkbuf_0_wr_clk/A (sky130_fd_sc_hd__clkbuf_16)
    16    0.088820    0.105109    0.162823    0.163347 ^ clkbuf_0_wr_clk/X (sky130_fd_sc_hd__clkbuf_16)
                                                         clknet_0_wr_clk (net)
                      0.105110    0.000589    0.163936 ^ clkbuf_4_10_0_wr_clk/A (sky130_fd_sc_hd__clkbuf_8)
     2    0.017560    0.047565    0.150629    0.314565 ^ clkbuf_4_10_0_wr_clk/X (sky130_fd_sc_hd__clkbuf_8)
                                                         clknet_4_10_0_wr_clk (net)
                      0.047565    0.000075    0.314640 ^ clkbuf_5_21__f_wr_clk/A (sky130_fd_sc_hd__clkbuf_16)
     6    0.016654    0.038990    0.123173    0.437812 ^ clkbuf_5_21__f_wr_clk/X (sky130_fd_sc_hd__clkbuf_16)
                                                         clknet_5_21__leaf_wr_clk (net)
                      0.038998    0.000186    0.437998 ^ _1201_/CLK (sky130_fd_sc_hd__dfrtp_2)
     1    0.003008    0.038599    0.329403    0.767402 ^ _1201_/Q (sky130_fd_sc_hd__dfrtp_2)
                                                         u_wr_reset_sync.sync_ff2 (net)
                      0.038599    0.000012    0.767414 ^ fanout80/A (sky130_fd_sc_hd__clkdlybuf4s25_1)
     7    0.033303    0.336695    0.450678    1.218092 ^ fanout80/X (sky130_fd_sc_hd__clkdlybuf4s25_1)
                                                         net80 (net)
                      0.336695    0.000281    1.218373 ^ _1199_/RESET_B (sky130_fd_sc_hd__dfrtp_2)
                                              1.218373   data arrival time

                                  0.000000    0.000000   clock wr_clk (rise edge)
                                  0.000000    0.000000   clock source latency
     1    0.018723    0.000000    0.000000    0.000000 ^ wr_clk (in)
                                                         wr_clk (net)
                      0.001049    0.000525    0.000525 ^ clkbuf_0_wr_clk/A (sky130_fd_sc_hd__clkbuf_16)
    16    0.088820    0.105109    0.162823    0.163347 ^ clkbuf_0_wr_clk/X (sky130_fd_sc_hd__clkbuf_16)
                                                         clknet_0_wr_clk (net)
                      0.105110    0.000589    0.163936 ^ clkbuf_4_10_0_wr_clk/A (sky130_fd_sc_hd__clkbuf_8)
     2    0.017560    0.047565    0.150629    0.314565 ^ clkbuf_4_10_0_wr_clk/X (sky130_fd_sc_hd__clkbuf_8)
                                                         clknet_4_10_0_wr_clk (net)
                      0.047565    0.000075    0.314640 ^ clkbuf_5_21__f_wr_clk/A (sky130_fd_sc_hd__clkbuf_16)
     6    0.016654    0.038990    0.123173    0.437812 ^ clkbuf_5_21__f_wr_clk/X (sky130_fd_sc_hd__clkbuf_16)
                                                         clknet_5_21__leaf_wr_clk (net)
                      0.038998    0.000149    0.437961 ^ _1199_/CLK (sky130_fd_sc_hd__dfrtp_2)
                                  0.100000    0.537961   clock uncertainty
                                  0.000000    0.537961   clock reconvergence pessimism
                                  0.398131    0.936092   library removal time
                                              0.936092   data required time
---------------------------------------------------------------------------------------------
                                              0.936092   data required time
                                             -1.218373   data arrival time
---------------------------------------------------------------------------------------------
                                              0.282281   slack (MET)


Startpoint: _1201_ (rising edge-triggered flip-flop clocked by wr_clk)
Endpoint: _1198_ (removal check against rising-edge clock wr_clk)
Path Group: asynchronous
Path Type: min

Fanout         Cap        Slew       Delay        Time   Description
---------------------------------------------------------------------------------------------
                                  0.000000    0.000000   clock wr_clk (rise edge)
                                  0.000000    0.000000   clock source latency
     1    0.018723    0.000000    0.000000    0.000000 ^ wr_clk (in)
                                                         wr_clk (net)
                      0.001049    0.000525    0.000525 ^ clkbuf_0_wr_clk/A (sky130_fd_sc_hd__clkbuf_16)
    16    0.088820    0.105109    0.162823    0.163347 ^ clkbuf_0_wr_clk/X (sky130_fd_sc_hd__clkbuf_16)
                                                         clknet_0_wr_clk (net)
                      0.105110    0.000589    0.163936 ^ clkbuf_4_10_0_wr_clk/A (sky130_fd_sc_hd__clkbuf_8)
     2    0.017560    0.047565    0.150629    0.314565 ^ clkbuf_4_10_0_wr_clk/X (sky130_fd_sc_hd__clkbuf_8)
                                                         clknet_4_10_0_wr_clk (net)
                      0.047565    0.000075    0.314640 ^ clkbuf_5_21__f_wr_clk/A (sky130_fd_sc_hd__clkbuf_16)
     6    0.016654    0.038990    0.123173    0.437812 ^ clkbuf_5_21__f_wr_clk/X (sky130_fd_sc_hd__clkbuf_16)
                                                         clknet_5_21__leaf_wr_clk (net)
                      0.038998    0.000186    0.437998 ^ _1201_/CLK (sky130_fd_sc_hd__dfrtp_2)
     1    0.003008    0.038599    0.329403    0.767402 ^ _1201_/Q (sky130_fd_sc_hd__dfrtp_2)
                                                         u_wr_reset_sync.sync_ff2 (net)
                      0.038599    0.000012    0.767414 ^ fanout80/A (sky130_fd_sc_hd__clkdlybuf4s25_1)
     7    0.033303    0.336695    0.450678    1.218092 ^ fanout80/X (sky130_fd_sc_hd__clkdlybuf4s25_1)
                                                         net80 (net)
                      0.336695    0.000331    1.218423 ^ _1198_/RESET_B (sky130_fd_sc_hd__dfrtp_2)
                                              1.218423   data arrival time

                                  0.000000    0.000000   clock wr_clk (rise edge)
                                  0.000000    0.000000   clock source latency
     1    0.018723    0.000000    0.000000    0.000000 ^ wr_clk (in)
                                                         wr_clk (net)
                      0.001049    0.000525    0.000525 ^ clkbuf_0_wr_clk/A (sky130_fd_sc_hd__clkbuf_16)
    16    0.088820    0.105109    0.162823    0.163347 ^ clkbuf_0_wr_clk/X (sky130_fd_sc_hd__clkbuf_16)
                                                         clknet_0_wr_clk (net)
                      0.105110    0.000589    0.163936 ^ clkbuf_4_10_0_wr_clk/A (sky130_fd_sc_hd__clkbuf_8)
     2    0.017560    0.047565    0.150629    0.314565 ^ clkbuf_4_10_0_wr_clk/X (sky130_fd_sc_hd__clkbuf_8)
                                                         clknet_4_10_0_wr_clk (net)
                      0.047565    0.000075    0.314640 ^ clkbuf_5_21__f_wr_clk/A (sky130_fd_sc_hd__clkbuf_16)
     6    0.016654    0.038990    0.123173    0.437812 ^ clkbuf_5_21__f_wr_clk/X (sky130_fd_sc_hd__clkbuf_16)
                                                         clknet_5_21__leaf_wr_clk (net)
                      0.038998    0.000136    0.437948 ^ _1198_/CLK (sky130_fd_sc_hd__dfrtp_2)
                                  0.100000    0.537948   clock uncertainty
                                  0.000000    0.537948   clock reconvergence pessimism
                                  0.398131    0.936079   library removal time
                                              0.936079   data required time
---------------------------------------------------------------------------------------------
                                              0.936079   data required time
                                             -1.218423   data arrival time
---------------------------------------------------------------------------------------------
                                              0.282344   slack (MET)


Startpoint: _1201_ (rising edge-triggered flip-flop clocked by wr_clk)
Endpoint: _1229_ (removal check against rising-edge clock wr_clk)
Path Group: asynchronous
Path Type: min

Fanout         Cap        Slew       Delay        Time   Description
---------------------------------------------------------------------------------------------
                                  0.000000    0.000000   clock wr_clk (rise edge)
                                  0.000000    0.000000   clock source latency
     1    0.018723    0.000000    0.000000    0.000000 ^ wr_clk (in)
                                                         wr_clk (net)
                      0.001049    0.000525    0.000525 ^ clkbuf_0_wr_clk/A (sky130_fd_sc_hd__clkbuf_16)
    16    0.088820    0.105109    0.162823    0.163347 ^ clkbuf_0_wr_clk/X (sky130_fd_sc_hd__clkbuf_16)
                                                         clknet_0_wr_clk (net)
                      0.105110    0.000589    0.163936 ^ clkbuf_4_10_0_wr_clk/A (sky130_fd_sc_hd__clkbuf_8)
     2    0.017560    0.047565    0.150629    0.314565 ^ clkbuf_4_10_0_wr_clk/X (sky130_fd_sc_hd__clkbuf_8)
                                                         clknet_4_10_0_wr_clk (net)
                      0.047565    0.000075    0.314640 ^ clkbuf_5_21__f_wr_clk/A (sky130_fd_sc_hd__clkbuf_16)
     6    0.016654    0.038990    0.123173    0.437812 ^ clkbuf_5_21__f_wr_clk/X (sky130_fd_sc_hd__clkbuf_16)
                                                         clknet_5_21__leaf_wr_clk (net)
                      0.038998    0.000186    0.437998 ^ _1201_/CLK (sky130_fd_sc_hd__dfrtp_2)
     1    0.003008    0.038599    0.329403    0.767402 ^ _1201_/Q (sky130_fd_sc_hd__dfrtp_2)
                                                         u_wr_reset_sync.sync_ff2 (net)
                      0.038599    0.000012    0.767414 ^ fanout80/A (sky130_fd_sc_hd__clkdlybuf4s25_1)
     7    0.033303    0.336695    0.450678    1.218092 ^ fanout80/X (sky130_fd_sc_hd__clkdlybuf4s25_1)
                                                         net80 (net)
                      0.336695    0.000555    1.218647 ^ _1229_/RESET_B (sky130_fd_sc_hd__dfrtp_2)
                                              1.218647   data arrival time

                                  0.000000    0.000000   clock wr_clk (rise edge)
                                  0.000000    0.000000   clock source latency
     1    0.018723    0.000000    0.000000    0.000000 ^ wr_clk (in)
                                                         wr_clk (net)
                      0.001049    0.000525    0.000525 ^ clkbuf_0_wr_clk/A (sky130_fd_sc_hd__clkbuf_16)
    16    0.088820    0.105109    0.162823    0.163347 ^ clkbuf_0_wr_clk/X (sky130_fd_sc_hd__clkbuf_16)
                                                         clknet_0_wr_clk (net)
                      0.105109    0.000263    0.163610 ^ clkbuf_4_14_0_wr_clk/A (sky130_fd_sc_hd__clkbuf_8)
     2    0.017237    0.047068    0.150149    0.313759 ^ clkbuf_4_14_0_wr_clk/X (sky130_fd_sc_hd__clkbuf_8)
                                                         clknet_4_14_0_wr_clk (net)
                      0.047068    0.000066    0.313825 ^ clkbuf_5_28__f_wr_clk/A (sky130_fd_sc_hd__clkbuf_16)
     5    0.014845    0.037452    0.121288    0.435113 ^ clkbuf_5_28__f_wr_clk/X (sky130_fd_sc_hd__clkbuf_16)
                                                         clknet_5_28__leaf_wr_clk (net)
                      0.037452    0.000047    0.435160 ^ _1229_/CLK (sky130_fd_sc_hd__dfrtp_2)
                                  0.100000    0.535160   clock uncertainty
                                  0.000000    0.535160   clock reconvergence pessimism
                                  0.397708    0.932868   library removal time
                                              0.932868   data required time
---------------------------------------------------------------------------------------------
                                              0.932868   data required time
                                             -1.218647   data arrival time
---------------------------------------------------------------------------------------------
                                              0.285779   slack (MET)


Startpoint: _1201_ (rising edge-triggered flip-flop clocked by wr_clk)
Endpoint: _1197_ (removal check against rising-edge clock wr_clk)
Path Group: asynchronous
Path Type: min

Fanout         Cap        Slew       Delay        Time   Description
---------------------------------------------------------------------------------------------
                                  0.000000    0.000000   clock wr_clk (rise edge)
                                  0.000000    0.000000   clock source latency
     1    0.018723    0.000000    0.000000    0.000000 ^ wr_clk (in)
                                                         wr_clk (net)
                      0.001049    0.000525    0.000525 ^ clkbuf_0_wr_clk/A (sky130_fd_sc_hd__clkbuf_16)
    16    0.088820    0.105109    0.162823    0.163347 ^ clkbuf_0_wr_clk/X (sky130_fd_sc_hd__clkbuf_16)
                                                         clknet_0_wr_clk (net)
                      0.105110    0.000589    0.163936 ^ clkbuf_4_10_0_wr_clk/A (sky130_fd_sc_hd__clkbuf_8)
     2    0.017560    0.047565    0.150629    0.314565 ^ clkbuf_4_10_0_wr_clk/X (sky130_fd_sc_hd__clkbuf_8)
                                                         clknet_4_10_0_wr_clk (net)
                      0.047565    0.000075    0.314640 ^ clkbuf_5_21__f_wr_clk/A (sky130_fd_sc_hd__clkbuf_16)
     6    0.016654    0.038990    0.123173    0.437812 ^ clkbuf_5_21__f_wr_clk/X (sky130_fd_sc_hd__clkbuf_16)
                                                         clknet_5_21__leaf_wr_clk (net)
                      0.038998    0.000186    0.437998 ^ _1201_/CLK (sky130_fd_sc_hd__dfrtp_2)
     1    0.003008    0.038599    0.329403    0.767402 ^ _1201_/Q (sky130_fd_sc_hd__dfrtp_2)
                                                         u_wr_reset_sync.sync_ff2 (net)
                      0.038599    0.000012    0.767414 ^ fanout80/A (sky130_fd_sc_hd__clkdlybuf4s25_1)
     7    0.033303    0.336695    0.450678    1.218092 ^ fanout80/X (sky130_fd_sc_hd__clkdlybuf4s25_1)
                                                         net80 (net)
                      0.336695    0.000463    1.218555 ^ _1197_/RESET_B (sky130_fd_sc_hd__dfrtp_2)
                                              1.218555   data arrival time

                                  0.000000    0.000000   clock wr_clk (rise edge)
                                  0.000000    0.000000   clock source latency
     1    0.018723    0.000000    0.000000    0.000000 ^ wr_clk (in)
                                                         wr_clk (net)
                      0.001049    0.000525    0.000525 ^ clkbuf_0_wr_clk/A (sky130_fd_sc_hd__clkbuf_16)
    16    0.088820    0.105109    0.162823    0.163347 ^ clkbuf_0_wr_clk/X (sky130_fd_sc_hd__clkbuf_16)
                                                         clknet_0_wr_clk (net)
                      0.105110    0.000589    0.163936 ^ clkbuf_4_10_0_wr_clk/A (sky130_fd_sc_hd__clkbuf_8)
     2    0.017560    0.047565    0.150629    0.314565 ^ clkbuf_4_10_0_wr_clk/X (sky130_fd_sc_hd__clkbuf_8)
                                                         clknet_4_10_0_wr_clk (net)
                      0.047565    0.000089    0.314653 ^ clkbuf_5_20__f_wr_clk/A (sky130_fd_sc_hd__clkbuf_16)
     5    0.011913    0.034960    0.118653    0.433306 ^ clkbuf_5_20__f_wr_clk/X (sky130_fd_sc_hd__clkbuf_16)
                                                         clknet_5_20__leaf_wr_clk (net)
                      0.034960    0.000012    0.433318 ^ _1197_/CLK (sky130_fd_sc_hd__dfrtp_2)
                                  0.100000    0.533318   clock uncertainty
                                  0.000000    0.533318   clock reconvergence pessimism
                                  0.397026    0.930344   library removal time
                                              0.930344   data required time
---------------------------------------------------------------------------------------------
                                              0.930344   data required time
                                             -1.218555   data arrival time
---------------------------------------------------------------------------------------------
                                              0.288210   slack (MET)


Startpoint: _1201_ (rising edge-triggered flip-flop clocked by wr_clk)
Endpoint: _1196_ (removal check against rising-edge clock wr_clk)
Path Group: asynchronous
Path Type: min

Fanout         Cap        Slew       Delay        Time   Description
---------------------------------------------------------------------------------------------
                                  0.000000    0.000000   clock wr_clk (rise edge)
                                  0.000000    0.000000   clock source latency
     1    0.018723    0.000000    0.000000    0.000000 ^ wr_clk (in)
                                                         wr_clk (net)
                      0.001049    0.000525    0.000525 ^ clkbuf_0_wr_clk/A (sky130_fd_sc_hd__clkbuf_16)
    16    0.088820    0.105109    0.162823    0.163347 ^ clkbuf_0_wr_clk/X (sky130_fd_sc_hd__clkbuf_16)
                                                         clknet_0_wr_clk (net)
                      0.105110    0.000589    0.163936 ^ clkbuf_4_10_0_wr_clk/A (sky130_fd_sc_hd__clkbuf_8)
     2    0.017560    0.047565    0.150629    0.314565 ^ clkbuf_4_10_0_wr_clk/X (sky130_fd_sc_hd__clkbuf_8)
                                                         clknet_4_10_0_wr_clk (net)
                      0.047565    0.000075    0.314640 ^ clkbuf_5_21__f_wr_clk/A (sky130_fd_sc_hd__clkbuf_16)
     6    0.016654    0.038990    0.123173    0.437812 ^ clkbuf_5_21__f_wr_clk/X (sky130_fd_sc_hd__clkbuf_16)
                                                         clknet_5_21__leaf_wr_clk (net)
                      0.038998    0.000186    0.437998 ^ _1201_/CLK (sky130_fd_sc_hd__dfrtp_2)
     1    0.003008    0.038599    0.329403    0.767402 ^ _1201_/Q (sky130_fd_sc_hd__dfrtp_2)
                                                         u_wr_reset_sync.sync_ff2 (net)
                      0.038599    0.000012    0.767414 ^ fanout80/A (sky130_fd_sc_hd__clkdlybuf4s25_1)
     7    0.033303    0.336695    0.450678    1.218092 ^ fanout80/X (sky130_fd_sc_hd__clkdlybuf4s25_1)
                                                         net80 (net)
                      0.336695    0.000487    1.218580 ^ _1196_/RESET_B (sky130_fd_sc_hd__dfrtp_2)
                                              1.218580   data arrival time

                                  0.000000    0.000000   clock wr_clk (rise edge)
                                  0.000000    0.000000   clock source latency
     1    0.018723    0.000000    0.000000    0.000000 ^ wr_clk (in)
                                                         wr_clk (net)
                      0.001049    0.000525    0.000525 ^ clkbuf_0_wr_clk/A (sky130_fd_sc_hd__clkbuf_16)
    16    0.088820    0.105109    0.162823    0.163347 ^ clkbuf_0_wr_clk/X (sky130_fd_sc_hd__clkbuf_16)
                                                         clknet_0_wr_clk (net)
                      0.105110    0.000589    0.163936 ^ clkbuf_4_10_0_wr_clk/A (sky130_fd_sc_hd__clkbuf_8)
     2    0.017560    0.047565    0.150629    0.314565 ^ clkbuf_4_10_0_wr_clk/X (sky130_fd_sc_hd__clkbuf_8)
                                                         clknet_4_10_0_wr_clk (net)
                      0.047565    0.000089    0.314653 ^ clkbuf_5_20__f_wr_clk/A (sky130_fd_sc_hd__clkbuf_16)
     5    0.011913    0.034960    0.118653    0.433306 ^ clkbuf_5_20__f_wr_clk/X (sky130_fd_sc_hd__clkbuf_16)
                                                         clknet_5_20__leaf_wr_clk (net)
                      0.034960    0.000008    0.433314 ^ _1196_/CLK (sky130_fd_sc_hd__dfrtp_2)
                                  0.100000    0.533314   clock uncertainty
                                  0.000000    0.533314   clock reconvergence pessimism
                                  0.397026    0.930340   library removal time
                                              0.930340   data required time
---------------------------------------------------------------------------------------------
                                              0.930340   data required time
                                             -1.218580   data arrival time
---------------------------------------------------------------------------------------------
                                              0.288240   slack (MET)


Startpoint: _1203_ (rising edge-triggered flip-flop clocked by rd_clk)
Endpoint: _1193_ (removal check against rising-edge clock rd_clk)
Path Group: asynchronous
Path Type: min

Fanout         Cap        Slew       Delay        Time   Description
---------------------------------------------------------------------------------------------
                                  0.000000    0.000000   clock rd_clk (rise edge)
                                  0.000000    0.000000   clock source latency
     1    0.011733    0.000000    0.000000    0.000000 ^ rd_clk (in)
                                                         rd_clk (net)
                      0.000281    0.000140    0.000140 ^ clkbuf_0_rd_clk/A (sky130_fd_sc_hd__clkbuf_16)
     4    0.035637    0.055921    0.123129    0.123269 ^ clkbuf_0_rd_clk/X (sky130_fd_sc_hd__clkbuf_16)
                                                         clknet_0_rd_clk (net)
                      0.055921    0.000153    0.123422 ^ clkbuf_2_3__f_rd_clk/A (sky130_fd_sc_hd__clkbuf_16)
     7    0.020291    0.042098    0.129718    0.253140 ^ clkbuf_2_3__f_rd_clk/X (sky130_fd_sc_hd__clkbuf_16)
                                                         clknet_2_3__leaf_rd_clk (net)
                      0.042098    0.000099    0.253239 ^ _1203_/CLK (sky130_fd_sc_hd__dfrtp_2)
     2    0.006595    0.056213    0.348068    0.601307 ^ _1203_/Q (sky130_fd_sc_hd__dfrtp_2)
                                                         u_rd_reset_sync.sync_ff2 (net)
                      0.056213    0.000013    0.601321 ^ fanout76/A (sky130_fd_sc_hd__clkdlybuf4s25_1)
     8    0.036394    0.366398    0.478048    1.079369 ^ fanout76/X (sky130_fd_sc_hd__clkdlybuf4s25_1)
                                                         net76 (net)
                      0.366398    0.000196    1.079565 ^ _1193_/RESET_B (sky130_fd_sc_hd__dfrtp_2)
                                              1.079565   data arrival time

                                  0.000000    0.000000   clock rd_clk (rise edge)
                                  0.000000    0.000000   clock source latency
     1    0.011733    0.000000    0.000000    0.000000 ^ rd_clk (in)
                                                         rd_clk (net)
                      0.000281    0.000140    0.000140 ^ clkbuf_0_rd_clk/A (sky130_fd_sc_hd__clkbuf_16)
     4    0.035637    0.055921    0.123129    0.123269 ^ clkbuf_0_rd_clk/X (sky130_fd_sc_hd__clkbuf_16)
                                                         clknet_0_rd_clk (net)
                      0.055921    0.000164    0.123433 ^ clkbuf_2_2__f_rd_clk/A (sky130_fd_sc_hd__clkbuf_16)
     8    0.023350    0.044770    0.132669    0.256103 ^ clkbuf_2_2__f_rd_clk/X (sky130_fd_sc_hd__clkbuf_16)
                                                         clknet_2_2__leaf_rd_clk (net)
                      0.044770    0.000066    0.256168 ^ _1193_/CLK (sky130_fd_sc_hd__dfrtp_2)
                                  0.100000    0.356168   clock uncertainty
                                  0.000000    0.356168   clock reconvergence pessimism
                                  0.407808    0.763976   library removal time
                                              0.763976   data required time
---------------------------------------------------------------------------------------------
                                              0.763976   data required time
                                             -1.079565   data arrival time
---------------------------------------------------------------------------------------------
                                              0.315589   slack (MET)


Startpoint: _1203_ (rising edge-triggered flip-flop clocked by rd_clk)
Endpoint: _1191_ (removal check against rising-edge clock rd_clk)
Path Group: asynchronous
Path Type: min

Fanout         Cap        Slew       Delay        Time   Description
---------------------------------------------------------------------------------------------
                                  0.000000    0.000000   clock rd_clk (rise edge)
                                  0.000000    0.000000   clock source latency
     1    0.011733    0.000000    0.000000    0.000000 ^ rd_clk (in)
                                                         rd_clk (net)
                      0.000281    0.000140    0.000140 ^ clkbuf_0_rd_clk/A (sky130_fd_sc_hd__clkbuf_16)
     4    0.035637    0.055921    0.123129    0.123269 ^ clkbuf_0_rd_clk/X (sky130_fd_sc_hd__clkbuf_16)
                                                         clknet_0_rd_clk (net)
                      0.055921    0.000153    0.123422 ^ clkbuf_2_3__f_rd_clk/A (sky130_fd_sc_hd__clkbuf_16)
     7    0.020291    0.042098    0.129718    0.253140 ^ clkbuf_2_3__f_rd_clk/X (sky130_fd_sc_hd__clkbuf_16)
                                                         clknet_2_3__leaf_rd_clk (net)
                      0.042098    0.000099    0.253239 ^ _1203_/CLK (sky130_fd_sc_hd__dfrtp_2)
     2    0.006595    0.056213    0.348068    0.601307 ^ _1203_/Q (sky130_fd_sc_hd__dfrtp_2)
                                                         u_rd_reset_sync.sync_ff2 (net)
                      0.056213    0.000013    0.601321 ^ fanout76/A (sky130_fd_sc_hd__clkdlybuf4s25_1)
     8    0.036394    0.366398    0.478048    1.079369 ^ fanout76/X (sky130_fd_sc_hd__clkdlybuf4s25_1)
                                                         net76 (net)
                      0.366398    0.000332    1.079701 ^ _1191_/RESET_B (sky130_fd_sc_hd__dfrtp_2)
                                              1.079701   data arrival time

                                  0.000000    0.000000   clock rd_clk (rise edge)
                                  0.000000    0.000000   clock source latency
     1    0.011733    0.000000    0.000000    0.000000 ^ rd_clk (in)
                                                         rd_clk (net)
                      0.000281    0.000140    0.000140 ^ clkbuf_0_rd_clk/A (sky130_fd_sc_hd__clkbuf_16)
     4    0.035637    0.055921    0.123129    0.123269 ^ clkbuf_0_rd_clk/X (sky130_fd_sc_hd__clkbuf_16)
                                                         clknet_0_rd_clk (net)
                      0.055921    0.000164    0.123433 ^ clkbuf_2_2__f_rd_clk/A (sky130_fd_sc_hd__clkbuf_16)
     8    0.023350    0.044770    0.132669    0.256103 ^ clkbuf_2_2__f_rd_clk/X (sky130_fd_sc_hd__clkbuf_16)
                                                         clknet_2_2__leaf_rd_clk (net)
                      0.044770    0.000095    0.256198 ^ _1191_/CLK (sky130_fd_sc_hd__dfrtp_2)
                                  0.100000    0.356198   clock uncertainty
                                  0.000000    0.356198   clock reconvergence pessimism
                                  0.407808    0.764006   library removal time
                                              0.764006   data required time
---------------------------------------------------------------------------------------------
                                              0.764006   data required time
                                             -1.079701   data arrival time
---------------------------------------------------------------------------------------------
                                              0.315695   slack (MET)


Startpoint: _1203_ (rising edge-triggered flip-flop clocked by rd_clk)
Endpoint: _1192_ (removal check against rising-edge clock rd_clk)
Path Group: asynchronous
Path Type: min

Fanout         Cap        Slew       Delay        Time   Description
---------------------------------------------------------------------------------------------
                                  0.000000    0.000000   clock rd_clk (rise edge)
                                  0.000000    0.000000   clock source latency
     1    0.011733    0.000000    0.000000    0.000000 ^ rd_clk (in)
                                                         rd_clk (net)
                      0.000281    0.000140    0.000140 ^ clkbuf_0_rd_clk/A (sky130_fd_sc_hd__clkbuf_16)
     4    0.035637    0.055921    0.123129    0.123269 ^ clkbuf_0_rd_clk/X (sky130_fd_sc_hd__clkbuf_16)
                                                         clknet_0_rd_clk (net)
                      0.055921    0.000153    0.123422 ^ clkbuf_2_3__f_rd_clk/A (sky130_fd_sc_hd__clkbuf_16)
     7    0.020291    0.042098    0.129718    0.253140 ^ clkbuf_2_3__f_rd_clk/X (sky130_fd_sc_hd__clkbuf_16)
                                                         clknet_2_3__leaf_rd_clk (net)
                      0.042098    0.000099    0.253239 ^ _1203_/CLK (sky130_fd_sc_hd__dfrtp_2)
     2    0.006595    0.056213    0.348068    0.601307 ^ _1203_/Q (sky130_fd_sc_hd__dfrtp_2)
                                                         u_rd_reset_sync.sync_ff2 (net)
                      0.056213    0.000013    0.601321 ^ fanout76/A (sky130_fd_sc_hd__clkdlybuf4s25_1)
     8    0.036394    0.366398    0.478048    1.079369 ^ fanout76/X (sky130_fd_sc_hd__clkdlybuf4s25_1)
                                                         net76 (net)
                      0.366398    0.000361    1.079729 ^ _1192_/RESET_B (sky130_fd_sc_hd__dfrtp_2)
                                              1.079729   data arrival time

                                  0.000000    0.000000   clock rd_clk (rise edge)
                                  0.000000    0.000000   clock source latency
     1    0.011733    0.000000    0.000000    0.000000 ^ rd_clk (in)
                                                         rd_clk (net)
                      0.000281    0.000140    0.000140 ^ clkbuf_0_rd_clk/A (sky130_fd_sc_hd__clkbuf_16)
     4    0.035637    0.055921    0.123129    0.123269 ^ clkbuf_0_rd_clk/X (sky130_fd_sc_hd__clkbuf_16)
                                                         clknet_0_rd_clk (net)
                      0.055921    0.000164    0.123433 ^ clkbuf_2_2__f_rd_clk/A (sky130_fd_sc_hd__clkbuf_16)
     8    0.023350    0.044770    0.132669    0.256103 ^ clkbuf_2_2__f_rd_clk/X (sky130_fd_sc_hd__clkbuf_16)
                                                         clknet_2_2__leaf_rd_clk (net)
                      0.044770    0.000090    0.256193 ^ _1192_/CLK (sky130_fd_sc_hd__dfrtp_2)
                                  0.100000    0.356193   clock uncertainty
                                  0.000000    0.356193   clock reconvergence pessimism
                                  0.407808    0.764000   library removal time
                                              0.764000   data required time
---------------------------------------------------------------------------------------------
                                              0.764000   data required time
                                             -1.079729   data arrival time
---------------------------------------------------------------------------------------------
                                              0.315729   slack (MET)


Startpoint: _1203_ (rising edge-triggered flip-flop clocked by rd_clk)
Endpoint: _1239_ (removal check against rising-edge clock rd_clk)
Path Group: asynchronous
Path Type: min

Fanout         Cap        Slew       Delay        Time   Description
---------------------------------------------------------------------------------------------
                                  0.000000    0.000000   clock rd_clk (rise edge)
                                  0.000000    0.000000   clock source latency
     1    0.011733    0.000000    0.000000    0.000000 ^ rd_clk (in)
                                                         rd_clk (net)
                      0.000281    0.000140    0.000140 ^ clkbuf_0_rd_clk/A (sky130_fd_sc_hd__clkbuf_16)
     4    0.035637    0.055921    0.123129    0.123269 ^ clkbuf_0_rd_clk/X (sky130_fd_sc_hd__clkbuf_16)
                                                         clknet_0_rd_clk (net)
                      0.055921    0.000153    0.123422 ^ clkbuf_2_3__f_rd_clk/A (sky130_fd_sc_hd__clkbuf_16)
     7    0.020291    0.042098    0.129718    0.253140 ^ clkbuf_2_3__f_rd_clk/X (sky130_fd_sc_hd__clkbuf_16)
                                                         clknet_2_3__leaf_rd_clk (net)
                      0.042098    0.000099    0.253239 ^ _1203_/CLK (sky130_fd_sc_hd__dfrtp_2)
     2    0.006595    0.056213    0.348068    0.601307 ^ _1203_/Q (sky130_fd_sc_hd__dfrtp_2)
                                                         u_rd_reset_sync.sync_ff2 (net)
                      0.056213    0.000013    0.601321 ^ fanout76/A (sky130_fd_sc_hd__clkdlybuf4s25_1)
     8    0.036394    0.366398    0.478048    1.079369 ^ fanout76/X (sky130_fd_sc_hd__clkdlybuf4s25_1)
                                                         net76 (net)
                      0.366398    0.000380    1.079749 ^ _1239_/RESET_B (sky130_fd_sc_hd__dfrtp_2)
                                              1.079749   data arrival time

                                  0.000000    0.000000   clock rd_clk (rise edge)
                                  0.000000    0.000000   clock source latency
     1    0.011733    0.000000    0.000000    0.000000 ^ rd_clk (in)
                                                         rd_clk (net)
                      0.000281    0.000140    0.000140 ^ clkbuf_0_rd_clk/A (sky130_fd_sc_hd__clkbuf_16)
     4    0.035637    0.055921    0.123129    0.123269 ^ clkbuf_0_rd_clk/X (sky130_fd_sc_hd__clkbuf_16)
                                                         clknet_0_rd_clk (net)
                      0.055921    0.000164    0.123433 ^ clkbuf_2_2__f_rd_clk/A (sky130_fd_sc_hd__clkbuf_16)
     8    0.023350    0.044770    0.132669    0.256103 ^ clkbuf_2_2__f_rd_clk/X (sky130_fd_sc_hd__clkbuf_16)
                                                         clknet_2_2__leaf_rd_clk (net)
                      0.044770    0.000078    0.256181 ^ _1239_/CLK (sky130_fd_sc_hd__dfrtp_2)
                                  0.100000    0.356181   clock uncertainty
                                  0.000000    0.356181   clock reconvergence pessimism
                                  0.407808    0.763989   library removal time
                                              0.763989   data required time
---------------------------------------------------------------------------------------------
                                              0.763989   data required time
                                             -1.079749   data arrival time
---------------------------------------------------------------------------------------------
                                              0.315760   slack (MET)


Startpoint: _1203_ (rising edge-triggered flip-flop clocked by rd_clk)
Endpoint: _1240_ (removal check against rising-edge clock rd_clk)
Path Group: asynchronous
Path Type: min

Fanout         Cap        Slew       Delay        Time   Description
---------------------------------------------------------------------------------------------
                                  0.000000    0.000000   clock rd_clk (rise edge)
                                  0.000000    0.000000   clock source latency
     1    0.011733    0.000000    0.000000    0.000000 ^ rd_clk (in)
                                                         rd_clk (net)
                      0.000281    0.000140    0.000140 ^ clkbuf_0_rd_clk/A (sky130_fd_sc_hd__clkbuf_16)
     4    0.035637    0.055921    0.123129    0.123269 ^ clkbuf_0_rd_clk/X (sky130_fd_sc_hd__clkbuf_16)
                                                         clknet_0_rd_clk (net)
                      0.055921    0.000153    0.123422 ^ clkbuf_2_3__f_rd_clk/A (sky130_fd_sc_hd__clkbuf_16)
     7    0.020291    0.042098    0.129718    0.253140 ^ clkbuf_2_3__f_rd_clk/X (sky130_fd_sc_hd__clkbuf_16)
                                                         clknet_2_3__leaf_rd_clk (net)
                      0.042098    0.000099    0.253239 ^ _1203_/CLK (sky130_fd_sc_hd__dfrtp_2)
     2    0.006595    0.056213    0.348068    0.601307 ^ _1203_/Q (sky130_fd_sc_hd__dfrtp_2)
                                                         u_rd_reset_sync.sync_ff2 (net)
                      0.056213    0.000013    0.601321 ^ fanout76/A (sky130_fd_sc_hd__clkdlybuf4s25_1)
     8    0.036394    0.366398    0.478048    1.079369 ^ fanout76/X (sky130_fd_sc_hd__clkdlybuf4s25_1)
                                                         net76 (net)
                      0.366398    0.000416    1.079785 ^ _1240_/RESET_B (sky130_fd_sc_hd__dfrtp_2)
                                              1.079785   data arrival time

                                  0.000000    0.000000   clock rd_clk (rise edge)
                                  0.000000    0.000000   clock source latency
     1    0.011733    0.000000    0.000000    0.000000 ^ rd_clk (in)
                                                         rd_clk (net)
                      0.000281    0.000140    0.000140 ^ clkbuf_0_rd_clk/A (sky130_fd_sc_hd__clkbuf_16)
     4    0.035637    0.055921    0.123129    0.123269 ^ clkbuf_0_rd_clk/X (sky130_fd_sc_hd__clkbuf_16)
                                                         clknet_0_rd_clk (net)
                      0.055921    0.000164    0.123433 ^ clkbuf_2_2__f_rd_clk/A (sky130_fd_sc_hd__clkbuf_16)
     8    0.023350    0.044770    0.132669    0.256103 ^ clkbuf_2_2__f_rd_clk/X (sky130_fd_sc_hd__clkbuf_16)
                                                         clknet_2_2__leaf_rd_clk (net)
                      0.044770    0.000057    0.256160 ^ _1240_/CLK (sky130_fd_sc_hd__dfrtp_2)
                                  0.100000    0.356160   clock uncertainty
                                  0.000000    0.356160   clock reconvergence pessimism
                                  0.407808    0.763968   library removal time
                                              0.763968   data required time
---------------------------------------------------------------------------------------------
                                              0.763968   data required time
                                             -1.079785   data arrival time
---------------------------------------------------------------------------------------------
                                              0.315817   slack (MET)


Startpoint: _1203_ (rising edge-triggered flip-flop clocked by rd_clk)
Endpoint: _1194_ (removal check against rising-edge clock rd_clk)
Path Group: asynchronous
Path Type: min

Fanout         Cap        Slew       Delay        Time   Description
---------------------------------------------------------------------------------------------
                                  0.000000    0.000000   clock rd_clk (rise edge)
                                  0.000000    0.000000   clock source latency
     1    0.011733    0.000000    0.000000    0.000000 ^ rd_clk (in)
                                                         rd_clk (net)
                      0.000281    0.000140    0.000140 ^ clkbuf_0_rd_clk/A (sky130_fd_sc_hd__clkbuf_16)
     4    0.035637    0.055921    0.123129    0.123269 ^ clkbuf_0_rd_clk/X (sky130_fd_sc_hd__clkbuf_16)
                                                         clknet_0_rd_clk (net)
                      0.055921    0.000153    0.123422 ^ clkbuf_2_3__f_rd_clk/A (sky130_fd_sc_hd__clkbuf_16)
     7    0.020291    0.042098    0.129718    0.253140 ^ clkbuf_2_3__f_rd_clk/X (sky130_fd_sc_hd__clkbuf_16)
                                                         clknet_2_3__leaf_rd_clk (net)
                      0.042098    0.000099    0.253239 ^ _1203_/CLK (sky130_fd_sc_hd__dfrtp_2)
     2    0.006595    0.056213    0.348068    0.601307 ^ _1203_/Q (sky130_fd_sc_hd__dfrtp_2)
                                                         u_rd_reset_sync.sync_ff2 (net)
                      0.056213    0.000013    0.601321 ^ fanout76/A (sky130_fd_sc_hd__clkdlybuf4s25_1)
     8    0.036394    0.366398    0.478048    1.079369 ^ fanout76/X (sky130_fd_sc_hd__clkdlybuf4s25_1)
                                                         net76 (net)
                      0.366398    0.000116    1.079485 ^ _1194_/RESET_B (sky130_fd_sc_hd__dfrtp_2)
                                              1.079485   data arrival time

                                  0.000000    0.000000   clock rd_clk (rise edge)
                                  0.000000    0.000000   clock source latency
     1    0.011733    0.000000    0.000000    0.000000 ^ rd_clk (in)
                                                         rd_clk (net)
                      0.000281    0.000140    0.000140 ^ clkbuf_0_rd_clk/A (sky130_fd_sc_hd__clkbuf_16)
     4    0.035637    0.055921    0.123129    0.123269 ^ clkbuf_0_rd_clk/X (sky130_fd_sc_hd__clkbuf_16)
                                                         clknet_0_rd_clk (net)
                      0.055921    0.000153    0.123422 ^ clkbuf_2_3__f_rd_clk/A (sky130_fd_sc_hd__clkbuf_16)
     7    0.020291    0.042098    0.129718    0.253140 ^ clkbuf_2_3__f_rd_clk/X (sky130_fd_sc_hd__clkbuf_16)
                                                         clknet_2_3__leaf_rd_clk (net)
                      0.042098    0.000079    0.253219 ^ _1194_/CLK (sky130_fd_sc_hd__dfrtp_2)
                                  0.100000    0.353219   clock uncertainty
                                  0.000000    0.353219   clock reconvergence pessimism
                                  0.407077    0.760296   library removal time
                                              0.760296   data required time
---------------------------------------------------------------------------------------------
                                              0.760296   data required time
                                             -1.079485   data arrival time
---------------------------------------------------------------------------------------------
                                              0.319189   slack (MET)


Startpoint: _1078_ (rising edge-triggered flip-flop clocked by wr_clk)
Endpoint: _1078_ (rising edge-triggered flip-flop clocked by wr_clk)
Path Group: wr_clk
Path Type: min

Fanout         Cap        Slew       Delay        Time   Description
---------------------------------------------------------------------------------------------
                                  0.000000    0.000000   clock wr_clk (rise edge)
                                  0.000000    0.000000   clock source latency
     1    0.018723    0.000000    0.000000    0.000000 ^ wr_clk (in)
                                                         wr_clk (net)
                      0.001049    0.000525    0.000525 ^ clkbuf_0_wr_clk/A (sky130_fd_sc_hd__clkbuf_16)
    16    0.088820    0.105109    0.162823    0.163347 ^ clkbuf_0_wr_clk/X (sky130_fd_sc_hd__clkbuf_16)
                                                         clknet_0_wr_clk (net)
                      0.105116    0.001008    0.164356 ^ clkbuf_4_5_0_wr_clk/A (sky130_fd_sc_hd__clkbuf_8)
     2    0.017481    0.047457    0.150476    0.314831 ^ clkbuf_4_5_0_wr_clk/X (sky130_fd_sc_hd__clkbuf_8)
                                                         clknet_4_5_0_wr_clk (net)
                      0.047457    0.000142    0.314974 ^ clkbuf_5_10__f_wr_clk/A (sky130_fd_sc_hd__clkbuf_16)
     5    0.012950    0.035845    0.119583    0.434557 ^ clkbuf_5_10__f_wr_clk/X (sky130_fd_sc_hd__clkbuf_16)
                                                         clknet_5_10__leaf_wr_clk (net)
                      0.035845    0.000134    0.434691 ^ _1078_/CLK (sky130_fd_sc_hd__dfxtp_2)
     2    0.004100    0.036622    0.306299    0.740990 ^ _1078_/Q (sky130_fd_sc_hd__dfxtp_2)
                                                         u_fifomem.mem[11][0] (net)
                      0.036622    0.000006    0.740996 ^ _0820_/A1 (sky130_fd_sc_hd__mux2_2)
     1    0.002346    0.035070    0.127597    0.868593 ^ _0820_/X (sky130_fd_sc_hd__mux2_2)
                                                         _0386_ (net)
                      0.035070    0.000001    0.868594 ^ _0821_/A (sky130_fd_sc_hd__buf_1)
     1    0.001889    0.035456    0.069697    0.938291 ^ _0821_/X (sky130_fd_sc_hd__buf_1)
                                                         _0018_ (net)
                      0.035456    0.000002    0.938293 ^ _1078_/D (sky130_fd_sc_hd__dfxtp_2)
                                              0.938293   data arrival time

                                  0.000000    0.000000   clock wr_clk (rise edge)
                                  0.000000    0.000000   clock source latency
     1    0.018723    0.000000    0.000000    0.000000 ^ wr_clk (in)
                                                         wr_clk (net)
                      0.001049    0.000525    0.000525 ^ clkbuf_0_wr_clk/A (sky130_fd_sc_hd__clkbuf_16)
    16    0.088820    0.105109    0.162823    0.163347 ^ clkbuf_0_wr_clk/X (sky130_fd_sc_hd__clkbuf_16)
                                                         clknet_0_wr_clk (net)
                      0.105116    0.001008    0.164356 ^ clkbuf_4_5_0_wr_clk/A (sky130_fd_sc_hd__clkbuf_8)
     2    0.017481    0.047457    0.150476    0.314831 ^ clkbuf_4_5_0_wr_clk/X (sky130_fd_sc_hd__clkbuf_8)
                                                         clknet_4_5_0_wr_clk (net)
                      0.047457    0.000142    0.314974 ^ clkbuf_5_10__f_wr_clk/A (sky130_fd_sc_hd__clkbuf_16)
     5    0.012950    0.035845    0.119583    0.434557 ^ clkbuf_5_10__f_wr_clk/X (sky130_fd_sc_hd__clkbuf_16)
                                                         clknet_5_10__leaf_wr_clk (net)
                      0.035845    0.000134    0.434691 ^ _1078_/CLK (sky130_fd_sc_hd__dfxtp_2)
                                  0.100000    0.534691   clock uncertainty
                                  0.000000    0.534691   clock reconvergence pessimism
                                 -0.030416    0.504275   library hold time
                                              0.504275   data required time
---------------------------------------------------------------------------------------------
                                              0.504275   data required time
                                             -0.938293   data arrival time
---------------------------------------------------------------------------------------------
                                              0.434019   slack (MET)


Startpoint: _1117_ (rising edge-triggered flip-flop clocked by wr_clk)
Endpoint: _1117_ (rising edge-triggered flip-flop clocked by wr_clk)
Path Group: wr_clk
Path Type: min

Fanout         Cap        Slew       Delay        Time   Description
---------------------------------------------------------------------------------------------
                                  0.000000    0.000000   clock wr_clk (rise edge)
                                  0.000000    0.000000   clock source latency
     1    0.018723    0.000000    0.000000    0.000000 ^ wr_clk (in)
                                                         wr_clk (net)
                      0.001049    0.000525    0.000525 ^ clkbuf_0_wr_clk/A (sky130_fd_sc_hd__clkbuf_16)
    16    0.088820    0.105109    0.162823    0.163347 ^ clkbuf_0_wr_clk/X (sky130_fd_sc_hd__clkbuf_16)
                                                         clknet_0_wr_clk (net)
                      0.105117    0.001038    0.164385 ^ clkbuf_4_4_0_wr_clk/A (sky130_fd_sc_hd__clkbuf_8)
     2    0.017475    0.047432    0.150512    0.314897 ^ clkbuf_4_4_0_wr_clk/X (sky130_fd_sc_hd__clkbuf_8)
                                                         clknet_4_4_0_wr_clk (net)
                      0.047432    0.000074    0.314970 ^ clkbuf_5_8__f_wr_clk/A (sky130_fd_sc_hd__clkbuf_16)
     5    0.011925    0.034971    0.118611    0.433581 ^ clkbuf_5_8__f_wr_clk/X (sky130_fd_sc_hd__clkbuf_16)
                                                         clknet_5_8__leaf_wr_clk (net)
                      0.034971    0.000004    0.433585 ^ _1117_/CLK (sky130_fd_sc_hd__dfxtp_2)
     2    0.004034    0.036338    0.305672    0.739257 ^ _1117_/Q (sky130_fd_sc_hd__dfxtp_2)
                                                         u_fifomem.mem[15][7] (net)
                      0.036338    0.000003    0.739260 ^ _0905_/A1 (sky130_fd_sc_hd__mux2_2)
     1    0.002274    0.035154    0.127075    0.866336 ^ _0905_/X (sky130_fd_sc_hd__mux2_2)
                                                         _0432_ (net)
                      0.035154    0.000000    0.866336 ^ _0906_/A (sky130_fd_sc_hd__buf_1)
     1    0.002064    0.037423    0.071169    0.937506 ^ _0906_/X (sky130_fd_sc_hd__buf_1)
                                                         _0057_ (net)
                      0.037423    0.000004    0.937510 ^ _1117_/D (sky130_fd_sc_hd__dfxtp_2)
                                              0.937510   data arrival time

                                  0.000000    0.000000   clock wr_clk (rise edge)
                                  0.000000    0.000000   clock source latency
     1    0.018723    0.000000    0.000000    0.000000 ^ wr_clk (in)
                                                         wr_clk (net)
                      0.001049    0.000525    0.000525 ^ clkbuf_0_wr_clk/A (sky130_fd_sc_hd__clkbuf_16)
    16    0.088820    0.105109    0.162823    0.163347 ^ clkbuf_0_wr_clk/X (sky130_fd_sc_hd__clkbuf_16)
                                                         clknet_0_wr_clk (net)
                      0.105117    0.001038    0.164385 ^ clkbuf_4_4_0_wr_clk/A (sky130_fd_sc_hd__clkbuf_8)
     2    0.017475    0.047432    0.150512    0.314897 ^ clkbuf_4_4_0_wr_clk/X (sky130_fd_sc_hd__clkbuf_8)
                                                         clknet_4_4_0_wr_clk (net)
                      0.047432    0.000074    0.314970 ^ clkbuf_5_8__f_wr_clk/A (sky130_fd_sc_hd__clkbuf_16)
     5    0.011925    0.034971    0.118611    0.433581 ^ clkbuf_5_8__f_wr_clk/X (sky130_fd_sc_hd__clkbuf_16)
                                                         clknet_5_8__leaf_wr_clk (net)
                      0.034971    0.000004    0.433585 ^ _1117_/CLK (sky130_fd_sc_hd__dfxtp_2)
                                  0.100000    0.533585   clock uncertainty
                                  0.000000    0.533585   clock reconvergence pessimism
                                 -0.030939    0.502647   library hold time
                                              0.502647   data required time
---------------------------------------------------------------------------------------------
                                              0.502647   data required time
                                             -0.937510   data arrival time
---------------------------------------------------------------------------------------------
                                              0.434863   slack (MET)


Startpoint: _1174_ (rising edge-triggered flip-flop clocked by wr_clk)
Endpoint: _1174_ (rising edge-triggered flip-flop clocked by wr_clk)
Path Group: wr_clk
Path Type: min

Fanout         Cap        Slew       Delay        Time   Description
---------------------------------------------------------------------------------------------
                                  0.000000    0.000000   clock wr_clk (rise edge)
                                  0.000000    0.000000   clock source latency
     1    0.018723    0.000000    0.000000    0.000000 ^ wr_clk (in)
                                                         wr_clk (net)
                      0.001049    0.000525    0.000525 ^ clkbuf_0_wr_clk/A (sky130_fd_sc_hd__clkbuf_16)
    16    0.088820    0.105109    0.162823    0.163347 ^ clkbuf_0_wr_clk/X (sky130_fd_sc_hd__clkbuf_16)
                                                         clknet_0_wr_clk (net)
                      0.105117    0.001038    0.164385 ^ clkbuf_4_4_0_wr_clk/A (sky130_fd_sc_hd__clkbuf_8)
     2    0.017475    0.047432    0.150512    0.314897 ^ clkbuf_4_4_0_wr_clk/X (sky130_fd_sc_hd__clkbuf_8)
                                                         clknet_4_4_0_wr_clk (net)
                      0.047432    0.000064    0.314960 ^ clkbuf_5_9__f_wr_clk/A (sky130_fd_sc_hd__clkbuf_16)
     5    0.012867    0.035772    0.119520    0.434480 ^ clkbuf_5_9__f_wr_clk/X (sky130_fd_sc_hd__clkbuf_16)
                                                         clknet_5_9__leaf_wr_clk (net)
                      0.035772    0.000020    0.434500 ^ _1174_/CLK (sky130_fd_sc_hd__dfxtp_2)
     2    0.004478    0.038313    0.307805    0.742305 ^ _1174_/Q (sky130_fd_sc_hd__dfxtp_2)
                                                         u_fifomem.mem[8][0] (net)
                      0.038313    0.000009    0.742313 ^ _1029_/A0 (sky130_fd_sc_hd__mux2_2)
     1    0.002314    0.034878    0.127350    0.869663 ^ _1029_/X (sky130_fd_sc_hd__mux2_2)
                                                         _0499_ (net)
                      0.034878    0.000001    0.869664 ^ _1030_/A (sky130_fd_sc_hd__buf_1)
     1    0.001893    0.035506    0.069667    0.939331 ^ _1030_/X (sky130_fd_sc_hd__buf_1)
                                                         _0114_ (net)
                      0.035506    0.000003    0.939333 ^ _1174_/D (sky130_fd_sc_hd__dfxtp_2)
                                              0.939333   data arrival time

                                  0.000000    0.000000   clock wr_clk (rise edge)
                                  0.000000    0.000000   clock source latency
     1    0.018723    0.000000    0.000000    0.000000 ^ wr_clk (in)
                                                         wr_clk (net)
                      0.001049    0.000525    0.000525 ^ clkbuf_0_wr_clk/A (sky130_fd_sc_hd__clkbuf_16)
    16    0.088820    0.105109    0.162823    0.163347 ^ clkbuf_0_wr_clk/X (sky130_fd_sc_hd__clkbuf_16)
                                                         clknet_0_wr_clk (net)
                      0.105117    0.001038    0.164385 ^ clkbuf_4_4_0_wr_clk/A (sky130_fd_sc_hd__clkbuf_8)
     2    0.017475    0.047432    0.150512    0.314897 ^ clkbuf_4_4_0_wr_clk/X (sky130_fd_sc_hd__clkbuf_8)
                                                         clknet_4_4_0_wr_clk (net)
                      0.047432    0.000064    0.314960 ^ clkbuf_5_9__f_wr_clk/A (sky130_fd_sc_hd__clkbuf_16)
     5    0.012867    0.035772    0.119520    0.434480 ^ clkbuf_5_9__f_wr_clk/X (sky130_fd_sc_hd__clkbuf_16)
                                                         clknet_5_9__leaf_wr_clk (net)
                      0.035772    0.000020    0.434500 ^ _1174_/CLK (sky130_fd_sc_hd__dfxtp_2)
                                  0.100000    0.534500   clock uncertainty
                                  0.000000    0.534500   clock reconvergence pessimism
                                 -0.030436    0.504064   library hold time
                                              0.504064   data required time
---------------------------------------------------------------------------------------------
                                              0.504064   data required time
                                             -0.939333   data arrival time
---------------------------------------------------------------------------------------------
                                              0.435269   slack (MET)


Startpoint: _1180_ (rising edge-triggered flip-flop clocked by wr_clk)
Endpoint: _1180_ (rising edge-triggered flip-flop clocked by wr_clk)
Path Group: wr_clk
Path Type: min

Fanout         Cap        Slew       Delay        Time   Description
---------------------------------------------------------------------------------------------
                                  0.000000    0.000000   clock wr_clk (rise edge)
                                  0.000000    0.000000   clock source latency
     1    0.018723    0.000000    0.000000    0.000000 ^ wr_clk (in)
                                                         wr_clk (net)
                      0.001049    0.000525    0.000525 ^ clkbuf_0_wr_clk/A (sky130_fd_sc_hd__clkbuf_16)
    16    0.088820    0.105109    0.162823    0.163347 ^ clkbuf_0_wr_clk/X (sky130_fd_sc_hd__clkbuf_16)
                                                         clknet_0_wr_clk (net)
                      0.105109    0.000094    0.163442 ^ clkbuf_4_13_0_wr_clk/A (sky130_fd_sc_hd__clkbuf_8)
     2    0.017714    0.047814    0.150829    0.314271 ^ clkbuf_4_13_0_wr_clk/X (sky130_fd_sc_hd__clkbuf_8)
                                                         clknet_4_13_0_wr_clk (net)
                      0.047814    0.000163    0.314434 ^ clkbuf_5_27__f_wr_clk/A (sky130_fd_sc_hd__clkbuf_16)
     5    0.013803    0.036570    0.120532    0.434966 ^ clkbuf_5_27__f_wr_clk/X (sky130_fd_sc_hd__clkbuf_16)
                                                         clknet_5_27__leaf_wr_clk (net)
                      0.036570    0.000115    0.435081 ^ _1180_/CLK (sky130_fd_sc_hd__dfxtp_2)
     2    0.004345    0.037707    0.307601    0.742682 ^ _1180_/Q (sky130_fd_sc_hd__dfxtp_2)
                                                         u_fifomem.mem[8][6] (net)
                      0.037707    0.000008    0.742690 ^ _1041_/A0 (sky130_fd_sc_hd__mux2_2)
     1    0.002314    0.035350    0.127138    0.869829 ^ _1041_/X (sky130_fd_sc_hd__mux2_2)
                                                         _0505_ (net)
                      0.035350    0.000001    0.869830 ^ _1042_/A (sky130_fd_sc_hd__buf_1)
     1    0.001952    0.036172    0.070319    0.940148 ^ _1042_/X (sky130_fd_sc_hd__buf_1)
                                                         _0120_ (net)
                      0.036172    0.000003    0.940151 ^ _1180_/D (sky130_fd_sc_hd__dfxtp_2)
                                              0.940151   data arrival time

                                  0.000000    0.000000   clock wr_clk (rise edge)
                                  0.000000    0.000000   clock source latency
     1    0.018723    0.000000    0.000000    0.000000 ^ wr_clk (in)
                                                         wr_clk (net)
                      0.001049    0.000525    0.000525 ^ clkbuf_0_wr_clk/A (sky130_fd_sc_hd__clkbuf_16)
    16    0.088820    0.105109    0.162823    0.163347 ^ clkbuf_0_wr_clk/X (sky130_fd_sc_hd__clkbuf_16)
                                                         clknet_0_wr_clk (net)
                      0.105109    0.000094    0.163442 ^ clkbuf_4_13_0_wr_clk/A (sky130_fd_sc_hd__clkbuf_8)
     2    0.017714    0.047814    0.150829    0.314271 ^ clkbuf_4_13_0_wr_clk/X (sky130_fd_sc_hd__clkbuf_8)
                                                         clknet_4_13_0_wr_clk (net)
                      0.047814    0.000163    0.314434 ^ clkbuf_5_27__f_wr_clk/A (sky130_fd_sc_hd__clkbuf_16)
     5    0.013803    0.036570    0.120532    0.434966 ^ clkbuf_5_27__f_wr_clk/X (sky130_fd_sc_hd__clkbuf_16)
                                                         clknet_5_27__leaf_wr_clk (net)
                      0.036570    0.000115    0.435081 ^ _1180_/CLK (sky130_fd_sc_hd__dfxtp_2)
                                  0.100000    0.535081   clock uncertainty
                                  0.000000    0.535081   clock reconvergence pessimism
                                 -0.030469    0.504612   library hold time
                                              0.504612   data required time
---------------------------------------------------------------------------------------------
                                              0.504612   data required time
                                             -0.940151   data arrival time
---------------------------------------------------------------------------------------------
                                              0.435539   slack (MET)


Startpoint: _1080_ (rising edge-triggered flip-flop clocked by wr_clk)
Endpoint: _1080_ (rising edge-triggered flip-flop clocked by wr_clk)
Path Group: wr_clk
Path Type: min

Fanout         Cap        Slew       Delay        Time   Description
---------------------------------------------------------------------------------------------
                                  0.000000    0.000000   clock wr_clk (rise edge)
                                  0.000000    0.000000   clock source latency
     1    0.018723    0.000000    0.000000    0.000000 ^ wr_clk (in)
                                                         wr_clk (net)
                      0.001049    0.000525    0.000525 ^ clkbuf_0_wr_clk/A (sky130_fd_sc_hd__clkbuf_16)
    16    0.088820    0.105109    0.162823    0.163347 ^ clkbuf_0_wr_clk/X (sky130_fd_sc_hd__clkbuf_16)
                                                         clknet_0_wr_clk (net)
                      0.105117    0.001038    0.164385 ^ clkbuf_4_4_0_wr_clk/A (sky130_fd_sc_hd__clkbuf_8)
     2    0.017475    0.047432    0.150512    0.314897 ^ clkbuf_4_4_0_wr_clk/X (sky130_fd_sc_hd__clkbuf_8)
                                                         clknet_4_4_0_wr_clk (net)
                      0.047432    0.000064    0.314960 ^ clkbuf_5_9__f_wr_clk/A (sky130_fd_sc_hd__clkbuf_16)
     5    0.012867    0.035772    0.119520    0.434480 ^ clkbuf_5_9__f_wr_clk/X (sky130_fd_sc_hd__clkbuf_16)
                                                         clknet_5_9__leaf_wr_clk (net)
                      0.035772    0.000036    0.434517 ^ _1080_/CLK (sky130_fd_sc_hd__dfxtp_2)
     2    0.004601    0.038870    0.308266    0.742783 ^ _1080_/Q (sky130_fd_sc_hd__dfxtp_2)
                                                         u_fifomem.mem[11][2] (net)
                      0.038870    0.000003    0.742786 ^ _0824_/A1 (sky130_fd_sc_hd__mux2_2)
     1    0.002274    0.034718    0.127927    0.870713 ^ _0824_/X (sky130_fd_sc_hd__mux2_2)
                                                         _0388_ (net)
                      0.034718    0.000000    0.870714 ^ _0825_/A (sky130_fd_sc_hd__buf_1)
     1    0.001893    0.035506    0.069611    0.940325 ^ _0825_/X (sky130_fd_sc_hd__buf_1)
                                                         _0020_ (net)
                      0.035506    0.000003    0.940327 ^ _1080_/D (sky130_fd_sc_hd__dfxtp_2)
                                              0.940327   data arrival time

                                  0.000000    0.000000   clock wr_clk (rise edge)
                                  0.000000    0.000000   clock source latency
     1    0.018723    0.000000    0.000000    0.000000 ^ wr_clk (in)
                                                         wr_clk (net)
                      0.001049    0.000525    0.000525 ^ clkbuf_0_wr_clk/A (sky130_fd_sc_hd__clkbuf_16)
    16    0.088820    0.105109    0.162823    0.163347 ^ clkbuf_0_wr_clk/X (sky130_fd_sc_hd__clkbuf_16)
                                                         clknet_0_wr_clk (net)
                      0.105117    0.001038    0.164385 ^ clkbuf_4_4_0_wr_clk/A (sky130_fd_sc_hd__clkbuf_8)
     2    0.017475    0.047432    0.150512    0.314897 ^ clkbuf_4_4_0_wr_clk/X (sky130_fd_sc_hd__clkbuf_8)
                                                         clknet_4_4_0_wr_clk (net)
                      0.047432    0.000064    0.314960 ^ clkbuf_5_9__f_wr_clk/A (sky130_fd_sc_hd__clkbuf_16)
     5    0.012867    0.035772    0.119520    0.434480 ^ clkbuf_5_9__f_wr_clk/X (sky130_fd_sc_hd__clkbuf_16)
                                                         clknet_5_9__leaf_wr_clk (net)
                      0.035772    0.000036    0.434517 ^ _1080_/CLK (sky130_fd_sc_hd__dfxtp_2)
                                  0.100000    0.534517   clock uncertainty
                                  0.000000    0.534517   clock reconvergence pessimism
                                 -0.030436    0.504081   library hold time
                                              0.504081   data required time
---------------------------------------------------------------------------------------------
                                              0.504081   data required time
                                             -0.940327   data arrival time
---------------------------------------------------------------------------------------------
                                              0.436246   slack (MET)


Startpoint: _1182_ (rising edge-triggered flip-flop clocked by wr_clk)
Endpoint: _1182_ (rising edge-triggered flip-flop clocked by wr_clk)
Path Group: wr_clk
Path Type: min

Fanout         Cap        Slew       Delay        Time   Description
---------------------------------------------------------------------------------------------
                                  0.000000    0.000000   clock wr_clk (rise edge)
                                  0.000000    0.000000   clock source latency
     1    0.018723    0.000000    0.000000    0.000000 ^ wr_clk (in)
                                                         wr_clk (net)
                      0.001049    0.000525    0.000525 ^ clkbuf_0_wr_clk/A (sky130_fd_sc_hd__clkbuf_16)
    16    0.088820    0.105109    0.162823    0.163347 ^ clkbuf_0_wr_clk/X (sky130_fd_sc_hd__clkbuf_16)
                                                         clknet_0_wr_clk (net)
                      0.105116    0.001008    0.164356 ^ clkbuf_4_5_0_wr_clk/A (sky130_fd_sc_hd__clkbuf_8)
     2    0.017481    0.047457    0.150476    0.314831 ^ clkbuf_4_5_0_wr_clk/X (sky130_fd_sc_hd__clkbuf_8)
                                                         clknet_4_5_0_wr_clk (net)
                      0.047457    0.000142    0.314974 ^ clkbuf_5_10__f_wr_clk/A (sky130_fd_sc_hd__clkbuf_16)
     5    0.012950    0.035845    0.119583    0.434557 ^ clkbuf_5_10__f_wr_clk/X (sky130_fd_sc_hd__clkbuf_16)
                                                         clknet_5_10__leaf_wr_clk (net)
                      0.035845    0.000135    0.434692 ^ _1182_/CLK (sky130_fd_sc_hd__dfxtp_2)
     2    0.004734    0.039472    0.308792    0.743483 ^ _1182_/Q (sky130_fd_sc_hd__dfxtp_2)
                                                         u_fifomem.mem[9][0] (net)
                      0.039472    0.000004    0.743487 ^ _1046_/A0 (sky130_fd_sc_hd__mux2_2)
     1    0.002274    0.035159    0.127519    0.871006 ^ _1046_/X (sky130_fd_sc_hd__mux2_2)
                                                         _0508_ (net)
                      0.035159    0.000000    0.871007 ^ _1047_/A (sky130_fd_sc_hd__buf_1)
     1    0.001906    0.035648    0.069868    0.940875 ^ _1047_/X (sky130_fd_sc_hd__buf_1)
                                                         _0122_ (net)
                      0.035648    0.000003    0.940877 ^ _1182_/D (sky130_fd_sc_hd__dfxtp_2)
                                              0.940877   data arrival time

                                  0.000000    0.000000   clock wr_clk (rise edge)
                                  0.000000    0.000000   clock source latency
     1    0.018723    0.000000    0.000000    0.000000 ^ wr_clk (in)
                                                         wr_clk (net)
                      0.001049    0.000525    0.000525 ^ clkbuf_0_wr_clk/A (sky130_fd_sc_hd__clkbuf_16)
    16    0.088820    0.105109    0.162823    0.163347 ^ clkbuf_0_wr_clk/X (sky130_fd_sc_hd__clkbuf_16)
                                                         clknet_0_wr_clk (net)
                      0.105116    0.001008    0.164356 ^ clkbuf_4_5_0_wr_clk/A (sky130_fd_sc_hd__clkbuf_8)
     2    0.017481    0.047457    0.150476    0.314831 ^ clkbuf_4_5_0_wr_clk/X (sky130_fd_sc_hd__clkbuf_8)
                                                         clknet_4_5_0_wr_clk (net)
                      0.047457    0.000142    0.314974 ^ clkbuf_5_10__f_wr_clk/A (sky130_fd_sc_hd__clkbuf_16)
     5    0.012950    0.035845    0.119583    0.434557 ^ clkbuf_5_10__f_wr_clk/X (sky130_fd_sc_hd__clkbuf_16)
                                                         clknet_5_10__leaf_wr_clk (net)
                      0.035845    0.000135    0.434692 ^ _1182_/CLK (sky130_fd_sc_hd__dfxtp_2)
                                  0.100000    0.534692   clock uncertainty
                                  0.000000    0.534692   clock reconvergence pessimism
                                 -0.030456    0.504236   library hold time
                                              0.504236   data required time
---------------------------------------------------------------------------------------------
                                              0.504236   data required time
                                             -0.940877   data arrival time
---------------------------------------------------------------------------------------------
                                              0.436641   slack (MET)


Startpoint: _1146_ (rising edge-triggered flip-flop clocked by wr_clk)
Endpoint: _1146_ (rising edge-triggered flip-flop clocked by wr_clk)
Path Group: wr_clk
Path Type: min

Fanout         Cap        Slew       Delay        Time   Description
---------------------------------------------------------------------------------------------
                                  0.000000    0.000000   clock wr_clk (rise edge)
                                  0.000000    0.000000   clock source latency
     1    0.018723    0.000000    0.000000    0.000000 ^ wr_clk (in)
                                                         wr_clk (net)
                      0.001049    0.000525    0.000525 ^ clkbuf_0_wr_clk/A (sky130_fd_sc_hd__clkbuf_16)
    16    0.088820    0.105109    0.162823    0.163347 ^ clkbuf_0_wr_clk/X (sky130_fd_sc_hd__clkbuf_16)
                                                         clknet_0_wr_clk (net)
                      0.105111    0.000680    0.164027 ^ clkbuf_4_8_0_wr_clk/A (sky130_fd_sc_hd__clkbuf_8)
     2    0.018015    0.048272    0.151299    0.315326 ^ clkbuf_4_8_0_wr_clk/X (sky130_fd_sc_hd__clkbuf_8)
                                                         clknet_4_8_0_wr_clk (net)
                      0.048272    0.000087    0.315412 ^ clkbuf_5_16__f_wr_clk/A (sky130_fd_sc_hd__clkbuf_16)
     5    0.011503    0.034611    0.118515    0.433927 ^ clkbuf_5_16__f_wr_clk/X (sky130_fd_sc_hd__clkbuf_16)
                                                         clknet_5_16__leaf_wr_clk (net)
                      0.034611    0.000019    0.433946 ^ _1146_/CLK (sky130_fd_sc_hd__dfxtp_2)
     2    0.004576    0.038760    0.307742    0.741688 ^ _1146_/Q (sky130_fd_sc_hd__dfxtp_2)
                                                         u_fifomem.mem[4][4] (net)
                      0.038760    0.000008    0.741696 ^ _0968_/A0 (sky130_fd_sc_hd__mux2_2)
     1    0.002653    0.036405    0.129531    0.871227 ^ _0968_/X (sky130_fd_sc_hd__mux2_2)
                                                         _0466_ (net)
                      0.036405    0.000006    0.871234 ^ _0969_/A (sky130_fd_sc_hd__buf_1)
     1    0.001824    0.034740    0.069633    0.940867 ^ _0969_/X (sky130_fd_sc_hd__buf_1)
                                                         _0086_ (net)
                      0.034740    0.000001    0.940868 ^ _1146_/D (sky130_fd_sc_hd__dfxtp_2)
                                              0.940868   data arrival time

                                  0.000000    0.000000   clock wr_clk (rise edge)
                                  0.000000    0.000000   clock source latency
     1    0.018723    0.000000    0.000000    0.000000 ^ wr_clk (in)
                                                         wr_clk (net)
                      0.001049    0.000525    0.000525 ^ clkbuf_0_wr_clk/A (sky130_fd_sc_hd__clkbuf_16)
    16    0.088820    0.105109    0.162823    0.163347 ^ clkbuf_0_wr_clk/X (sky130_fd_sc_hd__clkbuf_16)
                                                         clknet_0_wr_clk (net)
                      0.105111    0.000680    0.164027 ^ clkbuf_4_8_0_wr_clk/A (sky130_fd_sc_hd__clkbuf_8)
     2    0.018015    0.048272    0.151299    0.315326 ^ clkbuf_4_8_0_wr_clk/X (sky130_fd_sc_hd__clkbuf_8)
                                                         clknet_4_8_0_wr_clk (net)
                      0.048272    0.000087    0.315412 ^ clkbuf_5_16__f_wr_clk/A (sky130_fd_sc_hd__clkbuf_16)
     5    0.011503    0.034611    0.118515    0.433927 ^ clkbuf_5_16__f_wr_clk/X (sky130_fd_sc_hd__clkbuf_16)
                                                         clknet_5_16__leaf_wr_clk (net)
                      0.034611    0.000019    0.433946 ^ _1146_/CLK (sky130_fd_sc_hd__dfxtp_2)
                                  0.100000    0.533946   clock uncertainty
                                  0.000000    0.533946   clock reconvergence pessimism
                                 -0.030430    0.503517   library hold time
                                              0.503517   data required time
---------------------------------------------------------------------------------------------
                                              0.503517   data required time
                                             -0.940868   data arrival time
---------------------------------------------------------------------------------------------
                                              0.437351   slack (MET)


Startpoint: _1169_ (rising edge-triggered flip-flop clocked by wr_clk)
Endpoint: _1169_ (rising edge-triggered flip-flop clocked by wr_clk)
Path Group: wr_clk
Path Type: min

Fanout         Cap        Slew       Delay        Time   Description
---------------------------------------------------------------------------------------------
                                  0.000000    0.000000   clock wr_clk (rise edge)
                                  0.000000    0.000000   clock source latency
     1    0.018723    0.000000    0.000000    0.000000 ^ wr_clk (in)
                                                         wr_clk (net)
                      0.001049    0.000525    0.000525 ^ clkbuf_0_wr_clk/A (sky130_fd_sc_hd__clkbuf_16)
    16    0.088820    0.105109    0.162823    0.163347 ^ clkbuf_0_wr_clk/X (sky130_fd_sc_hd__clkbuf_16)
                                                         clknet_0_wr_clk (net)
                      0.105110    0.000602    0.163950 ^ clkbuf_4_11_0_wr_clk/A (sky130_fd_sc_hd__clkbuf_8)
     2    0.017159    0.046942    0.150046    0.313996 ^ clkbuf_4_11_0_wr_clk/X (sky130_fd_sc_hd__clkbuf_8)
                                                         clknet_4_11_0_wr_clk (net)
                      0.046942    0.000057    0.314053 ^ clkbuf_5_22__f_wr_clk/A (sky130_fd_sc_hd__clkbuf_16)
     5    0.012550    0.035503    0.119034    0.433087 ^ clkbuf_5_22__f_wr_clk/X (sky130_fd_sc_hd__clkbuf_16)
                                                         clknet_5_22__leaf_wr_clk (net)
                      0.035503    0.000040    0.433127 ^ _1169_/CLK (sky130_fd_sc_hd__dfxtp_2)
     2    0.004275    0.037396    0.306945    0.740072 ^ _1169_/Q (sky130_fd_sc_hd__dfxtp_2)
                                                         u_fifomem.mem[7][3] (net)
                      0.037396    0.000004    0.740076 ^ _1017_/A1 (sky130_fd_sc_hd__mux2_2)
     1    0.002504    0.036308    0.128801    0.868877 ^ _1017_/X (sky130_fd_sc_hd__mux2_2)
                                                         _0492_ (net)
                      0.036308    0.000003    0.868880 ^ _1018_/A (sky130_fd_sc_hd__buf_1)
     1    0.002007    0.036789    0.071103    0.939983 ^ _1018_/X (sky130_fd_sc_hd__buf_1)
                                                         _0109_ (net)
                      0.036789    0.000003    0.939987 ^ _1169_/D (sky130_fd_sc_hd__dfxtp_2)
                                              0.939987   data arrival time

                                  0.000000    0.000000   clock wr_clk (rise edge)
                                  0.000000    0.000000   clock source latency
     1    0.018723    0.000000    0.000000    0.000000 ^ wr_clk (in)
                                                         wr_clk (net)
                      0.001049    0.000525    0.000525 ^ clkbuf_0_wr_clk/A (sky130_fd_sc_hd__clkbuf_16)
    16    0.088820    0.105109    0.162823    0.163347 ^ clkbuf_0_wr_clk/X (sky130_fd_sc_hd__clkbuf_16)
                                                         clknet_0_wr_clk (net)
                      0.105110    0.000602    0.163950 ^ clkbuf_4_11_0_wr_clk/A (sky130_fd_sc_hd__clkbuf_8)
     2    0.017159    0.046942    0.150046    0.313996 ^ clkbuf_4_11_0_wr_clk/X (sky130_fd_sc_hd__clkbuf_8)
                                                         clknet_4_11_0_wr_clk (net)
                      0.046942    0.000057    0.314053 ^ clkbuf_5_22__f_wr_clk/A (sky130_fd_sc_hd__clkbuf_16)
     5    0.012550    0.035503    0.119034    0.433087 ^ clkbuf_5_22__f_wr_clk/X (sky130_fd_sc_hd__clkbuf_16)
                                                         clknet_5_22__leaf_wr_clk (net)
                      0.035503    0.000040    0.433127 ^ _1169_/CLK (sky130_fd_sc_hd__dfxtp_2)
                                  0.100000    0.533127   clock uncertainty
                                  0.000000    0.533127   clock reconvergence pessimism
                                 -0.030737    0.502390   library hold time
                                              0.502390   data required time
---------------------------------------------------------------------------------------------
                                              0.502390   data required time
                                             -0.939987   data arrival time
---------------------------------------------------------------------------------------------
                                              0.437597   slack (MET)


Startpoint: _1179_ (rising edge-triggered flip-flop clocked by wr_clk)
Endpoint: _1179_ (rising edge-triggered flip-flop clocked by wr_clk)
Path Group: wr_clk
Path Type: min

Fanout         Cap        Slew       Delay        Time   Description
---------------------------------------------------------------------------------------------
                                  0.000000    0.000000   clock wr_clk (rise edge)
                                  0.000000    0.000000   clock source latency
     1    0.018723    0.000000    0.000000    0.000000 ^ wr_clk (in)
                                                         wr_clk (net)
                      0.001049    0.000525    0.000525 ^ clkbuf_0_wr_clk/A (sky130_fd_sc_hd__clkbuf_16)
    16    0.088820    0.105109    0.162823    0.163347 ^ clkbuf_0_wr_clk/X (sky130_fd_sc_hd__clkbuf_16)
                                                         clknet_0_wr_clk (net)
                      0.105109    0.000078    0.163426 ^ clkbuf_4_12_0_wr_clk/A (sky130_fd_sc_hd__clkbuf_8)
     2    0.017657    0.047717    0.150765    0.314190 ^ clkbuf_4_12_0_wr_clk/X (sky130_fd_sc_hd__clkbuf_8)
                                                         clknet_4_12_0_wr_clk (net)
                      0.047717    0.000091    0.314281 ^ clkbuf_5_24__f_wr_clk/A (sky130_fd_sc_hd__clkbuf_16)
     5    0.012309    0.035298    0.119083    0.433364 ^ clkbuf_5_24__f_wr_clk/X (sky130_fd_sc_hd__clkbuf_16)
                                                         clknet_5_24__leaf_wr_clk (net)
                      0.035298    0.000013    0.433378 ^ _1179_/CLK (sky130_fd_sc_hd__dfxtp_2)
     2    0.004786    0.039708    0.308783    0.742161 ^ _1179_/Q (sky130_fd_sc_hd__dfxtp_2)
                                                         u_fifomem.mem[8][5] (net)
                      0.039708    0.000007    0.742168 ^ _1039_/A0 (sky130_fd_sc_hd__mux2_2)
     1    0.002425    0.035426    0.128501    0.870668 ^ _1039_/X (sky130_fd_sc_hd__mux2_2)
                                                         _0504_ (net)
                      0.035426    0.000002    0.870671 ^ _1040_/A (sky130_fd_sc_hd__buf_1)
     1    0.001889    0.035456    0.069820    0.940490 ^ _1040_/X (sky130_fd_sc_hd__buf_1)
                                                         _0119_ (net)
                      0.035456    0.000002    0.940493 ^ _1179_/D (sky130_fd_sc_hd__dfxtp_2)
                                              0.940493   data arrival time

                                  0.000000    0.000000   clock wr_clk (rise edge)
                                  0.000000    0.000000   clock source latency
     1    0.018723    0.000000    0.000000    0.000000 ^ wr_clk (in)
                                                         wr_clk (net)
                      0.001049    0.000525    0.000525 ^ clkbuf_0_wr_clk/A (sky130_fd_sc_hd__clkbuf_16)
    16    0.088820    0.105109    0.162823    0.163347 ^ clkbuf_0_wr_clk/X (sky130_fd_sc_hd__clkbuf_16)
                                                         clknet_0_wr_clk (net)
                      0.105109    0.000078    0.163426 ^ clkbuf_4_12_0_wr_clk/A (sky130_fd_sc_hd__clkbuf_8)
     2    0.017657    0.047717    0.150765    0.314190 ^ clkbuf_4_12_0_wr_clk/X (sky130_fd_sc_hd__clkbuf_8)
                                                         clknet_4_12_0_wr_clk (net)
                      0.047717    0.000091    0.314281 ^ clkbuf_5_24__f_wr_clk/A (sky130_fd_sc_hd__clkbuf_16)
     5    0.012309    0.035298    0.119083    0.433364 ^ clkbuf_5_24__f_wr_clk/X (sky130_fd_sc_hd__clkbuf_16)
                                                         clknet_5_24__leaf_wr_clk (net)
                      0.035298    0.000013    0.433378 ^ _1179_/CLK (sky130_fd_sc_hd__dfxtp_2)
                                  0.100000    0.533378   clock uncertainty
                                  0.000000    0.533378   clock reconvergence pessimism
                                 -0.030488    0.502890   library hold time
                                              0.502890   data required time
---------------------------------------------------------------------------------------------
                                              0.502890   data required time
                                             -0.940493   data arrival time
---------------------------------------------------------------------------------------------
                                              0.437603   slack (MET)


Startpoint: _1091_ (rising edge-triggered flip-flop clocked by wr_clk)
Endpoint: _1091_ (rising edge-triggered flip-flop clocked by wr_clk)
Path Group: wr_clk
Path Type: min

Fanout         Cap        Slew       Delay        Time   Description
---------------------------------------------------------------------------------------------
                                  0.000000    0.000000   clock wr_clk (rise edge)
                                  0.000000    0.000000   clock source latency
     1    0.018723    0.000000    0.000000    0.000000 ^ wr_clk (in)
                                                         wr_clk (net)
                      0.001049    0.000525    0.000525 ^ clkbuf_0_wr_clk/A (sky130_fd_sc_hd__clkbuf_16)
    16    0.088820    0.105109    0.162823    0.163347 ^ clkbuf_0_wr_clk/X (sky130_fd_sc_hd__clkbuf_16)
                                                         clknet_0_wr_clk (net)
                      0.105119    0.001115    0.164462 ^ clkbuf_4_6_0_wr_clk/A (sky130_fd_sc_hd__clkbuf_8)
     2    0.017555    0.047552    0.150635    0.315097 ^ clkbuf_4_6_0_wr_clk/X (sky130_fd_sc_hd__clkbuf_8)
                                                         clknet_4_6_0_wr_clk (net)
                      0.047552    0.000050    0.315146 ^ clkbuf_5_12__f_wr_clk/A (sky130_fd_sc_hd__clkbuf_16)
     5    0.012835    0.035745    0.119535    0.434681 ^ clkbuf_5_12__f_wr_clk/X (sky130_fd_sc_hd__clkbuf_16)
                                                         clknet_5_12__leaf_wr_clk (net)
                      0.035745    0.000007    0.434688 ^ _1091_/CLK (sky130_fd_sc_hd__dfxtp_2)
     2    0.004525    0.036938    0.307967    0.742655 ^ _1091_/Q (sky130_fd_sc_hd__dfxtp_2)
                                                         u_fifomem.mem[12][5] (net)
                      0.036938    0.000014    0.742669 ^ _0848_/A0 (sky130_fd_sc_hd__mux2_2)
     1    0.002274    0.035160    0.126632    0.869301 ^ _0848_/X (sky130_fd_sc_hd__mux2_2)
                                                         _0401_ (net)
                      0.035160    0.000000    0.869302 ^ _0849_/A (sky130_fd_sc_hd__buf_1)
     1    0.002168    0.038587    0.072025    0.941328 ^ _0849_/X (sky130_fd_sc_hd__buf_1)
                                                         _0031_ (net)
                      0.038587    0.000006    0.941334 ^ _1091_/D (sky130_fd_sc_hd__dfxtp_2)
                                              0.941334   data arrival time

                                  0.000000    0.000000   clock wr_clk (rise edge)
                                  0.000000    0.000000   clock source latency
     1    0.018723    0.000000    0.000000    0.000000 ^ wr_clk (in)
                                                         wr_clk (net)
                      0.001049    0.000525    0.000525 ^ clkbuf_0_wr_clk/A (sky130_fd_sc_hd__clkbuf_16)
    16    0.088820    0.105109    0.162823    0.163347 ^ clkbuf_0_wr_clk/X (sky130_fd_sc_hd__clkbuf_16)
                                                         clknet_0_wr_clk (net)
                      0.105119    0.001115    0.164462 ^ clkbuf_4_6_0_wr_clk/A (sky130_fd_sc_hd__clkbuf_8)
     2    0.017555    0.047552    0.150635    0.315097 ^ clkbuf_4_6_0_wr_clk/X (sky130_fd_sc_hd__clkbuf_8)
                                                         clknet_4_6_0_wr_clk (net)
                      0.047552    0.000050    0.315146 ^ clkbuf_5_12__f_wr_clk/A (sky130_fd_sc_hd__clkbuf_16)
     5    0.012835    0.035745    0.119535    0.434681 ^ clkbuf_5_12__f_wr_clk/X (sky130_fd_sc_hd__clkbuf_16)
                                                         clknet_5_12__leaf_wr_clk (net)
                      0.035745    0.000007    0.434688 ^ _1091_/CLK (sky130_fd_sc_hd__dfxtp_2)
                                  0.100000    0.534688   clock uncertainty
                                  0.000000    0.534688   clock reconvergence pessimism
                                 -0.031078    0.503610   library hold time
                                              0.503610   data required time
---------------------------------------------------------------------------------------------
                                              0.503610   data required time
                                             -0.941334   data arrival time
---------------------------------------------------------------------------------------------
                                              0.437724   slack (MET)


Startpoint: _1178_ (rising edge-triggered flip-flop clocked by wr_clk)
Endpoint: _1178_ (rising edge-triggered flip-flop clocked by wr_clk)
Path Group: wr_clk
Path Type: min

Fanout         Cap        Slew       Delay        Time   Description
---------------------------------------------------------------------------------------------
                                  0.000000    0.000000   clock wr_clk (rise edge)
                                  0.000000    0.000000   clock source latency
     1    0.018723    0.000000    0.000000    0.000000 ^ wr_clk (in)
                                                         wr_clk (net)
                      0.001049    0.000525    0.000525 ^ clkbuf_0_wr_clk/A (sky130_fd_sc_hd__clkbuf_16)
    16    0.088820    0.105109    0.162823    0.163347 ^ clkbuf_0_wr_clk/X (sky130_fd_sc_hd__clkbuf_16)
                                                         clknet_0_wr_clk (net)
                      0.105111    0.000742    0.164089 ^ clkbuf_4_2_0_wr_clk/A (sky130_fd_sc_hd__clkbuf_8)
     2    0.017392    0.047296    0.150404    0.314493 ^ clkbuf_4_2_0_wr_clk/X (sky130_fd_sc_hd__clkbuf_8)
                                                         clknet_4_2_0_wr_clk (net)
                      0.047296    0.000048    0.314541 ^ clkbuf_5_4__f_wr_clk/A (sky130_fd_sc_hd__clkbuf_16)
     5    0.012565    0.035515    0.119182    0.433724 ^ clkbuf_5_4__f_wr_clk/X (sky130_fd_sc_hd__clkbuf_16)
                                                         clknet_5_4__leaf_wr_clk (net)
                      0.035515    0.000014    0.433738 ^ _1178_/CLK (sky130_fd_sc_hd__dfxtp_2)
     2    0.004576    0.038758    0.308077    0.741815 ^ _1178_/Q (sky130_fd_sc_hd__dfxtp_2)
                                                         u_fifomem.mem[8][4] (net)
                      0.038758    0.000007    0.741822 ^ _1037_/A0 (sky130_fd_sc_hd__mux2_2)
     1    0.002693    0.036747    0.129767    0.871588 ^ _1037_/X (sky130_fd_sc_hd__mux2_2)
                                                         _0503_ (net)
                      0.036747    0.000007    0.871595 ^ _1038_/A (sky130_fd_sc_hd__buf_1)
     1    0.001864    0.035184    0.070077    0.941672 ^ _1038_/X (sky130_fd_sc_hd__buf_1)
                                                         _0118_ (net)
                      0.035184    0.000001    0.941674 ^ _1178_/D (sky130_fd_sc_hd__dfxtp_2)
                                              0.941674   data arrival time

                                  0.000000    0.000000   clock wr_clk (rise edge)
                                  0.000000    0.000000   clock source latency
     1    0.018723    0.000000    0.000000    0.000000 ^ wr_clk (in)
                                                         wr_clk (net)
                      0.001049    0.000525    0.000525 ^ clkbuf_0_wr_clk/A (sky130_fd_sc_hd__clkbuf_16)
    16    0.088820    0.105109    0.162823    0.163347 ^ clkbuf_0_wr_clk/X (sky130_fd_sc_hd__clkbuf_16)
                                                         clknet_0_wr_clk (net)
                      0.105111    0.000742    0.164089 ^ clkbuf_4_2_0_wr_clk/A (sky130_fd_sc_hd__clkbuf_8)
     2    0.017392    0.047296    0.150404    0.314493 ^ clkbuf_4_2_0_wr_clk/X (sky130_fd_sc_hd__clkbuf_8)
                                                         clknet_4_2_0_wr_clk (net)
                      0.047296    0.000048    0.314541 ^ clkbuf_5_4__f_wr_clk/A (sky130_fd_sc_hd__clkbuf_16)
     5    0.012565    0.035515    0.119182    0.433724 ^ clkbuf_5_4__f_wr_clk/X (sky130_fd_sc_hd__clkbuf_16)
                                                         clknet_5_4__leaf_wr_clk (net)
                      0.035515    0.000014    0.433738 ^ _1178_/CLK (sky130_fd_sc_hd__dfxtp_2)
                                  0.100000    0.533738   clock uncertainty
                                  0.000000    0.533738   clock reconvergence pessimism
                                 -0.030403    0.503335   library hold time
                                              0.503335   data required time
---------------------------------------------------------------------------------------------
                                              0.503335   data required time
                                             -0.941674   data arrival time
---------------------------------------------------------------------------------------------
                                              0.438339   slack (MET)


Startpoint: _1083_ (rising edge-triggered flip-flop clocked by wr_clk)
Endpoint: _1083_ (rising edge-triggered flip-flop clocked by wr_clk)
Path Group: wr_clk
Path Type: min

Fanout         Cap        Slew       Delay        Time   Description
---------------------------------------------------------------------------------------------
                                  0.000000    0.000000   clock wr_clk (rise edge)
                                  0.000000    0.000000   clock source latency
     1    0.018723    0.000000    0.000000    0.000000 ^ wr_clk (in)
                                                         wr_clk (net)
                      0.001049    0.000525    0.000525 ^ clkbuf_0_wr_clk/A (sky130_fd_sc_hd__clkbuf_16)
    16    0.088820    0.105109    0.162823    0.163347 ^ clkbuf_0_wr_clk/X (sky130_fd_sc_hd__clkbuf_16)
                                                         clknet_0_wr_clk (net)
                      0.105110    0.000587    0.163935 ^ clkbuf_4_3_0_wr_clk/A (sky130_fd_sc_hd__clkbuf_8)
     2    0.017995    0.048243    0.151260    0.315195 ^ clkbuf_4_3_0_wr_clk/X (sky130_fd_sc_hd__clkbuf_8)
                                                         clknet_4_3_0_wr_clk (net)
                      0.048243    0.000095    0.315289 ^ clkbuf_5_7__f_wr_clk/A (sky130_fd_sc_hd__clkbuf_16)
     5    0.012717    0.035644    0.119670    0.434959 ^ clkbuf_5_7__f_wr_clk/X (sky130_fd_sc_hd__clkbuf_16)
                                                         clknet_5_7__leaf_wr_clk (net)
                      0.035644    0.000009    0.434968 ^ _1083_/CLK (sky130_fd_sc_hd__dfxtp_2)
     2    0.004903    0.038878    0.309343    0.744312 ^ _1083_/Q (sky130_fd_sc_hd__dfxtp_2)
                                                         u_fifomem.mem[11][5] (net)
                      0.038878    0.000005    0.744317 ^ _0830_/A1 (sky130_fd_sc_hd__mux2_2)
     1    0.002314    0.034913    0.128166    0.872483 ^ _0830_/X (sky130_fd_sc_hd__mux2_2)
                                                         _0391_ (net)
                      0.034913    0.000001    0.872484 ^ _0831_/A (sky130_fd_sc_hd__buf_1)
     1    0.001985    0.036536    0.070435    0.942919 ^ _0831_/X (sky130_fd_sc_hd__buf_1)
                                                         _0023_ (net)
                      0.036536    0.000003    0.942922 ^ _1083_/D (sky130_fd_sc_hd__dfxtp_2)
                                              0.942922   data arrival time

                                  0.000000    0.000000   clock wr_clk (rise edge)
                                  0.000000    0.000000   clock source latency
     1    0.018723    0.000000    0.000000    0.000000 ^ wr_clk (in)
                                                         wr_clk (net)
                      0.001049    0.000525    0.000525 ^ clkbuf_0_wr_clk/A (sky130_fd_sc_hd__clkbuf_16)
    16    0.088820    0.105109    0.162823    0.163347 ^ clkbuf_0_wr_clk/X (sky130_fd_sc_hd__clkbuf_16)
                                                         clknet_0_wr_clk (net)
                      0.105110    0.000587    0.163935 ^ clkbuf_4_3_0_wr_clk/A (sky130_fd_sc_hd__clkbuf_8)
     2    0.017995    0.048243    0.151260    0.315195 ^ clkbuf_4_3_0_wr_clk/X (sky130_fd_sc_hd__clkbuf_8)
                                                         clknet_4_3_0_wr_clk (net)
                      0.048243    0.000095    0.315289 ^ clkbuf_5_7__f_wr_clk/A (sky130_fd_sc_hd__clkbuf_16)
     5    0.012717    0.035644    0.119670    0.434959 ^ clkbuf_5_7__f_wr_clk/X (sky130_fd_sc_hd__clkbuf_16)
                                                         clknet_5_7__leaf_wr_clk (net)
                      0.035644    0.000009    0.434968 ^ _1083_/CLK (sky130_fd_sc_hd__dfxtp_2)
                                  0.100000    0.534968   clock uncertainty
                                  0.000000    0.534968   clock reconvergence pessimism
                                 -0.030666    0.504302   library hold time
                                              0.504302   data required time
---------------------------------------------------------------------------------------------
                                              0.504302   data required time
                                             -0.942922   data arrival time
---------------------------------------------------------------------------------------------
                                              0.438620   slack (MET)


Startpoint: _1152_ (rising edge-triggered flip-flop clocked by wr_clk)
Endpoint: _1152_ (rising edge-triggered flip-flop clocked by wr_clk)
Path Group: wr_clk
Path Type: min

Fanout         Cap        Slew       Delay        Time   Description
---------------------------------------------------------------------------------------------
                                  0.000000    0.000000   clock wr_clk (rise edge)
                                  0.000000    0.000000   clock source latency
     1    0.018723    0.000000    0.000000    0.000000 ^ wr_clk (in)
                                                         wr_clk (net)
                      0.001049    0.000525    0.000525 ^ clkbuf_0_wr_clk/A (sky130_fd_sc_hd__clkbuf_16)
    16    0.088820    0.105109    0.162823    0.163347 ^ clkbuf_0_wr_clk/X (sky130_fd_sc_hd__clkbuf_16)
                                                         clknet_0_wr_clk (net)
                      0.105111    0.000680    0.164027 ^ clkbuf_4_8_0_wr_clk/A (sky130_fd_sc_hd__clkbuf_8)
     2    0.018015    0.048272    0.151299    0.315326 ^ clkbuf_4_8_0_wr_clk/X (sky130_fd_sc_hd__clkbuf_8)
                                                         clknet_4_8_0_wr_clk (net)
                      0.048272    0.000087    0.315412 ^ clkbuf_5_16__f_wr_clk/A (sky130_fd_sc_hd__clkbuf_16)
     5    0.011503    0.034611    0.118515    0.433927 ^ clkbuf_5_16__f_wr_clk/X (sky130_fd_sc_hd__clkbuf_16)
                                                         clknet_5_16__leaf_wr_clk (net)
                      0.034611    0.000032    0.433959 ^ _1152_/CLK (sky130_fd_sc_hd__dfxtp_2)
     2    0.004726    0.038143    0.308297    0.742256 ^ _1152_/Q (sky130_fd_sc_hd__dfxtp_2)
                                                         u_fifomem.mem[5][2] (net)
                      0.038143    0.000016    0.742272 ^ _0981_/A0 (sky130_fd_sc_hd__mux2_2)
     1    0.002543    0.036491    0.128656    0.870927 ^ _0981_/X (sky130_fd_sc_hd__mux2_2)
                                                         _0473_ (net)
                      0.036491    0.000005    0.870932 ^ _0982_/A (sky130_fd_sc_hd__buf_1)
     1    0.001979    0.036475    0.070936    0.941868 ^ _0982_/X (sky130_fd_sc_hd__buf_1)
                                                         _0092_ (net)
                      0.036475    0.000003    0.941872 ^ _1152_/D (sky130_fd_sc_hd__dfxtp_2)
                                              0.941872   data arrival time

                                  0.000000    0.000000   clock wr_clk (rise edge)
                                  0.000000    0.000000   clock source latency
     1    0.018723    0.000000    0.000000    0.000000 ^ wr_clk (in)
                                                         wr_clk (net)
                      0.001049    0.000525    0.000525 ^ clkbuf_0_wr_clk/A (sky130_fd_sc_hd__clkbuf_16)
    16    0.088820    0.105109    0.162823    0.163347 ^ clkbuf_0_wr_clk/X (sky130_fd_sc_hd__clkbuf_16)
                                                         clknet_0_wr_clk (net)
                      0.105111    0.000680    0.164027 ^ clkbuf_4_8_0_wr_clk/A (sky130_fd_sc_hd__clkbuf_8)
     2    0.018015    0.048272    0.151299    0.315326 ^ clkbuf_4_8_0_wr_clk/X (sky130_fd_sc_hd__clkbuf_8)
                                                         clknet_4_8_0_wr_clk (net)
                      0.048272    0.000087    0.315412 ^ clkbuf_5_16__f_wr_clk/A (sky130_fd_sc_hd__clkbuf_16)
     5    0.011503    0.034611    0.118515    0.433927 ^ clkbuf_5_16__f_wr_clk/X (sky130_fd_sc_hd__clkbuf_16)
                                                         clknet_5_16__leaf_wr_clk (net)
                      0.034611    0.000032    0.433959 ^ _1152_/CLK (sky130_fd_sc_hd__dfxtp_2)
                                  0.100000    0.533959   clock uncertainty
                                  0.000000    0.533959   clock reconvergence pessimism
                                 -0.030789    0.503170   library hold time
                                              0.503170   data required time
---------------------------------------------------------------------------------------------
                                              0.503170   data required time
                                             -0.941872   data arrival time
---------------------------------------------------------------------------------------------
                                              0.438702   slack (MET)


Startpoint: _1170_ (rising edge-triggered flip-flop clocked by wr_clk)
Endpoint: _1170_ (rising edge-triggered flip-flop clocked by wr_clk)
Path Group: wr_clk
Path Type: min

Fanout         Cap        Slew       Delay        Time   Description
---------------------------------------------------------------------------------------------
                                  0.000000    0.000000   clock wr_clk (rise edge)
                                  0.000000    0.000000   clock source latency
     1    0.018723    0.000000    0.000000    0.000000 ^ wr_clk (in)
                                                         wr_clk (net)
                      0.001049    0.000525    0.000525 ^ clkbuf_0_wr_clk/A (sky130_fd_sc_hd__clkbuf_16)
    16    0.088820    0.105109    0.162823    0.163347 ^ clkbuf_0_wr_clk/X (sky130_fd_sc_hd__clkbuf_16)
                                                         clknet_0_wr_clk (net)
                      0.105111    0.000680    0.164027 ^ clkbuf_4_8_0_wr_clk/A (sky130_fd_sc_hd__clkbuf_8)
     2    0.018015    0.048272    0.151299    0.315326 ^ clkbuf_4_8_0_wr_clk/X (sky130_fd_sc_hd__clkbuf_8)
                                                         clknet_4_8_0_wr_clk (net)
                      0.048272    0.000087    0.315412 ^ clkbuf_5_16__f_wr_clk/A (sky130_fd_sc_hd__clkbuf_16)
     5    0.011503    0.034611    0.118515    0.433927 ^ clkbuf_5_16__f_wr_clk/X (sky130_fd_sc_hd__clkbuf_16)
                                                         clknet_5_16__leaf_wr_clk (net)
                      0.034611    0.000031    0.433958 ^ _1170_/CLK (sky130_fd_sc_hd__dfxtp_2)
     2    0.004441    0.038148    0.307234    0.741192 ^ _1170_/Q (sky130_fd_sc_hd__dfxtp_2)
                                                         u_fifomem.mem[7][4] (net)
                      0.038148    0.000007    0.741199 ^ _1019_/A1 (sky130_fd_sc_hd__mux2_2)
     1    0.002494    0.036257    0.128992    0.870191 ^ _1019_/X (sky130_fd_sc_hd__mux2_2)
                                                         _0493_ (net)
                      0.036257    0.000004    0.870195 ^ _1020_/A (sky130_fd_sc_hd__buf_1)
     1    0.002071    0.037503    0.071610    0.941805 ^ _1020_/X (sky130_fd_sc_hd__buf_1)
                                                         _0110_ (net)
                      0.037503    0.000004    0.941809 ^ _1170_/D (sky130_fd_sc_hd__dfxtp_2)
                                              0.941809   data arrival time

                                  0.000000    0.000000   clock wr_clk (rise edge)
                                  0.000000    0.000000   clock source latency
     1    0.018723    0.000000    0.000000    0.000000 ^ wr_clk (in)
                                                         wr_clk (net)
                      0.001049    0.000525    0.000525 ^ clkbuf_0_wr_clk/A (sky130_fd_sc_hd__clkbuf_16)
    16    0.088820    0.105109    0.162823    0.163347 ^ clkbuf_0_wr_clk/X (sky130_fd_sc_hd__clkbuf_16)
                                                         clknet_0_wr_clk (net)
                      0.105111    0.000680    0.164027 ^ clkbuf_4_8_0_wr_clk/A (sky130_fd_sc_hd__clkbuf_8)
     2    0.018015    0.048272    0.151299    0.315326 ^ clkbuf_4_8_0_wr_clk/X (sky130_fd_sc_hd__clkbuf_8)
                                                         clknet_4_8_0_wr_clk (net)
                      0.048272    0.000087    0.315412 ^ clkbuf_5_16__f_wr_clk/A (sky130_fd_sc_hd__clkbuf_16)
     5    0.011503    0.034611    0.118515    0.433927 ^ clkbuf_5_16__f_wr_clk/X (sky130_fd_sc_hd__clkbuf_16)
                                                         clknet_5_16__leaf_wr_clk (net)
                      0.034611    0.000031    0.433958 ^ _1170_/CLK (sky130_fd_sc_hd__dfxtp_2)
                                  0.100000    0.533958   clock uncertainty
                                  0.000000    0.533958   clock reconvergence pessimism
                                 -0.031003    0.502955   library hold time
                                              0.502955   data required time
---------------------------------------------------------------------------------------------
                                              0.502955   data required time
                                             -0.941809   data arrival time
---------------------------------------------------------------------------------------------
                                              0.438854   slack (MET)


Startpoint: _1084_ (rising edge-triggered flip-flop clocked by wr_clk)
Endpoint: _1084_ (rising edge-triggered flip-flop clocked by wr_clk)
Path Group: wr_clk
Path Type: min

Fanout         Cap        Slew       Delay        Time   Description
---------------------------------------------------------------------------------------------
                                  0.000000    0.000000   clock wr_clk (rise edge)
                                  0.000000    0.000000   clock source latency
     1    0.018723    0.000000    0.000000    0.000000 ^ wr_clk (in)
                                                         wr_clk (net)
                      0.001049    0.000525    0.000525 ^ clkbuf_0_wr_clk/A (sky130_fd_sc_hd__clkbuf_16)
    16    0.088820    0.105109    0.162823    0.163347 ^ clkbuf_0_wr_clk/X (sky130_fd_sc_hd__clkbuf_16)
                                                         clknet_0_wr_clk (net)
                      0.105119    0.001133    0.164480 ^ clkbuf_4_7_0_wr_clk/A (sky130_fd_sc_hd__clkbuf_8)
     2    0.017239    0.047063    0.150173    0.314653 ^ clkbuf_4_7_0_wr_clk/X (sky130_fd_sc_hd__clkbuf_8)
                                                         clknet_4_7_0_wr_clk (net)
                      0.047063    0.000063    0.314716 ^ clkbuf_5_15__f_wr_clk/A (sky130_fd_sc_hd__clkbuf_16)
     5    0.012154    0.035166    0.118703    0.433419 ^ clkbuf_5_15__f_wr_clk/X (sky130_fd_sc_hd__clkbuf_16)
                                                         clknet_5_15__leaf_wr_clk (net)
                      0.035166    0.000005    0.433425 ^ _1084_/CLK (sky130_fd_sc_hd__dfxtp_2)
     2    0.004518    0.038495    0.307729    0.741153 ^ _1084_/Q (sky130_fd_sc_hd__dfxtp_2)
                                                         u_fifomem.mem[11][6] (net)
                      0.038495    0.000011    0.741165 ^ _0832_/A1 (sky130_fd_sc_hd__mux2_2)
     1    0.002346    0.035522    0.128226    0.869391 ^ _0832_/X (sky130_fd_sc_hd__mux2_2)
                                                         _0392_ (net)
                      0.035522    0.000001    0.869393 ^ _0833_/A (sky130_fd_sc_hd__buf_1)
     1    0.002133    0.038198    0.071865    0.941258 ^ _0833_/X (sky130_fd_sc_hd__buf_1)
                                                         _0024_ (net)
                      0.038198    0.000005    0.941263 ^ _1084_/D (sky130_fd_sc_hd__dfxtp_2)
                                              0.941263   data arrival time

                                  0.000000    0.000000   clock wr_clk (rise edge)
                                  0.000000    0.000000   clock source latency
     1    0.018723    0.000000    0.000000    0.000000 ^ wr_clk (in)
                                                         wr_clk (net)
                      0.001049    0.000525    0.000525 ^ clkbuf_0_wr_clk/A (sky130_fd_sc_hd__clkbuf_16)
    16    0.088820    0.105109    0.162823    0.163347 ^ clkbuf_0_wr_clk/X (sky130_fd_sc_hd__clkbuf_16)
                                                         clknet_0_wr_clk (net)
                      0.105119    0.001133    0.164480 ^ clkbuf_4_7_0_wr_clk/A (sky130_fd_sc_hd__clkbuf_8)
     2    0.017239    0.047063    0.150173    0.314653 ^ clkbuf_4_7_0_wr_clk/X (sky130_fd_sc_hd__clkbuf_8)
                                                         clknet_4_7_0_wr_clk (net)
                      0.047063    0.000063    0.314716 ^ clkbuf_5_15__f_wr_clk/A (sky130_fd_sc_hd__clkbuf_16)
     5    0.012154    0.035166    0.118703    0.433419 ^ clkbuf_5_15__f_wr_clk/X (sky130_fd_sc_hd__clkbuf_16)
                                                         clknet_5_15__leaf_wr_clk (net)
                      0.035166    0.000005    0.433425 ^ _1084_/CLK (sky130_fd_sc_hd__dfxtp_2)
                                  0.100000    0.533425   clock uncertainty
                                  0.000000    0.533425   clock reconvergence pessimism
                                 -0.031074    0.502351   library hold time
                                              0.502351   data required time
---------------------------------------------------------------------------------------------
                                              0.502351   data required time
                                             -0.941263   data arrival time
---------------------------------------------------------------------------------------------
                                              0.438912   slack (MET)


Startpoint: _1155_ (rising edge-triggered flip-flop clocked by wr_clk)
Endpoint: _1155_ (rising edge-triggered flip-flop clocked by wr_clk)
Path Group: wr_clk
Path Type: min

Fanout         Cap        Slew       Delay        Time   Description
---------------------------------------------------------------------------------------------
                                  0.000000    0.000000   clock wr_clk (rise edge)
                                  0.000000    0.000000   clock source latency
     1    0.018723    0.000000    0.000000    0.000000 ^ wr_clk (in)
                                                         wr_clk (net)
                      0.001049    0.000525    0.000525 ^ clkbuf_0_wr_clk/A (sky130_fd_sc_hd__clkbuf_16)
    16    0.088820    0.105109    0.162823    0.163347 ^ clkbuf_0_wr_clk/X (sky130_fd_sc_hd__clkbuf_16)
                                                         clknet_0_wr_clk (net)
                      0.105110    0.000602    0.163950 ^ clkbuf_4_11_0_wr_clk/A (sky130_fd_sc_hd__clkbuf_8)
     2    0.017159    0.046942    0.150046    0.313996 ^ clkbuf_4_11_0_wr_clk/X (sky130_fd_sc_hd__clkbuf_8)
                                                         clknet_4_11_0_wr_clk (net)
                      0.046942    0.000057    0.314053 ^ clkbuf_5_22__f_wr_clk/A (sky130_fd_sc_hd__clkbuf_16)
     5    0.012550    0.035503    0.119034    0.433087 ^ clkbuf_5_22__f_wr_clk/X (sky130_fd_sc_hd__clkbuf_16)
                                                         clknet_5_22__leaf_wr_clk (net)
                      0.035503    0.000054    0.433140 ^ _1155_/CLK (sky130_fd_sc_hd__dfxtp_2)
     2    0.004685    0.039248    0.308479    0.741619 ^ _1155_/Q (sky130_fd_sc_hd__dfxtp_2)
                                                         u_fifomem.mem[5][5] (net)
                      0.039248    0.000011    0.741630 ^ _0987_/A0 (sky130_fd_sc_hd__mux2_2)
     1    0.002274    0.035156    0.127441    0.869071 ^ _0987_/X (sky130_fd_sc_hd__mux2_2)
                                                         _0476_ (net)
                      0.035156    0.000000    0.869072 ^ _0988_/A (sky130_fd_sc_hd__buf_1)
     1    0.002168    0.038587    0.072024    0.941096 ^ _0988_/X (sky130_fd_sc_hd__buf_1)
                                                         _0095_ (net)
                      0.038587    0.000006    0.941102 ^ _1155_/D (sky130_fd_sc_hd__dfxtp_2)
                                              0.941102   data arrival time

                                  0.000000    0.000000   clock wr_clk (rise edge)
                                  0.000000    0.000000   clock source latency
     1    0.018723    0.000000    0.000000    0.000000 ^ wr_clk (in)
                                                         wr_clk (net)
                      0.001049    0.000525    0.000525 ^ clkbuf_0_wr_clk/A (sky130_fd_sc_hd__clkbuf_16)
    16    0.088820    0.105109    0.162823    0.163347 ^ clkbuf_0_wr_clk/X (sky130_fd_sc_hd__clkbuf_16)
                                                         clknet_0_wr_clk (net)
                      0.105110    0.000602    0.163950 ^ clkbuf_4_11_0_wr_clk/A (sky130_fd_sc_hd__clkbuf_8)
     2    0.017159    0.046942    0.150046    0.313996 ^ clkbuf_4_11_0_wr_clk/X (sky130_fd_sc_hd__clkbuf_8)
                                                         clknet_4_11_0_wr_clk (net)
                      0.046942    0.000057    0.314053 ^ clkbuf_5_22__f_wr_clk/A (sky130_fd_sc_hd__clkbuf_16)
     5    0.012550    0.035503    0.119034    0.433087 ^ clkbuf_5_22__f_wr_clk/X (sky130_fd_sc_hd__clkbuf_16)
                                                         clknet_5_22__leaf_wr_clk (net)
                      0.035503    0.000054    0.433140 ^ _1155_/CLK (sky130_fd_sc_hd__dfxtp_2)
                                  0.100000    0.533140   clock uncertainty
                                  0.000000    0.533140   clock reconvergence pessimism
                                 -0.031110    0.502030   library hold time
                                              0.502030   data required time
---------------------------------------------------------------------------------------------
                                              0.502030   data required time
                                             -0.941102   data arrival time
---------------------------------------------------------------------------------------------
                                              0.439072   slack (MET)


Startpoint: _1067_ (rising edge-triggered flip-flop clocked by wr_clk)
Endpoint: _1067_ (rising edge-triggered flip-flop clocked by wr_clk)
Path Group: wr_clk
Path Type: min

Fanout         Cap        Slew       Delay        Time   Description
---------------------------------------------------------------------------------------------
                                  0.000000    0.000000   clock wr_clk (rise edge)
                                  0.000000    0.000000   clock source latency
     1    0.018723    0.000000    0.000000    0.000000 ^ wr_clk (in)
                                                         wr_clk (net)
                      0.001049    0.000525    0.000525 ^ clkbuf_0_wr_clk/A (sky130_fd_sc_hd__clkbuf_16)
    16    0.088820    0.105109    0.162823    0.163347 ^ clkbuf_0_wr_clk/X (sky130_fd_sc_hd__clkbuf_16)
                                                         clknet_0_wr_clk (net)
                      0.105111    0.000680    0.164027 ^ clkbuf_4_8_0_wr_clk/A (sky130_fd_sc_hd__clkbuf_8)
     2    0.018015    0.048272    0.151299    0.315326 ^ clkbuf_4_8_0_wr_clk/X (sky130_fd_sc_hd__clkbuf_8)
                                                         clknet_4_8_0_wr_clk (net)
                      0.048272    0.000133    0.315459 ^ clkbuf_5_17__f_wr_clk/A (sky130_fd_sc_hd__clkbuf_16)
     5    0.012586    0.035533    0.119550    0.435008 ^ clkbuf_5_17__f_wr_clk/X (sky130_fd_sc_hd__clkbuf_16)
                                                         clknet_5_17__leaf_wr_clk (net)
                      0.035533    0.000028    0.435036 ^ _1067_/CLK (sky130_fd_sc_hd__dfxtp_2)
     2    0.004423    0.038064    0.307509    0.742545 ^ _1067_/Q (sky130_fd_sc_hd__dfxtp_2)
                                                         u_fifomem.mem[0][5] (net)
                      0.038064    0.000005    0.742550 ^ _0796_/A0 (sky130_fd_sc_hd__mux2_2)
     1    0.002425    0.035279    0.127926    0.870476 ^ _0796_/X (sky130_fd_sc_hd__mux2_2)
                                                         _0373_ (net)
                      0.035279    0.000004    0.870479 ^ _0797_/A (sky130_fd_sc_hd__buf_1)
     1    0.002215    0.039108    0.072450    0.942929 ^ _0797_/X (sky130_fd_sc_hd__buf_1)
                                                         _0007_ (net)
                      0.039108    0.000007    0.942935 ^ _1067_/D (sky130_fd_sc_hd__dfxtp_2)
                                              0.942935   data arrival time

                                  0.000000    0.000000   clock wr_clk (rise edge)
                                  0.000000    0.000000   clock source latency
     1    0.018723    0.000000    0.000000    0.000000 ^ wr_clk (in)
                                                         wr_clk (net)
                      0.001049    0.000525    0.000525 ^ clkbuf_0_wr_clk/A (sky130_fd_sc_hd__clkbuf_16)
    16    0.088820    0.105109    0.162823    0.163347 ^ clkbuf_0_wr_clk/X (sky130_fd_sc_hd__clkbuf_16)
                                                         clknet_0_wr_clk (net)
                      0.105111    0.000680    0.164027 ^ clkbuf_4_8_0_wr_clk/A (sky130_fd_sc_hd__clkbuf_8)
     2    0.018015    0.048272    0.151299    0.315326 ^ clkbuf_4_8_0_wr_clk/X (sky130_fd_sc_hd__clkbuf_8)
                                                         clknet_4_8_0_wr_clk (net)
                      0.048272    0.000133    0.315459 ^ clkbuf_5_17__f_wr_clk/A (sky130_fd_sc_hd__clkbuf_16)
     5    0.012586    0.035533    0.119550    0.435008 ^ clkbuf_5_17__f_wr_clk/X (sky130_fd_sc_hd__clkbuf_16)
                                                         clknet_5_17__leaf_wr_clk (net)
                      0.035533    0.000028    0.435036 ^ _1067_/CLK (sky130_fd_sc_hd__dfxtp_2)
                                  0.100000    0.535036   clock uncertainty
                                  0.000000    0.535036   clock reconvergence pessimism
                                 -0.031214    0.503822   library hold time
                                              0.503822   data required time
---------------------------------------------------------------------------------------------
                                              0.503822   data required time
                                             -0.942935   data arrival time
---------------------------------------------------------------------------------------------
                                              0.439114   slack (MET)


Startpoint: _1085_ (rising edge-triggered flip-flop clocked by wr_clk)
Endpoint: _1085_ (rising edge-triggered flip-flop clocked by wr_clk)
Path Group: wr_clk
Path Type: min

Fanout         Cap        Slew       Delay        Time   Description
---------------------------------------------------------------------------------------------
                                  0.000000    0.000000   clock wr_clk (rise edge)
                                  0.000000    0.000000   clock source latency
     1    0.018723    0.000000    0.000000    0.000000 ^ wr_clk (in)
                                                         wr_clk (net)
                      0.001049    0.000525    0.000525 ^ clkbuf_0_wr_clk/A (sky130_fd_sc_hd__clkbuf_16)
    16    0.088820    0.105109    0.162823    0.163347 ^ clkbuf_0_wr_clk/X (sky130_fd_sc_hd__clkbuf_16)
                                                         clknet_0_wr_clk (net)
                      0.105117    0.001038    0.164385 ^ clkbuf_4_4_0_wr_clk/A (sky130_fd_sc_hd__clkbuf_8)
     2    0.017475    0.047432    0.150512    0.314897 ^ clkbuf_4_4_0_wr_clk/X (sky130_fd_sc_hd__clkbuf_8)
                                                         clknet_4_4_0_wr_clk (net)
                      0.047432    0.000074    0.314970 ^ clkbuf_5_8__f_wr_clk/A (sky130_fd_sc_hd__clkbuf_16)
     5    0.011925    0.034971    0.118611    0.433581 ^ clkbuf_5_8__f_wr_clk/X (sky130_fd_sc_hd__clkbuf_16)
                                                         clknet_5_8__leaf_wr_clk (net)
                      0.034971    0.000060    0.433641 ^ _1085_/CLK (sky130_fd_sc_hd__dfxtp_2)
     2    0.004582    0.038783    0.307895    0.741536 ^ _1085_/Q (sky130_fd_sc_hd__dfxtp_2)
                                                         u_fifomem.mem[11][7] (net)
                      0.038783    0.000009    0.741545 ^ _0834_/A1 (sky130_fd_sc_hd__mux2_2)
     1    0.002873    0.036518    0.131465    0.873009 ^ _0834_/X (sky130_fd_sc_hd__mux2_2)
                                                         _0393_ (net)
                      0.036518    0.000010    0.873019 ^ _0835_/A (sky130_fd_sc_hd__buf_1)
     1    0.001824    0.034741    0.069673    0.942692 ^ _0835_/X (sky130_fd_sc_hd__buf_1)
                                                         _0025_ (net)
                      0.034741    0.000001    0.942693 ^ _1085_/D (sky130_fd_sc_hd__dfxtp_2)
                                              0.942693   data arrival time

                                  0.000000    0.000000   clock wr_clk (rise edge)
                                  0.000000    0.000000   clock source latency
     1    0.018723    0.000000    0.000000    0.000000 ^ wr_clk (in)
                                                         wr_clk (net)
                      0.001049    0.000525    0.000525 ^ clkbuf_0_wr_clk/A (sky130_fd_sc_hd__clkbuf_16)
    16    0.088820    0.105109    0.162823    0.163347 ^ clkbuf_0_wr_clk/X (sky130_fd_sc_hd__clkbuf_16)
                                                         clknet_0_wr_clk (net)
                      0.105117    0.001038    0.164385 ^ clkbuf_4_4_0_wr_clk/A (sky130_fd_sc_hd__clkbuf_8)
     2    0.017475    0.047432    0.150512    0.314897 ^ clkbuf_4_4_0_wr_clk/X (sky130_fd_sc_hd__clkbuf_8)
                                                         clknet_4_4_0_wr_clk (net)
                      0.047432    0.000074    0.314970 ^ clkbuf_5_8__f_wr_clk/A (sky130_fd_sc_hd__clkbuf_16)
     5    0.011925    0.034971    0.118611    0.433581 ^ clkbuf_5_8__f_wr_clk/X (sky130_fd_sc_hd__clkbuf_16)
                                                         clknet_5_8__leaf_wr_clk (net)
                      0.034971    0.000060    0.433641 ^ _1085_/CLK (sky130_fd_sc_hd__dfxtp_2)
                                  0.100000    0.533641   clock uncertainty
                                  0.000000    0.533641   clock reconvergence pessimism
                                 -0.030382    0.503259   library hold time
                                              0.503259   data required time
---------------------------------------------------------------------------------------------
                                              0.503259   data required time
                                             -0.942693   data arrival time
---------------------------------------------------------------------------------------------
                                              0.439435   slack (MET)


Startpoint: _1148_ (rising edge-triggered flip-flop clocked by wr_clk)
Endpoint: _1148_ (rising edge-triggered flip-flop clocked by wr_clk)
Path Group: wr_clk
Path Type: min

Fanout         Cap        Slew       Delay        Time   Description
---------------------------------------------------------------------------------------------
                                  0.000000    0.000000   clock wr_clk (rise edge)
                                  0.000000    0.000000   clock source latency
     1    0.018723    0.000000    0.000000    0.000000 ^ wr_clk (in)
                                                         wr_clk (net)
                      0.001049    0.000525    0.000525 ^ clkbuf_0_wr_clk/A (sky130_fd_sc_hd__clkbuf_16)
    16    0.088820    0.105109    0.162823    0.163347 ^ clkbuf_0_wr_clk/X (sky130_fd_sc_hd__clkbuf_16)
                                                         clknet_0_wr_clk (net)
                      0.105109    0.000078    0.163426 ^ clkbuf_4_12_0_wr_clk/A (sky130_fd_sc_hd__clkbuf_8)
     2    0.017657    0.047717    0.150765    0.314190 ^ clkbuf_4_12_0_wr_clk/X (sky130_fd_sc_hd__clkbuf_8)
                                                         clknet_4_12_0_wr_clk (net)
                      0.047717    0.000109    0.314299 ^ clkbuf_5_25__f_wr_clk/A (sky130_fd_sc_hd__clkbuf_16)
     6    0.016992    0.039285    0.123585    0.437884 ^ clkbuf_5_25__f_wr_clk/X (sky130_fd_sc_hd__clkbuf_16)
                                                         clknet_5_25__leaf_wr_clk (net)
                      0.039285    0.000020    0.437903 ^ _1148_/CLK (sky130_fd_sc_hd__dfxtp_2)
     2    0.004569    0.038714    0.309448    0.747351 ^ _1148_/Q (sky130_fd_sc_hd__dfxtp_2)
                                                         u_fifomem.mem[4][6] (net)
                      0.038714    0.000012    0.747363 ^ _0972_/A0 (sky130_fd_sc_hd__mux2_2)
     1    0.002433    0.035946    0.128199    0.875562 ^ _0972_/X (sky130_fd_sc_hd__mux2_2)
                                                         _0468_ (net)
                      0.035946    0.000004    0.875566 ^ _0973_/A (sky130_fd_sc_hd__buf_1)
     1    0.002104    0.037869    0.071771    0.947336 ^ _0973_/X (sky130_fd_sc_hd__buf_1)
                                                         _0088_ (net)
                      0.037869    0.000004    0.947341 ^ _1148_/D (sky130_fd_sc_hd__dfxtp_2)
                                              0.947341   data arrival time

                                  0.000000    0.000000   clock wr_clk (rise edge)
                                  0.000000    0.000000   clock source latency
     1    0.018723    0.000000    0.000000    0.000000 ^ wr_clk (in)
                                                         wr_clk (net)
                      0.001049    0.000525    0.000525 ^ clkbuf_0_wr_clk/A (sky130_fd_sc_hd__clkbuf_16)
    16    0.088820    0.105109    0.162823    0.163347 ^ clkbuf_0_wr_clk/X (sky130_fd_sc_hd__clkbuf_16)
                                                         clknet_0_wr_clk (net)
                      0.105109    0.000078    0.163426 ^ clkbuf_4_12_0_wr_clk/A (sky130_fd_sc_hd__clkbuf_8)
     2    0.017657    0.047717    0.150765    0.314190 ^ clkbuf_4_12_0_wr_clk/X (sky130_fd_sc_hd__clkbuf_8)
                                                         clknet_4_12_0_wr_clk (net)
                      0.047717    0.000109    0.314299 ^ clkbuf_5_25__f_wr_clk/A (sky130_fd_sc_hd__clkbuf_16)
     6    0.016992    0.039285    0.123585    0.437884 ^ clkbuf_5_25__f_wr_clk/X (sky130_fd_sc_hd__clkbuf_16)
                                                         clknet_5_25__leaf_wr_clk (net)
                      0.039285    0.000020    0.437903 ^ _1148_/CLK (sky130_fd_sc_hd__dfxtp_2)
                                  0.100000    0.537903   clock uncertainty
                                  0.000000    0.537903   clock reconvergence pessimism
                                 -0.030464    0.507439   library hold time
                                              0.507439   data required time
---------------------------------------------------------------------------------------------
                                              0.507439   data required time
                                             -0.947341   data arrival time
---------------------------------------------------------------------------------------------
                                              0.439901   slack (MET)


Startpoint: _1166_ (rising edge-triggered flip-flop clocked by wr_clk)
Endpoint: _1166_ (rising edge-triggered flip-flop clocked by wr_clk)
Path Group: wr_clk
Path Type: min

Fanout         Cap        Slew       Delay        Time   Description
---------------------------------------------------------------------------------------------
                                  0.000000    0.000000   clock wr_clk (rise edge)
                                  0.000000    0.000000   clock source latency
     1    0.018723    0.000000    0.000000    0.000000 ^ wr_clk (in)
                                                         wr_clk (net)
                      0.001049    0.000525    0.000525 ^ clkbuf_0_wr_clk/A (sky130_fd_sc_hd__clkbuf_16)
    16    0.088820    0.105109    0.162823    0.163347 ^ clkbuf_0_wr_clk/X (sky130_fd_sc_hd__clkbuf_16)
                                                         clknet_0_wr_clk (net)
                      0.105112    0.000804    0.164151 ^ clkbuf_4_1_0_wr_clk/A (sky130_fd_sc_hd__clkbuf_8)
     2    0.016904    0.046551    0.149671    0.313822 ^ clkbuf_4_1_0_wr_clk/X (sky130_fd_sc_hd__clkbuf_8)
                                                         clknet_4_1_0_wr_clk (net)
                      0.046551    0.000011    0.313833 ^ clkbuf_5_3__f_wr_clk/A (sky130_fd_sc_hd__clkbuf_16)
     5    0.011865    0.034920    0.118237    0.432070 ^ clkbuf_5_3__f_wr_clk/X (sky130_fd_sc_hd__clkbuf_16)
                                                         clknet_5_3__leaf_wr_clk (net)
                      0.034920    0.000004    0.432074 ^ _1166_/CLK (sky130_fd_sc_hd__dfxtp_2)
     2    0.004208    0.037098    0.306457    0.738530 ^ _1166_/Q (sky130_fd_sc_hd__dfxtp_2)
                                                         u_fifomem.mem[7][0] (net)
                      0.037098    0.000005    0.738535 ^ _1011_/A1 (sky130_fd_sc_hd__mux2_2)
     1    0.002645    0.037004    0.129537    0.868072 ^ _1011_/X (sky130_fd_sc_hd__mux2_2)
                                                         _0489_ (net)
                      0.037004    0.000007    0.868080 ^ _1012_/A (sky130_fd_sc_hd__buf_1)
     1    0.002183    0.038755    0.072787    0.940867 ^ _1012_/X (sky130_fd_sc_hd__buf_1)
                                                         _0106_ (net)
                      0.038755    0.000005    0.940872 ^ _1166_/D (sky130_fd_sc_hd__dfxtp_2)
                                              0.940872   data arrival time

                                  0.000000    0.000000   clock wr_clk (rise edge)
                                  0.000000    0.000000   clock source latency
     1    0.018723    0.000000    0.000000    0.000000 ^ wr_clk (in)
                                                         wr_clk (net)
                      0.001049    0.000525    0.000525 ^ clkbuf_0_wr_clk/A (sky130_fd_sc_hd__clkbuf_16)
    16    0.088820    0.105109    0.162823    0.163347 ^ clkbuf_0_wr_clk/X (sky130_fd_sc_hd__clkbuf_16)
                                                         clknet_0_wr_clk (net)
                      0.105112    0.000804    0.164151 ^ clkbuf_4_1_0_wr_clk/A (sky130_fd_sc_hd__clkbuf_8)
     2    0.016904    0.046551    0.149671    0.313822 ^ clkbuf_4_1_0_wr_clk/X (sky130_fd_sc_hd__clkbuf_8)
                                                         clknet_4_1_0_wr_clk (net)
                      0.046551    0.000011    0.313833 ^ clkbuf_5_3__f_wr_clk/A (sky130_fd_sc_hd__clkbuf_16)
     5    0.011865    0.034920    0.118237    0.432070 ^ clkbuf_5_3__f_wr_clk/X (sky130_fd_sc_hd__clkbuf_16)
                                                         clknet_5_3__leaf_wr_clk (net)
                      0.034920    0.000004    0.432074 ^ _1166_/CLK (sky130_fd_sc_hd__dfxtp_2)
                                  0.100000    0.532074   clock uncertainty
                                  0.000000    0.532074   clock reconvergence pessimism
                                 -0.031222    0.500852   library hold time
                                              0.500852   data required time
---------------------------------------------------------------------------------------------
                                              0.500852   data required time
                                             -0.940872   data arrival time
---------------------------------------------------------------------------------------------
                                              0.440020   slack (MET)


Startpoint: _1088_ (rising edge-triggered flip-flop clocked by wr_clk)
Endpoint: _1088_ (rising edge-triggered flip-flop clocked by wr_clk)
Path Group: wr_clk
Path Type: min

Fanout         Cap        Slew       Delay        Time   Description
---------------------------------------------------------------------------------------------
                                  0.000000    0.000000   clock wr_clk (rise edge)
                                  0.000000    0.000000   clock source latency
     1    0.018723    0.000000    0.000000    0.000000 ^ wr_clk (in)
                                                         wr_clk (net)
                      0.001049    0.000525    0.000525 ^ clkbuf_0_wr_clk/A (sky130_fd_sc_hd__clkbuf_16)
    16    0.088820    0.105109    0.162823    0.163347 ^ clkbuf_0_wr_clk/X (sky130_fd_sc_hd__clkbuf_16)
                                                         clknet_0_wr_clk (net)
                      0.105119    0.001133    0.164480 ^ clkbuf_4_7_0_wr_clk/A (sky130_fd_sc_hd__clkbuf_8)
     2    0.017239    0.047063    0.150173    0.314653 ^ clkbuf_4_7_0_wr_clk/X (sky130_fd_sc_hd__clkbuf_8)
                                                         clknet_4_7_0_wr_clk (net)
                      0.047063    0.000010    0.314663 ^ clkbuf_5_14__f_wr_clk/A (sky130_fd_sc_hd__clkbuf_16)
     5    0.012458    0.035424    0.118993    0.433656 ^ clkbuf_5_14__f_wr_clk/X (sky130_fd_sc_hd__clkbuf_16)
                                                         clknet_5_14__leaf_wr_clk (net)
                      0.035424    0.000024    0.433680 ^ _1088_/CLK (sky130_fd_sc_hd__dfxtp_2)
     2    0.004723    0.038131    0.308589    0.742269 ^ _1088_/Q (sky130_fd_sc_hd__dfxtp_2)
                                                         u_fifomem.mem[12][2] (net)
                      0.038131    0.000016    0.742286 ^ _0842_/A0 (sky130_fd_sc_hd__mux2_2)
     1    0.002900    0.037127    0.130782    0.873068 ^ _0842_/X (sky130_fd_sc_hd__mux2_2)
                                                         _0398_ (net)
                      0.037127    0.000010    0.873078 ^ _0843_/A (sky130_fd_sc_hd__buf_1)
     1    0.001866    0.035209    0.070228    0.943306 ^ _0843_/X (sky130_fd_sc_hd__buf_1)
                                                         _0028_ (net)
                      0.035209    0.000002    0.943308 ^ _1088_/D (sky130_fd_sc_hd__dfxtp_2)
                                              0.943308   data arrival time

                                  0.000000    0.000000   clock wr_clk (rise edge)
                                  0.000000    0.000000   clock source latency
     1    0.018723    0.000000    0.000000    0.000000 ^ wr_clk (in)
                                                         wr_clk (net)
                      0.001049    0.000525    0.000525 ^ clkbuf_0_wr_clk/A (sky130_fd_sc_hd__clkbuf_16)
    16    0.088820    0.105109    0.162823    0.163347 ^ clkbuf_0_wr_clk/X (sky130_fd_sc_hd__clkbuf_16)
                                                         clknet_0_wr_clk (net)
                      0.105119    0.001133    0.164480 ^ clkbuf_4_7_0_wr_clk/A (sky130_fd_sc_hd__clkbuf_8)
     2    0.017239    0.047063    0.150173    0.314653 ^ clkbuf_4_7_0_wr_clk/X (sky130_fd_sc_hd__clkbuf_8)
                                                         clknet_4_7_0_wr_clk (net)
                      0.047063    0.000010    0.314663 ^ clkbuf_5_14__f_wr_clk/A (sky130_fd_sc_hd__clkbuf_16)
     5    0.012458    0.035424    0.118993    0.433656 ^ clkbuf_5_14__f_wr_clk/X (sky130_fd_sc_hd__clkbuf_16)
                                                         clknet_5_14__leaf_wr_clk (net)
                      0.035424    0.000024    0.433680 ^ _1088_/CLK (sky130_fd_sc_hd__dfxtp_2)
                                  0.100000    0.533680   clock uncertainty
                                  0.000000    0.533680   clock reconvergence pessimism
                                 -0.030420    0.503260   library hold time
                                              0.503260   data required time
---------------------------------------------------------------------------------------------
                                              0.503260   data required time
                                             -0.943308   data arrival time
---------------------------------------------------------------------------------------------
                                              0.440048   slack (MET)


Startpoint: _1079_ (rising edge-triggered flip-flop clocked by wr_clk)
Endpoint: _1079_ (rising edge-triggered flip-flop clocked by wr_clk)
Path Group: wr_clk
Path Type: min

Fanout         Cap        Slew       Delay        Time   Description
---------------------------------------------------------------------------------------------
                                  0.000000    0.000000   clock wr_clk (rise edge)
                                  0.000000    0.000000   clock source latency
     1    0.018723    0.000000    0.000000    0.000000 ^ wr_clk (in)
                                                         wr_clk (net)
                      0.001049    0.000525    0.000525 ^ clkbuf_0_wr_clk/A (sky130_fd_sc_hd__clkbuf_16)
    16    0.088820    0.105109    0.162823    0.163347 ^ clkbuf_0_wr_clk/X (sky130_fd_sc_hd__clkbuf_16)
                                                         clknet_0_wr_clk (net)
                      0.105119    0.001133    0.164480 ^ clkbuf_4_7_0_wr_clk/A (sky130_fd_sc_hd__clkbuf_8)
     2    0.017239    0.047063    0.150173    0.314653 ^ clkbuf_4_7_0_wr_clk/X (sky130_fd_sc_hd__clkbuf_8)
                                                         clknet_4_7_0_wr_clk (net)
                      0.047063    0.000010    0.314663 ^ clkbuf_5_14__f_wr_clk/A (sky130_fd_sc_hd__clkbuf_16)
     5    0.012458    0.035424    0.118993    0.433656 ^ clkbuf_5_14__f_wr_clk/X (sky130_fd_sc_hd__clkbuf_16)
                                                         clknet_5_14__leaf_wr_clk (net)
                      0.035424    0.000008    0.433664 ^ _1079_/CLK (sky130_fd_sc_hd__dfxtp_2)
     2    0.004387    0.036392    0.307330    0.740994 ^ _1079_/Q (sky130_fd_sc_hd__dfxtp_2)
                                                         u_fifomem.mem[11][1] (net)
                      0.036392    0.000015    0.741010 ^ _0822_/A1 (sky130_fd_sc_hd__mux2_2)
     1    0.002384    0.035713    0.127749    0.868759 ^ _0822_/X (sky130_fd_sc_hd__mux2_2)
                                                         _0387_ (net)
                      0.035713    0.000003    0.868762 ^ _0823_/A (sky130_fd_sc_hd__buf_1)
     1    0.002329    0.040385    0.073537    0.942299 ^ _0823_/X (sky130_fd_sc_hd__buf_1)
                                                         _0019_ (net)
                      0.040385    0.000009    0.942308 ^ _1079_/D (sky130_fd_sc_hd__dfxtp_2)
                                              0.942308   data arrival time

                                  0.000000    0.000000   clock wr_clk (rise edge)
                                  0.000000    0.000000   clock source latency
     1    0.018723    0.000000    0.000000    0.000000 ^ wr_clk (in)
                                                         wr_clk (net)
                      0.001049    0.000525    0.000525 ^ clkbuf_0_wr_clk/A (sky130_fd_sc_hd__clkbuf_16)
    16    0.088820    0.105109    0.162823    0.163347 ^ clkbuf_0_wr_clk/X (sky130_fd_sc_hd__clkbuf_16)
                                                         clknet_0_wr_clk (net)
                      0.105119    0.001133    0.164480 ^ clkbuf_4_7_0_wr_clk/A (sky130_fd_sc_hd__clkbuf_8)
     2    0.017239    0.047063    0.150173    0.314653 ^ clkbuf_4_7_0_wr_clk/X (sky130_fd_sc_hd__clkbuf_8)
                                                         clknet_4_7_0_wr_clk (net)
                      0.047063    0.000010    0.314663 ^ clkbuf_5_14__f_wr_clk/A (sky130_fd_sc_hd__clkbuf_16)
     5    0.012458    0.035424    0.118993    0.433656 ^ clkbuf_5_14__f_wr_clk/X (sky130_fd_sc_hd__clkbuf_16)
                                                         clknet_5_14__leaf_wr_clk (net)
                      0.035424    0.000008    0.433664 ^ _1079_/CLK (sky130_fd_sc_hd__dfxtp_2)
                                  0.100000    0.533664   clock uncertainty
                                  0.000000    0.533664   clock reconvergence pessimism
                                 -0.031493    0.502171   library hold time
                                              0.502171   data required time
---------------------------------------------------------------------------------------------
                                              0.502171   data required time
                                             -0.942308   data arrival time
---------------------------------------------------------------------------------------------
                                              0.440137   slack (MET)


Startpoint: _1156_ (rising edge-triggered flip-flop clocked by wr_clk)
Endpoint: _1156_ (rising edge-triggered flip-flop clocked by wr_clk)
Path Group: wr_clk
Path Type: min

Fanout         Cap        Slew       Delay        Time   Description
---------------------------------------------------------------------------------------------
                                  0.000000    0.000000   clock wr_clk (rise edge)
                                  0.000000    0.000000   clock source latency
     1    0.018723    0.000000    0.000000    0.000000 ^ wr_clk (in)
                                                         wr_clk (net)
                      0.001049    0.000525    0.000525 ^ clkbuf_0_wr_clk/A (sky130_fd_sc_hd__clkbuf_16)
    16    0.088820    0.105109    0.162823    0.163347 ^ clkbuf_0_wr_clk/X (sky130_fd_sc_hd__clkbuf_16)
                                                         clknet_0_wr_clk (net)
                      0.105109    0.000078    0.163426 ^ clkbuf_4_12_0_wr_clk/A (sky130_fd_sc_hd__clkbuf_8)
     2    0.017657    0.047717    0.150765    0.314190 ^ clkbuf_4_12_0_wr_clk/X (sky130_fd_sc_hd__clkbuf_8)
                                                         clknet_4_12_0_wr_clk (net)
                      0.047717    0.000109    0.314299 ^ clkbuf_5_25__f_wr_clk/A (sky130_fd_sc_hd__clkbuf_16)
     6    0.016992    0.039285    0.123585    0.437884 ^ clkbuf_5_25__f_wr_clk/X (sky130_fd_sc_hd__clkbuf_16)
                                                         clknet_5_25__leaf_wr_clk (net)
                      0.039285    0.000043    0.437926 ^ _1156_/CLK (sky130_fd_sc_hd__dfxtp_2)
     2    0.004711    0.038072    0.309976    0.747902 ^ _1156_/Q (sky130_fd_sc_hd__dfxtp_2)
                                                         u_fifomem.mem[5][6] (net)
                      0.038072    0.000013    0.747915 ^ _0989_/A0 (sky130_fd_sc_hd__mux2_2)
     1    0.002645    0.036997    0.129238    0.877153 ^ _0989_/X (sky130_fd_sc_hd__mux2_2)
                                                         _0477_ (net)
                      0.036997    0.000006    0.877159 ^ _0990_/A (sky130_fd_sc_hd__buf_1)
     1    0.001943    0.036071    0.070815    0.947974 ^ _0990_/X (sky130_fd_sc_hd__buf_1)
                                                         _0096_ (net)
                      0.036071    0.000002    0.947976 ^ _1156_/D (sky130_fd_sc_hd__dfxtp_2)
                                              0.947976   data arrival time

                                  0.000000    0.000000   clock wr_clk (rise edge)
                                  0.000000    0.000000   clock source latency
     1    0.018723    0.000000    0.000000    0.000000 ^ wr_clk (in)
                                                         wr_clk (net)
                      0.001049    0.000525    0.000525 ^ clkbuf_0_wr_clk/A (sky130_fd_sc_hd__clkbuf_16)
    16    0.088820    0.105109    0.162823    0.163347 ^ clkbuf_0_wr_clk/X (sky130_fd_sc_hd__clkbuf_16)
                                                         clknet_0_wr_clk (net)
                      0.105109    0.000078    0.163426 ^ clkbuf_4_12_0_wr_clk/A (sky130_fd_sc_hd__clkbuf_8)
     2    0.017657    0.047717    0.150765    0.314190 ^ clkbuf_4_12_0_wr_clk/X (sky130_fd_sc_hd__clkbuf_8)
                                                         clknet_4_12_0_wr_clk (net)
                      0.047717    0.000109    0.314299 ^ clkbuf_5_25__f_wr_clk/A (sky130_fd_sc_hd__clkbuf_16)
     6    0.016992    0.039285    0.123585    0.437884 ^ clkbuf_5_25__f_wr_clk/X (sky130_fd_sc_hd__clkbuf_16)
                                                         clknet_5_25__leaf_wr_clk (net)
                      0.039285    0.000043    0.437926 ^ _1156_/CLK (sky130_fd_sc_hd__dfxtp_2)
                                  0.100000    0.537926   clock uncertainty
                                  0.000000    0.537926   clock reconvergence pessimism
                                 -0.030091    0.507835   library hold time
                                              0.507835   data required time
---------------------------------------------------------------------------------------------
                                              0.507835   data required time
                                             -0.947976   data arrival time
---------------------------------------------------------------------------------------------
                                              0.440141   slack (MET)


Startpoint: _1143_ (rising edge-triggered flip-flop clocked by wr_clk)
Endpoint: _1143_ (rising edge-triggered flip-flop clocked by wr_clk)
Path Group: wr_clk
Path Type: min

Fanout         Cap        Slew       Delay        Time   Description
---------------------------------------------------------------------------------------------
                                  0.000000    0.000000   clock wr_clk (rise edge)
                                  0.000000    0.000000   clock source latency
     1    0.018723    0.000000    0.000000    0.000000 ^ wr_clk (in)
                                                         wr_clk (net)
                      0.001049    0.000525    0.000525 ^ clkbuf_0_wr_clk/A (sky130_fd_sc_hd__clkbuf_16)
    16    0.088820    0.105109    0.162823    0.163347 ^ clkbuf_0_wr_clk/X (sky130_fd_sc_hd__clkbuf_16)
                                                         clknet_0_wr_clk (net)
                      0.105109    0.000078    0.163426 ^ clkbuf_4_12_0_wr_clk/A (sky130_fd_sc_hd__clkbuf_8)
     2    0.017657    0.047717    0.150765    0.314190 ^ clkbuf_4_12_0_wr_clk/X (sky130_fd_sc_hd__clkbuf_8)
                                                         clknet_4_12_0_wr_clk (net)
                      0.047717    0.000091    0.314281 ^ clkbuf_5_24__f_wr_clk/A (sky130_fd_sc_hd__clkbuf_16)
     5    0.012309    0.035298    0.119083    0.433364 ^ clkbuf_5_24__f_wr_clk/X (sky130_fd_sc_hd__clkbuf_16)
                                                         clknet_5_24__leaf_wr_clk (net)
                      0.035298    0.000025    0.433390 ^ _1143_/CLK (sky130_fd_sc_hd__dfxtp_2)
     2    0.004459    0.038226    0.307556    0.740945 ^ _1143_/Q (sky130_fd_sc_hd__dfxtp_2)
                                                         u_fifomem.mem[4][1] (net)
                      0.038226    0.000010    0.740955 ^ _0962_/A0 (sky130_fd_sc_hd__mux2_2)
     1    0.002463    0.036098    0.128210    0.869165 ^ _0962_/X (sky130_fd_sc_hd__mux2_2)
                                                         _0463_ (net)
                      0.036098    0.000004    0.869169 ^ _0963_/A (sky130_fd_sc_hd__buf_1)
     1    0.002262    0.039643    0.073125    0.942294 ^ _0963_/X (sky130_fd_sc_hd__buf_1)
                                                         _0083_ (net)
                      0.039643    0.000006    0.942300 ^ _1143_/D (sky130_fd_sc_hd__dfxtp_2)
                                              0.942300   data arrival time

                                  0.000000    0.000000   clock wr_clk (rise edge)
                                  0.000000    0.000000   clock source latency
     1    0.018723    0.000000    0.000000    0.000000 ^ wr_clk (in)
                                                         wr_clk (net)
                      0.001049    0.000525    0.000525 ^ clkbuf_0_wr_clk/A (sky130_fd_sc_hd__clkbuf_16)
    16    0.088820    0.105109    0.162823    0.163347 ^ clkbuf_0_wr_clk/X (sky130_fd_sc_hd__clkbuf_16)
                                                         clknet_0_wr_clk (net)
                      0.105109    0.000078    0.163426 ^ clkbuf_4_12_0_wr_clk/A (sky130_fd_sc_hd__clkbuf_8)
     2    0.017657    0.047717    0.150765    0.314190 ^ clkbuf_4_12_0_wr_clk/X (sky130_fd_sc_hd__clkbuf_8)
                                                         clknet_4_12_0_wr_clk (net)
                      0.047717    0.000091    0.314281 ^ clkbuf_5_24__f_wr_clk/A (sky130_fd_sc_hd__clkbuf_16)
     5    0.012309    0.035298    0.119083    0.433364 ^ clkbuf_5_24__f_wr_clk/X (sky130_fd_sc_hd__clkbuf_16)
                                                         clknet_5_24__leaf_wr_clk (net)
                      0.035298    0.000025    0.433390 ^ _1143_/CLK (sky130_fd_sc_hd__dfxtp_2)
                                  0.100000    0.533390   clock uncertainty
                                  0.000000    0.533390   clock reconvergence pessimism
                                 -0.031356    0.502034   library hold time
                                              0.502034   data required time
---------------------------------------------------------------------------------------------
                                              0.502034   data required time
                                             -0.942300   data arrival time
---------------------------------------------------------------------------------------------
                                              0.440266   slack (MET)


Startpoint: _1081_ (rising edge-triggered flip-flop clocked by wr_clk)
Endpoint: _1081_ (rising edge-triggered flip-flop clocked by wr_clk)
Path Group: wr_clk
Path Type: min

Fanout         Cap        Slew       Delay        Time   Description
---------------------------------------------------------------------------------------------
                                  0.000000    0.000000   clock wr_clk (rise edge)
                                  0.000000    0.000000   clock source latency
     1    0.018723    0.000000    0.000000    0.000000 ^ wr_clk (in)
                                                         wr_clk (net)
                      0.001049    0.000525    0.000525 ^ clkbuf_0_wr_clk/A (sky130_fd_sc_hd__clkbuf_16)
    16    0.088820    0.105109    0.162823    0.163347 ^ clkbuf_0_wr_clk/X (sky130_fd_sc_hd__clkbuf_16)
                                                         clknet_0_wr_clk (net)
                      0.105109    0.000094    0.163442 ^ clkbuf_4_13_0_wr_clk/A (sky130_fd_sc_hd__clkbuf_8)
     2    0.017714    0.047814    0.150829    0.314271 ^ clkbuf_4_13_0_wr_clk/X (sky130_fd_sc_hd__clkbuf_8)
                                                         clknet_4_13_0_wr_clk (net)
                      0.047814    0.000122    0.314393 ^ clkbuf_5_26__f_wr_clk/A (sky130_fd_sc_hd__clkbuf_16)
     5    0.012560    0.035511    0.119362    0.433755 ^ clkbuf_5_26__f_wr_clk/X (sky130_fd_sc_hd__clkbuf_16)
                                                         clknet_5_26__leaf_wr_clk (net)
                      0.035511    0.000047    0.433802 ^ _1081_/CLK (sky130_fd_sc_hd__dfxtp_2)
     2    0.004936    0.039016    0.309418    0.743220 ^ _1081_/Q (sky130_fd_sc_hd__dfxtp_2)
                                                         u_fifomem.mem[11][3] (net)
                      0.039016    0.000005    0.743226 ^ _0826_/A1 (sky130_fd_sc_hd__mux2_2)
     1    0.002733    0.037440    0.130707    0.873932 ^ _0826_/X (sky130_fd_sc_hd__mux2_2)
                                                         _0389_ (net)
                      0.037440    0.000007    0.873939 ^ _0827_/A (sky130_fd_sc_hd__buf_1)
     1    0.001824    0.034742    0.069993    0.943933 ^ _0827_/X (sky130_fd_sc_hd__buf_1)
                                                         _0021_ (net)
                      0.034742    0.000001    0.943934 ^ _1081_/D (sky130_fd_sc_hd__dfxtp_2)
                                              0.943934   data arrival time

                                  0.000000    0.000000   clock wr_clk (rise edge)
                                  0.000000    0.000000   clock source latency
     1    0.018723    0.000000    0.000000    0.000000 ^ wr_clk (in)
                                                         wr_clk (net)
                      0.001049    0.000525    0.000525 ^ clkbuf_0_wr_clk/A (sky130_fd_sc_hd__clkbuf_16)
    16    0.088820    0.105109    0.162823    0.163347 ^ clkbuf_0_wr_clk/X (sky130_fd_sc_hd__clkbuf_16)
                                                         clknet_0_wr_clk (net)
                      0.105109    0.000094    0.163442 ^ clkbuf_4_13_0_wr_clk/A (sky130_fd_sc_hd__clkbuf_8)
     2    0.017714    0.047814    0.150829    0.314271 ^ clkbuf_4_13_0_wr_clk/X (sky130_fd_sc_hd__clkbuf_8)
                                                         clknet_4_13_0_wr_clk (net)
                      0.047814    0.000122    0.314393 ^ clkbuf_5_26__f_wr_clk/A (sky130_fd_sc_hd__clkbuf_16)
     5    0.012560    0.035511    0.119362    0.433755 ^ clkbuf_5_26__f_wr_clk/X (sky130_fd_sc_hd__clkbuf_16)
                                                         clknet_5_26__leaf_wr_clk (net)
                      0.035511    0.000047    0.433802 ^ _1081_/CLK (sky130_fd_sc_hd__dfxtp_2)
                                  0.100000    0.533802   clock uncertainty
                                  0.000000    0.533802   clock reconvergence pessimism
                                 -0.030312    0.503490   library hold time
                                              0.503490   data required time
---------------------------------------------------------------------------------------------
                                              0.503490   data required time
                                             -0.943934   data arrival time
---------------------------------------------------------------------------------------------
                                              0.440444   slack (MET)


Startpoint: _1176_ (rising edge-triggered flip-flop clocked by wr_clk)
Endpoint: _1176_ (rising edge-triggered flip-flop clocked by wr_clk)
Path Group: wr_clk
Path Type: min

Fanout         Cap        Slew       Delay        Time   Description
---------------------------------------------------------------------------------------------
                                  0.000000    0.000000   clock wr_clk (rise edge)
                                  0.000000    0.000000   clock source latency
     1    0.018723    0.000000    0.000000    0.000000 ^ wr_clk (in)
                                                         wr_clk (net)
                      0.001049    0.000525    0.000525 ^ clkbuf_0_wr_clk/A (sky130_fd_sc_hd__clkbuf_16)
    16    0.088820    0.105109    0.162823    0.163347 ^ clkbuf_0_wr_clk/X (sky130_fd_sc_hd__clkbuf_16)
                                                         clknet_0_wr_clk (net)
                      0.105117    0.001038    0.164385 ^ clkbuf_4_4_0_wr_clk/A (sky130_fd_sc_hd__clkbuf_8)
     2    0.017475    0.047432    0.150512    0.314897 ^ clkbuf_4_4_0_wr_clk/X (sky130_fd_sc_hd__clkbuf_8)
                                                         clknet_4_4_0_wr_clk (net)
                      0.047432    0.000064    0.314960 ^ clkbuf_5_9__f_wr_clk/A (sky130_fd_sc_hd__clkbuf_16)
     5    0.012867    0.035772    0.119520    0.434480 ^ clkbuf_5_9__f_wr_clk/X (sky130_fd_sc_hd__clkbuf_16)
                                                         clknet_5_9__leaf_wr_clk (net)
                      0.035772    0.000021    0.434501 ^ _1176_/CLK (sky130_fd_sc_hd__dfxtp_2)
     2    0.004380    0.037868    0.307436    0.741937 ^ _1176_/Q (sky130_fd_sc_hd__dfxtp_2)
                                                         u_fifomem.mem[8][2] (net)
                      0.037868    0.000005    0.741942 ^ _1033_/A0 (sky130_fd_sc_hd__mux2_2)
     1    0.002740    0.036980    0.129738    0.871680 ^ _1033_/X (sky130_fd_sc_hd__mux2_2)
                                                         _0501_ (net)
                      0.036980    0.000007    0.871687 ^ _1034_/A (sky130_fd_sc_hd__buf_1)
     1    0.002123    0.038083    0.072286    0.943973 ^ _1034_/X (sky130_fd_sc_hd__buf_1)
                                                         _0116_ (net)
                      0.038083    0.000006    0.943979 ^ _1176_/D (sky130_fd_sc_hd__dfxtp_2)
                                              0.943979   data arrival time

                                  0.000000    0.000000   clock wr_clk (rise edge)
                                  0.000000    0.000000   clock source latency
     1    0.018723    0.000000    0.000000    0.000000 ^ wr_clk (in)
                                                         wr_clk (net)
                      0.001049    0.000525    0.000525 ^ clkbuf_0_wr_clk/A (sky130_fd_sc_hd__clkbuf_16)
    16    0.088820    0.105109    0.162823    0.163347 ^ clkbuf_0_wr_clk/X (sky130_fd_sc_hd__clkbuf_16)
                                                         clknet_0_wr_clk (net)
                      0.105117    0.001038    0.164385 ^ clkbuf_4_4_0_wr_clk/A (sky130_fd_sc_hd__clkbuf_8)
     2    0.017475    0.047432    0.150512    0.314897 ^ clkbuf_4_4_0_wr_clk/X (sky130_fd_sc_hd__clkbuf_8)
                                                         clknet_4_4_0_wr_clk (net)
                      0.047432    0.000064    0.314960 ^ clkbuf_5_9__f_wr_clk/A (sky130_fd_sc_hd__clkbuf_16)
     5    0.012867    0.035772    0.119520    0.434480 ^ clkbuf_5_9__f_wr_clk/X (sky130_fd_sc_hd__clkbuf_16)
                                                         clknet_5_9__leaf_wr_clk (net)
                      0.035772    0.000021    0.434501 ^ _1176_/CLK (sky130_fd_sc_hd__dfxtp_2)
                                  0.100000    0.534501   clock uncertainty
                                  0.000000    0.534501   clock reconvergence pessimism
                                 -0.030970    0.503531   library hold time
                                              0.503531   data required time
---------------------------------------------------------------------------------------------
                                              0.503531   data required time
                                             -0.943979   data arrival time
---------------------------------------------------------------------------------------------
                                              0.440448   slack (MET)


Startpoint: _1149_ (rising edge-triggered flip-flop clocked by wr_clk)
Endpoint: _1149_ (rising edge-triggered flip-flop clocked by wr_clk)
Path Group: wr_clk
Path Type: min

Fanout         Cap        Slew       Delay        Time   Description
---------------------------------------------------------------------------------------------
                                  0.000000    0.000000   clock wr_clk (rise edge)
                                  0.000000    0.000000   clock source latency
     1    0.018723    0.000000    0.000000    0.000000 ^ wr_clk (in)
                                                         wr_clk (net)
                      0.001049    0.000525    0.000525 ^ clkbuf_0_wr_clk/A (sky130_fd_sc_hd__clkbuf_16)
    16    0.088820    0.105109    0.162823    0.163347 ^ clkbuf_0_wr_clk/X (sky130_fd_sc_hd__clkbuf_16)
                                                         clknet_0_wr_clk (net)
                      0.105111    0.000676    0.164024 ^ clkbuf_4_9_0_wr_clk/A (sky130_fd_sc_hd__clkbuf_8)
     2    0.017637    0.047691    0.150726    0.314749 ^ clkbuf_4_9_0_wr_clk/X (sky130_fd_sc_hd__clkbuf_8)
                                                         clknet_4_9_0_wr_clk (net)
                      0.047691    0.000111    0.314860 ^ clkbuf_5_18__f_wr_clk/A (sky130_fd_sc_hd__clkbuf_16)
     5    0.012560    0.035512    0.119314    0.434174 ^ clkbuf_5_18__f_wr_clk/X (sky130_fd_sc_hd__clkbuf_16)
                                                         clknet_5_18__leaf_wr_clk (net)
                      0.035512    0.000038    0.434212 ^ _1149_/CLK (sky130_fd_sc_hd__dfxtp_2)
     2    0.004454    0.038205    0.307618    0.741831 ^ _1149_/Q (sky130_fd_sc_hd__dfxtp_2)
                                                         u_fifomem.mem[4][7] (net)
                      0.038205    0.000007    0.741838 ^ _0974_/A0 (sky130_fd_sc_hd__mux2_2)
     1    0.003049    0.037784    0.131696    0.873533 ^ _0974_/X (sky130_fd_sc_hd__mux2_2)
                                                         _0469_ (net)
                      0.037784    0.000011    0.873544 ^ _0975_/A (sky130_fd_sc_hd__buf_1)
     1    0.001904    0.035630    0.070764    0.944308 ^ _0975_/X (sky130_fd_sc_hd__buf_1)
                                                         _0089_ (net)
                      0.035630    0.000002    0.944310 ^ _1149_/D (sky130_fd_sc_hd__dfxtp_2)
                                              0.944310   data arrival time

                                  0.000000    0.000000   clock wr_clk (rise edge)
                                  0.000000    0.000000   clock source latency
     1    0.018723    0.000000    0.000000    0.000000 ^ wr_clk (in)
                                                         wr_clk (net)
                      0.001049    0.000525    0.000525 ^ clkbuf_0_wr_clk/A (sky130_fd_sc_hd__clkbuf_16)
    16    0.088820    0.105109    0.162823    0.163347 ^ clkbuf_0_wr_clk/X (sky130_fd_sc_hd__clkbuf_16)
                                                         clknet_0_wr_clk (net)
                      0.105111    0.000676    0.164024 ^ clkbuf_4_9_0_wr_clk/A (sky130_fd_sc_hd__clkbuf_8)
     2    0.017637    0.047691    0.150726    0.314749 ^ clkbuf_4_9_0_wr_clk/X (sky130_fd_sc_hd__clkbuf_8)
                                                         clknet_4_9_0_wr_clk (net)
                      0.047691    0.000111    0.314860 ^ clkbuf_5_18__f_wr_clk/A (sky130_fd_sc_hd__clkbuf_16)
     5    0.012560    0.035512    0.119314    0.434174 ^ clkbuf_5_18__f_wr_clk/X (sky130_fd_sc_hd__clkbuf_16)
                                                         clknet_5_18__leaf_wr_clk (net)
                      0.035512    0.000038    0.434212 ^ _1149_/CLK (sky130_fd_sc_hd__dfxtp_2)
                                  0.100000    0.534212   clock uncertainty
                                  0.000000    0.534212   clock reconvergence pessimism
                                 -0.030496    0.503717   library hold time
                                              0.503717   data required time
---------------------------------------------------------------------------------------------
                                              0.503717   data required time
                                             -0.944310   data arrival time
---------------------------------------------------------------------------------------------
                                              0.440593   slack (MET)


Startpoint: _1086_ (rising edge-triggered flip-flop clocked by wr_clk)
Endpoint: _1086_ (rising edge-triggered flip-flop clocked by wr_clk)
Path Group: wr_clk
Path Type: min

Fanout         Cap        Slew       Delay        Time   Description
---------------------------------------------------------------------------------------------
                                  0.000000    0.000000   clock wr_clk (rise edge)
                                  0.000000    0.000000   clock source latency
     1    0.018723    0.000000    0.000000    0.000000 ^ wr_clk (in)
                                                         wr_clk (net)
                      0.001049    0.000525    0.000525 ^ clkbuf_0_wr_clk/A (sky130_fd_sc_hd__clkbuf_16)
    16    0.088820    0.105109    0.162823    0.163347 ^ clkbuf_0_wr_clk/X (sky130_fd_sc_hd__clkbuf_16)
                                                         clknet_0_wr_clk (net)
                      0.105116    0.001008    0.164356 ^ clkbuf_4_5_0_wr_clk/A (sky130_fd_sc_hd__clkbuf_8)
     2    0.017481    0.047457    0.150476    0.314831 ^ clkbuf_4_5_0_wr_clk/X (sky130_fd_sc_hd__clkbuf_8)
                                                         clknet_4_5_0_wr_clk (net)
                      0.047457    0.000167    0.314998 ^ clkbuf_5_11__f_wr_clk/A (sky130_fd_sc_hd__clkbuf_16)
     5    0.012132    0.035148    0.118821    0.433819 ^ clkbuf_5_11__f_wr_clk/X (sky130_fd_sc_hd__clkbuf_16)
                                                         clknet_5_11__leaf_wr_clk (net)
                      0.035148    0.000040    0.433860 ^ _1086_/CLK (sky130_fd_sc_hd__dfxtp_2)
     2    0.004494    0.038385    0.307631    0.741491 ^ _1086_/Q (sky130_fd_sc_hd__dfxtp_2)
                                                         u_fifomem.mem[12][0] (net)
                      0.038385    0.000008    0.741498 ^ _0838_/A0 (sky130_fd_sc_hd__mux2_2)
     1    0.002652    0.036401    0.129393    0.870892 ^ _0838_/X (sky130_fd_sc_hd__mux2_2)
                                                         _0396_ (net)
                      0.036401    0.000006    0.870898 ^ _0839_/A (sky130_fd_sc_hd__buf_1)
     1    0.002168    0.038589    0.072456    0.943354 ^ _0839_/X (sky130_fd_sc_hd__buf_1)
                                                         _0026_ (net)
                      0.038589    0.000006    0.943360 ^ _1086_/D (sky130_fd_sc_hd__dfxtp_2)
                                              0.943360   data arrival time

                                  0.000000    0.000000   clock wr_clk (rise edge)
                                  0.000000    0.000000   clock source latency
     1    0.018723    0.000000    0.000000    0.000000 ^ wr_clk (in)
                                                         wr_clk (net)
                      0.001049    0.000525    0.000525 ^ clkbuf_0_wr_clk/A (sky130_fd_sc_hd__clkbuf_16)
    16    0.088820    0.105109    0.162823    0.163347 ^ clkbuf_0_wr_clk/X (sky130_fd_sc_hd__clkbuf_16)
                                                         clknet_0_wr_clk (net)
                      0.105116    0.001008    0.164356 ^ clkbuf_4_5_0_wr_clk/A (sky130_fd_sc_hd__clkbuf_8)
     2    0.017481    0.047457    0.150476    0.314831 ^ clkbuf_4_5_0_wr_clk/X (sky130_fd_sc_hd__clkbuf_8)
                                                         clknet_4_5_0_wr_clk (net)
                      0.047457    0.000167    0.314998 ^ clkbuf_5_11__f_wr_clk/A (sky130_fd_sc_hd__clkbuf_16)
     5    0.012132    0.035148    0.118821    0.433819 ^ clkbuf_5_11__f_wr_clk/X (sky130_fd_sc_hd__clkbuf_16)
                                                         clknet_5_11__leaf_wr_clk (net)
                      0.035148    0.000040    0.433860 ^ _1086_/CLK (sky130_fd_sc_hd__dfxtp_2)
                                  0.100000    0.533860   clock uncertainty
                                  0.000000    0.533860   clock reconvergence pessimism
                                 -0.031157    0.502703   library hold time
                                              0.502703   data required time
---------------------------------------------------------------------------------------------
                                              0.502703   data required time
                                             -0.943360   data arrival time
---------------------------------------------------------------------------------------------
                                              0.440658   slack (MET)


Startpoint: _1114_ (rising edge-triggered flip-flop clocked by wr_clk)
Endpoint: _1114_ (rising edge-triggered flip-flop clocked by wr_clk)
Path Group: wr_clk
Path Type: min

Fanout         Cap        Slew       Delay        Time   Description
---------------------------------------------------------------------------------------------
                                  0.000000    0.000000   clock wr_clk (rise edge)
                                  0.000000    0.000000   clock source latency
     1    0.018723    0.000000    0.000000    0.000000 ^ wr_clk (in)
                                                         wr_clk (net)
                      0.001049    0.000525    0.000525 ^ clkbuf_0_wr_clk/A (sky130_fd_sc_hd__clkbuf_16)
    16    0.088820    0.105109    0.162823    0.163347 ^ clkbuf_0_wr_clk/X (sky130_fd_sc_hd__clkbuf_16)
                                                         clknet_0_wr_clk (net)
                      0.105111    0.000742    0.164089 ^ clkbuf_4_2_0_wr_clk/A (sky130_fd_sc_hd__clkbuf_8)
     2    0.017392    0.047296    0.150404    0.314493 ^ clkbuf_4_2_0_wr_clk/X (sky130_fd_sc_hd__clkbuf_8)
                                                         clknet_4_2_0_wr_clk (net)
                      0.047296    0.000011    0.314505 ^ clkbuf_5_5__f_wr_clk/A (sky130_fd_sc_hd__clkbuf_16)
     5    0.013222    0.036075    0.119799    0.434304 ^ clkbuf_5_5__f_wr_clk/X (sky130_fd_sc_hd__clkbuf_16)
                                                         clknet_5_5__leaf_wr_clk (net)
                      0.036075    0.000061    0.434365 ^ _1114_/CLK (sky130_fd_sc_hd__dfxtp_2)
     2    0.004340    0.037687    0.307400    0.741764 ^ _1114_/Q (sky130_fd_sc_hd__dfxtp_2)
                                                         u_fifomem.mem[15][4] (net)
                      0.037687    0.000007    0.741771 ^ _0899_/A1 (sky130_fd_sc_hd__mux2_2)
     1    0.003150    0.038212    0.132744    0.874515 ^ _0899_/X (sky130_fd_sc_hd__mux2_2)
                                                         _0429_ (net)
                      0.038212    0.000014    0.874528 ^ _0900_/A (sky130_fd_sc_hd__buf_1)
     1    0.001824    0.034743    0.070262    0.944790 ^ _0900_/X (sky130_fd_sc_hd__buf_1)
                                                         _0054_ (net)
                      0.034743    0.000001    0.944791 ^ _1114_/D (sky130_fd_sc_hd__dfxtp_2)
                                              0.944791   data arrival time

                                  0.000000    0.000000   clock wr_clk (rise edge)
                                  0.000000    0.000000   clock source latency
     1    0.018723    0.000000    0.000000    0.000000 ^ wr_clk (in)
                                                         wr_clk (net)
                      0.001049    0.000525    0.000525 ^ clkbuf_0_wr_clk/A (sky130_fd_sc_hd__clkbuf_16)
    16    0.088820    0.105109    0.162823    0.163347 ^ clkbuf_0_wr_clk/X (sky130_fd_sc_hd__clkbuf_16)
                                                         clknet_0_wr_clk (net)
                      0.105111    0.000742    0.164089 ^ clkbuf_4_2_0_wr_clk/A (sky130_fd_sc_hd__clkbuf_8)
     2    0.017392    0.047296    0.150404    0.314493 ^ clkbuf_4_2_0_wr_clk/X (sky130_fd_sc_hd__clkbuf_8)
                                                         clknet_4_2_0_wr_clk (net)
                      0.047296    0.000011    0.314505 ^ clkbuf_5_5__f_wr_clk/A (sky130_fd_sc_hd__clkbuf_16)
     5    0.013222    0.036075    0.119799    0.434304 ^ clkbuf_5_5__f_wr_clk/X (sky130_fd_sc_hd__clkbuf_16)
                                                         clknet_5_5__leaf_wr_clk (net)
                      0.036075    0.000061    0.434365 ^ _1114_/CLK (sky130_fd_sc_hd__dfxtp_2)
                                  0.100000    0.534365   clock uncertainty
                                  0.000000    0.534365   clock reconvergence pessimism
                                 -0.030238    0.504127   library hold time
                                              0.504127   data required time
---------------------------------------------------------------------------------------------
                                              0.504127   data required time
                                             -0.944791   data arrival time
---------------------------------------------------------------------------------------------
                                              0.440665   slack (MET)


Startpoint: _1112_ (rising edge-triggered flip-flop clocked by wr_clk)
Endpoint: _1112_ (rising edge-triggered flip-flop clocked by wr_clk)
Path Group: wr_clk
Path Type: min

Fanout         Cap        Slew       Delay        Time   Description
---------------------------------------------------------------------------------------------
                                  0.000000    0.000000   clock wr_clk (rise edge)
                                  0.000000    0.000000   clock source latency
     1    0.018723    0.000000    0.000000    0.000000 ^ wr_clk (in)
                                                         wr_clk (net)
                      0.001049    0.000525    0.000525 ^ clkbuf_0_wr_clk/A (sky130_fd_sc_hd__clkbuf_16)
    16    0.088820    0.105109    0.162823    0.163347 ^ clkbuf_0_wr_clk/X (sky130_fd_sc_hd__clkbuf_16)
                                                         clknet_0_wr_clk (net)
                      0.105119    0.001133    0.164480 ^ clkbuf_4_7_0_wr_clk/A (sky130_fd_sc_hd__clkbuf_8)
     2    0.017239    0.047063    0.150173    0.314653 ^ clkbuf_4_7_0_wr_clk/X (sky130_fd_sc_hd__clkbuf_8)
                                                         clknet_4_7_0_wr_clk (net)
                      0.047063    0.000010    0.314663 ^ clkbuf_5_14__f_wr_clk/A (sky130_fd_sc_hd__clkbuf_16)
     5    0.012458    0.035424    0.118993    0.433656 ^ clkbuf_5_14__f_wr_clk/X (sky130_fd_sc_hd__clkbuf_16)
                                                         clknet_5_14__leaf_wr_clk (net)
                      0.035424    0.000032    0.433688 ^ _1112_/CLK (sky130_fd_sc_hd__dfxtp_2)
     2    0.004368    0.036317    0.307258    0.740946 ^ _1112_/Q (sky130_fd_sc_hd__dfxtp_2)
                                                         u_fifomem.mem[15][2] (net)
                      0.036317    0.000011    0.740957 ^ _0895_/A1 (sky130_fd_sc_hd__mux2_2)
     1    0.002662    0.037077    0.129376    0.870333 ^ _0895_/X (sky130_fd_sc_hd__mux2_2)
                                                         _0427_ (net)
                      0.037077    0.000006    0.870339 ^ _0896_/A (sky130_fd_sc_hd__buf_1)
     1    0.002190    0.038836    0.072872    0.943211 ^ _0896_/X (sky130_fd_sc_hd__buf_1)
                                                         _0052_ (net)
                      0.038836    0.000005    0.943216 ^ _1112_/D (sky130_fd_sc_hd__dfxtp_2)
                                              0.943216   data arrival time

                                  0.000000    0.000000   clock wr_clk (rise edge)
                                  0.000000    0.000000   clock source latency
     1    0.018723    0.000000    0.000000    0.000000 ^ wr_clk (in)
                                                         wr_clk (net)
                      0.001049    0.000525    0.000525 ^ clkbuf_0_wr_clk/A (sky130_fd_sc_hd__clkbuf_16)
    16    0.088820    0.105109    0.162823    0.163347 ^ clkbuf_0_wr_clk/X (sky130_fd_sc_hd__clkbuf_16)
                                                         clknet_0_wr_clk (net)
                      0.105119    0.001133    0.164480 ^ clkbuf_4_7_0_wr_clk/A (sky130_fd_sc_hd__clkbuf_8)
     2    0.017239    0.047063    0.150173    0.314653 ^ clkbuf_4_7_0_wr_clk/X (sky130_fd_sc_hd__clkbuf_8)
                                                         clknet_4_7_0_wr_clk (net)
                      0.047063    0.000010    0.314663 ^ clkbuf_5_14__f_wr_clk/A (sky130_fd_sc_hd__clkbuf_16)
     5    0.012458    0.035424    0.118993    0.433656 ^ clkbuf_5_14__f_wr_clk/X (sky130_fd_sc_hd__clkbuf_16)
                                                         clknet_5_14__leaf_wr_clk (net)
                      0.035424    0.000032    0.433688 ^ _1112_/CLK (sky130_fd_sc_hd__dfxtp_2)
                                  0.100000    0.533688   clock uncertainty
                                  0.000000    0.533688   clock reconvergence pessimism
                                 -0.031172    0.502516   library hold time
                                              0.502516   data required time
---------------------------------------------------------------------------------------------
                                              0.502516   data required time
                                             -0.943216   data arrival time
---------------------------------------------------------------------------------------------
                                              0.440701   slack (MET)


Startpoint: _1068_ (rising edge-triggered flip-flop clocked by wr_clk)
Endpoint: _1068_ (rising edge-triggered flip-flop clocked by wr_clk)
Path Group: wr_clk
Path Type: min

Fanout         Cap        Slew       Delay        Time   Description
---------------------------------------------------------------------------------------------
                                  0.000000    0.000000   clock wr_clk (rise edge)
                                  0.000000    0.000000   clock source latency
     1    0.018723    0.000000    0.000000    0.000000 ^ wr_clk (in)
                                                         wr_clk (net)
                      0.001049    0.000525    0.000525 ^ clkbuf_0_wr_clk/A (sky130_fd_sc_hd__clkbuf_16)
    16    0.088820    0.105109    0.162823    0.163347 ^ clkbuf_0_wr_clk/X (sky130_fd_sc_hd__clkbuf_16)
                                                         clknet_0_wr_clk (net)
                      0.105109    0.000078    0.163426 ^ clkbuf_4_12_0_wr_clk/A (sky130_fd_sc_hd__clkbuf_8)
     2    0.017657    0.047717    0.150765    0.314190 ^ clkbuf_4_12_0_wr_clk/X (sky130_fd_sc_hd__clkbuf_8)
                                                         clknet_4_12_0_wr_clk (net)
                      0.047717    0.000109    0.314299 ^ clkbuf_5_25__f_wr_clk/A (sky130_fd_sc_hd__clkbuf_16)
     6    0.016992    0.039285    0.123585    0.437884 ^ clkbuf_5_25__f_wr_clk/X (sky130_fd_sc_hd__clkbuf_16)
                                                         clknet_5_25__leaf_wr_clk (net)
                      0.039285    0.000039    0.437922 ^ _1068_/CLK (sky130_fd_sc_hd__dfxtp_2)
     2    0.004883    0.040135    0.310623    0.748546 ^ _1068_/Q (sky130_fd_sc_hd__dfxtp_2)
                                                         u_fifomem.mem[0][6] (net)
                      0.040135    0.000010    0.748555 ^ _0798_/A0 (sky130_fd_sc_hd__mux2_2)
     1    0.002582    0.036661    0.129586    0.878142 ^ _0798_/X (sky130_fd_sc_hd__mux2_2)
                                                         _0374_ (net)
                      0.036661    0.000005    0.878147 ^ _0799_/A (sky130_fd_sc_hd__buf_1)
     1    0.001917    0.035783    0.070487    0.948634 ^ _0799_/X (sky130_fd_sc_hd__buf_1)
                                                         _0008_ (net)
                      0.035783    0.000003    0.948637 ^ _1068_/D (sky130_fd_sc_hd__dfxtp_2)
                                              0.948637   data arrival time

                                  0.000000    0.000000   clock wr_clk (rise edge)
                                  0.000000    0.000000   clock source latency
     1    0.018723    0.000000    0.000000    0.000000 ^ wr_clk (in)
                                                         wr_clk (net)
                      0.001049    0.000525    0.000525 ^ clkbuf_0_wr_clk/A (sky130_fd_sc_hd__clkbuf_16)
    16    0.088820    0.105109    0.162823    0.163347 ^ clkbuf_0_wr_clk/X (sky130_fd_sc_hd__clkbuf_16)
                                                         clknet_0_wr_clk (net)
                      0.105109    0.000078    0.163426 ^ clkbuf_4_12_0_wr_clk/A (sky130_fd_sc_hd__clkbuf_8)
     2    0.017657    0.047717    0.150765    0.314190 ^ clkbuf_4_12_0_wr_clk/X (sky130_fd_sc_hd__clkbuf_8)
                                                         clknet_4_12_0_wr_clk (net)
                      0.047717    0.000109    0.314299 ^ clkbuf_5_25__f_wr_clk/A (sky130_fd_sc_hd__clkbuf_16)
     6    0.016992    0.039285    0.123585    0.437884 ^ clkbuf_5_25__f_wr_clk/X (sky130_fd_sc_hd__clkbuf_16)
                                                         clknet_5_25__leaf_wr_clk (net)
                      0.039285    0.000039    0.437922 ^ _1068_/CLK (sky130_fd_sc_hd__dfxtp_2)
                                  0.100000    0.537923   clock uncertainty
                                  0.000000    0.537923   clock reconvergence pessimism
                                 -0.030032    0.507891   library hold time
                                              0.507891   data required time
---------------------------------------------------------------------------------------------
                                              0.507891   data required time
                                             -0.948637   data arrival time
---------------------------------------------------------------------------------------------
                                              0.440746   slack (MET)


Startpoint: _1142_ (rising edge-triggered flip-flop clocked by wr_clk)
Endpoint: _1142_ (rising edge-triggered flip-flop clocked by wr_clk)
Path Group: wr_clk
Path Type: min

Fanout         Cap        Slew       Delay        Time   Description
---------------------------------------------------------------------------------------------
                                  0.000000    0.000000   clock wr_clk (rise edge)
                                  0.000000    0.000000   clock source latency
     1    0.018723    0.000000    0.000000    0.000000 ^ wr_clk (in)
                                                         wr_clk (net)
                      0.001049    0.000525    0.000525 ^ clkbuf_0_wr_clk/A (sky130_fd_sc_hd__clkbuf_16)
    16    0.088820    0.105109    0.162823    0.163347 ^ clkbuf_0_wr_clk/X (sky130_fd_sc_hd__clkbuf_16)
                                                         clknet_0_wr_clk (net)
                      0.105111    0.000742    0.164089 ^ clkbuf_4_2_0_wr_clk/A (sky130_fd_sc_hd__clkbuf_8)
     2    0.017392    0.047296    0.150404    0.314493 ^ clkbuf_4_2_0_wr_clk/X (sky130_fd_sc_hd__clkbuf_8)
                                                         clknet_4_2_0_wr_clk (net)
                      0.047296    0.000011    0.314505 ^ clkbuf_5_5__f_wr_clk/A (sky130_fd_sc_hd__clkbuf_16)
     5    0.013222    0.036075    0.119799    0.434304 ^ clkbuf_5_5__f_wr_clk/X (sky130_fd_sc_hd__clkbuf_16)
                                                         clknet_5_5__leaf_wr_clk (net)
                      0.036075    0.000079    0.434383 ^ _1142_/CLK (sky130_fd_sc_hd__dfxtp_2)
     2    0.004792    0.039733    0.309094    0.743476 ^ _1142_/Q (sky130_fd_sc_hd__dfxtp_2)
                                                         u_fifomem.mem[4][0] (net)
                      0.039733    0.000011    0.743487 ^ _0960_/A0 (sky130_fd_sc_hd__mux2_2)
     1    0.002923    0.037225    0.131474    0.874961 ^ _0960_/X (sky130_fd_sc_hd__mux2_2)
                                                         _0462_ (net)
                      0.037225    0.000011    0.874971 ^ _0961_/A (sky130_fd_sc_hd__buf_1)
     1    0.001824    0.034742    0.069919    0.944891 ^ _0961_/X (sky130_fd_sc_hd__buf_1)
                                                         _0082_ (net)
                      0.034742    0.000001    0.944892 ^ _1142_/D (sky130_fd_sc_hd__dfxtp_2)
                                              0.944892   data arrival time

                                  0.000000    0.000000   clock wr_clk (rise edge)
                                  0.000000    0.000000   clock source latency
     1    0.018723    0.000000    0.000000    0.000000 ^ wr_clk (in)
                                                         wr_clk (net)
                      0.001049    0.000525    0.000525 ^ clkbuf_0_wr_clk/A (sky130_fd_sc_hd__clkbuf_16)
    16    0.088820    0.105109    0.162823    0.163347 ^ clkbuf_0_wr_clk/X (sky130_fd_sc_hd__clkbuf_16)
                                                         clknet_0_wr_clk (net)
                      0.105111    0.000742    0.164089 ^ clkbuf_4_2_0_wr_clk/A (sky130_fd_sc_hd__clkbuf_8)
     2    0.017392    0.047296    0.150404    0.314493 ^ clkbuf_4_2_0_wr_clk/X (sky130_fd_sc_hd__clkbuf_8)
                                                         clknet_4_2_0_wr_clk (net)
                      0.047296    0.000011    0.314505 ^ clkbuf_5_5__f_wr_clk/A (sky130_fd_sc_hd__clkbuf_16)
     5    0.013222    0.036075    0.119799    0.434304 ^ clkbuf_5_5__f_wr_clk/X (sky130_fd_sc_hd__clkbuf_16)
                                                         clknet_5_5__leaf_wr_clk (net)
                      0.036075    0.000079    0.434383 ^ _1142_/CLK (sky130_fd_sc_hd__dfxtp_2)
                                  0.100000    0.534383   clock uncertainty
                                  0.000000    0.534383   clock reconvergence pessimism
                                 -0.030238    0.504145   library hold time
                                              0.504145   data required time
---------------------------------------------------------------------------------------------
                                              0.504145   data required time
                                             -0.944892   data arrival time
---------------------------------------------------------------------------------------------
                                              0.440747   slack (MET)


Startpoint: _1111_ (rising edge-triggered flip-flop clocked by wr_clk)
Endpoint: _1111_ (rising edge-triggered flip-flop clocked by wr_clk)
Path Group: wr_clk
Path Type: min

Fanout         Cap        Slew       Delay        Time   Description
---------------------------------------------------------------------------------------------
                                  0.000000    0.000000   clock wr_clk (rise edge)
                                  0.000000    0.000000   clock source latency
     1    0.018723    0.000000    0.000000    0.000000 ^ wr_clk (in)
                                                         wr_clk (net)
                      0.001049    0.000525    0.000525 ^ clkbuf_0_wr_clk/A (sky130_fd_sc_hd__clkbuf_16)
    16    0.088820    0.105109    0.162823    0.163347 ^ clkbuf_0_wr_clk/X (sky130_fd_sc_hd__clkbuf_16)
                                                         clknet_0_wr_clk (net)
                      0.105119    0.001133    0.164480 ^ clkbuf_4_7_0_wr_clk/A (sky130_fd_sc_hd__clkbuf_8)
     2    0.017239    0.047063    0.150173    0.314653 ^ clkbuf_4_7_0_wr_clk/X (sky130_fd_sc_hd__clkbuf_8)
                                                         clknet_4_7_0_wr_clk (net)
                      0.047063    0.000010    0.314663 ^ clkbuf_5_14__f_wr_clk/A (sky130_fd_sc_hd__clkbuf_16)
     5    0.012458    0.035424    0.118993    0.433656 ^ clkbuf_5_14__f_wr_clk/X (sky130_fd_sc_hd__clkbuf_16)
                                                         clknet_5_14__leaf_wr_clk (net)
                      0.035424    0.000025    0.433681 ^ _1111_/CLK (sky130_fd_sc_hd__dfxtp_2)
     2    0.004465    0.036699    0.307621    0.741302 ^ _1111_/Q (sky130_fd_sc_hd__dfxtp_2)
                                                         u_fifomem.mem[15][1] (net)
                      0.036699    0.000015    0.741317 ^ _0893_/A1 (sky130_fd_sc_hd__mux2_2)
     1    0.003190    0.038389    0.132651    0.873967 ^ _0893_/X (sky130_fd_sc_hd__mux2_2)
                                                         _0426_ (net)
                      0.038389    0.000016    0.873983 ^ _0894_/A (sky130_fd_sc_hd__buf_1)
     1    0.001824    0.034745    0.070324    0.944308 ^ _0894_/X (sky130_fd_sc_hd__buf_1)
                                                         _0051_ (net)
                      0.034745    0.000001    0.944309 ^ _1111_/D (sky130_fd_sc_hd__dfxtp_2)
                                              0.944309   data arrival time

                                  0.000000    0.000000   clock wr_clk (rise edge)
                                  0.000000    0.000000   clock source latency
     1    0.018723    0.000000    0.000000    0.000000 ^ wr_clk (in)
                                                         wr_clk (net)
                      0.001049    0.000525    0.000525 ^ clkbuf_0_wr_clk/A (sky130_fd_sc_hd__clkbuf_16)
    16    0.088820    0.105109    0.162823    0.163347 ^ clkbuf_0_wr_clk/X (sky130_fd_sc_hd__clkbuf_16)
                                                         clknet_0_wr_clk (net)
                      0.105119    0.001133    0.164480 ^ clkbuf_4_7_0_wr_clk/A (sky130_fd_sc_hd__clkbuf_8)
     2    0.017239    0.047063    0.150173    0.314653 ^ clkbuf_4_7_0_wr_clk/X (sky130_fd_sc_hd__clkbuf_8)
                                                         clknet_4_7_0_wr_clk (net)
                      0.047063    0.000010    0.314663 ^ clkbuf_5_14__f_wr_clk/A (sky130_fd_sc_hd__clkbuf_16)
     5    0.012458    0.035424    0.118993    0.433656 ^ clkbuf_5_14__f_wr_clk/X (sky130_fd_sc_hd__clkbuf_16)
                                                         clknet_5_14__leaf_wr_clk (net)
                      0.035424    0.000025    0.433681 ^ _1111_/CLK (sky130_fd_sc_hd__dfxtp_2)
                                  0.100000    0.533681   clock uncertainty
                                  0.000000    0.533681   clock reconvergence pessimism
                                 -0.030324    0.503357   library hold time
                                              0.503357   data required time
---------------------------------------------------------------------------------------------
                                              0.503357   data required time
                                             -0.944309   data arrival time
---------------------------------------------------------------------------------------------
                                              0.440952   slack (MET)


Startpoint: _1189_ (rising edge-triggered flip-flop clocked by wr_clk)
Endpoint: _1189_ (rising edge-triggered flip-flop clocked by wr_clk)
Path Group: wr_clk
Path Type: min

Fanout         Cap        Slew       Delay        Time   Description
---------------------------------------------------------------------------------------------
                                  0.000000    0.000000   clock wr_clk (rise edge)
                                  0.000000    0.000000   clock source latency
     1    0.018723    0.000000    0.000000    0.000000 ^ wr_clk (in)
                                                         wr_clk (net)
                      0.001049    0.000525    0.000525 ^ clkbuf_0_wr_clk/A (sky130_fd_sc_hd__clkbuf_16)
    16    0.088820    0.105109    0.162823    0.163347 ^ clkbuf_0_wr_clk/X (sky130_fd_sc_hd__clkbuf_16)
                                                         clknet_0_wr_clk (net)
                      0.105117    0.001038    0.164385 ^ clkbuf_4_4_0_wr_clk/A (sky130_fd_sc_hd__clkbuf_8)
     2    0.017475    0.047432    0.150512    0.314897 ^ clkbuf_4_4_0_wr_clk/X (sky130_fd_sc_hd__clkbuf_8)
                                                         clknet_4_4_0_wr_clk (net)
                      0.047432    0.000074    0.314970 ^ clkbuf_5_8__f_wr_clk/A (sky130_fd_sc_hd__clkbuf_16)
     5    0.011925    0.034971    0.118611    0.433581 ^ clkbuf_5_8__f_wr_clk/X (sky130_fd_sc_hd__clkbuf_16)
                                                         clknet_5_8__leaf_wr_clk (net)
                      0.034971    0.000052    0.433632 ^ _1189_/CLK (sky130_fd_sc_hd__dfxtp_2)
     2    0.004824    0.038549    0.308795    0.742428 ^ _1189_/Q (sky130_fd_sc_hd__dfxtp_2)
                                                         u_fifomem.mem[9][7] (net)
                      0.038549    0.000020    0.742447 ^ _1060_/A0 (sky130_fd_sc_hd__mux2_2)
     1    0.002813    0.037838    0.130410    0.872857 ^ _1060_/X (sky130_fd_sc_hd__mux2_2)
                                                         _0515_ (net)
                      0.037838    0.000009    0.872866 ^ _1061_/A (sky130_fd_sc_hd__buf_1)
     1    0.001945    0.036096    0.071125    0.943992 ^ _1061_/X (sky130_fd_sc_hd__buf_1)
                                                         _0129_ (net)
                      0.036096    0.000003    0.943995 ^ _1189_/D (sky130_fd_sc_hd__dfxtp_2)
                                              0.943995   data arrival time

                                  0.000000    0.000000   clock wr_clk (rise edge)
                                  0.000000    0.000000   clock source latency
     1    0.018723    0.000000    0.000000    0.000000 ^ wr_clk (in)
                                                         wr_clk (net)
                      0.001049    0.000525    0.000525 ^ clkbuf_0_wr_clk/A (sky130_fd_sc_hd__clkbuf_16)
    16    0.088820    0.105109    0.162823    0.163347 ^ clkbuf_0_wr_clk/X (sky130_fd_sc_hd__clkbuf_16)
                                                         clknet_0_wr_clk (net)
                      0.105117    0.001038    0.164385 ^ clkbuf_4_4_0_wr_clk/A (sky130_fd_sc_hd__clkbuf_8)
     2    0.017475    0.047432    0.150512    0.314897 ^ clkbuf_4_4_0_wr_clk/X (sky130_fd_sc_hd__clkbuf_8)
                                                         clknet_4_4_0_wr_clk (net)
                      0.047432    0.000074    0.314970 ^ clkbuf_5_8__f_wr_clk/A (sky130_fd_sc_hd__clkbuf_16)
     5    0.011925    0.034971    0.118611    0.433581 ^ clkbuf_5_8__f_wr_clk/X (sky130_fd_sc_hd__clkbuf_16)
                                                         clknet_5_8__leaf_wr_clk (net)
                      0.034971    0.000052    0.433632 ^ _1189_/CLK (sky130_fd_sc_hd__dfxtp_2)
                                  0.100000    0.533632   clock uncertainty
                                  0.000000    0.533632   clock reconvergence pessimism
                                 -0.030664    0.502969   library hold time
                                              0.502969   data required time
---------------------------------------------------------------------------------------------
                                              0.502969   data required time
                                             -0.943995   data arrival time
---------------------------------------------------------------------------------------------
                                              0.441026   slack (MET)


Startpoint: _1185_ (rising edge-triggered flip-flop clocked by wr_clk)
Endpoint: _1185_ (rising edge-triggered flip-flop clocked by wr_clk)
Path Group: wr_clk
Path Type: min

Fanout         Cap        Slew       Delay        Time   Description
---------------------------------------------------------------------------------------------
                                  0.000000    0.000000   clock wr_clk (rise edge)
                                  0.000000    0.000000   clock source latency
     1    0.018723    0.000000    0.000000    0.000000 ^ wr_clk (in)
                                                         wr_clk (net)
                      0.001049    0.000525    0.000525 ^ clkbuf_0_wr_clk/A (sky130_fd_sc_hd__clkbuf_16)
    16    0.088820    0.105109    0.162823    0.163347 ^ clkbuf_0_wr_clk/X (sky130_fd_sc_hd__clkbuf_16)
                                                         clknet_0_wr_clk (net)
                      0.105109    0.000094    0.163442 ^ clkbuf_4_13_0_wr_clk/A (sky130_fd_sc_hd__clkbuf_8)
     2    0.017714    0.047814    0.150829    0.314271 ^ clkbuf_4_13_0_wr_clk/X (sky130_fd_sc_hd__clkbuf_8)
                                                         clknet_4_13_0_wr_clk (net)
                      0.047814    0.000122    0.314393 ^ clkbuf_5_26__f_wr_clk/A (sky130_fd_sc_hd__clkbuf_16)
     5    0.012560    0.035511    0.119362    0.433755 ^ clkbuf_5_26__f_wr_clk/X (sky130_fd_sc_hd__clkbuf_16)
                                                         clknet_5_26__leaf_wr_clk (net)
                      0.035511    0.000029    0.433784 ^ _1185_/CLK (sky130_fd_sc_hd__dfxtp_2)
     2    0.004392    0.037924    0.307385    0.741169 ^ _1185_/Q (sky130_fd_sc_hd__dfxtp_2)
                                                         u_fifomem.mem[9][3] (net)
                      0.037924    0.000003    0.741173 ^ _1052_/A0 (sky130_fd_sc_hd__mux2_2)
     1    0.003168    0.038308    0.132306    0.873478 ^ _1052_/X (sky130_fd_sc_hd__mux2_2)
                                                         _0511_ (net)
                      0.038308    0.000012    0.873491 ^ _1053_/A (sky130_fd_sc_hd__buf_1)
     1    0.001935    0.035985    0.071206    0.944697 ^ _1053_/X (sky130_fd_sc_hd__buf_1)
                                                         _0125_ (net)
                      0.035985    0.000003    0.944700 ^ _1185_/D (sky130_fd_sc_hd__dfxtp_2)
                                              0.944700   data arrival time

                                  0.000000    0.000000   clock wr_clk (rise edge)
                                  0.000000    0.000000   clock source latency
     1    0.018723    0.000000    0.000000    0.000000 ^ wr_clk (in)
                                                         wr_clk (net)
                      0.001049    0.000525    0.000525 ^ clkbuf_0_wr_clk/A (sky130_fd_sc_hd__clkbuf_16)
    16    0.088820    0.105109    0.162823    0.163347 ^ clkbuf_0_wr_clk/X (sky130_fd_sc_hd__clkbuf_16)
                                                         clknet_0_wr_clk (net)
                      0.105109    0.000094    0.163442 ^ clkbuf_4_13_0_wr_clk/A (sky130_fd_sc_hd__clkbuf_8)
     2    0.017714    0.047814    0.150829    0.314271 ^ clkbuf_4_13_0_wr_clk/X (sky130_fd_sc_hd__clkbuf_8)
                                                         clknet_4_13_0_wr_clk (net)
                      0.047814    0.000122    0.314393 ^ clkbuf_5_26__f_wr_clk/A (sky130_fd_sc_hd__clkbuf_16)
     5    0.012560    0.035511    0.119362    0.433755 ^ clkbuf_5_26__f_wr_clk/X (sky130_fd_sc_hd__clkbuf_16)
                                                         clknet_5_26__leaf_wr_clk (net)
                      0.035511    0.000029    0.433784 ^ _1185_/CLK (sky130_fd_sc_hd__dfxtp_2)
                                  0.100000    0.533784   clock uncertainty
                                  0.000000    0.533784   clock reconvergence pessimism
                                 -0.030570    0.503214   library hold time
                                              0.503214   data required time
---------------------------------------------------------------------------------------------
                                              0.503214   data required time
                                             -0.944700   data arrival time
---------------------------------------------------------------------------------------------
                                              0.441486   slack (MET)


Startpoint: _1094_ (rising edge-triggered flip-flop clocked by wr_clk)
Endpoint: _1094_ (rising edge-triggered flip-flop clocked by wr_clk)
Path Group: wr_clk
Path Type: min

Fanout         Cap        Slew       Delay        Time   Description
---------------------------------------------------------------------------------------------
                                  0.000000    0.000000   clock wr_clk (rise edge)
                                  0.000000    0.000000   clock source latency
     1    0.018723    0.000000    0.000000    0.000000 ^ wr_clk (in)
                                                         wr_clk (net)
                      0.001049    0.000525    0.000525 ^ clkbuf_0_wr_clk/A (sky130_fd_sc_hd__clkbuf_16)
    16    0.088820    0.105109    0.162823    0.163347 ^ clkbuf_0_wr_clk/X (sky130_fd_sc_hd__clkbuf_16)
                                                         clknet_0_wr_clk (net)
                      0.105116    0.001008    0.164356 ^ clkbuf_4_5_0_wr_clk/A (sky130_fd_sc_hd__clkbuf_8)
     2    0.017481    0.047457    0.150476    0.314831 ^ clkbuf_4_5_0_wr_clk/X (sky130_fd_sc_hd__clkbuf_8)
                                                         clknet_4_5_0_wr_clk (net)
                      0.047457    0.000167    0.314998 ^ clkbuf_5_11__f_wr_clk/A (sky130_fd_sc_hd__clkbuf_16)
     5    0.012132    0.035148    0.118821    0.433819 ^ clkbuf_5_11__f_wr_clk/X (sky130_fd_sc_hd__clkbuf_16)
                                                         clknet_5_11__leaf_wr_clk (net)
                      0.035148    0.000044    0.433863 ^ _1094_/CLK (sky130_fd_sc_hd__dfxtp_2)
     2    0.004912    0.038916    0.309190    0.743053 ^ _1094_/Q (sky130_fd_sc_hd__dfxtp_2)
                                                         u_fifomem.mem[13][0] (net)
                      0.038916    0.000019    0.743072 ^ _0856_/A0 (sky130_fd_sc_hd__mux2_2)
     1    0.002923    0.036636    0.131188    0.874260 ^ _0856_/X (sky130_fd_sc_hd__mux2_2)
                                                         _0406_ (net)
                      0.036636    0.000011    0.874271 ^ _0857_/A (sky130_fd_sc_hd__buf_1)
     1    0.001928    0.035903    0.070567    0.944838 ^ _0857_/X (sky130_fd_sc_hd__buf_1)
                                                         _0034_ (net)
                      0.035903    0.000003    0.944840 ^ _1094_/D (sky130_fd_sc_hd__dfxtp_2)
                                              0.944840   data arrival time

                                  0.000000    0.000000   clock wr_clk (rise edge)
                                  0.000000    0.000000   clock source latency
     1    0.018723    0.000000    0.000000    0.000000 ^ wr_clk (in)
                                                         wr_clk (net)
                      0.001049    0.000525    0.000525 ^ clkbuf_0_wr_clk/A (sky130_fd_sc_hd__clkbuf_16)
    16    0.088820    0.105109    0.162823    0.163347 ^ clkbuf_0_wr_clk/X (sky130_fd_sc_hd__clkbuf_16)
                                                         clknet_0_wr_clk (net)
                      0.105116    0.001008    0.164356 ^ clkbuf_4_5_0_wr_clk/A (sky130_fd_sc_hd__clkbuf_8)
     2    0.017481    0.047457    0.150476    0.314831 ^ clkbuf_4_5_0_wr_clk/X (sky130_fd_sc_hd__clkbuf_8)
                                                         clknet_4_5_0_wr_clk (net)
                      0.047457    0.000167    0.314998 ^ clkbuf_5_11__f_wr_clk/A (sky130_fd_sc_hd__clkbuf_16)
     5    0.012132    0.035148    0.118821    0.433819 ^ clkbuf_5_11__f_wr_clk/X (sky130_fd_sc_hd__clkbuf_16)
                                                         clknet_5_11__leaf_wr_clk (net)
                      0.035148    0.000044    0.433863 ^ _1094_/CLK (sky130_fd_sc_hd__dfxtp_2)
                                  0.100000    0.533863   clock uncertainty
                                  0.000000    0.533863   clock reconvergence pessimism
                                 -0.030600    0.503263   library hold time
                                              0.503263   data required time
---------------------------------------------------------------------------------------------
                                              0.503263   data required time
                                             -0.944840   data arrival time
---------------------------------------------------------------------------------------------
                                              0.441578   slack (MET)


Startpoint: _1172_ (rising edge-triggered flip-flop clocked by wr_clk)
Endpoint: _1172_ (rising edge-triggered flip-flop clocked by wr_clk)
Path Group: wr_clk
Path Type: min

Fanout         Cap        Slew       Delay        Time   Description
---------------------------------------------------------------------------------------------
                                  0.000000    0.000000   clock wr_clk (rise edge)
                                  0.000000    0.000000   clock source latency
     1    0.018723    0.000000    0.000000    0.000000 ^ wr_clk (in)
                                                         wr_clk (net)
                      0.001049    0.000525    0.000525 ^ clkbuf_0_wr_clk/A (sky130_fd_sc_hd__clkbuf_16)
    16    0.088820    0.105109    0.162823    0.163347 ^ clkbuf_0_wr_clk/X (sky130_fd_sc_hd__clkbuf_16)
                                                         clknet_0_wr_clk (net)
                      0.105109    0.000078    0.163426 ^ clkbuf_4_12_0_wr_clk/A (sky130_fd_sc_hd__clkbuf_8)
     2    0.017657    0.047717    0.150765    0.314190 ^ clkbuf_4_12_0_wr_clk/X (sky130_fd_sc_hd__clkbuf_8)
                                                         clknet_4_12_0_wr_clk (net)
                      0.047717    0.000091    0.314281 ^ clkbuf_5_24__f_wr_clk/A (sky130_fd_sc_hd__clkbuf_16)
     5    0.012309    0.035298    0.119083    0.433364 ^ clkbuf_5_24__f_wr_clk/X (sky130_fd_sc_hd__clkbuf_16)
                                                         clknet_5_24__leaf_wr_clk (net)
                      0.035298    0.000046    0.433410 ^ _1172_/CLK (sky130_fd_sc_hd__dfxtp_2)
     2    0.004452    0.038196    0.307531    0.740941 ^ _1172_/Q (sky130_fd_sc_hd__dfxtp_2)
                                                         u_fifomem.mem[7][6] (net)
                      0.038196    0.000011    0.740952 ^ _1023_/A1 (sky130_fd_sc_hd__mux2_2)
     1    0.002573    0.036649    0.129480    0.870432 ^ _1023_/X (sky130_fd_sc_hd__mux2_2)
                                                         _0495_ (net)
                      0.036649    0.000005    0.870437 ^ _1024_/A (sky130_fd_sc_hd__buf_1)
     1    0.002254    0.039553    0.073250    0.943687 ^ _1024_/X (sky130_fd_sc_hd__buf_1)
                                                         _0112_ (net)
                      0.039553    0.000007    0.943694 ^ _1172_/D (sky130_fd_sc_hd__dfxtp_2)
                                              0.943694   data arrival time

                                  0.000000    0.000000   clock wr_clk (rise edge)
                                  0.000000    0.000000   clock source latency
     1    0.018723    0.000000    0.000000    0.000000 ^ wr_clk (in)
                                                         wr_clk (net)
                      0.001049    0.000525    0.000525 ^ clkbuf_0_wr_clk/A (sky130_fd_sc_hd__clkbuf_16)
    16    0.088820    0.105109    0.162823    0.163347 ^ clkbuf_0_wr_clk/X (sky130_fd_sc_hd__clkbuf_16)
                                                         clknet_0_wr_clk (net)
                      0.105109    0.000078    0.163426 ^ clkbuf_4_12_0_wr_clk/A (sky130_fd_sc_hd__clkbuf_8)
     2    0.017657    0.047717    0.150765    0.314190 ^ clkbuf_4_12_0_wr_clk/X (sky130_fd_sc_hd__clkbuf_8)
                                                         clknet_4_12_0_wr_clk (net)
                      0.047717    0.000091    0.314281 ^ clkbuf_5_24__f_wr_clk/A (sky130_fd_sc_hd__clkbuf_16)
     5    0.012309    0.035298    0.119083    0.433364 ^ clkbuf_5_24__f_wr_clk/X (sky130_fd_sc_hd__clkbuf_16)
                                                         clknet_5_24__leaf_wr_clk (net)
                      0.035298    0.000046    0.433410 ^ _1172_/CLK (sky130_fd_sc_hd__dfxtp_2)
                                  0.100000    0.533410   clock uncertainty
                                  0.000000    0.533410   clock reconvergence pessimism
                                 -0.031337    0.502073   library hold time
                                              0.502073   data required time
---------------------------------------------------------------------------------------------
                                              0.502073   data required time
                                             -0.943694   data arrival time
---------------------------------------------------------------------------------------------
                                              0.441621   slack (MET)


Startpoint: _1093_ (rising edge-triggered flip-flop clocked by wr_clk)
Endpoint: _1093_ (rising edge-triggered flip-flop clocked by wr_clk)
Path Group: wr_clk
Path Type: min

Fanout         Cap        Slew       Delay        Time   Description
---------------------------------------------------------------------------------------------
                                  0.000000    0.000000   clock wr_clk (rise edge)
                                  0.000000    0.000000   clock source latency
     1    0.018723    0.000000    0.000000    0.000000 ^ wr_clk (in)
                                                         wr_clk (net)
                      0.001049    0.000525    0.000525 ^ clkbuf_0_wr_clk/A (sky130_fd_sc_hd__clkbuf_16)
    16    0.088820    0.105109    0.162823    0.163347 ^ clkbuf_0_wr_clk/X (sky130_fd_sc_hd__clkbuf_16)
                                                         clknet_0_wr_clk (net)
                      0.105110    0.000587    0.163935 ^ clkbuf_4_3_0_wr_clk/A (sky130_fd_sc_hd__clkbuf_8)
     2    0.017995    0.048243    0.151260    0.315195 ^ clkbuf_4_3_0_wr_clk/X (sky130_fd_sc_hd__clkbuf_8)
                                                         clknet_4_3_0_wr_clk (net)
                      0.048243    0.000154    0.315348 ^ clkbuf_5_6__f_wr_clk/A (sky130_fd_sc_hd__clkbuf_16)
     5    0.012298    0.035288    0.119268    0.434616 ^ clkbuf_5_6__f_wr_clk/X (sky130_fd_sc_hd__clkbuf_16)
                                                         clknet_5_6__leaf_wr_clk (net)
                      0.035288    0.000018    0.434634 ^ _1093_/CLK (sky130_fd_sc_hd__dfxtp_2)
     2    0.004419    0.038048    0.307404    0.742039 ^ _1093_/Q (sky130_fd_sc_hd__dfxtp_2)
                                                         u_fifomem.mem[12][7] (net)
                      0.038048    0.000007    0.742046 ^ _0852_/A0 (sky130_fd_sc_hd__mux2_2)
     1    0.003128    0.038131    0.132110    0.874156 ^ _0852_/X (sky130_fd_sc_hd__mux2_2)
                                                         _0403_ (net)
                      0.038131    0.000013    0.874169 ^ _0853_/A (sky130_fd_sc_hd__buf_1)
     1    0.001979    0.036480    0.071508    0.945677 ^ _0853_/X (sky130_fd_sc_hd__buf_1)
                                                         _0033_ (net)
                      0.036480    0.000003    0.945681 ^ _1093_/D (sky130_fd_sc_hd__dfxtp_2)
                                              0.945681   data arrival time

                                  0.000000    0.000000   clock wr_clk (rise edge)
                                  0.000000    0.000000   clock source latency
     1    0.018723    0.000000    0.000000    0.000000 ^ wr_clk (in)
                                                         wr_clk (net)
                      0.001049    0.000525    0.000525 ^ clkbuf_0_wr_clk/A (sky130_fd_sc_hd__clkbuf_16)
    16    0.088820    0.105109    0.162823    0.163347 ^ clkbuf_0_wr_clk/X (sky130_fd_sc_hd__clkbuf_16)
                                                         clknet_0_wr_clk (net)
                      0.105110    0.000587    0.163935 ^ clkbuf_4_3_0_wr_clk/A (sky130_fd_sc_hd__clkbuf_8)
     2    0.017995    0.048243    0.151260    0.315195 ^ clkbuf_4_3_0_wr_clk/X (sky130_fd_sc_hd__clkbuf_8)
                                                         clknet_4_3_0_wr_clk (net)
                      0.048243    0.000154    0.315348 ^ clkbuf_5_6__f_wr_clk/A (sky130_fd_sc_hd__clkbuf_16)
     5    0.012298    0.035288    0.119268    0.434616 ^ clkbuf_5_6__f_wr_clk/X (sky130_fd_sc_hd__clkbuf_16)
                                                         clknet_5_6__leaf_wr_clk (net)
                      0.035288    0.000018    0.434634 ^ _1093_/CLK (sky130_fd_sc_hd__dfxtp_2)
                                  0.100000    0.534634   clock uncertainty
                                  0.000000    0.534634   clock reconvergence pessimism
                                 -0.030701    0.503933   library hold time
                                              0.503933   data required time
---------------------------------------------------------------------------------------------
                                              0.503933   data required time
                                             -0.945681   data arrival time
---------------------------------------------------------------------------------------------
                                              0.441748   slack (MET)


Startpoint: _1110_ (rising edge-triggered flip-flop clocked by wr_clk)
Endpoint: _1110_ (rising edge-triggered flip-flop clocked by wr_clk)
Path Group: wr_clk
Path Type: min

Fanout         Cap        Slew       Delay        Time   Description
---------------------------------------------------------------------------------------------
                                  0.000000    0.000000   clock wr_clk (rise edge)
                                  0.000000    0.000000   clock source latency
     1    0.018723    0.000000    0.000000    0.000000 ^ wr_clk (in)
                                                         wr_clk (net)
                      0.001049    0.000525    0.000525 ^ clkbuf_0_wr_clk/A (sky130_fd_sc_hd__clkbuf_16)
    16    0.088820    0.105109    0.162823    0.163347 ^ clkbuf_0_wr_clk/X (sky130_fd_sc_hd__clkbuf_16)
                                                         clknet_0_wr_clk (net)
                      0.105116    0.001008    0.164356 ^ clkbuf_4_5_0_wr_clk/A (sky130_fd_sc_hd__clkbuf_8)
     2    0.017481    0.047457    0.150476    0.314831 ^ clkbuf_4_5_0_wr_clk/X (sky130_fd_sc_hd__clkbuf_8)
                                                         clknet_4_5_0_wr_clk (net)
                      0.047457    0.000142    0.314974 ^ clkbuf_5_10__f_wr_clk/A (sky130_fd_sc_hd__clkbuf_16)
     5    0.012950    0.035845    0.119583    0.434557 ^ clkbuf_5_10__f_wr_clk/X (sky130_fd_sc_hd__clkbuf_16)
                                                         clknet_5_10__leaf_wr_clk (net)
                      0.035845    0.000100    0.434656 ^ _1110_/CLK (sky130_fd_sc_hd__dfxtp_2)
     2    0.004085    0.036557    0.306231    0.740887 ^ _1110_/Q (sky130_fd_sc_hd__dfxtp_2)
                                                         u_fifomem.mem[15][0] (net)
                      0.036557    0.000002    0.740890 ^ _0891_/A1 (sky130_fd_sc_hd__mux2_2)
     1    0.002833    0.036819    0.130475    0.871364 ^ _0891_/X (sky130_fd_sc_hd__mux2_2)
                                                         _0425_ (net)
                      0.036819    0.000011    0.871375 ^ _0892_/A (sky130_fd_sc_hd__buf_1)
     1    0.002299    0.040060    0.073681    0.945056 ^ _0892_/X (sky130_fd_sc_hd__buf_1)
                                                         _0050_ (net)
                      0.040060    0.000007    0.945063 ^ _1110_/D (sky130_fd_sc_hd__dfxtp_2)
                                              0.945063   data arrival time

                                  0.000000    0.000000   clock wr_clk (rise edge)
                                  0.000000    0.000000   clock source latency
     1    0.018723    0.000000    0.000000    0.000000 ^ wr_clk (in)
                                                         wr_clk (net)
                      0.001049    0.000525    0.000525 ^ clkbuf_0_wr_clk/A (sky130_fd_sc_hd__clkbuf_16)
    16    0.088820    0.105109    0.162823    0.163347 ^ clkbuf_0_wr_clk/X (sky130_fd_sc_hd__clkbuf_16)
                                                         clknet_0_wr_clk (net)
                      0.105116    0.001008    0.164356 ^ clkbuf_4_5_0_wr_clk/A (sky130_fd_sc_hd__clkbuf_8)
     2    0.017481    0.047457    0.150476    0.314831 ^ clkbuf_4_5_0_wr_clk/X (sky130_fd_sc_hd__clkbuf_8)
                                                         clknet_4_5_0_wr_clk (net)
                      0.047457    0.000142    0.314974 ^ clkbuf_5_10__f_wr_clk/A (sky130_fd_sc_hd__clkbuf_16)
     5    0.012950    0.035845    0.119583    0.434557 ^ clkbuf_5_10__f_wr_clk/X (sky130_fd_sc_hd__clkbuf_16)
                                                         clknet_5_10__leaf_wr_clk (net)
                      0.035845    0.000100    0.434656 ^ _1110_/CLK (sky130_fd_sc_hd__dfxtp_2)
                                  0.100000    0.534656   clock uncertainty
                                  0.000000    0.534656   clock reconvergence pessimism
                                 -0.031371    0.503286   library hold time
                                              0.503286   data required time
---------------------------------------------------------------------------------------------
                                              0.503286   data required time
                                             -0.945063   data arrival time
---------------------------------------------------------------------------------------------
                                              0.441778   slack (MET)


Startpoint: _1097_ (rising edge-triggered flip-flop clocked by wr_clk)
Endpoint: _1097_ (rising edge-triggered flip-flop clocked by wr_clk)
Path Group: wr_clk
Path Type: min

Fanout         Cap        Slew       Delay        Time   Description
---------------------------------------------------------------------------------------------
                                  0.000000    0.000000   clock wr_clk (rise edge)
                                  0.000000    0.000000   clock source latency
     1    0.018723    0.000000    0.000000    0.000000 ^ wr_clk (in)
                                                         wr_clk (net)
                      0.001049    0.000525    0.000525 ^ clkbuf_0_wr_clk/A (sky130_fd_sc_hd__clkbuf_16)
    16    0.088820    0.105109    0.162823    0.163347 ^ clkbuf_0_wr_clk/X (sky130_fd_sc_hd__clkbuf_16)
                                                         clknet_0_wr_clk (net)
                      0.105119    0.001115    0.164462 ^ clkbuf_4_6_0_wr_clk/A (sky130_fd_sc_hd__clkbuf_8)
     2    0.017555    0.047552    0.150635    0.315097 ^ clkbuf_4_6_0_wr_clk/X (sky130_fd_sc_hd__clkbuf_8)
                                                         clknet_4_6_0_wr_clk (net)
                      0.047552    0.000074    0.315171 ^ clkbuf_5_13__f_wr_clk/A (sky130_fd_sc_hd__clkbuf_16)
     5    0.013267    0.036112    0.119947    0.435118 ^ clkbuf_5_13__f_wr_clk/X (sky130_fd_sc_hd__clkbuf_16)
                                                         clknet_5_13__leaf_wr_clk (net)
                      0.036112    0.000027    0.435145 ^ _1097_/CLK (sky130_fd_sc_hd__dfxtp_2)
     2    0.004342    0.037697    0.307421    0.742566 ^ _1097_/Q (sky130_fd_sc_hd__dfxtp_2)
                                                         u_fifomem.mem[13][3] (net)
                      0.037697    0.000010    0.742576 ^ _0862_/A0 (sky130_fd_sc_hd__mux2_2)
     1    0.002416    0.035862    0.127744    0.870320 ^ _0862_/X (sky130_fd_sc_hd__mux2_2)
                                                         _0409_ (net)
                      0.035862    0.000003    0.870324 ^ _0863_/A (sky130_fd_sc_hd__buf_1)
     1    0.002482    0.042108    0.074853    0.945177 ^ _0863_/X (sky130_fd_sc_hd__buf_1)
                                                         _0037_ (net)
                      0.042108    0.000010    0.945187 ^ _1097_/D (sky130_fd_sc_hd__dfxtp_2)
                                              0.945187   data arrival time

                                  0.000000    0.000000   clock wr_clk (rise edge)
                                  0.000000    0.000000   clock source latency
     1    0.018723    0.000000    0.000000    0.000000 ^ wr_clk (in)
                                                         wr_clk (net)
                      0.001049    0.000525    0.000525 ^ clkbuf_0_wr_clk/A (sky130_fd_sc_hd__clkbuf_16)
    16    0.088820    0.105109    0.162823    0.163347 ^ clkbuf_0_wr_clk/X (sky130_fd_sc_hd__clkbuf_16)
                                                         clknet_0_wr_clk (net)
                      0.105119    0.001115    0.164462 ^ clkbuf_4_6_0_wr_clk/A (sky130_fd_sc_hd__clkbuf_8)
     2    0.017555    0.047552    0.150635    0.315097 ^ clkbuf_4_6_0_wr_clk/X (sky130_fd_sc_hd__clkbuf_8)
                                                         clknet_4_6_0_wr_clk (net)
                      0.047552    0.000074    0.315171 ^ clkbuf_5_13__f_wr_clk/A (sky130_fd_sc_hd__clkbuf_16)
     5    0.013267    0.036112    0.119947    0.435118 ^ clkbuf_5_13__f_wr_clk/X (sky130_fd_sc_hd__clkbuf_16)
                                                         clknet_5_13__leaf_wr_clk (net)
                      0.036112    0.000027    0.435145 ^ _1097_/CLK (sky130_fd_sc_hd__dfxtp_2)
                                  0.100000    0.535145   clock uncertainty
                                  0.000000    0.535145   clock reconvergence pessimism
                                 -0.031760    0.503385   library hold time
                                              0.503385   data required time
---------------------------------------------------------------------------------------------
                                              0.503385   data required time
                                             -0.945187   data arrival time
---------------------------------------------------------------------------------------------
                                              0.441802   slack (MET)


Startpoint: _1113_ (rising edge-triggered flip-flop clocked by wr_clk)
Endpoint: _1113_ (rising edge-triggered flip-flop clocked by wr_clk)
Path Group: wr_clk
Path Type: min

Fanout         Cap        Slew       Delay        Time   Description
---------------------------------------------------------------------------------------------
                                  0.000000    0.000000   clock wr_clk (rise edge)
                                  0.000000    0.000000   clock source latency
     1    0.018723    0.000000    0.000000    0.000000 ^ wr_clk (in)
                                                         wr_clk (net)
                      0.001049    0.000525    0.000525 ^ clkbuf_0_wr_clk/A (sky130_fd_sc_hd__clkbuf_16)
    16    0.088820    0.105109    0.162823    0.163347 ^ clkbuf_0_wr_clk/X (sky130_fd_sc_hd__clkbuf_16)
                                                         clknet_0_wr_clk (net)
                      0.105119    0.001115    0.164462 ^ clkbuf_4_6_0_wr_clk/A (sky130_fd_sc_hd__clkbuf_8)
     2    0.017555    0.047552    0.150635    0.315097 ^ clkbuf_4_6_0_wr_clk/X (sky130_fd_sc_hd__clkbuf_8)
                                                         clknet_4_6_0_wr_clk (net)
                      0.047552    0.000074    0.315171 ^ clkbuf_5_13__f_wr_clk/A (sky130_fd_sc_hd__clkbuf_16)
     5    0.013267    0.036112    0.119947    0.435118 ^ clkbuf_5_13__f_wr_clk/X (sky130_fd_sc_hd__clkbuf_16)
                                                         clknet_5_13__leaf_wr_clk (net)
                      0.036112    0.000025    0.435143 ^ _1113_/CLK (sky130_fd_sc_hd__dfxtp_2)
     2    0.004201    0.037064    0.306867    0.742010 ^ _1113_/Q (sky130_fd_sc_hd__dfxtp_2)
                                                         u_fifomem.mem[15][3] (net)
                      0.037064    0.000009    0.742019 ^ _0897_/A1 (sky130_fd_sc_hd__mux2_2)
     1    0.002655    0.037042    0.129586    0.871605 ^ _0897_/X (sky130_fd_sc_hd__mux2_2)
                                                         _0428_ (net)
                      0.037042    0.000007    0.871612 ^ _0898_/A (sky130_fd_sc_hd__buf_1)
     1    0.002331    0.040415    0.074019    0.945630 ^ _0898_/X (sky130_fd_sc_hd__buf_1)
                                                         _0053_ (net)
                      0.040415    0.000009    0.945639 ^ _1113_/D (sky130_fd_sc_hd__dfxtp_2)
                                              0.945639   data arrival time

                                  0.000000    0.000000   clock wr_clk (rise edge)
                                  0.000000    0.000000   clock source latency
     1    0.018723    0.000000    0.000000    0.000000 ^ wr_clk (in)
                                                         wr_clk (net)
                      0.001049    0.000525    0.000525 ^ clkbuf_0_wr_clk/A (sky130_fd_sc_hd__clkbuf_16)
    16    0.088820    0.105109    0.162823    0.163347 ^ clkbuf_0_wr_clk/X (sky130_fd_sc_hd__clkbuf_16)
                                                         clknet_0_wr_clk (net)
                      0.105119    0.001115    0.164462 ^ clkbuf_4_6_0_wr_clk/A (sky130_fd_sc_hd__clkbuf_8)
     2    0.017555    0.047552    0.150635    0.315097 ^ clkbuf_4_6_0_wr_clk/X (sky130_fd_sc_hd__clkbuf_8)
                                                         clknet_4_6_0_wr_clk (net)
                      0.047552    0.000074    0.315171 ^ clkbuf_5_13__f_wr_clk/A (sky130_fd_sc_hd__clkbuf_16)
     5    0.013267    0.036112    0.119947    0.435118 ^ clkbuf_5_13__f_wr_clk/X (sky130_fd_sc_hd__clkbuf_16)
                                                         clknet_5_13__leaf_wr_clk (net)
                      0.036112    0.000025    0.435143 ^ _1113_/CLK (sky130_fd_sc_hd__dfxtp_2)
                                  0.100000    0.535143   clock uncertainty
                                  0.000000    0.535143   clock reconvergence pessimism
                                 -0.031409    0.503734   library hold time
                                              0.503734   data required time
---------------------------------------------------------------------------------------------
                                              0.503734   data required time
                                             -0.945639   data arrival time
---------------------------------------------------------------------------------------------
                                              0.441906   slack (MET)


Startpoint: _1066_ (rising edge-triggered flip-flop clocked by wr_clk)
Endpoint: _1066_ (rising edge-triggered flip-flop clocked by wr_clk)
Path Group: wr_clk
Path Type: min

Fanout         Cap        Slew       Delay        Time   Description
---------------------------------------------------------------------------------------------
                                  0.000000    0.000000   clock wr_clk (rise edge)
                                  0.000000    0.000000   clock source latency
     1    0.018723    0.000000    0.000000    0.000000 ^ wr_clk (in)
                                                         wr_clk (net)
                      0.001049    0.000525    0.000525 ^ clkbuf_0_wr_clk/A (sky130_fd_sc_hd__clkbuf_16)
    16    0.088820    0.105109    0.162823    0.163347 ^ clkbuf_0_wr_clk/X (sky130_fd_sc_hd__clkbuf_16)
                                                         clknet_0_wr_clk (net)
                      0.105112    0.000808    0.164156 ^ clkbuf_4_0_0_wr_clk/A (sky130_fd_sc_hd__clkbuf_8)
     2    0.017377    0.047298    0.150321    0.314476 ^ clkbuf_4_0_0_wr_clk/X (sky130_fd_sc_hd__clkbuf_8)
                                                         clknet_4_0_0_wr_clk (net)
                      0.047298    0.000157    0.314633 ^ clkbuf_5_1__f_wr_clk/A (sky130_fd_sc_hd__clkbuf_16)
     5    0.012784    0.035706    0.119357    0.433990 ^ clkbuf_5_1__f_wr_clk/X (sky130_fd_sc_hd__clkbuf_16)
                                                         clknet_5_1__leaf_wr_clk (net)
                      0.035706    0.000158    0.434148 ^ _1066_/CLK (sky130_fd_sc_hd__dfxtp_2)
     2    0.004884    0.040151    0.309302    0.743450 ^ _1066_/Q (sky130_fd_sc_hd__dfxtp_2)
                                                         u_fifomem.mem[0][4] (net)
                      0.040151    0.000013    0.743463 ^ _0794_/A0 (sky130_fd_sc_hd__mux2_2)
     1    0.002425    0.035279    0.128656    0.872119 ^ _0794_/X (sky130_fd_sc_hd__mux2_2)
                                                         _0372_ (net)
                      0.035279    0.000002    0.872122 ^ _0795_/A (sky130_fd_sc_hd__buf_1)
     1    0.002277    0.039804    0.072960    0.945081 ^ _0795_/X (sky130_fd_sc_hd__buf_1)
                                                         _0006_ (net)
                      0.039804    0.000007    0.945089 ^ _1066_/D (sky130_fd_sc_hd__dfxtp_2)
                                              0.945089   data arrival time

                                  0.000000    0.000000   clock wr_clk (rise edge)
                                  0.000000    0.000000   clock source latency
     1    0.018723    0.000000    0.000000    0.000000 ^ wr_clk (in)
                                                         wr_clk (net)
                      0.001049    0.000525    0.000525 ^ clkbuf_0_wr_clk/A (sky130_fd_sc_hd__clkbuf_16)
    16    0.088820    0.105109    0.162823    0.163347 ^ clkbuf_0_wr_clk/X (sky130_fd_sc_hd__clkbuf_16)
                                                         clknet_0_wr_clk (net)
                      0.105112    0.000808    0.164156 ^ clkbuf_4_0_0_wr_clk/A (sky130_fd_sc_hd__clkbuf_8)
     2    0.017377    0.047298    0.150321    0.314476 ^ clkbuf_4_0_0_wr_clk/X (sky130_fd_sc_hd__clkbuf_8)
                                                         clknet_4_0_0_wr_clk (net)
                      0.047298    0.000157    0.314633 ^ clkbuf_5_1__f_wr_clk/A (sky130_fd_sc_hd__clkbuf_16)
     5    0.012784    0.035706    0.119357    0.433990 ^ clkbuf_5_1__f_wr_clk/X (sky130_fd_sc_hd__clkbuf_16)
                                                         clknet_5_1__leaf_wr_clk (net)
                      0.035706    0.000158    0.434148 ^ _1066_/CLK (sky130_fd_sc_hd__dfxtp_2)
                                  0.100000    0.534148   clock uncertainty
                                  0.000000    0.534148   clock reconvergence pessimism
                                 -0.031336    0.502812   library hold time
                                              0.502812   data required time
---------------------------------------------------------------------------------------------
                                              0.502812   data required time
                                             -0.945089   data arrival time
---------------------------------------------------------------------------------------------
                                              0.442276   slack (MET)


Startpoint: _1157_ (rising edge-triggered flip-flop clocked by wr_clk)
Endpoint: _1157_ (rising edge-triggered flip-flop clocked by wr_clk)
Path Group: wr_clk
Path Type: min

Fanout         Cap        Slew       Delay        Time   Description
---------------------------------------------------------------------------------------------
                                  0.000000    0.000000   clock wr_clk (rise edge)
                                  0.000000    0.000000   clock source latency
     1    0.018723    0.000000    0.000000    0.000000 ^ wr_clk (in)
                                                         wr_clk (net)
                      0.001049    0.000525    0.000525 ^ clkbuf_0_wr_clk/A (sky130_fd_sc_hd__clkbuf_16)
    16    0.088820    0.105109    0.162823    0.163347 ^ clkbuf_0_wr_clk/X (sky130_fd_sc_hd__clkbuf_16)
                                                         clknet_0_wr_clk (net)
                      0.105111    0.000676    0.164024 ^ clkbuf_4_9_0_wr_clk/A (sky130_fd_sc_hd__clkbuf_8)
     2    0.017637    0.047691    0.150726    0.314749 ^ clkbuf_4_9_0_wr_clk/X (sky130_fd_sc_hd__clkbuf_8)
                                                         clknet_4_9_0_wr_clk (net)
                      0.047691    0.000111    0.314860 ^ clkbuf_5_18__f_wr_clk/A (sky130_fd_sc_hd__clkbuf_16)
     5    0.012560    0.035512    0.119314    0.434174 ^ clkbuf_5_18__f_wr_clk/X (sky130_fd_sc_hd__clkbuf_16)
                                                         clknet_5_18__leaf_wr_clk (net)
                      0.035512    0.000051    0.434225 ^ _1157_/CLK (sky130_fd_sc_hd__dfxtp_2)
     2    0.004872    0.038750    0.309177    0.743401 ^ _1157_/Q (sky130_fd_sc_hd__dfxtp_2)
                                                         u_fifomem.mem[5][7] (net)
                      0.038750    0.000020    0.743422 ^ _0991_/A0 (sky130_fd_sc_hd__mux2_2)
     1    0.003033    0.037707    0.131789    0.875210 ^ _0991_/X (sky130_fd_sc_hd__mux2_2)
                                                         _0478_ (net)
                      0.037707    0.000015    0.875226 ^ _0992_/A (sky130_fd_sc_hd__buf_1)
     1    0.001913    0.035732    0.070812    0.946038 ^ _0992_/X (sky130_fd_sc_hd__buf_1)
                                                         _0097_ (net)
                      0.035732    0.000003    0.946041 ^ _1157_/D (sky130_fd_sc_hd__dfxtp_2)
                                              0.946041   data arrival time

                                  0.000000    0.000000   clock wr_clk (rise edge)
                                  0.000000    0.000000   clock source latency
     1    0.018723    0.000000    0.000000    0.000000 ^ wr_clk (in)
                                                         wr_clk (net)
                      0.001049    0.000525    0.000525 ^ clkbuf_0_wr_clk/A (sky130_fd_sc_hd__clkbuf_16)
    16    0.088820    0.105109    0.162823    0.163347 ^ clkbuf_0_wr_clk/X (sky130_fd_sc_hd__clkbuf_16)
                                                         clknet_0_wr_clk (net)
                      0.105111    0.000676    0.164024 ^ clkbuf_4_9_0_wr_clk/A (sky130_fd_sc_hd__clkbuf_8)
     2    0.017637    0.047691    0.150726    0.314749 ^ clkbuf_4_9_0_wr_clk/X (sky130_fd_sc_hd__clkbuf_8)
                                                         clknet_4_9_0_wr_clk (net)
                      0.047691    0.000111    0.314860 ^ clkbuf_5_18__f_wr_clk/A (sky130_fd_sc_hd__clkbuf_16)
     5    0.012560    0.035512    0.119314    0.434174 ^ clkbuf_5_18__f_wr_clk/X (sky130_fd_sc_hd__clkbuf_16)
                                                         clknet_5_18__leaf_wr_clk (net)
                      0.035512    0.000051    0.434225 ^ _1157_/CLK (sky130_fd_sc_hd__dfxtp_2)
                                  0.100000    0.534225   clock uncertainty
                                  0.000000    0.534225   clock reconvergence pessimism
                                 -0.030517    0.503708   library hold time
                                              0.503708   data required time
---------------------------------------------------------------------------------------------
                                              0.503708   data required time
                                             -0.946041   data arrival time
---------------------------------------------------------------------------------------------
                                              0.442333   slack (MET)


Startpoint: _1171_ (rising edge-triggered flip-flop clocked by wr_clk)
Endpoint: _1171_ (rising edge-triggered flip-flop clocked by wr_clk)
Path Group: wr_clk
Path Type: min

Fanout         Cap        Slew       Delay        Time   Description
---------------------------------------------------------------------------------------------
                                  0.000000    0.000000   clock wr_clk (rise edge)
                                  0.000000    0.000000   clock source latency
     1    0.018723    0.000000    0.000000    0.000000 ^ wr_clk (in)
                                                         wr_clk (net)
                      0.001049    0.000525    0.000525 ^ clkbuf_0_wr_clk/A (sky130_fd_sc_hd__clkbuf_16)
    16    0.088820    0.105109    0.162823    0.163347 ^ clkbuf_0_wr_clk/X (sky130_fd_sc_hd__clkbuf_16)
                                                         clknet_0_wr_clk (net)
                      0.105110    0.000602    0.163950 ^ clkbuf_4_11_0_wr_clk/A (sky130_fd_sc_hd__clkbuf_8)
     2    0.017159    0.046942    0.150046    0.313996 ^ clkbuf_4_11_0_wr_clk/X (sky130_fd_sc_hd__clkbuf_8)
                                                         clknet_4_11_0_wr_clk (net)
                      0.046942    0.000057    0.314053 ^ clkbuf_5_22__f_wr_clk/A (sky130_fd_sc_hd__clkbuf_16)
     5    0.012550    0.035503    0.119034    0.433087 ^ clkbuf_5_22__f_wr_clk/X (sky130_fd_sc_hd__clkbuf_16)
                                                         clknet_5_22__leaf_wr_clk (net)
                      0.035503    0.000036    0.433123 ^ _1171_/CLK (sky130_fd_sc_hd__dfxtp_2)
     2    0.004465    0.036699    0.307650    0.740773 ^ _1171_/Q (sky130_fd_sc_hd__dfxtp_2)
                                                         u_fifomem.mem[7][5] (net)
                      0.036699    0.000012    0.740785 ^ _1021_/A1 (sky130_fd_sc_hd__mux2_2)
     1    0.002882    0.036744    0.130813    0.871599 ^ _1021_/X (sky130_fd_sc_hd__mux2_2)
                                                         _0494_ (net)
                      0.036744    0.000011    0.871610 ^ _1022_/A (sky130_fd_sc_hd__buf_1)
     1    0.002183    0.038756    0.072698    0.944308 ^ _1022_/X (sky130_fd_sc_hd__buf_1)
                                                         _0111_ (net)
                      0.038756    0.000005    0.944313 ^ _1171_/D (sky130_fd_sc_hd__dfxtp_2)
                                              0.944313   data arrival time

                                  0.000000    0.000000   clock wr_clk (rise edge)
                                  0.000000    0.000000   clock source latency
     1    0.018723    0.000000    0.000000    0.000000 ^ wr_clk (in)
                                                         wr_clk (net)
                      0.001049    0.000525    0.000525 ^ clkbuf_0_wr_clk/A (sky130_fd_sc_hd__clkbuf_16)
    16    0.088820    0.105109    0.162823    0.163347 ^ clkbuf_0_wr_clk/X (sky130_fd_sc_hd__clkbuf_16)
                                                         clknet_0_wr_clk (net)
                      0.105110    0.000602    0.163950 ^ clkbuf_4_11_0_wr_clk/A (sky130_fd_sc_hd__clkbuf_8)
     2    0.017159    0.046942    0.150046    0.313996 ^ clkbuf_4_11_0_wr_clk/X (sky130_fd_sc_hd__clkbuf_8)
                                                         clknet_4_11_0_wr_clk (net)
                      0.046942    0.000057    0.314053 ^ clkbuf_5_22__f_wr_clk/A (sky130_fd_sc_hd__clkbuf_16)
     5    0.012550    0.035503    0.119034    0.433087 ^ clkbuf_5_22__f_wr_clk/X (sky130_fd_sc_hd__clkbuf_16)
                                                         clknet_5_22__leaf_wr_clk (net)
                      0.035503    0.000036    0.433123 ^ _1171_/CLK (sky130_fd_sc_hd__dfxtp_2)
                                  0.100000    0.533123   clock uncertainty
                                  0.000000    0.533123   clock reconvergence pessimism
                                 -0.031145    0.501978   library hold time
                                              0.501978   data required time
---------------------------------------------------------------------------------------------
                                              0.501978   data required time
                                             -0.944313   data arrival time
---------------------------------------------------------------------------------------------
                                              0.442335   slack (MET)


Startpoint: _1150_ (rising edge-triggered flip-flop clocked by wr_clk)
Endpoint: _1150_ (rising edge-triggered flip-flop clocked by wr_clk)
Path Group: wr_clk
Path Type: min

Fanout         Cap        Slew       Delay        Time   Description
---------------------------------------------------------------------------------------------
                                  0.000000    0.000000   clock wr_clk (rise edge)
                                  0.000000    0.000000   clock source latency
     1    0.018723    0.000000    0.000000    0.000000 ^ wr_clk (in)
                                                         wr_clk (net)
                      0.001049    0.000525    0.000525 ^ clkbuf_0_wr_clk/A (sky130_fd_sc_hd__clkbuf_16)
    16    0.088820    0.105109    0.162823    0.163347 ^ clkbuf_0_wr_clk/X (sky130_fd_sc_hd__clkbuf_16)
                                                         clknet_0_wr_clk (net)
                      0.105111    0.000742    0.164089 ^ clkbuf_4_2_0_wr_clk/A (sky130_fd_sc_hd__clkbuf_8)
     2    0.017392    0.047296    0.150404    0.314493 ^ clkbuf_4_2_0_wr_clk/X (sky130_fd_sc_hd__clkbuf_8)
                                                         clknet_4_2_0_wr_clk (net)
                      0.047296    0.000011    0.314505 ^ clkbuf_5_5__f_wr_clk/A (sky130_fd_sc_hd__clkbuf_16)
     5    0.013222    0.036075    0.119799    0.434304 ^ clkbuf_5_5__f_wr_clk/X (sky130_fd_sc_hd__clkbuf_16)
                                                         clknet_5_5__leaf_wr_clk (net)
                      0.036075    0.000083    0.434386 ^ _1150_/CLK (sky130_fd_sc_hd__dfxtp_2)
     2    0.004914    0.038922    0.309541    0.743927 ^ _1150_/Q (sky130_fd_sc_hd__dfxtp_2)
                                                         u_fifomem.mem[5][0] (net)
                      0.038922    0.000022    0.743949 ^ _0977_/A0 (sky130_fd_sc_hd__mux2_2)
     1    0.003063    0.037837    0.132026    0.875974 ^ _0977_/X (sky130_fd_sc_hd__mux2_2)
                                                         _0471_ (net)
                      0.037837    0.000015    0.875990 ^ _0978_/A (sky130_fd_sc_hd__buf_1)
     1    0.001866    0.035211    0.070475    0.946464 ^ _0978_/X (sky130_fd_sc_hd__buf_1)
                                                         _0090_ (net)
                      0.035211    0.000002    0.946467 ^ _1150_/D (sky130_fd_sc_hd__dfxtp_2)
                                              0.946467   data arrival time

                                  0.000000    0.000000   clock wr_clk (rise edge)
                                  0.000000    0.000000   clock source latency
     1    0.018723    0.000000    0.000000    0.000000 ^ wr_clk (in)
                                                         wr_clk (net)
                      0.001049    0.000525    0.000525 ^ clkbuf_0_wr_clk/A (sky130_fd_sc_hd__clkbuf_16)
    16    0.088820    0.105109    0.162823    0.163347 ^ clkbuf_0_wr_clk/X (sky130_fd_sc_hd__clkbuf_16)
                                                         clknet_0_wr_clk (net)
                      0.105111    0.000742    0.164089 ^ clkbuf_4_2_0_wr_clk/A (sky130_fd_sc_hd__clkbuf_8)
     2    0.017392    0.047296    0.150404    0.314493 ^ clkbuf_4_2_0_wr_clk/X (sky130_fd_sc_hd__clkbuf_8)
                                                         clknet_4_2_0_wr_clk (net)
                      0.047296    0.000011    0.314505 ^ clkbuf_5_5__f_wr_clk/A (sky130_fd_sc_hd__clkbuf_16)
     5    0.013222    0.036075    0.119799    0.434304 ^ clkbuf_5_5__f_wr_clk/X (sky130_fd_sc_hd__clkbuf_16)
                                                         clknet_5_5__leaf_wr_clk (net)
                      0.036075    0.000083    0.434386 ^ _1150_/CLK (sky130_fd_sc_hd__dfxtp_2)
                                  0.100000    0.534386   clock uncertainty
                                  0.000000    0.534386   clock reconvergence pessimism
                                 -0.030335    0.504052   library hold time
                                              0.504052   data required time
---------------------------------------------------------------------------------------------
                                              0.504052   data required time
                                             -0.946467   data arrival time
---------------------------------------------------------------------------------------------
                                              0.442415   slack (MET)


Startpoint: _1098_ (rising edge-triggered flip-flop clocked by wr_clk)
Endpoint: _1098_ (rising edge-triggered flip-flop clocked by wr_clk)
Path Group: wr_clk
Path Type: min

Fanout         Cap        Slew       Delay        Time   Description
---------------------------------------------------------------------------------------------
                                  0.000000    0.000000   clock wr_clk (rise edge)
                                  0.000000    0.000000   clock source latency
     1    0.018723    0.000000    0.000000    0.000000 ^ wr_clk (in)
                                                         wr_clk (net)
                      0.001049    0.000525    0.000525 ^ clkbuf_0_wr_clk/A (sky130_fd_sc_hd__clkbuf_16)
    16    0.088820    0.105109    0.162823    0.163347 ^ clkbuf_0_wr_clk/X (sky130_fd_sc_hd__clkbuf_16)
                                                         clknet_0_wr_clk (net)
                      0.105110    0.000587    0.163935 ^ clkbuf_4_3_0_wr_clk/A (sky130_fd_sc_hd__clkbuf_8)
     2    0.017995    0.048243    0.151260    0.315195 ^ clkbuf_4_3_0_wr_clk/X (sky130_fd_sc_hd__clkbuf_8)
                                                         clknet_4_3_0_wr_clk (net)
                      0.048243    0.000154    0.315348 ^ clkbuf_5_6__f_wr_clk/A (sky130_fd_sc_hd__clkbuf_16)
     5    0.012298    0.035288    0.119268    0.434616 ^ clkbuf_5_6__f_wr_clk/X (sky130_fd_sc_hd__clkbuf_16)
                                                         clknet_5_6__leaf_wr_clk (net)
                      0.035288    0.000032    0.434648 ^ _1098_/CLK (sky130_fd_sc_hd__dfxtp_2)
     2    0.004596    0.037602    0.308063    0.742712 ^ _1098_/Q (sky130_fd_sc_hd__dfxtp_2)
                                                         u_fifomem.mem[13][4] (net)
                      0.037602    0.000015    0.742727 ^ _0864_/A0 (sky130_fd_sc_hd__mux2_2)
     1    0.002314    0.034810    0.127101    0.869828 ^ _0864_/X (sky130_fd_sc_hd__mux2_2)
                                                         _0410_ (net)
                      0.034810    0.000001    0.869829 ^ _0865_/A (sky130_fd_sc_hd__buf_1)
     1    0.002569    0.043075    0.075200    0.945029 ^ _0865_/X (sky130_fd_sc_hd__buf_1)
                                                         _0038_ (net)
                      0.043075    0.000012    0.945040 ^ _1098_/D (sky130_fd_sc_hd__dfxtp_2)
                                              0.945040   data arrival time

                                  0.000000    0.000000   clock wr_clk (rise edge)
                                  0.000000    0.000000   clock source latency
     1    0.018723    0.000000    0.000000    0.000000 ^ wr_clk (in)
                                                         wr_clk (net)
                      0.001049    0.000525    0.000525 ^ clkbuf_0_wr_clk/A (sky130_fd_sc_hd__clkbuf_16)
    16    0.088820    0.105109    0.162823    0.163347 ^ clkbuf_0_wr_clk/X (sky130_fd_sc_hd__clkbuf_16)
                                                         clknet_0_wr_clk (net)
                      0.105110    0.000587    0.163935 ^ clkbuf_4_3_0_wr_clk/A (sky130_fd_sc_hd__clkbuf_8)
     2    0.017995    0.048243    0.151260    0.315195 ^ clkbuf_4_3_0_wr_clk/X (sky130_fd_sc_hd__clkbuf_8)
                                                         clknet_4_3_0_wr_clk (net)
                      0.048243    0.000154    0.315348 ^ clkbuf_5_6__f_wr_clk/A (sky130_fd_sc_hd__clkbuf_16)
     5    0.012298    0.035288    0.119268    0.434616 ^ clkbuf_5_6__f_wr_clk/X (sky130_fd_sc_hd__clkbuf_16)
                                                         clknet_5_6__leaf_wr_clk (net)
                      0.035288    0.000032    0.434648 ^ _1098_/CLK (sky130_fd_sc_hd__dfxtp_2)
                                  0.100000    0.534648   clock uncertainty
                                  0.000000    0.534648   clock reconvergence pessimism
                                 -0.032069    0.502579   library hold time
                                              0.502579   data required time
---------------------------------------------------------------------------------------------
                                              0.502579   data required time
                                             -0.945040   data arrival time
---------------------------------------------------------------------------------------------
                                              0.442461   slack (MET)


Startpoint: _1096_ (rising edge-triggered flip-flop clocked by wr_clk)
Endpoint: _1096_ (rising edge-triggered flip-flop clocked by wr_clk)
Path Group: wr_clk
Path Type: min

Fanout         Cap        Slew       Delay        Time   Description
---------------------------------------------------------------------------------------------
                                  0.000000    0.000000   clock wr_clk (rise edge)
                                  0.000000    0.000000   clock source latency
     1    0.018723    0.000000    0.000000    0.000000 ^ wr_clk (in)
                                                         wr_clk (net)
                      0.001049    0.000525    0.000525 ^ clkbuf_0_wr_clk/A (sky130_fd_sc_hd__clkbuf_16)
    16    0.088820    0.105109    0.162823    0.163347 ^ clkbuf_0_wr_clk/X (sky130_fd_sc_hd__clkbuf_16)
                                                         clknet_0_wr_clk (net)
                      0.105116    0.001008    0.164356 ^ clkbuf_4_5_0_wr_clk/A (sky130_fd_sc_hd__clkbuf_8)
     2    0.017481    0.047457    0.150476    0.314831 ^ clkbuf_4_5_0_wr_clk/X (sky130_fd_sc_hd__clkbuf_8)
                                                         clknet_4_5_0_wr_clk (net)
                      0.047457    0.000167    0.314998 ^ clkbuf_5_11__f_wr_clk/A (sky130_fd_sc_hd__clkbuf_16)
     5    0.012132    0.035148    0.118821    0.433819 ^ clkbuf_5_11__f_wr_clk/X (sky130_fd_sc_hd__clkbuf_16)
                                                         clknet_5_11__leaf_wr_clk (net)
                      0.035148    0.000038    0.433858 ^ _1096_/CLK (sky130_fd_sc_hd__dfxtp_2)
     2    0.004834    0.038594    0.308903    0.742760 ^ _1096_/Q (sky130_fd_sc_hd__dfxtp_2)
                                                         u_fifomem.mem[13][2] (net)
                      0.038594    0.000016    0.742776 ^ _0860_/A0 (sky130_fd_sc_hd__mux2_2)
     1    0.002772    0.037071    0.130182    0.872958 ^ _0860_/X (sky130_fd_sc_hd__mux2_2)
                                                         _0408_ (net)
                      0.037071    0.000008    0.872965 ^ _0861_/A (sky130_fd_sc_hd__buf_1)
     1    0.002124    0.038095    0.072326    0.945291 ^ _0861_/X (sky130_fd_sc_hd__buf_1)
                                                         _0036_ (net)
                      0.038095    0.000006    0.945297 ^ _1096_/D (sky130_fd_sc_hd__dfxtp_2)
                                              0.945297   data arrival time

                                  0.000000    0.000000   clock wr_clk (rise edge)
                                  0.000000    0.000000   clock source latency
     1    0.018723    0.000000    0.000000    0.000000 ^ wr_clk (in)
                                                         wr_clk (net)
                      0.001049    0.000525    0.000525 ^ clkbuf_0_wr_clk/A (sky130_fd_sc_hd__clkbuf_16)
    16    0.088820    0.105109    0.162823    0.163347 ^ clkbuf_0_wr_clk/X (sky130_fd_sc_hd__clkbuf_16)
                                                         clknet_0_wr_clk (net)
                      0.105116    0.001008    0.164356 ^ clkbuf_4_5_0_wr_clk/A (sky130_fd_sc_hd__clkbuf_8)
     2    0.017481    0.047457    0.150476    0.314831 ^ clkbuf_4_5_0_wr_clk/X (sky130_fd_sc_hd__clkbuf_8)
                                                         clknet_4_5_0_wr_clk (net)
                      0.047457    0.000167    0.314998 ^ clkbuf_5_11__f_wr_clk/A (sky130_fd_sc_hd__clkbuf_16)
     5    0.012132    0.035148    0.118821    0.433819 ^ clkbuf_5_11__f_wr_clk/X (sky130_fd_sc_hd__clkbuf_16)
                                                         clknet_5_11__leaf_wr_clk (net)
                      0.035148    0.000038    0.433858 ^ _1096_/CLK (sky130_fd_sc_hd__dfxtp_2)
                                  0.100000    0.533858   clock uncertainty
                                  0.000000    0.533858   clock reconvergence pessimism
                                 -0.031055    0.502803   library hold time
                                              0.502803   data required time
---------------------------------------------------------------------------------------------
                                              0.502803   data required time
                                             -0.945297   data arrival time
---------------------------------------------------------------------------------------------
                                              0.442494   slack (MET)


Startpoint: _1167_ (rising edge-triggered flip-flop clocked by wr_clk)
Endpoint: _1167_ (rising edge-triggered flip-flop clocked by wr_clk)
Path Group: wr_clk
Path Type: min

Fanout         Cap        Slew       Delay        Time   Description
---------------------------------------------------------------------------------------------
                                  0.000000    0.000000   clock wr_clk (rise edge)
                                  0.000000    0.000000   clock source latency
     1    0.018723    0.000000    0.000000    0.000000 ^ wr_clk (in)
                                                         wr_clk (net)
                      0.001049    0.000525    0.000525 ^ clkbuf_0_wr_clk/A (sky130_fd_sc_hd__clkbuf_16)
    16    0.088820    0.105109    0.162823    0.163347 ^ clkbuf_0_wr_clk/X (sky130_fd_sc_hd__clkbuf_16)
                                                         clknet_0_wr_clk (net)
                      0.105110    0.000587    0.163935 ^ clkbuf_4_3_0_wr_clk/A (sky130_fd_sc_hd__clkbuf_8)
     2    0.017995    0.048243    0.151260    0.315195 ^ clkbuf_4_3_0_wr_clk/X (sky130_fd_sc_hd__clkbuf_8)
                                                         clknet_4_3_0_wr_clk (net)
                      0.048243    0.000095    0.315289 ^ clkbuf_5_7__f_wr_clk/A (sky130_fd_sc_hd__clkbuf_16)
     5    0.012717    0.035644    0.119670    0.434959 ^ clkbuf_5_7__f_wr_clk/X (sky130_fd_sc_hd__clkbuf_16)
                                                         clknet_5_7__leaf_wr_clk (net)
                      0.035644    0.000051    0.435010 ^ _1167_/CLK (sky130_fd_sc_hd__dfxtp_2)
     2    0.004663    0.037877    0.308443    0.743454 ^ _1167_/Q (sky130_fd_sc_hd__dfxtp_2)
                                                         u_fifomem.mem[7][1] (net)
                      0.037877    0.000018    0.743472 ^ _1013_/A1 (sky130_fd_sc_hd__mux2_2)
     1    0.003182    0.038357    0.132994    0.876467 ^ _1013_/X (sky130_fd_sc_hd__mux2_2)
                                                         _0490_ (net)
                      0.038357    0.000017    0.876484 ^ _1014_/A (sky130_fd_sc_hd__buf_1)
     1    0.001866    0.035211    0.070655    0.947139 ^ _1014_/X (sky130_fd_sc_hd__buf_1)
                                                         _0107_ (net)
                      0.035211    0.000002    0.947141 ^ _1167_/D (sky130_fd_sc_hd__dfxtp_2)
                                              0.947141   data arrival time

                                  0.000000    0.000000   clock wr_clk (rise edge)
                                  0.000000    0.000000   clock source latency
     1    0.018723    0.000000    0.000000    0.000000 ^ wr_clk (in)
                                                         wr_clk (net)
                      0.001049    0.000525    0.000525 ^ clkbuf_0_wr_clk/A (sky130_fd_sc_hd__clkbuf_16)
    16    0.088820    0.105109    0.162823    0.163347 ^ clkbuf_0_wr_clk/X (sky130_fd_sc_hd__clkbuf_16)
                                                         clknet_0_wr_clk (net)
                      0.105110    0.000587    0.163935 ^ clkbuf_4_3_0_wr_clk/A (sky130_fd_sc_hd__clkbuf_8)
     2    0.017995    0.048243    0.151260    0.315195 ^ clkbuf_4_3_0_wr_clk/X (sky130_fd_sc_hd__clkbuf_8)
                                                         clknet_4_3_0_wr_clk (net)
                      0.048243    0.000095    0.315289 ^ clkbuf_5_7__f_wr_clk/A (sky130_fd_sc_hd__clkbuf_16)
     5    0.012717    0.035644    0.119670    0.434959 ^ clkbuf_5_7__f_wr_clk/X (sky130_fd_sc_hd__clkbuf_16)
                                                         clknet_5_7__leaf_wr_clk (net)
                      0.035644    0.000051    0.435010 ^ _1167_/CLK (sky130_fd_sc_hd__dfxtp_2)
                                  0.100000    0.535010   clock uncertainty
                                  0.000000    0.535010   clock reconvergence pessimism
                                 -0.030391    0.504619   library hold time
                                              0.504619   data required time
---------------------------------------------------------------------------------------------
                                              0.504619   data required time
                                             -0.947141   data arrival time
---------------------------------------------------------------------------------------------
                                              0.442522   slack (MET)


Startpoint: _1168_ (rising edge-triggered flip-flop clocked by wr_clk)
Endpoint: _1168_ (rising edge-triggered flip-flop clocked by wr_clk)
Path Group: wr_clk
Path Type: min

Fanout         Cap        Slew       Delay        Time   Description
---------------------------------------------------------------------------------------------
                                  0.000000    0.000000   clock wr_clk (rise edge)
                                  0.000000    0.000000   clock source latency
     1    0.018723    0.000000    0.000000    0.000000 ^ wr_clk (in)
                                                         wr_clk (net)
                      0.001049    0.000525    0.000525 ^ clkbuf_0_wr_clk/A (sky130_fd_sc_hd__clkbuf_16)
    16    0.088820    0.105109    0.162823    0.163347 ^ clkbuf_0_wr_clk/X (sky130_fd_sc_hd__clkbuf_16)
                                                         clknet_0_wr_clk (net)
                      0.105112    0.000808    0.164156 ^ clkbuf_4_0_0_wr_clk/A (sky130_fd_sc_hd__clkbuf_8)
     2    0.017377    0.047298    0.150321    0.314476 ^ clkbuf_4_0_0_wr_clk/X (sky130_fd_sc_hd__clkbuf_8)
                                                         clknet_4_0_0_wr_clk (net)
                      0.047298    0.000148    0.314624 ^ clkbuf_5_0__f_wr_clk/A (sky130_fd_sc_hd__clkbuf_16)
     5    0.015095    0.037667    0.121585    0.436209 ^ clkbuf_5_0__f_wr_clk/X (sky130_fd_sc_hd__clkbuf_16)
                                                         clknet_5_0__leaf_wr_clk (net)
                      0.037667    0.000073    0.436282 ^ _1168_/CLK (sky130_fd_sc_hd__dfxtp_2)
     2    0.004295    0.037478    0.307821    0.744103 ^ _1168_/Q (sky130_fd_sc_hd__dfxtp_2)
                                                         u_fifomem.mem[7][2] (net)
                      0.037478    0.000004    0.744108 ^ _1015_/A1 (sky130_fd_sc_hd__mux2_2)
     1    0.002961    0.037053    0.131544    0.875652 ^ _1015_/X (sky130_fd_sc_hd__mux2_2)
                                                         _0491_ (net)
                      0.037053    0.000013    0.875665 ^ _1016_/A (sky130_fd_sc_hd__buf_1)
     1    0.002135    0.038224    0.072414    0.948079 ^ _1016_/X (sky130_fd_sc_hd__buf_1)
                                                         _0108_ (net)
                      0.038224    0.000006    0.948085 ^ _1168_/D (sky130_fd_sc_hd__dfxtp_2)
                                              0.948085   data arrival time

                                  0.000000    0.000000   clock wr_clk (rise edge)
                                  0.000000    0.000000   clock source latency
     1    0.018723    0.000000    0.000000    0.000000 ^ wr_clk (in)
                                                         wr_clk (net)
                      0.001049    0.000525    0.000525 ^ clkbuf_0_wr_clk/A (sky130_fd_sc_hd__clkbuf_16)
    16    0.088820    0.105109    0.162823    0.163347 ^ clkbuf_0_wr_clk/X (sky130_fd_sc_hd__clkbuf_16)
                                                         clknet_0_wr_clk (net)
                      0.105112    0.000808    0.164156 ^ clkbuf_4_0_0_wr_clk/A (sky130_fd_sc_hd__clkbuf_8)
     2    0.017377    0.047298    0.150321    0.314476 ^ clkbuf_4_0_0_wr_clk/X (sky130_fd_sc_hd__clkbuf_8)
                                                         clknet_4_0_0_wr_clk (net)
                      0.047298    0.000148    0.314624 ^ clkbuf_5_0__f_wr_clk/A (sky130_fd_sc_hd__clkbuf_16)
     5    0.015095    0.037667    0.121585    0.436209 ^ clkbuf_5_0__f_wr_clk/X (sky130_fd_sc_hd__clkbuf_16)
                                                         clknet_5_0__leaf_wr_clk (net)
                      0.037667    0.000073    0.436282 ^ _1168_/CLK (sky130_fd_sc_hd__dfxtp_2)
                                  0.100000    0.536282   clock uncertainty
                                  0.000000    0.536282   clock reconvergence pessimism
                                 -0.030750    0.505532   library hold time
                                              0.505532   data required time
---------------------------------------------------------------------------------------------
                                              0.505532   data required time
                                             -0.948085   data arrival time
---------------------------------------------------------------------------------------------
                                              0.442553   slack (MET)


Startpoint: _1070_ (rising edge-triggered flip-flop clocked by wr_clk)
Endpoint: _1070_ (rising edge-triggered flip-flop clocked by wr_clk)
Path Group: wr_clk
Path Type: min

Fanout         Cap        Slew       Delay        Time   Description
---------------------------------------------------------------------------------------------
                                  0.000000    0.000000   clock wr_clk (rise edge)
                                  0.000000    0.000000   clock source latency
     1    0.018723    0.000000    0.000000    0.000000 ^ wr_clk (in)
                                                         wr_clk (net)
                      0.001049    0.000525    0.000525 ^ clkbuf_0_wr_clk/A (sky130_fd_sc_hd__clkbuf_16)
    16    0.088820    0.105109    0.162823    0.163347 ^ clkbuf_0_wr_clk/X (sky130_fd_sc_hd__clkbuf_16)
                                                         clknet_0_wr_clk (net)
                      0.105116    0.001008    0.164356 ^ clkbuf_4_5_0_wr_clk/A (sky130_fd_sc_hd__clkbuf_8)
     2    0.017481    0.047457    0.150476    0.314831 ^ clkbuf_4_5_0_wr_clk/X (sky130_fd_sc_hd__clkbuf_8)
                                                         clknet_4_5_0_wr_clk (net)
                      0.047457    0.000142    0.314974 ^ clkbuf_5_10__f_wr_clk/A (sky130_fd_sc_hd__clkbuf_16)
     5    0.012950    0.035845    0.119583    0.434557 ^ clkbuf_5_10__f_wr_clk/X (sky130_fd_sc_hd__clkbuf_16)
                                                         clknet_5_10__leaf_wr_clk (net)
                      0.035845    0.000141    0.434697 ^ _1070_/CLK (sky130_fd_sc_hd__dfxtp_2)
     2    0.004435    0.038120    0.307672    0.742370 ^ _1070_/Q (sky130_fd_sc_hd__dfxtp_2)
                                                         u_fifomem.mem[10][0] (net)
                      0.038120    0.000004    0.742374 ^ _0803_/A0 (sky130_fd_sc_hd__mux2_2)
     1    0.001889    0.033242    0.124749    0.867123 ^ _0803_/X (sky130_fd_sc_hd__mux2_2)
                                                         _0377_ (net)
                      0.033242    0.000000    0.867123 ^ _0804_/A (sky130_fd_sc_hd__buf_2)
     1    0.001866    0.023532    0.082213    0.949336 ^ _0804_/X (sky130_fd_sc_hd__buf_2)
                                                         _0010_ (net)
                      0.023532    0.000002    0.949338 ^ _1070_/D (sky130_fd_sc_hd__dfxtp_2)
                                              0.949338   data arrival time

                                  0.000000    0.000000   clock wr_clk (rise edge)
                                  0.000000    0.000000   clock source latency
     1    0.018723    0.000000    0.000000    0.000000 ^ wr_clk (in)
                                                         wr_clk (net)
                      0.001049    0.000525    0.000525 ^ clkbuf_0_wr_clk/A (sky130_fd_sc_hd__clkbuf_16)
    16    0.088820    0.105109    0.162823    0.163347 ^ clkbuf_0_wr_clk/X (sky130_fd_sc_hd__clkbuf_16)
                                                         clknet_0_wr_clk (net)
                      0.105116    0.001008    0.164356 ^ clkbuf_4_5_0_wr_clk/A (sky130_fd_sc_hd__clkbuf_8)
     2    0.017481    0.047457    0.150476    0.314831 ^ clkbuf_4_5_0_wr_clk/X (sky130_fd_sc_hd__clkbuf_8)
                                                         clknet_4_5_0_wr_clk (net)
                      0.047457    0.000142    0.314974 ^ clkbuf_5_10__f_wr_clk/A (sky130_fd_sc_hd__clkbuf_16)
     5    0.012950    0.035845    0.119583    0.434557 ^ clkbuf_5_10__f_wr_clk/X (sky130_fd_sc_hd__clkbuf_16)
                                                         clknet_5_10__leaf_wr_clk (net)
                      0.035845    0.000141    0.434697 ^ _1070_/CLK (sky130_fd_sc_hd__dfxtp_2)
                                  0.100000    0.534697   clock uncertainty
                                  0.000000    0.534697   clock reconvergence pessimism
                                 -0.027943    0.506754   library hold time
                                              0.506754   data required time
---------------------------------------------------------------------------------------------
                                              0.506754   data required time
                                             -0.949338   data arrival time
---------------------------------------------------------------------------------------------
                                              0.442584   slack (MET)


Startpoint: _1090_ (rising edge-triggered flip-flop clocked by wr_clk)
Endpoint: _1090_ (rising edge-triggered flip-flop clocked by wr_clk)
Path Group: wr_clk
Path Type: min

Fanout         Cap        Slew       Delay        Time   Description
---------------------------------------------------------------------------------------------
                                  0.000000    0.000000   clock wr_clk (rise edge)
                                  0.000000    0.000000   clock source latency
     1    0.018723    0.000000    0.000000    0.000000 ^ wr_clk (in)
                                                         wr_clk (net)
                      0.001049    0.000525    0.000525 ^ clkbuf_0_wr_clk/A (sky130_fd_sc_hd__clkbuf_16)
    16    0.088820    0.105109    0.162823    0.163347 ^ clkbuf_0_wr_clk/X (sky130_fd_sc_hd__clkbuf_16)
                                                         clknet_0_wr_clk (net)
                      0.105110    0.000587    0.163935 ^ clkbuf_4_3_0_wr_clk/A (sky130_fd_sc_hd__clkbuf_8)
     2    0.017995    0.048243    0.151260    0.315195 ^ clkbuf_4_3_0_wr_clk/X (sky130_fd_sc_hd__clkbuf_8)
                                                         clknet_4_3_0_wr_clk (net)
                      0.048243    0.000154    0.315348 ^ clkbuf_5_6__f_wr_clk/A (sky130_fd_sc_hd__clkbuf_16)
     5    0.012298    0.035288    0.119268    0.434616 ^ clkbuf_5_6__f_wr_clk/X (sky130_fd_sc_hd__clkbuf_16)
                                                         clknet_5_6__leaf_wr_clk (net)
                      0.035288    0.000040    0.434656 ^ _1090_/CLK (sky130_fd_sc_hd__dfxtp_2)
     2    0.005363    0.040823    0.310931    0.745587 ^ _1090_/Q (sky130_fd_sc_hd__dfxtp_2)
                                                         u_fifomem.mem[12][4] (net)
                      0.040823    0.000024    0.745611 ^ _0846_/A0 (sky130_fd_sc_hd__mux2_2)
     1    0.002662    0.037089    0.130306    0.875917 ^ _0846_/X (sky130_fd_sc_hd__mux2_2)
                                                         _0400_ (net)
                      0.037089    0.000007    0.875925 ^ _0847_/A (sky130_fd_sc_hd__buf_1)
     1    0.001933    0.035954    0.070761    0.946686 ^ _0847_/X (sky130_fd_sc_hd__buf_1)
                                                         _0030_ (net)
                      0.035954    0.000003    0.946689 ^ _1090_/D (sky130_fd_sc_hd__dfxtp_2)
                                              0.946689   data arrival time

                                  0.000000    0.000000   clock wr_clk (rise edge)
                                  0.000000    0.000000   clock source latency
     1    0.018723    0.000000    0.000000    0.000000 ^ wr_clk (in)
                                                         wr_clk (net)
                      0.001049    0.000525    0.000525 ^ clkbuf_0_wr_clk/A (sky130_fd_sc_hd__clkbuf_16)
    16    0.088820    0.105109    0.162823    0.163347 ^ clkbuf_0_wr_clk/X (sky130_fd_sc_hd__clkbuf_16)
                                                         clknet_0_wr_clk (net)
                      0.105110    0.000587    0.163935 ^ clkbuf_4_3_0_wr_clk/A (sky130_fd_sc_hd__clkbuf_8)
     2    0.017995    0.048243    0.151260    0.315195 ^ clkbuf_4_3_0_wr_clk/X (sky130_fd_sc_hd__clkbuf_8)
                                                         clknet_4_3_0_wr_clk (net)
                      0.048243    0.000154    0.315348 ^ clkbuf_5_6__f_wr_clk/A (sky130_fd_sc_hd__clkbuf_16)
     5    0.012298    0.035288    0.119268    0.434616 ^ clkbuf_5_6__f_wr_clk/X (sky130_fd_sc_hd__clkbuf_16)
                                                         clknet_5_6__leaf_wr_clk (net)
                      0.035288    0.000040    0.434656 ^ _1090_/CLK (sky130_fd_sc_hd__dfxtp_2)
                                  0.100000    0.534656   clock uncertainty
                                  0.000000    0.534656   clock reconvergence pessimism
                                 -0.030592    0.504063   library hold time
                                              0.504063   data required time
---------------------------------------------------------------------------------------------
                                              0.504063   data required time
                                             -0.946689   data arrival time
---------------------------------------------------------------------------------------------
                                              0.442626   slack (MET)


Startpoint: _1162_ (rising edge-triggered flip-flop clocked by wr_clk)
Endpoint: _1162_ (rising edge-triggered flip-flop clocked by wr_clk)
Path Group: wr_clk
Path Type: min

Fanout         Cap        Slew       Delay        Time   Description
---------------------------------------------------------------------------------------------
                                  0.000000    0.000000   clock wr_clk (rise edge)
                                  0.000000    0.000000   clock source latency
     1    0.018723    0.000000    0.000000    0.000000 ^ wr_clk (in)
                                                         wr_clk (net)
                      0.001049    0.000525    0.000525 ^ clkbuf_0_wr_clk/A (sky130_fd_sc_hd__clkbuf_16)
    16    0.088820    0.105109    0.162823    0.163347 ^ clkbuf_0_wr_clk/X (sky130_fd_sc_hd__clkbuf_16)
                                                         clknet_0_wr_clk (net)
                      0.105111    0.000680    0.164027 ^ clkbuf_4_8_0_wr_clk/A (sky130_fd_sc_hd__clkbuf_8)
     2    0.018015    0.048272    0.151299    0.315326 ^ clkbuf_4_8_0_wr_clk/X (sky130_fd_sc_hd__clkbuf_8)
                                                         clknet_4_8_0_wr_clk (net)
                      0.048272    0.000087    0.315412 ^ clkbuf_5_16__f_wr_clk/A (sky130_fd_sc_hd__clkbuf_16)
     5    0.011503    0.034611    0.118515    0.433927 ^ clkbuf_5_16__f_wr_clk/X (sky130_fd_sc_hd__clkbuf_16)
                                                         clknet_5_16__leaf_wr_clk (net)
                      0.034611    0.000031    0.433959 ^ _1162_/CLK (sky130_fd_sc_hd__dfxtp_2)
     2    0.004476    0.038307    0.307366    0.741324 ^ _1162_/Q (sky130_fd_sc_hd__dfxtp_2)
                                                         u_fifomem.mem[6][4] (net)
                      0.038307    0.000004    0.741329 ^ _1002_/A0 (sky130_fd_sc_hd__mux2_2)
     1    0.001889    0.033242    0.124814    0.866143 ^ _1002_/X (sky130_fd_sc_hd__mux2_2)
                                                         _0484_ (net)
                      0.033242    0.000000    0.866144 ^ _1003_/A (sky130_fd_sc_hd__buf_2)
     1    0.001948    0.023897    0.082566    0.948709 ^ _1003_/X (sky130_fd_sc_hd__buf_2)
                                                         _0102_ (net)
                      0.023897    0.000003    0.948713 ^ _1162_/D (sky130_fd_sc_hd__dfxtp_2)
                                              0.948713   data arrival time

                                  0.000000    0.000000   clock wr_clk (rise edge)
                                  0.000000    0.000000   clock source latency
     1    0.018723    0.000000    0.000000    0.000000 ^ wr_clk (in)
                                                         wr_clk (net)
                      0.001049    0.000525    0.000525 ^ clkbuf_0_wr_clk/A (sky130_fd_sc_hd__clkbuf_16)
    16    0.088820    0.105109    0.162823    0.163347 ^ clkbuf_0_wr_clk/X (sky130_fd_sc_hd__clkbuf_16)
                                                         clknet_0_wr_clk (net)
                      0.105111    0.000680    0.164027 ^ clkbuf_4_8_0_wr_clk/A (sky130_fd_sc_hd__clkbuf_8)
     2    0.018015    0.048272    0.151299    0.315326 ^ clkbuf_4_8_0_wr_clk/X (sky130_fd_sc_hd__clkbuf_8)
                                                         clknet_4_8_0_wr_clk (net)
                      0.048272    0.000087    0.315412 ^ clkbuf_5_16__f_wr_clk/A (sky130_fd_sc_hd__clkbuf_16)
     5    0.011503    0.034611    0.118515    0.433927 ^ clkbuf_5_16__f_wr_clk/X (sky130_fd_sc_hd__clkbuf_16)
                                                         clknet_5_16__leaf_wr_clk (net)
                      0.034611    0.000031    0.433959 ^ _1162_/CLK (sky130_fd_sc_hd__dfxtp_2)
                                  0.100000    0.533959   clock uncertainty
                                  0.000000    0.533959   clock reconvergence pessimism
                                 -0.028181    0.505777   library hold time
                                              0.505777   data required time
---------------------------------------------------------------------------------------------
                                              0.505777   data required time
                                             -0.948713   data arrival time
---------------------------------------------------------------------------------------------
                                              0.442935   slack (MET)


Startpoint: _1064_ (rising edge-triggered flip-flop clocked by wr_clk)
Endpoint: _1064_ (rising edge-triggered flip-flop clocked by wr_clk)
Path Group: wr_clk
Path Type: min

Fanout         Cap        Slew       Delay        Time   Description
---------------------------------------------------------------------------------------------
                                  0.000000    0.000000   clock wr_clk (rise edge)
                                  0.000000    0.000000   clock source latency
     1    0.018723    0.000000    0.000000    0.000000 ^ wr_clk (in)
                                                         wr_clk (net)
                      0.001049    0.000525    0.000525 ^ clkbuf_0_wr_clk/A (sky130_fd_sc_hd__clkbuf_16)
    16    0.088820    0.105109    0.162823    0.163347 ^ clkbuf_0_wr_clk/X (sky130_fd_sc_hd__clkbuf_16)
                                                         clknet_0_wr_clk (net)
                      0.105112    0.000808    0.164156 ^ clkbuf_4_0_0_wr_clk/A (sky130_fd_sc_hd__clkbuf_8)
     2    0.017377    0.047298    0.150321    0.314476 ^ clkbuf_4_0_0_wr_clk/X (sky130_fd_sc_hd__clkbuf_8)
                                                         clknet_4_0_0_wr_clk (net)
                      0.047298    0.000157    0.314633 ^ clkbuf_5_1__f_wr_clk/A (sky130_fd_sc_hd__clkbuf_16)
     5    0.012784    0.035706    0.119357    0.433990 ^ clkbuf_5_1__f_wr_clk/X (sky130_fd_sc_hd__clkbuf_16)
                                                         clknet_5_1__leaf_wr_clk (net)
                      0.035706    0.000166    0.434156 ^ _1064_/CLK (sky130_fd_sc_hd__dfxtp_2)
     2    0.004821    0.039864    0.309064    0.743220 ^ _1064_/Q (sky130_fd_sc_hd__dfxtp_2)
                                                         u_fifomem.mem[0][2] (net)
                      0.039864    0.000011    0.743231 ^ _0790_/A0 (sky130_fd_sc_hd__mux2_2)
     1    0.003009    0.036941    0.132037    0.875269 ^ _0790_/X (sky130_fd_sc_hd__mux2_2)
                                                         _0370_ (net)
                      0.036941    0.000013    0.875282 ^ _0791_/A (sky130_fd_sc_hd__buf_1)
     1    0.001992    0.036618    0.071197    0.946479 ^ _0791_/X (sky130_fd_sc_hd__buf_1)
                                                         _0004_ (net)
                      0.036618    0.000004    0.946483 ^ _1064_/D (sky130_fd_sc_hd__dfxtp_2)
                                              0.946483   data arrival time

                                  0.000000    0.000000   clock wr_clk (rise edge)
                                  0.000000    0.000000   clock source latency
     1    0.018723    0.000000    0.000000    0.000000 ^ wr_clk (in)
                                                         wr_clk (net)
                      0.001049    0.000525    0.000525 ^ clkbuf_0_wr_clk/A (sky130_fd_sc_hd__clkbuf_16)
    16    0.088820    0.105109    0.162823    0.163347 ^ clkbuf_0_wr_clk/X (sky130_fd_sc_hd__clkbuf_16)
                                                         clknet_0_wr_clk (net)
                      0.105112    0.000808    0.164156 ^ clkbuf_4_0_0_wr_clk/A (sky130_fd_sc_hd__clkbuf_8)
     2    0.017377    0.047298    0.150321    0.314476 ^ clkbuf_4_0_0_wr_clk/X (sky130_fd_sc_hd__clkbuf_8)
                                                         clknet_4_0_0_wr_clk (net)
                      0.047298    0.000157    0.314633 ^ clkbuf_5_1__f_wr_clk/A (sky130_fd_sc_hd__clkbuf_16)
     5    0.012784    0.035706    0.119357    0.433990 ^ clkbuf_5_1__f_wr_clk/X (sky130_fd_sc_hd__clkbuf_16)
                                                         clknet_5_1__leaf_wr_clk (net)
                      0.035706    0.000166    0.434156 ^ _1064_/CLK (sky130_fd_sc_hd__dfxtp_2)
                                  0.100000    0.534156   clock uncertainty
                                  0.000000    0.534156   clock reconvergence pessimism
                                 -0.030675    0.503481   library hold time
                                              0.503481   data required time
---------------------------------------------------------------------------------------------
                                              0.503481   data required time
                                             -0.946483   data arrival time
---------------------------------------------------------------------------------------------
                                              0.443002   slack (MET)


Startpoint: _1187_ (rising edge-triggered flip-flop clocked by wr_clk)
Endpoint: _1187_ (rising edge-triggered flip-flop clocked by wr_clk)
Path Group: wr_clk
Path Type: min

Fanout         Cap        Slew       Delay        Time   Description
---------------------------------------------------------------------------------------------
                                  0.000000    0.000000   clock wr_clk (rise edge)
                                  0.000000    0.000000   clock source latency
     1    0.018723    0.000000    0.000000    0.000000 ^ wr_clk (in)
                                                         wr_clk (net)
                      0.001049    0.000525    0.000525 ^ clkbuf_0_wr_clk/A (sky130_fd_sc_hd__clkbuf_16)
    16    0.088820    0.105109    0.162823    0.163347 ^ clkbuf_0_wr_clk/X (sky130_fd_sc_hd__clkbuf_16)
                                                         clknet_0_wr_clk (net)
                      0.105110    0.000587    0.163935 ^ clkbuf_4_3_0_wr_clk/A (sky130_fd_sc_hd__clkbuf_8)
     2    0.017995    0.048243    0.151260    0.315195 ^ clkbuf_4_3_0_wr_clk/X (sky130_fd_sc_hd__clkbuf_8)
                                                         clknet_4_3_0_wr_clk (net)
                      0.048243    0.000095    0.315289 ^ clkbuf_5_7__f_wr_clk/A (sky130_fd_sc_hd__clkbuf_16)
     5    0.012717    0.035644    0.119670    0.434959 ^ clkbuf_5_7__f_wr_clk/X (sky130_fd_sc_hd__clkbuf_16)
                                                         clknet_5_7__leaf_wr_clk (net)
                      0.035644    0.000006    0.434966 ^ _1187_/CLK (sky130_fd_sc_hd__dfxtp_2)
     2    0.005069    0.039574    0.309961    0.744927 ^ _1187_/Q (sky130_fd_sc_hd__dfxtp_2)
                                                         u_fifomem.mem[9][5] (net)
                      0.039574    0.000025    0.744952 ^ _1056_/A0 (sky130_fd_sc_hd__mux2_2)
     1    0.003054    0.037803    0.132199    0.877151 ^ _1056_/X (sky130_fd_sc_hd__mux2_2)
                                                         _0513_ (net)
                      0.037803    0.000015    0.877166 ^ _1057_/A (sky130_fd_sc_hd__buf_1)
     1    0.001866    0.035210    0.070463    0.947628 ^ _1057_/X (sky130_fd_sc_hd__buf_1)
                                                         _0127_ (net)
                      0.035210    0.000002    0.947631 ^ _1187_/D (sky130_fd_sc_hd__dfxtp_2)
                                              0.947631   data arrival time

                                  0.000000    0.000000   clock wr_clk (rise edge)
                                  0.000000    0.000000   clock source latency
     1    0.018723    0.000000    0.000000    0.000000 ^ wr_clk (in)
                                                         wr_clk (net)
                      0.001049    0.000525    0.000525 ^ clkbuf_0_wr_clk/A (sky130_fd_sc_hd__clkbuf_16)
    16    0.088820    0.105109    0.162823    0.163347 ^ clkbuf_0_wr_clk/X (sky130_fd_sc_hd__clkbuf_16)
                                                         clknet_0_wr_clk (net)
                      0.105110    0.000587    0.163935 ^ clkbuf_4_3_0_wr_clk/A (sky130_fd_sc_hd__clkbuf_8)
     2    0.017995    0.048243    0.151260    0.315195 ^ clkbuf_4_3_0_wr_clk/X (sky130_fd_sc_hd__clkbuf_8)
                                                         clknet_4_3_0_wr_clk (net)
                      0.048243    0.000095    0.315289 ^ clkbuf_5_7__f_wr_clk/A (sky130_fd_sc_hd__clkbuf_16)
     5    0.012717    0.035644    0.119670    0.434959 ^ clkbuf_5_7__f_wr_clk/X (sky130_fd_sc_hd__clkbuf_16)
                                                         clknet_5_7__leaf_wr_clk (net)
                      0.035644    0.000006    0.434966 ^ _1187_/CLK (sky130_fd_sc_hd__dfxtp_2)
                                  0.100000    0.534966   clock uncertainty
                                  0.000000    0.534966   clock reconvergence pessimism
                                 -0.030391    0.504575   library hold time
                                              0.504575   data required time
---------------------------------------------------------------------------------------------
                                              0.504575   data required time
                                             -0.947631   data arrival time
---------------------------------------------------------------------------------------------
                                              0.443056   slack (MET)


Startpoint: _1106_ (rising edge-triggered flip-flop clocked by wr_clk)
Endpoint: _1106_ (rising edge-triggered flip-flop clocked by wr_clk)
Path Group: wr_clk
Path Type: min

Fanout         Cap        Slew       Delay        Time   Description
---------------------------------------------------------------------------------------------
                                  0.000000    0.000000   clock wr_clk (rise edge)
                                  0.000000    0.000000   clock source latency
     1    0.018723    0.000000    0.000000    0.000000 ^ wr_clk (in)
                                                         wr_clk (net)
                      0.001049    0.000525    0.000525 ^ clkbuf_0_wr_clk/A (sky130_fd_sc_hd__clkbuf_16)
    16    0.088820    0.105109    0.162823    0.163347 ^ clkbuf_0_wr_clk/X (sky130_fd_sc_hd__clkbuf_16)
                                                         clknet_0_wr_clk (net)
                      0.105111    0.000742    0.164089 ^ clkbuf_4_2_0_wr_clk/A (sky130_fd_sc_hd__clkbuf_8)
     2    0.017392    0.047296    0.150404    0.314493 ^ clkbuf_4_2_0_wr_clk/X (sky130_fd_sc_hd__clkbuf_8)
                                                         clknet_4_2_0_wr_clk (net)
                      0.047296    0.000011    0.314505 ^ clkbuf_5_5__f_wr_clk/A (sky130_fd_sc_hd__clkbuf_16)
     5    0.013222    0.036075    0.119799    0.434304 ^ clkbuf_5_5__f_wr_clk/X (sky130_fd_sc_hd__clkbuf_16)
                                                         clknet_5_5__leaf_wr_clk (net)
                      0.036075    0.000073    0.434377 ^ _1106_/CLK (sky130_fd_sc_hd__dfxtp_2)
     2    0.004469    0.038271    0.307883    0.742260 ^ _1106_/Q (sky130_fd_sc_hd__dfxtp_2)
                                                         u_fifomem.mem[14][4] (net)
                      0.038271    0.000007    0.742267 ^ _0882_/A0 (sky130_fd_sc_hd__mux2_2)
     1    0.001929    0.033438    0.125038    0.867305 ^ _0882_/X (sky130_fd_sc_hd__mux2_2)
                                                         _0420_ (net)
                      0.033438    0.000000    0.867306 ^ _0883_/A (sky130_fd_sc_hd__buf_2)
     1    0.001866    0.023531    0.082286    0.949592 ^ _0883_/X (sky130_fd_sc_hd__buf_2)
                                                         _0046_ (net)
                      0.023531    0.000002    0.949594 ^ _1106_/D (sky130_fd_sc_hd__dfxtp_2)
                                              0.949594   data arrival time

                                  0.000000    0.000000   clock wr_clk (rise edge)
                                  0.000000    0.000000   clock source latency
     1    0.018723    0.000000    0.000000    0.000000 ^ wr_clk (in)
                                                         wr_clk (net)
                      0.001049    0.000525    0.000525 ^ clkbuf_0_wr_clk/A (sky130_fd_sc_hd__clkbuf_16)
    16    0.088820    0.105109    0.162823    0.163347 ^ clkbuf_0_wr_clk/X (sky130_fd_sc_hd__clkbuf_16)
                                                         clknet_0_wr_clk (net)
                      0.105111    0.000742    0.164089 ^ clkbuf_4_2_0_wr_clk/A (sky130_fd_sc_hd__clkbuf_8)
     2    0.017392    0.047296    0.150404    0.314493 ^ clkbuf_4_2_0_wr_clk/X (sky130_fd_sc_hd__clkbuf_8)
                                                         clknet_4_2_0_wr_clk (net)
                      0.047296    0.000011    0.314505 ^ clkbuf_5_5__f_wr_clk/A (sky130_fd_sc_hd__clkbuf_16)
     5    0.013222    0.036075    0.119799    0.434304 ^ clkbuf_5_5__f_wr_clk/X (sky130_fd_sc_hd__clkbuf_16)
                                                         clknet_5_5__leaf_wr_clk (net)
                      0.036075    0.000073    0.434377 ^ _1106_/CLK (sky130_fd_sc_hd__dfxtp_2)
                                  0.100000    0.534377   clock uncertainty
                                  0.000000    0.534377   clock reconvergence pessimism
                                 -0.027913    0.506464   library hold time
                                              0.506464   data required time
---------------------------------------------------------------------------------------------
                                              0.506464   data required time
                                             -0.949594   data arrival time
---------------------------------------------------------------------------------------------
                                              0.443131   slack (MET)


Startpoint: _1173_ (rising edge-triggered flip-flop clocked by wr_clk)
Endpoint: _1173_ (rising edge-triggered flip-flop clocked by wr_clk)
Path Group: wr_clk
Path Type: min

Fanout         Cap        Slew       Delay        Time   Description
---------------------------------------------------------------------------------------------
                                  0.000000    0.000000   clock wr_clk (rise edge)
                                  0.000000    0.000000   clock source latency
     1    0.018723    0.000000    0.000000    0.000000 ^ wr_clk (in)
                                                         wr_clk (net)
                      0.001049    0.000525    0.000525 ^ clkbuf_0_wr_clk/A (sky130_fd_sc_hd__clkbuf_16)
    16    0.088820    0.105109    0.162823    0.163347 ^ clkbuf_0_wr_clk/X (sky130_fd_sc_hd__clkbuf_16)
                                                         clknet_0_wr_clk (net)
                      0.105111    0.000676    0.164024 ^ clkbuf_4_9_0_wr_clk/A (sky130_fd_sc_hd__clkbuf_8)
     2    0.017637    0.047691    0.150726    0.314749 ^ clkbuf_4_9_0_wr_clk/X (sky130_fd_sc_hd__clkbuf_8)
                                                         clknet_4_9_0_wr_clk (net)
                      0.047691    0.000111    0.314860 ^ clkbuf_5_18__f_wr_clk/A (sky130_fd_sc_hd__clkbuf_16)
     5    0.012560    0.035512    0.119314    0.434174 ^ clkbuf_5_18__f_wr_clk/X (sky130_fd_sc_hd__clkbuf_16)
                                                         clknet_5_18__leaf_wr_clk (net)
                      0.035512    0.000064    0.434238 ^ _1173_/CLK (sky130_fd_sc_hd__dfxtp_2)
     2    0.004258    0.035885    0.306879    0.741117 ^ _1173_/Q (sky130_fd_sc_hd__dfxtp_2)
                                                         u_fifomem.mem[7][7] (net)
                      0.035885    0.000014    0.741131 ^ _1025_/A1 (sky130_fd_sc_hd__mux2_2)
     1    0.003419    0.039514    0.133739    0.874870 ^ _1025_/X (sky130_fd_sc_hd__mux2_2)
                                                         _0496_ (net)
                      0.039514    0.000019    0.874889 ^ _1026_/A (sky130_fd_sc_hd__buf_1)
     1    0.001983    0.036519    0.072016    0.946904 ^ _1026_/X (sky130_fd_sc_hd__buf_1)
                                                         _0113_ (net)
                      0.036519    0.000002    0.946907 ^ _1173_/D (sky130_fd_sc_hd__dfxtp_2)
                                              0.946907   data arrival time

                                  0.000000    0.000000   clock wr_clk (rise edge)
                                  0.000000    0.000000   clock source latency
     1    0.018723    0.000000    0.000000    0.000000 ^ wr_clk (in)
                                                         wr_clk (net)
                      0.001049    0.000525    0.000525 ^ clkbuf_0_wr_clk/A (sky130_fd_sc_hd__clkbuf_16)
    16    0.088820    0.105109    0.162823    0.163347 ^ clkbuf_0_wr_clk/X (sky130_fd_sc_hd__clkbuf_16)
                                                         clknet_0_wr_clk (net)
                      0.105111    0.000676    0.164024 ^ clkbuf_4_9_0_wr_clk/A (sky130_fd_sc_hd__clkbuf_8)
     2    0.017637    0.047691    0.150726    0.314749 ^ clkbuf_4_9_0_wr_clk/X (sky130_fd_sc_hd__clkbuf_8)
                                                         clknet_4_9_0_wr_clk (net)
                      0.047691    0.000111    0.314860 ^ clkbuf_5_18__f_wr_clk/A (sky130_fd_sc_hd__clkbuf_16)
     5    0.012560    0.035512    0.119314    0.434174 ^ clkbuf_5_18__f_wr_clk/X (sky130_fd_sc_hd__clkbuf_16)
                                                         clknet_5_18__leaf_wr_clk (net)
                      0.035512    0.000064    0.434238 ^ _1173_/CLK (sky130_fd_sc_hd__dfxtp_2)
                                  0.100000    0.534238   clock uncertainty
                                  0.000000    0.534238   clock reconvergence pessimism
                                 -0.030680    0.503558   library hold time
                                              0.503558   data required time
---------------------------------------------------------------------------------------------
                                              0.503558   data required time
                                             -0.946907   data arrival time
---------------------------------------------------------------------------------------------
                                              0.443349   slack (MET)


Startpoint: _1100_ (rising edge-triggered flip-flop clocked by wr_clk)
Endpoint: _1100_ (rising edge-triggered flip-flop clocked by wr_clk)
Path Group: wr_clk
Path Type: min

Fanout         Cap        Slew       Delay        Time   Description
---------------------------------------------------------------------------------------------
                                  0.000000    0.000000   clock wr_clk (rise edge)
                                  0.000000    0.000000   clock source latency
     1    0.018723    0.000000    0.000000    0.000000 ^ wr_clk (in)
                                                         wr_clk (net)
                      0.001049    0.000525    0.000525 ^ clkbuf_0_wr_clk/A (sky130_fd_sc_hd__clkbuf_16)
    16    0.088820    0.105109    0.162823    0.163347 ^ clkbuf_0_wr_clk/X (sky130_fd_sc_hd__clkbuf_16)
                                                         clknet_0_wr_clk (net)
                      0.105109    0.000094    0.163442 ^ clkbuf_4_13_0_wr_clk/A (sky130_fd_sc_hd__clkbuf_8)
     2    0.017714    0.047814    0.150829    0.314271 ^ clkbuf_4_13_0_wr_clk/X (sky130_fd_sc_hd__clkbuf_8)
                                                         clknet_4_13_0_wr_clk (net)
                      0.047814    0.000163    0.314434 ^ clkbuf_5_27__f_wr_clk/A (sky130_fd_sc_hd__clkbuf_16)
     5    0.013803    0.036570    0.120532    0.434966 ^ clkbuf_5_27__f_wr_clk/X (sky130_fd_sc_hd__clkbuf_16)
                                                         clknet_5_27__leaf_wr_clk (net)
                      0.036570    0.000160    0.435126 ^ _1100_/CLK (sky130_fd_sc_hd__dfxtp_2)
     2    0.004709    0.038071    0.308963    0.744089 ^ _1100_/Q (sky130_fd_sc_hd__dfxtp_2)
                                                         u_fifomem.mem[13][6] (net)
                      0.038071    0.000009    0.744098 ^ _0868_/A0 (sky130_fd_sc_hd__mux2_2)
     1    0.002803    0.037785    0.130182    0.874280 ^ _0868_/X (sky130_fd_sc_hd__mux2_2)
                                                         _0412_ (net)
                      0.037785    0.000008    0.874288 ^ _0869_/A (sky130_fd_sc_hd__buf_1)
     1    0.002203    0.038982    0.073224    0.947512 ^ _0869_/X (sky130_fd_sc_hd__buf_1)
                                                         _0040_ (net)
                      0.038982    0.000006    0.947518 ^ _1100_/D (sky130_fd_sc_hd__dfxtp_2)
                                              0.947518   data arrival time

                                  0.000000    0.000000   clock wr_clk (rise edge)
                                  0.000000    0.000000   clock source latency
     1    0.018723    0.000000    0.000000    0.000000 ^ wr_clk (in)
                                                         wr_clk (net)
                      0.001049    0.000525    0.000525 ^ clkbuf_0_wr_clk/A (sky130_fd_sc_hd__clkbuf_16)
    16    0.088820    0.105109    0.162823    0.163347 ^ clkbuf_0_wr_clk/X (sky130_fd_sc_hd__clkbuf_16)
                                                         clknet_0_wr_clk (net)
                      0.105109    0.000094    0.163442 ^ clkbuf_4_13_0_wr_clk/A (sky130_fd_sc_hd__clkbuf_8)
     2    0.017714    0.047814    0.150829    0.314271 ^ clkbuf_4_13_0_wr_clk/X (sky130_fd_sc_hd__clkbuf_8)
                                                         clknet_4_13_0_wr_clk (net)
                      0.047814    0.000163    0.314434 ^ clkbuf_5_27__f_wr_clk/A (sky130_fd_sc_hd__clkbuf_16)
     5    0.013803    0.036570    0.120532    0.434966 ^ clkbuf_5_27__f_wr_clk/X (sky130_fd_sc_hd__clkbuf_16)
                                                         clknet_5_27__leaf_wr_clk (net)
                      0.036570    0.000160    0.435126 ^ _1100_/CLK (sky130_fd_sc_hd__dfxtp_2)
                                  0.100000    0.535126   clock uncertainty
                                  0.000000    0.535126   clock reconvergence pessimism
                                 -0.031052    0.504075   library hold time
                                              0.504075   data required time
---------------------------------------------------------------------------------------------
                                              0.504075   data required time
                                             -0.947518   data arrival time
---------------------------------------------------------------------------------------------
                                              0.443444   slack (MET)


Startpoint: _1116_ (rising edge-triggered flip-flop clocked by wr_clk)
Endpoint: _1116_ (rising edge-triggered flip-flop clocked by wr_clk)
Path Group: wr_clk
Path Type: min

Fanout         Cap        Slew       Delay        Time   Description
---------------------------------------------------------------------------------------------
                                  0.000000    0.000000   clock wr_clk (rise edge)
                                  0.000000    0.000000   clock source latency
     1    0.018723    0.000000    0.000000    0.000000 ^ wr_clk (in)
                                                         wr_clk (net)
                      0.001049    0.000525    0.000525 ^ clkbuf_0_wr_clk/A (sky130_fd_sc_hd__clkbuf_16)
    16    0.088820    0.105109    0.162823    0.163347 ^ clkbuf_0_wr_clk/X (sky130_fd_sc_hd__clkbuf_16)
                                                         clknet_0_wr_clk (net)
                      0.105119    0.001133    0.164480 ^ clkbuf_4_7_0_wr_clk/A (sky130_fd_sc_hd__clkbuf_8)
     2    0.017239    0.047063    0.150173    0.314653 ^ clkbuf_4_7_0_wr_clk/X (sky130_fd_sc_hd__clkbuf_8)
                                                         clknet_4_7_0_wr_clk (net)
                      0.047063    0.000063    0.314716 ^ clkbuf_5_15__f_wr_clk/A (sky130_fd_sc_hd__clkbuf_16)
     5    0.012154    0.035166    0.118703    0.433419 ^ clkbuf_5_15__f_wr_clk/X (sky130_fd_sc_hd__clkbuf_16)
                                                         clknet_5_15__leaf_wr_clk (net)
                      0.035166    0.000011    0.433430 ^ _1116_/CLK (sky130_fd_sc_hd__dfxtp_2)
     2    0.004621    0.038960    0.308114    0.741544 ^ _1116_/Q (sky130_fd_sc_hd__dfxtp_2)
                                                         u_fifomem.mem[15][6] (net)
                      0.038960    0.000007    0.741551 ^ _0903_/A1 (sky130_fd_sc_hd__mux2_2)
     1    0.002804    0.037783    0.131112    0.872663 ^ _0903_/X (sky130_fd_sc_hd__mux2_2)
                                                         _0431_ (net)
                      0.037783    0.000009    0.872672 ^ _0904_/A (sky130_fd_sc_hd__buf_1)
     1    0.002190    0.038836    0.073117    0.945789 ^ _0904_/X (sky130_fd_sc_hd__buf_1)
                                                         _0056_ (net)
                      0.038836    0.000005    0.945794 ^ _1116_/D (sky130_fd_sc_hd__dfxtp_2)
                                              0.945794   data arrival time

                                  0.000000    0.000000   clock wr_clk (rise edge)
                                  0.000000    0.000000   clock source latency
     1    0.018723    0.000000    0.000000    0.000000 ^ wr_clk (in)
                                                         wr_clk (net)
                      0.001049    0.000525    0.000525 ^ clkbuf_0_wr_clk/A (sky130_fd_sc_hd__clkbuf_16)
    16    0.088820    0.105109    0.162823    0.163347 ^ clkbuf_0_wr_clk/X (sky130_fd_sc_hd__clkbuf_16)
                                                         clknet_0_wr_clk (net)
                      0.105119    0.001133    0.164480 ^ clkbuf_4_7_0_wr_clk/A (sky130_fd_sc_hd__clkbuf_8)
     2    0.017239    0.047063    0.150173    0.314653 ^ clkbuf_4_7_0_wr_clk/X (sky130_fd_sc_hd__clkbuf_8)
                                                         clknet_4_7_0_wr_clk (net)
                      0.047063    0.000063    0.314716 ^ clkbuf_5_15__f_wr_clk/A (sky130_fd_sc_hd__clkbuf_16)
     5    0.012154    0.035166    0.118703    0.433419 ^ clkbuf_5_15__f_wr_clk/X (sky130_fd_sc_hd__clkbuf_16)
                                                         clknet_5_15__leaf_wr_clk (net)
                      0.035166    0.000011    0.433430 ^ _1116_/CLK (sky130_fd_sc_hd__dfxtp_2)
                                  0.100000    0.533430   clock uncertainty
                                  0.000000    0.533430   clock reconvergence pessimism
                                 -0.031206    0.502224   library hold time
                                              0.502224   data required time
---------------------------------------------------------------------------------------------
                                              0.502224   data required time
                                             -0.945794   data arrival time
---------------------------------------------------------------------------------------------
                                              0.443570   slack (MET)


Startpoint: _1175_ (rising edge-triggered flip-flop clocked by wr_clk)
Endpoint: _1175_ (rising edge-triggered flip-flop clocked by wr_clk)
Path Group: wr_clk
Path Type: min

Fanout         Cap        Slew       Delay        Time   Description
---------------------------------------------------------------------------------------------
                                  0.000000    0.000000   clock wr_clk (rise edge)
                                  0.000000    0.000000   clock source latency
     1    0.018723    0.000000    0.000000    0.000000 ^ wr_clk (in)
                                                         wr_clk (net)
                      0.001049    0.000525    0.000525 ^ clkbuf_0_wr_clk/A (sky130_fd_sc_hd__clkbuf_16)
    16    0.088820    0.105109    0.162823    0.163347 ^ clkbuf_0_wr_clk/X (sky130_fd_sc_hd__clkbuf_16)
                                                         clknet_0_wr_clk (net)
                      0.105119    0.001115    0.164462 ^ clkbuf_4_6_0_wr_clk/A (sky130_fd_sc_hd__clkbuf_8)
     2    0.017555    0.047552    0.150635    0.315097 ^ clkbuf_4_6_0_wr_clk/X (sky130_fd_sc_hd__clkbuf_8)
                                                         clknet_4_6_0_wr_clk (net)
                      0.047552    0.000074    0.315171 ^ clkbuf_5_13__f_wr_clk/A (sky130_fd_sc_hd__clkbuf_16)
     5    0.013267    0.036112    0.119947    0.435118 ^ clkbuf_5_13__f_wr_clk/X (sky130_fd_sc_hd__clkbuf_16)
                                                         clknet_5_13__leaf_wr_clk (net)
                      0.036112    0.000031    0.435149 ^ _1175_/CLK (sky130_fd_sc_hd__dfxtp_2)
     2    0.004235    0.037211    0.307019    0.742167 ^ _1175_/Q (sky130_fd_sc_hd__dfxtp_2)
                                                         u_fifomem.mem[8][1] (net)
                      0.037211    0.000004    0.742171 ^ _1031_/A0 (sky130_fd_sc_hd__mux2_2)
     1    0.002645    0.036994    0.128941    0.871112 ^ _1031_/X (sky130_fd_sc_hd__mux2_2)
                                                         _0500_ (net)
                      0.036994    0.000007    0.871119 ^ _1032_/A (sky130_fd_sc_hd__buf_1)
     1    0.002546    0.042826    0.075771    0.946891 ^ _1032_/X (sky130_fd_sc_hd__buf_1)
                                                         _0115_ (net)
                      0.042826    0.000009    0.946899 ^ _1175_/D (sky130_fd_sc_hd__dfxtp_2)
                                              0.946899   data arrival time

                                  0.000000    0.000000   clock wr_clk (rise edge)
                                  0.000000    0.000000   clock source latency
     1    0.018723    0.000000    0.000000    0.000000 ^ wr_clk (in)
                                                         wr_clk (net)
                      0.001049    0.000525    0.000525 ^ clkbuf_0_wr_clk/A (sky130_fd_sc_hd__clkbuf_16)
    16    0.088820    0.105109    0.162823    0.163347 ^ clkbuf_0_wr_clk/X (sky130_fd_sc_hd__clkbuf_16)
                                                         clknet_0_wr_clk (net)
                      0.105119    0.001115    0.164462 ^ clkbuf_4_6_0_wr_clk/A (sky130_fd_sc_hd__clkbuf_8)
     2    0.017555    0.047552    0.150635    0.315097 ^ clkbuf_4_6_0_wr_clk/X (sky130_fd_sc_hd__clkbuf_8)
                                                         clknet_4_6_0_wr_clk (net)
                      0.047552    0.000074    0.315171 ^ clkbuf_5_13__f_wr_clk/A (sky130_fd_sc_hd__clkbuf_16)
     5    0.013267    0.036112    0.119947    0.435118 ^ clkbuf_5_13__f_wr_clk/X (sky130_fd_sc_hd__clkbuf_16)
                                                         clknet_5_13__leaf_wr_clk (net)
                      0.036112    0.000031    0.435149 ^ _1175_/CLK (sky130_fd_sc_hd__dfxtp_2)
                                  0.100000    0.535149   clock uncertainty
                                  0.000000    0.535149   clock reconvergence pessimism
                                 -0.031909    0.503240   library hold time
                                              0.503240   data required time
---------------------------------------------------------------------------------------------
                                              0.503240   data required time
                                             -0.946899   data arrival time
---------------------------------------------------------------------------------------------
                                              0.443660   slack (MET)


Startpoint: _1087_ (rising edge-triggered flip-flop clocked by wr_clk)
Endpoint: _1087_ (rising edge-triggered flip-flop clocked by wr_clk)
Path Group: wr_clk
Path Type: min

Fanout         Cap        Slew       Delay        Time   Description
---------------------------------------------------------------------------------------------
                                  0.000000    0.000000   clock wr_clk (rise edge)
                                  0.000000    0.000000   clock source latency
     1    0.018723    0.000000    0.000000    0.000000 ^ wr_clk (in)
                                                         wr_clk (net)
                      0.001049    0.000525    0.000525 ^ clkbuf_0_wr_clk/A (sky130_fd_sc_hd__clkbuf_16)
    16    0.088820    0.105109    0.162823    0.163347 ^ clkbuf_0_wr_clk/X (sky130_fd_sc_hd__clkbuf_16)
                                                         clknet_0_wr_clk (net)
                      0.105119    0.001133    0.164480 ^ clkbuf_4_7_0_wr_clk/A (sky130_fd_sc_hd__clkbuf_8)
     2    0.017239    0.047063    0.150173    0.314653 ^ clkbuf_4_7_0_wr_clk/X (sky130_fd_sc_hd__clkbuf_8)
                                                         clknet_4_7_0_wr_clk (net)
                      0.047063    0.000063    0.314716 ^ clkbuf_5_15__f_wr_clk/A (sky130_fd_sc_hd__clkbuf_16)
     5    0.012154    0.035166    0.118703    0.433419 ^ clkbuf_5_15__f_wr_clk/X (sky130_fd_sc_hd__clkbuf_16)
                                                         clknet_5_15__leaf_wr_clk (net)
                      0.035166    0.000029    0.433448 ^ _1087_/CLK (sky130_fd_sc_hd__dfxtp_2)
     2    0.004953    0.039089    0.309351    0.742800 ^ _1087_/Q (sky130_fd_sc_hd__dfxtp_2)
                                                         u_fifomem.mem[12][1] (net)
                      0.039089    0.000024    0.742824 ^ _0840_/A0 (sky130_fd_sc_hd__mux2_2)
     1    0.003331    0.038409    0.133681    0.876505 ^ _0840_/X (sky130_fd_sc_hd__mux2_2)
                                                         _0397_ (net)
                      0.038409    0.000019    0.876524 ^ _0841_/A (sky130_fd_sc_hd__buf_1)
     1    0.001824    0.034744    0.070331    0.946855 ^ _0841_/X (sky130_fd_sc_hd__buf_1)
                                                         _0027_ (net)
                      0.034744    0.000001    0.946856 ^ _1087_/D (sky130_fd_sc_hd__dfxtp_2)
                                              0.946856   data arrival time

                                  0.000000    0.000000   clock wr_clk (rise edge)
                                  0.000000    0.000000   clock source latency
     1    0.018723    0.000000    0.000000    0.000000 ^ wr_clk (in)
                                                         wr_clk (net)
                      0.001049    0.000525    0.000525 ^ clkbuf_0_wr_clk/A (sky130_fd_sc_hd__clkbuf_16)
    16    0.088820    0.105109    0.162823    0.163347 ^ clkbuf_0_wr_clk/X (sky130_fd_sc_hd__clkbuf_16)
                                                         clknet_0_wr_clk (net)
                      0.105119    0.001133    0.164480 ^ clkbuf_4_7_0_wr_clk/A (sky130_fd_sc_hd__clkbuf_8)
     2    0.017239    0.047063    0.150173    0.314653 ^ clkbuf_4_7_0_wr_clk/X (sky130_fd_sc_hd__clkbuf_8)
                                                         clknet_4_7_0_wr_clk (net)
                      0.047063    0.000063    0.314716 ^ clkbuf_5_15__f_wr_clk/A (sky130_fd_sc_hd__clkbuf_16)
     5    0.012154    0.035166    0.118703    0.433419 ^ clkbuf_5_15__f_wr_clk/X (sky130_fd_sc_hd__clkbuf_16)
                                                         clknet_5_15__leaf_wr_clk (net)
                      0.035166    0.000029    0.433448 ^ _1087_/CLK (sky130_fd_sc_hd__dfxtp_2)
                                  0.100000    0.533448   clock uncertainty
                                  0.000000    0.533448   clock reconvergence pessimism
                                 -0.030358    0.503091   library hold time
                                              0.503091   data required time
---------------------------------------------------------------------------------------------
                                              0.503091   data required time
                                             -0.946856   data arrival time
---------------------------------------------------------------------------------------------
                                              0.443765   slack (MET)


Startpoint: _1181_ (rising edge-triggered flip-flop clocked by wr_clk)
Endpoint: _1181_ (rising edge-triggered flip-flop clocked by wr_clk)
Path Group: wr_clk
Path Type: min

Fanout         Cap        Slew       Delay        Time   Description
---------------------------------------------------------------------------------------------
                                  0.000000    0.000000   clock wr_clk (rise edge)
                                  0.000000    0.000000   clock source latency
     1    0.018723    0.000000    0.000000    0.000000 ^ wr_clk (in)
                                                         wr_clk (net)
                      0.001049    0.000525    0.000525 ^ clkbuf_0_wr_clk/A (sky130_fd_sc_hd__clkbuf_16)
    16    0.088820    0.105109    0.162823    0.163347 ^ clkbuf_0_wr_clk/X (sky130_fd_sc_hd__clkbuf_16)
                                                         clknet_0_wr_clk (net)
                      0.105117    0.001038    0.164385 ^ clkbuf_4_4_0_wr_clk/A (sky130_fd_sc_hd__clkbuf_8)
     2    0.017475    0.047432    0.150512    0.314897 ^ clkbuf_4_4_0_wr_clk/X (sky130_fd_sc_hd__clkbuf_8)
                                                         clknet_4_4_0_wr_clk (net)
                      0.047432    0.000074    0.314970 ^ clkbuf_5_8__f_wr_clk/A (sky130_fd_sc_hd__clkbuf_16)
     5    0.011925    0.034971    0.118611    0.433581 ^ clkbuf_5_8__f_wr_clk/X (sky130_fd_sc_hd__clkbuf_16)
                                                         clknet_5_8__leaf_wr_clk (net)
                      0.034971    0.000034    0.433615 ^ _1181_/CLK (sky130_fd_sc_hd__dfxtp_2)
     2    0.004454    0.038206    0.307417    0.741032 ^ _1181_/Q (sky130_fd_sc_hd__dfxtp_2)
                                                         u_fifomem.mem[8][7] (net)
                      0.038206    0.000007    0.741039 ^ _1043_/A0 (sky130_fd_sc_hd__mux2_2)
     1    0.002811    0.037331    0.130280    0.871320 ^ _1043_/X (sky130_fd_sc_hd__mux2_2)
                                                         _0506_ (net)
                      0.037331    0.000009    0.871329 ^ _1044_/A (sky130_fd_sc_hd__buf_1)
     1    0.002371    0.040858    0.074443    0.945772 ^ _1044_/X (sky130_fd_sc_hd__buf_1)
                                                         _0121_ (net)
                      0.040858    0.000009    0.945782 ^ _1181_/D (sky130_fd_sc_hd__dfxtp_2)
                                              0.945782   data arrival time

                                  0.000000    0.000000   clock wr_clk (rise edge)
                                  0.000000    0.000000   clock source latency
     1    0.018723    0.000000    0.000000    0.000000 ^ wr_clk (in)
                                                         wr_clk (net)
                      0.001049    0.000525    0.000525 ^ clkbuf_0_wr_clk/A (sky130_fd_sc_hd__clkbuf_16)
    16    0.088820    0.105109    0.162823    0.163347 ^ clkbuf_0_wr_clk/X (sky130_fd_sc_hd__clkbuf_16)
                                                         clknet_0_wr_clk (net)
                      0.105117    0.001038    0.164385 ^ clkbuf_4_4_0_wr_clk/A (sky130_fd_sc_hd__clkbuf_8)
     2    0.017475    0.047432    0.150512    0.314897 ^ clkbuf_4_4_0_wr_clk/X (sky130_fd_sc_hd__clkbuf_8)
                                                         clknet_4_4_0_wr_clk (net)
                      0.047432    0.000074    0.314970 ^ clkbuf_5_8__f_wr_clk/A (sky130_fd_sc_hd__clkbuf_16)
     5    0.011925    0.034971    0.118611    0.433581 ^ clkbuf_5_8__f_wr_clk/X (sky130_fd_sc_hd__clkbuf_16)
                                                         clknet_5_8__leaf_wr_clk (net)
                      0.034971    0.000034    0.433615 ^ _1181_/CLK (sky130_fd_sc_hd__dfxtp_2)
                                  0.100000    0.533615   clock uncertainty
                                  0.000000    0.533615   clock reconvergence pessimism
                                 -0.031651    0.501964   library hold time
                                              0.501964   data required time
---------------------------------------------------------------------------------------------
                                              0.501964   data required time
                                             -0.945782   data arrival time
---------------------------------------------------------------------------------------------
                                              0.443817   slack (MET)


Startpoint: _1177_ (rising edge-triggered flip-flop clocked by wr_clk)
Endpoint: _1177_ (rising edge-triggered flip-flop clocked by wr_clk)
Path Group: wr_clk
Path Type: min

Fanout         Cap        Slew       Delay        Time   Description
---------------------------------------------------------------------------------------------
                                  0.000000    0.000000   clock wr_clk (rise edge)
                                  0.000000    0.000000   clock source latency
     1    0.018723    0.000000    0.000000    0.000000 ^ wr_clk (in)
                                                         wr_clk (net)
                      0.001049    0.000525    0.000525 ^ clkbuf_0_wr_clk/A (sky130_fd_sc_hd__clkbuf_16)
    16    0.088820    0.105109    0.162823    0.163347 ^ clkbuf_0_wr_clk/X (sky130_fd_sc_hd__clkbuf_16)
                                                         clknet_0_wr_clk (net)
                      0.105109    0.000094    0.163442 ^ clkbuf_4_13_0_wr_clk/A (sky130_fd_sc_hd__clkbuf_8)
     2    0.017714    0.047814    0.150829    0.314271 ^ clkbuf_4_13_0_wr_clk/X (sky130_fd_sc_hd__clkbuf_8)
                                                         clknet_4_13_0_wr_clk (net)
                      0.047814    0.000122    0.314393 ^ clkbuf_5_26__f_wr_clk/A (sky130_fd_sc_hd__clkbuf_16)
     5    0.012560    0.035511    0.119362    0.433755 ^ clkbuf_5_26__f_wr_clk/X (sky130_fd_sc_hd__clkbuf_16)
                                                         clknet_5_26__leaf_wr_clk (net)
                      0.035511    0.000027    0.433782 ^ _1177_/CLK (sky130_fd_sc_hd__dfxtp_2)
     2    0.004741    0.038203    0.308686    0.742469 ^ _1177_/Q (sky130_fd_sc_hd__dfxtp_2)
                                                         u_fifomem.mem[8][3] (net)
                      0.038203    0.000013    0.742482 ^ _1035_/A0 (sky130_fd_sc_hd__mux2_2)
     1    0.002605    0.036794    0.129047    0.871529 ^ _1035_/X (sky130_fd_sc_hd__mux2_2)
                                                         _0502_ (net)
                      0.036794    0.000005    0.871534 ^ _1036_/A (sky130_fd_sc_hd__buf_1)
     1    0.002401    0.041198    0.074507    0.946041 ^ _1036_/X (sky130_fd_sc_hd__buf_1)
                                                         _0117_ (net)
                      0.041198    0.000008    0.946050 ^ _1177_/D (sky130_fd_sc_hd__dfxtp_2)
                                              0.946050   data arrival time

                                  0.000000    0.000000   clock wr_clk (rise edge)
                                  0.000000    0.000000   clock source latency
     1    0.018723    0.000000    0.000000    0.000000 ^ wr_clk (in)
                                                         wr_clk (net)
                      0.001049    0.000525    0.000525 ^ clkbuf_0_wr_clk/A (sky130_fd_sc_hd__clkbuf_16)
    16    0.088820    0.105109    0.162823    0.163347 ^ clkbuf_0_wr_clk/X (sky130_fd_sc_hd__clkbuf_16)
                                                         clknet_0_wr_clk (net)
                      0.105109    0.000094    0.163442 ^ clkbuf_4_13_0_wr_clk/A (sky130_fd_sc_hd__clkbuf_8)
     2    0.017714    0.047814    0.150829    0.314271 ^ clkbuf_4_13_0_wr_clk/X (sky130_fd_sc_hd__clkbuf_8)
                                                         clknet_4_13_0_wr_clk (net)
                      0.047814    0.000122    0.314393 ^ clkbuf_5_26__f_wr_clk/A (sky130_fd_sc_hd__clkbuf_16)
     5    0.012560    0.035511    0.119362    0.433755 ^ clkbuf_5_26__f_wr_clk/X (sky130_fd_sc_hd__clkbuf_16)
                                                         clknet_5_26__leaf_wr_clk (net)
                      0.035511    0.000027    0.433782 ^ _1177_/CLK (sky130_fd_sc_hd__dfxtp_2)
                                  0.100000    0.533782   clock uncertainty
                                  0.000000    0.533782   clock reconvergence pessimism
                                 -0.031650    0.502132   library hold time
                                              0.502132   data required time
---------------------------------------------------------------------------------------------
                                              0.502132   data required time
                                             -0.946050   data arrival time
---------------------------------------------------------------------------------------------
                                              0.443918   slack (MET)


Startpoint: _1160_ (rising edge-triggered flip-flop clocked by wr_clk)
Endpoint: _1160_ (rising edge-triggered flip-flop clocked by wr_clk)
Path Group: wr_clk
Path Type: min

Fanout         Cap        Slew       Delay        Time   Description
---------------------------------------------------------------------------------------------
                                  0.000000    0.000000   clock wr_clk (rise edge)
                                  0.000000    0.000000   clock source latency
     1    0.018723    0.000000    0.000000    0.000000 ^ wr_clk (in)
                                                         wr_clk (net)
                      0.001049    0.000525    0.000525 ^ clkbuf_0_wr_clk/A (sky130_fd_sc_hd__clkbuf_16)
    16    0.088820    0.105109    0.162823    0.163347 ^ clkbuf_0_wr_clk/X (sky130_fd_sc_hd__clkbuf_16)
                                                         clknet_0_wr_clk (net)
                      0.105112    0.000804    0.164151 ^ clkbuf_4_1_0_wr_clk/A (sky130_fd_sc_hd__clkbuf_8)
     2    0.016904    0.046551    0.149671    0.313822 ^ clkbuf_4_1_0_wr_clk/X (sky130_fd_sc_hd__clkbuf_8)
                                                         clknet_4_1_0_wr_clk (net)
                      0.046551    0.000049    0.313871 ^ clkbuf_5_2__f_wr_clk/A (sky130_fd_sc_hd__clkbuf_16)
     5    0.013927    0.036676    0.120188    0.434059 ^ clkbuf_5_2__f_wr_clk/X (sky130_fd_sc_hd__clkbuf_16)
                                                         clknet_5_2__leaf_wr_clk (net)
                      0.036676    0.000168    0.434228 ^ _1160_/CLK (sky130_fd_sc_hd__dfxtp_2)
     2    0.004469    0.038270    0.308107    0.742334 ^ _1160_/Q (sky130_fd_sc_hd__dfxtp_2)
                                                         u_fifomem.mem[6][2] (net)
                      0.038270    0.000006    0.742340 ^ _0998_/A0 (sky130_fd_sc_hd__mux2_2)
     1    0.001969    0.033636    0.125274    0.867614 ^ _0998_/X (sky130_fd_sc_hd__mux2_2)
                                                         _0482_ (net)
                      0.033636    0.000001    0.867615 ^ _0999_/A (sky130_fd_sc_hd__buf_2)
     1    0.001945    0.023881    0.082699    0.950314 ^ _0999_/X (sky130_fd_sc_hd__buf_2)
                                                         _0100_ (net)
                      0.023881    0.000003    0.950317 ^ _1160_/D (sky130_fd_sc_hd__dfxtp_2)
                                              0.950317   data arrival time

                                  0.000000    0.000000   clock wr_clk (rise edge)
                                  0.000000    0.000000   clock source latency
     1    0.018723    0.000000    0.000000    0.000000 ^ wr_clk (in)
                                                         wr_clk (net)
                      0.001049    0.000525    0.000525 ^ clkbuf_0_wr_clk/A (sky130_fd_sc_hd__clkbuf_16)
    16    0.088820    0.105109    0.162823    0.163347 ^ clkbuf_0_wr_clk/X (sky130_fd_sc_hd__clkbuf_16)
                                                         clknet_0_wr_clk (net)
                      0.105112    0.000804    0.164151 ^ clkbuf_4_1_0_wr_clk/A (sky130_fd_sc_hd__clkbuf_8)
     2    0.016904    0.046551    0.149671    0.313822 ^ clkbuf_4_1_0_wr_clk/X (sky130_fd_sc_hd__clkbuf_8)
                                                         clknet_4_1_0_wr_clk (net)
                      0.046551    0.000049    0.313871 ^ clkbuf_5_2__f_wr_clk/A (sky130_fd_sc_hd__clkbuf_16)
     5    0.013927    0.036676    0.120188    0.434059 ^ clkbuf_5_2__f_wr_clk/X (sky130_fd_sc_hd__clkbuf_16)
                                                         clknet_5_2__leaf_wr_clk (net)
                      0.036676    0.000168    0.434228 ^ _1160_/CLK (sky130_fd_sc_hd__dfxtp_2)
                                  0.100000    0.534228   clock uncertainty
                                  0.000000    0.534228   clock reconvergence pessimism
                                 -0.027907    0.506321   library hold time
                                              0.506321   data required time
---------------------------------------------------------------------------------------------
                                              0.506321   data required time
                                             -0.950317   data arrival time
---------------------------------------------------------------------------------------------
                                              0.443996   slack (MET)


Startpoint: _1101_ (rising edge-triggered flip-flop clocked by wr_clk)
Endpoint: _1101_ (rising edge-triggered flip-flop clocked by wr_clk)
Path Group: wr_clk
Path Type: min

Fanout         Cap        Slew       Delay        Time   Description
---------------------------------------------------------------------------------------------
                                  0.000000    0.000000   clock wr_clk (rise edge)
                                  0.000000    0.000000   clock source latency
     1    0.018723    0.000000    0.000000    0.000000 ^ wr_clk (in)
                                                         wr_clk (net)
                      0.001049    0.000525    0.000525 ^ clkbuf_0_wr_clk/A (sky130_fd_sc_hd__clkbuf_16)
    16    0.088820    0.105109    0.162823    0.163347 ^ clkbuf_0_wr_clk/X (sky130_fd_sc_hd__clkbuf_16)
                                                         clknet_0_wr_clk (net)
                      0.105110    0.000587    0.163935 ^ clkbuf_4_3_0_wr_clk/A (sky130_fd_sc_hd__clkbuf_8)
     2    0.017995    0.048243    0.151260    0.315195 ^ clkbuf_4_3_0_wr_clk/X (sky130_fd_sc_hd__clkbuf_8)
                                                         clknet_4_3_0_wr_clk (net)
                      0.048243    0.000154    0.315348 ^ clkbuf_5_6__f_wr_clk/A (sky130_fd_sc_hd__clkbuf_16)
     5    0.012298    0.035288    0.119268    0.434616 ^ clkbuf_5_6__f_wr_clk/X (sky130_fd_sc_hd__clkbuf_16)
                                                         clknet_5_6__leaf_wr_clk (net)
                      0.035288    0.000024    0.434640 ^ _1101_/CLK (sky130_fd_sc_hd__dfxtp_2)
     2    0.004874    0.038759    0.309102    0.743742 ^ _1101_/Q (sky130_fd_sc_hd__dfxtp_2)
                                                         u_fifomem.mem[13][7] (net)
                      0.038759    0.000019    0.743761 ^ _0870_/A0 (sky130_fd_sc_hd__mux2_2)
     1    0.002465    0.035553    0.128405    0.872166 ^ _0870_/X (sky130_fd_sc_hd__mux2_2)
                                                         _0413_ (net)
                      0.035553    0.000003    0.872168 ^ _0871_/A (sky130_fd_sc_hd__buf_1)
     1    0.002472    0.041996    0.074664    0.946832 ^ _0871_/X (sky130_fd_sc_hd__buf_1)
                                                         _0041_ (net)
                      0.041996    0.000010    0.946843 ^ _1101_/D (sky130_fd_sc_hd__dfxtp_2)
                                              0.946843   data arrival time

                                  0.000000    0.000000   clock wr_clk (rise edge)
                                  0.000000    0.000000   clock source latency
     1    0.018723    0.000000    0.000000    0.000000 ^ wr_clk (in)
                                                         wr_clk (net)
                      0.001049    0.000525    0.000525 ^ clkbuf_0_wr_clk/A (sky130_fd_sc_hd__clkbuf_16)
    16    0.088820    0.105109    0.162823    0.163347 ^ clkbuf_0_wr_clk/X (sky130_fd_sc_hd__clkbuf_16)
                                                         clknet_0_wr_clk (net)
                      0.105110    0.000587    0.163935 ^ clkbuf_4_3_0_wr_clk/A (sky130_fd_sc_hd__clkbuf_8)
     2    0.017995    0.048243    0.151260    0.315195 ^ clkbuf_4_3_0_wr_clk/X (sky130_fd_sc_hd__clkbuf_8)
                                                         clknet_4_3_0_wr_clk (net)
                      0.048243    0.000154    0.315348 ^ clkbuf_5_6__f_wr_clk/A (sky130_fd_sc_hd__clkbuf_16)
     5    0.012298    0.035288    0.119268    0.434616 ^ clkbuf_5_6__f_wr_clk/X (sky130_fd_sc_hd__clkbuf_16)
                                                         clknet_5_6__leaf_wr_clk (net)
                      0.035288    0.000024    0.434640 ^ _1101_/CLK (sky130_fd_sc_hd__dfxtp_2)
                                  0.100000    0.534640   clock uncertainty
                                  0.000000    0.534640   clock reconvergence pessimism
                                 -0.031845    0.502795   library hold time
                                              0.502795   data required time
---------------------------------------------------------------------------------------------
                                              0.502795   data required time
                                             -0.946843   data arrival time
---------------------------------------------------------------------------------------------
                                              0.444048   slack (MET)


Startpoint: _1092_ (rising edge-triggered flip-flop clocked by wr_clk)
Endpoint: _1092_ (rising edge-triggered flip-flop clocked by wr_clk)
Path Group: wr_clk
Path Type: min

Fanout         Cap        Slew       Delay        Time   Description
---------------------------------------------------------------------------------------------
                                  0.000000    0.000000   clock wr_clk (rise edge)
                                  0.000000    0.000000   clock source latency
     1    0.018723    0.000000    0.000000    0.000000 ^ wr_clk (in)
                                                         wr_clk (net)
                      0.001049    0.000525    0.000525 ^ clkbuf_0_wr_clk/A (sky130_fd_sc_hd__clkbuf_16)
    16    0.088820    0.105109    0.162823    0.163347 ^ clkbuf_0_wr_clk/X (sky130_fd_sc_hd__clkbuf_16)
                                                         clknet_0_wr_clk (net)
                      0.105109    0.000094    0.163442 ^ clkbuf_4_13_0_wr_clk/A (sky130_fd_sc_hd__clkbuf_8)
     2    0.017714    0.047814    0.150829    0.314271 ^ clkbuf_4_13_0_wr_clk/X (sky130_fd_sc_hd__clkbuf_8)
                                                         clknet_4_13_0_wr_clk (net)
                      0.047814    0.000163    0.314434 ^ clkbuf_5_27__f_wr_clk/A (sky130_fd_sc_hd__clkbuf_16)
     5    0.013803    0.036570    0.120532    0.434966 ^ clkbuf_5_27__f_wr_clk/X (sky130_fd_sc_hd__clkbuf_16)
                                                         clknet_5_27__leaf_wr_clk (net)
                      0.036570    0.000166    0.435132 ^ _1092_/CLK (sky130_fd_sc_hd__dfxtp_2)
     2    0.004720    0.039407    0.309009    0.744140 ^ _1092_/Q (sky130_fd_sc_hd__dfxtp_2)
                                                         u_fifomem.mem[12][6] (net)
                      0.039407    0.000007    0.744147 ^ _0850_/A0 (sky130_fd_sc_hd__mux2_2)
     1    0.003335    0.038432    0.133821    0.877969 ^ _0850_/X (sky130_fd_sc_hd__mux2_2)
                                                         _0402_ (net)
                      0.038432    0.000016    0.877985 ^ _0851_/A (sky130_fd_sc_hd__buf_1)
     1    0.001913    0.035733    0.071065    0.949050 ^ _0851_/X (sky130_fd_sc_hd__buf_1)
                                                         _0032_ (net)
                      0.035733    0.000003    0.949052 ^ _1092_/D (sky130_fd_sc_hd__dfxtp_2)
                                              0.949052   data arrival time

                                  0.000000    0.000000   clock wr_clk (rise edge)
                                  0.000000    0.000000   clock source latency
     1    0.018723    0.000000    0.000000    0.000000 ^ wr_clk (in)
                                                         wr_clk (net)
                      0.001049    0.000525    0.000525 ^ clkbuf_0_wr_clk/A (sky130_fd_sc_hd__clkbuf_16)
    16    0.088820    0.105109    0.162823    0.163347 ^ clkbuf_0_wr_clk/X (sky130_fd_sc_hd__clkbuf_16)
                                                         clknet_0_wr_clk (net)
                      0.105109    0.000094    0.163442 ^ clkbuf_4_13_0_wr_clk/A (sky130_fd_sc_hd__clkbuf_8)
     2    0.017714    0.047814    0.150829    0.314271 ^ clkbuf_4_13_0_wr_clk/X (sky130_fd_sc_hd__clkbuf_8)
                                                         clknet_4_13_0_wr_clk (net)
                      0.047814    0.000163    0.314434 ^ clkbuf_5_27__f_wr_clk/A (sky130_fd_sc_hd__clkbuf_16)
     5    0.013803    0.036570    0.120532    0.434966 ^ clkbuf_5_27__f_wr_clk/X (sky130_fd_sc_hd__clkbuf_16)
                                                         clknet_5_27__leaf_wr_clk (net)
                      0.036570    0.000166    0.435132 ^ _1092_/CLK (sky130_fd_sc_hd__dfxtp_2)
                                  0.100000    0.535132   clock uncertainty
                                  0.000000    0.535132   clock reconvergence pessimism
                                 -0.030378    0.504754   library hold time
                                              0.504754   data required time
---------------------------------------------------------------------------------------------
                                              0.504754   data required time
                                             -0.949052   data arrival time
---------------------------------------------------------------------------------------------
                                              0.444299   slack (MET)


Startpoint: _1188_ (rising edge-triggered flip-flop clocked by wr_clk)
Endpoint: _1188_ (rising edge-triggered flip-flop clocked by wr_clk)
Path Group: wr_clk
Path Type: min

Fanout         Cap        Slew       Delay        Time   Description
---------------------------------------------------------------------------------------------
                                  0.000000    0.000000   clock wr_clk (rise edge)
                                  0.000000    0.000000   clock source latency
     1    0.018723    0.000000    0.000000    0.000000 ^ wr_clk (in)
                                                         wr_clk (net)
                      0.001049    0.000525    0.000525 ^ clkbuf_0_wr_clk/A (sky130_fd_sc_hd__clkbuf_16)
    16    0.088820    0.105109    0.162823    0.163347 ^ clkbuf_0_wr_clk/X (sky130_fd_sc_hd__clkbuf_16)
                                                         clknet_0_wr_clk (net)
                      0.105109    0.000094    0.163442 ^ clkbuf_4_13_0_wr_clk/A (sky130_fd_sc_hd__clkbuf_8)
     2    0.017714    0.047814    0.150829    0.314271 ^ clkbuf_4_13_0_wr_clk/X (sky130_fd_sc_hd__clkbuf_8)
                                                         clknet_4_13_0_wr_clk (net)
                      0.047814    0.000163    0.314434 ^ clkbuf_5_27__f_wr_clk/A (sky130_fd_sc_hd__clkbuf_16)
     5    0.013803    0.036570    0.120532    0.434966 ^ clkbuf_5_27__f_wr_clk/X (sky130_fd_sc_hd__clkbuf_16)
                                                         clknet_5_27__leaf_wr_clk (net)
                      0.036570    0.000139    0.435105 ^ _1188_/CLK (sky130_fd_sc_hd__dfxtp_2)
     2    0.004429    0.038089    0.307917    0.743022 ^ _1188_/Q (sky130_fd_sc_hd__dfxtp_2)
                                                         u_fifomem.mem[9][6] (net)
                      0.038089    0.000006    0.743028 ^ _1058_/A0 (sky130_fd_sc_hd__mux2_2)
     1    0.002346    0.035514    0.127461    0.870489 ^ _1058_/X (sky130_fd_sc_hd__mux2_2)
                                                         _0514_ (net)
                      0.035514    0.000001    0.870491 ^ _1059_/A (sky130_fd_sc_hd__buf_1)
     1    0.002744    0.045043    0.076887    0.947378 ^ _1059_/X (sky130_fd_sc_hd__buf_1)
                                                         _0128_ (net)
                      0.045043    0.000011    0.947389 ^ _1188_/D (sky130_fd_sc_hd__dfxtp_2)
                                              0.947389   data arrival time

                                  0.000000    0.000000   clock wr_clk (rise edge)
                                  0.000000    0.000000   clock source latency
     1    0.018723    0.000000    0.000000    0.000000 ^ wr_clk (in)
                                                         wr_clk (net)
                      0.001049    0.000525    0.000525 ^ clkbuf_0_wr_clk/A (sky130_fd_sc_hd__clkbuf_16)
    16    0.088820    0.105109    0.162823    0.163347 ^ clkbuf_0_wr_clk/X (sky130_fd_sc_hd__clkbuf_16)
                                                         clknet_0_wr_clk (net)
                      0.105109    0.000094    0.163442 ^ clkbuf_4_13_0_wr_clk/A (sky130_fd_sc_hd__clkbuf_8)
     2    0.017714    0.047814    0.150829    0.314271 ^ clkbuf_4_13_0_wr_clk/X (sky130_fd_sc_hd__clkbuf_8)
                                                         clknet_4_13_0_wr_clk (net)
                      0.047814    0.000163    0.314434 ^ clkbuf_5_27__f_wr_clk/A (sky130_fd_sc_hd__clkbuf_16)
     5    0.013803    0.036570    0.120532    0.434966 ^ clkbuf_5_27__f_wr_clk/X (sky130_fd_sc_hd__clkbuf_16)
                                                         clknet_5_27__leaf_wr_clk (net)
                      0.036570    0.000139    0.435105 ^ _1188_/CLK (sky130_fd_sc_hd__dfxtp_2)
                                  0.100000    0.535105   clock uncertainty
                                  0.000000    0.535105   clock reconvergence pessimism
                                 -0.032308    0.502797   library hold time
                                              0.502797   data required time
---------------------------------------------------------------------------------------------
                                              0.502797   data required time
                                             -0.947389   data arrival time
---------------------------------------------------------------------------------------------
                                              0.444593   slack (MET)


Startpoint: _1145_ (rising edge-triggered flip-flop clocked by wr_clk)
Endpoint: _1145_ (rising edge-triggered flip-flop clocked by wr_clk)
Path Group: wr_clk
Path Type: min

Fanout         Cap        Slew       Delay        Time   Description
---------------------------------------------------------------------------------------------
                                  0.000000    0.000000   clock wr_clk (rise edge)
                                  0.000000    0.000000   clock source latency
     1    0.018723    0.000000    0.000000    0.000000 ^ wr_clk (in)
                                                         wr_clk (net)
                      0.001049    0.000525    0.000525 ^ clkbuf_0_wr_clk/A (sky130_fd_sc_hd__clkbuf_16)
    16    0.088820    0.105109    0.162823    0.163347 ^ clkbuf_0_wr_clk/X (sky130_fd_sc_hd__clkbuf_16)
                                                         clknet_0_wr_clk (net)
                      0.105110    0.000602    0.163950 ^ clkbuf_4_11_0_wr_clk/A (sky130_fd_sc_hd__clkbuf_8)
     2    0.017159    0.046942    0.150046    0.313996 ^ clkbuf_4_11_0_wr_clk/X (sky130_fd_sc_hd__clkbuf_8)
                                                         clknet_4_11_0_wr_clk (net)
                      0.046942    0.000027    0.314023 ^ clkbuf_5_23__f_wr_clk/A (sky130_fd_sc_hd__clkbuf_16)
     5    0.012499    0.035459    0.118988    0.433011 ^ clkbuf_5_23__f_wr_clk/X (sky130_fd_sc_hd__clkbuf_16)
                                                         clknet_5_23__leaf_wr_clk (net)
                      0.035459    0.000003    0.433014 ^ _1145_/CLK (sky130_fd_sc_hd__dfxtp_2)
     2    0.005066    0.039564    0.309884    0.742899 ^ _1145_/Q (sky130_fd_sc_hd__dfxtp_2)
                                                         u_fifomem.mem[4][3] (net)
                      0.039564    0.000022    0.742921 ^ _0966_/A0 (sky130_fd_sc_hd__mux2_2)
     1    0.003054    0.037131    0.132195    0.875116 ^ _0966_/X (sky130_fd_sc_hd__mux2_2)
                                                         _0465_ (net)
                      0.037131    0.000015    0.875131 ^ _0967_/A (sky130_fd_sc_hd__buf_1)
     1    0.002047    0.037234    0.071715    0.946846 ^ _0967_/X (sky130_fd_sc_hd__buf_1)
                                                         _0085_ (net)
                      0.037234    0.000004    0.946850 ^ _1145_/D (sky130_fd_sc_hd__dfxtp_2)
                                              0.946850   data arrival time

                                  0.000000    0.000000   clock wr_clk (rise edge)
                                  0.000000    0.000000   clock source latency
     1    0.018723    0.000000    0.000000    0.000000 ^ wr_clk (in)
                                                         wr_clk (net)
                      0.001049    0.000525    0.000525 ^ clkbuf_0_wr_clk/A (sky130_fd_sc_hd__clkbuf_16)
    16    0.088820    0.105109    0.162823    0.163347 ^ clkbuf_0_wr_clk/X (sky130_fd_sc_hd__clkbuf_16)
                                                         clknet_0_wr_clk (net)
                      0.105110    0.000602    0.163950 ^ clkbuf_4_11_0_wr_clk/A (sky130_fd_sc_hd__clkbuf_8)
     2    0.017159    0.046942    0.150046    0.313996 ^ clkbuf_4_11_0_wr_clk/X (sky130_fd_sc_hd__clkbuf_8)
                                                         clknet_4_11_0_wr_clk (net)
                      0.046942    0.000027    0.314023 ^ clkbuf_5_23__f_wr_clk/A (sky130_fd_sc_hd__clkbuf_16)
     5    0.012499    0.035459    0.118988    0.433011 ^ clkbuf_5_23__f_wr_clk/X (sky130_fd_sc_hd__clkbuf_16)
                                                         clknet_5_23__leaf_wr_clk (net)
                      0.035459    0.000003    0.433014 ^ _1145_/CLK (sky130_fd_sc_hd__dfxtp_2)
                                  0.100000    0.533014   clock uncertainty
                                  0.000000    0.533014   clock reconvergence pessimism
                                 -0.030835    0.502179   library hold time
                                              0.502179   data required time
---------------------------------------------------------------------------------------------
                                              0.502179   data required time
                                             -0.946850   data arrival time
---------------------------------------------------------------------------------------------
                                              0.444671   slack (MET)


Startpoint: _1077_ (rising edge-triggered flip-flop clocked by wr_clk)
Endpoint: _1077_ (rising edge-triggered flip-flop clocked by wr_clk)
Path Group: wr_clk
Path Type: min

Fanout         Cap        Slew       Delay        Time   Description
---------------------------------------------------------------------------------------------
                                  0.000000    0.000000   clock wr_clk (rise edge)
                                  0.000000    0.000000   clock source latency
     1    0.018723    0.000000    0.000000    0.000000 ^ wr_clk (in)
                                                         wr_clk (net)
                      0.001049    0.000525    0.000525 ^ clkbuf_0_wr_clk/A (sky130_fd_sc_hd__clkbuf_16)
    16    0.088820    0.105109    0.162823    0.163347 ^ clkbuf_0_wr_clk/X (sky130_fd_sc_hd__clkbuf_16)
                                                         clknet_0_wr_clk (net)
                      0.105117    0.001038    0.164385 ^ clkbuf_4_4_0_wr_clk/A (sky130_fd_sc_hd__clkbuf_8)
     2    0.017475    0.047432    0.150512    0.314897 ^ clkbuf_4_4_0_wr_clk/X (sky130_fd_sc_hd__clkbuf_8)
                                                         clknet_4_4_0_wr_clk (net)
                      0.047432    0.000074    0.314970 ^ clkbuf_5_8__f_wr_clk/A (sky130_fd_sc_hd__clkbuf_16)
     5    0.011925    0.034971    0.118611    0.433581 ^ clkbuf_5_8__f_wr_clk/X (sky130_fd_sc_hd__clkbuf_16)
                                                         clknet_5_8__leaf_wr_clk (net)
                      0.034971    0.000057    0.433638 ^ _1077_/CLK (sky130_fd_sc_hd__dfxtp_2)
     2    0.004600    0.038868    0.307965    0.741603 ^ _1077_/Q (sky130_fd_sc_hd__dfxtp_2)
                                                         u_fifomem.mem[10][7] (net)
                      0.038868    0.000013    0.741616 ^ _0817_/A0 (sky130_fd_sc_hd__mux2_2)
     1    0.001889    0.033242    0.125010    0.866626 ^ _0817_/X (sky130_fd_sc_hd__mux2_2)
                                                         _0384_ (net)
                      0.033242    0.000000    0.866627 ^ _0818_/A (sky130_fd_sc_hd__buf_2)
     1    0.002172    0.024304    0.083518    0.950145 ^ _0818_/X (sky130_fd_sc_hd__buf_2)
                                                         _0017_ (net)
                      0.024304    0.000006    0.950151 ^ _1077_/D (sky130_fd_sc_hd__dfxtp_2)
                                              0.950151   data arrival time

                                  0.000000    0.000000   clock wr_clk (rise edge)
                                  0.000000    0.000000   clock source latency
     1    0.018723    0.000000    0.000000    0.000000 ^ wr_clk (in)
                                                         wr_clk (net)
                      0.001049    0.000525    0.000525 ^ clkbuf_0_wr_clk/A (sky130_fd_sc_hd__clkbuf_16)
    16    0.088820    0.105109    0.162823    0.163347 ^ clkbuf_0_wr_clk/X (sky130_fd_sc_hd__clkbuf_16)
                                                         clknet_0_wr_clk (net)
                      0.105117    0.001038    0.164385 ^ clkbuf_4_4_0_wr_clk/A (sky130_fd_sc_hd__clkbuf_8)
     2    0.017475    0.047432    0.150512    0.314897 ^ clkbuf_4_4_0_wr_clk/X (sky130_fd_sc_hd__clkbuf_8)
                                                         clknet_4_4_0_wr_clk (net)
                      0.047432    0.000074    0.314970 ^ clkbuf_5_8__f_wr_clk/A (sky130_fd_sc_hd__clkbuf_16)
     5    0.011925    0.034971    0.118611    0.433581 ^ clkbuf_5_8__f_wr_clk/X (sky130_fd_sc_hd__clkbuf_16)
                                                         clknet_5_8__leaf_wr_clk (net)
                      0.034971    0.000057    0.433638 ^ _1077_/CLK (sky130_fd_sc_hd__dfxtp_2)
                                  0.100000    0.533638   clock uncertainty
                                  0.000000    0.533638   clock reconvergence pessimism
                                 -0.028218    0.505420   library hold time
                                              0.505420   data required time
---------------------------------------------------------------------------------------------
                                              0.505420   data required time
                                             -0.950151   data arrival time
---------------------------------------------------------------------------------------------
                                              0.444731   slack (MET)


Startpoint: _1163_ (rising edge-triggered flip-flop clocked by wr_clk)
Endpoint: _1163_ (rising edge-triggered flip-flop clocked by wr_clk)
Path Group: wr_clk
Path Type: min

Fanout         Cap        Slew       Delay        Time   Description
---------------------------------------------------------------------------------------------
                                  0.000000    0.000000   clock wr_clk (rise edge)
                                  0.000000    0.000000   clock source latency
     1    0.018723    0.000000    0.000000    0.000000 ^ wr_clk (in)
                                                         wr_clk (net)
                      0.001049    0.000525    0.000525 ^ clkbuf_0_wr_clk/A (sky130_fd_sc_hd__clkbuf_16)
    16    0.088820    0.105109    0.162823    0.163347 ^ clkbuf_0_wr_clk/X (sky130_fd_sc_hd__clkbuf_16)
                                                         clknet_0_wr_clk (net)
                      0.105111    0.000680    0.164027 ^ clkbuf_4_8_0_wr_clk/A (sky130_fd_sc_hd__clkbuf_8)
     2    0.018015    0.048272    0.151299    0.315326 ^ clkbuf_4_8_0_wr_clk/X (sky130_fd_sc_hd__clkbuf_8)
                                                         clknet_4_8_0_wr_clk (net)
                      0.048272    0.000133    0.315459 ^ clkbuf_5_17__f_wr_clk/A (sky130_fd_sc_hd__clkbuf_16)
     5    0.012586    0.035533    0.119550    0.435008 ^ clkbuf_5_17__f_wr_clk/X (sky130_fd_sc_hd__clkbuf_16)
                                                         clknet_5_17__leaf_wr_clk (net)
                      0.035533    0.000067    0.435075 ^ _1163_/CLK (sky130_fd_sc_hd__dfxtp_2)
     2    0.004390    0.037917    0.307388    0.742463 ^ _1163_/Q (sky130_fd_sc_hd__dfxtp_2)
                                                         u_fifomem.mem[6][5] (net)
                      0.037917    0.000007    0.742470 ^ _1004_/A0 (sky130_fd_sc_hd__mux2_2)
     1    0.002197    0.034772    0.126513    0.868982 ^ _1004_/X (sky130_fd_sc_hd__mux2_2)
                                                         _0485_ (net)
                      0.034772    0.000004    0.868987 ^ _1005_/A (sky130_fd_sc_hd__buf_2)
     1    0.001905    0.023704    0.082955    0.951942 ^ _1005_/X (sky130_fd_sc_hd__buf_2)
                                                         _0103_ (net)
                      0.023704    0.000003    0.951944 ^ _1163_/D (sky130_fd_sc_hd__dfxtp_2)
                                              0.951944   data arrival time

                                  0.000000    0.000000   clock wr_clk (rise edge)
                                  0.000000    0.000000   clock source latency
     1    0.018723    0.000000    0.000000    0.000000 ^ wr_clk (in)
                                                         wr_clk (net)
                      0.001049    0.000525    0.000525 ^ clkbuf_0_wr_clk/A (sky130_fd_sc_hd__clkbuf_16)
    16    0.088820    0.105109    0.162823    0.163347 ^ clkbuf_0_wr_clk/X (sky130_fd_sc_hd__clkbuf_16)
                                                         clknet_0_wr_clk (net)
                      0.105111    0.000680    0.164027 ^ clkbuf_4_8_0_wr_clk/A (sky130_fd_sc_hd__clkbuf_8)
     2    0.018015    0.048272    0.151299    0.315326 ^ clkbuf_4_8_0_wr_clk/X (sky130_fd_sc_hd__clkbuf_8)
                                                         clknet_4_8_0_wr_clk (net)
                      0.048272    0.000133    0.315459 ^ clkbuf_5_17__f_wr_clk/A (sky130_fd_sc_hd__clkbuf_16)
     5    0.012586    0.035533    0.119550    0.435008 ^ clkbuf_5_17__f_wr_clk/X (sky130_fd_sc_hd__clkbuf_16)
                                                         clknet_5_17__leaf_wr_clk (net)
                      0.035533    0.000067    0.435075 ^ _1163_/CLK (sky130_fd_sc_hd__dfxtp_2)
                                  0.100000    0.535075   clock uncertainty
                                  0.000000    0.535075   clock reconvergence pessimism
                                 -0.028020    0.507055   library hold time
                                              0.507055   data required time
---------------------------------------------------------------------------------------------
                                              0.507055   data required time
                                             -0.951944   data arrival time
---------------------------------------------------------------------------------------------
                                              0.444889   slack (MET)


Startpoint: _1115_ (rising edge-triggered flip-flop clocked by wr_clk)
Endpoint: _1115_ (rising edge-triggered flip-flop clocked by wr_clk)
Path Group: wr_clk
Path Type: min

Fanout         Cap        Slew       Delay        Time   Description
---------------------------------------------------------------------------------------------
                                  0.000000    0.000000   clock wr_clk (rise edge)
                                  0.000000    0.000000   clock source latency
     1    0.018723    0.000000    0.000000    0.000000 ^ wr_clk (in)
                                                         wr_clk (net)
                      0.001049    0.000525    0.000525 ^ clkbuf_0_wr_clk/A (sky130_fd_sc_hd__clkbuf_16)
    16    0.088820    0.105109    0.162823    0.163347 ^ clkbuf_0_wr_clk/X (sky130_fd_sc_hd__clkbuf_16)
                                                         clknet_0_wr_clk (net)
                      0.105119    0.001115    0.164462 ^ clkbuf_4_6_0_wr_clk/A (sky130_fd_sc_hd__clkbuf_8)
     2    0.017555    0.047552    0.150635    0.315097 ^ clkbuf_4_6_0_wr_clk/X (sky130_fd_sc_hd__clkbuf_8)
                                                         clknet_4_6_0_wr_clk (net)
                      0.047552    0.000050    0.315146 ^ clkbuf_5_12__f_wr_clk/A (sky130_fd_sc_hd__clkbuf_16)
     5    0.012835    0.035745    0.119535    0.434681 ^ clkbuf_5_12__f_wr_clk/X (sky130_fd_sc_hd__clkbuf_16)
                                                         clknet_5_12__leaf_wr_clk (net)
                      0.035745    0.000019    0.434700 ^ _1115_/CLK (sky130_fd_sc_hd__dfxtp_2)
     2    0.004254    0.037298    0.306954    0.741654 ^ _1115_/Q (sky130_fd_sc_hd__dfxtp_2)
                                                         u_fifomem.mem[15][5] (net)
                      0.037298    0.000004    0.741659 ^ _0901_/A1 (sky130_fd_sc_hd__mux2_2)
     1    0.003101    0.037996    0.132319    0.873978 ^ _0901_/X (sky130_fd_sc_hd__mux2_2)
                                                         _0430_ (net)
                      0.037996    0.000016    0.873993 ^ _0902_/A (sky130_fd_sc_hd__buf_1)
     1    0.002324    0.040337    0.074291    0.948284 ^ _0902_/X (sky130_fd_sc_hd__buf_1)
                                                         _0055_ (net)
                      0.040337    0.000009    0.948293 ^ _1115_/D (sky130_fd_sc_hd__dfxtp_2)
                                              0.948293   data arrival time

                                  0.000000    0.000000   clock wr_clk (rise edge)
                                  0.000000    0.000000   clock source latency
     1    0.018723    0.000000    0.000000    0.000000 ^ wr_clk (in)
                                                         wr_clk (net)
                      0.001049    0.000525    0.000525 ^ clkbuf_0_wr_clk/A (sky130_fd_sc_hd__clkbuf_16)
    16    0.088820    0.105109    0.162823    0.163347 ^ clkbuf_0_wr_clk/X (sky130_fd_sc_hd__clkbuf_16)
                                                         clknet_0_wr_clk (net)
                      0.105119    0.001115    0.164462 ^ clkbuf_4_6_0_wr_clk/A (sky130_fd_sc_hd__clkbuf_8)
     2    0.017555    0.047552    0.150635    0.315097 ^ clkbuf_4_6_0_wr_clk/X (sky130_fd_sc_hd__clkbuf_8)
                                                         clknet_4_6_0_wr_clk (net)
                      0.047552    0.000050    0.315146 ^ clkbuf_5_12__f_wr_clk/A (sky130_fd_sc_hd__clkbuf_16)
     5    0.012835    0.035745    0.119535    0.434681 ^ clkbuf_5_12__f_wr_clk/X (sky130_fd_sc_hd__clkbuf_16)
                                                         clknet_5_12__leaf_wr_clk (net)
                      0.035745    0.000019    0.434700 ^ _1115_/CLK (sky130_fd_sc_hd__dfxtp_2)
                                  0.100000    0.534700   clock uncertainty
                                  0.000000    0.534700   clock reconvergence pessimism
                                 -0.031441    0.503259   library hold time
                                              0.503259   data required time
---------------------------------------------------------------------------------------------
                                              0.503259   data required time
                                             -0.948293   data arrival time
---------------------------------------------------------------------------------------------
                                              0.445034   slack (MET)


Startpoint: _1147_ (rising edge-triggered flip-flop clocked by wr_clk)
Endpoint: _1147_ (rising edge-triggered flip-flop clocked by wr_clk)
Path Group: wr_clk
Path Type: min

Fanout         Cap        Slew       Delay        Time   Description
---------------------------------------------------------------------------------------------
                                  0.000000    0.000000   clock wr_clk (rise edge)
                                  0.000000    0.000000   clock source latency
     1    0.018723    0.000000    0.000000    0.000000 ^ wr_clk (in)
                                                         wr_clk (net)
                      0.001049    0.000525    0.000525 ^ clkbuf_0_wr_clk/A (sky130_fd_sc_hd__clkbuf_16)
    16    0.088820    0.105109    0.162823    0.163347 ^ clkbuf_0_wr_clk/X (sky130_fd_sc_hd__clkbuf_16)
                                                         clknet_0_wr_clk (net)
                      0.105110    0.000602    0.163950 ^ clkbuf_4_11_0_wr_clk/A (sky130_fd_sc_hd__clkbuf_8)
     2    0.017159    0.046942    0.150046    0.313996 ^ clkbuf_4_11_0_wr_clk/X (sky130_fd_sc_hd__clkbuf_8)
                                                         clknet_4_11_0_wr_clk (net)
                      0.046942    0.000057    0.314053 ^ clkbuf_5_22__f_wr_clk/A (sky130_fd_sc_hd__clkbuf_16)
     5    0.012550    0.035503    0.119034    0.433087 ^ clkbuf_5_22__f_wr_clk/X (sky130_fd_sc_hd__clkbuf_16)
                                                         clknet_5_22__leaf_wr_clk (net)
                      0.035503    0.000056    0.433143 ^ _1147_/CLK (sky130_fd_sc_hd__dfxtp_2)
     2    0.004633    0.039013    0.308284    0.741428 ^ _1147_/Q (sky130_fd_sc_hd__dfxtp_2)
                                                         u_fifomem.mem[4][5] (net)
                      0.039013    0.000003    0.741430 ^ _0970_/A0 (sky130_fd_sc_hd__mux2_2)
     1    0.002891    0.036420    0.131035    0.872466 ^ _0970_/X (sky130_fd_sc_hd__mux2_2)
                                                         _0467_ (net)
                      0.036420    0.000010    0.872476 ^ _0971_/A (sky130_fd_sc_hd__buf_1)
     1    0.002373    0.040884    0.074147    0.946623 ^ _0971_/X (sky130_fd_sc_hd__buf_1)
                                                         _0087_ (net)
                      0.040884    0.000008    0.946631 ^ _1147_/D (sky130_fd_sc_hd__dfxtp_2)
                                              0.946631   data arrival time

                                  0.000000    0.000000   clock wr_clk (rise edge)
                                  0.000000    0.000000   clock source latency
     1    0.018723    0.000000    0.000000    0.000000 ^ wr_clk (in)
                                                         wr_clk (net)
                      0.001049    0.000525    0.000525 ^ clkbuf_0_wr_clk/A (sky130_fd_sc_hd__clkbuf_16)
    16    0.088820    0.105109    0.162823    0.163347 ^ clkbuf_0_wr_clk/X (sky130_fd_sc_hd__clkbuf_16)
                                                         clknet_0_wr_clk (net)
                      0.105110    0.000602    0.163950 ^ clkbuf_4_11_0_wr_clk/A (sky130_fd_sc_hd__clkbuf_8)
     2    0.017159    0.046942    0.150046    0.313996 ^ clkbuf_4_11_0_wr_clk/X (sky130_fd_sc_hd__clkbuf_8)
                                                         clknet_4_11_0_wr_clk (net)
                      0.046942    0.000057    0.314053 ^ clkbuf_5_22__f_wr_clk/A (sky130_fd_sc_hd__clkbuf_16)
     5    0.012550    0.035503    0.119034    0.433087 ^ clkbuf_5_22__f_wr_clk/X (sky130_fd_sc_hd__clkbuf_16)
                                                         clknet_5_22__leaf_wr_clk (net)
                      0.035503    0.000056    0.433143 ^ _1147_/CLK (sky130_fd_sc_hd__dfxtp_2)
                                  0.100000    0.533143   clock uncertainty
                                  0.000000    0.533143   clock reconvergence pessimism
                                 -0.031586    0.501557   library hold time
                                              0.501557   data required time
---------------------------------------------------------------------------------------------
                                              0.501557   data required time
                                             -0.946631   data arrival time
---------------------------------------------------------------------------------------------
                                              0.445074   slack (MET)


Startpoint: _1069_ (rising edge-triggered flip-flop clocked by wr_clk)
Endpoint: _1069_ (rising edge-triggered flip-flop clocked by wr_clk)
Path Group: wr_clk
Path Type: min

Fanout         Cap        Slew       Delay        Time   Description
---------------------------------------------------------------------------------------------
                                  0.000000    0.000000   clock wr_clk (rise edge)
                                  0.000000    0.000000   clock source latency
     1    0.018723    0.000000    0.000000    0.000000 ^ wr_clk (in)
                                                         wr_clk (net)
                      0.001049    0.000525    0.000525 ^ clkbuf_0_wr_clk/A (sky130_fd_sc_hd__clkbuf_16)
    16    0.088820    0.105109    0.162823    0.163347 ^ clkbuf_0_wr_clk/X (sky130_fd_sc_hd__clkbuf_16)
                                                         clknet_0_wr_clk (net)
                      0.105112    0.000804    0.164151 ^ clkbuf_4_1_0_wr_clk/A (sky130_fd_sc_hd__clkbuf_8)
     2    0.016904    0.046551    0.149671    0.313822 ^ clkbuf_4_1_0_wr_clk/X (sky130_fd_sc_hd__clkbuf_8)
                                                         clknet_4_1_0_wr_clk (net)
                      0.046551    0.000049    0.313871 ^ clkbuf_5_2__f_wr_clk/A (sky130_fd_sc_hd__clkbuf_16)
     5    0.013927    0.036676    0.120188    0.434059 ^ clkbuf_5_2__f_wr_clk/X (sky130_fd_sc_hd__clkbuf_16)
                                                         clknet_5_2__leaf_wr_clk (net)
                      0.036676    0.000090    0.434149 ^ _1069_/CLK (sky130_fd_sc_hd__dfxtp_2)
     2    0.004521    0.038505    0.308301    0.742450 ^ _1069_/Q (sky130_fd_sc_hd__dfxtp_2)
                                                         u_fifomem.mem[0][7] (net)
                      0.038505    0.000009    0.742459 ^ _0800_/A0 (sky130_fd_sc_hd__mux2_2)
     1    0.003041    0.037688    0.131748    0.874207 ^ _0800_/X (sky130_fd_sc_hd__mux2_2)
                                                         _0375_ (net)
                      0.037688    0.000012    0.874219 ^ _0801_/A (sky130_fd_sc_hd__buf_1)
     1    0.002277    0.039811    0.073798    0.948018 ^ _0801_/X (sky130_fd_sc_hd__buf_1)
                                                         _0009_ (net)
                      0.039811    0.000005    0.948023 ^ _1069_/D (sky130_fd_sc_hd__dfxtp_2)
                                              0.948023   data arrival time

                                  0.000000    0.000000   clock wr_clk (rise edge)
                                  0.000000    0.000000   clock source latency
     1    0.018723    0.000000    0.000000    0.000000 ^ wr_clk (in)
                                                         wr_clk (net)
                      0.001049    0.000525    0.000525 ^ clkbuf_0_wr_clk/A (sky130_fd_sc_hd__clkbuf_16)
    16    0.088820    0.105109    0.162823    0.163347 ^ clkbuf_0_wr_clk/X (sky130_fd_sc_hd__clkbuf_16)
                                                         clknet_0_wr_clk (net)
                      0.105112    0.000804    0.164151 ^ clkbuf_4_1_0_wr_clk/A (sky130_fd_sc_hd__clkbuf_8)
     2    0.016904    0.046551    0.149671    0.313822 ^ clkbuf_4_1_0_wr_clk/X (sky130_fd_sc_hd__clkbuf_8)
                                                         clknet_4_1_0_wr_clk (net)
                      0.046551    0.000049    0.313871 ^ clkbuf_5_2__f_wr_clk/A (sky130_fd_sc_hd__clkbuf_16)
     5    0.013927    0.036676    0.120188    0.434059 ^ clkbuf_5_2__f_wr_clk/X (sky130_fd_sc_hd__clkbuf_16)
                                                         clknet_5_2__leaf_wr_clk (net)
                      0.036676    0.000090    0.434149 ^ _1069_/CLK (sky130_fd_sc_hd__dfxtp_2)
                                  0.100000    0.534149   clock uncertainty
                                  0.000000    0.534149   clock reconvergence pessimism
                                 -0.031210    0.502939   library hold time
                                              0.502939   data required time
---------------------------------------------------------------------------------------------
                                              0.502939   data required time
                                             -0.948023   data arrival time
---------------------------------------------------------------------------------------------
                                              0.445083   slack (MET)


Startpoint: _1102_ (rising edge-triggered flip-flop clocked by wr_clk)
Endpoint: _1102_ (rising edge-triggered flip-flop clocked by wr_clk)
Path Group: wr_clk
Path Type: min

Fanout         Cap        Slew       Delay        Time   Description
---------------------------------------------------------------------------------------------
                                  0.000000    0.000000   clock wr_clk (rise edge)
                                  0.000000    0.000000   clock source latency
     1    0.018723    0.000000    0.000000    0.000000 ^ wr_clk (in)
                                                         wr_clk (net)
                      0.001049    0.000525    0.000525 ^ clkbuf_0_wr_clk/A (sky130_fd_sc_hd__clkbuf_16)
    16    0.088820    0.105109    0.162823    0.163347 ^ clkbuf_0_wr_clk/X (sky130_fd_sc_hd__clkbuf_16)
                                                         clknet_0_wr_clk (net)
                      0.105116    0.001008    0.164356 ^ clkbuf_4_5_0_wr_clk/A (sky130_fd_sc_hd__clkbuf_8)
     2    0.017481    0.047457    0.150476    0.314831 ^ clkbuf_4_5_0_wr_clk/X (sky130_fd_sc_hd__clkbuf_8)
                                                         clknet_4_5_0_wr_clk (net)
                      0.047457    0.000142    0.314974 ^ clkbuf_5_10__f_wr_clk/A (sky130_fd_sc_hd__clkbuf_16)
     5    0.012950    0.035845    0.119583    0.434557 ^ clkbuf_5_10__f_wr_clk/X (sky130_fd_sc_hd__clkbuf_16)
                                                         clknet_5_10__leaf_wr_clk (net)
                      0.035845    0.000106    0.434663 ^ _1102_/CLK (sky130_fd_sc_hd__dfxtp_2)
     2    0.004554    0.038657    0.308117    0.742779 ^ _1102_/Q (sky130_fd_sc_hd__dfxtp_2)
                                                         u_fifomem.mem[14][0] (net)
                      0.038657    0.000008    0.742787 ^ _0874_/A0 (sky130_fd_sc_hd__mux2_2)
     1    0.002109    0.034330    0.126246    0.869033 ^ _0874_/X (sky130_fd_sc_hd__mux2_2)
                                                         _0416_ (net)
                      0.034330    0.000003    0.869037 ^ _0875_/A (sky130_fd_sc_hd__buf_2)
     1    0.001909    0.023720    0.082804    0.951841 ^ _0875_/X (sky130_fd_sc_hd__buf_2)
                                                         _0042_ (net)
                      0.023720    0.000003    0.951844 ^ _1102_/D (sky130_fd_sc_hd__dfxtp_2)
                                              0.951844   data arrival time

                                  0.000000    0.000000   clock wr_clk (rise edge)
                                  0.000000    0.000000   clock source latency
     1    0.018723    0.000000    0.000000    0.000000 ^ wr_clk (in)
                                                         wr_clk (net)
                      0.001049    0.000525    0.000525 ^ clkbuf_0_wr_clk/A (sky130_fd_sc_hd__clkbuf_16)
    16    0.088820    0.105109    0.162823    0.163347 ^ clkbuf_0_wr_clk/X (sky130_fd_sc_hd__clkbuf_16)
                                                         clknet_0_wr_clk (net)
                      0.105116    0.001008    0.164356 ^ clkbuf_4_5_0_wr_clk/A (sky130_fd_sc_hd__clkbuf_8)
     2    0.017481    0.047457    0.150476    0.314831 ^ clkbuf_4_5_0_wr_clk/X (sky130_fd_sc_hd__clkbuf_8)
                                                         clknet_4_5_0_wr_clk (net)
                      0.047457    0.000142    0.314974 ^ clkbuf_5_10__f_wr_clk/A (sky130_fd_sc_hd__clkbuf_16)
     5    0.012950    0.035845    0.119583    0.434557 ^ clkbuf_5_10__f_wr_clk/X (sky130_fd_sc_hd__clkbuf_16)
                                                         clknet_5_10__leaf_wr_clk (net)
                      0.035845    0.000106    0.434663 ^ _1102_/CLK (sky130_fd_sc_hd__dfxtp_2)
                                  0.100000    0.534662   clock uncertainty
                                  0.000000    0.534662   clock reconvergence pessimism
                                 -0.027982    0.506680   library hold time
                                              0.506680   data required time
---------------------------------------------------------------------------------------------
                                              0.506680   data required time
                                             -0.951844   data arrival time
---------------------------------------------------------------------------------------------
                                              0.445164   slack (MET)


Startpoint: _1121_ (rising edge-triggered flip-flop clocked by wr_clk)
Endpoint: _1121_ (rising edge-triggered flip-flop clocked by wr_clk)
Path Group: wr_clk
Path Type: min

Fanout         Cap        Slew       Delay        Time   Description
---------------------------------------------------------------------------------------------
                                  0.000000    0.000000   clock wr_clk (rise edge)
                                  0.000000    0.000000   clock source latency
     1    0.018723    0.000000    0.000000    0.000000 ^ wr_clk (in)
                                                         wr_clk (net)
                      0.001049    0.000525    0.000525 ^ clkbuf_0_wr_clk/A (sky130_fd_sc_hd__clkbuf_16)
    16    0.088820    0.105109    0.162823    0.163347 ^ clkbuf_0_wr_clk/X (sky130_fd_sc_hd__clkbuf_16)
                                                         clknet_0_wr_clk (net)
                      0.105110    0.000589    0.163936 ^ clkbuf_4_10_0_wr_clk/A (sky130_fd_sc_hd__clkbuf_8)
     2    0.017560    0.047565    0.150629    0.314565 ^ clkbuf_4_10_0_wr_clk/X (sky130_fd_sc_hd__clkbuf_8)
                                                         clknet_4_10_0_wr_clk (net)
                      0.047565    0.000089    0.314653 ^ clkbuf_5_20__f_wr_clk/A (sky130_fd_sc_hd__clkbuf_16)
     5    0.011913    0.034960    0.118653    0.433306 ^ clkbuf_5_20__f_wr_clk/X (sky130_fd_sc_hd__clkbuf_16)
                                                         clknet_5_20__leaf_wr_clk (net)
                      0.034960    0.000022    0.433329 ^ _1121_/CLK (sky130_fd_sc_hd__dfxtp_2)
     2    0.004635    0.037761    0.308083    0.741412 ^ _1121_/Q (sky130_fd_sc_hd__dfxtp_2)
                                                         u_fifomem.mem[1][3] (net)
                      0.037761    0.000018    0.741430 ^ _0914_/A0 (sky130_fd_sc_hd__mux2_2)
     1    0.001929    0.032829    0.124859    0.866289 ^ _0914_/X (sky130_fd_sc_hd__mux2_2)
                                                         _0437_ (net)
                      0.032829    0.000000    0.866290 ^ _0915_/A (sky130_fd_sc_hd__buf_2)
     1    0.002315    0.024877    0.083975    0.950265 ^ _0915_/X (sky130_fd_sc_hd__buf_2)
                                                         _0061_ (net)
                      0.024877    0.000009    0.950273 ^ _1121_/D (sky130_fd_sc_hd__dfxtp_2)
                                              0.950273   data arrival time

                                  0.000000    0.000000   clock wr_clk (rise edge)
                                  0.000000    0.000000   clock source latency
     1    0.018723    0.000000    0.000000    0.000000 ^ wr_clk (in)
                                                         wr_clk (net)
                      0.001049    0.000525    0.000525 ^ clkbuf_0_wr_clk/A (sky130_fd_sc_hd__clkbuf_16)
    16    0.088820    0.105109    0.162823    0.163347 ^ clkbuf_0_wr_clk/X (sky130_fd_sc_hd__clkbuf_16)
                                                         clknet_0_wr_clk (net)
                      0.105110    0.000589    0.163936 ^ clkbuf_4_10_0_wr_clk/A (sky130_fd_sc_hd__clkbuf_8)
     2    0.017560    0.047565    0.150629    0.314565 ^ clkbuf_4_10_0_wr_clk/X (sky130_fd_sc_hd__clkbuf_8)
                                                         clknet_4_10_0_wr_clk (net)
                      0.047565    0.000089    0.314653 ^ clkbuf_5_20__f_wr_clk/A (sky130_fd_sc_hd__clkbuf_16)
     5    0.011913    0.034960    0.118653    0.433306 ^ clkbuf_5_20__f_wr_clk/X (sky130_fd_sc_hd__clkbuf_16)
                                                         clknet_5_20__leaf_wr_clk (net)
                      0.034960    0.000022    0.433329 ^ _1121_/CLK (sky130_fd_sc_hd__dfxtp_2)
                                  0.100000    0.533329   clock uncertainty
                                  0.000000    0.533329   clock reconvergence pessimism
                                 -0.028339    0.504990   library hold time
                                              0.504990   data required time
---------------------------------------------------------------------------------------------
                                              0.504990   data required time
                                             -0.950273   data arrival time
---------------------------------------------------------------------------------------------
                                              0.445283   slack (MET)


Startpoint: _1063_ (rising edge-triggered flip-flop clocked by wr_clk)
Endpoint: _1063_ (rising edge-triggered flip-flop clocked by wr_clk)
Path Group: wr_clk
Path Type: min

Fanout         Cap        Slew       Delay        Time   Description
---------------------------------------------------------------------------------------------
                                  0.000000    0.000000   clock wr_clk (rise edge)
                                  0.000000    0.000000   clock source latency
     1    0.018723    0.000000    0.000000    0.000000 ^ wr_clk (in)
                                                         wr_clk (net)
                      0.001049    0.000525    0.000525 ^ clkbuf_0_wr_clk/A (sky130_fd_sc_hd__clkbuf_16)
    16    0.088820    0.105109    0.162823    0.163347 ^ clkbuf_0_wr_clk/X (sky130_fd_sc_hd__clkbuf_16)
                                                         clknet_0_wr_clk (net)
                      0.105111    0.000676    0.164024 ^ clkbuf_4_9_0_wr_clk/A (sky130_fd_sc_hd__clkbuf_8)
     2    0.017637    0.047691    0.150726    0.314749 ^ clkbuf_4_9_0_wr_clk/X (sky130_fd_sc_hd__clkbuf_8)
                                                         clknet_4_9_0_wr_clk (net)
                      0.047691    0.000127    0.314876 ^ clkbuf_5_19__f_wr_clk/A (sky130_fd_sc_hd__clkbuf_16)
     5    0.012035    0.035064    0.118813    0.433690 ^ clkbuf_5_19__f_wr_clk/X (sky130_fd_sc_hd__clkbuf_16)
                                                         clknet_5_19__leaf_wr_clk (net)
                      0.035064    0.000005    0.433695 ^ _1063_/CLK (sky130_fd_sc_hd__dfxtp_2)
     2    0.004451    0.038192    0.307440    0.741135 ^ _1063_/Q (sky130_fd_sc_hd__dfxtp_2)
                                                         u_fifomem.mem[0][1] (net)
                      0.038192    0.000005    0.741140 ^ _0788_/A0 (sky130_fd_sc_hd__mux2_2)
     1    0.002722    0.037354    0.129744    0.870883 ^ _0788_/X (sky130_fd_sc_hd__mux2_2)
                                                         _0369_ (net)
                      0.037354    0.000008    0.870892 ^ _0789_/A (sky130_fd_sc_hd__buf_1)
     1    0.002577    0.043166    0.076145    0.947036 ^ _0789_/X (sky130_fd_sc_hd__buf_1)
                                                         _0003_ (net)
                      0.043166    0.000010    0.947046 ^ _1063_/D (sky130_fd_sc_hd__dfxtp_2)
                                              0.947046   data arrival time

                                  0.000000    0.000000   clock wr_clk (rise edge)
                                  0.000000    0.000000   clock source latency
     1    0.018723    0.000000    0.000000    0.000000 ^ wr_clk (in)
                                                         wr_clk (net)
                      0.001049    0.000525    0.000525 ^ clkbuf_0_wr_clk/A (sky130_fd_sc_hd__clkbuf_16)
    16    0.088820    0.105109    0.162823    0.163347 ^ clkbuf_0_wr_clk/X (sky130_fd_sc_hd__clkbuf_16)
                                                         clknet_0_wr_clk (net)
                      0.105111    0.000676    0.164024 ^ clkbuf_4_9_0_wr_clk/A (sky130_fd_sc_hd__clkbuf_8)
     2    0.017637    0.047691    0.150726    0.314749 ^ clkbuf_4_9_0_wr_clk/X (sky130_fd_sc_hd__clkbuf_8)
                                                         clknet_4_9_0_wr_clk (net)
                      0.047691    0.000127    0.314876 ^ clkbuf_5_19__f_wr_clk/A (sky130_fd_sc_hd__clkbuf_16)
     5    0.012035    0.035064    0.118813    0.433690 ^ clkbuf_5_19__f_wr_clk/X (sky130_fd_sc_hd__clkbuf_16)
                                                         clknet_5_19__leaf_wr_clk (net)
                      0.035064    0.000005    0.433695 ^ _1063_/CLK (sky130_fd_sc_hd__dfxtp_2)
                                  0.100000    0.533695   clock uncertainty
                                  0.000000    0.533695   clock reconvergence pessimism
                                 -0.032117    0.501577   library hold time
                                              0.501577   data required time
---------------------------------------------------------------------------------------------
                                              0.501577   data required time
                                             -0.947046   data arrival time
---------------------------------------------------------------------------------------------
                                              0.445469   slack (MET)


Startpoint: _1151_ (rising edge-triggered flip-flop clocked by wr_clk)
Endpoint: _1151_ (rising edge-triggered flip-flop clocked by wr_clk)
Path Group: wr_clk
Path Type: min

Fanout         Cap        Slew       Delay        Time   Description
---------------------------------------------------------------------------------------------
                                  0.000000    0.000000   clock wr_clk (rise edge)
                                  0.000000    0.000000   clock source latency
     1    0.018723    0.000000    0.000000    0.000000 ^ wr_clk (in)
                                                         wr_clk (net)
                      0.001049    0.000525    0.000525 ^ clkbuf_0_wr_clk/A (sky130_fd_sc_hd__clkbuf_16)
    16    0.088820    0.105109    0.162823    0.163347 ^ clkbuf_0_wr_clk/X (sky130_fd_sc_hd__clkbuf_16)
                                                         clknet_0_wr_clk (net)
                      0.105109    0.000078    0.163426 ^ clkbuf_4_12_0_wr_clk/A (sky130_fd_sc_hd__clkbuf_8)
     2    0.017657    0.047717    0.150765    0.314190 ^ clkbuf_4_12_0_wr_clk/X (sky130_fd_sc_hd__clkbuf_8)
                                                         clknet_4_12_0_wr_clk (net)
                      0.047717    0.000091    0.314281 ^ clkbuf_5_24__f_wr_clk/A (sky130_fd_sc_hd__clkbuf_16)
     5    0.012309    0.035298    0.119083    0.433364 ^ clkbuf_5_24__f_wr_clk/X (sky130_fd_sc_hd__clkbuf_16)
                                                         clknet_5_24__leaf_wr_clk (net)
                      0.035298    0.000062    0.433426 ^ _1151_/CLK (sky130_fd_sc_hd__dfxtp_2)
     2    0.004609    0.038907    0.308120    0.741546 ^ _1151_/Q (sky130_fd_sc_hd__dfxtp_2)
                                                         u_fifomem.mem[5][1] (net)
                      0.038907    0.000009    0.741555 ^ _0979_/A0 (sky130_fd_sc_hd__mux2_2)
     1    0.003031    0.037697    0.131831    0.873385 ^ _0979_/X (sky130_fd_sc_hd__mux2_2)
                                                         _0472_ (net)
                      0.037697    0.000015    0.873400 ^ _0980_/A (sky130_fd_sc_hd__buf_1)
     1    0.002328    0.040387    0.074224    0.947624 ^ _0980_/X (sky130_fd_sc_hd__buf_1)
                                                         _0091_ (net)
                      0.040387    0.000009    0.947633 ^ _1151_/D (sky130_fd_sc_hd__dfxtp_2)
                                              0.947633   data arrival time

                                  0.000000    0.000000   clock wr_clk (rise edge)
                                  0.000000    0.000000   clock source latency
     1    0.018723    0.000000    0.000000    0.000000 ^ wr_clk (in)
                                                         wr_clk (net)
                      0.001049    0.000525    0.000525 ^ clkbuf_0_wr_clk/A (sky130_fd_sc_hd__clkbuf_16)
    16    0.088820    0.105109    0.162823    0.163347 ^ clkbuf_0_wr_clk/X (sky130_fd_sc_hd__clkbuf_16)
                                                         clknet_0_wr_clk (net)
                      0.105109    0.000078    0.163426 ^ clkbuf_4_12_0_wr_clk/A (sky130_fd_sc_hd__clkbuf_8)
     2    0.017657    0.047717    0.150765    0.314190 ^ clkbuf_4_12_0_wr_clk/X (sky130_fd_sc_hd__clkbuf_8)
                                                         clknet_4_12_0_wr_clk (net)
                      0.047717    0.000091    0.314281 ^ clkbuf_5_24__f_wr_clk/A (sky130_fd_sc_hd__clkbuf_16)
     5    0.012309    0.035298    0.119083    0.433364 ^ clkbuf_5_24__f_wr_clk/X (sky130_fd_sc_hd__clkbuf_16)
                                                         clknet_5_24__leaf_wr_clk (net)
                      0.035298    0.000062    0.433426 ^ _1151_/CLK (sky130_fd_sc_hd__dfxtp_2)
                                  0.100000    0.533426   clock uncertainty
                                  0.000000    0.533426   clock reconvergence pessimism
                                 -0.031510    0.501916   library hold time
                                              0.501916   data required time
---------------------------------------------------------------------------------------------
                                              0.501916   data required time
                                             -0.947633   data arrival time
---------------------------------------------------------------------------------------------
                                              0.445717   slack (MET)


Startpoint: _1153_ (rising edge-triggered flip-flop clocked by wr_clk)
Endpoint: _1153_ (rising edge-triggered flip-flop clocked by wr_clk)
Path Group: wr_clk
Path Type: min

Fanout         Cap        Slew       Delay        Time   Description
---------------------------------------------------------------------------------------------
                                  0.000000    0.000000   clock wr_clk (rise edge)
                                  0.000000    0.000000   clock source latency
     1    0.018723    0.000000    0.000000    0.000000 ^ wr_clk (in)
                                                         wr_clk (net)
                      0.001049    0.000525    0.000525 ^ clkbuf_0_wr_clk/A (sky130_fd_sc_hd__clkbuf_16)
    16    0.088820    0.105109    0.162823    0.163347 ^ clkbuf_0_wr_clk/X (sky130_fd_sc_hd__clkbuf_16)
                                                         clknet_0_wr_clk (net)
                      0.105110    0.000602    0.163950 ^ clkbuf_4_11_0_wr_clk/A (sky130_fd_sc_hd__clkbuf_8)
     2    0.017159    0.046942    0.150046    0.313996 ^ clkbuf_4_11_0_wr_clk/X (sky130_fd_sc_hd__clkbuf_8)
                                                         clknet_4_11_0_wr_clk (net)
                      0.046942    0.000027    0.314023 ^ clkbuf_5_23__f_wr_clk/A (sky130_fd_sc_hd__clkbuf_16)
     5    0.012499    0.035459    0.118988    0.433011 ^ clkbuf_5_23__f_wr_clk/X (sky130_fd_sc_hd__clkbuf_16)
                                                         clknet_5_23__leaf_wr_clk (net)
                      0.035459    0.000007    0.433018 ^ _1153_/CLK (sky130_fd_sc_hd__dfxtp_2)
     2    0.004889    0.038822    0.309224    0.742242 ^ _1153_/Q (sky130_fd_sc_hd__dfxtp_2)
                                                         u_fifomem.mem[5][3] (net)
                      0.038822    0.000018    0.742260 ^ _0983_/A0 (sky130_fd_sc_hd__mux2_2)
     1    0.003379    0.039319    0.133874    0.876134 ^ _0983_/X (sky130_fd_sc_hd__mux2_2)
                                                         _0474_ (net)
                      0.039319    0.000022    0.876156 ^ _0984_/A (sky130_fd_sc_hd__buf_1)
     1    0.001979    0.036481    0.071920    0.948076 ^ _0984_/X (sky130_fd_sc_hd__buf_1)
                                                         _0093_ (net)
                      0.036481    0.000003    0.948079 ^ _1153_/D (sky130_fd_sc_hd__dfxtp_2)
                                              0.948079   data arrival time

                                  0.000000    0.000000   clock wr_clk (rise edge)
                                  0.000000    0.000000   clock source latency
     1    0.018723    0.000000    0.000000    0.000000 ^ wr_clk (in)
                                                         wr_clk (net)
                      0.001049    0.000525    0.000525 ^ clkbuf_0_wr_clk/A (sky130_fd_sc_hd__clkbuf_16)
    16    0.088820    0.105109    0.162823    0.163347 ^ clkbuf_0_wr_clk/X (sky130_fd_sc_hd__clkbuf_16)
                                                         clknet_0_wr_clk (net)
                      0.105110    0.000602    0.163950 ^ clkbuf_4_11_0_wr_clk/A (sky130_fd_sc_hd__clkbuf_8)
     2    0.017159    0.046942    0.150046    0.313996 ^ clkbuf_4_11_0_wr_clk/X (sky130_fd_sc_hd__clkbuf_8)
                                                         clknet_4_11_0_wr_clk (net)
                      0.046942    0.000027    0.314023 ^ clkbuf_5_23__f_wr_clk/A (sky130_fd_sc_hd__clkbuf_16)
     5    0.012499    0.035459    0.118988    0.433011 ^ clkbuf_5_23__f_wr_clk/X (sky130_fd_sc_hd__clkbuf_16)
                                                         clknet_5_23__leaf_wr_clk (net)
                      0.035459    0.000007    0.433018 ^ _1153_/CLK (sky130_fd_sc_hd__dfxtp_2)
                                  0.100000    0.533018   clock uncertainty
                                  0.000000    0.533018   clock reconvergence pessimism
                                 -0.030679    0.502339   library hold time
                                              0.502339   data required time
---------------------------------------------------------------------------------------------
                                              0.502339   data required time
                                             -0.948079   data arrival time
---------------------------------------------------------------------------------------------
                                              0.445740   slack (MET)


Startpoint: _1141_ (rising edge-triggered flip-flop clocked by wr_clk)
Endpoint: _1141_ (rising edge-triggered flip-flop clocked by wr_clk)
Path Group: wr_clk
Path Type: min

Fanout         Cap        Slew       Delay        Time   Description
---------------------------------------------------------------------------------------------
                                  0.000000    0.000000   clock wr_clk (rise edge)
                                  0.000000    0.000000   clock source latency
     1    0.018723    0.000000    0.000000    0.000000 ^ wr_clk (in)
                                                         wr_clk (net)
                      0.001049    0.000525    0.000525 ^ clkbuf_0_wr_clk/A (sky130_fd_sc_hd__clkbuf_16)
    16    0.088820    0.105109    0.162823    0.163347 ^ clkbuf_0_wr_clk/X (sky130_fd_sc_hd__clkbuf_16)
                                                         clknet_0_wr_clk (net)
                      0.105112    0.000804    0.164151 ^ clkbuf_4_1_0_wr_clk/A (sky130_fd_sc_hd__clkbuf_8)
     2    0.016904    0.046551    0.149671    0.313822 ^ clkbuf_4_1_0_wr_clk/X (sky130_fd_sc_hd__clkbuf_8)
                                                         clknet_4_1_0_wr_clk (net)
                      0.046551    0.000049    0.313871 ^ clkbuf_5_2__f_wr_clk/A (sky130_fd_sc_hd__clkbuf_16)
     5    0.013927    0.036676    0.120188    0.434059 ^ clkbuf_5_2__f_wr_clk/X (sky130_fd_sc_hd__clkbuf_16)
                                                         clknet_5_2__leaf_wr_clk (net)
                      0.036676    0.000144    0.434203 ^ _1141_/CLK (sky130_fd_sc_hd__dfxtp_2)
     2    0.005041    0.039458    0.310247    0.744450 ^ _1141_/Q (sky130_fd_sc_hd__dfxtp_2)
                                                         u_fifomem.mem[3][7] (net)
                      0.039458    0.000005    0.744455 ^ _0956_/A0 (sky130_fd_sc_hd__mux2_2)
     1    0.001889    0.033243    0.125217    0.869672 ^ _0956_/X (sky130_fd_sc_hd__mux2_2)
                                                         _0459_ (net)
                      0.033243    0.000000    0.869673 ^ _0957_/A (sky130_fd_sc_hd__buf_2)
     1    0.001909    0.023722    0.082397    0.952070 ^ _0957_/X (sky130_fd_sc_hd__buf_2)
                                                         _0081_ (net)
                      0.023722    0.000003    0.952073 ^ _1141_/D (sky130_fd_sc_hd__dfxtp_2)
                                              0.952073   data arrival time

                                  0.000000    0.000000   clock wr_clk (rise edge)
                                  0.000000    0.000000   clock source latency
     1    0.018723    0.000000    0.000000    0.000000 ^ wr_clk (in)
                                                         wr_clk (net)
                      0.001049    0.000525    0.000525 ^ clkbuf_0_wr_clk/A (sky130_fd_sc_hd__clkbuf_16)
    16    0.088820    0.105109    0.162823    0.163347 ^ clkbuf_0_wr_clk/X (sky130_fd_sc_hd__clkbuf_16)
                                                         clknet_0_wr_clk (net)
                      0.105112    0.000804    0.164151 ^ clkbuf_4_1_0_wr_clk/A (sky130_fd_sc_hd__clkbuf_8)
     2    0.016904    0.046551    0.149671    0.313822 ^ clkbuf_4_1_0_wr_clk/X (sky130_fd_sc_hd__clkbuf_8)
                                                         clknet_4_1_0_wr_clk (net)
                      0.046551    0.000049    0.313871 ^ clkbuf_5_2__f_wr_clk/A (sky130_fd_sc_hd__clkbuf_16)
     5    0.013927    0.036676    0.120188    0.434059 ^ clkbuf_5_2__f_wr_clk/X (sky130_fd_sc_hd__clkbuf_16)
                                                         clknet_5_2__leaf_wr_clk (net)
                      0.036676    0.000144    0.434203 ^ _1141_/CLK (sky130_fd_sc_hd__dfxtp_2)
                                  0.100000    0.534203   clock uncertainty
                                  0.000000    0.534203   clock reconvergence pessimism
                                 -0.027874    0.506329   library hold time
                                              0.506329   data required time
---------------------------------------------------------------------------------------------
                                              0.506329   data required time
                                             -0.952073   data arrival time
---------------------------------------------------------------------------------------------
                                              0.445743   slack (MET)


Startpoint: _1161_ (rising edge-triggered flip-flop clocked by wr_clk)
Endpoint: _1161_ (rising edge-triggered flip-flop clocked by wr_clk)
Path Group: wr_clk
Path Type: min

Fanout         Cap        Slew       Delay        Time   Description
---------------------------------------------------------------------------------------------
                                  0.000000    0.000000   clock wr_clk (rise edge)
                                  0.000000    0.000000   clock source latency
     1    0.018723    0.000000    0.000000    0.000000 ^ wr_clk (in)
                                                         wr_clk (net)
                      0.001049    0.000525    0.000525 ^ clkbuf_0_wr_clk/A (sky130_fd_sc_hd__clkbuf_16)
    16    0.088820    0.105109    0.162823    0.163347 ^ clkbuf_0_wr_clk/X (sky130_fd_sc_hd__clkbuf_16)
                                                         clknet_0_wr_clk (net)
                      0.105110    0.000602    0.163950 ^ clkbuf_4_11_0_wr_clk/A (sky130_fd_sc_hd__clkbuf_8)
     2    0.017159    0.046942    0.150046    0.313996 ^ clkbuf_4_11_0_wr_clk/X (sky130_fd_sc_hd__clkbuf_8)
                                                         clknet_4_11_0_wr_clk (net)
                      0.046942    0.000027    0.314023 ^ clkbuf_5_23__f_wr_clk/A (sky130_fd_sc_hd__clkbuf_16)
     5    0.012499    0.035459    0.118988    0.433011 ^ clkbuf_5_23__f_wr_clk/X (sky130_fd_sc_hd__clkbuf_16)
                                                         clknet_5_23__leaf_wr_clk (net)
                      0.035459    0.000028    0.433039 ^ _1161_/CLK (sky130_fd_sc_hd__dfxtp_2)
     2    0.004937    0.040388    0.309406    0.742446 ^ _1161_/Q (sky130_fd_sc_hd__dfxtp_2)
                                                         u_fifomem.mem[6][3] (net)
                      0.040388    0.000006    0.742451 ^ _1000_/A0 (sky130_fd_sc_hd__mux2_2)
     1    0.001889    0.033242    0.125543    0.867994 ^ _1000_/X (sky130_fd_sc_hd__mux2_2)
                                                         _0483_ (net)
                      0.033242    0.000000    0.867995 ^ _1001_/A (sky130_fd_sc_hd__buf_2)
     1    0.001980    0.024036    0.082699    0.950694 ^ _1001_/X (sky130_fd_sc_hd__buf_2)
                                                         _0101_ (net)
                      0.024036    0.000003    0.950698 ^ _1161_/D (sky130_fd_sc_hd__dfxtp_2)
                                              0.950698   data arrival time

                                  0.000000    0.000000   clock wr_clk (rise edge)
                                  0.000000    0.000000   clock source latency
     1    0.018723    0.000000    0.000000    0.000000 ^ wr_clk (in)
                                                         wr_clk (net)
                      0.001049    0.000525    0.000525 ^ clkbuf_0_wr_clk/A (sky130_fd_sc_hd__clkbuf_16)
    16    0.088820    0.105109    0.162823    0.163347 ^ clkbuf_0_wr_clk/X (sky130_fd_sc_hd__clkbuf_16)
                                                         clknet_0_wr_clk (net)
                      0.105110    0.000602    0.163950 ^ clkbuf_4_11_0_wr_clk/A (sky130_fd_sc_hd__clkbuf_8)
     2    0.017159    0.046942    0.150046    0.313996 ^ clkbuf_4_11_0_wr_clk/X (sky130_fd_sc_hd__clkbuf_8)
                                                         clknet_4_11_0_wr_clk (net)
                      0.046942    0.000027    0.314023 ^ clkbuf_5_23__f_wr_clk/A (sky130_fd_sc_hd__clkbuf_16)
     5    0.012499    0.035459    0.118988    0.433011 ^ clkbuf_5_23__f_wr_clk/X (sky130_fd_sc_hd__clkbuf_16)
                                                         clknet_5_23__leaf_wr_clk (net)
                      0.035459    0.000028    0.433039 ^ _1161_/CLK (sky130_fd_sc_hd__dfxtp_2)
                                  0.100000    0.533039   clock uncertainty
                                  0.000000    0.533039   clock reconvergence pessimism
                                 -0.028099    0.504941   library hold time
                                              0.504941   data required time
---------------------------------------------------------------------------------------------
                                              0.504941   data required time
                                             -0.950698   data arrival time
---------------------------------------------------------------------------------------------
                                              0.445757   slack (MET)


Startpoint: _1135_ (rising edge-triggered flip-flop clocked by wr_clk)
Endpoint: _1135_ (rising edge-triggered flip-flop clocked by wr_clk)
Path Group: wr_clk
Path Type: min

Fanout         Cap        Slew       Delay        Time   Description
---------------------------------------------------------------------------------------------
                                  0.000000    0.000000   clock wr_clk (rise edge)
                                  0.000000    0.000000   clock source latency
     1    0.018723    0.000000    0.000000    0.000000 ^ wr_clk (in)
                                                         wr_clk (net)
                      0.001049    0.000525    0.000525 ^ clkbuf_0_wr_clk/A (sky130_fd_sc_hd__clkbuf_16)
    16    0.088820    0.105109    0.162823    0.163347 ^ clkbuf_0_wr_clk/X (sky130_fd_sc_hd__clkbuf_16)
                                                         clknet_0_wr_clk (net)
                      0.105111    0.000676    0.164024 ^ clkbuf_4_9_0_wr_clk/A (sky130_fd_sc_hd__clkbuf_8)
     2    0.017637    0.047691    0.150726    0.314749 ^ clkbuf_4_9_0_wr_clk/X (sky130_fd_sc_hd__clkbuf_8)
                                                         clknet_4_9_0_wr_clk (net)
                      0.047691    0.000111    0.314860 ^ clkbuf_5_18__f_wr_clk/A (sky130_fd_sc_hd__clkbuf_16)
     5    0.012560    0.035512    0.119314    0.434174 ^ clkbuf_5_18__f_wr_clk/X (sky130_fd_sc_hd__clkbuf_16)
                                                         clknet_5_18__leaf_wr_clk (net)
                      0.035512    0.000008    0.434182 ^ _1135_/CLK (sky130_fd_sc_hd__dfxtp_2)
     2    0.004409    0.038000    0.307449    0.741630 ^ _1135_/Q (sky130_fd_sc_hd__dfxtp_2)
                                                         u_fifomem.mem[3][1] (net)
                      0.038000    0.000010    0.741640 ^ _0944_/A0 (sky130_fd_sc_hd__mux2_2)
     1    0.002267    0.035122    0.126961    0.868601 ^ _0944_/X (sky130_fd_sc_hd__mux2_2)
                                                         _0453_ (net)
                      0.035122    0.000006    0.868608 ^ _0945_/A (sky130_fd_sc_hd__buf_2)
     1    0.001954    0.023917    0.083293    0.951901 ^ _0945_/X (sky130_fd_sc_hd__buf_2)
                                                         _0075_ (net)
                      0.023917    0.000003    0.951904 ^ _1135_/D (sky130_fd_sc_hd__dfxtp_2)
                                              0.951904   data arrival time

                                  0.000000    0.000000   clock wr_clk (rise edge)
                                  0.000000    0.000000   clock source latency
     1    0.018723    0.000000    0.000000    0.000000 ^ wr_clk (in)
                                                         wr_clk (net)
                      0.001049    0.000525    0.000525 ^ clkbuf_0_wr_clk/A (sky130_fd_sc_hd__clkbuf_16)
    16    0.088820    0.105109    0.162823    0.163347 ^ clkbuf_0_wr_clk/X (sky130_fd_sc_hd__clkbuf_16)
                                                         clknet_0_wr_clk (net)
                      0.105111    0.000676    0.164024 ^ clkbuf_4_9_0_wr_clk/A (sky130_fd_sc_hd__clkbuf_8)
     2    0.017637    0.047691    0.150726    0.314749 ^ clkbuf_4_9_0_wr_clk/X (sky130_fd_sc_hd__clkbuf_8)
                                                         clknet_4_9_0_wr_clk (net)
                      0.047691    0.000111    0.314860 ^ clkbuf_5_18__f_wr_clk/A (sky130_fd_sc_hd__clkbuf_16)
     5    0.012560    0.035512    0.119314    0.434174 ^ clkbuf_5_18__f_wr_clk/X (sky130_fd_sc_hd__clkbuf_16)
                                                         clknet_5_18__leaf_wr_clk (net)
                      0.035512    0.000008    0.434182 ^ _1135_/CLK (sky130_fd_sc_hd__dfxtp_2)
                                  0.100000    0.534182   clock uncertainty
                                  0.000000    0.534182   clock reconvergence pessimism
                                 -0.028067    0.506114   library hold time
                                              0.506114   data required time
---------------------------------------------------------------------------------------------
                                              0.506114   data required time
                                             -0.951904   data arrival time
---------------------------------------------------------------------------------------------
                                              0.445789   slack (MET)


Startpoint: _1137_ (rising edge-triggered flip-flop clocked by wr_clk)
Endpoint: _1137_ (rising edge-triggered flip-flop clocked by wr_clk)
Path Group: wr_clk
Path Type: min

Fanout         Cap        Slew       Delay        Time   Description
---------------------------------------------------------------------------------------------
                                  0.000000    0.000000   clock wr_clk (rise edge)
                                  0.000000    0.000000   clock source latency
     1    0.018723    0.000000    0.000000    0.000000 ^ wr_clk (in)
                                                         wr_clk (net)
                      0.001049    0.000525    0.000525 ^ clkbuf_0_wr_clk/A (sky130_fd_sc_hd__clkbuf_16)
    16    0.088820    0.105109    0.162823    0.163347 ^ clkbuf_0_wr_clk/X (sky130_fd_sc_hd__clkbuf_16)
                                                         clknet_0_wr_clk (net)
                      0.105110    0.000589    0.163936 ^ clkbuf_4_10_0_wr_clk/A (sky130_fd_sc_hd__clkbuf_8)
     2    0.017560    0.047565    0.150629    0.314565 ^ clkbuf_4_10_0_wr_clk/X (sky130_fd_sc_hd__clkbuf_8)
                                                         clknet_4_10_0_wr_clk (net)
                      0.047565    0.000089    0.314653 ^ clkbuf_5_20__f_wr_clk/A (sky130_fd_sc_hd__clkbuf_16)
     5    0.011913    0.034960    0.118653    0.433306 ^ clkbuf_5_20__f_wr_clk/X (sky130_fd_sc_hd__clkbuf_16)
                                                         clknet_5_20__leaf_wr_clk (net)
                      0.034960    0.000030    0.433336 ^ _1137_/CLK (sky130_fd_sc_hd__dfxtp_2)
     2    0.004594    0.038837    0.307936    0.741271 ^ _1137_/Q (sky130_fd_sc_hd__dfxtp_2)
                                                         u_fifomem.mem[3][3] (net)
                      0.038837    0.000005    0.741277 ^ _0948_/A0 (sky130_fd_sc_hd__mux2_2)
     1    0.002188    0.034729    0.126782    0.868059 ^ _0948_/X (sky130_fd_sc_hd__mux2_2)
                                                         _0455_ (net)
                      0.034729    0.000004    0.868063 ^ _0949_/A (sky130_fd_sc_hd__buf_2)
     1    0.001912    0.023734    0.082967    0.951030 ^ _0949_/X (sky130_fd_sc_hd__buf_2)
                                                         _0077_ (net)
                      0.023734    0.000002    0.951032 ^ _1137_/D (sky130_fd_sc_hd__dfxtp_2)
                                              0.951032   data arrival time

                                  0.000000    0.000000   clock wr_clk (rise edge)
                                  0.000000    0.000000   clock source latency
     1    0.018723    0.000000    0.000000    0.000000 ^ wr_clk (in)
                                                         wr_clk (net)
                      0.001049    0.000525    0.000525 ^ clkbuf_0_wr_clk/A (sky130_fd_sc_hd__clkbuf_16)
    16    0.088820    0.105109    0.162823    0.163347 ^ clkbuf_0_wr_clk/X (sky130_fd_sc_hd__clkbuf_16)
                                                         clknet_0_wr_clk (net)
                      0.105110    0.000589    0.163936 ^ clkbuf_4_10_0_wr_clk/A (sky130_fd_sc_hd__clkbuf_8)
     2    0.017560    0.047565    0.150629    0.314565 ^ clkbuf_4_10_0_wr_clk/X (sky130_fd_sc_hd__clkbuf_8)
                                                         clknet_4_10_0_wr_clk (net)
                      0.047565    0.000089    0.314653 ^ clkbuf_5_20__f_wr_clk/A (sky130_fd_sc_hd__clkbuf_16)
     5    0.011913    0.034960    0.118653    0.433306 ^ clkbuf_5_20__f_wr_clk/X (sky130_fd_sc_hd__clkbuf_16)
                                                         clknet_5_20__leaf_wr_clk (net)
                      0.034960    0.000030    0.433336 ^ _1137_/CLK (sky130_fd_sc_hd__dfxtp_2)
                                  0.100000    0.533336   clock uncertainty
                                  0.000000    0.533336   clock reconvergence pessimism
                                 -0.028101    0.505235   library hold time
                                              0.505235   data required time
---------------------------------------------------------------------------------------------
                                              0.505235   data required time
                                             -0.951032   data arrival time
---------------------------------------------------------------------------------------------
                                              0.445798   slack (MET)


Startpoint: _1076_ (rising edge-triggered flip-flop clocked by wr_clk)
Endpoint: _1076_ (rising edge-triggered flip-flop clocked by wr_clk)
Path Group: wr_clk
Path Type: min

Fanout         Cap        Slew       Delay        Time   Description
---------------------------------------------------------------------------------------------
                                  0.000000    0.000000   clock wr_clk (rise edge)
                                  0.000000    0.000000   clock source latency
     1    0.018723    0.000000    0.000000    0.000000 ^ wr_clk (in)
                                                         wr_clk (net)
                      0.001049    0.000525    0.000525 ^ clkbuf_0_wr_clk/A (sky130_fd_sc_hd__clkbuf_16)
    16    0.088820    0.105109    0.162823    0.163347 ^ clkbuf_0_wr_clk/X (sky130_fd_sc_hd__clkbuf_16)
                                                         clknet_0_wr_clk (net)
                      0.105119    0.001115    0.164462 ^ clkbuf_4_6_0_wr_clk/A (sky130_fd_sc_hd__clkbuf_8)
     2    0.017555    0.047552    0.150635    0.315097 ^ clkbuf_4_6_0_wr_clk/X (sky130_fd_sc_hd__clkbuf_8)
                                                         clknet_4_6_0_wr_clk (net)
                      0.047552    0.000074    0.315171 ^ clkbuf_5_13__f_wr_clk/A (sky130_fd_sc_hd__clkbuf_16)
     5    0.013267    0.036112    0.119947    0.435118 ^ clkbuf_5_13__f_wr_clk/X (sky130_fd_sc_hd__clkbuf_16)
                                                         clknet_5_13__leaf_wr_clk (net)
                      0.036112    0.000024    0.435141 ^ _1076_/CLK (sky130_fd_sc_hd__dfxtp_2)
     2    0.004931    0.038995    0.309622    0.744764 ^ _1076_/Q (sky130_fd_sc_hd__dfxtp_2)
                                                         u_fifomem.mem[10][6] (net)
                      0.038995    0.000007    0.744771 ^ _0815_/A0 (sky130_fd_sc_hd__mux2_2)
     1    0.001889    0.033242    0.125055    0.869826 ^ _0815_/X (sky130_fd_sc_hd__mux2_2)
                                                         _0383_ (net)
                      0.033242    0.000000    0.869826 ^ _0816_/A (sky130_fd_sc_hd__buf_2)
     1    0.002064    0.024407    0.083058    0.952884 ^ _0816_/X (sky130_fd_sc_hd__buf_2)
                                                         _0016_ (net)
                      0.024407    0.000004    0.952888 ^ _1076_/D (sky130_fd_sc_hd__dfxtp_2)
                                              0.952888   data arrival time

                                  0.000000    0.000000   clock wr_clk (rise edge)
                                  0.000000    0.000000   clock source latency
     1    0.018723    0.000000    0.000000    0.000000 ^ wr_clk (in)
                                                         wr_clk (net)
                      0.001049    0.000525    0.000525 ^ clkbuf_0_wr_clk/A (sky130_fd_sc_hd__clkbuf_16)
    16    0.088820    0.105109    0.162823    0.163347 ^ clkbuf_0_wr_clk/X (sky130_fd_sc_hd__clkbuf_16)
                                                         clknet_0_wr_clk (net)
                      0.105119    0.001115    0.164462 ^ clkbuf_4_6_0_wr_clk/A (sky130_fd_sc_hd__clkbuf_8)
     2    0.017555    0.047552    0.150635    0.315097 ^ clkbuf_4_6_0_wr_clk/X (sky130_fd_sc_hd__clkbuf_8)
                                                         clknet_4_6_0_wr_clk (net)
                      0.047552    0.000074    0.315171 ^ clkbuf_5_13__f_wr_clk/A (sky130_fd_sc_hd__clkbuf_16)
     5    0.013267    0.036112    0.119947    0.435118 ^ clkbuf_5_13__f_wr_clk/X (sky130_fd_sc_hd__clkbuf_16)
                                                         clknet_5_13__leaf_wr_clk (net)
                      0.036112    0.000024    0.435141 ^ _1076_/CLK (sky130_fd_sc_hd__dfxtp_2)
                                  0.100000    0.535141   clock uncertainty
                                  0.000000    0.535141   clock reconvergence pessimism
                                 -0.028090    0.507051   library hold time
                                              0.507051   data required time
---------------------------------------------------------------------------------------------
                                              0.507051   data required time
                                             -0.952888   data arrival time
---------------------------------------------------------------------------------------------
                                              0.445837   slack (MET)


Startpoint: _1158_ (rising edge-triggered flip-flop clocked by wr_clk)
Endpoint: _1158_ (rising edge-triggered flip-flop clocked by wr_clk)
Path Group: wr_clk
Path Type: min

Fanout         Cap        Slew       Delay        Time   Description
---------------------------------------------------------------------------------------------
                                  0.000000    0.000000   clock wr_clk (rise edge)
                                  0.000000    0.000000   clock source latency
     1    0.018723    0.000000    0.000000    0.000000 ^ wr_clk (in)
                                                         wr_clk (net)
                      0.001049    0.000525    0.000525 ^ clkbuf_0_wr_clk/A (sky130_fd_sc_hd__clkbuf_16)
    16    0.088820    0.105109    0.162823    0.163347 ^ clkbuf_0_wr_clk/X (sky130_fd_sc_hd__clkbuf_16)
                                                         clknet_0_wr_clk (net)
                      0.105111    0.000742    0.164089 ^ clkbuf_4_2_0_wr_clk/A (sky130_fd_sc_hd__clkbuf_8)
     2    0.017392    0.047296    0.150404    0.314493 ^ clkbuf_4_2_0_wr_clk/X (sky130_fd_sc_hd__clkbuf_8)
                                                         clknet_4_2_0_wr_clk (net)
                      0.047296    0.000048    0.314541 ^ clkbuf_5_4__f_wr_clk/A (sky130_fd_sc_hd__clkbuf_16)
     5    0.012565    0.035515    0.119182    0.433724 ^ clkbuf_5_4__f_wr_clk/X (sky130_fd_sc_hd__clkbuf_16)
                                                         clknet_5_4__leaf_wr_clk (net)
                      0.035515    0.000030    0.433754 ^ _1158_/CLK (sky130_fd_sc_hd__dfxtp_2)
     2    0.004760    0.039591    0.308767    0.742521 ^ _1158_/Q (sky130_fd_sc_hd__dfxtp_2)
                                                         u_fifomem.mem[6][0] (net)
                      0.039591    0.000008    0.742529 ^ _0994_/A0 (sky130_fd_sc_hd__mux2_2)
     1    0.001889    0.033242    0.125264    0.867793 ^ _0994_/X (sky130_fd_sc_hd__mux2_2)
                                                         _0480_ (net)
                      0.033242    0.000000    0.867793 ^ _0995_/A (sky130_fd_sc_hd__buf_2)
     1    0.002174    0.024896    0.083530    0.951323 ^ _0995_/X (sky130_fd_sc_hd__buf_2)
                                                         _0098_ (net)
                      0.024896    0.000005    0.951328 ^ _1158_/D (sky130_fd_sc_hd__dfxtp_2)
                                              0.951328   data arrival time

                                  0.000000    0.000000   clock wr_clk (rise edge)
                                  0.000000    0.000000   clock source latency
     1    0.018723    0.000000    0.000000    0.000000 ^ wr_clk (in)
                                                         wr_clk (net)
                      0.001049    0.000525    0.000525 ^ clkbuf_0_wr_clk/A (sky130_fd_sc_hd__clkbuf_16)
    16    0.088820    0.105109    0.162823    0.163347 ^ clkbuf_0_wr_clk/X (sky130_fd_sc_hd__clkbuf_16)
                                                         clknet_0_wr_clk (net)
                      0.105111    0.000742    0.164089 ^ clkbuf_4_2_0_wr_clk/A (sky130_fd_sc_hd__clkbuf_8)
     2    0.017392    0.047296    0.150404    0.314493 ^ clkbuf_4_2_0_wr_clk/X (sky130_fd_sc_hd__clkbuf_8)
                                                         clknet_4_2_0_wr_clk (net)
                      0.047296    0.000048    0.314541 ^ clkbuf_5_4__f_wr_clk/A (sky130_fd_sc_hd__clkbuf_16)
     5    0.012565    0.035515    0.119182    0.433724 ^ clkbuf_5_4__f_wr_clk/X (sky130_fd_sc_hd__clkbuf_16)
                                                         clknet_5_4__leaf_wr_clk (net)
                      0.035515    0.000030    0.433754 ^ _1158_/CLK (sky130_fd_sc_hd__dfxtp_2)
                                  0.100000    0.533754   clock uncertainty
                                  0.000000    0.533754   clock reconvergence pessimism
                                 -0.028270    0.505484   library hold time
                                              0.505484   data required time
---------------------------------------------------------------------------------------------
                                              0.505484   data required time
                                             -0.951328   data arrival time
---------------------------------------------------------------------------------------------
                                              0.445844   slack (MET)


Startpoint: _1089_ (rising edge-triggered flip-flop clocked by wr_clk)
Endpoint: _1089_ (rising edge-triggered flip-flop clocked by wr_clk)
Path Group: wr_clk
Path Type: min

Fanout         Cap        Slew       Delay        Time   Description
---------------------------------------------------------------------------------------------
                                  0.000000    0.000000   clock wr_clk (rise edge)
                                  0.000000    0.000000   clock source latency
     1    0.018723    0.000000    0.000000    0.000000 ^ wr_clk (in)
                                                         wr_clk (net)
                      0.001049    0.000525    0.000525 ^ clkbuf_0_wr_clk/A (sky130_fd_sc_hd__clkbuf_16)
    16    0.088820    0.105109    0.162823    0.163347 ^ clkbuf_0_wr_clk/X (sky130_fd_sc_hd__clkbuf_16)
                                                         clknet_0_wr_clk (net)
                      0.105109    0.000094    0.163442 ^ clkbuf_4_13_0_wr_clk/A (sky130_fd_sc_hd__clkbuf_8)
     2    0.017714    0.047814    0.150829    0.314271 ^ clkbuf_4_13_0_wr_clk/X (sky130_fd_sc_hd__clkbuf_8)
                                                         clknet_4_13_0_wr_clk (net)
                      0.047814    0.000122    0.314393 ^ clkbuf_5_26__f_wr_clk/A (sky130_fd_sc_hd__clkbuf_16)
     5    0.012560    0.035511    0.119362    0.433755 ^ clkbuf_5_26__f_wr_clk/X (sky130_fd_sc_hd__clkbuf_16)
                                                         clknet_5_26__leaf_wr_clk (net)
                      0.035511    0.000019    0.433774 ^ _1089_/CLK (sky130_fd_sc_hd__dfxtp_2)
     2    0.004615    0.037681    0.308217    0.741991 ^ _1089_/Q (sky130_fd_sc_hd__dfxtp_2)
                                                         u_fifomem.mem[12][3] (net)
                      0.037681    0.000013    0.742004 ^ _0844_/A0 (sky130_fd_sc_hd__mux2_2)
     1    0.002960    0.036723    0.130978    0.872983 ^ _0844_/X (sky130_fd_sc_hd__mux2_2)
                                                         _0399_ (net)
                      0.036723    0.000011    0.872994 ^ _0845_/A (sky130_fd_sc_hd__buf_1)
     1    0.002520    0.041031    0.075453    0.948446 ^ _0845_/X (sky130_fd_sc_hd__buf_1)
                                                         _0029_ (net)
                      0.041031    0.000012    0.948458 ^ _1089_/D (sky130_fd_sc_hd__dfxtp_2)
                                              0.948458   data arrival time

                                  0.000000    0.000000   clock wr_clk (rise edge)
                                  0.000000    0.000000   clock source latency
     1    0.018723    0.000000    0.000000    0.000000 ^ wr_clk (in)
                                                         wr_clk (net)
                      0.001049    0.000525    0.000525 ^ clkbuf_0_wr_clk/A (sky130_fd_sc_hd__clkbuf_16)
    16    0.088820    0.105109    0.162823    0.163347 ^ clkbuf_0_wr_clk/X (sky130_fd_sc_hd__clkbuf_16)
                                                         clknet_0_wr_clk (net)
                      0.105109    0.000094    0.163442 ^ clkbuf_4_13_0_wr_clk/A (sky130_fd_sc_hd__clkbuf_8)
     2    0.017714    0.047814    0.150829    0.314271 ^ clkbuf_4_13_0_wr_clk/X (sky130_fd_sc_hd__clkbuf_8)
                                                         clknet_4_13_0_wr_clk (net)
                      0.047814    0.000122    0.314393 ^ clkbuf_5_26__f_wr_clk/A (sky130_fd_sc_hd__clkbuf_16)
     5    0.012560    0.035511    0.119362    0.433755 ^ clkbuf_5_26__f_wr_clk/X (sky130_fd_sc_hd__clkbuf_16)
                                                         clknet_5_26__leaf_wr_clk (net)
                      0.035511    0.000019    0.433774 ^ _1089_/CLK (sky130_fd_sc_hd__dfxtp_2)
                                  0.100000    0.533774   clock uncertainty
                                  0.000000    0.533774   clock reconvergence pessimism
                                 -0.031616    0.502158   library hold time
                                              0.502158   data required time
---------------------------------------------------------------------------------------------
                                              0.502158   data required time
                                             -0.948458   data arrival time
---------------------------------------------------------------------------------------------
                                              0.446300   slack (MET)


Startpoint: _1105_ (rising edge-triggered flip-flop clocked by wr_clk)
Endpoint: _1105_ (rising edge-triggered flip-flop clocked by wr_clk)
Path Group: wr_clk
Path Type: min

Fanout         Cap        Slew       Delay        Time   Description
---------------------------------------------------------------------------------------------
                                  0.000000    0.000000   clock wr_clk (rise edge)
                                  0.000000    0.000000   clock source latency
     1    0.018723    0.000000    0.000000    0.000000 ^ wr_clk (in)
                                                         wr_clk (net)
                      0.001049    0.000525    0.000525 ^ clkbuf_0_wr_clk/A (sky130_fd_sc_hd__clkbuf_16)
    16    0.088820    0.105109    0.162823    0.163347 ^ clkbuf_0_wr_clk/X (sky130_fd_sc_hd__clkbuf_16)
                                                         clknet_0_wr_clk (net)
                      0.105119    0.001115    0.164462 ^ clkbuf_4_6_0_wr_clk/A (sky130_fd_sc_hd__clkbuf_8)
     2    0.017555    0.047552    0.150635    0.315097 ^ clkbuf_4_6_0_wr_clk/X (sky130_fd_sc_hd__clkbuf_8)
                                                         clknet_4_6_0_wr_clk (net)
                      0.047552    0.000050    0.315146 ^ clkbuf_5_12__f_wr_clk/A (sky130_fd_sc_hd__clkbuf_16)
     5    0.012835    0.035745    0.119535    0.434681 ^ clkbuf_5_12__f_wr_clk/X (sky130_fd_sc_hd__clkbuf_16)
                                                         clknet_5_12__leaf_wr_clk (net)
                      0.035745    0.000017    0.434698 ^ _1105_/CLK (sky130_fd_sc_hd__dfxtp_2)
     2    0.004816    0.039840    0.309059    0.743757 ^ _1105_/Q (sky130_fd_sc_hd__dfxtp_2)
                                                         u_fifomem.mem[14][3] (net)
                      0.039840    0.000010    0.743767 ^ _0880_/A0 (sky130_fd_sc_hd__mux2_2)
     1    0.001929    0.033438    0.125587    0.869354 ^ _0880_/X (sky130_fd_sc_hd__mux2_2)
                                                         _0419_ (net)
                      0.033438    0.000000    0.869355 ^ _0881_/A (sky130_fd_sc_hd__buf_2)
     1    0.002191    0.024971    0.083676    0.953031 ^ _0881_/X (sky130_fd_sc_hd__buf_2)
                                                         _0045_ (net)
                      0.024971    0.000005    0.953036 ^ _1105_/D (sky130_fd_sc_hd__dfxtp_2)
                                              0.953036   data arrival time

                                  0.000000    0.000000   clock wr_clk (rise edge)
                                  0.000000    0.000000   clock source latency
     1    0.018723    0.000000    0.000000    0.000000 ^ wr_clk (in)
                                                         wr_clk (net)
                      0.001049    0.000525    0.000525 ^ clkbuf_0_wr_clk/A (sky130_fd_sc_hd__clkbuf_16)
    16    0.088820    0.105109    0.162823    0.163347 ^ clkbuf_0_wr_clk/X (sky130_fd_sc_hd__clkbuf_16)
                                                         clknet_0_wr_clk (net)
                      0.105119    0.001115    0.164462 ^ clkbuf_4_6_0_wr_clk/A (sky130_fd_sc_hd__clkbuf_8)
     2    0.017555    0.047552    0.150635    0.315097 ^ clkbuf_4_6_0_wr_clk/X (sky130_fd_sc_hd__clkbuf_8)
                                                         clknet_4_6_0_wr_clk (net)
                      0.047552    0.000050    0.315146 ^ clkbuf_5_12__f_wr_clk/A (sky130_fd_sc_hd__clkbuf_16)
     5    0.012835    0.035745    0.119535    0.434681 ^ clkbuf_5_12__f_wr_clk/X (sky130_fd_sc_hd__clkbuf_16)
                                                         clknet_5_12__leaf_wr_clk (net)
                      0.035745    0.000017    0.434698 ^ _1105_/CLK (sky130_fd_sc_hd__dfxtp_2)
                                  0.100000    0.534698   clock uncertainty
                                  0.000000    0.534698   clock reconvergence pessimism
                                 -0.028255    0.506443   library hold time
                                              0.506443   data required time
---------------------------------------------------------------------------------------------
                                              0.506443   data required time
                                             -0.953036   data arrival time
---------------------------------------------------------------------------------------------
                                              0.446593   slack (MET)


Startpoint: _1136_ (rising edge-triggered flip-flop clocked by wr_clk)
Endpoint: _1136_ (rising edge-triggered flip-flop clocked by wr_clk)
Path Group: wr_clk
Path Type: min

Fanout         Cap        Slew       Delay        Time   Description
---------------------------------------------------------------------------------------------
                                  0.000000    0.000000   clock wr_clk (rise edge)
                                  0.000000    0.000000   clock source latency
     1    0.018723    0.000000    0.000000    0.000000 ^ wr_clk (in)
                                                         wr_clk (net)
                      0.001049    0.000525    0.000525 ^ clkbuf_0_wr_clk/A (sky130_fd_sc_hd__clkbuf_16)
    16    0.088820    0.105109    0.162823    0.163347 ^ clkbuf_0_wr_clk/X (sky130_fd_sc_hd__clkbuf_16)
                                                         clknet_0_wr_clk (net)
                      0.105112    0.000804    0.164151 ^ clkbuf_4_1_0_wr_clk/A (sky130_fd_sc_hd__clkbuf_8)
     2    0.016904    0.046551    0.149671    0.313822 ^ clkbuf_4_1_0_wr_clk/X (sky130_fd_sc_hd__clkbuf_8)
                                                         clknet_4_1_0_wr_clk (net)
                      0.046551    0.000049    0.313871 ^ clkbuf_5_2__f_wr_clk/A (sky130_fd_sc_hd__clkbuf_16)
     5    0.013927    0.036676    0.120188    0.434059 ^ clkbuf_5_2__f_wr_clk/X (sky130_fd_sc_hd__clkbuf_16)
                                                         clknet_5_2__leaf_wr_clk (net)
                      0.036676    0.000181    0.434240 ^ _1136_/CLK (sky130_fd_sc_hd__dfxtp_2)
     2    0.004309    0.037548    0.307508    0.741749 ^ _1136_/Q (sky130_fd_sc_hd__dfxtp_2)
                                                         u_fifomem.mem[3][2] (net)
                      0.037548    0.000004    0.741753 ^ _0946_/A0 (sky130_fd_sc_hd__mux2_2)
     1    0.002337    0.035471    0.127220    0.868973 ^ _0946_/X (sky130_fd_sc_hd__mux2_2)
                                                         _0454_ (net)
                      0.035471    0.000007    0.868980 ^ _0947_/A (sky130_fd_sc_hd__buf_2)
     1    0.002064    0.024402    0.083893    0.952873 ^ _0947_/X (sky130_fd_sc_hd__buf_2)
                                                         _0076_ (net)
                      0.024402    0.000004    0.952877 ^ _1136_/D (sky130_fd_sc_hd__dfxtp_2)
                                              0.952877   data arrival time

                                  0.000000    0.000000   clock wr_clk (rise edge)
                                  0.000000    0.000000   clock source latency
     1    0.018723    0.000000    0.000000    0.000000 ^ wr_clk (in)
                                                         wr_clk (net)
                      0.001049    0.000525    0.000525 ^ clkbuf_0_wr_clk/A (sky130_fd_sc_hd__clkbuf_16)
    16    0.088820    0.105109    0.162823    0.163347 ^ clkbuf_0_wr_clk/X (sky130_fd_sc_hd__clkbuf_16)
                                                         clknet_0_wr_clk (net)
                      0.105112    0.000804    0.164151 ^ clkbuf_4_1_0_wr_clk/A (sky130_fd_sc_hd__clkbuf_8)
     2    0.016904    0.046551    0.149671    0.313822 ^ clkbuf_4_1_0_wr_clk/X (sky130_fd_sc_hd__clkbuf_8)
                                                         clknet_4_1_0_wr_clk (net)
                      0.046551    0.000049    0.313871 ^ clkbuf_5_2__f_wr_clk/A (sky130_fd_sc_hd__clkbuf_16)
     5    0.013927    0.036676    0.120188    0.434059 ^ clkbuf_5_2__f_wr_clk/X (sky130_fd_sc_hd__clkbuf_16)
                                                         clknet_5_2__leaf_wr_clk (net)
                      0.036676    0.000181    0.434240 ^ _1136_/CLK (sky130_fd_sc_hd__dfxtp_2)
                                  0.100000    0.534240   clock uncertainty
                                  0.000000    0.534240   clock reconvergence pessimism
                                 -0.028015    0.506225   library hold time
                                              0.506225   data required time
---------------------------------------------------------------------------------------------
                                              0.506225   data required time
                                             -0.952877   data arrival time
---------------------------------------------------------------------------------------------
                                              0.446652   slack (MET)


Startpoint: _1140_ (rising edge-triggered flip-flop clocked by wr_clk)
Endpoint: _1140_ (rising edge-triggered flip-flop clocked by wr_clk)
Path Group: wr_clk
Path Type: min

Fanout         Cap        Slew       Delay        Time   Description
---------------------------------------------------------------------------------------------
                                  0.000000    0.000000   clock wr_clk (rise edge)
                                  0.000000    0.000000   clock source latency
     1    0.018723    0.000000    0.000000    0.000000 ^ wr_clk (in)
                                                         wr_clk (net)
                      0.001049    0.000525    0.000525 ^ clkbuf_0_wr_clk/A (sky130_fd_sc_hd__clkbuf_16)
    16    0.088820    0.105109    0.162823    0.163347 ^ clkbuf_0_wr_clk/X (sky130_fd_sc_hd__clkbuf_16)
                                                         clknet_0_wr_clk (net)
                      0.105111    0.000676    0.164024 ^ clkbuf_4_9_0_wr_clk/A (sky130_fd_sc_hd__clkbuf_8)
     2    0.017637    0.047691    0.150726    0.314749 ^ clkbuf_4_9_0_wr_clk/X (sky130_fd_sc_hd__clkbuf_8)
                                                         clknet_4_9_0_wr_clk (net)
                      0.047691    0.000127    0.314876 ^ clkbuf_5_19__f_wr_clk/A (sky130_fd_sc_hd__clkbuf_16)
     5    0.012035    0.035064    0.118813    0.433690 ^ clkbuf_5_19__f_wr_clk/X (sky130_fd_sc_hd__clkbuf_16)
                                                         clknet_5_19__leaf_wr_clk (net)
                      0.035064    0.000014    0.433704 ^ _1140_/CLK (sky130_fd_sc_hd__dfxtp_2)
     2    0.004608    0.038903    0.308029    0.741733 ^ _1140_/Q (sky130_fd_sc_hd__dfxtp_2)
                                                         u_fifomem.mem[3][6] (net)
                      0.038903    0.000011    0.741744 ^ _0954_/A0 (sky130_fd_sc_hd__mux2_2)
     1    0.002033    0.033959    0.125882    0.867626 ^ _0954_/X (sky130_fd_sc_hd__mux2_2)
                                                         _0458_ (net)
                      0.033959    0.000003    0.867629 ^ _0955_/A (sky130_fd_sc_hd__buf_2)
     1    0.002324    0.024908    0.084433    0.952061 ^ _0955_/X (sky130_fd_sc_hd__buf_2)
                                                         _0080_ (net)
                      0.024908    0.000009    0.952070 ^ _1140_/D (sky130_fd_sc_hd__dfxtp_2)
                                              0.952070   data arrival time

                                  0.000000    0.000000   clock wr_clk (rise edge)
                                  0.000000    0.000000   clock source latency
     1    0.018723    0.000000    0.000000    0.000000 ^ wr_clk (in)
                                                         wr_clk (net)
                      0.001049    0.000525    0.000525 ^ clkbuf_0_wr_clk/A (sky130_fd_sc_hd__clkbuf_16)
    16    0.088820    0.105109    0.162823    0.163347 ^ clkbuf_0_wr_clk/X (sky130_fd_sc_hd__clkbuf_16)
                                                         clknet_0_wr_clk (net)
                      0.105111    0.000676    0.164024 ^ clkbuf_4_9_0_wr_clk/A (sky130_fd_sc_hd__clkbuf_8)
     2    0.017637    0.047691    0.150726    0.314749 ^ clkbuf_4_9_0_wr_clk/X (sky130_fd_sc_hd__clkbuf_8)
                                                         clknet_4_9_0_wr_clk (net)
                      0.047691    0.000127    0.314876 ^ clkbuf_5_19__f_wr_clk/A (sky130_fd_sc_hd__clkbuf_16)
     5    0.012035    0.035064    0.118813    0.433690 ^ clkbuf_5_19__f_wr_clk/X (sky130_fd_sc_hd__clkbuf_16)
                                                         clknet_5_19__leaf_wr_clk (net)
                      0.035064    0.000014    0.433704 ^ _1140_/CLK (sky130_fd_sc_hd__dfxtp_2)
                                  0.100000    0.533704   clock uncertainty
                                  0.000000    0.533704   clock reconvergence pessimism
                                 -0.028331    0.505373   library hold time
                                              0.505373   data required time
---------------------------------------------------------------------------------------------
                                              0.505373   data required time
                                             -0.952070   data arrival time
---------------------------------------------------------------------------------------------
                                              0.446697   slack (MET)


Startpoint: _1154_ (rising edge-triggered flip-flop clocked by wr_clk)
Endpoint: _1154_ (rising edge-triggered flip-flop clocked by wr_clk)
Path Group: wr_clk
Path Type: min

Fanout         Cap        Slew       Delay        Time   Description
---------------------------------------------------------------------------------------------
                                  0.000000    0.000000   clock wr_clk (rise edge)
                                  0.000000    0.000000   clock source latency
     1    0.018723    0.000000    0.000000    0.000000 ^ wr_clk (in)
                                                         wr_clk (net)
                      0.001049    0.000525    0.000525 ^ clkbuf_0_wr_clk/A (sky130_fd_sc_hd__clkbuf_16)
    16    0.088820    0.105109    0.162823    0.163347 ^ clkbuf_0_wr_clk/X (sky130_fd_sc_hd__clkbuf_16)
                                                         clknet_0_wr_clk (net)
                      0.105111    0.000680    0.164027 ^ clkbuf_4_8_0_wr_clk/A (sky130_fd_sc_hd__clkbuf_8)
     2    0.018015    0.048272    0.151299    0.315326 ^ clkbuf_4_8_0_wr_clk/X (sky130_fd_sc_hd__clkbuf_8)
                                                         clknet_4_8_0_wr_clk (net)
                      0.048272    0.000087    0.315412 ^ clkbuf_5_16__f_wr_clk/A (sky130_fd_sc_hd__clkbuf_16)
     5    0.011503    0.034611    0.118515    0.433927 ^ clkbuf_5_16__f_wr_clk/X (sky130_fd_sc_hd__clkbuf_16)
                                                         clknet_5_16__leaf_wr_clk (net)
                      0.034611    0.000004    0.433931 ^ _1154_/CLK (sky130_fd_sc_hd__dfxtp_2)
     2    0.004826    0.039888    0.308675    0.742607 ^ _1154_/Q (sky130_fd_sc_hd__dfxtp_2)
                                                         u_fifomem.mem[5][4] (net)
                      0.039888    0.000008    0.742615 ^ _0985_/A0 (sky130_fd_sc_hd__mux2_2)
     1    0.003111    0.038050    0.132652    0.875267 ^ _0985_/X (sky130_fd_sc_hd__mux2_2)
                                                         _0475_ (net)
                      0.038050    0.000015    0.875282 ^ _0986_/A (sky130_fd_sc_hd__buf_1)
     1    0.002277    0.039807    0.073921    0.949203 ^ _0986_/X (sky130_fd_sc_hd__buf_1)
                                                         _0094_ (net)
                      0.039807    0.000007    0.949210 ^ _1154_/D (sky130_fd_sc_hd__dfxtp_2)
                                              0.949210   data arrival time

                                  0.000000    0.000000   clock wr_clk (rise edge)
                                  0.000000    0.000000   clock source latency
     1    0.018723    0.000000    0.000000    0.000000 ^ wr_clk (in)
                                                         wr_clk (net)
                      0.001049    0.000525    0.000525 ^ clkbuf_0_wr_clk/A (sky130_fd_sc_hd__clkbuf_16)
    16    0.088820    0.105109    0.162823    0.163347 ^ clkbuf_0_wr_clk/X (sky130_fd_sc_hd__clkbuf_16)
                                                         clknet_0_wr_clk (net)
                      0.105111    0.000680    0.164027 ^ clkbuf_4_8_0_wr_clk/A (sky130_fd_sc_hd__clkbuf_8)
     2    0.018015    0.048272    0.151299    0.315326 ^ clkbuf_4_8_0_wr_clk/X (sky130_fd_sc_hd__clkbuf_8)
                                                         clknet_4_8_0_wr_clk (net)
                      0.048272    0.000087    0.315412 ^ clkbuf_5_16__f_wr_clk/A (sky130_fd_sc_hd__clkbuf_16)
     5    0.011503    0.034611    0.118515    0.433927 ^ clkbuf_5_16__f_wr_clk/X (sky130_fd_sc_hd__clkbuf_16)
                                                         clknet_5_16__leaf_wr_clk (net)
                      0.034611    0.000004    0.433931 ^ _1154_/CLK (sky130_fd_sc_hd__dfxtp_2)
                                  0.100000    0.533931   clock uncertainty
                                  0.000000    0.533931   clock reconvergence pessimism
                                 -0.031480    0.502451   library hold time
                                              0.502451   data required time
---------------------------------------------------------------------------------------------
                                              0.502451   data required time
                                             -0.949210   data arrival time
---------------------------------------------------------------------------------------------
                                              0.446759   slack (MET)


Startpoint: _1159_ (rising edge-triggered flip-flop clocked by wr_clk)
Endpoint: _1159_ (rising edge-triggered flip-flop clocked by wr_clk)
Path Group: wr_clk
Path Type: min

Fanout         Cap        Slew       Delay        Time   Description
---------------------------------------------------------------------------------------------
                                  0.000000    0.000000   clock wr_clk (rise edge)
                                  0.000000    0.000000   clock source latency
     1    0.018723    0.000000    0.000000    0.000000 ^ wr_clk (in)
                                                         wr_clk (net)
                      0.001049    0.000525    0.000525 ^ clkbuf_0_wr_clk/A (sky130_fd_sc_hd__clkbuf_16)
    16    0.088820    0.105109    0.162823    0.163347 ^ clkbuf_0_wr_clk/X (sky130_fd_sc_hd__clkbuf_16)
                                                         clknet_0_wr_clk (net)
                      0.105109    0.000078    0.163426 ^ clkbuf_4_12_0_wr_clk/A (sky130_fd_sc_hd__clkbuf_8)
     2    0.017657    0.047717    0.150765    0.314190 ^ clkbuf_4_12_0_wr_clk/X (sky130_fd_sc_hd__clkbuf_8)
                                                         clknet_4_12_0_wr_clk (net)
                      0.047717    0.000091    0.314281 ^ clkbuf_5_24__f_wr_clk/A (sky130_fd_sc_hd__clkbuf_16)
     5    0.012309    0.035298    0.119083    0.433364 ^ clkbuf_5_24__f_wr_clk/X (sky130_fd_sc_hd__clkbuf_16)
                                                         clknet_5_24__leaf_wr_clk (net)
                      0.035298    0.000062    0.433426 ^ _1159_/CLK (sky130_fd_sc_hd__dfxtp_2)
     2    0.004628    0.037735    0.308186    0.741612 ^ _1159_/Q (sky130_fd_sc_hd__dfxtp_2)
                                                         u_fifomem.mem[6][1] (net)
                      0.037735    0.000013    0.741625 ^ _0996_/A0 (sky130_fd_sc_hd__mux2_2)
     1    0.002042    0.034002    0.125525    0.867150 ^ _0996_/X (sky130_fd_sc_hd__mux2_2)
                                                         _0481_ (net)
                      0.034002    0.000003    0.867153 ^ _0997_/A (sky130_fd_sc_hd__buf_2)
     1    0.002378    0.025125    0.084681    0.951834 ^ _0997_/X (sky130_fd_sc_hd__buf_2)
                                                         _0099_ (net)
                      0.025125    0.000008    0.951843 ^ _1159_/D (sky130_fd_sc_hd__dfxtp_2)
                                              0.951843   data arrival time

                                  0.000000    0.000000   clock wr_clk (rise edge)
                                  0.000000    0.000000   clock source latency
     1    0.018723    0.000000    0.000000    0.000000 ^ wr_clk (in)
                                                         wr_clk (net)
                      0.001049    0.000525    0.000525 ^ clkbuf_0_wr_clk/A (sky130_fd_sc_hd__clkbuf_16)
    16    0.088820    0.105109    0.162823    0.163347 ^ clkbuf_0_wr_clk/X (sky130_fd_sc_hd__clkbuf_16)
                                                         clknet_0_wr_clk (net)
                      0.105109    0.000078    0.163426 ^ clkbuf_4_12_0_wr_clk/A (sky130_fd_sc_hd__clkbuf_8)
     2    0.017657    0.047717    0.150765    0.314190 ^ clkbuf_4_12_0_wr_clk/X (sky130_fd_sc_hd__clkbuf_8)
                                                         clknet_4_12_0_wr_clk (net)
                      0.047717    0.000091    0.314281 ^ clkbuf_5_24__f_wr_clk/A (sky130_fd_sc_hd__clkbuf_16)
     5    0.012309    0.035298    0.119083    0.433364 ^ clkbuf_5_24__f_wr_clk/X (sky130_fd_sc_hd__clkbuf_16)
                                                         clknet_5_24__leaf_wr_clk (net)
                      0.035298    0.000062    0.433426 ^ _1159_/CLK (sky130_fd_sc_hd__dfxtp_2)
                                  0.100000    0.533426   clock uncertainty
                                  0.000000    0.533426   clock reconvergence pessimism
                                 -0.028346    0.505081   library hold time
                                              0.505081   data required time
---------------------------------------------------------------------------------------------
                                              0.505081   data required time
                                             -0.951843   data arrival time
---------------------------------------------------------------------------------------------
                                              0.446762   slack (MET)


Startpoint: _1073_ (rising edge-triggered flip-flop clocked by wr_clk)
Endpoint: _1073_ (rising edge-triggered flip-flop clocked by wr_clk)
Path Group: wr_clk
Path Type: min

Fanout         Cap        Slew       Delay        Time   Description
---------------------------------------------------------------------------------------------
                                  0.000000    0.000000   clock wr_clk (rise edge)
                                  0.000000    0.000000   clock source latency
     1    0.018723    0.000000    0.000000    0.000000 ^ wr_clk (in)
                                                         wr_clk (net)
                      0.001049    0.000525    0.000525 ^ clkbuf_0_wr_clk/A (sky130_fd_sc_hd__clkbuf_16)
    16    0.088820    0.105109    0.162823    0.163347 ^ clkbuf_0_wr_clk/X (sky130_fd_sc_hd__clkbuf_16)
                                                         clknet_0_wr_clk (net)
                      0.105109    0.000094    0.163442 ^ clkbuf_4_13_0_wr_clk/A (sky130_fd_sc_hd__clkbuf_8)
     2    0.017714    0.047814    0.150829    0.314271 ^ clkbuf_4_13_0_wr_clk/X (sky130_fd_sc_hd__clkbuf_8)
                                                         clknet_4_13_0_wr_clk (net)
                      0.047814    0.000122    0.314393 ^ clkbuf_5_26__f_wr_clk/A (sky130_fd_sc_hd__clkbuf_16)
     5    0.012560    0.035511    0.119362    0.433755 ^ clkbuf_5_26__f_wr_clk/X (sky130_fd_sc_hd__clkbuf_16)
                                                         clknet_5_26__leaf_wr_clk (net)
                      0.035511    0.000046    0.433801 ^ _1073_/CLK (sky130_fd_sc_hd__dfxtp_2)
     2    0.004744    0.038219    0.308701    0.742502 ^ _1073_/Q (sky130_fd_sc_hd__dfxtp_2)
                                                         u_fifomem.mem[10][3] (net)
                      0.038219    0.000009    0.742511 ^ _0809_/A0 (sky130_fd_sc_hd__mux2_2)
     1    0.002276    0.035166    0.127091    0.869602 ^ _0809_/X (sky130_fd_sc_hd__mux2_2)
                                                         _0380_ (net)
                      0.035166    0.000005    0.869607 ^ _0810_/A (sky130_fd_sc_hd__buf_2)
     1    0.001912    0.023733    0.083131    0.952738 ^ _0810_/X (sky130_fd_sc_hd__buf_2)
                                                         _0013_ (net)
                      0.023733    0.000002    0.952740 ^ _1073_/D (sky130_fd_sc_hd__dfxtp_2)
                                              0.952740   data arrival time

                                  0.000000    0.000000   clock wr_clk (rise edge)
                                  0.000000    0.000000   clock source latency
     1    0.018723    0.000000    0.000000    0.000000 ^ wr_clk (in)
                                                         wr_clk (net)
                      0.001049    0.000525    0.000525 ^ clkbuf_0_wr_clk/A (sky130_fd_sc_hd__clkbuf_16)
    16    0.088820    0.105109    0.162823    0.163347 ^ clkbuf_0_wr_clk/X (sky130_fd_sc_hd__clkbuf_16)
                                                         clknet_0_wr_clk (net)
                      0.105109    0.000094    0.163442 ^ clkbuf_4_13_0_wr_clk/A (sky130_fd_sc_hd__clkbuf_8)
     2    0.017714    0.047814    0.150829    0.314271 ^ clkbuf_4_13_0_wr_clk/X (sky130_fd_sc_hd__clkbuf_8)
                                                         clknet_4_13_0_wr_clk (net)
                      0.047814    0.000122    0.314393 ^ clkbuf_5_26__f_wr_clk/A (sky130_fd_sc_hd__clkbuf_16)
     5    0.012560    0.035511    0.119362    0.433755 ^ clkbuf_5_26__f_wr_clk/X (sky130_fd_sc_hd__clkbuf_16)
                                                         clknet_5_26__leaf_wr_clk (net)
                      0.035511    0.000046    0.433801 ^ _1073_/CLK (sky130_fd_sc_hd__dfxtp_2)
                                  0.100000    0.533801   clock uncertainty
                                  0.000000    0.533801   clock reconvergence pessimism
                                 -0.028029    0.505772   library hold time
                                              0.505772   data required time
---------------------------------------------------------------------------------------------
                                              0.505772   data required time
                                             -0.952740   data arrival time
---------------------------------------------------------------------------------------------
                                              0.446969   slack (MET)


Startpoint: _1139_ (rising edge-triggered flip-flop clocked by wr_clk)
Endpoint: _1139_ (rising edge-triggered flip-flop clocked by wr_clk)
Path Group: wr_clk
Path Type: min

Fanout         Cap        Slew       Delay        Time   Description
---------------------------------------------------------------------------------------------
                                  0.000000    0.000000   clock wr_clk (rise edge)
                                  0.000000    0.000000   clock source latency
     1    0.018723    0.000000    0.000000    0.000000 ^ wr_clk (in)
                                                         wr_clk (net)
                      0.001049    0.000525    0.000525 ^ clkbuf_0_wr_clk/A (sky130_fd_sc_hd__clkbuf_16)
    16    0.088820    0.105109    0.162823    0.163347 ^ clkbuf_0_wr_clk/X (sky130_fd_sc_hd__clkbuf_16)
                                                         clknet_0_wr_clk (net)
                      0.105111    0.000680    0.164027 ^ clkbuf_4_8_0_wr_clk/A (sky130_fd_sc_hd__clkbuf_8)
     2    0.018015    0.048272    0.151299    0.315326 ^ clkbuf_4_8_0_wr_clk/X (sky130_fd_sc_hd__clkbuf_8)
                                                         clknet_4_8_0_wr_clk (net)
                      0.048272    0.000133    0.315459 ^ clkbuf_5_17__f_wr_clk/A (sky130_fd_sc_hd__clkbuf_16)
     5    0.012586    0.035533    0.119550    0.435008 ^ clkbuf_5_17__f_wr_clk/X (sky130_fd_sc_hd__clkbuf_16)
                                                         clknet_5_17__leaf_wr_clk (net)
                      0.035533    0.000046    0.435055 ^ _1139_/CLK (sky130_fd_sc_hd__dfxtp_2)
     2    0.004739    0.039495    0.308694    0.743749 ^ _1139_/Q (sky130_fd_sc_hd__dfxtp_2)
                                                         u_fifomem.mem[3][5] (net)
                      0.039495    0.000008    0.743757 ^ _0952_/A0 (sky130_fd_sc_hd__mux2_2)
     1    0.002148    0.034532    0.126776    0.870533 ^ _0952_/X (sky130_fd_sc_hd__mux2_2)
                                                         _0457_ (net)
                      0.034532    0.000004    0.870536 ^ _0953_/A (sky130_fd_sc_hd__buf_2)
     1    0.002067    0.024420    0.083556    0.954092 ^ _0953_/X (sky130_fd_sc_hd__buf_2)
                                                         _0079_ (net)
                      0.024420    0.000004    0.954096 ^ _1139_/D (sky130_fd_sc_hd__dfxtp_2)
                                              0.954096   data arrival time

                                  0.000000    0.000000   clock wr_clk (rise edge)
                                  0.000000    0.000000   clock source latency
     1    0.018723    0.000000    0.000000    0.000000 ^ wr_clk (in)
                                                         wr_clk (net)
                      0.001049    0.000525    0.000525 ^ clkbuf_0_wr_clk/A (sky130_fd_sc_hd__clkbuf_16)
    16    0.088820    0.105109    0.162823    0.163347 ^ clkbuf_0_wr_clk/X (sky130_fd_sc_hd__clkbuf_16)
                                                         clknet_0_wr_clk (net)
                      0.105111    0.000680    0.164027 ^ clkbuf_4_8_0_wr_clk/A (sky130_fd_sc_hd__clkbuf_8)
     2    0.018015    0.048272    0.151299    0.315326 ^ clkbuf_4_8_0_wr_clk/X (sky130_fd_sc_hd__clkbuf_8)
                                                         clknet_4_8_0_wr_clk (net)
                      0.048272    0.000133    0.315459 ^ clkbuf_5_17__f_wr_clk/A (sky130_fd_sc_hd__clkbuf_16)
     5    0.012586    0.035533    0.119550    0.435008 ^ clkbuf_5_17__f_wr_clk/X (sky130_fd_sc_hd__clkbuf_16)
                                                         clknet_5_17__leaf_wr_clk (net)
                      0.035533    0.000046    0.435055 ^ _1139_/CLK (sky130_fd_sc_hd__dfxtp_2)
                                  0.100000    0.535055   clock uncertainty
                                  0.000000    0.535055   clock reconvergence pessimism
                                 -0.028168    0.506886   library hold time
                                              0.506886   data required time
---------------------------------------------------------------------------------------------
                                              0.506886   data required time
                                             -0.954096   data arrival time
---------------------------------------------------------------------------------------------
                                              0.447210   slack (MET)


Startpoint: _1165_ (rising edge-triggered flip-flop clocked by wr_clk)
Endpoint: _1165_ (rising edge-triggered flip-flop clocked by wr_clk)
Path Group: wr_clk
Path Type: min

Fanout         Cap        Slew       Delay        Time   Description
---------------------------------------------------------------------------------------------
                                  0.000000    0.000000   clock wr_clk (rise edge)
                                  0.000000    0.000000   clock source latency
     1    0.018723    0.000000    0.000000    0.000000 ^ wr_clk (in)
                                                         wr_clk (net)
                      0.001049    0.000525    0.000525 ^ clkbuf_0_wr_clk/A (sky130_fd_sc_hd__clkbuf_16)
    16    0.088820    0.105109    0.162823    0.163347 ^ clkbuf_0_wr_clk/X (sky130_fd_sc_hd__clkbuf_16)
                                                         clknet_0_wr_clk (net)
                      0.105111    0.000676    0.164024 ^ clkbuf_4_9_0_wr_clk/A (sky130_fd_sc_hd__clkbuf_8)
     2    0.017637    0.047691    0.150726    0.314749 ^ clkbuf_4_9_0_wr_clk/X (sky130_fd_sc_hd__clkbuf_8)
                                                         clknet_4_9_0_wr_clk (net)
                      0.047691    0.000111    0.314860 ^ clkbuf_5_18__f_wr_clk/A (sky130_fd_sc_hd__clkbuf_16)
     5    0.012560    0.035512    0.119314    0.434174 ^ clkbuf_5_18__f_wr_clk/X (sky130_fd_sc_hd__clkbuf_16)
                                                         clknet_5_18__leaf_wr_clk (net)
                      0.035512    0.000073    0.434247 ^ _1165_/CLK (sky130_fd_sc_hd__dfxtp_2)
     2    0.004364    0.037800    0.307282    0.741529 ^ _1165_/Q (sky130_fd_sc_hd__dfxtp_2)
                                                         u_fifomem.mem[6][7] (net)
                      0.037800    0.000005    0.741534 ^ _1008_/A0 (sky130_fd_sc_hd__mux2_2)
     1    0.002412    0.034980    0.127754    0.869289 ^ _1008_/X (sky130_fd_sc_hd__mux2_2)
                                                         _0487_ (net)
                      0.034980    0.000009    0.869297 ^ _1009_/A (sky130_fd_sc_hd__buf_2)
     1    0.002141    0.024175    0.084035    0.953333 ^ _1009_/X (sky130_fd_sc_hd__buf_2)
                                                         _0105_ (net)
                      0.024175    0.000006    0.953338 ^ _1165_/D (sky130_fd_sc_hd__dfxtp_2)
                                              0.953338   data arrival time

                                  0.000000    0.000000   clock wr_clk (rise edge)
                                  0.000000    0.000000   clock source latency
     1    0.018723    0.000000    0.000000    0.000000 ^ wr_clk (in)
                                                         wr_clk (net)
                      0.001049    0.000525    0.000525 ^ clkbuf_0_wr_clk/A (sky130_fd_sc_hd__clkbuf_16)
    16    0.088820    0.105109    0.162823    0.163347 ^ clkbuf_0_wr_clk/X (sky130_fd_sc_hd__clkbuf_16)
                                                         clknet_0_wr_clk (net)
                      0.105111    0.000676    0.164024 ^ clkbuf_4_9_0_wr_clk/A (sky130_fd_sc_hd__clkbuf_8)
     2    0.017637    0.047691    0.150726    0.314749 ^ clkbuf_4_9_0_wr_clk/X (sky130_fd_sc_hd__clkbuf_8)
                                                         clknet_4_9_0_wr_clk (net)
                      0.047691    0.000111    0.314860 ^ clkbuf_5_18__f_wr_clk/A (sky130_fd_sc_hd__clkbuf_16)
     5    0.012560    0.035512    0.119314    0.434174 ^ clkbuf_5_18__f_wr_clk/X (sky130_fd_sc_hd__clkbuf_16)
                                                         clknet_5_18__leaf_wr_clk (net)
                      0.035512    0.000073    0.434247 ^ _1165_/CLK (sky130_fd_sc_hd__dfxtp_2)
                                  0.100000    0.534247   clock uncertainty
                                  0.000000    0.534247   clock reconvergence pessimism
                                 -0.028121    0.506126   library hold time
                                              0.506126   data required time
---------------------------------------------------------------------------------------------
                                              0.506126   data required time
                                             -0.953338   data arrival time
---------------------------------------------------------------------------------------------
                                              0.447212   slack (MET)


Startpoint: _1164_ (rising edge-triggered flip-flop clocked by wr_clk)
Endpoint: _1164_ (rising edge-triggered flip-flop clocked by wr_clk)
Path Group: wr_clk
Path Type: min

Fanout         Cap        Slew       Delay        Time   Description
---------------------------------------------------------------------------------------------
                                  0.000000    0.000000   clock wr_clk (rise edge)
                                  0.000000    0.000000   clock source latency
     1    0.018723    0.000000    0.000000    0.000000 ^ wr_clk (in)
                                                         wr_clk (net)
                      0.001049    0.000525    0.000525 ^ clkbuf_0_wr_clk/A (sky130_fd_sc_hd__clkbuf_16)
    16    0.088820    0.105109    0.162823    0.163347 ^ clkbuf_0_wr_clk/X (sky130_fd_sc_hd__clkbuf_16)
                                                         clknet_0_wr_clk (net)
                      0.105109    0.000078    0.163426 ^ clkbuf_4_12_0_wr_clk/A (sky130_fd_sc_hd__clkbuf_8)
     2    0.017657    0.047717    0.150765    0.314190 ^ clkbuf_4_12_0_wr_clk/X (sky130_fd_sc_hd__clkbuf_8)
                                                         clknet_4_12_0_wr_clk (net)
                      0.047717    0.000109    0.314299 ^ clkbuf_5_25__f_wr_clk/A (sky130_fd_sc_hd__clkbuf_16)
     6    0.016992    0.039285    0.123585    0.437884 ^ clkbuf_5_25__f_wr_clk/X (sky130_fd_sc_hd__clkbuf_16)
                                                         clknet_5_25__leaf_wr_clk (net)
                      0.039285    0.000056    0.437940 ^ _1164_/CLK (sky130_fd_sc_hd__dfxtp_2)
     2    0.004328    0.037623    0.308545    0.746485 ^ _1164_/Q (sky130_fd_sc_hd__dfxtp_2)
                                                         u_fifomem.mem[6][6] (net)
                      0.037623    0.000011    0.746496 ^ _1006_/A0 (sky130_fd_sc_hd__mux2_2)
     1    0.002412    0.034980    0.127692    0.874188 ^ _1006_/X (sky130_fd_sc_hd__mux2_2)
                                                         _0486_ (net)
                      0.034980    0.000009    0.874197 ^ _1007_/A (sky130_fd_sc_hd__buf_2)
     1    0.001985    0.024053    0.083371    0.957568 ^ _1007_/X (sky130_fd_sc_hd__buf_2)
                                                         _0104_ (net)
                      0.024053    0.000003    0.957571 ^ _1164_/D (sky130_fd_sc_hd__dfxtp_2)
                                              0.957571   data arrival time

                                  0.000000    0.000000   clock wr_clk (rise edge)
                                  0.000000    0.000000   clock source latency
     1    0.018723    0.000000    0.000000    0.000000 ^ wr_clk (in)
                                                         wr_clk (net)
                      0.001049    0.000525    0.000525 ^ clkbuf_0_wr_clk/A (sky130_fd_sc_hd__clkbuf_16)
    16    0.088820    0.105109    0.162823    0.163347 ^ clkbuf_0_wr_clk/X (sky130_fd_sc_hd__clkbuf_16)
                                                         clknet_0_wr_clk (net)
                      0.105109    0.000078    0.163426 ^ clkbuf_4_12_0_wr_clk/A (sky130_fd_sc_hd__clkbuf_8)
     2    0.017657    0.047717    0.150765    0.314190 ^ clkbuf_4_12_0_wr_clk/X (sky130_fd_sc_hd__clkbuf_8)
                                                         clknet_4_12_0_wr_clk (net)
                      0.047717    0.000109    0.314299 ^ clkbuf_5_25__f_wr_clk/A (sky130_fd_sc_hd__clkbuf_16)
     6    0.016992    0.039285    0.123585    0.437884 ^ clkbuf_5_25__f_wr_clk/X (sky130_fd_sc_hd__clkbuf_16)
                                                         clknet_5_25__leaf_wr_clk (net)
                      0.039285    0.000056    0.437940 ^ _1164_/CLK (sky130_fd_sc_hd__dfxtp_2)
                                  0.100000    0.537940   clock uncertainty
                                  0.000000    0.537940   clock reconvergence pessimism
                                 -0.027601    0.510339   library hold time
                                              0.510339   data required time
---------------------------------------------------------------------------------------------
                                              0.510339   data required time
                                             -0.957571   data arrival time
---------------------------------------------------------------------------------------------
                                              0.447232   slack (MET)


Startpoint: _1109_ (rising edge-triggered flip-flop clocked by wr_clk)
Endpoint: _1109_ (rising edge-triggered flip-flop clocked by wr_clk)
Path Group: wr_clk
Path Type: min

Fanout         Cap        Slew       Delay        Time   Description
---------------------------------------------------------------------------------------------
                                  0.000000    0.000000   clock wr_clk (rise edge)
                                  0.000000    0.000000   clock source latency
     1    0.018723    0.000000    0.000000    0.000000 ^ wr_clk (in)
                                                         wr_clk (net)
                      0.001049    0.000525    0.000525 ^ clkbuf_0_wr_clk/A (sky130_fd_sc_hd__clkbuf_16)
    16    0.088820    0.105109    0.162823    0.163347 ^ clkbuf_0_wr_clk/X (sky130_fd_sc_hd__clkbuf_16)
                                                         clknet_0_wr_clk (net)
                      0.105111    0.000742    0.164089 ^ clkbuf_4_2_0_wr_clk/A (sky130_fd_sc_hd__clkbuf_8)
     2    0.017392    0.047296    0.150404    0.314493 ^ clkbuf_4_2_0_wr_clk/X (sky130_fd_sc_hd__clkbuf_8)
                                                         clknet_4_2_0_wr_clk (net)
                      0.047296    0.000011    0.314505 ^ clkbuf_5_5__f_wr_clk/A (sky130_fd_sc_hd__clkbuf_16)
     5    0.013222    0.036075    0.119799    0.434304 ^ clkbuf_5_5__f_wr_clk/X (sky130_fd_sc_hd__clkbuf_16)
                                                         clknet_5_5__leaf_wr_clk (net)
                      0.036075    0.000080    0.434383 ^ _1109_/CLK (sky130_fd_sc_hd__dfxtp_2)
     2    0.004666    0.037890    0.308615    0.742998 ^ _1109_/Q (sky130_fd_sc_hd__dfxtp_2)
                                                         u_fifomem.mem[14][7] (net)
                      0.037890    0.000017    0.743015 ^ _0888_/A0 (sky130_fd_sc_hd__mux2_2)
     1    0.002337    0.035463    0.127340    0.870355 ^ _0888_/X (sky130_fd_sc_hd__mux2_2)
                                                         _0423_ (net)
                      0.035463    0.000007    0.870362 ^ _0889_/A (sky130_fd_sc_hd__buf_2)
     1    0.001940    0.023856    0.083362    0.953725 ^ _0889_/X (sky130_fd_sc_hd__buf_2)
                                                         _0049_ (net)
                      0.023856    0.000003    0.953728 ^ _1109_/D (sky130_fd_sc_hd__dfxtp_2)
                                              0.953728   data arrival time

                                  0.000000    0.000000   clock wr_clk (rise edge)
                                  0.000000    0.000000   clock source latency
     1    0.018723    0.000000    0.000000    0.000000 ^ wr_clk (in)
                                                         wr_clk (net)
                      0.001049    0.000525    0.000525 ^ clkbuf_0_wr_clk/A (sky130_fd_sc_hd__clkbuf_16)
    16    0.088820    0.105109    0.162823    0.163347 ^ clkbuf_0_wr_clk/X (sky130_fd_sc_hd__clkbuf_16)
                                                         clknet_0_wr_clk (net)
                      0.105111    0.000742    0.164089 ^ clkbuf_4_2_0_wr_clk/A (sky130_fd_sc_hd__clkbuf_8)
     2    0.017392    0.047296    0.150404    0.314493 ^ clkbuf_4_2_0_wr_clk/X (sky130_fd_sc_hd__clkbuf_8)
                                                         clknet_4_2_0_wr_clk (net)
                      0.047296    0.000011    0.314505 ^ clkbuf_5_5__f_wr_clk/A (sky130_fd_sc_hd__clkbuf_16)
     5    0.013222    0.036075    0.119799    0.434304 ^ clkbuf_5_5__f_wr_clk/X (sky130_fd_sc_hd__clkbuf_16)
                                                         clknet_5_5__leaf_wr_clk (net)
                      0.036075    0.000080    0.434383 ^ _1109_/CLK (sky130_fd_sc_hd__dfxtp_2)
                                  0.100000    0.534383   clock uncertainty
                                  0.000000    0.534383   clock reconvergence pessimism
                                 -0.027981    0.506403   library hold time
                                              0.506403   data required time
---------------------------------------------------------------------------------------------
                                              0.506403   data required time
                                             -0.953728   data arrival time
---------------------------------------------------------------------------------------------
                                              0.447325   slack (MET)


Startpoint: _1138_ (rising edge-triggered flip-flop clocked by wr_clk)
Endpoint: _1138_ (rising edge-triggered flip-flop clocked by wr_clk)
Path Group: wr_clk
Path Type: min

Fanout         Cap        Slew       Delay        Time   Description
---------------------------------------------------------------------------------------------
                                  0.000000    0.000000   clock wr_clk (rise edge)
                                  0.000000    0.000000   clock source latency
     1    0.018723    0.000000    0.000000    0.000000 ^ wr_clk (in)
                                                         wr_clk (net)
                      0.001049    0.000525    0.000525 ^ clkbuf_0_wr_clk/A (sky130_fd_sc_hd__clkbuf_16)
    16    0.088820    0.105109    0.162823    0.163347 ^ clkbuf_0_wr_clk/X (sky130_fd_sc_hd__clkbuf_16)
                                                         clknet_0_wr_clk (net)
                      0.105112    0.000808    0.164156 ^ clkbuf_4_0_0_wr_clk/A (sky130_fd_sc_hd__clkbuf_8)
     2    0.017377    0.047298    0.150321    0.314476 ^ clkbuf_4_0_0_wr_clk/X (sky130_fd_sc_hd__clkbuf_8)
                                                         clknet_4_0_0_wr_clk (net)
                      0.047298    0.000157    0.314633 ^ clkbuf_5_1__f_wr_clk/A (sky130_fd_sc_hd__clkbuf_16)
     5    0.012784    0.035706    0.119357    0.433990 ^ clkbuf_5_1__f_wr_clk/X (sky130_fd_sc_hd__clkbuf_16)
                                                         clknet_5_1__leaf_wr_clk (net)
                      0.035706    0.000161    0.434151 ^ _1138_/CLK (sky130_fd_sc_hd__dfxtp_2)
     2    0.004307    0.037539    0.307139    0.741289 ^ _1138_/Q (sky130_fd_sc_hd__dfxtp_2)
                                                         u_fifomem.mem[3][4] (net)
                      0.037539    0.000010    0.741300 ^ _0950_/A0 (sky130_fd_sc_hd__mux2_2)
     1    0.002442    0.035106    0.127842    0.869142 ^ _0950_/X (sky130_fd_sc_hd__mux2_2)
                                                         _0456_ (net)
                      0.035106    0.000009    0.869151 ^ _0951_/A (sky130_fd_sc_hd__buf_2)
     1    0.002152    0.024792    0.084132    0.953283 ^ _0951_/X (sky130_fd_sc_hd__buf_2)
                                                         _0078_ (net)
                      0.024792    0.000005    0.953287 ^ _1138_/D (sky130_fd_sc_hd__dfxtp_2)
                                              0.953287   data arrival time

                                  0.000000    0.000000   clock wr_clk (rise edge)
                                  0.000000    0.000000   clock source latency
     1    0.018723    0.000000    0.000000    0.000000 ^ wr_clk (in)
                                                         wr_clk (net)
                      0.001049    0.000525    0.000525 ^ clkbuf_0_wr_clk/A (sky130_fd_sc_hd__clkbuf_16)
    16    0.088820    0.105109    0.162823    0.163347 ^ clkbuf_0_wr_clk/X (sky130_fd_sc_hd__clkbuf_16)
                                                         clknet_0_wr_clk (net)
                      0.105112    0.000808    0.164156 ^ clkbuf_4_0_0_wr_clk/A (sky130_fd_sc_hd__clkbuf_8)
     2    0.017377    0.047298    0.150321    0.314476 ^ clkbuf_4_0_0_wr_clk/X (sky130_fd_sc_hd__clkbuf_8)
                                                         clknet_4_0_0_wr_clk (net)
                      0.047298    0.000157    0.314633 ^ clkbuf_5_1__f_wr_clk/A (sky130_fd_sc_hd__clkbuf_16)
     5    0.012784    0.035706    0.119357    0.433990 ^ clkbuf_5_1__f_wr_clk/X (sky130_fd_sc_hd__clkbuf_16)
                                                         clknet_5_1__leaf_wr_clk (net)
                      0.035706    0.000161    0.434151 ^ _1138_/CLK (sky130_fd_sc_hd__dfxtp_2)
                                  0.100000    0.534151   clock uncertainty
                                  0.000000    0.534151   clock reconvergence pessimism
                                 -0.028223    0.505927   library hold time
                                              0.505927   data required time
---------------------------------------------------------------------------------------------
                                              0.505927   data required time
                                             -0.953287   data arrival time
---------------------------------------------------------------------------------------------
                                              0.447360   slack (MET)


Startpoint: _1120_ (rising edge-triggered flip-flop clocked by wr_clk)
Endpoint: _1120_ (rising edge-triggered flip-flop clocked by wr_clk)
Path Group: wr_clk
Path Type: min

Fanout         Cap        Slew       Delay        Time   Description
---------------------------------------------------------------------------------------------
                                  0.000000    0.000000   clock wr_clk (rise edge)
                                  0.000000    0.000000   clock source latency
     1    0.018723    0.000000    0.000000    0.000000 ^ wr_clk (in)
                                                         wr_clk (net)
                      0.001049    0.000525    0.000525 ^ clkbuf_0_wr_clk/A (sky130_fd_sc_hd__clkbuf_16)
    16    0.088820    0.105109    0.162823    0.163347 ^ clkbuf_0_wr_clk/X (sky130_fd_sc_hd__clkbuf_16)
                                                         clknet_0_wr_clk (net)
                      0.105112    0.000808    0.164156 ^ clkbuf_4_0_0_wr_clk/A (sky130_fd_sc_hd__clkbuf_8)
     2    0.017377    0.047298    0.150321    0.314476 ^ clkbuf_4_0_0_wr_clk/X (sky130_fd_sc_hd__clkbuf_8)
                                                         clknet_4_0_0_wr_clk (net)
                      0.047298    0.000148    0.314624 ^ clkbuf_5_0__f_wr_clk/A (sky130_fd_sc_hd__clkbuf_16)
     5    0.015095    0.037667    0.121585    0.436209 ^ clkbuf_5_0__f_wr_clk/X (sky130_fd_sc_hd__clkbuf_16)
                                                         clknet_5_0__leaf_wr_clk (net)
                      0.037667    0.000154    0.436363 ^ _1120_/CLK (sky130_fd_sc_hd__dfxtp_2)
     2    0.004793    0.038416    0.309680    0.746043 ^ _1120_/Q (sky130_fd_sc_hd__dfxtp_2)
                                                         u_fifomem.mem[1][2] (net)
                      0.038416    0.000020    0.746063 ^ _0912_/A0 (sky130_fd_sc_hd__mux2_2)
     1    0.002268    0.034505    0.127111    0.873174 ^ _0912_/X (sky130_fd_sc_hd__mux2_2)
                                                         _0436_ (net)
                      0.034505    0.000006    0.873180 ^ _0913_/A (sky130_fd_sc_hd__buf_2)
     1    0.001897    0.023668    0.082820    0.956000 ^ _0913_/X (sky130_fd_sc_hd__buf_2)
                                                         _0060_ (net)
                      0.023668    0.000003    0.956002 ^ _1120_/D (sky130_fd_sc_hd__dfxtp_2)
                                              0.956002   data arrival time

                                  0.000000    0.000000   clock wr_clk (rise edge)
                                  0.000000    0.000000   clock source latency
     1    0.018723    0.000000    0.000000    0.000000 ^ wr_clk (in)
                                                         wr_clk (net)
                      0.001049    0.000525    0.000525 ^ clkbuf_0_wr_clk/A (sky130_fd_sc_hd__clkbuf_16)
    16    0.088820    0.105109    0.162823    0.163347 ^ clkbuf_0_wr_clk/X (sky130_fd_sc_hd__clkbuf_16)
                                                         clknet_0_wr_clk (net)
                      0.105112    0.000808    0.164156 ^ clkbuf_4_0_0_wr_clk/A (sky130_fd_sc_hd__clkbuf_8)
     2    0.017377    0.047298    0.150321    0.314476 ^ clkbuf_4_0_0_wr_clk/X (sky130_fd_sc_hd__clkbuf_8)
                                                         clknet_4_0_0_wr_clk (net)
                      0.047298    0.000148    0.314624 ^ clkbuf_5_0__f_wr_clk/A (sky130_fd_sc_hd__clkbuf_16)
     5    0.015095    0.037667    0.121585    0.436209 ^ clkbuf_5_0__f_wr_clk/X (sky130_fd_sc_hd__clkbuf_16)
                                                         clknet_5_0__leaf_wr_clk (net)
                      0.037667    0.000154    0.436363 ^ _1120_/CLK (sky130_fd_sc_hd__dfxtp_2)
                                  0.100000    0.536363   clock uncertainty
                                  0.000000    0.536363   clock reconvergence pessimism
                                 -0.027733    0.508630   library hold time
                                              0.508630   data required time
---------------------------------------------------------------------------------------------
                                              0.508630   data required time
                                             -0.956002   data arrival time
---------------------------------------------------------------------------------------------
                                              0.447372   slack (MET)


Startpoint: _1144_ (rising edge-triggered flip-flop clocked by wr_clk)
Endpoint: _1144_ (rising edge-triggered flip-flop clocked by wr_clk)
Path Group: wr_clk
Path Type: min

Fanout         Cap        Slew       Delay        Time   Description
---------------------------------------------------------------------------------------------
                                  0.000000    0.000000   clock wr_clk (rise edge)
                                  0.000000    0.000000   clock source latency
     1    0.018723    0.000000    0.000000    0.000000 ^ wr_clk (in)
                                                         wr_clk (net)
                      0.001049    0.000525    0.000525 ^ clkbuf_0_wr_clk/A (sky130_fd_sc_hd__clkbuf_16)
    16    0.088820    0.105109    0.162823    0.163347 ^ clkbuf_0_wr_clk/X (sky130_fd_sc_hd__clkbuf_16)
                                                         clknet_0_wr_clk (net)
                      0.105112    0.000808    0.164156 ^ clkbuf_4_0_0_wr_clk/A (sky130_fd_sc_hd__clkbuf_8)
     2    0.017377    0.047298    0.150321    0.314476 ^ clkbuf_4_0_0_wr_clk/X (sky130_fd_sc_hd__clkbuf_8)
                                                         clknet_4_0_0_wr_clk (net)
                      0.047298    0.000148    0.314624 ^ clkbuf_5_0__f_wr_clk/A (sky130_fd_sc_hd__clkbuf_16)
     5    0.015095    0.037667    0.121585    0.436209 ^ clkbuf_5_0__f_wr_clk/X (sky130_fd_sc_hd__clkbuf_16)
                                                         clknet_5_0__leaf_wr_clk (net)
                      0.037667    0.000111    0.436320 ^ _1144_/CLK (sky130_fd_sc_hd__dfxtp_2)
     2    0.004912    0.038912    0.310127    0.746447 ^ _1144_/Q (sky130_fd_sc_hd__dfxtp_2)
                                                         u_fifomem.mem[4][2] (net)
                      0.038912    0.000008    0.746455 ^ _0964_/A0 (sky130_fd_sc_hd__mux2_2)
     1    0.003041    0.037074    0.131894    0.878349 ^ _0964_/X (sky130_fd_sc_hd__mux2_2)
                                                         _0464_ (net)
                      0.037074    0.000010    0.878360 ^ _0965_/A (sky130_fd_sc_hd__buf_1)
     1    0.002361    0.040755    0.074279    0.952639 ^ _0965_/X (sky130_fd_sc_hd__buf_1)
                                                         _0084_ (net)
                      0.040755    0.000008    0.952647 ^ _1144_/D (sky130_fd_sc_hd__dfxtp_2)
                                              0.952647   data arrival time

                                  0.000000    0.000000   clock wr_clk (rise edge)
                                  0.000000    0.000000   clock source latency
     1    0.018723    0.000000    0.000000    0.000000 ^ wr_clk (in)
                                                         wr_clk (net)
                      0.001049    0.000525    0.000525 ^ clkbuf_0_wr_clk/A (sky130_fd_sc_hd__clkbuf_16)
    16    0.088820    0.105109    0.162823    0.163347 ^ clkbuf_0_wr_clk/X (sky130_fd_sc_hd__clkbuf_16)
                                                         clknet_0_wr_clk (net)
                      0.105112    0.000808    0.164156 ^ clkbuf_4_0_0_wr_clk/A (sky130_fd_sc_hd__clkbuf_8)
     2    0.017377    0.047298    0.150321    0.314476 ^ clkbuf_4_0_0_wr_clk/X (sky130_fd_sc_hd__clkbuf_8)
                                                         clknet_4_0_0_wr_clk (net)
                      0.047298    0.000148    0.314624 ^ clkbuf_5_0__f_wr_clk/A (sky130_fd_sc_hd__clkbuf_16)
     5    0.015095    0.037667    0.121585    0.436209 ^ clkbuf_5_0__f_wr_clk/X (sky130_fd_sc_hd__clkbuf_16)
                                                         clknet_5_0__leaf_wr_clk (net)
                      0.037667    0.000111    0.436320 ^ _1144_/CLK (sky130_fd_sc_hd__dfxtp_2)
                                  0.100000    0.536320   clock uncertainty
                                  0.000000    0.536320   clock reconvergence pessimism
                                 -0.031275    0.505045   library hold time
                                              0.505045   data required time
---------------------------------------------------------------------------------------------
                                              0.505045   data required time
                                             -0.952647   data arrival time
---------------------------------------------------------------------------------------------
                                              0.447602   slack (MET)


Startpoint: _1183_ (rising edge-triggered flip-flop clocked by wr_clk)
Endpoint: _1183_ (rising edge-triggered flip-flop clocked by wr_clk)
Path Group: wr_clk
Path Type: min

Fanout         Cap        Slew       Delay        Time   Description
---------------------------------------------------------------------------------------------
                                  0.000000    0.000000   clock wr_clk (rise edge)
                                  0.000000    0.000000   clock source latency
     1    0.018723    0.000000    0.000000    0.000000 ^ wr_clk (in)
                                                         wr_clk (net)
                      0.001049    0.000525    0.000525 ^ clkbuf_0_wr_clk/A (sky130_fd_sc_hd__clkbuf_16)
    16    0.088820    0.105109    0.162823    0.163347 ^ clkbuf_0_wr_clk/X (sky130_fd_sc_hd__clkbuf_16)
                                                         clknet_0_wr_clk (net)
                      0.105119    0.001133    0.164480 ^ clkbuf_4_7_0_wr_clk/A (sky130_fd_sc_hd__clkbuf_8)
     2    0.017239    0.047063    0.150173    0.314653 ^ clkbuf_4_7_0_wr_clk/X (sky130_fd_sc_hd__clkbuf_8)
                                                         clknet_4_7_0_wr_clk (net)
                      0.047063    0.000010    0.314663 ^ clkbuf_5_14__f_wr_clk/A (sky130_fd_sc_hd__clkbuf_16)
     5    0.012458    0.035424    0.118993    0.433656 ^ clkbuf_5_14__f_wr_clk/X (sky130_fd_sc_hd__clkbuf_16)
                                                         clknet_5_14__leaf_wr_clk (net)
                      0.035424    0.000023    0.433679 ^ _1183_/CLK (sky130_fd_sc_hd__dfxtp_2)
     2    0.004263    0.037340    0.306869    0.740548 ^ _1183_/Q (sky130_fd_sc_hd__dfxtp_2)
                                                         u_fifomem.mem[9][1] (net)
                      0.037340    0.000003    0.740552 ^ _1048_/A0 (sky130_fd_sc_hd__mux2_2)
     1    0.003142    0.038193    0.131944    0.872496 ^ _1048_/X (sky130_fd_sc_hd__mux2_2)
                                                         _0509_ (net)
                      0.038193    0.000016    0.872512 ^ _1049_/A (sky130_fd_sc_hd__buf_1)
     1    0.002641    0.042336    0.076956    0.949468 ^ _1049_/X (sky130_fd_sc_hd__buf_1)
                                                         _0123_ (net)
                      0.042336    0.000012    0.949480 ^ _1183_/D (sky130_fd_sc_hd__dfxtp_2)
                                              0.949480   data arrival time

                                  0.000000    0.000000   clock wr_clk (rise edge)
                                  0.000000    0.000000   clock source latency
     1    0.018723    0.000000    0.000000    0.000000 ^ wr_clk (in)
                                                         wr_clk (net)
                      0.001049    0.000525    0.000525 ^ clkbuf_0_wr_clk/A (sky130_fd_sc_hd__clkbuf_16)
    16    0.088820    0.105109    0.162823    0.163347 ^ clkbuf_0_wr_clk/X (sky130_fd_sc_hd__clkbuf_16)
                                                         clknet_0_wr_clk (net)
                      0.105119    0.001133    0.164480 ^ clkbuf_4_7_0_wr_clk/A (sky130_fd_sc_hd__clkbuf_8)
     2    0.017239    0.047063    0.150173    0.314653 ^ clkbuf_4_7_0_wr_clk/X (sky130_fd_sc_hd__clkbuf_8)
                                                         clknet_4_7_0_wr_clk (net)
                      0.047063    0.000010    0.314663 ^ clkbuf_5_14__f_wr_clk/A (sky130_fd_sc_hd__clkbuf_16)
     5    0.012458    0.035424    0.118993    0.433656 ^ clkbuf_5_14__f_wr_clk/X (sky130_fd_sc_hd__clkbuf_16)
                                                         clknet_5_14__leaf_wr_clk (net)
                      0.035424    0.000023    0.433679 ^ _1183_/CLK (sky130_fd_sc_hd__dfxtp_2)
                                  0.100000    0.533679   clock uncertainty
                                  0.000000    0.533679   clock reconvergence pessimism
                                 -0.031898    0.501781   library hold time
                                              0.501781   data required time
---------------------------------------------------------------------------------------------
                                              0.501781   data required time
                                             -0.949480   data arrival time
---------------------------------------------------------------------------------------------
                                              0.447699   slack (MET)


Startpoint: _1103_ (rising edge-triggered flip-flop clocked by wr_clk)
Endpoint: _1103_ (rising edge-triggered flip-flop clocked by wr_clk)
Path Group: wr_clk
Path Type: min

Fanout         Cap        Slew       Delay        Time   Description
---------------------------------------------------------------------------------------------
                                  0.000000    0.000000   clock wr_clk (rise edge)
                                  0.000000    0.000000   clock source latency
     1    0.018723    0.000000    0.000000    0.000000 ^ wr_clk (in)
                                                         wr_clk (net)
                      0.001049    0.000525    0.000525 ^ clkbuf_0_wr_clk/A (sky130_fd_sc_hd__clkbuf_16)
    16    0.088820    0.105109    0.162823    0.163347 ^ clkbuf_0_wr_clk/X (sky130_fd_sc_hd__clkbuf_16)
                                                         clknet_0_wr_clk (net)
                      0.105116    0.001008    0.164356 ^ clkbuf_4_5_0_wr_clk/A (sky130_fd_sc_hd__clkbuf_8)
     2    0.017481    0.047457    0.150476    0.314831 ^ clkbuf_4_5_0_wr_clk/X (sky130_fd_sc_hd__clkbuf_8)
                                                         clknet_4_5_0_wr_clk (net)
                      0.047457    0.000167    0.314998 ^ clkbuf_5_11__f_wr_clk/A (sky130_fd_sc_hd__clkbuf_16)
     5    0.012132    0.035148    0.118821    0.433819 ^ clkbuf_5_11__f_wr_clk/X (sky130_fd_sc_hd__clkbuf_16)
                                                         clknet_5_11__leaf_wr_clk (net)
                      0.035148    0.000004    0.433824 ^ _1103_/CLK (sky130_fd_sc_hd__dfxtp_2)
     2    0.004614    0.038928    0.308081    0.741905 ^ _1103_/Q (sky130_fd_sc_hd__dfxtp_2)
                                                         u_fifomem.mem[14][1] (net)
                      0.038928    0.000012    0.741917 ^ _0876_/A0 (sky130_fd_sc_hd__mux2_2)
     1    0.002506    0.035312    0.128708    0.870625 ^ _0876_/X (sky130_fd_sc_hd__mux2_2)
                                                         _0417_ (net)
                      0.035312    0.000009    0.870634 ^ _0877_/A (sky130_fd_sc_hd__buf_2)
     1    0.001866    0.023528    0.082988    0.953622 ^ _0877_/X (sky130_fd_sc_hd__buf_2)
                                                         _0043_ (net)
                      0.023528    0.000002    0.953624 ^ _1103_/D (sky130_fd_sc_hd__dfxtp_2)
                                              0.953624   data arrival time

                                  0.000000    0.000000   clock wr_clk (rise edge)
                                  0.000000    0.000000   clock source latency
     1    0.018723    0.000000    0.000000    0.000000 ^ wr_clk (in)
                                                         wr_clk (net)
                      0.001049    0.000525    0.000525 ^ clkbuf_0_wr_clk/A (sky130_fd_sc_hd__clkbuf_16)
    16    0.088820    0.105109    0.162823    0.163347 ^ clkbuf_0_wr_clk/X (sky130_fd_sc_hd__clkbuf_16)
                                                         clknet_0_wr_clk (net)
                      0.105116    0.001008    0.164356 ^ clkbuf_4_5_0_wr_clk/A (sky130_fd_sc_hd__clkbuf_8)
     2    0.017481    0.047457    0.150476    0.314831 ^ clkbuf_4_5_0_wr_clk/X (sky130_fd_sc_hd__clkbuf_8)
                                                         clknet_4_5_0_wr_clk (net)
                      0.047457    0.000167    0.314998 ^ clkbuf_5_11__f_wr_clk/A (sky130_fd_sc_hd__clkbuf_16)
     5    0.012132    0.035148    0.118821    0.433819 ^ clkbuf_5_11__f_wr_clk/X (sky130_fd_sc_hd__clkbuf_16)
                                                         clknet_5_11__leaf_wr_clk (net)
                      0.035148    0.000004    0.433824 ^ _1103_/CLK (sky130_fd_sc_hd__dfxtp_2)
                                  0.100000    0.533824   clock uncertainty
                                  0.000000    0.533824   clock reconvergence pessimism
                                 -0.028034    0.505790   library hold time
                                              0.505790   data required time
---------------------------------------------------------------------------------------------
                                              0.505790   data required time
                                             -0.953624   data arrival time
---------------------------------------------------------------------------------------------
                                              0.447835   slack (MET)


Startpoint: _1186_ (rising edge-triggered flip-flop clocked by wr_clk)
Endpoint: _1186_ (rising edge-triggered flip-flop clocked by wr_clk)
Path Group: wr_clk
Path Type: min

Fanout         Cap        Slew       Delay        Time   Description
---------------------------------------------------------------------------------------------
                                  0.000000    0.000000   clock wr_clk (rise edge)
                                  0.000000    0.000000   clock source latency
     1    0.018723    0.000000    0.000000    0.000000 ^ wr_clk (in)
                                                         wr_clk (net)
                      0.001049    0.000525    0.000525 ^ clkbuf_0_wr_clk/A (sky130_fd_sc_hd__clkbuf_16)
    16    0.088820    0.105109    0.162823    0.163347 ^ clkbuf_0_wr_clk/X (sky130_fd_sc_hd__clkbuf_16)
                                                         clknet_0_wr_clk (net)
                      0.105111    0.000742    0.164089 ^ clkbuf_4_2_0_wr_clk/A (sky130_fd_sc_hd__clkbuf_8)
     2    0.017392    0.047296    0.150404    0.314493 ^ clkbuf_4_2_0_wr_clk/X (sky130_fd_sc_hd__clkbuf_8)
                                                         clknet_4_2_0_wr_clk (net)
                      0.047296    0.000048    0.314541 ^ clkbuf_5_4__f_wr_clk/A (sky130_fd_sc_hd__clkbuf_16)
     5    0.012565    0.035515    0.119182    0.433724 ^ clkbuf_5_4__f_wr_clk/X (sky130_fd_sc_hd__clkbuf_16)
                                                         clknet_5_4__leaf_wr_clk (net)
                      0.035515    0.000012    0.433736 ^ _1186_/CLK (sky130_fd_sc_hd__dfxtp_2)
     2    0.004611    0.038914    0.308206    0.741942 ^ _1186_/Q (sky130_fd_sc_hd__dfxtp_2)
                                                         u_fifomem.mem[9][4] (net)
                      0.038914    0.000006    0.741948 ^ _1054_/A0 (sky130_fd_sc_hd__mux2_2)
     1    0.003269    0.038782    0.133249    0.875198 ^ _1054_/X (sky130_fd_sc_hd__mux2_2)
                                                         _0512_ (net)
                      0.038782    0.000017    0.875214 ^ _1055_/A (sky130_fd_sc_hd__buf_1)
     1    0.002364    0.040781    0.074889    0.950103 ^ _1055_/X (sky130_fd_sc_hd__buf_1)
                                                         _0126_ (net)
                      0.040781    0.000009    0.950112 ^ _1186_/D (sky130_fd_sc_hd__dfxtp_2)
                                              0.950112   data arrival time

                                  0.000000    0.000000   clock wr_clk (rise edge)
                                  0.000000    0.000000   clock source latency
     1    0.018723    0.000000    0.000000    0.000000 ^ wr_clk (in)
                                                         wr_clk (net)
                      0.001049    0.000525    0.000525 ^ clkbuf_0_wr_clk/A (sky130_fd_sc_hd__clkbuf_16)
    16    0.088820    0.105109    0.162823    0.163347 ^ clkbuf_0_wr_clk/X (sky130_fd_sc_hd__clkbuf_16)
                                                         clknet_0_wr_clk (net)
                      0.105111    0.000742    0.164089 ^ clkbuf_4_2_0_wr_clk/A (sky130_fd_sc_hd__clkbuf_8)
     2    0.017392    0.047296    0.150404    0.314493 ^ clkbuf_4_2_0_wr_clk/X (sky130_fd_sc_hd__clkbuf_8)
                                                         clknet_4_2_0_wr_clk (net)
                      0.047296    0.000048    0.314541 ^ clkbuf_5_4__f_wr_clk/A (sky130_fd_sc_hd__clkbuf_16)
     5    0.012565    0.035515    0.119182    0.433724 ^ clkbuf_5_4__f_wr_clk/X (sky130_fd_sc_hd__clkbuf_16)
                                                         clknet_5_4__leaf_wr_clk (net)
                      0.035515    0.000012    0.433736 ^ _1186_/CLK (sky130_fd_sc_hd__dfxtp_2)
                                  0.100000    0.533736   clock uncertainty
                                  0.000000    0.533736   clock reconvergence pessimism
                                 -0.031563    0.502173   library hold time
                                              0.502173   data required time
---------------------------------------------------------------------------------------------
                                              0.502173   data required time
                                             -0.950112   data arrival time
---------------------------------------------------------------------------------------------
                                              0.447939   slack (MET)


Startpoint: _1184_ (rising edge-triggered flip-flop clocked by wr_clk)
Endpoint: _1184_ (rising edge-triggered flip-flop clocked by wr_clk)
Path Group: wr_clk
Path Type: min

Fanout         Cap        Slew       Delay        Time   Description
---------------------------------------------------------------------------------------------
                                  0.000000    0.000000   clock wr_clk (rise edge)
                                  0.000000    0.000000   clock source latency
     1    0.018723    0.000000    0.000000    0.000000 ^ wr_clk (in)
                                                         wr_clk (net)
                      0.001049    0.000525    0.000525 ^ clkbuf_0_wr_clk/A (sky130_fd_sc_hd__clkbuf_16)
    16    0.088820    0.105109    0.162823    0.163347 ^ clkbuf_0_wr_clk/X (sky130_fd_sc_hd__clkbuf_16)
                                                         clknet_0_wr_clk (net)
                      0.105117    0.001038    0.164385 ^ clkbuf_4_4_0_wr_clk/A (sky130_fd_sc_hd__clkbuf_8)
     2    0.017475    0.047432    0.150512    0.314897 ^ clkbuf_4_4_0_wr_clk/X (sky130_fd_sc_hd__clkbuf_8)
                                                         clknet_4_4_0_wr_clk (net)
                      0.047432    0.000064    0.314960 ^ clkbuf_5_9__f_wr_clk/A (sky130_fd_sc_hd__clkbuf_16)
     5    0.012867    0.035772    0.119520    0.434480 ^ clkbuf_5_9__f_wr_clk/X (sky130_fd_sc_hd__clkbuf_16)
                                                         clknet_5_9__leaf_wr_clk (net)
                      0.035772    0.000024    0.434505 ^ _1184_/CLK (sky130_fd_sc_hd__dfxtp_2)
     2    0.005387    0.040925    0.311199    0.745704 ^ _1184_/Q (sky130_fd_sc_hd__dfxtp_2)
                                                         u_fifomem.mem[9][2] (net)
                      0.040925    0.000027    0.745731 ^ _1050_/A0 (sky130_fd_sc_hd__mux2_2)
     1    0.002314    0.035356    0.128265    0.873996 ^ _1050_/X (sky130_fd_sc_hd__mux2_2)
                                                         _0510_ (net)
                      0.035356    0.000001    0.873997 ^ _1051_/A (sky130_fd_sc_hd__buf_1)
     1    0.002703    0.043000    0.076484    0.950480 ^ _1051_/X (sky130_fd_sc_hd__buf_1)
                                                         _0124_ (net)
                      0.043000    0.000015    0.950496 ^ _1184_/D (sky130_fd_sc_hd__dfxtp_2)
                                              0.950496   data arrival time

                                  0.000000    0.000000   clock wr_clk (rise edge)
                                  0.000000    0.000000   clock source latency
     1    0.018723    0.000000    0.000000    0.000000 ^ wr_clk (in)
                                                         wr_clk (net)
                      0.001049    0.000525    0.000525 ^ clkbuf_0_wr_clk/A (sky130_fd_sc_hd__clkbuf_16)
    16    0.088820    0.105109    0.162823    0.163347 ^ clkbuf_0_wr_clk/X (sky130_fd_sc_hd__clkbuf_16)
                                                         clknet_0_wr_clk (net)
                      0.105117    0.001038    0.164385 ^ clkbuf_4_4_0_wr_clk/A (sky130_fd_sc_hd__clkbuf_8)
     2    0.017475    0.047432    0.150512    0.314897 ^ clkbuf_4_4_0_wr_clk/X (sky130_fd_sc_hd__clkbuf_8)
                                                         clknet_4_4_0_wr_clk (net)
                      0.047432    0.000064    0.314960 ^ clkbuf_5_9__f_wr_clk/A (sky130_fd_sc_hd__clkbuf_16)
     5    0.012867    0.035772    0.119520    0.434480 ^ clkbuf_5_9__f_wr_clk/X (sky130_fd_sc_hd__clkbuf_16)
                                                         clknet_5_9__leaf_wr_clk (net)
                      0.035772    0.000024    0.434505 ^ _1184_/CLK (sky130_fd_sc_hd__dfxtp_2)
                                  0.100000    0.534505   clock uncertainty
                                  0.000000    0.534505   clock reconvergence pessimism
                                 -0.031990    0.502515   library hold time
                                              0.502515   data required time
---------------------------------------------------------------------------------------------
                                              0.502515   data required time
                                             -0.950496   data arrival time
---------------------------------------------------------------------------------------------
                                              0.447981   slack (MET)


Startpoint: _1072_ (rising edge-triggered flip-flop clocked by wr_clk)
Endpoint: _1072_ (rising edge-triggered flip-flop clocked by wr_clk)
Path Group: wr_clk
Path Type: min

Fanout         Cap        Slew       Delay        Time   Description
---------------------------------------------------------------------------------------------
                                  0.000000    0.000000   clock wr_clk (rise edge)
                                  0.000000    0.000000   clock source latency
     1    0.018723    0.000000    0.000000    0.000000 ^ wr_clk (in)
                                                         wr_clk (net)
                      0.001049    0.000525    0.000525 ^ clkbuf_0_wr_clk/A (sky130_fd_sc_hd__clkbuf_16)
    16    0.088820    0.105109    0.162823    0.163347 ^ clkbuf_0_wr_clk/X (sky130_fd_sc_hd__clkbuf_16)
                                                         clknet_0_wr_clk (net)
                      0.105117    0.001038    0.164385 ^ clkbuf_4_4_0_wr_clk/A (sky130_fd_sc_hd__clkbuf_8)
     2    0.017475    0.047432    0.150512    0.314897 ^ clkbuf_4_4_0_wr_clk/X (sky130_fd_sc_hd__clkbuf_8)
                                                         clknet_4_4_0_wr_clk (net)
                      0.047432    0.000064    0.314960 ^ clkbuf_5_9__f_wr_clk/A (sky130_fd_sc_hd__clkbuf_16)
     5    0.012867    0.035772    0.119520    0.434480 ^ clkbuf_5_9__f_wr_clk/X (sky130_fd_sc_hd__clkbuf_16)
                                                         clknet_5_9__leaf_wr_clk (net)
                      0.035772    0.000027    0.434507 ^ _1072_/CLK (sky130_fd_sc_hd__dfxtp_2)
     2    0.004668    0.037899    0.308511    0.743018 ^ _1072_/Q (sky130_fd_sc_hd__dfxtp_2)
                                                         u_fifomem.mem[10][2] (net)
                      0.037899    0.000011    0.743029 ^ _0807_/A0 (sky130_fd_sc_hd__mux2_2)
     1    0.002474    0.036152    0.128162    0.871191 ^ _0807_/X (sky130_fd_sc_hd__mux2_2)
                                                         _0379_ (net)
                      0.036152    0.000007    0.871198 ^ _0808_/A (sky130_fd_sc_hd__buf_2)
     1    0.001912    0.023730    0.083500    0.954698 ^ _0808_/X (sky130_fd_sc_hd__buf_2)
                                                         _0012_ (net)
                      0.023730    0.000002    0.954700 ^ _1072_/D (sky130_fd_sc_hd__dfxtp_2)
                                              0.954700   data arrival time

                                  0.000000    0.000000   clock wr_clk (rise edge)
                                  0.000000    0.000000   clock source latency
     1    0.018723    0.000000    0.000000    0.000000 ^ wr_clk (in)
                                                         wr_clk (net)
                      0.001049    0.000525    0.000525 ^ clkbuf_0_wr_clk/A (sky130_fd_sc_hd__clkbuf_16)
    16    0.088820    0.105109    0.162823    0.163347 ^ clkbuf_0_wr_clk/X (sky130_fd_sc_hd__clkbuf_16)
                                                         clknet_0_wr_clk (net)
                      0.105117    0.001038    0.164385 ^ clkbuf_4_4_0_wr_clk/A (sky130_fd_sc_hd__clkbuf_8)
     2    0.017475    0.047432    0.150512    0.314897 ^ clkbuf_4_4_0_wr_clk/X (sky130_fd_sc_hd__clkbuf_8)
                                                         clknet_4_4_0_wr_clk (net)
                      0.047432    0.000064    0.314960 ^ clkbuf_5_9__f_wr_clk/A (sky130_fd_sc_hd__clkbuf_16)
     5    0.012867    0.035772    0.119520    0.434480 ^ clkbuf_5_9__f_wr_clk/X (sky130_fd_sc_hd__clkbuf_16)
                                                         clknet_5_9__leaf_wr_clk (net)
                      0.035772    0.000027    0.434507 ^ _1072_/CLK (sky130_fd_sc_hd__dfxtp_2)
                                  0.100000    0.534507   clock uncertainty
                                  0.000000    0.534507   clock reconvergence pessimism
                                 -0.027994    0.506513   library hold time
                                              0.506513   data required time
---------------------------------------------------------------------------------------------
                                              0.506513   data required time
                                             -0.954700   data arrival time
---------------------------------------------------------------------------------------------
                                              0.448187   slack (MET)


Startpoint: _1118_ (rising edge-triggered flip-flop clocked by wr_clk)
Endpoint: _1118_ (rising edge-triggered flip-flop clocked by wr_clk)
Path Group: wr_clk
Path Type: min

Fanout         Cap        Slew       Delay        Time   Description
---------------------------------------------------------------------------------------------
                                  0.000000    0.000000   clock wr_clk (rise edge)
                                  0.000000    0.000000   clock source latency
     1    0.018723    0.000000    0.000000    0.000000 ^ wr_clk (in)
                                                         wr_clk (net)
                      0.001049    0.000525    0.000525 ^ clkbuf_0_wr_clk/A (sky130_fd_sc_hd__clkbuf_16)
    16    0.088820    0.105109    0.162823    0.163347 ^ clkbuf_0_wr_clk/X (sky130_fd_sc_hd__clkbuf_16)
                                                         clknet_0_wr_clk (net)
                      0.105112    0.000804    0.164151 ^ clkbuf_4_1_0_wr_clk/A (sky130_fd_sc_hd__clkbuf_8)
     2    0.016904    0.046551    0.149671    0.313822 ^ clkbuf_4_1_0_wr_clk/X (sky130_fd_sc_hd__clkbuf_8)
                                                         clknet_4_1_0_wr_clk (net)
                      0.046551    0.000011    0.313833 ^ clkbuf_5_3__f_wr_clk/A (sky130_fd_sc_hd__clkbuf_16)
     5    0.011865    0.034920    0.118237    0.432070 ^ clkbuf_5_3__f_wr_clk/X (sky130_fd_sc_hd__clkbuf_16)
                                                         clknet_5_3__leaf_wr_clk (net)
                      0.034920    0.000031    0.432101 ^ _1118_/CLK (sky130_fd_sc_hd__dfxtp_2)
     2    0.004590    0.038820    0.307907    0.740008 ^ _1118_/Q (sky130_fd_sc_hd__dfxtp_2)
                                                         u_fifomem.mem[1][0] (net)
                      0.038820    0.000010    0.740018 ^ _0908_/A0 (sky130_fd_sc_hd__mux2_2)
     1    0.002246    0.034408    0.127120    0.867138 ^ _0908_/X (sky130_fd_sc_hd__mux2_2)
                                                         _0434_ (net)
                      0.034408    0.000004    0.867142 ^ _0909_/A (sky130_fd_sc_hd__buf_2)
     1    0.002440    0.025371    0.085097    0.952240 ^ _0909_/X (sky130_fd_sc_hd__buf_2)
                                                         _0058_ (net)
                      0.025371    0.000009    0.952248 ^ _1118_/D (sky130_fd_sc_hd__dfxtp_2)
                                              0.952248   data arrival time

                                  0.000000    0.000000   clock wr_clk (rise edge)
                                  0.000000    0.000000   clock source latency
     1    0.018723    0.000000    0.000000    0.000000 ^ wr_clk (in)
                                                         wr_clk (net)
                      0.001049    0.000525    0.000525 ^ clkbuf_0_wr_clk/A (sky130_fd_sc_hd__clkbuf_16)
    16    0.088820    0.105109    0.162823    0.163347 ^ clkbuf_0_wr_clk/X (sky130_fd_sc_hd__clkbuf_16)
                                                         clknet_0_wr_clk (net)
                      0.105112    0.000804    0.164151 ^ clkbuf_4_1_0_wr_clk/A (sky130_fd_sc_hd__clkbuf_8)
     2    0.016904    0.046551    0.149671    0.313822 ^ clkbuf_4_1_0_wr_clk/X (sky130_fd_sc_hd__clkbuf_8)
                                                         clknet_4_1_0_wr_clk (net)
                      0.046551    0.000011    0.313833 ^ clkbuf_5_3__f_wr_clk/A (sky130_fd_sc_hd__clkbuf_16)
     5    0.011865    0.034920    0.118237    0.432070 ^ clkbuf_5_3__f_wr_clk/X (sky130_fd_sc_hd__clkbuf_16)
                                                         clknet_5_3__leaf_wr_clk (net)
                      0.034920    0.000031    0.432101 ^ _1118_/CLK (sky130_fd_sc_hd__dfxtp_2)
                                  0.100000    0.532101   clock uncertainty
                                  0.000000    0.532101   clock reconvergence pessimism
                                 -0.028446    0.503655   library hold time
                                              0.503655   data required time
---------------------------------------------------------------------------------------------
                                              0.503655   data required time
                                             -0.952248   data arrival time
---------------------------------------------------------------------------------------------
                                              0.448594   slack (MET)


Startpoint: _1124_ (rising edge-triggered flip-flop clocked by wr_clk)
Endpoint: _1124_ (rising edge-triggered flip-flop clocked by wr_clk)
Path Group: wr_clk
Path Type: min

Fanout         Cap        Slew       Delay        Time   Description
---------------------------------------------------------------------------------------------
                                  0.000000    0.000000   clock wr_clk (rise edge)
                                  0.000000    0.000000   clock source latency
     1    0.018723    0.000000    0.000000    0.000000 ^ wr_clk (in)
                                                         wr_clk (net)
                      0.001049    0.000525    0.000525 ^ clkbuf_0_wr_clk/A (sky130_fd_sc_hd__clkbuf_16)
    16    0.088820    0.105109    0.162823    0.163347 ^ clkbuf_0_wr_clk/X (sky130_fd_sc_hd__clkbuf_16)
                                                         clknet_0_wr_clk (net)
                      0.105110    0.000602    0.163950 ^ clkbuf_4_11_0_wr_clk/A (sky130_fd_sc_hd__clkbuf_8)
     2    0.017159    0.046942    0.150046    0.313996 ^ clkbuf_4_11_0_wr_clk/X (sky130_fd_sc_hd__clkbuf_8)
                                                         clknet_4_11_0_wr_clk (net)
                      0.046942    0.000057    0.314053 ^ clkbuf_5_22__f_wr_clk/A (sky130_fd_sc_hd__clkbuf_16)
     5    0.012550    0.035503    0.119034    0.433087 ^ clkbuf_5_22__f_wr_clk/X (sky130_fd_sc_hd__clkbuf_16)
                                                         clknet_5_22__leaf_wr_clk (net)
                      0.035503    0.000006    0.433093 ^ _1124_/CLK (sky130_fd_sc_hd__dfxtp_2)
     2    0.004862    0.040050    0.309143    0.742236 ^ _1124_/Q (sky130_fd_sc_hd__dfxtp_2)
                                                         u_fifomem.mem[1][6] (net)
                      0.040050    0.000007    0.742244 ^ _0920_/A0 (sky130_fd_sc_hd__mux2_2)
     1    0.002308    0.035338    0.127920    0.870164 ^ _0920_/X (sky130_fd_sc_hd__mux2_2)
                                                         _0440_ (net)
                      0.035338    0.000007    0.870170 ^ _0921_/A (sky130_fd_sc_hd__buf_2)
     1    0.001980    0.024031    0.083484    0.953655 ^ _0921_/X (sky130_fd_sc_hd__buf_2)
                                                         _0064_ (net)
                      0.024031    0.000003    0.953658 ^ _1124_/D (sky130_fd_sc_hd__dfxtp_2)
                                              0.953658   data arrival time

                                  0.000000    0.000000   clock wr_clk (rise edge)
                                  0.000000    0.000000   clock source latency
     1    0.018723    0.000000    0.000000    0.000000 ^ wr_clk (in)
                                                         wr_clk (net)
                      0.001049    0.000525    0.000525 ^ clkbuf_0_wr_clk/A (sky130_fd_sc_hd__clkbuf_16)
    16    0.088820    0.105109    0.162823    0.163347 ^ clkbuf_0_wr_clk/X (sky130_fd_sc_hd__clkbuf_16)
                                                         clknet_0_wr_clk (net)
                      0.105110    0.000602    0.163950 ^ clkbuf_4_11_0_wr_clk/A (sky130_fd_sc_hd__clkbuf_8)
     2    0.017159    0.046942    0.150046    0.313996 ^ clkbuf_4_11_0_wr_clk/X (sky130_fd_sc_hd__clkbuf_8)
                                                         clknet_4_11_0_wr_clk (net)
                      0.046942    0.000057    0.314053 ^ clkbuf_5_22__f_wr_clk/A (sky130_fd_sc_hd__clkbuf_16)
     5    0.012550    0.035503    0.119034    0.433087 ^ clkbuf_5_22__f_wr_clk/X (sky130_fd_sc_hd__clkbuf_16)
                                                         clknet_5_22__leaf_wr_clk (net)
                      0.035503    0.000006    0.433093 ^ _1124_/CLK (sky130_fd_sc_hd__dfxtp_2)
                                  0.100000    0.533093   clock uncertainty
                                  0.000000    0.533093   clock reconvergence pessimism
                                 -0.028092    0.505001   library hold time
                                              0.505001   data required time
---------------------------------------------------------------------------------------------
                                              0.505001   data required time
                                             -0.953658   data arrival time
---------------------------------------------------------------------------------------------
                                              0.448657   slack (MET)


Startpoint: _1125_ (rising edge-triggered flip-flop clocked by wr_clk)
Endpoint: _1125_ (rising edge-triggered flip-flop clocked by wr_clk)
Path Group: wr_clk
Path Type: min

Fanout         Cap        Slew       Delay        Time   Description
---------------------------------------------------------------------------------------------
                                  0.000000    0.000000   clock wr_clk (rise edge)
                                  0.000000    0.000000   clock source latency
     1    0.018723    0.000000    0.000000    0.000000 ^ wr_clk (in)
                                                         wr_clk (net)
                      0.001049    0.000525    0.000525 ^ clkbuf_0_wr_clk/A (sky130_fd_sc_hd__clkbuf_16)
    16    0.088820    0.105109    0.162823    0.163347 ^ clkbuf_0_wr_clk/X (sky130_fd_sc_hd__clkbuf_16)
                                                         clknet_0_wr_clk (net)
                      0.105112    0.000804    0.164151 ^ clkbuf_4_1_0_wr_clk/A (sky130_fd_sc_hd__clkbuf_8)
     2    0.016904    0.046551    0.149671    0.313822 ^ clkbuf_4_1_0_wr_clk/X (sky130_fd_sc_hd__clkbuf_8)
                                                         clknet_4_1_0_wr_clk (net)
                      0.046551    0.000049    0.313871 ^ clkbuf_5_2__f_wr_clk/A (sky130_fd_sc_hd__clkbuf_16)
     5    0.013927    0.036676    0.120188    0.434059 ^ clkbuf_5_2__f_wr_clk/X (sky130_fd_sc_hd__clkbuf_16)
                                                         clknet_5_2__leaf_wr_clk (net)
                      0.036676    0.000072    0.434132 ^ _1125_/CLK (sky130_fd_sc_hd__dfxtp_2)
     2    0.004734    0.039470    0.309100    0.743231 ^ _1125_/Q (sky130_fd_sc_hd__dfxtp_2)
                                                         u_fifomem.mem[1][7] (net)
                      0.039470    0.000003    0.743235 ^ _0922_/A0 (sky130_fd_sc_hd__mux2_2)
     1    0.002426    0.035301    0.128425    0.871660 ^ _0922_/X (sky130_fd_sc_hd__mux2_2)
                                                         _0441_ (net)
                      0.035301    0.000008    0.871668 ^ _0923_/A (sky130_fd_sc_hd__buf_2)
     1    0.001940    0.023856    0.083302    0.954970 ^ _0923_/X (sky130_fd_sc_hd__buf_2)
                                                         _0065_ (net)
                      0.023856    0.000003    0.954973 ^ _1125_/D (sky130_fd_sc_hd__dfxtp_2)
                                              0.954973   data arrival time

                                  0.000000    0.000000   clock wr_clk (rise edge)
                                  0.000000    0.000000   clock source latency
     1    0.018723    0.000000    0.000000    0.000000 ^ wr_clk (in)
                                                         wr_clk (net)
                      0.001049    0.000525    0.000525 ^ clkbuf_0_wr_clk/A (sky130_fd_sc_hd__clkbuf_16)
    16    0.088820    0.105109    0.162823    0.163347 ^ clkbuf_0_wr_clk/X (sky130_fd_sc_hd__clkbuf_16)
                                                         clknet_0_wr_clk (net)
                      0.105112    0.000804    0.164151 ^ clkbuf_4_1_0_wr_clk/A (sky130_fd_sc_hd__clkbuf_8)
     2    0.016904    0.046551    0.149671    0.313822 ^ clkbuf_4_1_0_wr_clk/X (sky130_fd_sc_hd__clkbuf_8)
                                                         clknet_4_1_0_wr_clk (net)
                      0.046551    0.000049    0.313871 ^ clkbuf_5_2__f_wr_clk/A (sky130_fd_sc_hd__clkbuf_16)
     5    0.013927    0.036676    0.120188    0.434059 ^ clkbuf_5_2__f_wr_clk/X (sky130_fd_sc_hd__clkbuf_16)
                                                         clknet_5_2__leaf_wr_clk (net)
                      0.036676    0.000072    0.434132 ^ _1125_/CLK (sky130_fd_sc_hd__dfxtp_2)
                                  0.100000    0.534132   clock uncertainty
                                  0.000000    0.534132   clock reconvergence pessimism
                                 -0.027902    0.506230   library hold time
                                              0.506230   data required time
---------------------------------------------------------------------------------------------
                                              0.506230   data required time
                                             -0.954973   data arrival time
---------------------------------------------------------------------------------------------
                                              0.448743   slack (MET)


Startpoint: _1129_ (rising edge-triggered flip-flop clocked by wr_clk)
Endpoint: _1129_ (rising edge-triggered flip-flop clocked by wr_clk)
Path Group: wr_clk
Path Type: min

Fanout         Cap        Slew       Delay        Time   Description
---------------------------------------------------------------------------------------------
                                  0.000000    0.000000   clock wr_clk (rise edge)
                                  0.000000    0.000000   clock source latency
     1    0.018723    0.000000    0.000000    0.000000 ^ wr_clk (in)
                                                         wr_clk (net)
                      0.001049    0.000525    0.000525 ^ clkbuf_0_wr_clk/A (sky130_fd_sc_hd__clkbuf_16)
    16    0.088820    0.105109    0.162823    0.163347 ^ clkbuf_0_wr_clk/X (sky130_fd_sc_hd__clkbuf_16)
                                                         clknet_0_wr_clk (net)
                      0.105110    0.000602    0.163950 ^ clkbuf_4_11_0_wr_clk/A (sky130_fd_sc_hd__clkbuf_8)
     2    0.017159    0.046942    0.150046    0.313996 ^ clkbuf_4_11_0_wr_clk/X (sky130_fd_sc_hd__clkbuf_8)
                                                         clknet_4_11_0_wr_clk (net)
                      0.046942    0.000027    0.314023 ^ clkbuf_5_23__f_wr_clk/A (sky130_fd_sc_hd__clkbuf_16)
     5    0.012499    0.035459    0.118988    0.433011 ^ clkbuf_5_23__f_wr_clk/X (sky130_fd_sc_hd__clkbuf_16)
                                                         clknet_5_23__leaf_wr_clk (net)
                      0.035459    0.000048    0.433060 ^ _1129_/CLK (sky130_fd_sc_hd__dfxtp_2)
     2    0.004246    0.037262    0.306818    0.739877 ^ _1129_/Q (sky130_fd_sc_hd__dfxtp_2)
                                                         u_fifomem.mem[2][3] (net)
                      0.037262    0.000004    0.739882 ^ _0931_/A0 (sky130_fd_sc_hd__mux2_2)
     1    0.002606    0.036806    0.128724    0.868605 ^ _0931_/X (sky130_fd_sc_hd__mux2_2)
                                                         _0446_ (net)
                      0.036806    0.000000    0.868606 ^ _0932_/A (sky130_fd_sc_hd__buf_4)
     1    0.001873    0.021821    0.085734    0.954340 ^ _0932_/X (sky130_fd_sc_hd__buf_4)
                                                         _0069_ (net)
                      0.021821    0.000002    0.954342 ^ _1129_/D (sky130_fd_sc_hd__dfxtp_2)
                                              0.954342   data arrival time

                                  0.000000    0.000000   clock wr_clk (rise edge)
                                  0.000000    0.000000   clock source latency
     1    0.018723    0.000000    0.000000    0.000000 ^ wr_clk (in)
                                                         wr_clk (net)
                      0.001049    0.000525    0.000525 ^ clkbuf_0_wr_clk/A (sky130_fd_sc_hd__clkbuf_16)
    16    0.088820    0.105109    0.162823    0.163347 ^ clkbuf_0_wr_clk/X (sky130_fd_sc_hd__clkbuf_16)
                                                         clknet_0_wr_clk (net)
                      0.105110    0.000602    0.163950 ^ clkbuf_4_11_0_wr_clk/A (sky130_fd_sc_hd__clkbuf_8)
     2    0.017159    0.046942    0.150046    0.313996 ^ clkbuf_4_11_0_wr_clk/X (sky130_fd_sc_hd__clkbuf_8)
                                                         clknet_4_11_0_wr_clk (net)
                      0.046942    0.000027    0.314023 ^ clkbuf_5_23__f_wr_clk/A (sky130_fd_sc_hd__clkbuf_16)
     5    0.012499    0.035459    0.118988    0.433011 ^ clkbuf_5_23__f_wr_clk/X (sky130_fd_sc_hd__clkbuf_16)
                                                         clknet_5_23__leaf_wr_clk (net)
                      0.035459    0.000048    0.433060 ^ _1129_/CLK (sky130_fd_sc_hd__dfxtp_2)
                                  0.100000    0.533060   clock uncertainty
                                  0.000000    0.533060   clock reconvergence pessimism
                                 -0.027639    0.505420   library hold time
                                              0.505420   data required time
---------------------------------------------------------------------------------------------
                                              0.505420   data required time
                                             -0.954342   data arrival time
---------------------------------------------------------------------------------------------
                                              0.448922   slack (MET)


Startpoint: _1134_ (rising edge-triggered flip-flop clocked by wr_clk)
Endpoint: _1134_ (rising edge-triggered flip-flop clocked by wr_clk)
Path Group: wr_clk
Path Type: min

Fanout         Cap        Slew       Delay        Time   Description
---------------------------------------------------------------------------------------------
                                  0.000000    0.000000   clock wr_clk (rise edge)
                                  0.000000    0.000000   clock source latency
     1    0.018723    0.000000    0.000000    0.000000 ^ wr_clk (in)
                                                         wr_clk (net)
                      0.001049    0.000525    0.000525 ^ clkbuf_0_wr_clk/A (sky130_fd_sc_hd__clkbuf_16)
    16    0.088820    0.105109    0.162823    0.163347 ^ clkbuf_0_wr_clk/X (sky130_fd_sc_hd__clkbuf_16)
                                                         clknet_0_wr_clk (net)
                      0.105112    0.000804    0.164151 ^ clkbuf_4_1_0_wr_clk/A (sky130_fd_sc_hd__clkbuf_8)
     2    0.016904    0.046551    0.149671    0.313822 ^ clkbuf_4_1_0_wr_clk/X (sky130_fd_sc_hd__clkbuf_8)
                                                         clknet_4_1_0_wr_clk (net)
                      0.046551    0.000011    0.313833 ^ clkbuf_5_3__f_wr_clk/A (sky130_fd_sc_hd__clkbuf_16)
     5    0.011865    0.034920    0.118237    0.432070 ^ clkbuf_5_3__f_wr_clk/X (sky130_fd_sc_hd__clkbuf_16)
                                                         clknet_5_3__leaf_wr_clk (net)
                      0.034920    0.000038    0.432108 ^ _1134_/CLK (sky130_fd_sc_hd__dfxtp_2)
     2    0.004923    0.038964    0.309149    0.741257 ^ _1134_/Q (sky130_fd_sc_hd__dfxtp_2)
                                                         u_fifomem.mem[3][0] (net)
                      0.038964    0.000020    0.741277 ^ _0942_/A0 (sky130_fd_sc_hd__mux2_2)
     1    0.002033    0.033959    0.125903    0.867180 ^ _0942_/X (sky130_fd_sc_hd__mux2_2)
                                                         _0452_ (net)
                      0.033959    0.000003    0.867182 ^ _0943_/A (sky130_fd_sc_hd__buf_2)
     1    0.002551    0.025820    0.085400    0.952583 ^ _0943_/X (sky130_fd_sc_hd__buf_2)
                                                         _0074_ (net)
                      0.025820    0.000012    0.952595 ^ _1134_/D (sky130_fd_sc_hd__dfxtp_2)
                                              0.952595   data arrival time

                                  0.000000    0.000000   clock wr_clk (rise edge)
                                  0.000000    0.000000   clock source latency
     1    0.018723    0.000000    0.000000    0.000000 ^ wr_clk (in)
                                                         wr_clk (net)
                      0.001049    0.000525    0.000525 ^ clkbuf_0_wr_clk/A (sky130_fd_sc_hd__clkbuf_16)
    16    0.088820    0.105109    0.162823    0.163347 ^ clkbuf_0_wr_clk/X (sky130_fd_sc_hd__clkbuf_16)
                                                         clknet_0_wr_clk (net)
                      0.105112    0.000804    0.164151 ^ clkbuf_4_1_0_wr_clk/A (sky130_fd_sc_hd__clkbuf_8)
     2    0.016904    0.046551    0.149671    0.313822 ^ clkbuf_4_1_0_wr_clk/X (sky130_fd_sc_hd__clkbuf_8)
                                                         clknet_4_1_0_wr_clk (net)
                      0.046551    0.000011    0.313833 ^ clkbuf_5_3__f_wr_clk/A (sky130_fd_sc_hd__clkbuf_16)
     5    0.011865    0.034920    0.118237    0.432070 ^ clkbuf_5_3__f_wr_clk/X (sky130_fd_sc_hd__clkbuf_16)
                                                         clknet_5_3__leaf_wr_clk (net)
                      0.034920    0.000038    0.432108 ^ _1134_/CLK (sky130_fd_sc_hd__dfxtp_2)
                                  0.100000    0.532108   clock uncertainty
                                  0.000000    0.532108   clock reconvergence pessimism
                                 -0.028539    0.503568   library hold time
                                              0.503568   data required time
---------------------------------------------------------------------------------------------
                                              0.503568   data required time
                                             -0.952595   data arrival time
---------------------------------------------------------------------------------------------
                                              0.449027   slack (MET)


Startpoint: _1099_ (rising edge-triggered flip-flop clocked by wr_clk)
Endpoint: _1099_ (rising edge-triggered flip-flop clocked by wr_clk)
Path Group: wr_clk
Path Type: min

Fanout         Cap        Slew       Delay        Time   Description
---------------------------------------------------------------------------------------------
                                  0.000000    0.000000   clock wr_clk (rise edge)
                                  0.000000    0.000000   clock source latency
     1    0.018723    0.000000    0.000000    0.000000 ^ wr_clk (in)
                                                         wr_clk (net)
                      0.001049    0.000525    0.000525 ^ clkbuf_0_wr_clk/A (sky130_fd_sc_hd__clkbuf_16)
    16    0.088820    0.105109    0.162823    0.163347 ^ clkbuf_0_wr_clk/X (sky130_fd_sc_hd__clkbuf_16)
                                                         clknet_0_wr_clk (net)
                      0.105119    0.001115    0.164462 ^ clkbuf_4_6_0_wr_clk/A (sky130_fd_sc_hd__clkbuf_8)
     2    0.017555    0.047552    0.150635    0.315097 ^ clkbuf_4_6_0_wr_clk/X (sky130_fd_sc_hd__clkbuf_8)
                                                         clknet_4_6_0_wr_clk (net)
                      0.047552    0.000050    0.315146 ^ clkbuf_5_12__f_wr_clk/A (sky130_fd_sc_hd__clkbuf_16)
     5    0.012835    0.035745    0.119535    0.434681 ^ clkbuf_5_12__f_wr_clk/X (sky130_fd_sc_hd__clkbuf_16)
                                                         clknet_5_12__leaf_wr_clk (net)
                      0.035745    0.000013    0.434695 ^ _1099_/CLK (sky130_fd_sc_hd__dfxtp_2)
     2    0.004998    0.039276    0.309734    0.744429 ^ _1099_/Q (sky130_fd_sc_hd__dfxtp_2)
                                                         u_fifomem.mem[13][5] (net)
                      0.039276    0.000023    0.744451 ^ _0866_/A0 (sky130_fd_sc_hd__mux2_2)
     1    0.002930    0.037848    0.131359    0.875811 ^ _0866_/X (sky130_fd_sc_hd__mux2_2)
                                                         _0411_ (net)
                      0.037848    0.000009    0.875820 ^ _0867_/A (sky130_fd_sc_hd__buf_1)
     1    0.002586    0.041752    0.076389    0.952209 ^ _0867_/X (sky130_fd_sc_hd__buf_1)
                                                         _0039_ (net)
                      0.041752    0.000013    0.952222 ^ _1099_/D (sky130_fd_sc_hd__dfxtp_2)
                                              0.952222   data arrival time

                                  0.000000    0.000000   clock wr_clk (rise edge)
                                  0.000000    0.000000   clock source latency
     1    0.018723    0.000000    0.000000    0.000000 ^ wr_clk (in)
                                                         wr_clk (net)
                      0.001049    0.000525    0.000525 ^ clkbuf_0_wr_clk/A (sky130_fd_sc_hd__clkbuf_16)
    16    0.088820    0.105109    0.162823    0.163347 ^ clkbuf_0_wr_clk/X (sky130_fd_sc_hd__clkbuf_16)
                                                         clknet_0_wr_clk (net)
                      0.105119    0.001115    0.164462 ^ clkbuf_4_6_0_wr_clk/A (sky130_fd_sc_hd__clkbuf_8)
     2    0.017555    0.047552    0.150635    0.315097 ^ clkbuf_4_6_0_wr_clk/X (sky130_fd_sc_hd__clkbuf_8)
                                                         clknet_4_6_0_wr_clk (net)
                      0.047552    0.000050    0.315146 ^ clkbuf_5_12__f_wr_clk/A (sky130_fd_sc_hd__clkbuf_16)
     5    0.012835    0.035745    0.119535    0.434681 ^ clkbuf_5_12__f_wr_clk/X (sky130_fd_sc_hd__clkbuf_16)
                                                         clknet_5_12__leaf_wr_clk (net)
                      0.035745    0.000013    0.434695 ^ _1099_/CLK (sky130_fd_sc_hd__dfxtp_2)
                                  0.100000    0.534695   clock uncertainty
                                  0.000000    0.534695   clock reconvergence pessimism
                                 -0.031734    0.502960   library hold time
                                              0.502960   data required time
---------------------------------------------------------------------------------------------
                                              0.502960   data required time
                                             -0.952222   data arrival time
---------------------------------------------------------------------------------------------
                                              0.449262   slack (MET)


Startpoint: _1108_ (rising edge-triggered flip-flop clocked by wr_clk)
Endpoint: _1108_ (rising edge-triggered flip-flop clocked by wr_clk)
Path Group: wr_clk
Path Type: min

Fanout         Cap        Slew       Delay        Time   Description
---------------------------------------------------------------------------------------------
                                  0.000000    0.000000   clock wr_clk (rise edge)
                                  0.000000    0.000000   clock source latency
     1    0.018723    0.000000    0.000000    0.000000 ^ wr_clk (in)
                                                         wr_clk (net)
                      0.001049    0.000525    0.000525 ^ clkbuf_0_wr_clk/A (sky130_fd_sc_hd__clkbuf_16)
    16    0.088820    0.105109    0.162823    0.163347 ^ clkbuf_0_wr_clk/X (sky130_fd_sc_hd__clkbuf_16)
                                                         clknet_0_wr_clk (net)
                      0.105119    0.001115    0.164462 ^ clkbuf_4_6_0_wr_clk/A (sky130_fd_sc_hd__clkbuf_8)
     2    0.017555    0.047552    0.150635    0.315097 ^ clkbuf_4_6_0_wr_clk/X (sky130_fd_sc_hd__clkbuf_8)
                                                         clknet_4_6_0_wr_clk (net)
                      0.047552    0.000074    0.315171 ^ clkbuf_5_13__f_wr_clk/A (sky130_fd_sc_hd__clkbuf_16)
     5    0.013267    0.036112    0.119947    0.435118 ^ clkbuf_5_13__f_wr_clk/X (sky130_fd_sc_hd__clkbuf_16)
                                                         clknet_5_13__leaf_wr_clk (net)
                      0.036112    0.000040    0.435157 ^ _1108_/CLK (sky130_fd_sc_hd__dfxtp_2)
     2    0.005039    0.040850    0.310032    0.745189 ^ _1108_/Q (sky130_fd_sc_hd__dfxtp_2)
                                                         u_fifomem.mem[14][6] (net)
                      0.040850    0.000012    0.745201 ^ _0886_/A0 (sky130_fd_sc_hd__mux2_2)
     1    0.002158    0.034573    0.127305    0.872507 ^ _0886_/X (sky130_fd_sc_hd__mux2_2)
                                                         _0422_ (net)
                      0.034573    0.000004    0.872510 ^ _0887_/A (sky130_fd_sc_hd__buf_2)
     1    0.002229    0.024527    0.084258    0.956769 ^ _0887_/X (sky130_fd_sc_hd__buf_2)
                                                         _0048_ (net)
                      0.024527    0.000007    0.956775 ^ _1108_/D (sky130_fd_sc_hd__dfxtp_2)
                                              0.956775   data arrival time

                                  0.000000    0.000000   clock wr_clk (rise edge)
                                  0.000000    0.000000   clock source latency
     1    0.018723    0.000000    0.000000    0.000000 ^ wr_clk (in)
                                                         wr_clk (net)
                      0.001049    0.000525    0.000525 ^ clkbuf_0_wr_clk/A (sky130_fd_sc_hd__clkbuf_16)
    16    0.088820    0.105109    0.162823    0.163347 ^ clkbuf_0_wr_clk/X (sky130_fd_sc_hd__clkbuf_16)
                                                         clknet_0_wr_clk (net)
                      0.105119    0.001115    0.164462 ^ clkbuf_4_6_0_wr_clk/A (sky130_fd_sc_hd__clkbuf_8)
     2    0.017555    0.047552    0.150635    0.315097 ^ clkbuf_4_6_0_wr_clk/X (sky130_fd_sc_hd__clkbuf_8)
                                                         clknet_4_6_0_wr_clk (net)
                      0.047552    0.000074    0.315171 ^ clkbuf_5_13__f_wr_clk/A (sky130_fd_sc_hd__clkbuf_16)
     5    0.013267    0.036112    0.119947    0.435118 ^ clkbuf_5_13__f_wr_clk/X (sky130_fd_sc_hd__clkbuf_16)
                                                         clknet_5_13__leaf_wr_clk (net)
                      0.036112    0.000040    0.435157 ^ _1108_/CLK (sky130_fd_sc_hd__dfxtp_2)
                                  0.100000    0.535157   clock uncertainty
                                  0.000000    0.535157   clock reconvergence pessimism
                                 -0.028115    0.507042   library hold time
                                              0.507042   data required time
---------------------------------------------------------------------------------------------
                                              0.507042   data required time
                                             -0.956775   data arrival time
---------------------------------------------------------------------------------------------
                                              0.449733   slack (MET)


Startpoint: _1122_ (rising edge-triggered flip-flop clocked by wr_clk)
Endpoint: _1122_ (rising edge-triggered flip-flop clocked by wr_clk)
Path Group: wr_clk
Path Type: min

Fanout         Cap        Slew       Delay        Time   Description
---------------------------------------------------------------------------------------------
                                  0.000000    0.000000   clock wr_clk (rise edge)
                                  0.000000    0.000000   clock source latency
     1    0.018723    0.000000    0.000000    0.000000 ^ wr_clk (in)
                                                         wr_clk (net)
                      0.001049    0.000525    0.000525 ^ clkbuf_0_wr_clk/A (sky130_fd_sc_hd__clkbuf_16)
    16    0.088820    0.105109    0.162823    0.163347 ^ clkbuf_0_wr_clk/X (sky130_fd_sc_hd__clkbuf_16)
                                                         clknet_0_wr_clk (net)
                      0.105112    0.000808    0.164156 ^ clkbuf_4_0_0_wr_clk/A (sky130_fd_sc_hd__clkbuf_8)
     2    0.017377    0.047298    0.150321    0.314476 ^ clkbuf_4_0_0_wr_clk/X (sky130_fd_sc_hd__clkbuf_8)
                                                         clknet_4_0_0_wr_clk (net)
                      0.047298    0.000157    0.314633 ^ clkbuf_5_1__f_wr_clk/A (sky130_fd_sc_hd__clkbuf_16)
     5    0.012784    0.035706    0.119357    0.433990 ^ clkbuf_5_1__f_wr_clk/X (sky130_fd_sc_hd__clkbuf_16)
                                                         clknet_5_1__leaf_wr_clk (net)
                      0.035706    0.000159    0.434149 ^ _1122_/CLK (sky130_fd_sc_hd__dfxtp_2)
     2    0.004714    0.038090    0.308656    0.742805 ^ _1122_/Q (sky130_fd_sc_hd__dfxtp_2)
                                                         u_fifomem.mem[1][4] (net)
                      0.038090    0.000018    0.742823 ^ _0916_/A0 (sky130_fd_sc_hd__mux2_2)
     1    0.002386    0.035088    0.127702    0.870525 ^ _0916_/X (sky130_fd_sc_hd__mux2_2)
                                                         _0438_ (net)
                      0.035088    0.000006    0.870531 ^ _0917_/A (sky130_fd_sc_hd__buf_2)
     1    0.002400    0.025212    0.085183    0.955714 ^ _0917_/X (sky130_fd_sc_hd__buf_2)
                                                         _0062_ (net)
                      0.025212    0.000008    0.955722 ^ _1122_/D (sky130_fd_sc_hd__dfxtp_2)
                                              0.955722   data arrival time

                                  0.000000    0.000000   clock wr_clk (rise edge)
                                  0.000000    0.000000   clock source latency
     1    0.018723    0.000000    0.000000    0.000000 ^ wr_clk (in)
                                                         wr_clk (net)
                      0.001049    0.000525    0.000525 ^ clkbuf_0_wr_clk/A (sky130_fd_sc_hd__clkbuf_16)
    16    0.088820    0.105109    0.162823    0.163347 ^ clkbuf_0_wr_clk/X (sky130_fd_sc_hd__clkbuf_16)
                                                         clknet_0_wr_clk (net)
                      0.105112    0.000808    0.164156 ^ clkbuf_4_0_0_wr_clk/A (sky130_fd_sc_hd__clkbuf_8)
     2    0.017377    0.047298    0.150321    0.314476 ^ clkbuf_4_0_0_wr_clk/X (sky130_fd_sc_hd__clkbuf_8)
                                                         clknet_4_0_0_wr_clk (net)
                      0.047298    0.000157    0.314633 ^ clkbuf_5_1__f_wr_clk/A (sky130_fd_sc_hd__clkbuf_16)
     5    0.012784    0.035706    0.119357    0.433990 ^ clkbuf_5_1__f_wr_clk/X (sky130_fd_sc_hd__clkbuf_16)
                                                         clknet_5_1__leaf_wr_clk (net)
                      0.035706    0.000159    0.434149 ^ _1122_/CLK (sky130_fd_sc_hd__dfxtp_2)
                                  0.100000    0.534149   clock uncertainty
                                  0.000000    0.534149   clock reconvergence pessimism
                                 -0.028310    0.505839   library hold time
                                              0.505839   data required time
---------------------------------------------------------------------------------------------
                                              0.505839   data required time
                                             -0.955722   data arrival time
---------------------------------------------------------------------------------------------
                                              0.449884   slack (MET)


Startpoint: _1075_ (rising edge-triggered flip-flop clocked by wr_clk)
Endpoint: _1075_ (rising edge-triggered flip-flop clocked by wr_clk)
Path Group: wr_clk
Path Type: min

Fanout         Cap        Slew       Delay        Time   Description
---------------------------------------------------------------------------------------------
                                  0.000000    0.000000   clock wr_clk (rise edge)
                                  0.000000    0.000000   clock source latency
     1    0.018723    0.000000    0.000000    0.000000 ^ wr_clk (in)
                                                         wr_clk (net)
                      0.001049    0.000525    0.000525 ^ clkbuf_0_wr_clk/A (sky130_fd_sc_hd__clkbuf_16)
    16    0.088820    0.105109    0.162823    0.163347 ^ clkbuf_0_wr_clk/X (sky130_fd_sc_hd__clkbuf_16)
                                                         clknet_0_wr_clk (net)
                      0.105110    0.000587    0.163935 ^ clkbuf_4_3_0_wr_clk/A (sky130_fd_sc_hd__clkbuf_8)
     2    0.017995    0.048243    0.151260    0.315195 ^ clkbuf_4_3_0_wr_clk/X (sky130_fd_sc_hd__clkbuf_8)
                                                         clknet_4_3_0_wr_clk (net)
                      0.048243    0.000095    0.315289 ^ clkbuf_5_7__f_wr_clk/A (sky130_fd_sc_hd__clkbuf_16)
     5    0.012717    0.035644    0.119670    0.434959 ^ clkbuf_5_7__f_wr_clk/X (sky130_fd_sc_hd__clkbuf_16)
                                                         clknet_5_7__leaf_wr_clk (net)
                      0.035644    0.000031    0.434991 ^ _1075_/CLK (sky130_fd_sc_hd__dfxtp_2)
     2    0.004697    0.039302    0.308576    0.743567 ^ _1075_/Q (sky130_fd_sc_hd__dfxtp_2)
                                                         u_fifomem.mem[10][5] (net)
                      0.039302    0.000009    0.743576 ^ _0813_/A0 (sky130_fd_sc_hd__mux2_2)
     1    0.002615    0.035730    0.129489    0.873065 ^ _0813_/X (sky130_fd_sc_hd__mux2_2)
                                                         _0382_ (net)
                      0.035730    0.000011    0.873076 ^ _0814_/A (sky130_fd_sc_hd__buf_2)
     1    0.002028    0.024242    0.083835    0.956912 ^ _0814_/X (sky130_fd_sc_hd__buf_2)
                                                         _0015_ (net)
                      0.024242    0.000004    0.956916 ^ _1075_/D (sky130_fd_sc_hd__dfxtp_2)
                                              0.956916   data arrival time

                                  0.000000    0.000000   clock wr_clk (rise edge)
                                  0.000000    0.000000   clock source latency
     1    0.018723    0.000000    0.000000    0.000000 ^ wr_clk (in)
                                                         wr_clk (net)
                      0.001049    0.000525    0.000525 ^ clkbuf_0_wr_clk/A (sky130_fd_sc_hd__clkbuf_16)
    16    0.088820    0.105109    0.162823    0.163347 ^ clkbuf_0_wr_clk/X (sky130_fd_sc_hd__clkbuf_16)
                                                         clknet_0_wr_clk (net)
                      0.105110    0.000587    0.163935 ^ clkbuf_4_3_0_wr_clk/A (sky130_fd_sc_hd__clkbuf_8)
     2    0.017995    0.048243    0.151260    0.315195 ^ clkbuf_4_3_0_wr_clk/X (sky130_fd_sc_hd__clkbuf_8)
                                                         clknet_4_3_0_wr_clk (net)
                      0.048243    0.000095    0.315289 ^ clkbuf_5_7__f_wr_clk/A (sky130_fd_sc_hd__clkbuf_16)
     5    0.012717    0.035644    0.119670    0.434959 ^ clkbuf_5_7__f_wr_clk/X (sky130_fd_sc_hd__clkbuf_16)
                                                         clknet_5_7__leaf_wr_clk (net)
                      0.035644    0.000031    0.434991 ^ _1075_/CLK (sky130_fd_sc_hd__dfxtp_2)
                                  0.100000    0.534991   clock uncertainty
                                  0.000000    0.534991   clock reconvergence pessimism
                                 -0.028117    0.506874   library hold time
                                              0.506874   data required time
---------------------------------------------------------------------------------------------
                                              0.506874   data required time
                                             -0.956916   data arrival time
---------------------------------------------------------------------------------------------
                                              0.450042   slack (MET)


Startpoint: _1119_ (rising edge-triggered flip-flop clocked by wr_clk)
Endpoint: _1119_ (rising edge-triggered flip-flop clocked by wr_clk)
Path Group: wr_clk
Path Type: min

Fanout         Cap        Slew       Delay        Time   Description
---------------------------------------------------------------------------------------------
                                  0.000000    0.000000   clock wr_clk (rise edge)
                                  0.000000    0.000000   clock source latency
     1    0.018723    0.000000    0.000000    0.000000 ^ wr_clk (in)
                                                         wr_clk (net)
                      0.001049    0.000525    0.000525 ^ clkbuf_0_wr_clk/A (sky130_fd_sc_hd__clkbuf_16)
    16    0.088820    0.105109    0.162823    0.163347 ^ clkbuf_0_wr_clk/X (sky130_fd_sc_hd__clkbuf_16)
                                                         clknet_0_wr_clk (net)
                      0.105111    0.000676    0.164024 ^ clkbuf_4_9_0_wr_clk/A (sky130_fd_sc_hd__clkbuf_8)
     2    0.017637    0.047691    0.150726    0.314749 ^ clkbuf_4_9_0_wr_clk/X (sky130_fd_sc_hd__clkbuf_8)
                                                         clknet_4_9_0_wr_clk (net)
                      0.047691    0.000127    0.314876 ^ clkbuf_5_19__f_wr_clk/A (sky130_fd_sc_hd__clkbuf_16)
     5    0.012035    0.035064    0.118813    0.433690 ^ clkbuf_5_19__f_wr_clk/X (sky130_fd_sc_hd__clkbuf_16)
                                                         clknet_5_19__leaf_wr_clk (net)
                      0.035064    0.000042    0.433731 ^ _1119_/CLK (sky130_fd_sc_hd__dfxtp_2)
     2    0.004695    0.038013    0.308349    0.742080 ^ _1119_/Q (sky130_fd_sc_hd__dfxtp_2)
                                                         u_fifomem.mem[1][1] (net)
                      0.038013    0.000016    0.742096 ^ _0910_/A0 (sky130_fd_sc_hd__mux2_2)
     1    0.002735    0.035759    0.129753    0.871849 ^ _0910_/X (sky130_fd_sc_hd__mux2_2)
                                                         _0435_ (net)
                      0.035759    0.000014    0.871863 ^ _0911_/A (sky130_fd_sc_hd__buf_2)
     1    0.002155    0.024806    0.084391    0.956254 ^ _0911_/X (sky130_fd_sc_hd__buf_2)
                                                         _0059_ (net)
                      0.024806    0.000005    0.956259 ^ _1119_/D (sky130_fd_sc_hd__dfxtp_2)
                                              0.956259   data arrival time

                                  0.000000    0.000000   clock wr_clk (rise edge)
                                  0.000000    0.000000   clock source latency
     1    0.018723    0.000000    0.000000    0.000000 ^ wr_clk (in)
                                                         wr_clk (net)
                      0.001049    0.000525    0.000525 ^ clkbuf_0_wr_clk/A (sky130_fd_sc_hd__clkbuf_16)
    16    0.088820    0.105109    0.162823    0.163347 ^ clkbuf_0_wr_clk/X (sky130_fd_sc_hd__clkbuf_16)
                                                         clknet_0_wr_clk (net)
                      0.105111    0.000676    0.164024 ^ clkbuf_4_9_0_wr_clk/A (sky130_fd_sc_hd__clkbuf_8)
     2    0.017637    0.047691    0.150726    0.314749 ^ clkbuf_4_9_0_wr_clk/X (sky130_fd_sc_hd__clkbuf_8)
                                                         clknet_4_9_0_wr_clk (net)
                      0.047691    0.000127    0.314876 ^ clkbuf_5_19__f_wr_clk/A (sky130_fd_sc_hd__clkbuf_16)
     5    0.012035    0.035064    0.118813    0.433690 ^ clkbuf_5_19__f_wr_clk/X (sky130_fd_sc_hd__clkbuf_16)
                                                         clknet_5_19__leaf_wr_clk (net)
                      0.035064    0.000042    0.433731 ^ _1119_/CLK (sky130_fd_sc_hd__dfxtp_2)
                                  0.100000    0.533731   clock uncertainty
                                  0.000000    0.533731   clock reconvergence pessimism
                                 -0.028310    0.505421   library hold time
                                              0.505421   data required time
---------------------------------------------------------------------------------------------
                                              0.505421   data required time
                                             -0.956259   data arrival time
---------------------------------------------------------------------------------------------
                                              0.450837   slack (MET)


Startpoint: _1133_ (rising edge-triggered flip-flop clocked by wr_clk)
Endpoint: _1133_ (rising edge-triggered flip-flop clocked by wr_clk)
Path Group: wr_clk
Path Type: min

Fanout         Cap        Slew       Delay        Time   Description
---------------------------------------------------------------------------------------------
                                  0.000000    0.000000   clock wr_clk (rise edge)
                                  0.000000    0.000000   clock source latency
     1    0.018723    0.000000    0.000000    0.000000 ^ wr_clk (in)
                                                         wr_clk (net)
                      0.001049    0.000525    0.000525 ^ clkbuf_0_wr_clk/A (sky130_fd_sc_hd__clkbuf_16)
    16    0.088820    0.105109    0.162823    0.163347 ^ clkbuf_0_wr_clk/X (sky130_fd_sc_hd__clkbuf_16)
                                                         clknet_0_wr_clk (net)
                      0.105112    0.000808    0.164156 ^ clkbuf_4_0_0_wr_clk/A (sky130_fd_sc_hd__clkbuf_8)
     2    0.017377    0.047298    0.150321    0.314476 ^ clkbuf_4_0_0_wr_clk/X (sky130_fd_sc_hd__clkbuf_8)
                                                         clknet_4_0_0_wr_clk (net)
                      0.047298    0.000148    0.314624 ^ clkbuf_5_0__f_wr_clk/A (sky130_fd_sc_hd__clkbuf_16)
     5    0.015095    0.037667    0.121585    0.436209 ^ clkbuf_5_0__f_wr_clk/X (sky130_fd_sc_hd__clkbuf_16)
                                                         clknet_5_0__leaf_wr_clk (net)
                      0.037667    0.000085    0.436294 ^ _1133_/CLK (sky130_fd_sc_hd__dfxtp_2)
     2    0.004630    0.037738    0.309073    0.745367 ^ _1133_/Q (sky130_fd_sc_hd__dfxtp_2)
                                                         u_fifomem.mem[2][7] (net)
                      0.037738    0.000009    0.745376 ^ _0939_/A0 (sky130_fd_sc_hd__mux2_2)
     1    0.002606    0.036173    0.128890    0.874267 ^ _0939_/X (sky130_fd_sc_hd__mux2_2)
                                                         _0450_ (net)
                      0.036173    0.000000    0.874267 ^ _0940_/A (sky130_fd_sc_hd__buf_4)
     1    0.001933    0.021976    0.085660    0.959928 ^ _0940_/X (sky130_fd_sc_hd__buf_4)
                                                         _0073_ (net)
                      0.021976    0.000003    0.959931 ^ _1133_/D (sky130_fd_sc_hd__dfxtp_2)
                                              0.959931   data arrival time

                                  0.000000    0.000000   clock wr_clk (rise edge)
                                  0.000000    0.000000   clock source latency
     1    0.018723    0.000000    0.000000    0.000000 ^ wr_clk (in)
                                                         wr_clk (net)
                      0.001049    0.000525    0.000525 ^ clkbuf_0_wr_clk/A (sky130_fd_sc_hd__clkbuf_16)
    16    0.088820    0.105109    0.162823    0.163347 ^ clkbuf_0_wr_clk/X (sky130_fd_sc_hd__clkbuf_16)
                                                         clknet_0_wr_clk (net)
                      0.105112    0.000808    0.164156 ^ clkbuf_4_0_0_wr_clk/A (sky130_fd_sc_hd__clkbuf_8)
     2    0.017377    0.047298    0.150321    0.314476 ^ clkbuf_4_0_0_wr_clk/X (sky130_fd_sc_hd__clkbuf_8)
                                                         clknet_4_0_0_wr_clk (net)
                      0.047298    0.000148    0.314624 ^ clkbuf_5_0__f_wr_clk/A (sky130_fd_sc_hd__clkbuf_16)
     5    0.015095    0.037667    0.121585    0.436209 ^ clkbuf_5_0__f_wr_clk/X (sky130_fd_sc_hd__clkbuf_16)
                                                         clknet_5_0__leaf_wr_clk (net)
                      0.037667    0.000085    0.436294 ^ _1133_/CLK (sky130_fd_sc_hd__dfxtp_2)
                                  0.100000    0.536294   clock uncertainty
                                  0.000000    0.536294   clock reconvergence pessimism
                                 -0.027382    0.508912   library hold time
                                              0.508912   data required time
---------------------------------------------------------------------------------------------
                                              0.508912   data required time
                                             -0.959931   data arrival time
---------------------------------------------------------------------------------------------
                                              0.451019   slack (MET)


Startpoint: _1082_ (rising edge-triggered flip-flop clocked by wr_clk)
Endpoint: _1082_ (rising edge-triggered flip-flop clocked by wr_clk)
Path Group: wr_clk
Path Type: min

Fanout         Cap        Slew       Delay        Time   Description
---------------------------------------------------------------------------------------------
                                  0.000000    0.000000   clock wr_clk (rise edge)
                                  0.000000    0.000000   clock source latency
     1    0.018723    0.000000    0.000000    0.000000 ^ wr_clk (in)
                                                         wr_clk (net)
                      0.001049    0.000525    0.000525 ^ clkbuf_0_wr_clk/A (sky130_fd_sc_hd__clkbuf_16)
    16    0.088820    0.105109    0.162823    0.163347 ^ clkbuf_0_wr_clk/X (sky130_fd_sc_hd__clkbuf_16)
                                                         clknet_0_wr_clk (net)
                      0.105111    0.000742    0.164089 ^ clkbuf_4_2_0_wr_clk/A (sky130_fd_sc_hd__clkbuf_8)
     2    0.017392    0.047296    0.150404    0.314493 ^ clkbuf_4_2_0_wr_clk/X (sky130_fd_sc_hd__clkbuf_8)
                                                         clknet_4_2_0_wr_clk (net)
                      0.047296    0.000048    0.314541 ^ clkbuf_5_4__f_wr_clk/A (sky130_fd_sc_hd__clkbuf_16)
     5    0.012565    0.035515    0.119182    0.433724 ^ clkbuf_5_4__f_wr_clk/X (sky130_fd_sc_hd__clkbuf_16)
                                                         clknet_5_4__leaf_wr_clk (net)
                      0.035515    0.000018    0.433741 ^ _1082_/CLK (sky130_fd_sc_hd__dfxtp_2)
     2    0.004906    0.038891    0.309307    0.743049 ^ _1082_/Q (sky130_fd_sc_hd__dfxtp_2)
                                                         u_fifomem.mem[11][4] (net)
                      0.038891    0.000005    0.743054 ^ _0828_/A1 (sky130_fd_sc_hd__mux2_2)
     1    0.003529    0.039553    0.135402    0.878456 ^ _0828_/X (sky130_fd_sc_hd__mux2_2)
                                                         _0390_ (net)
                      0.039553    0.000022    0.878478 ^ _0829_/A (sky130_fd_sc_hd__buf_1)
     1    0.002346    0.040589    0.075014    0.953492 ^ _0829_/X (sky130_fd_sc_hd__buf_1)
                                                         _0022_ (net)
                      0.040589    0.000009    0.953501 ^ _1082_/D (sky130_fd_sc_hd__dfxtp_2)
                                              0.953501   data arrival time

                                  0.000000    0.000000   clock wr_clk (rise edge)
                                  0.000000    0.000000   clock source latency
     1    0.018723    0.000000    0.000000    0.000000 ^ wr_clk (in)
                                                         wr_clk (net)
                      0.001049    0.000525    0.000525 ^ clkbuf_0_wr_clk/A (sky130_fd_sc_hd__clkbuf_16)
    16    0.088820    0.105109    0.162823    0.163347 ^ clkbuf_0_wr_clk/X (sky130_fd_sc_hd__clkbuf_16)
                                                         clknet_0_wr_clk (net)
                      0.105111    0.000742    0.164089 ^ clkbuf_4_2_0_wr_clk/A (sky130_fd_sc_hd__clkbuf_8)
     2    0.017392    0.047296    0.150404    0.314493 ^ clkbuf_4_2_0_wr_clk/X (sky130_fd_sc_hd__clkbuf_8)
                                                         clknet_4_2_0_wr_clk (net)
                      0.047296    0.000048    0.314541 ^ clkbuf_5_4__f_wr_clk/A (sky130_fd_sc_hd__clkbuf_16)
     5    0.012565    0.035515    0.119182    0.433724 ^ clkbuf_5_4__f_wr_clk/X (sky130_fd_sc_hd__clkbuf_16)
                                                         clknet_5_4__leaf_wr_clk (net)
                      0.035515    0.000018    0.433741 ^ _1082_/CLK (sky130_fd_sc_hd__dfxtp_2)
                                  0.100000    0.533741   clock uncertainty
                                  0.000000    0.533741   clock reconvergence pessimism
                                 -0.031524    0.502218   library hold time
                                              0.502218   data required time
---------------------------------------------------------------------------------------------
                                              0.502218   data required time
                                             -0.953501   data arrival time
---------------------------------------------------------------------------------------------
                                              0.451283   slack (MET)


Startpoint: _1104_ (rising edge-triggered flip-flop clocked by wr_clk)
Endpoint: _1104_ (rising edge-triggered flip-flop clocked by wr_clk)
Path Group: wr_clk
Path Type: min

Fanout         Cap        Slew       Delay        Time   Description
---------------------------------------------------------------------------------------------
                                  0.000000    0.000000   clock wr_clk (rise edge)
                                  0.000000    0.000000   clock source latency
     1    0.018723    0.000000    0.000000    0.000000 ^ wr_clk (in)
                                                         wr_clk (net)
                      0.001049    0.000525    0.000525 ^ clkbuf_0_wr_clk/A (sky130_fd_sc_hd__clkbuf_16)
    16    0.088820    0.105109    0.162823    0.163347 ^ clkbuf_0_wr_clk/X (sky130_fd_sc_hd__clkbuf_16)
                                                         clknet_0_wr_clk (net)
                      0.105116    0.001008    0.164356 ^ clkbuf_4_5_0_wr_clk/A (sky130_fd_sc_hd__clkbuf_8)
     2    0.017481    0.047457    0.150476    0.314831 ^ clkbuf_4_5_0_wr_clk/X (sky130_fd_sc_hd__clkbuf_8)
                                                         clknet_4_5_0_wr_clk (net)
                      0.047457    0.000167    0.314998 ^ clkbuf_5_11__f_wr_clk/A (sky130_fd_sc_hd__clkbuf_16)
     5    0.012132    0.035148    0.118821    0.433819 ^ clkbuf_5_11__f_wr_clk/X (sky130_fd_sc_hd__clkbuf_16)
                                                         clknet_5_11__leaf_wr_clk (net)
                      0.035148    0.000041    0.433860 ^ _1104_/CLK (sky130_fd_sc_hd__dfxtp_2)
     2    0.004828    0.038566    0.308877    0.742737 ^ _1104_/Q (sky130_fd_sc_hd__dfxtp_2)
                                                         u_fifomem.mem[14][2] (net)
                      0.038566    0.000011    0.742748 ^ _0878_/A0 (sky130_fd_sc_hd__mux2_2)
     1    0.002743    0.036419    0.129995    0.872742 ^ _0878_/X (sky130_fd_sc_hd__mux2_2)
                                                         _0418_ (net)
                      0.036419    0.000013    0.872755 ^ _0879_/A (sky130_fd_sc_hd__buf_2)
     1    0.002171    0.024293    0.084704    0.957459 ^ _0879_/X (sky130_fd_sc_hd__buf_2)
                                                         _0044_ (net)
                      0.024293    0.000006    0.957465 ^ _1104_/D (sky130_fd_sc_hd__dfxtp_2)
                                              0.957465   data arrival time

                                  0.000000    0.000000   clock wr_clk (rise edge)
                                  0.000000    0.000000   clock source latency
     1    0.018723    0.000000    0.000000    0.000000 ^ wr_clk (in)
                                                         wr_clk (net)
                      0.001049    0.000525    0.000525 ^ clkbuf_0_wr_clk/A (sky130_fd_sc_hd__clkbuf_16)
    16    0.088820    0.105109    0.162823    0.163347 ^ clkbuf_0_wr_clk/X (sky130_fd_sc_hd__clkbuf_16)
                                                         clknet_0_wr_clk (net)
                      0.105116    0.001008    0.164356 ^ clkbuf_4_5_0_wr_clk/A (sky130_fd_sc_hd__clkbuf_8)
     2    0.017481    0.047457    0.150476    0.314831 ^ clkbuf_4_5_0_wr_clk/X (sky130_fd_sc_hd__clkbuf_8)
                                                         clknet_4_5_0_wr_clk (net)
                      0.047457    0.000167    0.314998 ^ clkbuf_5_11__f_wr_clk/A (sky130_fd_sc_hd__clkbuf_16)
     5    0.012132    0.035148    0.118821    0.433819 ^ clkbuf_5_11__f_wr_clk/X (sky130_fd_sc_hd__clkbuf_16)
                                                         clknet_5_11__leaf_wr_clk (net)
                      0.035148    0.000041    0.433860 ^ _1104_/CLK (sky130_fd_sc_hd__dfxtp_2)
                                  0.100000    0.533860   clock uncertainty
                                  0.000000    0.533860   clock reconvergence pessimism
                                 -0.028193    0.505667   library hold time
                                              0.505667   data required time
---------------------------------------------------------------------------------------------
                                              0.505667   data required time
                                             -0.957465   data arrival time
---------------------------------------------------------------------------------------------
                                              0.451798   slack (MET)


Startpoint: _1095_ (rising edge-triggered flip-flop clocked by wr_clk)
Endpoint: _1095_ (rising edge-triggered flip-flop clocked by wr_clk)
Path Group: wr_clk
Path Type: min

Fanout         Cap        Slew       Delay        Time   Description
---------------------------------------------------------------------------------------------
                                  0.000000    0.000000   clock wr_clk (rise edge)
                                  0.000000    0.000000   clock source latency
     1    0.018723    0.000000    0.000000    0.000000 ^ wr_clk (in)
                                                         wr_clk (net)
                      0.001049    0.000525    0.000525 ^ clkbuf_0_wr_clk/A (sky130_fd_sc_hd__clkbuf_16)
    16    0.088820    0.105109    0.162823    0.163347 ^ clkbuf_0_wr_clk/X (sky130_fd_sc_hd__clkbuf_16)
                                                         clknet_0_wr_clk (net)
                      0.105119    0.001133    0.164480 ^ clkbuf_4_7_0_wr_clk/A (sky130_fd_sc_hd__clkbuf_8)
     2    0.017239    0.047063    0.150173    0.314653 ^ clkbuf_4_7_0_wr_clk/X (sky130_fd_sc_hd__clkbuf_8)
                                                         clknet_4_7_0_wr_clk (net)
                      0.047063    0.000063    0.314716 ^ clkbuf_5_15__f_wr_clk/A (sky130_fd_sc_hd__clkbuf_16)
     5    0.012154    0.035166    0.118703    0.433419 ^ clkbuf_5_15__f_wr_clk/X (sky130_fd_sc_hd__clkbuf_16)
                                                         clknet_5_15__leaf_wr_clk (net)
                      0.035166    0.000012    0.433432 ^ _1095_/CLK (sky130_fd_sc_hd__dfxtp_2)
     2    0.004603    0.038881    0.308049    0.741481 ^ _1095_/Q (sky130_fd_sc_hd__dfxtp_2)
                                                         u_fifomem.mem[13][1] (net)
                      0.038881    0.000007    0.741487 ^ _0858_/A0 (sky130_fd_sc_hd__mux2_2)
     1    0.003207    0.038476    0.132874    0.874361 ^ _0858_/X (sky130_fd_sc_hd__mux2_2)
                                                         _0407_ (net)
                      0.038476    0.000016    0.874377 ^ _0859_/A (sky130_fd_sc_hd__buf_1)
     1    0.002831    0.044380    0.078614    0.952991 ^ _0859_/X (sky130_fd_sc_hd__buf_1)
                                                         _0035_ (net)
                      0.044380    0.000016    0.953007 ^ _1095_/D (sky130_fd_sc_hd__dfxtp_2)
                                              0.953007   data arrival time

                                  0.000000    0.000000   clock wr_clk (rise edge)
                                  0.000000    0.000000   clock source latency
     1    0.018723    0.000000    0.000000    0.000000 ^ wr_clk (in)
                                                         wr_clk (net)
                      0.001049    0.000525    0.000525 ^ clkbuf_0_wr_clk/A (sky130_fd_sc_hd__clkbuf_16)
    16    0.088820    0.105109    0.162823    0.163347 ^ clkbuf_0_wr_clk/X (sky130_fd_sc_hd__clkbuf_16)
                                                         clknet_0_wr_clk (net)
                      0.105119    0.001133    0.164480 ^ clkbuf_4_7_0_wr_clk/A (sky130_fd_sc_hd__clkbuf_8)
     2    0.017239    0.047063    0.150173    0.314653 ^ clkbuf_4_7_0_wr_clk/X (sky130_fd_sc_hd__clkbuf_8)
                                                         clknet_4_7_0_wr_clk (net)
                      0.047063    0.000063    0.314716 ^ clkbuf_5_15__f_wr_clk/A (sky130_fd_sc_hd__clkbuf_16)
     5    0.012154    0.035166    0.118703    0.433419 ^ clkbuf_5_15__f_wr_clk/X (sky130_fd_sc_hd__clkbuf_16)
                                                         clknet_5_15__leaf_wr_clk (net)
                      0.035166    0.000012    0.433432 ^ _1095_/CLK (sky130_fd_sc_hd__dfxtp_2)
                                  0.100000    0.533432   clock uncertainty
                                  0.000000    0.533432   clock reconvergence pessimism
                                 -0.032356    0.501076   library hold time
                                              0.501076   data required time
---------------------------------------------------------------------------------------------
                                              0.501076   data required time
                                             -0.953007   data arrival time
---------------------------------------------------------------------------------------------
                                              0.451931   slack (MET)


Startpoint: _1062_ (rising edge-triggered flip-flop clocked by wr_clk)
Endpoint: _1062_ (rising edge-triggered flip-flop clocked by wr_clk)
Path Group: wr_clk
Path Type: min

Fanout         Cap        Slew       Delay        Time   Description
---------------------------------------------------------------------------------------------
                                  0.000000    0.000000   clock wr_clk (rise edge)
                                  0.000000    0.000000   clock source latency
     1    0.018723    0.000000    0.000000    0.000000 ^ wr_clk (in)
                                                         wr_clk (net)
                      0.001049    0.000525    0.000525 ^ clkbuf_0_wr_clk/A (sky130_fd_sc_hd__clkbuf_16)
    16    0.088820    0.105109    0.162823    0.163347 ^ clkbuf_0_wr_clk/X (sky130_fd_sc_hd__clkbuf_16)
                                                         clknet_0_wr_clk (net)
                      0.105112    0.000804    0.164151 ^ clkbuf_4_1_0_wr_clk/A (sky130_fd_sc_hd__clkbuf_8)
     2    0.016904    0.046551    0.149671    0.313822 ^ clkbuf_4_1_0_wr_clk/X (sky130_fd_sc_hd__clkbuf_8)
                                                         clknet_4_1_0_wr_clk (net)
                      0.046551    0.000011    0.313833 ^ clkbuf_5_3__f_wr_clk/A (sky130_fd_sc_hd__clkbuf_16)
     5    0.011865    0.034920    0.118237    0.432070 ^ clkbuf_5_3__f_wr_clk/X (sky130_fd_sc_hd__clkbuf_16)
                                                         clknet_5_3__leaf_wr_clk (net)
                      0.034920    0.000017    0.432087 ^ _1062_/CLK (sky130_fd_sc_hd__dfxtp_2)
     2    0.004682    0.039238    0.308252    0.740340 ^ _1062_/Q (sky130_fd_sc_hd__dfxtp_2)
                                                         u_fifomem.mem[0][0] (net)
                      0.039238    0.000004    0.740343 ^ _0786_/A0 (sky130_fd_sc_hd__mux2_2)
     1    0.003600    0.040357    0.135336    0.875679 ^ _0786_/X (sky130_fd_sc_hd__mux2_2)
                                                         _0368_ (net)
                      0.040357    0.000025    0.875704 ^ _0787_/A (sky130_fd_sc_hd__buf_1)
     1    0.002542    0.041279    0.076894    0.952598 ^ _0787_/X (sky130_fd_sc_hd__buf_1)
                                                         _0002_ (net)
                      0.041279    0.000012    0.952611 ^ _1062_/D (sky130_fd_sc_hd__dfxtp_2)
                                              0.952611   data arrival time

                                  0.000000    0.000000   clock wr_clk (rise edge)
                                  0.000000    0.000000   clock source latency
     1    0.018723    0.000000    0.000000    0.000000 ^ wr_clk (in)
                                                         wr_clk (net)
                      0.001049    0.000525    0.000525 ^ clkbuf_0_wr_clk/A (sky130_fd_sc_hd__clkbuf_16)
    16    0.088820    0.105109    0.162823    0.163347 ^ clkbuf_0_wr_clk/X (sky130_fd_sc_hd__clkbuf_16)
                                                         clknet_0_wr_clk (net)
                      0.105112    0.000804    0.164151 ^ clkbuf_4_1_0_wr_clk/A (sky130_fd_sc_hd__clkbuf_8)
     2    0.016904    0.046551    0.149671    0.313822 ^ clkbuf_4_1_0_wr_clk/X (sky130_fd_sc_hd__clkbuf_8)
                                                         clknet_4_1_0_wr_clk (net)
                      0.046551    0.000011    0.313833 ^ clkbuf_5_3__f_wr_clk/A (sky130_fd_sc_hd__clkbuf_16)
     5    0.011865    0.034920    0.118237    0.432070 ^ clkbuf_5_3__f_wr_clk/X (sky130_fd_sc_hd__clkbuf_16)
                                                         clknet_5_3__leaf_wr_clk (net)
                      0.034920    0.000017    0.432087 ^ _1062_/CLK (sky130_fd_sc_hd__dfxtp_2)
                                  0.100000    0.532087   clock uncertainty
                                  0.000000    0.532087   clock reconvergence pessimism
                                 -0.031745    0.500342   library hold time
                                              0.500342   data required time
---------------------------------------------------------------------------------------------
                                              0.500342   data required time
                                             -0.952611   data arrival time
---------------------------------------------------------------------------------------------
                                              0.452269   slack (MET)


Startpoint: _1071_ (rising edge-triggered flip-flop clocked by wr_clk)
Endpoint: _1071_ (rising edge-triggered flip-flop clocked by wr_clk)
Path Group: wr_clk
Path Type: min

Fanout         Cap        Slew       Delay        Time   Description
---------------------------------------------------------------------------------------------
                                  0.000000    0.000000   clock wr_clk (rise edge)
                                  0.000000    0.000000   clock source latency
     1    0.018723    0.000000    0.000000    0.000000 ^ wr_clk (in)
                                                         wr_clk (net)
                      0.001049    0.000525    0.000525 ^ clkbuf_0_wr_clk/A (sky130_fd_sc_hd__clkbuf_16)
    16    0.088820    0.105109    0.162823    0.163347 ^ clkbuf_0_wr_clk/X (sky130_fd_sc_hd__clkbuf_16)
                                                         clknet_0_wr_clk (net)
                      0.105119    0.001115    0.164462 ^ clkbuf_4_6_0_wr_clk/A (sky130_fd_sc_hd__clkbuf_8)
     2    0.017555    0.047552    0.150635    0.315097 ^ clkbuf_4_6_0_wr_clk/X (sky130_fd_sc_hd__clkbuf_8)
                                                         clknet_4_6_0_wr_clk (net)
                      0.047552    0.000050    0.315146 ^ clkbuf_5_12__f_wr_clk/A (sky130_fd_sc_hd__clkbuf_16)
     5    0.012835    0.035745    0.119535    0.434681 ^ clkbuf_5_12__f_wr_clk/X (sky130_fd_sc_hd__clkbuf_16)
                                                         clknet_5_12__leaf_wr_clk (net)
                      0.035745    0.000028    0.434709 ^ _1071_/CLK (sky130_fd_sc_hd__dfxtp_2)
     2    0.005049    0.039491    0.309925    0.744634 ^ _1071_/Q (sky130_fd_sc_hd__dfxtp_2)
                                                         u_fifomem.mem[10][1] (net)
                      0.039491    0.000026    0.744660 ^ _0805_/A0 (sky130_fd_sc_hd__mux2_2)
     1    0.002615    0.035730    0.129555    0.874216 ^ _0805_/X (sky130_fd_sc_hd__mux2_2)
                                                         _0378_ (net)
                      0.035730    0.000011    0.874227 ^ _0806_/A (sky130_fd_sc_hd__buf_2)
     1    0.002212    0.024457    0.084619    0.958846 ^ _0806_/X (sky130_fd_sc_hd__buf_2)
                                                         _0011_ (net)
                      0.024457    0.000007    0.958852 ^ _1071_/D (sky130_fd_sc_hd__dfxtp_2)
                                              0.958852   data arrival time

                                  0.000000    0.000000   clock wr_clk (rise edge)
                                  0.000000    0.000000   clock source latency
     1    0.018723    0.000000    0.000000    0.000000 ^ wr_clk (in)
                                                         wr_clk (net)
                      0.001049    0.000525    0.000525 ^ clkbuf_0_wr_clk/A (sky130_fd_sc_hd__clkbuf_16)
    16    0.088820    0.105109    0.162823    0.163347 ^ clkbuf_0_wr_clk/X (sky130_fd_sc_hd__clkbuf_16)
                                                         clknet_0_wr_clk (net)
                      0.105119    0.001115    0.164462 ^ clkbuf_4_6_0_wr_clk/A (sky130_fd_sc_hd__clkbuf_8)
     2    0.017555    0.047552    0.150635    0.315097 ^ clkbuf_4_6_0_wr_clk/X (sky130_fd_sc_hd__clkbuf_8)
                                                         clknet_4_6_0_wr_clk (net)
                      0.047552    0.000050    0.315146 ^ clkbuf_5_12__f_wr_clk/A (sky130_fd_sc_hd__clkbuf_16)
     5    0.012835    0.035745    0.119535    0.434681 ^ clkbuf_5_12__f_wr_clk/X (sky130_fd_sc_hd__clkbuf_16)
                                                         clknet_5_12__leaf_wr_clk (net)
                      0.035745    0.000028    0.434709 ^ _1071_/CLK (sky130_fd_sc_hd__dfxtp_2)
                                  0.100000    0.534709   clock uncertainty
                                  0.000000    0.534709   clock reconvergence pessimism
                                 -0.028148    0.506561   library hold time
                                              0.506561   data required time
---------------------------------------------------------------------------------------------
                                              0.506561   data required time
                                             -0.958852   data arrival time
---------------------------------------------------------------------------------------------
                                              0.452291   slack (MET)


Startpoint: _1130_ (rising edge-triggered flip-flop clocked by wr_clk)
Endpoint: _1130_ (rising edge-triggered flip-flop clocked by wr_clk)
Path Group: wr_clk
Path Type: min

Fanout         Cap        Slew       Delay        Time   Description
---------------------------------------------------------------------------------------------
                                  0.000000    0.000000   clock wr_clk (rise edge)
                                  0.000000    0.000000   clock source latency
     1    0.018723    0.000000    0.000000    0.000000 ^ wr_clk (in)
                                                         wr_clk (net)
                      0.001049    0.000525    0.000525 ^ clkbuf_0_wr_clk/A (sky130_fd_sc_hd__clkbuf_16)
    16    0.088820    0.105109    0.162823    0.163347 ^ clkbuf_0_wr_clk/X (sky130_fd_sc_hd__clkbuf_16)
                                                         clknet_0_wr_clk (net)
                      0.105112    0.000808    0.164156 ^ clkbuf_4_0_0_wr_clk/A (sky130_fd_sc_hd__clkbuf_8)
     2    0.017377    0.047298    0.150321    0.314476 ^ clkbuf_4_0_0_wr_clk/X (sky130_fd_sc_hd__clkbuf_8)
                                                         clknet_4_0_0_wr_clk (net)
                      0.047298    0.000157    0.314633 ^ clkbuf_5_1__f_wr_clk/A (sky130_fd_sc_hd__clkbuf_16)
     5    0.012784    0.035706    0.119357    0.433990 ^ clkbuf_5_1__f_wr_clk/X (sky130_fd_sc_hd__clkbuf_16)
                                                         clknet_5_1__leaf_wr_clk (net)
                      0.035706    0.000170    0.434160 ^ _1130_/CLK (sky130_fd_sc_hd__dfxtp_2)
     2    0.004707    0.038061    0.308631    0.742790 ^ _1130_/Q (sky130_fd_sc_hd__dfxtp_2)
                                                         u_fifomem.mem[2][4] (net)
                      0.038061    0.000014    0.742805 ^ _0933_/A0 (sky130_fd_sc_hd__mux2_2)
     1    0.002835    0.037305    0.130370    0.873175 ^ _0933_/X (sky130_fd_sc_hd__mux2_2)
                                                         _0447_ (net)
                      0.037305    0.000005    0.873180 ^ _0934_/A (sky130_fd_sc_hd__buf_4)
     1    0.001952    0.022023    0.086132    0.959312 ^ _0934_/X (sky130_fd_sc_hd__buf_4)
                                                         _0070_ (net)
                      0.022023    0.000003    0.959315 ^ _1130_/D (sky130_fd_sc_hd__dfxtp_2)
                                              0.959315   data arrival time

                                  0.000000    0.000000   clock wr_clk (rise edge)
                                  0.000000    0.000000   clock source latency
     1    0.018723    0.000000    0.000000    0.000000 ^ wr_clk (in)
                                                         wr_clk (net)
                      0.001049    0.000525    0.000525 ^ clkbuf_0_wr_clk/A (sky130_fd_sc_hd__clkbuf_16)
    16    0.088820    0.105109    0.162823    0.163347 ^ clkbuf_0_wr_clk/X (sky130_fd_sc_hd__clkbuf_16)
                                                         clknet_0_wr_clk (net)
                      0.105112    0.000808    0.164156 ^ clkbuf_4_0_0_wr_clk/A (sky130_fd_sc_hd__clkbuf_8)
     2    0.017377    0.047298    0.150321    0.314476 ^ clkbuf_4_0_0_wr_clk/X (sky130_fd_sc_hd__clkbuf_8)
                                                         clknet_4_0_0_wr_clk (net)
                      0.047298    0.000157    0.314633 ^ clkbuf_5_1__f_wr_clk/A (sky130_fd_sc_hd__clkbuf_16)
     5    0.012784    0.035706    0.119357    0.433990 ^ clkbuf_5_1__f_wr_clk/X (sky130_fd_sc_hd__clkbuf_16)
                                                         clknet_5_1__leaf_wr_clk (net)
                      0.035706    0.000170    0.434160 ^ _1130_/CLK (sky130_fd_sc_hd__dfxtp_2)
                                  0.100000    0.534159   clock uncertainty
                                  0.000000    0.534159   clock reconvergence pessimism
                                 -0.027649    0.506511   library hold time
                                              0.506511   data required time
---------------------------------------------------------------------------------------------
                                              0.506511   data required time
                                             -0.959315   data arrival time
---------------------------------------------------------------------------------------------
                                              0.452804   slack (MET)


Startpoint: _1128_ (rising edge-triggered flip-flop clocked by wr_clk)
Endpoint: _1128_ (rising edge-triggered flip-flop clocked by wr_clk)
Path Group: wr_clk
Path Type: min

Fanout         Cap        Slew       Delay        Time   Description
---------------------------------------------------------------------------------------------
                                  0.000000    0.000000   clock wr_clk (rise edge)
                                  0.000000    0.000000   clock source latency
     1    0.018723    0.000000    0.000000    0.000000 ^ wr_clk (in)
                                                         wr_clk (net)
                      0.001049    0.000525    0.000525 ^ clkbuf_0_wr_clk/A (sky130_fd_sc_hd__clkbuf_16)
    16    0.088820    0.105109    0.162823    0.163347 ^ clkbuf_0_wr_clk/X (sky130_fd_sc_hd__clkbuf_16)
                                                         clknet_0_wr_clk (net)
                      0.105112    0.000808    0.164156 ^ clkbuf_4_0_0_wr_clk/A (sky130_fd_sc_hd__clkbuf_8)
     2    0.017377    0.047298    0.150321    0.314476 ^ clkbuf_4_0_0_wr_clk/X (sky130_fd_sc_hd__clkbuf_8)
                                                         clknet_4_0_0_wr_clk (net)
                      0.047298    0.000148    0.314624 ^ clkbuf_5_0__f_wr_clk/A (sky130_fd_sc_hd__clkbuf_16)
     5    0.015095    0.037667    0.121585    0.436209 ^ clkbuf_5_0__f_wr_clk/X (sky130_fd_sc_hd__clkbuf_16)
                                                         clknet_5_0__leaf_wr_clk (net)
                      0.037667    0.000162    0.436371 ^ _1128_/CLK (sky130_fd_sc_hd__dfxtp_2)
     2    0.004838    0.038604    0.309850    0.746221 ^ _1128_/Q (sky130_fd_sc_hd__dfxtp_2)
                                                         u_fifomem.mem[2][2] (net)
                      0.038604    0.000013    0.746234 ^ _0929_/A0 (sky130_fd_sc_hd__mux2_2)
     1    0.002711    0.036693    0.129821    0.876055 ^ _0929_/X (sky130_fd_sc_hd__mux2_2)
                                                         _0445_ (net)
                      0.036693    0.000003    0.876059 ^ _0930_/A (sky130_fd_sc_hd__buf_4)
     1    0.001933    0.021975    0.085853    0.961912 ^ _0930_/X (sky130_fd_sc_hd__buf_4)
                                                         _0068_ (net)
                      0.021975    0.000003    0.961915 ^ _1128_/D (sky130_fd_sc_hd__dfxtp_2)
                                              0.961915   data arrival time

                                  0.000000    0.000000   clock wr_clk (rise edge)
                                  0.000000    0.000000   clock source latency
     1    0.018723    0.000000    0.000000    0.000000 ^ wr_clk (in)
                                                         wr_clk (net)
                      0.001049    0.000525    0.000525 ^ clkbuf_0_wr_clk/A (sky130_fd_sc_hd__clkbuf_16)
    16    0.088820    0.105109    0.162823    0.163347 ^ clkbuf_0_wr_clk/X (sky130_fd_sc_hd__clkbuf_16)
                                                         clknet_0_wr_clk (net)
                      0.105112    0.000808    0.164156 ^ clkbuf_4_0_0_wr_clk/A (sky130_fd_sc_hd__clkbuf_8)
     2    0.017377    0.047298    0.150321    0.314476 ^ clkbuf_4_0_0_wr_clk/X (sky130_fd_sc_hd__clkbuf_8)
                                                         clknet_4_0_0_wr_clk (net)
                      0.047298    0.000148    0.314624 ^ clkbuf_5_0__f_wr_clk/A (sky130_fd_sc_hd__clkbuf_16)
     5    0.015095    0.037667    0.121585    0.436209 ^ clkbuf_5_0__f_wr_clk/X (sky130_fd_sc_hd__clkbuf_16)
                                                         clknet_5_0__leaf_wr_clk (net)
                      0.037667    0.000162    0.436371 ^ _1128_/CLK (sky130_fd_sc_hd__dfxtp_2)
                                  0.100000    0.536371   clock uncertainty
                                  0.000000    0.536371   clock reconvergence pessimism
                                 -0.027382    0.508989   library hold time
                                              0.508989   data required time
---------------------------------------------------------------------------------------------
                                              0.508989   data required time
                                             -0.961915   data arrival time
---------------------------------------------------------------------------------------------
                                              0.452926   slack (MET)


Startpoint: _1131_ (rising edge-triggered flip-flop clocked by wr_clk)
Endpoint: _1131_ (rising edge-triggered flip-flop clocked by wr_clk)
Path Group: wr_clk
Path Type: min

Fanout         Cap        Slew       Delay        Time   Description
---------------------------------------------------------------------------------------------
                                  0.000000    0.000000   clock wr_clk (rise edge)
                                  0.000000    0.000000   clock source latency
     1    0.018723    0.000000    0.000000    0.000000 ^ wr_clk (in)
                                                         wr_clk (net)
                      0.001049    0.000525    0.000525 ^ clkbuf_0_wr_clk/A (sky130_fd_sc_hd__clkbuf_16)
    16    0.088820    0.105109    0.162823    0.163347 ^ clkbuf_0_wr_clk/X (sky130_fd_sc_hd__clkbuf_16)
                                                         clknet_0_wr_clk (net)
                      0.105111    0.000680    0.164027 ^ clkbuf_4_8_0_wr_clk/A (sky130_fd_sc_hd__clkbuf_8)
     2    0.018015    0.048272    0.151299    0.315326 ^ clkbuf_4_8_0_wr_clk/X (sky130_fd_sc_hd__clkbuf_8)
                                                         clknet_4_8_0_wr_clk (net)
                      0.048272    0.000133    0.315459 ^ clkbuf_5_17__f_wr_clk/A (sky130_fd_sc_hd__clkbuf_16)
     5    0.012586    0.035533    0.119550    0.435008 ^ clkbuf_5_17__f_wr_clk/X (sky130_fd_sc_hd__clkbuf_16)
                                                         clknet_5_17__leaf_wr_clk (net)
                      0.035533    0.000050    0.435059 ^ _1131_/CLK (sky130_fd_sc_hd__dfxtp_2)
     2    0.004435    0.038121    0.307556    0.742615 ^ _1131_/Q (sky130_fd_sc_hd__dfxtp_2)
                                                         u_fifomem.mem[2][5] (net)
                      0.038121    0.000004    0.742619 ^ _0935_/A0 (sky130_fd_sc_hd__mux2_2)
     1    0.002976    0.038002    0.131232    0.873851 ^ _0935_/X (sky130_fd_sc_hd__mux2_2)
                                                         _0448_ (net)
                      0.038002    0.000008    0.873859 ^ _0936_/A (sky130_fd_sc_hd__buf_4)
     1    0.002187    0.022394    0.087024    0.960883 ^ _0936_/X (sky130_fd_sc_hd__buf_4)
                                                         _0071_ (net)
                      0.022394    0.000005    0.960889 ^ _1131_/D (sky130_fd_sc_hd__dfxtp_2)
                                              0.960889   data arrival time

                                  0.000000    0.000000   clock wr_clk (rise edge)
                                  0.000000    0.000000   clock source latency
     1    0.018723    0.000000    0.000000    0.000000 ^ wr_clk (in)
                                                         wr_clk (net)
                      0.001049    0.000525    0.000525 ^ clkbuf_0_wr_clk/A (sky130_fd_sc_hd__clkbuf_16)
    16    0.088820    0.105109    0.162823    0.163347 ^ clkbuf_0_wr_clk/X (sky130_fd_sc_hd__clkbuf_16)
                                                         clknet_0_wr_clk (net)
                      0.105111    0.000680    0.164027 ^ clkbuf_4_8_0_wr_clk/A (sky130_fd_sc_hd__clkbuf_8)
     2    0.018015    0.048272    0.151299    0.315326 ^ clkbuf_4_8_0_wr_clk/X (sky130_fd_sc_hd__clkbuf_8)
                                                         clknet_4_8_0_wr_clk (net)
                      0.048272    0.000133    0.315459 ^ clkbuf_5_17__f_wr_clk/A (sky130_fd_sc_hd__clkbuf_16)
     5    0.012586    0.035533    0.119550    0.435008 ^ clkbuf_5_17__f_wr_clk/X (sky130_fd_sc_hd__clkbuf_16)
                                                         clknet_5_17__leaf_wr_clk (net)
                      0.035533    0.000050    0.435059 ^ _1131_/CLK (sky130_fd_sc_hd__dfxtp_2)
                                  0.100000    0.535059   clock uncertainty
                                  0.000000    0.535059   clock reconvergence pessimism
                                 -0.027748    0.507311   library hold time
                                              0.507311   data required time
---------------------------------------------------------------------------------------------
                                              0.507311   data required time
                                             -0.960889   data arrival time
---------------------------------------------------------------------------------------------
                                              0.453578   slack (MET)


Startpoint: _1123_ (rising edge-triggered flip-flop clocked by wr_clk)
Endpoint: _1123_ (rising edge-triggered flip-flop clocked by wr_clk)
Path Group: wr_clk
Path Type: min

Fanout         Cap        Slew       Delay        Time   Description
---------------------------------------------------------------------------------------------
                                  0.000000    0.000000   clock wr_clk (rise edge)
                                  0.000000    0.000000   clock source latency
     1    0.018723    0.000000    0.000000    0.000000 ^ wr_clk (in)
                                                         wr_clk (net)
                      0.001049    0.000525    0.000525 ^ clkbuf_0_wr_clk/A (sky130_fd_sc_hd__clkbuf_16)
    16    0.088820    0.105109    0.162823    0.163347 ^ clkbuf_0_wr_clk/X (sky130_fd_sc_hd__clkbuf_16)
                                                         clknet_0_wr_clk (net)
                      0.105111    0.000680    0.164027 ^ clkbuf_4_8_0_wr_clk/A (sky130_fd_sc_hd__clkbuf_8)
     2    0.018015    0.048272    0.151299    0.315326 ^ clkbuf_4_8_0_wr_clk/X (sky130_fd_sc_hd__clkbuf_8)
                                                         clknet_4_8_0_wr_clk (net)
                      0.048272    0.000133    0.315459 ^ clkbuf_5_17__f_wr_clk/A (sky130_fd_sc_hd__clkbuf_16)
     5    0.012586    0.035533    0.119550    0.435008 ^ clkbuf_5_17__f_wr_clk/X (sky130_fd_sc_hd__clkbuf_16)
                                                         clknet_5_17__leaf_wr_clk (net)
                      0.035533    0.000028    0.435037 ^ _1123_/CLK (sky130_fd_sc_hd__dfxtp_2)
     2    0.004645    0.039069    0.308341    0.743378 ^ _1123_/Q (sky130_fd_sc_hd__dfxtp_2)
                                                         u_fifomem.mem[1][5] (net)
                      0.039069    0.000009    0.743387 ^ _0918_/A0 (sky130_fd_sc_hd__mux2_2)
     1    0.002963    0.036739    0.131480    0.874867 ^ _0918_/X (sky130_fd_sc_hd__mux2_2)
                                                         _0439_ (net)
                      0.036739    0.000015    0.874883 ^ _0919_/A (sky130_fd_sc_hd__buf_2)
     1    0.002372    0.025096    0.085682    0.960564 ^ _0919_/X (sky130_fd_sc_hd__buf_2)
                                                         _0063_ (net)
                      0.025096    0.000007    0.960571 ^ _1123_/D (sky130_fd_sc_hd__dfxtp_2)
                                              0.960571   data arrival time

                                  0.000000    0.000000   clock wr_clk (rise edge)
                                  0.000000    0.000000   clock source latency
     1    0.018723    0.000000    0.000000    0.000000 ^ wr_clk (in)
                                                         wr_clk (net)
                      0.001049    0.000525    0.000525 ^ clkbuf_0_wr_clk/A (sky130_fd_sc_hd__clkbuf_16)
    16    0.088820    0.105109    0.162823    0.163347 ^ clkbuf_0_wr_clk/X (sky130_fd_sc_hd__clkbuf_16)
                                                         clknet_0_wr_clk (net)
                      0.105111    0.000680    0.164027 ^ clkbuf_4_8_0_wr_clk/A (sky130_fd_sc_hd__clkbuf_8)
     2    0.018015    0.048272    0.151299    0.315326 ^ clkbuf_4_8_0_wr_clk/X (sky130_fd_sc_hd__clkbuf_8)
                                                         clknet_4_8_0_wr_clk (net)
                      0.048272    0.000133    0.315459 ^ clkbuf_5_17__f_wr_clk/A (sky130_fd_sc_hd__clkbuf_16)
     5    0.012586    0.035533    0.119550    0.435008 ^ clkbuf_5_17__f_wr_clk/X (sky130_fd_sc_hd__clkbuf_16)
                                                         clknet_5_17__leaf_wr_clk (net)
                      0.035533    0.000028    0.435037 ^ _1123_/CLK (sky130_fd_sc_hd__dfxtp_2)
                                  0.100000    0.535037   clock uncertainty
                                  0.000000    0.535037   clock reconvergence pessimism
                                 -0.028309    0.506728   library hold time
                                              0.506728   data required time
---------------------------------------------------------------------------------------------
                                              0.506728   data required time
                                             -0.960571   data arrival time
---------------------------------------------------------------------------------------------
                                              0.453843   slack (MET)


Startpoint: _1126_ (rising edge-triggered flip-flop clocked by wr_clk)
Endpoint: _1126_ (rising edge-triggered flip-flop clocked by wr_clk)
Path Group: wr_clk
Path Type: min

Fanout         Cap        Slew       Delay        Time   Description
---------------------------------------------------------------------------------------------
                                  0.000000    0.000000   clock wr_clk (rise edge)
                                  0.000000    0.000000   clock source latency
     1    0.018723    0.000000    0.000000    0.000000 ^ wr_clk (in)
                                                         wr_clk (net)
                      0.001049    0.000525    0.000525 ^ clkbuf_0_wr_clk/A (sky130_fd_sc_hd__clkbuf_16)
    16    0.088820    0.105109    0.162823    0.163347 ^ clkbuf_0_wr_clk/X (sky130_fd_sc_hd__clkbuf_16)
                                                         clknet_0_wr_clk (net)
                      0.105112    0.000804    0.164151 ^ clkbuf_4_1_0_wr_clk/A (sky130_fd_sc_hd__clkbuf_8)
     2    0.016904    0.046551    0.149671    0.313822 ^ clkbuf_4_1_0_wr_clk/X (sky130_fd_sc_hd__clkbuf_8)
                                                         clknet_4_1_0_wr_clk (net)
                      0.046551    0.000011    0.313833 ^ clkbuf_5_3__f_wr_clk/A (sky130_fd_sc_hd__clkbuf_16)
     5    0.011865    0.034920    0.118237    0.432070 ^ clkbuf_5_3__f_wr_clk/X (sky130_fd_sc_hd__clkbuf_16)
                                                         clknet_5_3__leaf_wr_clk (net)
                      0.034920    0.000039    0.432108 ^ _1126_/CLK (sky130_fd_sc_hd__dfxtp_2)
     2    0.004475    0.038301    0.307477    0.739585 ^ _1126_/Q (sky130_fd_sc_hd__dfxtp_2)
                                                         u_fifomem.mem[2][0] (net)
                      0.038301    0.000007    0.739593 ^ _0925_/A0 (sky130_fd_sc_hd__mux2_2)
     1    0.003208    0.037837    0.132674    0.872267 ^ _0925_/X (sky130_fd_sc_hd__mux2_2)
                                                         _0443_ (net)
                      0.037837    0.000013    0.872280 ^ _0926_/A (sky130_fd_sc_hd__buf_4)
     1    0.001913    0.021920    0.086222    0.958502 ^ _0926_/X (sky130_fd_sc_hd__buf_4)
                                                         _0066_ (net)
                      0.021920    0.000003    0.958505 ^ _1126_/D (sky130_fd_sc_hd__dfxtp_2)
                                              0.958505   data arrival time

                                  0.000000    0.000000   clock wr_clk (rise edge)
                                  0.000000    0.000000   clock source latency
     1    0.018723    0.000000    0.000000    0.000000 ^ wr_clk (in)
                                                         wr_clk (net)
                      0.001049    0.000525    0.000525 ^ clkbuf_0_wr_clk/A (sky130_fd_sc_hd__clkbuf_16)
    16    0.088820    0.105109    0.162823    0.163347 ^ clkbuf_0_wr_clk/X (sky130_fd_sc_hd__clkbuf_16)
                                                         clknet_0_wr_clk (net)
                      0.105112    0.000804    0.164151 ^ clkbuf_4_1_0_wr_clk/A (sky130_fd_sc_hd__clkbuf_8)
     2    0.016904    0.046551    0.149671    0.313822 ^ clkbuf_4_1_0_wr_clk/X (sky130_fd_sc_hd__clkbuf_8)
                                                         clknet_4_1_0_wr_clk (net)
                      0.046551    0.000011    0.313833 ^ clkbuf_5_3__f_wr_clk/A (sky130_fd_sc_hd__clkbuf_16)
     5    0.011865    0.034920    0.118237    0.432070 ^ clkbuf_5_3__f_wr_clk/X (sky130_fd_sc_hd__clkbuf_16)
                                                         clknet_5_3__leaf_wr_clk (net)
                      0.034920    0.000039    0.432108 ^ _1126_/CLK (sky130_fd_sc_hd__dfxtp_2)
                                  0.100000    0.532108   clock uncertainty
                                  0.000000    0.532108   clock reconvergence pessimism
                                 -0.027731    0.504378   library hold time
                                              0.504378   data required time
---------------------------------------------------------------------------------------------
                                              0.504378   data required time
                                             -0.958505   data arrival time
---------------------------------------------------------------------------------------------
                                              0.454127   slack (MET)


Startpoint: _1107_ (rising edge-triggered flip-flop clocked by wr_clk)
Endpoint: _1107_ (rising edge-triggered flip-flop clocked by wr_clk)
Path Group: wr_clk
Path Type: min

Fanout         Cap        Slew       Delay        Time   Description
---------------------------------------------------------------------------------------------
                                  0.000000    0.000000   clock wr_clk (rise edge)
                                  0.000000    0.000000   clock source latency
     1    0.018723    0.000000    0.000000    0.000000 ^ wr_clk (in)
                                                         wr_clk (net)
                      0.001049    0.000525    0.000525 ^ clkbuf_0_wr_clk/A (sky130_fd_sc_hd__clkbuf_16)
    16    0.088820    0.105109    0.162823    0.163347 ^ clkbuf_0_wr_clk/X (sky130_fd_sc_hd__clkbuf_16)
                                                         clknet_0_wr_clk (net)
                      0.105110    0.000587    0.163935 ^ clkbuf_4_3_0_wr_clk/A (sky130_fd_sc_hd__clkbuf_8)
     2    0.017995    0.048243    0.151260    0.315195 ^ clkbuf_4_3_0_wr_clk/X (sky130_fd_sc_hd__clkbuf_8)
                                                         clknet_4_3_0_wr_clk (net)
                      0.048243    0.000154    0.315348 ^ clkbuf_5_6__f_wr_clk/A (sky130_fd_sc_hd__clkbuf_16)
     5    0.012298    0.035288    0.119268    0.434616 ^ clkbuf_5_6__f_wr_clk/X (sky130_fd_sc_hd__clkbuf_16)
                                                         clknet_5_6__leaf_wr_clk (net)
                      0.035288    0.000011    0.434627 ^ _1107_/CLK (sky130_fd_sc_hd__dfxtp_2)
     2    0.004631    0.039005    0.308197    0.742824 ^ _1107_/Q (sky130_fd_sc_hd__dfxtp_2)
                                                         u_fifomem.mem[14][5] (net)
                      0.039005    0.000003    0.742827 ^ _0884_/A0 (sky130_fd_sc_hd__mux2_2)
     1    0.002866    0.036959    0.130881    0.873708 ^ _0884_/X (sky130_fd_sc_hd__mux2_2)
                                                         _0421_ (net)
                      0.036959    0.000017    0.873725 ^ _0885_/A (sky130_fd_sc_hd__buf_2)
     1    0.002638    0.026164    0.086896    0.960621 ^ _0885_/X (sky130_fd_sc_hd__buf_2)
                                                         _0047_ (net)
                      0.026164    0.000013    0.960634 ^ _1107_/D (sky130_fd_sc_hd__dfxtp_2)
                                              0.960634   data arrival time

                                  0.000000    0.000000   clock wr_clk (rise edge)
                                  0.000000    0.000000   clock source latency
     1    0.018723    0.000000    0.000000    0.000000 ^ wr_clk (in)
                                                         wr_clk (net)
                      0.001049    0.000525    0.000525 ^ clkbuf_0_wr_clk/A (sky130_fd_sc_hd__clkbuf_16)
    16    0.088820    0.105109    0.162823    0.163347 ^ clkbuf_0_wr_clk/X (sky130_fd_sc_hd__clkbuf_16)
                                                         clknet_0_wr_clk (net)
                      0.105110    0.000587    0.163935 ^ clkbuf_4_3_0_wr_clk/A (sky130_fd_sc_hd__clkbuf_8)
     2    0.017995    0.048243    0.151260    0.315195 ^ clkbuf_4_3_0_wr_clk/X (sky130_fd_sc_hd__clkbuf_8)
                                                         clknet_4_3_0_wr_clk (net)
                      0.048243    0.000154    0.315348 ^ clkbuf_5_6__f_wr_clk/A (sky130_fd_sc_hd__clkbuf_16)
     5    0.012298    0.035288    0.119268    0.434616 ^ clkbuf_5_6__f_wr_clk/X (sky130_fd_sc_hd__clkbuf_16)
                                                         clknet_5_6__leaf_wr_clk (net)
                      0.035288    0.000011    0.434627 ^ _1107_/CLK (sky130_fd_sc_hd__dfxtp_2)
                                  0.100000    0.534627   clock uncertainty
                                  0.000000    0.534627   clock reconvergence pessimism
                                 -0.028562    0.506065   library hold time
                                              0.506065   data required time
---------------------------------------------------------------------------------------------
                                              0.506065   data required time
                                             -0.960634   data arrival time
---------------------------------------------------------------------------------------------
                                              0.454570   slack (MET)


Startpoint: _1074_ (rising edge-triggered flip-flop clocked by wr_clk)
Endpoint: _1074_ (rising edge-triggered flip-flop clocked by wr_clk)
Path Group: wr_clk
Path Type: min

Fanout         Cap        Slew       Delay        Time   Description
---------------------------------------------------------------------------------------------
                                  0.000000    0.000000   clock wr_clk (rise edge)
                                  0.000000    0.000000   clock source latency
     1    0.018723    0.000000    0.000000    0.000000 ^ wr_clk (in)
                                                         wr_clk (net)
                      0.001049    0.000525    0.000525 ^ clkbuf_0_wr_clk/A (sky130_fd_sc_hd__clkbuf_16)
    16    0.088820    0.105109    0.162823    0.163347 ^ clkbuf_0_wr_clk/X (sky130_fd_sc_hd__clkbuf_16)
                                                         clknet_0_wr_clk (net)
                      0.105111    0.000742    0.164089 ^ clkbuf_4_2_0_wr_clk/A (sky130_fd_sc_hd__clkbuf_8)
     2    0.017392    0.047296    0.150404    0.314493 ^ clkbuf_4_2_0_wr_clk/X (sky130_fd_sc_hd__clkbuf_8)
                                                         clknet_4_2_0_wr_clk (net)
                      0.047296    0.000048    0.314541 ^ clkbuf_5_4__f_wr_clk/A (sky130_fd_sc_hd__clkbuf_16)
     5    0.012565    0.035515    0.119182    0.433724 ^ clkbuf_5_4__f_wr_clk/X (sky130_fd_sc_hd__clkbuf_16)
                                                         clknet_5_4__leaf_wr_clk (net)
                      0.035515    0.000010    0.433734 ^ _1074_/CLK (sky130_fd_sc_hd__dfxtp_2)
     2    0.004634    0.039021    0.308295    0.742029 ^ _1074_/Q (sky130_fd_sc_hd__dfxtp_2)
                                                         u_fifomem.mem[10][4] (net)
                      0.039021    0.000004    0.742033 ^ _0811_/A0 (sky130_fd_sc_hd__mux2_2)
     1    0.002915    0.037188    0.131175    0.873208 ^ _0811_/X (sky130_fd_sc_hd__mux2_2)
                                                         _0381_ (net)
                      0.037188    0.000018    0.873226 ^ _0812_/A (sky130_fd_sc_hd__buf_2)
     1    0.002629    0.026126    0.086942    0.960168 ^ _0812_/X (sky130_fd_sc_hd__buf_2)
                                                         _0014_ (net)
                      0.026126    0.000013    0.960182 ^ _1074_/D (sky130_fd_sc_hd__dfxtp_2)
                                              0.960182   data arrival time

                                  0.000000    0.000000   clock wr_clk (rise edge)
                                  0.000000    0.000000   clock source latency
     1    0.018723    0.000000    0.000000    0.000000 ^ wr_clk (in)
                                                         wr_clk (net)
                      0.001049    0.000525    0.000525 ^ clkbuf_0_wr_clk/A (sky130_fd_sc_hd__clkbuf_16)
    16    0.088820    0.105109    0.162823    0.163347 ^ clkbuf_0_wr_clk/X (sky130_fd_sc_hd__clkbuf_16)
                                                         clknet_0_wr_clk (net)
                      0.105111    0.000742    0.164089 ^ clkbuf_4_2_0_wr_clk/A (sky130_fd_sc_hd__clkbuf_8)
     2    0.017392    0.047296    0.150404    0.314493 ^ clkbuf_4_2_0_wr_clk/X (sky130_fd_sc_hd__clkbuf_8)
                                                         clknet_4_2_0_wr_clk (net)
                      0.047296    0.000048    0.314541 ^ clkbuf_5_4__f_wr_clk/A (sky130_fd_sc_hd__clkbuf_16)
     5    0.012565    0.035515    0.119182    0.433724 ^ clkbuf_5_4__f_wr_clk/X (sky130_fd_sc_hd__clkbuf_16)
                                                         clknet_5_4__leaf_wr_clk (net)
                      0.035515    0.000010    0.433734 ^ _1074_/CLK (sky130_fd_sc_hd__dfxtp_2)
                                  0.100000    0.533734   clock uncertainty
                                  0.000000    0.533734   clock reconvergence pessimism
                                 -0.028525    0.505209   library hold time
                                              0.505209   data required time
---------------------------------------------------------------------------------------------
                                              0.505209   data required time
                                             -0.960182   data arrival time
---------------------------------------------------------------------------------------------
                                              0.454972   slack (MET)


Startpoint: _1065_ (rising edge-triggered flip-flop clocked by wr_clk)
Endpoint: _1065_ (rising edge-triggered flip-flop clocked by wr_clk)
Path Group: wr_clk
Path Type: min

Fanout         Cap        Slew       Delay        Time   Description
---------------------------------------------------------------------------------------------
                                  0.000000    0.000000   clock wr_clk (rise edge)
                                  0.000000    0.000000   clock source latency
     1    0.018723    0.000000    0.000000    0.000000 ^ wr_clk (in)
                                                         wr_clk (net)
                      0.001049    0.000525    0.000525 ^ clkbuf_0_wr_clk/A (sky130_fd_sc_hd__clkbuf_16)
    16    0.088820    0.105109    0.162823    0.163347 ^ clkbuf_0_wr_clk/X (sky130_fd_sc_hd__clkbuf_16)
                                                         clknet_0_wr_clk (net)
                      0.105110    0.000589    0.163936 ^ clkbuf_4_10_0_wr_clk/A (sky130_fd_sc_hd__clkbuf_8)
     2    0.017560    0.047565    0.150629    0.314565 ^ clkbuf_4_10_0_wr_clk/X (sky130_fd_sc_hd__clkbuf_8)
                                                         clknet_4_10_0_wr_clk (net)
                      0.047565    0.000089    0.314653 ^ clkbuf_5_20__f_wr_clk/A (sky130_fd_sc_hd__clkbuf_16)
     5    0.011913    0.034960    0.118653    0.433306 ^ clkbuf_5_20__f_wr_clk/X (sky130_fd_sc_hd__clkbuf_16)
                                                         clknet_5_20__leaf_wr_clk (net)
                      0.034960    0.000021    0.433327 ^ _1065_/CLK (sky130_fd_sc_hd__dfxtp_2)
     2    0.005381    0.040903    0.310881    0.744208 ^ _1065_/Q (sky130_fd_sc_hd__dfxtp_2)
                                                         u_fifomem.mem[0][3] (net)
                      0.040903    0.000012    0.744220 ^ _0792_/A0 (sky130_fd_sc_hd__mux2_2)
     1    0.003379    0.038646    0.134602    0.878822 ^ _0792_/X (sky130_fd_sc_hd__mux2_2)
                                                         _0371_ (net)
                      0.038646    0.000022    0.878843 ^ _0793_/A (sky130_fd_sc_hd__buf_1)
     1    0.002772    0.043745    0.078187    0.957030 ^ _0793_/X (sky130_fd_sc_hd__buf_1)
                                                         _0005_ (net)
                      0.043745    0.000017    0.957047 ^ _1065_/D (sky130_fd_sc_hd__dfxtp_2)
                                              0.957047   data arrival time

                                  0.000000    0.000000   clock wr_clk (rise edge)
                                  0.000000    0.000000   clock source latency
     1    0.018723    0.000000    0.000000    0.000000 ^ wr_clk (in)
                                                         wr_clk (net)
                      0.001049    0.000525    0.000525 ^ clkbuf_0_wr_clk/A (sky130_fd_sc_hd__clkbuf_16)
    16    0.088820    0.105109    0.162823    0.163347 ^ clkbuf_0_wr_clk/X (sky130_fd_sc_hd__clkbuf_16)
                                                         clknet_0_wr_clk (net)
                      0.105110    0.000589    0.163936 ^ clkbuf_4_10_0_wr_clk/A (sky130_fd_sc_hd__clkbuf_8)
     2    0.017560    0.047565    0.150629    0.314565 ^ clkbuf_4_10_0_wr_clk/X (sky130_fd_sc_hd__clkbuf_8)
                                                         clknet_4_10_0_wr_clk (net)
                      0.047565    0.000089    0.314653 ^ clkbuf_5_20__f_wr_clk/A (sky130_fd_sc_hd__clkbuf_16)
     5    0.011913    0.034960    0.118653    0.433306 ^ clkbuf_5_20__f_wr_clk/X (sky130_fd_sc_hd__clkbuf_16)
                                                         clknet_5_20__leaf_wr_clk (net)
                      0.034960    0.000021    0.433327 ^ _1065_/CLK (sky130_fd_sc_hd__dfxtp_2)
                                  0.100000    0.533327   clock uncertainty
                                  0.000000    0.533327   clock reconvergence pessimism
                                 -0.032251    0.501076   library hold time
                                              0.501076   data required time
---------------------------------------------------------------------------------------------
                                              0.501076   data required time
                                             -0.957047   data arrival time
---------------------------------------------------------------------------------------------
                                              0.455971   slack (MET)


Startpoint: _1127_ (rising edge-triggered flip-flop clocked by wr_clk)
Endpoint: _1127_ (rising edge-triggered flip-flop clocked by wr_clk)
Path Group: wr_clk
Path Type: min

Fanout         Cap        Slew       Delay        Time   Description
---------------------------------------------------------------------------------------------
                                  0.000000    0.000000   clock wr_clk (rise edge)
                                  0.000000    0.000000   clock source latency
     1    0.018723    0.000000    0.000000    0.000000 ^ wr_clk (in)
                                                         wr_clk (net)
                      0.001049    0.000525    0.000525 ^ clkbuf_0_wr_clk/A (sky130_fd_sc_hd__clkbuf_16)
    16    0.088820    0.105109    0.162823    0.163347 ^ clkbuf_0_wr_clk/X (sky130_fd_sc_hd__clkbuf_16)
                                                         clknet_0_wr_clk (net)
                      0.105111    0.000676    0.164024 ^ clkbuf_4_9_0_wr_clk/A (sky130_fd_sc_hd__clkbuf_8)
     2    0.017637    0.047691    0.150726    0.314749 ^ clkbuf_4_9_0_wr_clk/X (sky130_fd_sc_hd__clkbuf_8)
                                                         clknet_4_9_0_wr_clk (net)
                      0.047691    0.000127    0.314876 ^ clkbuf_5_19__f_wr_clk/A (sky130_fd_sc_hd__clkbuf_16)
     5    0.012035    0.035064    0.118813    0.433690 ^ clkbuf_5_19__f_wr_clk/X (sky130_fd_sc_hd__clkbuf_16)
                                                         clknet_5_19__leaf_wr_clk (net)
                      0.035064    0.000049    0.433738 ^ _1127_/CLK (sky130_fd_sc_hd__dfxtp_2)
     2    0.004754    0.039563    0.308576    0.742314 ^ _1127_/Q (sky130_fd_sc_hd__dfxtp_2)
                                                         u_fifomem.mem[2][1] (net)
                      0.039563    0.000007    0.742321 ^ _0927_/A0 (sky130_fd_sc_hd__mux2_2)
     1    0.003248    0.038029    0.133352    0.875673 ^ _0927_/X (sky130_fd_sc_hd__mux2_2)
                                                         _0444_ (net)
                      0.038029    0.000013    0.875686 ^ _0928_/A (sky130_fd_sc_hd__buf_4)
     1    0.002399    0.022884    0.087603    0.963290 ^ _0928_/X (sky130_fd_sc_hd__buf_4)
                                                         _0067_ (net)
                      0.022884    0.000008    0.963298 ^ _1127_/D (sky130_fd_sc_hd__dfxtp_2)
                                              0.963298   data arrival time

                                  0.000000    0.000000   clock wr_clk (rise edge)
                                  0.000000    0.000000   clock source latency
     1    0.018723    0.000000    0.000000    0.000000 ^ wr_clk (in)
                                                         wr_clk (net)
                      0.001049    0.000525    0.000525 ^ clkbuf_0_wr_clk/A (sky130_fd_sc_hd__clkbuf_16)
    16    0.088820    0.105109    0.162823    0.163347 ^ clkbuf_0_wr_clk/X (sky130_fd_sc_hd__clkbuf_16)
                                                         clknet_0_wr_clk (net)
                      0.105111    0.000676    0.164024 ^ clkbuf_4_9_0_wr_clk/A (sky130_fd_sc_hd__clkbuf_8)
     2    0.017637    0.047691    0.150726    0.314749 ^ clkbuf_4_9_0_wr_clk/X (sky130_fd_sc_hd__clkbuf_8)
                                                         clknet_4_9_0_wr_clk (net)
                      0.047691    0.000127    0.314876 ^ clkbuf_5_19__f_wr_clk/A (sky130_fd_sc_hd__clkbuf_16)
     5    0.012035    0.035064    0.118813    0.433690 ^ clkbuf_5_19__f_wr_clk/X (sky130_fd_sc_hd__clkbuf_16)
                                                         clknet_5_19__leaf_wr_clk (net)
                      0.035064    0.000049    0.433738 ^ _1127_/CLK (sky130_fd_sc_hd__dfxtp_2)
                                  0.100000    0.533738   clock uncertainty
                                  0.000000    0.533738   clock reconvergence pessimism
                                 -0.027912    0.505827   library hold time
                                              0.505827   data required time
---------------------------------------------------------------------------------------------
                                              0.505827   data required time
                                             -0.963298   data arrival time
---------------------------------------------------------------------------------------------
                                              0.457472   slack (MET)


Startpoint: _1132_ (rising edge-triggered flip-flop clocked by wr_clk)
Endpoint: _1132_ (rising edge-triggered flip-flop clocked by wr_clk)
Path Group: wr_clk
Path Type: min

Fanout         Cap        Slew       Delay        Time   Description
---------------------------------------------------------------------------------------------
                                  0.000000    0.000000   clock wr_clk (rise edge)
                                  0.000000    0.000000   clock source latency
     1    0.018723    0.000000    0.000000    0.000000 ^ wr_clk (in)
                                                         wr_clk (net)
                      0.001049    0.000525    0.000525 ^ clkbuf_0_wr_clk/A (sky130_fd_sc_hd__clkbuf_16)
    16    0.088820    0.105109    0.162823    0.163347 ^ clkbuf_0_wr_clk/X (sky130_fd_sc_hd__clkbuf_16)
                                                         clknet_0_wr_clk (net)
                      0.105111    0.000676    0.164024 ^ clkbuf_4_9_0_wr_clk/A (sky130_fd_sc_hd__clkbuf_8)
     2    0.017637    0.047691    0.150726    0.314749 ^ clkbuf_4_9_0_wr_clk/X (sky130_fd_sc_hd__clkbuf_8)
                                                         clknet_4_9_0_wr_clk (net)
                      0.047691    0.000127    0.314876 ^ clkbuf_5_19__f_wr_clk/A (sky130_fd_sc_hd__clkbuf_16)
     5    0.012035    0.035064    0.118813    0.433690 ^ clkbuf_5_19__f_wr_clk/X (sky130_fd_sc_hd__clkbuf_16)
                                                         clknet_5_19__leaf_wr_clk (net)
                      0.035064    0.000022    0.433712 ^ _1132_/CLK (sky130_fd_sc_hd__dfxtp_2)
     2    0.004855    0.040018    0.308953    0.742665 ^ _1132_/Q (sky130_fd_sc_hd__dfxtp_2)
                                                         u_fifomem.mem[2][6] (net)
                      0.040018    0.000007    0.742672 ^ _0937_/A0 (sky130_fd_sc_hd__mux2_2)
     1    0.003411    0.038830    0.134485    0.877157 ^ _0937_/X (sky130_fd_sc_hd__mux2_2)
                                                         _0449_ (net)
                      0.038830    0.000016    0.877173 ^ _0938_/A (sky130_fd_sc_hd__buf_4)
     1    0.002012    0.021982    0.086858    0.964030 ^ _0938_/X (sky130_fd_sc_hd__buf_4)
                                                         _0072_ (net)
                      0.021982    0.000004    0.964034 ^ _1132_/D (sky130_fd_sc_hd__dfxtp_2)
                                              0.964034   data arrival time

                                  0.000000    0.000000   clock wr_clk (rise edge)
                                  0.000000    0.000000   clock source latency
     1    0.018723    0.000000    0.000000    0.000000 ^ wr_clk (in)
                                                         wr_clk (net)
                      0.001049    0.000525    0.000525 ^ clkbuf_0_wr_clk/A (sky130_fd_sc_hd__clkbuf_16)
    16    0.088820    0.105109    0.162823    0.163347 ^ clkbuf_0_wr_clk/X (sky130_fd_sc_hd__clkbuf_16)
                                                         clknet_0_wr_clk (net)
                      0.105111    0.000676    0.164024 ^ clkbuf_4_9_0_wr_clk/A (sky130_fd_sc_hd__clkbuf_8)
     2    0.017637    0.047691    0.150726    0.314749 ^ clkbuf_4_9_0_wr_clk/X (sky130_fd_sc_hd__clkbuf_8)
                                                         clknet_4_9_0_wr_clk (net)
                      0.047691    0.000127    0.314876 ^ clkbuf_5_19__f_wr_clk/A (sky130_fd_sc_hd__clkbuf_16)
     5    0.012035    0.035064    0.118813    0.433690 ^ clkbuf_5_19__f_wr_clk/X (sky130_fd_sc_hd__clkbuf_16)
                                                         clknet_5_19__leaf_wr_clk (net)
                      0.035064    0.000022    0.433712 ^ _1132_/CLK (sky130_fd_sc_hd__dfxtp_2)
                                  0.100000    0.533712   clock uncertainty
                                  0.000000    0.533712   clock reconvergence pessimism
                                 -0.027724    0.505987   library hold time
                                              0.505987   data required time
---------------------------------------------------------------------------------------------
                                              0.505987   data required time
                                             -0.964034   data arrival time
---------------------------------------------------------------------------------------------
                                              0.458047   slack (MET)


Startpoint: _1203_ (rising edge-triggered flip-flop clocked by rd_clk)
Endpoint: _1241_ (removal check against rising-edge clock rd_clk)
Path Group: asynchronous
Path Type: min

Fanout         Cap        Slew       Delay        Time   Description
---------------------------------------------------------------------------------------------
                                  0.000000    0.000000   clock rd_clk (rise edge)
                                  0.000000    0.000000   clock source latency
     1    0.011733    0.000000    0.000000    0.000000 ^ rd_clk (in)
                                                         rd_clk (net)
                      0.000281    0.000140    0.000140 ^ clkbuf_0_rd_clk/A (sky130_fd_sc_hd__clkbuf_16)
     4    0.035637    0.055921    0.123129    0.123269 ^ clkbuf_0_rd_clk/X (sky130_fd_sc_hd__clkbuf_16)
                                                         clknet_0_rd_clk (net)
                      0.055921    0.000153    0.123422 ^ clkbuf_2_3__f_rd_clk/A (sky130_fd_sc_hd__clkbuf_16)
     7    0.020291    0.042098    0.129718    0.253140 ^ clkbuf_2_3__f_rd_clk/X (sky130_fd_sc_hd__clkbuf_16)
                                                         clknet_2_3__leaf_rd_clk (net)
                      0.042098    0.000099    0.253239 ^ _1203_/CLK (sky130_fd_sc_hd__dfrtp_2)
     2    0.006595    0.056213    0.348068    0.601307 ^ _1203_/Q (sky130_fd_sc_hd__dfrtp_2)
                                                         u_rd_reset_sync.sync_ff2 (net)
                      0.056213    0.000017    0.601325 ^ hold99/A (sky130_fd_sc_hd__dlygate4sd3_1)
     1    0.005713    0.078270    0.561834    1.163159 ^ hold99/X (sky130_fd_sc_hd__dlygate4sd3_1)
                                                         net98 (net)
                      0.078270    0.000051    1.163209 ^ _1241_/RESET_B (sky130_fd_sc_hd__dfrtp_2)
                                              1.163209   data arrival time

                                  0.000000    0.000000   clock rd_clk (rise edge)
                                  0.000000    0.000000   clock source latency
     1    0.011733    0.000000    0.000000    0.000000 ^ rd_clk (in)
                                                         rd_clk (net)
                      0.000281    0.000140    0.000140 ^ clkbuf_0_rd_clk/A (sky130_fd_sc_hd__clkbuf_16)
     4    0.035637    0.055921    0.123129    0.123269 ^ clkbuf_0_rd_clk/X (sky130_fd_sc_hd__clkbuf_16)
                                                         clknet_0_rd_clk (net)
                      0.055921    0.000164    0.123433 ^ clkbuf_2_2__f_rd_clk/A (sky130_fd_sc_hd__clkbuf_16)
     8    0.023350    0.044770    0.132669    0.256103 ^ clkbuf_2_2__f_rd_clk/X (sky130_fd_sc_hd__clkbuf_16)
                                                         clknet_2_2__leaf_rd_clk (net)
                      0.044770    0.000074    0.256177 ^ _1241_/CLK (sky130_fd_sc_hd__dfrtp_2)
                                  0.100000    0.356177   clock uncertainty
                                  0.000000    0.356177   clock reconvergence pessimism
                                  0.329256    0.685432   library removal time
                                              0.685432   data required time
---------------------------------------------------------------------------------------------
                                              0.685432   data required time
                                             -1.163209   data arrival time
---------------------------------------------------------------------------------------------
                                              0.477777   slack (MET)


Startpoint: _1199_ (rising edge-triggered flip-flop clocked by wr_clk)
Endpoint: _1195_ (rising edge-triggered flip-flop clocked by wr_clk)
Path Group: wr_clk
Path Type: min

Fanout         Cap        Slew       Delay        Time   Description
---------------------------------------------------------------------------------------------
                                  0.000000    0.000000   clock wr_clk (rise edge)
                                  0.000000    0.000000   clock source latency
     1    0.018723    0.000000    0.000000    0.000000 ^ wr_clk (in)
                                                         wr_clk (net)
                      0.001049    0.000525    0.000525 ^ clkbuf_0_wr_clk/A (sky130_fd_sc_hd__clkbuf_16)
    16    0.088820    0.105109    0.162823    0.163347 ^ clkbuf_0_wr_clk/X (sky130_fd_sc_hd__clkbuf_16)
                                                         clknet_0_wr_clk (net)
                      0.105110    0.000589    0.163936 ^ clkbuf_4_10_0_wr_clk/A (sky130_fd_sc_hd__clkbuf_8)
     2    0.017560    0.047565    0.150629    0.314565 ^ clkbuf_4_10_0_wr_clk/X (sky130_fd_sc_hd__clkbuf_8)
                                                         clknet_4_10_0_wr_clk (net)
                      0.047565    0.000075    0.314640 ^ clkbuf_5_21__f_wr_clk/A (sky130_fd_sc_hd__clkbuf_16)
     6    0.016654    0.038990    0.123173    0.437812 ^ clkbuf_5_21__f_wr_clk/X (sky130_fd_sc_hd__clkbuf_16)
                                                         clknet_5_21__leaf_wr_clk (net)
                      0.038998    0.000149    0.437961 ^ _1199_/CLK (sky130_fd_sc_hd__dfrtp_2)
     2    0.010451    0.070917    0.363480    0.801441 ^ _1199_/Q (sky130_fd_sc_hd__dfrtp_2)
                                                         afull_thresh_latched[3] (net)
                      0.070917    0.000029    0.801471 ^ _0631_/A2_N (sky130_fd_sc_hd__o2bb2ai_2)
     1    0.010211    0.086806    0.126334    0.927805 ^ _0631_/Y (sky130_fd_sc_hd__o2bb2ai_2)
                                                         _0225_ (net)
                      0.086806    0.000074    0.927880 ^ _0640_/A (sky130_fd_sc_hd__nand3_4)
     1    0.002439    0.035661    0.054361    0.982241 v _0640_/Y (sky130_fd_sc_hd__nand3_4)
                                                         _0001_ (net)
                      0.035661    0.000007    0.982248 v _1195_/D (sky130_fd_sc_hd__dfrtp_2)
                                              0.982248   data arrival time

                                  0.000000    0.000000   clock wr_clk (rise edge)
                                  0.000000    0.000000   clock source latency
     1    0.018723    0.000000    0.000000    0.000000 ^ wr_clk (in)
                                                         wr_clk (net)
                      0.001049    0.000525    0.000525 ^ clkbuf_0_wr_clk/A (sky130_fd_sc_hd__clkbuf_16)
    16    0.088820    0.105109    0.162823    0.163347 ^ clkbuf_0_wr_clk/X (sky130_fd_sc_hd__clkbuf_16)
                                                         clknet_0_wr_clk (net)
                      0.105110    0.000589    0.163936 ^ clkbuf_4_10_0_wr_clk/A (sky130_fd_sc_hd__clkbuf_8)
     2    0.017560    0.047565    0.150629    0.314565 ^ clkbuf_4_10_0_wr_clk/X (sky130_fd_sc_hd__clkbuf_8)
                                                         clknet_4_10_0_wr_clk (net)
                      0.047565    0.000075    0.314640 ^ clkbuf_5_21__f_wr_clk/A (sky130_fd_sc_hd__clkbuf_16)
     6    0.016654    0.038990    0.123173    0.437812 ^ clkbuf_5_21__f_wr_clk/X (sky130_fd_sc_hd__clkbuf_16)
                                                         clknet_5_21__leaf_wr_clk (net)
                      0.038998    0.000192    0.438004 ^ _1195_/CLK (sky130_fd_sc_hd__dfrtp_2)
                                  0.100000    0.538004   clock uncertainty
                                  0.000000    0.538004   clock reconvergence pessimism
                                 -0.039680    0.498324   library hold time
                                              0.498324   data required time
---------------------------------------------------------------------------------------------
                                              0.498324   data required time
                                             -0.982248   data arrival time
---------------------------------------------------------------------------------------------
                                              0.483924   slack (MET)


Startpoint: _1243_ (rising edge-triggered flip-flop clocked by rd_clk)
Endpoint: _1243_ (rising edge-triggered flip-flop clocked by rd_clk)
Path Group: rd_clk
Path Type: min

Fanout         Cap        Slew       Delay        Time   Description
---------------------------------------------------------------------------------------------
                                  0.000000    0.000000   clock rd_clk (rise edge)
                                  0.000000    0.000000   clock source latency
     1    0.011733    0.000000    0.000000    0.000000 ^ rd_clk (in)
                                                         rd_clk (net)
                      0.000281    0.000140    0.000140 ^ clkbuf_0_rd_clk/A (sky130_fd_sc_hd__clkbuf_16)
     4    0.035637    0.055921    0.123129    0.123269 ^ clkbuf_0_rd_clk/X (sky130_fd_sc_hd__clkbuf_16)
                                                         clknet_0_rd_clk (net)
                      0.055921    0.000117    0.123386 ^ clkbuf_2_1__f_rd_clk/A (sky130_fd_sc_hd__clkbuf_16)
     7    0.017421    0.039652    0.126989    0.250375 ^ clkbuf_2_1__f_rd_clk/X (sky130_fd_sc_hd__clkbuf_16)
                                                         clknet_2_1__leaf_rd_clk (net)
                      0.039652    0.000013    0.250388 ^ _1243_/CLK (sky130_fd_sc_hd__dfrtp_2)
     3    0.033562    0.170132    0.444894    0.695281 ^ _1243_/Q (sky130_fd_sc_hd__dfrtp_2)
                                                         rd_ptr_bin[4] (net)
                      0.170132    0.000156    0.695437 ^ _0536_/A (sky130_fd_sc_hd__xnor2_4)
     2    0.010349    0.046413    0.100870    0.796306 v _0536_/Y (sky130_fd_sc_hd__xnor2_4)
                                                         rd_ptr_bin_next_wm[4] (net)
                      0.046413    0.000022    0.796328 v _1243_/D (sky130_fd_sc_hd__dfrtp_2)
                                              0.796328   data arrival time

                                  0.000000    0.000000   clock rd_clk (rise edge)
                                  0.000000    0.000000   clock source latency
     1    0.011733    0.000000    0.000000    0.000000 ^ rd_clk (in)
                                                         rd_clk (net)
                      0.000281    0.000140    0.000140 ^ clkbuf_0_rd_clk/A (sky130_fd_sc_hd__clkbuf_16)
     4    0.035637    0.055921    0.123129    0.123269 ^ clkbuf_0_rd_clk/X (sky130_fd_sc_hd__clkbuf_16)
                                                         clknet_0_rd_clk (net)
                      0.055921    0.000117    0.123386 ^ clkbuf_2_1__f_rd_clk/A (sky130_fd_sc_hd__clkbuf_16)
     7    0.017421    0.039652    0.126989    0.250375 ^ clkbuf_2_1__f_rd_clk/X (sky130_fd_sc_hd__clkbuf_16)
                                                         clknet_2_1__leaf_rd_clk (net)
                      0.039652    0.000013    0.250388 ^ _1243_/CLK (sky130_fd_sc_hd__dfrtp_2)
                                  0.100000    0.350388   clock uncertainty
                                  0.000000    0.350388   clock reconvergence pessimism
                                 -0.043908    0.306479   library hold time
                                              0.306479   data required time
---------------------------------------------------------------------------------------------
                                              0.306479   data required time
                                             -0.796328   data arrival time
---------------------------------------------------------------------------------------------
                                              0.489849   slack (MET)


Startpoint: _1243_ (rising edge-triggered flip-flop clocked by rd_clk)
Endpoint: _1237_ (rising edge-triggered flip-flop clocked by rd_clk)
Path Group: rd_clk
Path Type: min

Fanout         Cap        Slew       Delay        Time   Description
---------------------------------------------------------------------------------------------
                                  0.000000    0.000000   clock rd_clk (rise edge)
                                  0.000000    0.000000   clock source latency
     1    0.011733    0.000000    0.000000    0.000000 ^ rd_clk (in)
                                                         rd_clk (net)
                      0.000281    0.000140    0.000140 ^ clkbuf_0_rd_clk/A (sky130_fd_sc_hd__clkbuf_16)
     4    0.035637    0.055921    0.123129    0.123269 ^ clkbuf_0_rd_clk/X (sky130_fd_sc_hd__clkbuf_16)
                                                         clknet_0_rd_clk (net)
                      0.055921    0.000117    0.123386 ^ clkbuf_2_1__f_rd_clk/A (sky130_fd_sc_hd__clkbuf_16)
     7    0.017421    0.039652    0.126989    0.250375 ^ clkbuf_2_1__f_rd_clk/X (sky130_fd_sc_hd__clkbuf_16)
                                                         clknet_2_1__leaf_rd_clk (net)
                      0.039652    0.000013    0.250388 ^ _1243_/CLK (sky130_fd_sc_hd__dfrtp_2)
     3    0.033562    0.170132    0.444894    0.695281 ^ _1243_/Q (sky130_fd_sc_hd__dfrtp_2)
                                                         rd_ptr_bin[4] (net)
                      0.170132    0.000220    0.695502 ^ _0563_/A (sky130_fd_sc_hd__xor2_2)
     2    0.010875    0.050974    0.115039    0.810541 v _0563_/X (sky130_fd_sc_hd__xor2_2)
                                                         u_rd_ptr_empty.rd_ptr_gray_next[3] (net)
                      0.050974    0.000007    0.810548 v _1237_/D (sky130_fd_sc_hd__dfrtp_2)
                                              0.810548   data arrival time

                                  0.000000    0.000000   clock rd_clk (rise edge)
                                  0.000000    0.000000   clock source latency
     1    0.011733    0.000000    0.000000    0.000000 ^ rd_clk (in)
                                                         rd_clk (net)
                      0.000281    0.000140    0.000140 ^ clkbuf_0_rd_clk/A (sky130_fd_sc_hd__clkbuf_16)
     4    0.035637    0.055921    0.123129    0.123269 ^ clkbuf_0_rd_clk/X (sky130_fd_sc_hd__clkbuf_16)
                                                         clknet_0_rd_clk (net)
                      0.055921    0.000117    0.123386 ^ clkbuf_2_1__f_rd_clk/A (sky130_fd_sc_hd__clkbuf_16)
     7    0.017421    0.039652    0.126989    0.250375 ^ clkbuf_2_1__f_rd_clk/X (sky130_fd_sc_hd__clkbuf_16)
                                                         clknet_2_1__leaf_rd_clk (net)
                      0.039652    0.000056    0.250431 ^ _1237_/CLK (sky130_fd_sc_hd__dfrtp_2)
                                  0.100000    0.350431   clock uncertainty
                                  0.000000    0.350431   clock reconvergence pessimism
                                 -0.045766    0.304665   library hold time
                                              0.304665   data required time
---------------------------------------------------------------------------------------------
                                              0.304665   data required time
                                             -0.810548   data arrival time
---------------------------------------------------------------------------------------------
                                              0.505883   slack (MET)


Startpoint: _1233_ (rising edge-triggered flip-flop clocked by wr_clk)
Endpoint: _1233_ (rising edge-triggered flip-flop clocked by wr_clk)
Path Group: wr_clk
Path Type: min

Fanout         Cap        Slew       Delay        Time   Description
---------------------------------------------------------------------------------------------
                                  0.000000    0.000000   clock wr_clk (rise edge)
                                  0.000000    0.000000   clock source latency
     1    0.018723    0.000000    0.000000    0.000000 ^ wr_clk (in)
                                                         wr_clk (net)
                      0.001049    0.000525    0.000525 ^ clkbuf_0_wr_clk/A (sky130_fd_sc_hd__clkbuf_16)
    16    0.088820    0.105109    0.162823    0.163347 ^ clkbuf_0_wr_clk/X (sky130_fd_sc_hd__clkbuf_16)
                                                         clknet_0_wr_clk (net)
                      0.105109    0.000254    0.163601 ^ clkbuf_4_15_0_wr_clk/A (sky130_fd_sc_hd__clkbuf_8)
     2    0.017792    0.047925    0.150966    0.314567 ^ clkbuf_4_15_0_wr_clk/X (sky130_fd_sc_hd__clkbuf_8)
                                                         clknet_4_15_0_wr_clk (net)
                      0.047925    0.000125    0.314692 ^ clkbuf_5_31__f_wr_clk/A (sky130_fd_sc_hd__clkbuf_16)
     5    0.012090    0.035112    0.118949    0.433641 ^ clkbuf_5_31__f_wr_clk/X (sky130_fd_sc_hd__clkbuf_16)
                                                         clknet_5_31__leaf_wr_clk (net)
                      0.035112    0.000047    0.433688 ^ _1233_/CLK (sky130_fd_sc_hd__dfrtp_2)
     3    0.015082    0.092458    0.379901    0.813589 ^ _1233_/Q (sky130_fd_sc_hd__dfrtp_2)
                                                         u_sync_w2r.wr_ptr_gray[4] (net)
                      0.092458    0.000034    0.813623 ^ _0549_/A (sky130_fd_sc_hd__xor2_2)
     3    0.023355    0.077022    0.132489    0.946112 v _0549_/X (sky130_fd_sc_hd__xor2_2)
                                                         _0154_ (net)
                      0.077022    0.000042    0.946154 v _0550_/A (sky130_fd_sc_hd__inv_2)
     2    0.005949    0.039773    0.063528    1.009682 ^ _0550_/Y (sky130_fd_sc_hd__inv_2)
                                                         u_wr_ptr_full.wr_ptr_bin_next[4] (net)
                      0.039773    0.000005    1.009687 ^ _1233_/D (sky130_fd_sc_hd__dfrtp_2)
                                              1.009687   data arrival time

                                  0.000000    0.000000   clock wr_clk (rise edge)
                                  0.000000    0.000000   clock source latency
     1    0.018723    0.000000    0.000000    0.000000 ^ wr_clk (in)
                                                         wr_clk (net)
                      0.001049    0.000525    0.000525 ^ clkbuf_0_wr_clk/A (sky130_fd_sc_hd__clkbuf_16)
    16    0.088820    0.105109    0.162823    0.163347 ^ clkbuf_0_wr_clk/X (sky130_fd_sc_hd__clkbuf_16)
                                                         clknet_0_wr_clk (net)
                      0.105109    0.000254    0.163601 ^ clkbuf_4_15_0_wr_clk/A (sky130_fd_sc_hd__clkbuf_8)
     2    0.017792    0.047925    0.150966    0.314567 ^ clkbuf_4_15_0_wr_clk/X (sky130_fd_sc_hd__clkbuf_8)
                                                         clknet_4_15_0_wr_clk (net)
                      0.047925    0.000125    0.314692 ^ clkbuf_5_31__f_wr_clk/A (sky130_fd_sc_hd__clkbuf_16)
     5    0.012090    0.035112    0.118949    0.433641 ^ clkbuf_5_31__f_wr_clk/X (sky130_fd_sc_hd__clkbuf_16)
                                                         clknet_5_31__leaf_wr_clk (net)
                      0.035112    0.000047    0.433688 ^ _1233_/CLK (sky130_fd_sc_hd__dfrtp_2)
                                  0.100000    0.533688   clock uncertainty
                                  0.000000    0.533688   clock reconvergence pessimism
                                 -0.034945    0.498744   library hold time
                                              0.498744   data required time
---------------------------------------------------------------------------------------------
                                              0.498744   data required time
                                             -1.009687   data arrival time
---------------------------------------------------------------------------------------------
                                              0.510943   slack (MET)


Startpoint: _1194_ (rising edge-triggered flip-flop clocked by rd_clk)
Endpoint: _1190_ (rising edge-triggered flip-flop clocked by rd_clk)
Path Group: rd_clk
Path Type: min

Fanout         Cap        Slew       Delay        Time   Description
---------------------------------------------------------------------------------------------
                                  0.000000    0.000000   clock rd_clk (rise edge)
                                  0.000000    0.000000   clock source latency
     1    0.011733    0.000000    0.000000    0.000000 ^ rd_clk (in)
                                                         rd_clk (net)
                      0.000281    0.000140    0.000140 ^ clkbuf_0_rd_clk/A (sky130_fd_sc_hd__clkbuf_16)
     4    0.035637    0.055921    0.123129    0.123269 ^ clkbuf_0_rd_clk/X (sky130_fd_sc_hd__clkbuf_16)
                                                         clknet_0_rd_clk (net)
                      0.055921    0.000153    0.123422 ^ clkbuf_2_3__f_rd_clk/A (sky130_fd_sc_hd__clkbuf_16)
     7    0.020291    0.042098    0.129718    0.253140 ^ clkbuf_2_3__f_rd_clk/X (sky130_fd_sc_hd__clkbuf_16)
                                                         clknet_2_3__leaf_rd_clk (net)
                      0.042098    0.000079    0.253219 ^ _1194_/CLK (sky130_fd_sc_hd__dfrtp_2)
     2    0.007511    0.060109    0.352010    0.605230 ^ _1194_/Q (sky130_fd_sc_hd__dfrtp_2)
                                                         aempty_thresh_latched[3] (net)
                      0.060109    0.000012    0.605242 ^ _0694_/B1 (sky130_fd_sc_hd__o21ai_2)
     1    0.004819    0.030722    0.054016    0.659258 v _0694_/Y (sky130_fd_sc_hd__o21ai_2)
                                                         _0287_ (net)
                      0.030722    0.000014    0.659272 v _0696_/A (sky130_fd_sc_hd__nand2_2)
     1    0.005060    0.039013    0.049276    0.708548 ^ _0696_/Y (sky130_fd_sc_hd__nand2_2)
                                                         _0289_ (net)
                      0.039013    0.000008    0.708556 ^ _0703_/A3 (sky130_fd_sc_hd__o311a_4)
     1    0.003234    0.033523    0.142618    0.851174 ^ _0703_/X (sky130_fd_sc_hd__o311a_4)
                                                         _0000_ (net)
                      0.033523    0.000014    0.851187 ^ _1190_/D (sky130_fd_sc_hd__dfstp_2)
                                              0.851187   data arrival time

                                  0.000000    0.000000   clock rd_clk (rise edge)
                                  0.000000    0.000000   clock source latency
     1    0.011733    0.000000    0.000000    0.000000 ^ rd_clk (in)
                                                         rd_clk (net)
                      0.000281    0.000140    0.000140 ^ clkbuf_0_rd_clk/A (sky130_fd_sc_hd__clkbuf_16)
     4    0.035637    0.055921    0.123129    0.123269 ^ clkbuf_0_rd_clk/X (sky130_fd_sc_hd__clkbuf_16)
                                                         clknet_0_rd_clk (net)
                      0.055921    0.000153    0.123422 ^ clkbuf_2_3__f_rd_clk/A (sky130_fd_sc_hd__clkbuf_16)
     7    0.020291    0.042098    0.129718    0.253140 ^ clkbuf_2_3__f_rd_clk/X (sky130_fd_sc_hd__clkbuf_16)
                                                         clknet_2_3__leaf_rd_clk (net)
                      0.042098    0.000103    0.253243 ^ _1190_/CLK (sky130_fd_sc_hd__dfstp_2)
                                  0.100000    0.353243   clock uncertainty
                                  0.000000    0.353243   clock reconvergence pessimism
                                 -0.030348    0.322896   library hold time
                                              0.322896   data required time
---------------------------------------------------------------------------------------------
                                              0.322896   data required time
                                             -0.851187   data arrival time
---------------------------------------------------------------------------------------------
                                              0.528292   slack (MET)


Startpoint: _1212_ (rising edge-triggered flip-flop clocked by rd_clk)
Endpoint: _1238_ (rising edge-triggered flip-flop clocked by rd_clk)
Path Group: rd_clk
Path Type: min

Fanout         Cap        Slew       Delay        Time   Description
---------------------------------------------------------------------------------------------
                                  0.000000    0.000000   clock rd_clk (rise edge)
                                  0.000000    0.000000   clock source latency
     1    0.011733    0.000000    0.000000    0.000000 ^ rd_clk (in)
                                                         rd_clk (net)
                      0.000281    0.000140    0.000140 ^ clkbuf_0_rd_clk/A (sky130_fd_sc_hd__clkbuf_16)
     4    0.035637    0.055921    0.123129    0.123269 ^ clkbuf_0_rd_clk/X (sky130_fd_sc_hd__clkbuf_16)
                                                         clknet_0_rd_clk (net)
                      0.055921    0.000105    0.123374 ^ clkbuf_2_0__f_rd_clk/A (sky130_fd_sc_hd__clkbuf_16)
     8    0.019761    0.041646    0.129218    0.252593 ^ clkbuf_2_0__f_rd_clk/X (sky130_fd_sc_hd__clkbuf_16)
                                                         clknet_2_0__leaf_rd_clk (net)
                      0.041646    0.000100    0.252693 ^ _1212_/CLK (sky130_fd_sc_hd__dfrtp_2)
     5    0.025095    0.132907    0.416604    0.669297 ^ _1212_/Q (sky130_fd_sc_hd__dfrtp_2)
                                                         u_sync_w2r.sync_stage2[3] (net)
                      0.132907    0.000094    0.669391 ^ _0706_/A (sky130_fd_sc_hd__xnor2_2)
     1    0.003238    0.034452    0.080128    0.749519 v _0706_/Y (sky130_fd_sc_hd__xnor2_2)
                                                         _0298_ (net)
                      0.034452    0.000014    0.749533 v _0711_/B1 (sky130_fd_sc_hd__o211a_2)
     1    0.003784    0.026672    0.126395    0.875928 v _0711_/X (sky130_fd_sc_hd__o211a_2)
                                                         u_rd_ptr_empty.empty_val (net)
                      0.026672    0.000023    0.875951 v _1238_/D (sky130_fd_sc_hd__dfstp_2)
                                              0.875951   data arrival time

                                  0.000000    0.000000   clock rd_clk (rise edge)
                                  0.000000    0.000000   clock source latency
     1    0.011733    0.000000    0.000000    0.000000 ^ rd_clk (in)
                                                         rd_clk (net)
                      0.000281    0.000140    0.000140 ^ clkbuf_0_rd_clk/A (sky130_fd_sc_hd__clkbuf_16)
     4    0.035637    0.055921    0.123129    0.123269 ^ clkbuf_0_rd_clk/X (sky130_fd_sc_hd__clkbuf_16)
                                                         clknet_0_rd_clk (net)
                      0.055921    0.000117    0.123386 ^ clkbuf_2_1__f_rd_clk/A (sky130_fd_sc_hd__clkbuf_16)
     7    0.017421    0.039652    0.126989    0.250375 ^ clkbuf_2_1__f_rd_clk/X (sky130_fd_sc_hd__clkbuf_16)
                                                         clknet_2_1__leaf_rd_clk (net)
                      0.039652    0.000022    0.250397 ^ _1238_/CLK (sky130_fd_sc_hd__dfstp_2)
                                  0.100000    0.350397   clock uncertainty
                                  0.000000    0.350397   clock reconvergence pessimism
                                 -0.003845    0.346552   library hold time
                                              0.346552   data required time
---------------------------------------------------------------------------------------------
                                              0.346552   data required time
                                             -0.875951   data arrival time
---------------------------------------------------------------------------------------------
                                              0.529399   slack (MET)


Startpoint: _1242_ (rising edge-triggered flip-flop clocked by rd_clk)
Endpoint: _1236_ (rising edge-triggered flip-flop clocked by rd_clk)
Path Group: rd_clk
Path Type: min

Fanout         Cap        Slew       Delay        Time   Description
---------------------------------------------------------------------------------------------
                                  0.000000    0.000000   clock rd_clk (rise edge)
                                  0.000000    0.000000   clock source latency
     1    0.011733    0.000000    0.000000    0.000000 ^ rd_clk (in)
                                                         rd_clk (net)
                      0.000281    0.000140    0.000140 ^ clkbuf_0_rd_clk/A (sky130_fd_sc_hd__clkbuf_16)
     4    0.035637    0.055921    0.123129    0.123269 ^ clkbuf_0_rd_clk/X (sky130_fd_sc_hd__clkbuf_16)
                                                         clknet_0_rd_clk (net)
                      0.055921    0.000164    0.123433 ^ clkbuf_2_2__f_rd_clk/A (sky130_fd_sc_hd__clkbuf_16)
     8    0.023350    0.044770    0.132669    0.256103 ^ clkbuf_2_2__f_rd_clk/X (sky130_fd_sc_hd__clkbuf_16)
                                                         clknet_2_2__leaf_rd_clk (net)
                      0.044770    0.000076    0.256179 ^ _1242_/CLK (sky130_fd_sc_hd__dfrtp_2)
     7    0.045478    0.221617    0.485927    0.742105 ^ _1242_/Q (sky130_fd_sc_hd__dfrtp_2)
                                                         rd_ptr_bin[3] (net)
                      0.221617    0.000064    0.742169 ^ _0562_/A (sky130_fd_sc_hd__xor2_2)
     3    0.009235    0.045546    0.120972    0.863141 v _0562_/X (sky130_fd_sc_hd__xor2_2)
                                                         u_rd_ptr_empty.rd_ptr_gray_next[2] (net)
                      0.045546    0.000049    0.863191 v _1236_/D (sky130_fd_sc_hd__dfrtp_2)
                                              0.863191   data arrival time

                                  0.000000    0.000000   clock rd_clk (rise edge)
                                  0.000000    0.000000   clock source latency
     1    0.011733    0.000000    0.000000    0.000000 ^ rd_clk (in)
                                                         rd_clk (net)
                      0.000281    0.000140    0.000140 ^ clkbuf_0_rd_clk/A (sky130_fd_sc_hd__clkbuf_16)
     4    0.035637    0.055921    0.123129    0.123269 ^ clkbuf_0_rd_clk/X (sky130_fd_sc_hd__clkbuf_16)
                                                         clknet_0_rd_clk (net)
                      0.055921    0.000153    0.123422 ^ clkbuf_2_3__f_rd_clk/A (sky130_fd_sc_hd__clkbuf_16)
     7    0.020291    0.042098    0.129718    0.253140 ^ clkbuf_2_3__f_rd_clk/X (sky130_fd_sc_hd__clkbuf_16)
                                                         clknet_2_3__leaf_rd_clk (net)
                      0.042098    0.000162    0.253302 ^ _1236_/CLK (sky130_fd_sc_hd__dfrtp_2)
                                  0.100000    0.353302   clock uncertainty
                                  0.000000    0.353302   clock reconvergence pessimism
                                 -0.042998    0.310304   library hold time
                                              0.310304   data required time
---------------------------------------------------------------------------------------------
                                              0.310304   data required time
                                             -0.863191   data arrival time
---------------------------------------------------------------------------------------------
                                              0.552886   slack (MET)


Startpoint: _1203_ (rising edge-triggered flip-flop clocked by rd_clk)
Endpoint: _1190_ (removal check against rising-edge clock rd_clk)
Path Group: asynchronous
Path Type: min

Fanout         Cap        Slew       Delay        Time   Description
---------------------------------------------------------------------------------------------
                                  0.000000    0.000000   clock rd_clk (rise edge)
                                  0.000000    0.000000   clock source latency
     1    0.011733    0.000000    0.000000    0.000000 ^ rd_clk (in)
                                                         rd_clk (net)
                      0.000281    0.000140    0.000140 ^ clkbuf_0_rd_clk/A (sky130_fd_sc_hd__clkbuf_16)
     4    0.035637    0.055921    0.123129    0.123269 ^ clkbuf_0_rd_clk/X (sky130_fd_sc_hd__clkbuf_16)
                                                         clknet_0_rd_clk (net)
                      0.055921    0.000153    0.123422 ^ clkbuf_2_3__f_rd_clk/A (sky130_fd_sc_hd__clkbuf_16)
     7    0.020291    0.042098    0.129718    0.253140 ^ clkbuf_2_3__f_rd_clk/X (sky130_fd_sc_hd__clkbuf_16)
                                                         clknet_2_3__leaf_rd_clk (net)
                      0.042098    0.000099    0.253239 ^ _1203_/CLK (sky130_fd_sc_hd__dfrtp_2)
     2    0.006595    0.056213    0.348068    0.601307 ^ _1203_/Q (sky130_fd_sc_hd__dfrtp_2)
                                                         u_rd_reset_sync.sync_ff2 (net)
                      0.056213    0.000013    0.601321 ^ fanout76/A (sky130_fd_sc_hd__clkdlybuf4s25_1)
     8    0.036394    0.366398    0.478048    1.079369 ^ fanout76/X (sky130_fd_sc_hd__clkdlybuf4s25_1)
                                                         net76 (net)
                      0.366398    0.000058    1.079427 ^ _1190_/SET_B (sky130_fd_sc_hd__dfstp_2)
                                              1.079427   data arrival time

                                  0.000000    0.000000   clock rd_clk (rise edge)
                                  0.000000    0.000000   clock source latency
     1    0.011733    0.000000    0.000000    0.000000 ^ rd_clk (in)
                                                         rd_clk (net)
                      0.000281    0.000140    0.000140 ^ clkbuf_0_rd_clk/A (sky130_fd_sc_hd__clkbuf_16)
     4    0.035637    0.055921    0.123129    0.123269 ^ clkbuf_0_rd_clk/X (sky130_fd_sc_hd__clkbuf_16)
                                                         clknet_0_rd_clk (net)
                      0.055921    0.000153    0.123422 ^ clkbuf_2_3__f_rd_clk/A (sky130_fd_sc_hd__clkbuf_16)
     7    0.020291    0.042098    0.129718    0.253140 ^ clkbuf_2_3__f_rd_clk/X (sky130_fd_sc_hd__clkbuf_16)
                                                         clknet_2_3__leaf_rd_clk (net)
                      0.042098    0.000103    0.253243 ^ _1190_/CLK (sky130_fd_sc_hd__dfstp_2)
                                  0.100000    0.353243   clock uncertainty
                                  0.000000    0.353243   clock reconvergence pessimism
                                  0.126911    0.480154   library removal time
                                              0.480154   data required time
---------------------------------------------------------------------------------------------
                                              0.480154   data required time
                                             -1.079427   data arrival time
---------------------------------------------------------------------------------------------
                                              0.599273   slack (MET)


Startpoint: _1230_ (rising edge-triggered flip-flop clocked by wr_clk)
Endpoint: _1230_ (rising edge-triggered flip-flop clocked by wr_clk)
Path Group: wr_clk
Path Type: min

Fanout         Cap        Slew       Delay        Time   Description
---------------------------------------------------------------------------------------------
                                  0.000000    0.000000   clock wr_clk (rise edge)
                                  0.000000    0.000000   clock source latency
     1    0.018723    0.000000    0.000000    0.000000 ^ wr_clk (in)
                                                         wr_clk (net)
                      0.001049    0.000525    0.000525 ^ clkbuf_0_wr_clk/A (sky130_fd_sc_hd__clkbuf_16)
    16    0.088820    0.105109    0.162823    0.163347 ^ clkbuf_0_wr_clk/X (sky130_fd_sc_hd__clkbuf_16)
                                                         clknet_0_wr_clk (net)
                      0.105109    0.000263    0.163610 ^ clkbuf_4_14_0_wr_clk/A (sky130_fd_sc_hd__clkbuf_8)
     2    0.017237    0.047068    0.150149    0.313759 ^ clkbuf_4_14_0_wr_clk/X (sky130_fd_sc_hd__clkbuf_8)
                                                         clknet_4_14_0_wr_clk (net)
                      0.047068    0.000066    0.313825 ^ clkbuf_5_28__f_wr_clk/A (sky130_fd_sc_hd__clkbuf_16)
     5    0.014845    0.037452    0.121288    0.435113 ^ clkbuf_5_28__f_wr_clk/X (sky130_fd_sc_hd__clkbuf_16)
                                                         clknet_5_28__leaf_wr_clk (net)
                      0.037452    0.000019    0.435131 ^ _1230_/CLK (sky130_fd_sc_hd__dfrtp_2)
     8    0.027890    0.145134    0.424695    0.859827 ^ _1230_/Q (sky130_fd_sc_hd__dfrtp_2)
                                                         u_fifomem.wr_addr[1] (net)
                      0.145134    0.000020    0.859847 ^ _0540_/B1 (sky130_fd_sc_hd__a31oi_2)
     4    0.022151    0.076984    0.100984    0.960831 v _0540_/Y (sky130_fd_sc_hd__a31oi_2)
                                                         _0148_ (net)
                      0.076984    0.000024    0.960854 v _0541_/B1 (sky130_fd_sc_hd__a21oi_4)
     3    0.008426    0.111111    0.132605    1.093459 ^ _0541_/Y (sky130_fd_sc_hd__a21oi_4)
                                                         u_wr_ptr_full.wr_ptr_bin_next[1] (net)
                      0.111111    0.000004    1.093463 ^ _1230_/D (sky130_fd_sc_hd__dfrtp_2)
                                              1.093463   data arrival time

                                  0.000000    0.000000   clock wr_clk (rise edge)
                                  0.000000    0.000000   clock source latency
     1    0.018723    0.000000    0.000000    0.000000 ^ wr_clk (in)
                                                         wr_clk (net)
                      0.001049    0.000525    0.000525 ^ clkbuf_0_wr_clk/A (sky130_fd_sc_hd__clkbuf_16)
    16    0.088820    0.105109    0.162823    0.163347 ^ clkbuf_0_wr_clk/X (sky130_fd_sc_hd__clkbuf_16)
                                                         clknet_0_wr_clk (net)
                      0.105109    0.000263    0.163610 ^ clkbuf_4_14_0_wr_clk/A (sky130_fd_sc_hd__clkbuf_8)
     2    0.017237    0.047068    0.150149    0.313759 ^ clkbuf_4_14_0_wr_clk/X (sky130_fd_sc_hd__clkbuf_8)
                                                         clknet_4_14_0_wr_clk (net)
                      0.047068    0.000066    0.313825 ^ clkbuf_5_28__f_wr_clk/A (sky130_fd_sc_hd__clkbuf_16)
     5    0.014845    0.037452    0.121288    0.435113 ^ clkbuf_5_28__f_wr_clk/X (sky130_fd_sc_hd__clkbuf_16)
                                                         clknet_5_28__leaf_wr_clk (net)
                      0.037452    0.000019    0.435131 ^ _1230_/CLK (sky130_fd_sc_hd__dfrtp_2)
                                  0.100000    0.535131   clock uncertainty
                                  0.000000    0.535131   clock reconvergence pessimism
                                 -0.049414    0.485718   library hold time
                                              0.485718   data required time
---------------------------------------------------------------------------------------------
                                              0.485718   data required time
                                             -1.093463   data arrival time
---------------------------------------------------------------------------------------------
                                              0.607746   slack (MET)


Startpoint: _1229_ (rising edge-triggered flip-flop clocked by wr_clk)
Endpoint: _1224_ (rising edge-triggered flip-flop clocked by wr_clk)
Path Group: wr_clk
Path Type: min

Fanout         Cap        Slew       Delay        Time   Description
---------------------------------------------------------------------------------------------
                                  0.000000    0.000000   clock wr_clk (rise edge)
                                  0.000000    0.000000   clock source latency
     1    0.018723    0.000000    0.000000    0.000000 ^ wr_clk (in)
                                                         wr_clk (net)
                      0.001049    0.000525    0.000525 ^ clkbuf_0_wr_clk/A (sky130_fd_sc_hd__clkbuf_16)
    16    0.088820    0.105109    0.162823    0.163347 ^ clkbuf_0_wr_clk/X (sky130_fd_sc_hd__clkbuf_16)
                                                         clknet_0_wr_clk (net)
                      0.105109    0.000263    0.163610 ^ clkbuf_4_14_0_wr_clk/A (sky130_fd_sc_hd__clkbuf_8)
     2    0.017237    0.047068    0.150149    0.313759 ^ clkbuf_4_14_0_wr_clk/X (sky130_fd_sc_hd__clkbuf_8)
                                                         clknet_4_14_0_wr_clk (net)
                      0.047068    0.000066    0.313825 ^ clkbuf_5_28__f_wr_clk/A (sky130_fd_sc_hd__clkbuf_16)
     5    0.014845    0.037452    0.121288    0.435113 ^ clkbuf_5_28__f_wr_clk/X (sky130_fd_sc_hd__clkbuf_16)
                                                         clknet_5_28__leaf_wr_clk (net)
                      0.037452    0.000047    0.435160 ^ _1229_/CLK (sky130_fd_sc_hd__dfrtp_2)
     3    0.008993    0.064446    0.356627    0.791787 ^ _1229_/Q (sky130_fd_sc_hd__dfrtp_2)
                                                         u_fifomem.wr_addr[0] (net)
                      0.064446    0.000052    0.791839 ^ _0564_/B1 (sky130_fd_sc_hd__a21o_2)
     1    0.003450    0.028873    0.088310    0.880149 ^ _0564_/X (sky130_fd_sc_hd__a21o_2)
                                                         _0162_ (net)
                      0.028873    0.000015    0.880164 ^ _0565_/A2 (sky130_fd_sc_hd__a22o_2)
     1    0.005954    0.046806    0.140313    1.020477 ^ _0565_/X (sky130_fd_sc_hd__a22o_2)
                                                         _0163_ (net)
                      0.046806    0.000039    1.020517 ^ _0566_/A (sky130_fd_sc_hd__buf_6)
     2    0.011469    0.035587    0.093341    1.113858 ^ _0566_/X (sky130_fd_sc_hd__buf_6)
                                                         u_wr_ptr_full.wr_ptr_gray_next[0] (net)
                      0.035587    0.000026    1.113884 ^ _1224_/D (sky130_fd_sc_hd__dfrtp_2)
                                              1.113884   data arrival time

                                  0.000000    0.000000   clock wr_clk (rise edge)
                                  0.000000    0.000000   clock source latency
     1    0.018723    0.000000    0.000000    0.000000 ^ wr_clk (in)
                                                         wr_clk (net)
                      0.001049    0.000525    0.000525 ^ clkbuf_0_wr_clk/A (sky130_fd_sc_hd__clkbuf_16)
    16    0.088820    0.105109    0.162823    0.163347 ^ clkbuf_0_wr_clk/X (sky130_fd_sc_hd__clkbuf_16)
                                                         clknet_0_wr_clk (net)
                      0.105109    0.000254    0.163601 ^ clkbuf_4_15_0_wr_clk/A (sky130_fd_sc_hd__clkbuf_8)
     2    0.017792    0.047925    0.150966    0.314567 ^ clkbuf_4_15_0_wr_clk/X (sky130_fd_sc_hd__clkbuf_8)
                                                         clknet_4_15_0_wr_clk (net)
                      0.047925    0.000079    0.314646 ^ clkbuf_5_30__f_wr_clk/A (sky130_fd_sc_hd__clkbuf_16)
     5    0.012006    0.035039    0.118873    0.433519 ^ clkbuf_5_30__f_wr_clk/X (sky130_fd_sc_hd__clkbuf_16)
                                                         clknet_5_30__leaf_wr_clk (net)
                      0.035039    0.000019    0.433538 ^ _1224_/CLK (sky130_fd_sc_hd__dfrtp_2)
                                  0.100000    0.533538   clock uncertainty
                                  0.000000    0.533538   clock reconvergence pessimism
                                 -0.034086    0.499452   library hold time
                                              0.499452   data required time
---------------------------------------------------------------------------------------------
                                              0.499452   data required time
                                             -1.113884   data arrival time
---------------------------------------------------------------------------------------------
                                              0.614432   slack (MET)


Startpoint: _1233_ (rising edge-triggered flip-flop clocked by wr_clk)
Endpoint: _1227_ (rising edge-triggered flip-flop clocked by wr_clk)
Path Group: wr_clk
Path Type: min

Fanout         Cap        Slew       Delay        Time   Description
---------------------------------------------------------------------------------------------
                                  0.000000    0.000000   clock wr_clk (rise edge)
                                  0.000000    0.000000   clock source latency
     1    0.018723    0.000000    0.000000    0.000000 ^ wr_clk (in)
                                                         wr_clk (net)
                      0.001049    0.000525    0.000525 ^ clkbuf_0_wr_clk/A (sky130_fd_sc_hd__clkbuf_16)
    16    0.088820    0.105109    0.162823    0.163347 ^ clkbuf_0_wr_clk/X (sky130_fd_sc_hd__clkbuf_16)
                                                         clknet_0_wr_clk (net)
                      0.105109    0.000254    0.163601 ^ clkbuf_4_15_0_wr_clk/A (sky130_fd_sc_hd__clkbuf_8)
     2    0.017792    0.047925    0.150966    0.314567 ^ clkbuf_4_15_0_wr_clk/X (sky130_fd_sc_hd__clkbuf_8)
                                                         clknet_4_15_0_wr_clk (net)
                      0.047925    0.000125    0.314692 ^ clkbuf_5_31__f_wr_clk/A (sky130_fd_sc_hd__clkbuf_16)
     5    0.012090    0.035112    0.118949    0.433641 ^ clkbuf_5_31__f_wr_clk/X (sky130_fd_sc_hd__clkbuf_16)
                                                         clknet_5_31__leaf_wr_clk (net)
                      0.035112    0.000047    0.433688 ^ _1233_/CLK (sky130_fd_sc_hd__dfrtp_2)
     3    0.015082    0.092458    0.379901    0.813589 ^ _1233_/Q (sky130_fd_sc_hd__dfrtp_2)
                                                         u_sync_w2r.wr_ptr_gray[4] (net)
                      0.092458    0.000034    0.813623 ^ _0549_/A (sky130_fd_sc_hd__xor2_2)
     3    0.023355    0.077022    0.132489    0.946112 v _0549_/X (sky130_fd_sc_hd__xor2_2)
                                                         _0154_ (net)
                      0.077022    0.000042    0.946154 v _0550_/A (sky130_fd_sc_hd__inv_2)
     2    0.005949    0.039773    0.063528    1.009682 ^ _0550_/Y (sky130_fd_sc_hd__inv_2)
                                                         u_wr_ptr_full.wr_ptr_bin_next[4] (net)
                      0.039773    0.000025    1.009707 ^ _0570_/A2 (sky130_fd_sc_hd__o21ba_2)
     1    0.002531    0.032416    0.110781    1.120488 ^ _0570_/X (sky130_fd_sc_hd__o21ba_2)
                                                         u_wr_ptr_full.wr_ptr_gray_next[3] (net)
                      0.032416    0.000006    1.120494 ^ _1227_/D (sky130_fd_sc_hd__dfrtp_2)
                                              1.120494   data arrival time

                                  0.000000    0.000000   clock wr_clk (rise edge)
                                  0.000000    0.000000   clock source latency
     1    0.018723    0.000000    0.000000    0.000000 ^ wr_clk (in)
                                                         wr_clk (net)
                      0.001049    0.000525    0.000525 ^ clkbuf_0_wr_clk/A (sky130_fd_sc_hd__clkbuf_16)
    16    0.088820    0.105109    0.162823    0.163347 ^ clkbuf_0_wr_clk/X (sky130_fd_sc_hd__clkbuf_16)
                                                         clknet_0_wr_clk (net)
                      0.105109    0.000254    0.163601 ^ clkbuf_4_15_0_wr_clk/A (sky130_fd_sc_hd__clkbuf_8)
     2    0.017792    0.047925    0.150966    0.314567 ^ clkbuf_4_15_0_wr_clk/X (sky130_fd_sc_hd__clkbuf_8)
                                                         clknet_4_15_0_wr_clk (net)
                      0.047925    0.000079    0.314646 ^ clkbuf_5_30__f_wr_clk/A (sky130_fd_sc_hd__clkbuf_16)
     5    0.012006    0.035039    0.118873    0.433519 ^ clkbuf_5_30__f_wr_clk/X (sky130_fd_sc_hd__clkbuf_16)
                                                         clknet_5_30__leaf_wr_clk (net)
                      0.035039    0.000007    0.433526 ^ _1227_/CLK (sky130_fd_sc_hd__dfrtp_2)
                                  0.100000    0.533526   clock uncertainty
                                  0.000000    0.533526   clock reconvergence pessimism
                                 -0.033429    0.500097   library hold time
                                              0.500097   data required time
---------------------------------------------------------------------------------------------
                                              0.500097   data required time
                                             -1.120494   data arrival time
---------------------------------------------------------------------------------------------
                                              0.620397   slack (MET)


Startpoint: _1238_ (rising edge-triggered flip-flop clocked by rd_clk)
Endpoint: _1240_ (rising edge-triggered flip-flop clocked by rd_clk)
Path Group: rd_clk
Path Type: min

Fanout         Cap        Slew       Delay        Time   Description
---------------------------------------------------------------------------------------------
                                  0.000000    0.000000   clock rd_clk (rise edge)
                                  0.000000    0.000000   clock source latency
     1    0.011733    0.000000    0.000000    0.000000 ^ rd_clk (in)
                                                         rd_clk (net)
                      0.000281    0.000140    0.000140 ^ clkbuf_0_rd_clk/A (sky130_fd_sc_hd__clkbuf_16)
     4    0.035637    0.055921    0.123129    0.123269 ^ clkbuf_0_rd_clk/X (sky130_fd_sc_hd__clkbuf_16)
                                                         clknet_0_rd_clk (net)
                      0.055921    0.000117    0.123386 ^ clkbuf_2_1__f_rd_clk/A (sky130_fd_sc_hd__clkbuf_16)
     7    0.017421    0.039652    0.126989    0.250375 ^ clkbuf_2_1__f_rd_clk/X (sky130_fd_sc_hd__clkbuf_16)
                                                         clknet_2_1__leaf_rd_clk (net)
                      0.039652    0.000022    0.250397 ^ _1238_/CLK (sky130_fd_sc_hd__dfstp_2)
     5    0.017099    0.050076    0.383065    0.633462 v _1238_/Q (sky130_fd_sc_hd__dfstp_2)
                                                         net23 (net)
                      0.050076    0.000279    0.633741 v _0521_/A (sky130_fd_sc_hd__inv_2)
     4    0.016729    0.082572    0.086783    0.720524 ^ _0521_/Y (sky130_fd_sc_hd__inv_2)
                                                         _0133_ (net)
                      0.082572    0.000006    0.720530 ^ _0522_/B (sky130_fd_sc_hd__nand4_2)
     1    0.008845    0.103864    0.118915    0.839445 v _0522_/Y (sky130_fd_sc_hd__nand4_2)
                                                         _0134_ (net)
                      0.103864    0.000021    0.839466 v _0523_/B (sky130_fd_sc_hd__nand2_4)
     3    0.013327    0.050402    0.102871    0.942337 ^ _0523_/Y (sky130_fd_sc_hd__nand2_4)
                                                         rd_ptr_bin_next_wm[1] (net)
                      0.050402    0.000056    0.942393 ^ _1240_/D (sky130_fd_sc_hd__dfrtp_2)
                                              0.942393   data arrival time

                                  0.000000    0.000000   clock rd_clk (rise edge)
                                  0.000000    0.000000   clock source latency
     1    0.011733    0.000000    0.000000    0.000000 ^ rd_clk (in)
                                                         rd_clk (net)
                      0.000281    0.000140    0.000140 ^ clkbuf_0_rd_clk/A (sky130_fd_sc_hd__clkbuf_16)
     4    0.035637    0.055921    0.123129    0.123269 ^ clkbuf_0_rd_clk/X (sky130_fd_sc_hd__clkbuf_16)
                                                         clknet_0_rd_clk (net)
                      0.055921    0.000164    0.123433 ^ clkbuf_2_2__f_rd_clk/A (sky130_fd_sc_hd__clkbuf_16)
     8    0.023350    0.044770    0.132669    0.256103 ^ clkbuf_2_2__f_rd_clk/X (sky130_fd_sc_hd__clkbuf_16)
                                                         clknet_2_2__leaf_rd_clk (net)
                      0.044770    0.000057    0.256160 ^ _1240_/CLK (sky130_fd_sc_hd__dfrtp_2)
                                  0.100000    0.356160   clock uncertainty
                                  0.000000    0.356160   clock reconvergence pessimism
                                 -0.035828    0.320332   library hold time
                                              0.320332   data required time
---------------------------------------------------------------------------------------------
                                              0.320332   data required time
                                             -0.942393   data arrival time
---------------------------------------------------------------------------------------------
                                              0.622061   slack (MET)


Startpoint: _1230_ (rising edge-triggered flip-flop clocked by wr_clk)
Endpoint: _1225_ (rising edge-triggered flip-flop clocked by wr_clk)
Path Group: wr_clk
Path Type: min

Fanout         Cap        Slew       Delay        Time   Description
---------------------------------------------------------------------------------------------
                                  0.000000    0.000000   clock wr_clk (rise edge)
                                  0.000000    0.000000   clock source latency
     1    0.018723    0.000000    0.000000    0.000000 ^ wr_clk (in)
                                                         wr_clk (net)
                      0.001049    0.000525    0.000525 ^ clkbuf_0_wr_clk/A (sky130_fd_sc_hd__clkbuf_16)
    16    0.088820    0.105109    0.162823    0.163347 ^ clkbuf_0_wr_clk/X (sky130_fd_sc_hd__clkbuf_16)
                                                         clknet_0_wr_clk (net)
                      0.105109    0.000263    0.163610 ^ clkbuf_4_14_0_wr_clk/A (sky130_fd_sc_hd__clkbuf_8)
     2    0.017237    0.047068    0.150149    0.313759 ^ clkbuf_4_14_0_wr_clk/X (sky130_fd_sc_hd__clkbuf_8)
                                                         clknet_4_14_0_wr_clk (net)
                      0.047068    0.000066    0.313825 ^ clkbuf_5_28__f_wr_clk/A (sky130_fd_sc_hd__clkbuf_16)
     5    0.014845    0.037452    0.121288    0.435113 ^ clkbuf_5_28__f_wr_clk/X (sky130_fd_sc_hd__clkbuf_16)
                                                         clknet_5_28__leaf_wr_clk (net)
                      0.037452    0.000019    0.435131 ^ _1230_/CLK (sky130_fd_sc_hd__dfrtp_2)
     8    0.027890    0.145134    0.424695    0.859827 ^ _1230_/Q (sky130_fd_sc_hd__dfrtp_2)
                                                         u_fifomem.wr_addr[1] (net)
                      0.145134    0.000020    0.859847 ^ _0540_/B1 (sky130_fd_sc_hd__a31oi_2)
     4    0.022151    0.076984    0.100984    0.960831 v _0540_/Y (sky130_fd_sc_hd__a31oi_2)
                                                         _0148_ (net)
                      0.076984    0.000080    0.960911 v _0567_/B (sky130_fd_sc_hd__xnor2_2)
     2    0.011193    0.065495    0.161394    1.122305 v _0567_/Y (sky130_fd_sc_hd__xnor2_2)
                                                         u_wr_ptr_full.wr_ptr_gray_next[1] (net)
                      0.065495    0.000031    1.122336 v _1225_/D (sky130_fd_sc_hd__dfrtp_2)
                                              1.122336   data arrival time

                                  0.000000    0.000000   clock wr_clk (rise edge)
                                  0.000000    0.000000   clock source latency
     1    0.018723    0.000000    0.000000    0.000000 ^ wr_clk (in)
                                                         wr_clk (net)
                      0.001049    0.000525    0.000525 ^ clkbuf_0_wr_clk/A (sky130_fd_sc_hd__clkbuf_16)
    16    0.088820    0.105109    0.162823    0.163347 ^ clkbuf_0_wr_clk/X (sky130_fd_sc_hd__clkbuf_16)
                                                         clknet_0_wr_clk (net)
                      0.105109    0.000263    0.163610 ^ clkbuf_4_14_0_wr_clk/A (sky130_fd_sc_hd__clkbuf_8)
     2    0.017237    0.047068    0.150149    0.313759 ^ clkbuf_4_14_0_wr_clk/X (sky130_fd_sc_hd__clkbuf_8)
                                                         clknet_4_14_0_wr_clk (net)
                      0.047068    0.000066    0.313825 ^ clkbuf_5_28__f_wr_clk/A (sky130_fd_sc_hd__clkbuf_16)
     5    0.014845    0.037452    0.121288    0.435113 ^ clkbuf_5_28__f_wr_clk/X (sky130_fd_sc_hd__clkbuf_16)
                                                         clknet_5_28__leaf_wr_clk (net)
                      0.037452    0.000030    0.435143 ^ _1225_/CLK (sky130_fd_sc_hd__dfrtp_2)
                                  0.100000    0.535143   clock uncertainty
                                  0.000000    0.535143   clock reconvergence pessimism
                                 -0.052180    0.482963   library hold time
                                              0.482963   data required time
---------------------------------------------------------------------------------------------
                                              0.482963   data required time
                                             -1.122336   data arrival time
---------------------------------------------------------------------------------------------
                                              0.639374   slack (MET)


Startpoint: _1238_ (rising edge-triggered flip-flop clocked by rd_clk)
Endpoint: _1234_ (rising edge-triggered flip-flop clocked by rd_clk)
Path Group: rd_clk
Path Type: min

Fanout         Cap        Slew       Delay        Time   Description
---------------------------------------------------------------------------------------------
                                  0.000000    0.000000   clock rd_clk (rise edge)
                                  0.000000    0.000000   clock source latency
     1    0.011733    0.000000    0.000000    0.000000 ^ rd_clk (in)
                                                         rd_clk (net)
                      0.000281    0.000140    0.000140 ^ clkbuf_0_rd_clk/A (sky130_fd_sc_hd__clkbuf_16)
     4    0.035637    0.055921    0.123129    0.123269 ^ clkbuf_0_rd_clk/X (sky130_fd_sc_hd__clkbuf_16)
                                                         clknet_0_rd_clk (net)
                      0.055921    0.000117    0.123386 ^ clkbuf_2_1__f_rd_clk/A (sky130_fd_sc_hd__clkbuf_16)
     7    0.017421    0.039652    0.126989    0.250375 ^ clkbuf_2_1__f_rd_clk/X (sky130_fd_sc_hd__clkbuf_16)
                                                         clknet_2_1__leaf_rd_clk (net)
                      0.039652    0.000022    0.250397 ^ _1238_/CLK (sky130_fd_sc_hd__dfstp_2)
     5    0.017099    0.050076    0.383065    0.633462 v _1238_/Q (sky130_fd_sc_hd__dfstp_2)
                                                         net23 (net)
                      0.050076    0.000279    0.633741 v _0521_/A (sky130_fd_sc_hd__inv_2)
     4    0.016729    0.082572    0.086783    0.720524 ^ _0521_/Y (sky130_fd_sc_hd__inv_2)
                                                         _0133_ (net)
                      0.082572    0.000009    0.720533 ^ _0551_/A1 (sky130_fd_sc_hd__a21oi_2)
     2    0.010384    0.051625    0.074260    0.794793 v _0551_/Y (sky130_fd_sc_hd__a21oi_2)
                                                         _0155_ (net)
                      0.051625    0.000042    0.794835 v _0557_/B (sky130_fd_sc_hd__xor2_2)
     2    0.011724    0.051240    0.162020    0.956855 v _0557_/X (sky130_fd_sc_hd__xor2_2)
                                                         u_rd_ptr_empty.rd_ptr_gray_next[0] (net)
                      0.051240    0.000071    0.956927 v _1234_/D (sky130_fd_sc_hd__dfrtp_2)
                                              0.956927   data arrival time

                                  0.000000    0.000000   clock rd_clk (rise edge)
                                  0.000000    0.000000   clock source latency
     1    0.011733    0.000000    0.000000    0.000000 ^ rd_clk (in)
                                                         rd_clk (net)
                      0.000281    0.000140    0.000140 ^ clkbuf_0_rd_clk/A (sky130_fd_sc_hd__clkbuf_16)
     4    0.035637    0.055921    0.123129    0.123269 ^ clkbuf_0_rd_clk/X (sky130_fd_sc_hd__clkbuf_16)
                                                         clknet_0_rd_clk (net)
                      0.055921    0.000105    0.123374 ^ clkbuf_2_0__f_rd_clk/A (sky130_fd_sc_hd__clkbuf_16)
     8    0.019761    0.041646    0.129218    0.252593 ^ clkbuf_2_0__f_rd_clk/X (sky130_fd_sc_hd__clkbuf_16)
                                                         clknet_2_0__leaf_rd_clk (net)
                      0.041646    0.000098    0.252690 ^ _1234_/CLK (sky130_fd_sc_hd__dfrtp_2)
                                  0.100000    0.352690   clock uncertainty
                                  0.000000    0.352690   clock reconvergence pessimism
                                 -0.045419    0.307271   library hold time
                                              0.307271   data required time
---------------------------------------------------------------------------------------------
                                              0.307271   data required time
                                             -0.956927   data arrival time
---------------------------------------------------------------------------------------------
                                              0.649655   slack (MET)


Startpoint: _1238_ (rising edge-triggered flip-flop clocked by rd_clk)
Endpoint: _1241_ (rising edge-triggered flip-flop clocked by rd_clk)
Path Group: rd_clk
Path Type: min

Fanout         Cap        Slew       Delay        Time   Description
---------------------------------------------------------------------------------------------
                                  0.000000    0.000000   clock rd_clk (rise edge)
                                  0.000000    0.000000   clock source latency
     1    0.011733    0.000000    0.000000    0.000000 ^ rd_clk (in)
                                                         rd_clk (net)
                      0.000281    0.000140    0.000140 ^ clkbuf_0_rd_clk/A (sky130_fd_sc_hd__clkbuf_16)
     4    0.035637    0.055921    0.123129    0.123269 ^ clkbuf_0_rd_clk/X (sky130_fd_sc_hd__clkbuf_16)
                                                         clknet_0_rd_clk (net)
                      0.055921    0.000117    0.123386 ^ clkbuf_2_1__f_rd_clk/A (sky130_fd_sc_hd__clkbuf_16)
     7    0.017421    0.039652    0.126989    0.250375 ^ clkbuf_2_1__f_rd_clk/X (sky130_fd_sc_hd__clkbuf_16)
                                                         clknet_2_1__leaf_rd_clk (net)
                      0.039652    0.000022    0.250397 ^ _1238_/CLK (sky130_fd_sc_hd__dfstp_2)
     5    0.017099    0.050076    0.383065    0.633462 v _1238_/Q (sky130_fd_sc_hd__dfstp_2)
                                                         net23 (net)
                      0.050076    0.000279    0.633741 v _0521_/A (sky130_fd_sc_hd__inv_2)
     4    0.016729    0.082572    0.086783    0.720524 ^ _0521_/Y (sky130_fd_sc_hd__inv_2)
                                                         _0133_ (net)
                      0.082572    0.000016    0.720540 ^ _0524_/A (sky130_fd_sc_hd__nand4_2)
     2    0.007188    0.092187    0.091859    0.812399 v _0524_/Y (sky130_fd_sc_hd__nand4_2)
                                                         _0135_ (net)
                      0.092187    0.000019    0.812417 v _0528_/A2 (sky130_fd_sc_hd__o21ai_2)
     3    0.010093    0.077827    0.172676    0.985093 ^ _0528_/Y (sky130_fd_sc_hd__o21ai_2)
                                                         _0139_ (net)
                      0.077827    0.000099    0.985193 ^ _0529_/A (sky130_fd_sc_hd__inv_2)
     3    0.008619    0.030993    0.046210    1.031403 v _0529_/Y (sky130_fd_sc_hd__inv_2)
                                                         rd_ptr_bin_next_wm[2] (net)
                      0.030993    0.000034    1.031438 v _1241_/D (sky130_fd_sc_hd__dfrtp_2)
                                              1.031438   data arrival time

                                  0.000000    0.000000   clock rd_clk (rise edge)
                                  0.000000    0.000000   clock source latency
     1    0.011733    0.000000    0.000000    0.000000 ^ rd_clk (in)
                                                         rd_clk (net)
                      0.000281    0.000140    0.000140 ^ clkbuf_0_rd_clk/A (sky130_fd_sc_hd__clkbuf_16)
     4    0.035637    0.055921    0.123129    0.123269 ^ clkbuf_0_rd_clk/X (sky130_fd_sc_hd__clkbuf_16)
                                                         clknet_0_rd_clk (net)
                      0.055921    0.000164    0.123433 ^ clkbuf_2_2__f_rd_clk/A (sky130_fd_sc_hd__clkbuf_16)
     8    0.023350    0.044770    0.132669    0.256103 ^ clkbuf_2_2__f_rd_clk/X (sky130_fd_sc_hd__clkbuf_16)
                                                         clknet_2_2__leaf_rd_clk (net)
                      0.044770    0.000074    0.256177 ^ _1241_/CLK (sky130_fd_sc_hd__dfrtp_2)
                                  0.100000    0.356177   clock uncertainty
                                  0.000000    0.356177   clock reconvergence pessimism
                                 -0.036463    0.319713   library hold time
                                              0.319713   data required time
---------------------------------------------------------------------------------------------
                                              0.319713   data required time
                                             -1.031438   data arrival time
---------------------------------------------------------------------------------------------
                                              0.711725   slack (MET)


Startpoint: _1242_ (rising edge-triggered flip-flop clocked by rd_clk)
Endpoint: _1242_ (rising edge-triggered flip-flop clocked by rd_clk)
Path Group: rd_clk
Path Type: min

Fanout         Cap        Slew       Delay        Time   Description
---------------------------------------------------------------------------------------------
                                  0.000000    0.000000   clock rd_clk (rise edge)
                                  0.000000    0.000000   clock source latency
     1    0.011733    0.000000    0.000000    0.000000 ^ rd_clk (in)
                                                         rd_clk (net)
                      0.000281    0.000140    0.000140 ^ clkbuf_0_rd_clk/A (sky130_fd_sc_hd__clkbuf_16)
     4    0.035637    0.055921    0.123129    0.123269 ^ clkbuf_0_rd_clk/X (sky130_fd_sc_hd__clkbuf_16)
                                                         clknet_0_rd_clk (net)
                      0.055921    0.000164    0.123433 ^ clkbuf_2_2__f_rd_clk/A (sky130_fd_sc_hd__clkbuf_16)
     8    0.023350    0.044770    0.132669    0.256103 ^ clkbuf_2_2__f_rd_clk/X (sky130_fd_sc_hd__clkbuf_16)
                                                         clknet_2_2__leaf_rd_clk (net)
                      0.044770    0.000076    0.256179 ^ _1242_/CLK (sky130_fd_sc_hd__dfrtp_2)
     7    0.042950    0.126335    0.487386    0.743565 v _1242_/Q (sky130_fd_sc_hd__dfrtp_2)
                                                         rd_ptr_bin[3] (net)
                      0.126335    0.000210    0.743775 v _0531_/C (sky130_fd_sc_hd__nand4_4)
     4    0.028757    0.131528    0.176123    0.919898 ^ _0531_/Y (sky130_fd_sc_hd__nand4_4)
                                                         _0141_ (net)
                      0.131528    0.000320    0.920218 ^ _0534_/A (sky130_fd_sc_hd__nand2_2)
     3    0.010377    0.058756    0.084066    1.004285 v _0534_/Y (sky130_fd_sc_hd__nand2_2)
                                                         _0144_ (net)
                      0.058756    0.000004    1.004288 v _0535_/A (sky130_fd_sc_hd__inv_2)
     1    0.002677    0.024937    0.044956    1.049244 ^ _0535_/Y (sky130_fd_sc_hd__inv_2)
                                                         rd_ptr_bin_next_wm[3] (net)
                      0.024937    0.000009    1.049253 ^ _1242_/D (sky130_fd_sc_hd__dfrtp_2)
                                              1.049253   data arrival time

                                  0.000000    0.000000   clock rd_clk (rise edge)
                                  0.000000    0.000000   clock source latency
     1    0.011733    0.000000    0.000000    0.000000 ^ rd_clk (in)
                                                         rd_clk (net)
                      0.000281    0.000140    0.000140 ^ clkbuf_0_rd_clk/A (sky130_fd_sc_hd__clkbuf_16)
     4    0.035637    0.055921    0.123129    0.123269 ^ clkbuf_0_rd_clk/X (sky130_fd_sc_hd__clkbuf_16)
                                                         clknet_0_rd_clk (net)
                      0.055921    0.000164    0.123433 ^ clkbuf_2_2__f_rd_clk/A (sky130_fd_sc_hd__clkbuf_16)
     8    0.023350    0.044770    0.132669    0.256103 ^ clkbuf_2_2__f_rd_clk/X (sky130_fd_sc_hd__clkbuf_16)
                                                         clknet_2_2__leaf_rd_clk (net)
                      0.044770    0.000076    0.256179 ^ _1242_/CLK (sky130_fd_sc_hd__dfrtp_2)
                                  0.100000    0.356179   clock uncertainty
                                  0.000000    0.356179   clock reconvergence pessimism
                                 -0.030553    0.325626   library hold time
                                              0.325626   data required time
---------------------------------------------------------------------------------------------
                                              0.325626   data required time
                                             -1.049253   data arrival time
---------------------------------------------------------------------------------------------
                                              0.723627   slack (MET)


Startpoint: _1228_ (rising edge-triggered flip-flop clocked by wr_clk)
Endpoint: _1229_ (rising edge-triggered flip-flop clocked by wr_clk)
Path Group: wr_clk
Path Type: min

Fanout         Cap        Slew       Delay        Time   Description
---------------------------------------------------------------------------------------------
                                  0.000000    0.000000   clock wr_clk (rise edge)
                                  0.000000    0.000000   clock source latency
     1    0.018723    0.000000    0.000000    0.000000 ^ wr_clk (in)
                                                         wr_clk (net)
                      0.001049    0.000525    0.000525 ^ clkbuf_0_wr_clk/A (sky130_fd_sc_hd__clkbuf_16)
    16    0.088820    0.105109    0.162823    0.163347 ^ clkbuf_0_wr_clk/X (sky130_fd_sc_hd__clkbuf_16)
                                                         clknet_0_wr_clk (net)
                      0.105109    0.000263    0.163610 ^ clkbuf_4_14_0_wr_clk/A (sky130_fd_sc_hd__clkbuf_8)
     2    0.017237    0.047068    0.150149    0.313759 ^ clkbuf_4_14_0_wr_clk/X (sky130_fd_sc_hd__clkbuf_8)
                                                         clknet_4_14_0_wr_clk (net)
                      0.047068    0.000076    0.313835 ^ clkbuf_5_29__f_wr_clk/A (sky130_fd_sc_hd__clkbuf_16)
     5    0.012501    0.035462    0.119030    0.432865 ^ clkbuf_5_29__f_wr_clk/X (sky130_fd_sc_hd__clkbuf_16)
                                                         clknet_5_29__leaf_wr_clk (net)
                      0.035462    0.000050    0.432915 ^ _1228_/CLK (sky130_fd_sc_hd__dfrtp_2)
     3    0.012288    0.077998    0.370051    0.802966 ^ _1228_/Q (sky130_fd_sc_hd__dfrtp_2)
                                                         net24 (net)
                      0.077998    0.000083    0.803049 ^ _0539_/A (sky130_fd_sc_hd__inv_2)
     6    0.018131    0.048145    0.064859    0.867908 v _0539_/Y (sky130_fd_sc_hd__inv_2)
                                                         _0147_ (net)
                      0.048145    0.000080    0.867988 v _0554_/A1 (sky130_fd_sc_hd__a21oi_2)
     2    0.007402    0.122101    0.145007    1.012995 ^ _0554_/Y (sky130_fd_sc_hd__a21oi_2)
                                                         _0157_ (net)
                      0.122101    0.000025    1.013021 ^ _0555_/B (sky130_fd_sc_hd__or2_2)
     3    0.014033    0.080891    0.164902    1.177923 ^ _0555_/X (sky130_fd_sc_hd__or2_2)
                                                         _0158_ (net)
                      0.080891    0.000121    1.178044 ^ _0556_/A (sky130_fd_sc_hd__inv_2)
     2    0.008729    0.031827    0.047168    1.225211 v _0556_/Y (sky130_fd_sc_hd__inv_2)
                                                         u_wr_ptr_full.wr_ptr_bin_next[0] (net)
                      0.031827    0.000038    1.225249 v _1229_/D (sky130_fd_sc_hd__dfrtp_2)
                                              1.225249   data arrival time

                                  0.000000    0.000000   clock wr_clk (rise edge)
                                  0.000000    0.000000   clock source latency
     1    0.018723    0.000000    0.000000    0.000000 ^ wr_clk (in)
                                                         wr_clk (net)
                      0.001049    0.000525    0.000525 ^ clkbuf_0_wr_clk/A (sky130_fd_sc_hd__clkbuf_16)
    16    0.088820    0.105109    0.162823    0.163347 ^ clkbuf_0_wr_clk/X (sky130_fd_sc_hd__clkbuf_16)
                                                         clknet_0_wr_clk (net)
                      0.105109    0.000263    0.163610 ^ clkbuf_4_14_0_wr_clk/A (sky130_fd_sc_hd__clkbuf_8)
     2    0.017237    0.047068    0.150149    0.313759 ^ clkbuf_4_14_0_wr_clk/X (sky130_fd_sc_hd__clkbuf_8)
                                                         clknet_4_14_0_wr_clk (net)
                      0.047068    0.000066    0.313825 ^ clkbuf_5_28__f_wr_clk/A (sky130_fd_sc_hd__clkbuf_16)
     5    0.014845    0.037452    0.121288    0.435113 ^ clkbuf_5_28__f_wr_clk/X (sky130_fd_sc_hd__clkbuf_16)
                                                         clknet_5_28__leaf_wr_clk (net)
                      0.037452    0.000047    0.435160 ^ _1229_/CLK (sky130_fd_sc_hd__dfrtp_2)
                                  0.100000    0.535160   clock uncertainty
                                  0.000000    0.535160   clock reconvergence pessimism
                                 -0.038472    0.496688   library hold time
                                              0.496688   data required time
---------------------------------------------------------------------------------------------
                                              0.496688   data required time
                                             -1.225249   data arrival time
---------------------------------------------------------------------------------------------
                                              0.728561   slack (MET)


Startpoint: _1238_ (rising edge-triggered flip-flop clocked by rd_clk)
Endpoint: _1239_ (rising edge-triggered flip-flop clocked by rd_clk)
Path Group: rd_clk
Path Type: min

Fanout         Cap        Slew       Delay        Time   Description
---------------------------------------------------------------------------------------------
                                  0.000000    0.000000   clock rd_clk (rise edge)
                                  0.000000    0.000000   clock source latency
     1    0.011733    0.000000    0.000000    0.000000 ^ rd_clk (in)
                                                         rd_clk (net)
                      0.000281    0.000140    0.000140 ^ clkbuf_0_rd_clk/A (sky130_fd_sc_hd__clkbuf_16)
     4    0.035637    0.055921    0.123129    0.123269 ^ clkbuf_0_rd_clk/X (sky130_fd_sc_hd__clkbuf_16)
                                                         clknet_0_rd_clk (net)
                      0.055921    0.000117    0.123386 ^ clkbuf_2_1__f_rd_clk/A (sky130_fd_sc_hd__clkbuf_16)
     7    0.017421    0.039652    0.126989    0.250375 ^ clkbuf_2_1__f_rd_clk/X (sky130_fd_sc_hd__clkbuf_16)
                                                         clknet_2_1__leaf_rd_clk (net)
                      0.039652    0.000022    0.250397 ^ _1238_/CLK (sky130_fd_sc_hd__dfstp_2)
     5    0.017099    0.050076    0.383065    0.633462 v _1238_/Q (sky130_fd_sc_hd__dfstp_2)
                                                         net23 (net)
                      0.050076    0.000291    0.633753 v _0530_/A_N (sky130_fd_sc_hd__and3b_4)
     3    0.033428    0.132884    0.362697    0.996450 ^ _0530_/X (sky130_fd_sc_hd__and3b_4)
                                                         _0140_ (net)
                      0.132884    0.000087    0.996537 ^ _0552_/A (sky130_fd_sc_hd__nor2_8)
     5    0.018500    0.036254    0.063619    1.060156 v _0552_/Y (sky130_fd_sc_hd__nor2_8)
                                                         rd_ptr_bin_next_wm[0] (net)
                      0.036254    0.000032    1.060188 v _1239_/D (sky130_fd_sc_hd__dfrtp_2)
                                              1.060188   data arrival time

                                  0.000000    0.000000   clock rd_clk (rise edge)
                                  0.000000    0.000000   clock source latency
     1    0.011733    0.000000    0.000000    0.000000 ^ rd_clk (in)
                                                         rd_clk (net)
                      0.000281    0.000140    0.000140 ^ clkbuf_0_rd_clk/A (sky130_fd_sc_hd__clkbuf_16)
     4    0.035637    0.055921    0.123129    0.123269 ^ clkbuf_0_rd_clk/X (sky130_fd_sc_hd__clkbuf_16)
                                                         clknet_0_rd_clk (net)
                      0.055921    0.000164    0.123433 ^ clkbuf_2_2__f_rd_clk/A (sky130_fd_sc_hd__clkbuf_16)
     8    0.023350    0.044770    0.132669    0.256103 ^ clkbuf_2_2__f_rd_clk/X (sky130_fd_sc_hd__clkbuf_16)
                                                         clknet_2_2__leaf_rd_clk (net)
                      0.044770    0.000078    0.256181 ^ _1239_/CLK (sky130_fd_sc_hd__dfrtp_2)
                                  0.100000    0.356181   clock uncertainty
                                  0.000000    0.356181   clock reconvergence pessimism
                                 -0.038605    0.317576   library hold time
                                              0.317576   data required time
---------------------------------------------------------------------------------------------
                                              0.317576   data required time
                                             -1.060188   data arrival time
---------------------------------------------------------------------------------------------
                                              0.742613   slack (MET)


Startpoint: _1201_ (rising edge-triggered flip-flop clocked by wr_clk)
Endpoint: _1226_ (removal check against rising-edge clock wr_clk)
Path Group: asynchronous
Path Type: min

Fanout         Cap        Slew       Delay        Time   Description
---------------------------------------------------------------------------------------------
                                  0.000000    0.000000   clock wr_clk (rise edge)
                                  0.000000    0.000000   clock source latency
     1    0.018723    0.000000    0.000000    0.000000 ^ wr_clk (in)
                                                         wr_clk (net)
                      0.001049    0.000525    0.000525 ^ clkbuf_0_wr_clk/A (sky130_fd_sc_hd__clkbuf_16)
    16    0.088820    0.105109    0.162823    0.163347 ^ clkbuf_0_wr_clk/X (sky130_fd_sc_hd__clkbuf_16)
                                                         clknet_0_wr_clk (net)
                      0.105110    0.000589    0.163936 ^ clkbuf_4_10_0_wr_clk/A (sky130_fd_sc_hd__clkbuf_8)
     2    0.017560    0.047565    0.150629    0.314565 ^ clkbuf_4_10_0_wr_clk/X (sky130_fd_sc_hd__clkbuf_8)
                                                         clknet_4_10_0_wr_clk (net)
                      0.047565    0.000075    0.314640 ^ clkbuf_5_21__f_wr_clk/A (sky130_fd_sc_hd__clkbuf_16)
     6    0.016654    0.038990    0.123173    0.437812 ^ clkbuf_5_21__f_wr_clk/X (sky130_fd_sc_hd__clkbuf_16)
                                                         clknet_5_21__leaf_wr_clk (net)
                      0.038998    0.000186    0.437998 ^ _1201_/CLK (sky130_fd_sc_hd__dfrtp_2)
     1    0.003008    0.038599    0.329403    0.767402 ^ _1201_/Q (sky130_fd_sc_hd__dfrtp_2)
                                                         u_wr_reset_sync.sync_ff2 (net)
                      0.038599    0.000012    0.767414 ^ fanout80/A (sky130_fd_sc_hd__clkdlybuf4s25_1)
     7    0.033303    0.336695    0.450678    1.218092 ^ fanout80/X (sky130_fd_sc_hd__clkdlybuf4s25_1)
                                                         net80 (net)
                      0.336695    0.000041    1.218133 ^ fanout79/A (sky130_fd_sc_hd__clkdlybuf4s25_1)
     5    0.020338    0.210715    0.437136    1.655269 ^ fanout79/X (sky130_fd_sc_hd__clkdlybuf4s25_1)
                                                         net79 (net)
                      0.210715    0.000242    1.655511 ^ _1226_/RESET_B (sky130_fd_sc_hd__dfrtp_2)
                                              1.655511   data arrival time

                                  0.000000    0.000000   clock wr_clk (rise edge)
                                  0.000000    0.000000   clock source latency
     1    0.018723    0.000000    0.000000    0.000000 ^ wr_clk (in)
                                                         wr_clk (net)
                      0.001049    0.000525    0.000525 ^ clkbuf_0_wr_clk/A (sky130_fd_sc_hd__clkbuf_16)
    16    0.088820    0.105109    0.162823    0.163347 ^ clkbuf_0_wr_clk/X (sky130_fd_sc_hd__clkbuf_16)
                                                         clknet_0_wr_clk (net)
                      0.105109    0.000254    0.163601 ^ clkbuf_4_15_0_wr_clk/A (sky130_fd_sc_hd__clkbuf_8)
     2    0.017792    0.047925    0.150966    0.314567 ^ clkbuf_4_15_0_wr_clk/X (sky130_fd_sc_hd__clkbuf_8)
                                                         clknet_4_15_0_wr_clk (net)
                      0.047925    0.000125    0.314692 ^ clkbuf_5_31__f_wr_clk/A (sky130_fd_sc_hd__clkbuf_16)
     5    0.012090    0.035112    0.118949    0.433641 ^ clkbuf_5_31__f_wr_clk/X (sky130_fd_sc_hd__clkbuf_16)
                                                         clknet_5_31__leaf_wr_clk (net)
                      0.035112    0.000046    0.433688 ^ _1226_/CLK (sky130_fd_sc_hd__dfrtp_2)
                                  0.100000    0.533688   clock uncertainty
                                  0.000000    0.533688   clock reconvergence pessimism
                                  0.362715    0.896403   library removal time
                                              0.896403   data required time
---------------------------------------------------------------------------------------------
                                              0.896403   data required time
                                             -1.655511   data arrival time
---------------------------------------------------------------------------------------------
                                              0.759108   slack (MET)


Startpoint: _1201_ (rising edge-triggered flip-flop clocked by wr_clk)
Endpoint: _1233_ (removal check against rising-edge clock wr_clk)
Path Group: asynchronous
Path Type: min

Fanout         Cap        Slew       Delay        Time   Description
---------------------------------------------------------------------------------------------
                                  0.000000    0.000000   clock wr_clk (rise edge)
                                  0.000000    0.000000   clock source latency
     1    0.018723    0.000000    0.000000    0.000000 ^ wr_clk (in)
                                                         wr_clk (net)
                      0.001049    0.000525    0.000525 ^ clkbuf_0_wr_clk/A (sky130_fd_sc_hd__clkbuf_16)
    16    0.088820    0.105109    0.162823    0.163347 ^ clkbuf_0_wr_clk/X (sky130_fd_sc_hd__clkbuf_16)
                                                         clknet_0_wr_clk (net)
                      0.105110    0.000589    0.163936 ^ clkbuf_4_10_0_wr_clk/A (sky130_fd_sc_hd__clkbuf_8)
     2    0.017560    0.047565    0.150629    0.314565 ^ clkbuf_4_10_0_wr_clk/X (sky130_fd_sc_hd__clkbuf_8)
                                                         clknet_4_10_0_wr_clk (net)
                      0.047565    0.000075    0.314640 ^ clkbuf_5_21__f_wr_clk/A (sky130_fd_sc_hd__clkbuf_16)
     6    0.016654    0.038990    0.123173    0.437812 ^ clkbuf_5_21__f_wr_clk/X (sky130_fd_sc_hd__clkbuf_16)
                                                         clknet_5_21__leaf_wr_clk (net)
                      0.038998    0.000186    0.437998 ^ _1201_/CLK (sky130_fd_sc_hd__dfrtp_2)
     1    0.003008    0.038599    0.329403    0.767402 ^ _1201_/Q (sky130_fd_sc_hd__dfrtp_2)
                                                         u_wr_reset_sync.sync_ff2 (net)
                      0.038599    0.000012    0.767414 ^ fanout80/A (sky130_fd_sc_hd__clkdlybuf4s25_1)
     7    0.033303    0.336695    0.450678    1.218092 ^ fanout80/X (sky130_fd_sc_hd__clkdlybuf4s25_1)
                                                         net80 (net)
                      0.336695    0.000041    1.218133 ^ fanout79/A (sky130_fd_sc_hd__clkdlybuf4s25_1)
     5    0.020338    0.210715    0.437136    1.655269 ^ fanout79/X (sky130_fd_sc_hd__clkdlybuf4s25_1)
                                                         net79 (net)
                      0.210715    0.000255    1.655524 ^ _1233_/RESET_B (sky130_fd_sc_hd__dfrtp_2)
                                              1.655524   data arrival time

                                  0.000000    0.000000   clock wr_clk (rise edge)
                                  0.000000    0.000000   clock source latency
     1    0.018723    0.000000    0.000000    0.000000 ^ wr_clk (in)
                                                         wr_clk (net)
                      0.001049    0.000525    0.000525 ^ clkbuf_0_wr_clk/A (sky130_fd_sc_hd__clkbuf_16)
    16    0.088820    0.105109    0.162823    0.163347 ^ clkbuf_0_wr_clk/X (sky130_fd_sc_hd__clkbuf_16)
                                                         clknet_0_wr_clk (net)
                      0.105109    0.000254    0.163601 ^ clkbuf_4_15_0_wr_clk/A (sky130_fd_sc_hd__clkbuf_8)
     2    0.017792    0.047925    0.150966    0.314567 ^ clkbuf_4_15_0_wr_clk/X (sky130_fd_sc_hd__clkbuf_8)
                                                         clknet_4_15_0_wr_clk (net)
                      0.047925    0.000125    0.314692 ^ clkbuf_5_31__f_wr_clk/A (sky130_fd_sc_hd__clkbuf_16)
     5    0.012090    0.035112    0.118949    0.433641 ^ clkbuf_5_31__f_wr_clk/X (sky130_fd_sc_hd__clkbuf_16)
                                                         clknet_5_31__leaf_wr_clk (net)
                      0.035112    0.000047    0.433688 ^ _1233_/CLK (sky130_fd_sc_hd__dfrtp_2)
                                  0.100000    0.533688   clock uncertainty
                                  0.000000    0.533688   clock reconvergence pessimism
                                  0.362715    0.896404   library removal time
                                              0.896404   data required time
---------------------------------------------------------------------------------------------
                                              0.896404   data required time
                                             -1.655524   data arrival time
---------------------------------------------------------------------------------------------
                                              0.759120   slack (MET)


Startpoint: _1201_ (rising edge-triggered flip-flop clocked by wr_clk)
Endpoint: _1232_ (removal check against rising-edge clock wr_clk)
Path Group: asynchronous
Path Type: min

Fanout         Cap        Slew       Delay        Time   Description
---------------------------------------------------------------------------------------------
                                  0.000000    0.000000   clock wr_clk (rise edge)
                                  0.000000    0.000000   clock source latency
     1    0.018723    0.000000    0.000000    0.000000 ^ wr_clk (in)
                                                         wr_clk (net)
                      0.001049    0.000525    0.000525 ^ clkbuf_0_wr_clk/A (sky130_fd_sc_hd__clkbuf_16)
    16    0.088820    0.105109    0.162823    0.163347 ^ clkbuf_0_wr_clk/X (sky130_fd_sc_hd__clkbuf_16)
                                                         clknet_0_wr_clk (net)
                      0.105110    0.000589    0.163936 ^ clkbuf_4_10_0_wr_clk/A (sky130_fd_sc_hd__clkbuf_8)
     2    0.017560    0.047565    0.150629    0.314565 ^ clkbuf_4_10_0_wr_clk/X (sky130_fd_sc_hd__clkbuf_8)
                                                         clknet_4_10_0_wr_clk (net)
                      0.047565    0.000075    0.314640 ^ clkbuf_5_21__f_wr_clk/A (sky130_fd_sc_hd__clkbuf_16)
     6    0.016654    0.038990    0.123173    0.437812 ^ clkbuf_5_21__f_wr_clk/X (sky130_fd_sc_hd__clkbuf_16)
                                                         clknet_5_21__leaf_wr_clk (net)
                      0.038998    0.000186    0.437998 ^ _1201_/CLK (sky130_fd_sc_hd__dfrtp_2)
     1    0.003008    0.038599    0.329403    0.767402 ^ _1201_/Q (sky130_fd_sc_hd__dfrtp_2)
                                                         u_wr_reset_sync.sync_ff2 (net)
                      0.038599    0.000012    0.767414 ^ fanout80/A (sky130_fd_sc_hd__clkdlybuf4s25_1)
     7    0.033303    0.336695    0.450678    1.218092 ^ fanout80/X (sky130_fd_sc_hd__clkdlybuf4s25_1)
                                                         net80 (net)
                      0.336695    0.000041    1.218133 ^ fanout79/A (sky130_fd_sc_hd__clkdlybuf4s25_1)
     5    0.020338    0.210715    0.437136    1.655269 ^ fanout79/X (sky130_fd_sc_hd__clkdlybuf4s25_1)
                                                         net79 (net)
                      0.210715    0.000244    1.655513 ^ _1232_/RESET_B (sky130_fd_sc_hd__dfrtp_2)
                                              1.655513   data arrival time

                                  0.000000    0.000000   clock wr_clk (rise edge)
                                  0.000000    0.000000   clock source latency
     1    0.018723    0.000000    0.000000    0.000000 ^ wr_clk (in)
                                                         wr_clk (net)
                      0.001049    0.000525    0.000525 ^ clkbuf_0_wr_clk/A (sky130_fd_sc_hd__clkbuf_16)
    16    0.088820    0.105109    0.162823    0.163347 ^ clkbuf_0_wr_clk/X (sky130_fd_sc_hd__clkbuf_16)
                                                         clknet_0_wr_clk (net)
                      0.105109    0.000254    0.163601 ^ clkbuf_4_15_0_wr_clk/A (sky130_fd_sc_hd__clkbuf_8)
     2    0.017792    0.047925    0.150966    0.314567 ^ clkbuf_4_15_0_wr_clk/X (sky130_fd_sc_hd__clkbuf_8)
                                                         clknet_4_15_0_wr_clk (net)
                      0.047925    0.000079    0.314646 ^ clkbuf_5_30__f_wr_clk/A (sky130_fd_sc_hd__clkbuf_16)
     5    0.012006    0.035039    0.118873    0.433519 ^ clkbuf_5_30__f_wr_clk/X (sky130_fd_sc_hd__clkbuf_16)
                                                         clknet_5_30__leaf_wr_clk (net)
                      0.035039    0.000015    0.433534 ^ _1232_/CLK (sky130_fd_sc_hd__dfrtp_2)
                                  0.100000    0.533534   clock uncertainty
                                  0.000000    0.533534   clock reconvergence pessimism
                                  0.362695    0.896230   library removal time
                                              0.896230   data required time
---------------------------------------------------------------------------------------------
                                              0.896230   data required time
                                             -1.655513   data arrival time
---------------------------------------------------------------------------------------------
                                              0.759283   slack (MET)


Startpoint: _1223_ (rising edge-triggered flip-flop clocked by wr_clk)
Endpoint: _1228_ (rising edge-triggered flip-flop clocked by wr_clk)
Path Group: wr_clk
Path Type: min

Fanout         Cap        Slew       Delay        Time   Description
---------------------------------------------------------------------------------------------
                                  0.000000    0.000000   clock wr_clk (rise edge)
                                  0.000000    0.000000   clock source latency
     1    0.018723    0.000000    0.000000    0.000000 ^ wr_clk (in)
                                                         wr_clk (net)
                      0.001049    0.000525    0.000525 ^ clkbuf_0_wr_clk/A (sky130_fd_sc_hd__clkbuf_16)
    16    0.088820    0.105109    0.162823    0.163347 ^ clkbuf_0_wr_clk/X (sky130_fd_sc_hd__clkbuf_16)
                                                         clknet_0_wr_clk (net)
                      0.105109    0.000263    0.163610 ^ clkbuf_4_14_0_wr_clk/A (sky130_fd_sc_hd__clkbuf_8)
     2    0.017237    0.047068    0.150149    0.313759 ^ clkbuf_4_14_0_wr_clk/X (sky130_fd_sc_hd__clkbuf_8)
                                                         clknet_4_14_0_wr_clk (net)
                      0.047068    0.000076    0.313835 ^ clkbuf_5_29__f_wr_clk/A (sky130_fd_sc_hd__clkbuf_16)
     5    0.012501    0.035462    0.119030    0.432865 ^ clkbuf_5_29__f_wr_clk/X (sky130_fd_sc_hd__clkbuf_16)
                                                         clknet_5_29__leaf_wr_clk (net)
                      0.035462    0.000072    0.432937 ^ _1223_/CLK (sky130_fd_sc_hd__dfrtp_2)
     8    0.038534    0.190098    0.460192    0.893129 ^ _1223_/Q (sky130_fd_sc_hd__dfrtp_2)
                                                         u_sync_r2w.sync_stage2[4] (net)
                      0.190098    0.000057    0.893186 ^ _0632_/A (sky130_fd_sc_hd__xnor2_2)
     2    0.005703    0.043419    0.099254    0.992440 v _0632_/Y (sky130_fd_sc_hd__xnor2_2)
                                                         _0226_ (net)
                      0.043419    0.000004    0.992444 v _0716_/C (sky130_fd_sc_hd__and4_4)
     1    0.005068    0.029796    0.175165    1.167608 v _0716_/X (sky130_fd_sc_hd__and4_4)
                                                         _0307_ (net)
                      0.029796    0.000019    1.167627 v _0717_/A (sky130_fd_sc_hd__buf_6)
     1    0.002381    0.018903    0.098346    1.265973 v _0717_/X (sky130_fd_sc_hd__buf_6)
                                                         u_wr_ptr_full.full_val (net)
                      0.018903    0.000004    1.265977 v _1228_/D (sky130_fd_sc_hd__dfrtp_2)
                                              1.265977   data arrival time

                                  0.000000    0.000000   clock wr_clk (rise edge)
                                  0.000000    0.000000   clock source latency
     1    0.018723    0.000000    0.000000    0.000000 ^ wr_clk (in)
                                                         wr_clk (net)
                      0.001049    0.000525    0.000525 ^ clkbuf_0_wr_clk/A (sky130_fd_sc_hd__clkbuf_16)
    16    0.088820    0.105109    0.162823    0.163347 ^ clkbuf_0_wr_clk/X (sky130_fd_sc_hd__clkbuf_16)
                                                         clknet_0_wr_clk (net)
                      0.105109    0.000263    0.163610 ^ clkbuf_4_14_0_wr_clk/A (sky130_fd_sc_hd__clkbuf_8)
     2    0.017237    0.047068    0.150149    0.313759 ^ clkbuf_4_14_0_wr_clk/X (sky130_fd_sc_hd__clkbuf_8)
                                                         clknet_4_14_0_wr_clk (net)
                      0.047068    0.000076    0.313835 ^ clkbuf_5_29__f_wr_clk/A (sky130_fd_sc_hd__clkbuf_16)
     5    0.012501    0.035462    0.119030    0.432865 ^ clkbuf_5_29__f_wr_clk/X (sky130_fd_sc_hd__clkbuf_16)
                                                         clknet_5_29__leaf_wr_clk (net)
                      0.035462    0.000050    0.432915 ^ _1228_/CLK (sky130_fd_sc_hd__dfrtp_2)
                                  0.100000    0.532915   clock uncertainty
                                  0.000000    0.532915   clock reconvergence pessimism
                                 -0.033663    0.499252   library hold time
                                              0.499252   data required time
---------------------------------------------------------------------------------------------
                                              0.499252   data required time
                                             -1.265977   data arrival time
---------------------------------------------------------------------------------------------
                                              0.766725   slack (MET)


Startpoint: _1232_ (rising edge-triggered flip-flop clocked by wr_clk)
Endpoint: _1226_ (rising edge-triggered flip-flop clocked by wr_clk)
Path Group: wr_clk
Path Type: min

Fanout         Cap        Slew       Delay        Time   Description
---------------------------------------------------------------------------------------------
                                  0.000000    0.000000   clock wr_clk (rise edge)
                                  0.000000    0.000000   clock source latency
     1    0.018723    0.000000    0.000000    0.000000 ^ wr_clk (in)
                                                         wr_clk (net)
                      0.001049    0.000525    0.000525 ^ clkbuf_0_wr_clk/A (sky130_fd_sc_hd__clkbuf_16)
    16    0.088820    0.105109    0.162823    0.163347 ^ clkbuf_0_wr_clk/X (sky130_fd_sc_hd__clkbuf_16)
                                                         clknet_0_wr_clk (net)
                      0.105109    0.000254    0.163601 ^ clkbuf_4_15_0_wr_clk/A (sky130_fd_sc_hd__clkbuf_8)
     2    0.017792    0.047925    0.150966    0.314567 ^ clkbuf_4_15_0_wr_clk/X (sky130_fd_sc_hd__clkbuf_8)
                                                         clknet_4_15_0_wr_clk (net)
                      0.047925    0.000079    0.314646 ^ clkbuf_5_30__f_wr_clk/A (sky130_fd_sc_hd__clkbuf_16)
     5    0.012006    0.035039    0.118873    0.433519 ^ clkbuf_5_30__f_wr_clk/X (sky130_fd_sc_hd__clkbuf_16)
                                                         clknet_5_30__leaf_wr_clk (net)
                      0.035039    0.000015    0.433534 ^ _1232_/CLK (sky130_fd_sc_hd__dfrtp_2)
     1    0.002547    0.038035    0.325216    0.758750 ^ _1232_/Q (sky130_fd_sc_hd__dfrtp_2)
                                                         u_fifomem.wr_addr[3] (net)
                      0.038035    0.000003    0.758753 ^ fanout66/A (sky130_fd_sc_hd__clkdlybuf4s25_1)
     4    0.022547    0.231991    0.377039    1.135792 ^ fanout66/X (sky130_fd_sc_hd__clkdlybuf4s25_1)
                                                         net66 (net)
                      0.231991    0.000117    1.135909 ^ _0568_/A (sky130_fd_sc_hd__xnor2_2)
     2    0.011351    0.065407    0.128994    1.264903 v _0568_/Y (sky130_fd_sc_hd__xnor2_2)
                                                         u_wr_ptr_full.wr_ptr_gray_next[2] (net)
                      0.065407    0.000035    1.264938 v _1226_/D (sky130_fd_sc_hd__dfrtp_2)
                                              1.264938   data arrival time

                                  0.000000    0.000000   clock wr_clk (rise edge)
                                  0.000000    0.000000   clock source latency
     1    0.018723    0.000000    0.000000    0.000000 ^ wr_clk (in)
                                                         wr_clk (net)
                      0.001049    0.000525    0.000525 ^ clkbuf_0_wr_clk/A (sky130_fd_sc_hd__clkbuf_16)
    16    0.088820    0.105109    0.162823    0.163347 ^ clkbuf_0_wr_clk/X (sky130_fd_sc_hd__clkbuf_16)
                                                         clknet_0_wr_clk (net)
                      0.105109    0.000254    0.163601 ^ clkbuf_4_15_0_wr_clk/A (sky130_fd_sc_hd__clkbuf_8)
     2    0.017792    0.047925    0.150966    0.314567 ^ clkbuf_4_15_0_wr_clk/X (sky130_fd_sc_hd__clkbuf_8)
                                                         clknet_4_15_0_wr_clk (net)
                      0.047925    0.000125    0.314692 ^ clkbuf_5_31__f_wr_clk/A (sky130_fd_sc_hd__clkbuf_16)
     5    0.012090    0.035112    0.118949    0.433641 ^ clkbuf_5_31__f_wr_clk/X (sky130_fd_sc_hd__clkbuf_16)
                                                         clknet_5_31__leaf_wr_clk (net)
                      0.035112    0.000046    0.433688 ^ _1226_/CLK (sky130_fd_sc_hd__dfrtp_2)
                                  0.100000    0.533688   clock uncertainty
                                  0.000000    0.533688   clock reconvergence pessimism
                                 -0.052678    0.481009   library hold time
                                              0.481009   data required time
---------------------------------------------------------------------------------------------
                                              0.481009   data required time
                                             -1.264938   data arrival time
---------------------------------------------------------------------------------------------
                                              0.783928   slack (MET)


Startpoint: _1230_ (rising edge-triggered flip-flop clocked by wr_clk)
Endpoint: _1231_ (rising edge-triggered flip-flop clocked by wr_clk)
Path Group: wr_clk
Path Type: min

Fanout         Cap        Slew       Delay        Time   Description
---------------------------------------------------------------------------------------------
                                  0.000000    0.000000   clock wr_clk (rise edge)
                                  0.000000    0.000000   clock source latency
     1    0.018723    0.000000    0.000000    0.000000 ^ wr_clk (in)
                                                         wr_clk (net)
                      0.001049    0.000525    0.000525 ^ clkbuf_0_wr_clk/A (sky130_fd_sc_hd__clkbuf_16)
    16    0.088820    0.105109    0.162823    0.163347 ^ clkbuf_0_wr_clk/X (sky130_fd_sc_hd__clkbuf_16)
                                                         clknet_0_wr_clk (net)
                      0.105109    0.000263    0.163610 ^ clkbuf_4_14_0_wr_clk/A (sky130_fd_sc_hd__clkbuf_8)
     2    0.017237    0.047068    0.150149    0.313759 ^ clkbuf_4_14_0_wr_clk/X (sky130_fd_sc_hd__clkbuf_8)
                                                         clknet_4_14_0_wr_clk (net)
                      0.047068    0.000066    0.313825 ^ clkbuf_5_28__f_wr_clk/A (sky130_fd_sc_hd__clkbuf_16)
     5    0.014845    0.037452    0.121288    0.435113 ^ clkbuf_5_28__f_wr_clk/X (sky130_fd_sc_hd__clkbuf_16)
                                                         clknet_5_28__leaf_wr_clk (net)
                      0.037452    0.000019    0.435131 ^ _1230_/CLK (sky130_fd_sc_hd__dfrtp_2)
     8    0.027890    0.145134    0.424695    0.859827 ^ _1230_/Q (sky130_fd_sc_hd__dfrtp_2)
                                                         u_fifomem.wr_addr[1] (net)
                      0.145134    0.000017    0.859844 ^ _0537_/C (sky130_fd_sc_hd__and3b_2)
     1    0.005202    0.055032    0.205305    1.065149 ^ _0537_/X (sky130_fd_sc_hd__and3b_2)
                                                         _0145_ (net)
                      0.055032    0.000010    1.065159 ^ _0538_/A (sky130_fd_sc_hd__buf_6)
     6    0.040342    0.087996    0.137376    1.202535 ^ _0538_/X (sky130_fd_sc_hd__buf_6)
                                                         _0146_ (net)
                      0.087996    0.000163    1.202698 ^ _0544_/A1 (sky130_fd_sc_hd__a21oi_4)
     5    0.017561    0.056641    0.075862    1.278560 v _0544_/Y (sky130_fd_sc_hd__a21oi_4)
                                                         u_wr_ptr_full.wr_ptr_bin_next[2] (net)
                      0.056641    0.000014    1.278574 v _1231_/D (sky130_fd_sc_hd__dfrtp_2)
                                              1.278574   data arrival time

                                  0.000000    0.000000   clock wr_clk (rise edge)
                                  0.000000    0.000000   clock source latency
     1    0.018723    0.000000    0.000000    0.000000 ^ wr_clk (in)
                                                         wr_clk (net)
                      0.001049    0.000525    0.000525 ^ clkbuf_0_wr_clk/A (sky130_fd_sc_hd__clkbuf_16)
    16    0.088820    0.105109    0.162823    0.163347 ^ clkbuf_0_wr_clk/X (sky130_fd_sc_hd__clkbuf_16)
                                                         clknet_0_wr_clk (net)
                      0.105109    0.000263    0.163610 ^ clkbuf_4_14_0_wr_clk/A (sky130_fd_sc_hd__clkbuf_8)
     2    0.017237    0.047068    0.150149    0.313759 ^ clkbuf_4_14_0_wr_clk/X (sky130_fd_sc_hd__clkbuf_8)
                                                         clknet_4_14_0_wr_clk (net)
                      0.047068    0.000066    0.313825 ^ clkbuf_5_28__f_wr_clk/A (sky130_fd_sc_hd__clkbuf_16)
     5    0.014845    0.037452    0.121288    0.435113 ^ clkbuf_5_28__f_wr_clk/X (sky130_fd_sc_hd__clkbuf_16)
                                                         clknet_5_28__leaf_wr_clk (net)
                      0.037452    0.000017    0.435130 ^ _1231_/CLK (sky130_fd_sc_hd__dfrtp_2)
                                  0.100000    0.535130   clock uncertainty
                                  0.000000    0.535130   clock reconvergence pessimism
                                 -0.048575    0.486555   library hold time
                                              0.486555   data required time
---------------------------------------------------------------------------------------------
                                              0.486555   data required time
                                             -1.278574   data arrival time
---------------------------------------------------------------------------------------------
                                              0.792019   slack (MET)


Startpoint: _1238_ (rising edge-triggered flip-flop clocked by rd_clk)
Endpoint: _1235_ (rising edge-triggered flip-flop clocked by rd_clk)
Path Group: rd_clk
Path Type: min

Fanout         Cap        Slew       Delay        Time   Description
---------------------------------------------------------------------------------------------
                                  0.000000    0.000000   clock rd_clk (rise edge)
                                  0.000000    0.000000   clock source latency
     1    0.011733    0.000000    0.000000    0.000000 ^ rd_clk (in)
                                                         rd_clk (net)
                      0.000281    0.000140    0.000140 ^ clkbuf_0_rd_clk/A (sky130_fd_sc_hd__clkbuf_16)
     4    0.035637    0.055921    0.123129    0.123269 ^ clkbuf_0_rd_clk/X (sky130_fd_sc_hd__clkbuf_16)
                                                         clknet_0_rd_clk (net)
                      0.055921    0.000117    0.123386 ^ clkbuf_2_1__f_rd_clk/A (sky130_fd_sc_hd__clkbuf_16)
     7    0.017421    0.039652    0.126989    0.250375 ^ clkbuf_2_1__f_rd_clk/X (sky130_fd_sc_hd__clkbuf_16)
                                                         clknet_2_1__leaf_rd_clk (net)
                      0.039652    0.000022    0.250397 ^ _1238_/CLK (sky130_fd_sc_hd__dfstp_2)
     5    0.017099    0.050076    0.383065    0.633462 v _1238_/Q (sky130_fd_sc_hd__dfstp_2)
                                                         net23 (net)
                      0.050076    0.000279    0.633741 v _0521_/A (sky130_fd_sc_hd__inv_2)
     4    0.016729    0.082572    0.086783    0.720524 ^ _0521_/Y (sky130_fd_sc_hd__inv_2)
                                                         _0133_ (net)
                      0.082572    0.000008    0.720532 ^ _0558_/A1 (sky130_fd_sc_hd__a311o_2)
     1    0.001990    0.035349    0.152802    0.873334 ^ _0558_/X (sky130_fd_sc_hd__a311o_2)
                                                         _0159_ (net)
                      0.035349    0.000006    0.873340 ^ _0560_/A (sky130_fd_sc_hd__and2_2)
     1    0.002082    0.034280    0.115886    0.989226 ^ _0560_/X (sky130_fd_sc_hd__and2_2)
                                                         _0161_ (net)
                      0.034280    0.000003    0.989230 ^ _0561_/A (sky130_fd_sc_hd__buf_2)
     3    0.012544    0.069112    0.122284    1.111513 ^ _0561_/X (sky130_fd_sc_hd__buf_2)
                                                         u_rd_ptr_empty.rd_ptr_gray_next[1] (net)
                      0.069112    0.000033    1.111546 ^ _1235_/D (sky130_fd_sc_hd__dfrtp_2)
                                              1.111546   data arrival time

                                  0.000000    0.000000   clock rd_clk (rise edge)
                                  0.000000    0.000000   clock source latency
     1    0.011733    0.000000    0.000000    0.000000 ^ rd_clk (in)
                                                         rd_clk (net)
                      0.000281    0.000140    0.000140 ^ clkbuf_0_rd_clk/A (sky130_fd_sc_hd__clkbuf_16)
     4    0.035637    0.055921    0.123129    0.123269 ^ clkbuf_0_rd_clk/X (sky130_fd_sc_hd__clkbuf_16)
                                                         clknet_0_rd_clk (net)
                      0.055921    0.000105    0.123374 ^ clkbuf_2_0__f_rd_clk/A (sky130_fd_sc_hd__clkbuf_16)
     8    0.019761    0.041646    0.129218    0.252593 ^ clkbuf_2_0__f_rd_clk/X (sky130_fd_sc_hd__clkbuf_16)
                                                         clknet_2_0__leaf_rd_clk (net)
                      0.041646    0.000103    0.252696 ^ _1235_/CLK (sky130_fd_sc_hd__dfrtp_2)
                                  0.100000    0.352696   clock uncertainty
                                  0.000000    0.352696   clock reconvergence pessimism
                                 -0.040131    0.312564   library hold time
                                              0.312564   data required time
---------------------------------------------------------------------------------------------
                                              0.312564   data required time
                                             -1.111546   data arrival time
---------------------------------------------------------------------------------------------
                                              0.798982   slack (MET)


Startpoint: _1203_ (rising edge-triggered flip-flop clocked by rd_clk)
Endpoint: _1242_ (removal check against rising-edge clock rd_clk)
Path Group: asynchronous
Path Type: min

Fanout         Cap        Slew       Delay        Time   Description
---------------------------------------------------------------------------------------------
                                  0.000000    0.000000   clock rd_clk (rise edge)
                                  0.000000    0.000000   clock source latency
     1    0.011733    0.000000    0.000000    0.000000 ^ rd_clk (in)
                                                         rd_clk (net)
                      0.000281    0.000140    0.000140 ^ clkbuf_0_rd_clk/A (sky130_fd_sc_hd__clkbuf_16)
     4    0.035637    0.055921    0.123129    0.123269 ^ clkbuf_0_rd_clk/X (sky130_fd_sc_hd__clkbuf_16)
                                                         clknet_0_rd_clk (net)
                      0.055921    0.000153    0.123422 ^ clkbuf_2_3__f_rd_clk/A (sky130_fd_sc_hd__clkbuf_16)
     7    0.020291    0.042098    0.129718    0.253140 ^ clkbuf_2_3__f_rd_clk/X (sky130_fd_sc_hd__clkbuf_16)
                                                         clknet_2_3__leaf_rd_clk (net)
                      0.042098    0.000099    0.253239 ^ _1203_/CLK (sky130_fd_sc_hd__dfrtp_2)
     2    0.006595    0.056213    0.348068    0.601307 ^ _1203_/Q (sky130_fd_sc_hd__dfrtp_2)
                                                         u_rd_reset_sync.sync_ff2 (net)
                      0.056213    0.000013    0.601321 ^ fanout76/A (sky130_fd_sc_hd__clkdlybuf4s25_1)
     8    0.036394    0.366398    0.478048    1.079369 ^ fanout76/X (sky130_fd_sc_hd__clkdlybuf4s25_1)
                                                         net76 (net)
                      0.366398    0.000163    1.079532 ^ fanout75/A (sky130_fd_sc_hd__clkdlybuf4s25_1)
     6    0.025583    0.261521    0.477091    1.556623 ^ fanout75/X (sky130_fd_sc_hd__clkdlybuf4s25_1)
                                                         net75 (net)
                      0.261521    0.000316    1.556940 ^ _1242_/RESET_B (sky130_fd_sc_hd__dfrtp_2)
                                              1.556940   data arrival time

                                  0.000000    0.000000   clock rd_clk (rise edge)
                                  0.000000    0.000000   clock source latency
     1    0.011733    0.000000    0.000000    0.000000 ^ rd_clk (in)
                                                         rd_clk (net)
                      0.000281    0.000140    0.000140 ^ clkbuf_0_rd_clk/A (sky130_fd_sc_hd__clkbuf_16)
     4    0.035637    0.055921    0.123129    0.123269 ^ clkbuf_0_rd_clk/X (sky130_fd_sc_hd__clkbuf_16)
                                                         clknet_0_rd_clk (net)
                      0.055921    0.000164    0.123433 ^ clkbuf_2_2__f_rd_clk/A (sky130_fd_sc_hd__clkbuf_16)
     8    0.023350    0.044770    0.132669    0.256103 ^ clkbuf_2_2__f_rd_clk/X (sky130_fd_sc_hd__clkbuf_16)
                                                         clknet_2_2__leaf_rd_clk (net)
                      0.044770    0.000076    0.256179 ^ _1242_/CLK (sky130_fd_sc_hd__dfrtp_2)
                                  0.100000    0.356179   clock uncertainty
                                  0.000000    0.356179   clock reconvergence pessimism
                                  0.379215    0.735394   library removal time
                                              0.735394   data required time
---------------------------------------------------------------------------------------------
                                              0.735394   data required time
                                             -1.556940   data arrival time
---------------------------------------------------------------------------------------------
                                              0.821545   slack (MET)


Startpoint: _1203_ (rising edge-triggered flip-flop clocked by rd_clk)
Endpoint: _1209_ (removal check against rising-edge clock rd_clk)
Path Group: asynchronous
Path Type: min

Fanout         Cap        Slew       Delay        Time   Description
---------------------------------------------------------------------------------------------
                                  0.000000    0.000000   clock rd_clk (rise edge)
                                  0.000000    0.000000   clock source latency
     1    0.011733    0.000000    0.000000    0.000000 ^ rd_clk (in)
                                                         rd_clk (net)
                      0.000281    0.000140    0.000140 ^ clkbuf_0_rd_clk/A (sky130_fd_sc_hd__clkbuf_16)
     4    0.035637    0.055921    0.123129    0.123269 ^ clkbuf_0_rd_clk/X (sky130_fd_sc_hd__clkbuf_16)
                                                         clknet_0_rd_clk (net)
                      0.055921    0.000153    0.123422 ^ clkbuf_2_3__f_rd_clk/A (sky130_fd_sc_hd__clkbuf_16)
     7    0.020291    0.042098    0.129718    0.253140 ^ clkbuf_2_3__f_rd_clk/X (sky130_fd_sc_hd__clkbuf_16)
                                                         clknet_2_3__leaf_rd_clk (net)
                      0.042098    0.000099    0.253239 ^ _1203_/CLK (sky130_fd_sc_hd__dfrtp_2)
     2    0.006595    0.056213    0.348068    0.601307 ^ _1203_/Q (sky130_fd_sc_hd__dfrtp_2)
                                                         u_rd_reset_sync.sync_ff2 (net)
                      0.056213    0.000013    0.601321 ^ fanout76/A (sky130_fd_sc_hd__clkdlybuf4s25_1)
     8    0.036394    0.366398    0.478048    1.079369 ^ fanout76/X (sky130_fd_sc_hd__clkdlybuf4s25_1)
                                                         net76 (net)
                      0.366398    0.000163    1.079532 ^ fanout75/A (sky130_fd_sc_hd__clkdlybuf4s25_1)
     6    0.025583    0.261521    0.477091    1.556623 ^ fanout75/X (sky130_fd_sc_hd__clkdlybuf4s25_1)
                                                         net75 (net)
                      0.261521    0.000361    1.556985 ^ _1209_/RESET_B (sky130_fd_sc_hd__dfrtp_2)
                                              1.556985   data arrival time

                                  0.000000    0.000000   clock rd_clk (rise edge)
                                  0.000000    0.000000   clock source latency
     1    0.011733    0.000000    0.000000    0.000000 ^ rd_clk (in)
                                                         rd_clk (net)
                      0.000281    0.000140    0.000140 ^ clkbuf_0_rd_clk/A (sky130_fd_sc_hd__clkbuf_16)
     4    0.035637    0.055921    0.123129    0.123269 ^ clkbuf_0_rd_clk/X (sky130_fd_sc_hd__clkbuf_16)
                                                         clknet_0_rd_clk (net)
                      0.055921    0.000105    0.123374 ^ clkbuf_2_0__f_rd_clk/A (sky130_fd_sc_hd__clkbuf_16)
     8    0.019761    0.041646    0.129218    0.252593 ^ clkbuf_2_0__f_rd_clk/X (sky130_fd_sc_hd__clkbuf_16)
                                                         clknet_2_0__leaf_rd_clk (net)
                      0.041646    0.000067    0.252660 ^ _1209_/CLK (sky130_fd_sc_hd__dfrtp_2)
                                  0.100000    0.352660   clock uncertainty
                                  0.000000    0.352660   clock reconvergence pessimism
                                  0.378359    0.731019   library removal time
                                              0.731019   data required time
---------------------------------------------------------------------------------------------
                                              0.731019   data required time
                                             -1.556985   data arrival time
---------------------------------------------------------------------------------------------
                                              0.825966   slack (MET)


Startpoint: _1203_ (rising edge-triggered flip-flop clocked by rd_clk)
Endpoint: _1204_ (removal check against rising-edge clock rd_clk)
Path Group: asynchronous
Path Type: min

Fanout         Cap        Slew       Delay        Time   Description
---------------------------------------------------------------------------------------------
                                  0.000000    0.000000   clock rd_clk (rise edge)
                                  0.000000    0.000000   clock source latency
     1    0.011733    0.000000    0.000000    0.000000 ^ rd_clk (in)
                                                         rd_clk (net)
                      0.000281    0.000140    0.000140 ^ clkbuf_0_rd_clk/A (sky130_fd_sc_hd__clkbuf_16)
     4    0.035637    0.055921    0.123129    0.123269 ^ clkbuf_0_rd_clk/X (sky130_fd_sc_hd__clkbuf_16)
                                                         clknet_0_rd_clk (net)
                      0.055921    0.000153    0.123422 ^ clkbuf_2_3__f_rd_clk/A (sky130_fd_sc_hd__clkbuf_16)
     7    0.020291    0.042098    0.129718    0.253140 ^ clkbuf_2_3__f_rd_clk/X (sky130_fd_sc_hd__clkbuf_16)
                                                         clknet_2_3__leaf_rd_clk (net)
                      0.042098    0.000099    0.253239 ^ _1203_/CLK (sky130_fd_sc_hd__dfrtp_2)
     2    0.006595    0.056213    0.348068    0.601307 ^ _1203_/Q (sky130_fd_sc_hd__dfrtp_2)
                                                         u_rd_reset_sync.sync_ff2 (net)
                      0.056213    0.000013    0.601321 ^ fanout76/A (sky130_fd_sc_hd__clkdlybuf4s25_1)
     8    0.036394    0.366398    0.478048    1.079369 ^ fanout76/X (sky130_fd_sc_hd__clkdlybuf4s25_1)
                                                         net76 (net)
                      0.366398    0.000163    1.079532 ^ fanout75/A (sky130_fd_sc_hd__clkdlybuf4s25_1)
     6    0.025583    0.261521    0.477091    1.556623 ^ fanout75/X (sky130_fd_sc_hd__clkdlybuf4s25_1)
                                                         net75 (net)
                      0.261521    0.000395    1.557018 ^ _1204_/RESET_B (sky130_fd_sc_hd__dfrtp_2)
                                              1.557018   data arrival time

                                  0.000000    0.000000   clock rd_clk (rise edge)
                                  0.000000    0.000000   clock source latency
     1    0.011733    0.000000    0.000000    0.000000 ^ rd_clk (in)
                                                         rd_clk (net)
                      0.000281    0.000140    0.000140 ^ clkbuf_0_rd_clk/A (sky130_fd_sc_hd__clkbuf_16)
     4    0.035637    0.055921    0.123129    0.123269 ^ clkbuf_0_rd_clk/X (sky130_fd_sc_hd__clkbuf_16)
                                                         clknet_0_rd_clk (net)
                      0.055921    0.000105    0.123374 ^ clkbuf_2_0__f_rd_clk/A (sky130_fd_sc_hd__clkbuf_16)
     8    0.019761    0.041646    0.129218    0.252593 ^ clkbuf_2_0__f_rd_clk/X (sky130_fd_sc_hd__clkbuf_16)
                                                         clknet_2_0__leaf_rd_clk (net)
                      0.041646    0.000074    0.252667 ^ _1204_/CLK (sky130_fd_sc_hd__dfrtp_2)
                                  0.100000    0.352667   clock uncertainty
                                  0.000000    0.352667   clock reconvergence pessimism
                                  0.378359    0.731026   library removal time
                                              0.731026   data required time
---------------------------------------------------------------------------------------------
                                              0.731026   data required time
                                             -1.557018   data arrival time
---------------------------------------------------------------------------------------------
                                              0.825992   slack (MET)


Startpoint: _1203_ (rising edge-triggered flip-flop clocked by rd_clk)
Endpoint: _1234_ (removal check against rising-edge clock rd_clk)
Path Group: asynchronous
Path Type: min

Fanout         Cap        Slew       Delay        Time   Description
---------------------------------------------------------------------------------------------
                                  0.000000    0.000000   clock rd_clk (rise edge)
                                  0.000000    0.000000   clock source latency
     1    0.011733    0.000000    0.000000    0.000000 ^ rd_clk (in)
                                                         rd_clk (net)
                      0.000281    0.000140    0.000140 ^ clkbuf_0_rd_clk/A (sky130_fd_sc_hd__clkbuf_16)
     4    0.035637    0.055921    0.123129    0.123269 ^ clkbuf_0_rd_clk/X (sky130_fd_sc_hd__clkbuf_16)
                                                         clknet_0_rd_clk (net)
                      0.055921    0.000153    0.123422 ^ clkbuf_2_3__f_rd_clk/A (sky130_fd_sc_hd__clkbuf_16)
     7    0.020291    0.042098    0.129718    0.253140 ^ clkbuf_2_3__f_rd_clk/X (sky130_fd_sc_hd__clkbuf_16)
                                                         clknet_2_3__leaf_rd_clk (net)
                      0.042098    0.000099    0.253239 ^ _1203_/CLK (sky130_fd_sc_hd__dfrtp_2)
     2    0.006595    0.056213    0.348068    0.601307 ^ _1203_/Q (sky130_fd_sc_hd__dfrtp_2)
                                                         u_rd_reset_sync.sync_ff2 (net)
                      0.056213    0.000013    0.601321 ^ fanout76/A (sky130_fd_sc_hd__clkdlybuf4s25_1)
     8    0.036394    0.366398    0.478048    1.079369 ^ fanout76/X (sky130_fd_sc_hd__clkdlybuf4s25_1)
                                                         net76 (net)
                      0.366398    0.000163    1.079532 ^ fanout75/A (sky130_fd_sc_hd__clkdlybuf4s25_1)
     6    0.025583    0.261521    0.477091    1.556623 ^ fanout75/X (sky130_fd_sc_hd__clkdlybuf4s25_1)
                                                         net75 (net)
                      0.261521    0.000425    1.557048 ^ _1234_/RESET_B (sky130_fd_sc_hd__dfrtp_2)
                                              1.557048   data arrival time

                                  0.000000    0.000000   clock rd_clk (rise edge)
                                  0.000000    0.000000   clock source latency
     1    0.011733    0.000000    0.000000    0.000000 ^ rd_clk (in)
                                                         rd_clk (net)
                      0.000281    0.000140    0.000140 ^ clkbuf_0_rd_clk/A (sky130_fd_sc_hd__clkbuf_16)
     4    0.035637    0.055921    0.123129    0.123269 ^ clkbuf_0_rd_clk/X (sky130_fd_sc_hd__clkbuf_16)
                                                         clknet_0_rd_clk (net)
                      0.055921    0.000105    0.123374 ^ clkbuf_2_0__f_rd_clk/A (sky130_fd_sc_hd__clkbuf_16)
     8    0.019761    0.041646    0.129218    0.252593 ^ clkbuf_2_0__f_rd_clk/X (sky130_fd_sc_hd__clkbuf_16)
                                                         clknet_2_0__leaf_rd_clk (net)
                      0.041646    0.000098    0.252690 ^ _1234_/CLK (sky130_fd_sc_hd__dfrtp_2)
                                  0.100000    0.352690   clock uncertainty
                                  0.000000    0.352690   clock reconvergence pessimism
                                  0.378359    0.731050   library removal time
                                              0.731050   data required time
---------------------------------------------------------------------------------------------
                                              0.731050   data required time
                                             -1.557048   data arrival time
---------------------------------------------------------------------------------------------
                                              0.825998   slack (MET)


Startpoint: _1203_ (rising edge-triggered flip-flop clocked by rd_clk)
Endpoint: _1235_ (removal check against rising-edge clock rd_clk)
Path Group: asynchronous
Path Type: min

Fanout         Cap        Slew       Delay        Time   Description
---------------------------------------------------------------------------------------------
                                  0.000000    0.000000   clock rd_clk (rise edge)
                                  0.000000    0.000000   clock source latency
     1    0.011733    0.000000    0.000000    0.000000 ^ rd_clk (in)
                                                         rd_clk (net)
                      0.000281    0.000140    0.000140 ^ clkbuf_0_rd_clk/A (sky130_fd_sc_hd__clkbuf_16)
     4    0.035637    0.055921    0.123129    0.123269 ^ clkbuf_0_rd_clk/X (sky130_fd_sc_hd__clkbuf_16)
                                                         clknet_0_rd_clk (net)
                      0.055921    0.000153    0.123422 ^ clkbuf_2_3__f_rd_clk/A (sky130_fd_sc_hd__clkbuf_16)
     7    0.020291    0.042098    0.129718    0.253140 ^ clkbuf_2_3__f_rd_clk/X (sky130_fd_sc_hd__clkbuf_16)
                                                         clknet_2_3__leaf_rd_clk (net)
                      0.042098    0.000099    0.253239 ^ _1203_/CLK (sky130_fd_sc_hd__dfrtp_2)
     2    0.006595    0.056213    0.348068    0.601307 ^ _1203_/Q (sky130_fd_sc_hd__dfrtp_2)
                                                         u_rd_reset_sync.sync_ff2 (net)
                      0.056213    0.000013    0.601321 ^ fanout76/A (sky130_fd_sc_hd__clkdlybuf4s25_1)
     8    0.036394    0.366398    0.478048    1.079369 ^ fanout76/X (sky130_fd_sc_hd__clkdlybuf4s25_1)
                                                         net76 (net)
                      0.366398    0.000163    1.079532 ^ fanout75/A (sky130_fd_sc_hd__clkdlybuf4s25_1)
     6    0.025583    0.261521    0.477091    1.556623 ^ fanout75/X (sky130_fd_sc_hd__clkdlybuf4s25_1)
                                                         net75 (net)
                      0.261521    0.000433    1.557056 ^ _1235_/RESET_B (sky130_fd_sc_hd__dfrtp_2)
                                              1.557056   data arrival time

                                  0.000000    0.000000   clock rd_clk (rise edge)
                                  0.000000    0.000000   clock source latency
     1    0.011733    0.000000    0.000000    0.000000 ^ rd_clk (in)
                                                         rd_clk (net)
                      0.000281    0.000140    0.000140 ^ clkbuf_0_rd_clk/A (sky130_fd_sc_hd__clkbuf_16)
     4    0.035637    0.055921    0.123129    0.123269 ^ clkbuf_0_rd_clk/X (sky130_fd_sc_hd__clkbuf_16)
                                                         clknet_0_rd_clk (net)
                      0.055921    0.000105    0.123374 ^ clkbuf_2_0__f_rd_clk/A (sky130_fd_sc_hd__clkbuf_16)
     8    0.019761    0.041646    0.129218    0.252593 ^ clkbuf_2_0__f_rd_clk/X (sky130_fd_sc_hd__clkbuf_16)
                                                         clknet_2_0__leaf_rd_clk (net)
                      0.041646    0.000103    0.252696 ^ _1235_/CLK (sky130_fd_sc_hd__dfrtp_2)
                                  0.100000    0.352696   clock uncertainty
                                  0.000000    0.352696   clock reconvergence pessimism
                                  0.378359    0.731055   library removal time
                                              0.731055   data required time
---------------------------------------------------------------------------------------------
                                              0.731055   data required time
                                             -1.557056   data arrival time
---------------------------------------------------------------------------------------------
                                              0.826001   slack (MET)


Startpoint: _1232_ (rising edge-triggered flip-flop clocked by wr_clk)
Endpoint: _1232_ (rising edge-triggered flip-flop clocked by wr_clk)
Path Group: wr_clk
Path Type: min

Fanout         Cap        Slew       Delay        Time   Description
---------------------------------------------------------------------------------------------
                                  0.000000    0.000000   clock wr_clk (rise edge)
                                  0.000000    0.000000   clock source latency
     1    0.018723    0.000000    0.000000    0.000000 ^ wr_clk (in)
                                                         wr_clk (net)
                      0.001049    0.000525    0.000525 ^ clkbuf_0_wr_clk/A (sky130_fd_sc_hd__clkbuf_16)
    16    0.088820    0.105109    0.162823    0.163347 ^ clkbuf_0_wr_clk/X (sky130_fd_sc_hd__clkbuf_16)
                                                         clknet_0_wr_clk (net)
                      0.105109    0.000254    0.163601 ^ clkbuf_4_15_0_wr_clk/A (sky130_fd_sc_hd__clkbuf_8)
     2    0.017792    0.047925    0.150966    0.314567 ^ clkbuf_4_15_0_wr_clk/X (sky130_fd_sc_hd__clkbuf_8)
                                                         clknet_4_15_0_wr_clk (net)
                      0.047925    0.000079    0.314646 ^ clkbuf_5_30__f_wr_clk/A (sky130_fd_sc_hd__clkbuf_16)
     5    0.012006    0.035039    0.118873    0.433519 ^ clkbuf_5_30__f_wr_clk/X (sky130_fd_sc_hd__clkbuf_16)
                                                         clknet_5_30__leaf_wr_clk (net)
                      0.035039    0.000015    0.433534 ^ _1232_/CLK (sky130_fd_sc_hd__dfrtp_2)
     1    0.002547    0.038035    0.325216    0.758750 ^ _1232_/Q (sky130_fd_sc_hd__dfrtp_2)
                                                         u_fifomem.wr_addr[3] (net)
                      0.038035    0.000003    0.758753 ^ fanout66/A (sky130_fd_sc_hd__clkdlybuf4s25_1)
     4    0.022547    0.231991    0.377039    1.135792 ^ fanout66/X (sky130_fd_sc_hd__clkdlybuf4s25_1)
                                                         net66 (net)
                      0.231991    0.000150    1.135942 ^ _0546_/B1 (sky130_fd_sc_hd__a31o_2)
     4    0.013042    0.084354    0.184601    1.320543 ^ _0546_/X (sky130_fd_sc_hd__a31o_2)
                                                         _0152_ (net)
                      0.084354    0.000005    1.320547 ^ _0547_/B (sky130_fd_sc_hd__and2_2)
     1    0.002878    0.037086    0.139699    1.460247 ^ _0547_/X (sky130_fd_sc_hd__and2_2)
                                                         _0153_ (net)
                      0.037086    0.000012    1.460258 ^ _0548_/A (sky130_fd_sc_hd__buf_1)
     2    0.005520    0.076533    0.099648    1.559906 ^ _0548_/X (sky130_fd_sc_hd__buf_1)
                                                         u_wr_ptr_full.wr_ptr_bin_next[3] (net)
                      0.076533    0.000006    1.559912 ^ _1232_/D (sky130_fd_sc_hd__dfrtp_2)
                                              1.559912   data arrival time

                                  0.000000    0.000000   clock wr_clk (rise edge)
                                  0.000000    0.000000   clock source latency
     1    0.018723    0.000000    0.000000    0.000000 ^ wr_clk (in)
                                                         wr_clk (net)
                      0.001049    0.000525    0.000525 ^ clkbuf_0_wr_clk/A (sky130_fd_sc_hd__clkbuf_16)
    16    0.088820    0.105109    0.162823    0.163347 ^ clkbuf_0_wr_clk/X (sky130_fd_sc_hd__clkbuf_16)
                                                         clknet_0_wr_clk (net)
                      0.105109    0.000254    0.163601 ^ clkbuf_4_15_0_wr_clk/A (sky130_fd_sc_hd__clkbuf_8)
     2    0.017792    0.047925    0.150966    0.314567 ^ clkbuf_4_15_0_wr_clk/X (sky130_fd_sc_hd__clkbuf_8)
                                                         clknet_4_15_0_wr_clk (net)
                      0.047925    0.000079    0.314646 ^ clkbuf_5_30__f_wr_clk/A (sky130_fd_sc_hd__clkbuf_16)
     5    0.012006    0.035039    0.118873    0.433519 ^ clkbuf_5_30__f_wr_clk/X (sky130_fd_sc_hd__clkbuf_16)
                                                         clknet_5_30__leaf_wr_clk (net)
                      0.035039    0.000015    0.433534 ^ _1232_/CLK (sky130_fd_sc_hd__dfrtp_2)
                                  0.100000    0.533534   clock uncertainty
                                  0.000000    0.533534   clock reconvergence pessimism
                                 -0.042577    0.490957   library hold time
                                              0.490957   data required time
---------------------------------------------------------------------------------------------
                                              0.490957   data required time
                                             -1.559912   data arrival time
---------------------------------------------------------------------------------------------
                                              1.068955   slack (MET)


Startpoint: _1201_ (rising edge-triggered flip-flop clocked by wr_clk)
Endpoint: _1225_ (removal check against rising-edge clock wr_clk)
Path Group: asynchronous
Path Type: min

Fanout         Cap        Slew       Delay        Time   Description
---------------------------------------------------------------------------------------------
                                  0.000000    0.000000   clock wr_clk (rise edge)
                                  0.000000    0.000000   clock source latency
     1    0.018723    0.000000    0.000000    0.000000 ^ wr_clk (in)
                                                         wr_clk (net)
                      0.001049    0.000525    0.000525 ^ clkbuf_0_wr_clk/A (sky130_fd_sc_hd__clkbuf_16)
    16    0.088820    0.105109    0.162823    0.163347 ^ clkbuf_0_wr_clk/X (sky130_fd_sc_hd__clkbuf_16)
                                                         clknet_0_wr_clk (net)
                      0.105110    0.000589    0.163936 ^ clkbuf_4_10_0_wr_clk/A (sky130_fd_sc_hd__clkbuf_8)
     2    0.017560    0.047565    0.150629    0.314565 ^ clkbuf_4_10_0_wr_clk/X (sky130_fd_sc_hd__clkbuf_8)
                                                         clknet_4_10_0_wr_clk (net)
                      0.047565    0.000075    0.314640 ^ clkbuf_5_21__f_wr_clk/A (sky130_fd_sc_hd__clkbuf_16)
     6    0.016654    0.038990    0.123173    0.437812 ^ clkbuf_5_21__f_wr_clk/X (sky130_fd_sc_hd__clkbuf_16)
                                                         clknet_5_21__leaf_wr_clk (net)
                      0.038998    0.000186    0.437998 ^ _1201_/CLK (sky130_fd_sc_hd__dfrtp_2)
     1    0.003008    0.038599    0.329403    0.767402 ^ _1201_/Q (sky130_fd_sc_hd__dfrtp_2)
                                                         u_wr_reset_sync.sync_ff2 (net)
                      0.038599    0.000012    0.767414 ^ fanout80/A (sky130_fd_sc_hd__clkdlybuf4s25_1)
     7    0.033303    0.336695    0.450678    1.218092 ^ fanout80/X (sky130_fd_sc_hd__clkdlybuf4s25_1)
                                                         net80 (net)
                      0.336695    0.000041    1.218133 ^ fanout79/A (sky130_fd_sc_hd__clkdlybuf4s25_1)
     5    0.020338    0.210715    0.437136    1.655269 ^ fanout79/X (sky130_fd_sc_hd__clkdlybuf4s25_1)
                                                         net79 (net)
                      0.210715    0.000008    1.655277 ^ fanout78/A (sky130_fd_sc_hd__clkdlybuf4s25_1)
     8    0.033160    0.335498    0.500034    2.155311 ^ fanout78/X (sky130_fd_sc_hd__clkdlybuf4s25_1)
                                                         net78 (net)
                      0.335498    0.000324    2.155634 ^ _1225_/RESET_B (sky130_fd_sc_hd__dfrtp_2)
                                              2.155634   data arrival time

                                  0.000000    0.000000   clock wr_clk (rise edge)
                                  0.000000    0.000000   clock source latency
     1    0.018723    0.000000    0.000000    0.000000 ^ wr_clk (in)
                                                         wr_clk (net)
                      0.001049    0.000525    0.000525 ^ clkbuf_0_wr_clk/A (sky130_fd_sc_hd__clkbuf_16)
    16    0.088820    0.105109    0.162823    0.163347 ^ clkbuf_0_wr_clk/X (sky130_fd_sc_hd__clkbuf_16)
                                                         clknet_0_wr_clk (net)
                      0.105109    0.000263    0.163610 ^ clkbuf_4_14_0_wr_clk/A (sky130_fd_sc_hd__clkbuf_8)
     2    0.017237    0.047068    0.150149    0.313759 ^ clkbuf_4_14_0_wr_clk/X (sky130_fd_sc_hd__clkbuf_8)
                                                         clknet_4_14_0_wr_clk (net)
                      0.047068    0.000066    0.313825 ^ clkbuf_5_28__f_wr_clk/A (sky130_fd_sc_hd__clkbuf_16)
     5    0.014845    0.037452    0.121288    0.435113 ^ clkbuf_5_28__f_wr_clk/X (sky130_fd_sc_hd__clkbuf_16)
                                                         clknet_5_28__leaf_wr_clk (net)
                      0.037452    0.000030    0.435143 ^ _1225_/CLK (sky130_fd_sc_hd__dfrtp_2)
                                  0.100000    0.535143   clock uncertainty
                                  0.000000    0.535143   clock reconvergence pessimism
                                  0.397381    0.932524   library removal time
                                              0.932524   data required time
---------------------------------------------------------------------------------------------
                                              0.932524   data required time
                                             -2.155634   data arrival time
---------------------------------------------------------------------------------------------
                                              1.223110   slack (MET)


Startpoint: _1201_ (rising edge-triggered flip-flop clocked by wr_clk)
Endpoint: _1221_ (removal check against rising-edge clock wr_clk)
Path Group: asynchronous
Path Type: min

Fanout         Cap        Slew       Delay        Time   Description
---------------------------------------------------------------------------------------------
                                  0.000000    0.000000   clock wr_clk (rise edge)
                                  0.000000    0.000000   clock source latency
     1    0.018723    0.000000    0.000000    0.000000 ^ wr_clk (in)
                                                         wr_clk (net)
                      0.001049    0.000525    0.000525 ^ clkbuf_0_wr_clk/A (sky130_fd_sc_hd__clkbuf_16)
    16    0.088820    0.105109    0.162823    0.163347 ^ clkbuf_0_wr_clk/X (sky130_fd_sc_hd__clkbuf_16)
                                                         clknet_0_wr_clk (net)
                      0.105110    0.000589    0.163936 ^ clkbuf_4_10_0_wr_clk/A (sky130_fd_sc_hd__clkbuf_8)
     2    0.017560    0.047565    0.150629    0.314565 ^ clkbuf_4_10_0_wr_clk/X (sky130_fd_sc_hd__clkbuf_8)
                                                         clknet_4_10_0_wr_clk (net)
                      0.047565    0.000075    0.314640 ^ clkbuf_5_21__f_wr_clk/A (sky130_fd_sc_hd__clkbuf_16)
     6    0.016654    0.038990    0.123173    0.437812 ^ clkbuf_5_21__f_wr_clk/X (sky130_fd_sc_hd__clkbuf_16)
                                                         clknet_5_21__leaf_wr_clk (net)
                      0.038998    0.000186    0.437998 ^ _1201_/CLK (sky130_fd_sc_hd__dfrtp_2)
     1    0.003008    0.038599    0.329403    0.767402 ^ _1201_/Q (sky130_fd_sc_hd__dfrtp_2)
                                                         u_wr_reset_sync.sync_ff2 (net)
                      0.038599    0.000012    0.767414 ^ fanout80/A (sky130_fd_sc_hd__clkdlybuf4s25_1)
     7    0.033303    0.336695    0.450678    1.218092 ^ fanout80/X (sky130_fd_sc_hd__clkdlybuf4s25_1)
                                                         net80 (net)
                      0.336695    0.000041    1.218133 ^ fanout79/A (sky130_fd_sc_hd__clkdlybuf4s25_1)
     5    0.020338    0.210715    0.437136    1.655269 ^ fanout79/X (sky130_fd_sc_hd__clkdlybuf4s25_1)
                                                         net79 (net)
                      0.210715    0.000008    1.655277 ^ fanout78/A (sky130_fd_sc_hd__clkdlybuf4s25_1)
     8    0.033160    0.335498    0.500034    2.155311 ^ fanout78/X (sky130_fd_sc_hd__clkdlybuf4s25_1)
                                                         net78 (net)
                      0.335498    0.000338    2.155649 ^ _1221_/RESET_B (sky130_fd_sc_hd__dfrtp_2)
                                              2.155649   data arrival time

                                  0.000000    0.000000   clock wr_clk (rise edge)
                                  0.000000    0.000000   clock source latency
     1    0.018723    0.000000    0.000000    0.000000 ^ wr_clk (in)
                                                         wr_clk (net)
                      0.001049    0.000525    0.000525 ^ clkbuf_0_wr_clk/A (sky130_fd_sc_hd__clkbuf_16)
    16    0.088820    0.105109    0.162823    0.163347 ^ clkbuf_0_wr_clk/X (sky130_fd_sc_hd__clkbuf_16)
                                                         clknet_0_wr_clk (net)
                      0.105109    0.000254    0.163601 ^ clkbuf_4_15_0_wr_clk/A (sky130_fd_sc_hd__clkbuf_8)
     2    0.017792    0.047925    0.150966    0.314567 ^ clkbuf_4_15_0_wr_clk/X (sky130_fd_sc_hd__clkbuf_8)
                                                         clknet_4_15_0_wr_clk (net)
                      0.047925    0.000125    0.314692 ^ clkbuf_5_31__f_wr_clk/A (sky130_fd_sc_hd__clkbuf_16)
     5    0.012090    0.035112    0.118949    0.433641 ^ clkbuf_5_31__f_wr_clk/X (sky130_fd_sc_hd__clkbuf_16)
                                                         clknet_5_31__leaf_wr_clk (net)
                      0.035112    0.000032    0.433673 ^ _1221_/CLK (sky130_fd_sc_hd__dfrtp_2)
                                  0.100000    0.533673   clock uncertainty
                                  0.000000    0.533673   clock reconvergence pessimism
                                  0.396741    0.930414   library removal time
                                              0.930414   data required time
---------------------------------------------------------------------------------------------
                                              0.930414   data required time
                                             -2.155649   data arrival time
---------------------------------------------------------------------------------------------
                                              1.225235   slack (MET)


Startpoint: _1201_ (rising edge-triggered flip-flop clocked by wr_clk)
Endpoint: _1216_ (removal check against rising-edge clock wr_clk)
Path Group: asynchronous
Path Type: min

Fanout         Cap        Slew       Delay        Time   Description
---------------------------------------------------------------------------------------------
                                  0.000000    0.000000   clock wr_clk (rise edge)
                                  0.000000    0.000000   clock source latency
     1    0.018723    0.000000    0.000000    0.000000 ^ wr_clk (in)
                                                         wr_clk (net)
                      0.001049    0.000525    0.000525 ^ clkbuf_0_wr_clk/A (sky130_fd_sc_hd__clkbuf_16)
    16    0.088820    0.105109    0.162823    0.163347 ^ clkbuf_0_wr_clk/X (sky130_fd_sc_hd__clkbuf_16)
                                                         clknet_0_wr_clk (net)
                      0.105110    0.000589    0.163936 ^ clkbuf_4_10_0_wr_clk/A (sky130_fd_sc_hd__clkbuf_8)
     2    0.017560    0.047565    0.150629    0.314565 ^ clkbuf_4_10_0_wr_clk/X (sky130_fd_sc_hd__clkbuf_8)
                                                         clknet_4_10_0_wr_clk (net)
                      0.047565    0.000075    0.314640 ^ clkbuf_5_21__f_wr_clk/A (sky130_fd_sc_hd__clkbuf_16)
     6    0.016654    0.038990    0.123173    0.437812 ^ clkbuf_5_21__f_wr_clk/X (sky130_fd_sc_hd__clkbuf_16)
                                                         clknet_5_21__leaf_wr_clk (net)
                      0.038998    0.000186    0.437998 ^ _1201_/CLK (sky130_fd_sc_hd__dfrtp_2)
     1    0.003008    0.038599    0.329403    0.767402 ^ _1201_/Q (sky130_fd_sc_hd__dfrtp_2)
                                                         u_wr_reset_sync.sync_ff2 (net)
                      0.038599    0.000012    0.767414 ^ fanout80/A (sky130_fd_sc_hd__clkdlybuf4s25_1)
     7    0.033303    0.336695    0.450678    1.218092 ^ fanout80/X (sky130_fd_sc_hd__clkdlybuf4s25_1)
                                                         net80 (net)
                      0.336695    0.000041    1.218133 ^ fanout79/A (sky130_fd_sc_hd__clkdlybuf4s25_1)
     5    0.020338    0.210715    0.437136    1.655269 ^ fanout79/X (sky130_fd_sc_hd__clkdlybuf4s25_1)
                                                         net79 (net)
                      0.210715    0.000008    1.655277 ^ fanout78/A (sky130_fd_sc_hd__clkdlybuf4s25_1)
     8    0.033160    0.335498    0.500034    2.155311 ^ fanout78/X (sky130_fd_sc_hd__clkdlybuf4s25_1)
                                                         net78 (net)
                      0.335498    0.000353    2.155663 ^ _1216_/RESET_B (sky130_fd_sc_hd__dfrtp_2)
                                              2.155663   data arrival time

                                  0.000000    0.000000   clock wr_clk (rise edge)
                                  0.000000    0.000000   clock source latency
     1    0.018723    0.000000    0.000000    0.000000 ^ wr_clk (in)
                                                         wr_clk (net)
                      0.001049    0.000525    0.000525 ^ clkbuf_0_wr_clk/A (sky130_fd_sc_hd__clkbuf_16)
    16    0.088820    0.105109    0.162823    0.163347 ^ clkbuf_0_wr_clk/X (sky130_fd_sc_hd__clkbuf_16)
                                                         clknet_0_wr_clk (net)
                      0.105109    0.000254    0.163601 ^ clkbuf_4_15_0_wr_clk/A (sky130_fd_sc_hd__clkbuf_8)
     2    0.017792    0.047925    0.150966    0.314567 ^ clkbuf_4_15_0_wr_clk/X (sky130_fd_sc_hd__clkbuf_8)
                                                         clknet_4_15_0_wr_clk (net)
                      0.047925    0.000125    0.314692 ^ clkbuf_5_31__f_wr_clk/A (sky130_fd_sc_hd__clkbuf_16)
     5    0.012090    0.035112    0.118949    0.433641 ^ clkbuf_5_31__f_wr_clk/X (sky130_fd_sc_hd__clkbuf_16)
                                                         clknet_5_31__leaf_wr_clk (net)
                      0.035112    0.000044    0.433685 ^ _1216_/CLK (sky130_fd_sc_hd__dfrtp_2)
                                  0.100000    0.533685   clock uncertainty
                                  0.000000    0.533685   clock reconvergence pessimism
                                  0.396741    0.930426   library removal time
                                              0.930426   data required time
---------------------------------------------------------------------------------------------
                                              0.930426   data required time
                                             -2.155663   data arrival time
---------------------------------------------------------------------------------------------
                                              1.225237   slack (MET)


Startpoint: _1201_ (rising edge-triggered flip-flop clocked by wr_clk)
Endpoint: _1223_ (removal check against rising-edge clock wr_clk)
Path Group: asynchronous
Path Type: min

Fanout         Cap        Slew       Delay        Time   Description
---------------------------------------------------------------------------------------------
                                  0.000000    0.000000   clock wr_clk (rise edge)
                                  0.000000    0.000000   clock source latency
     1    0.018723    0.000000    0.000000    0.000000 ^ wr_clk (in)
                                                         wr_clk (net)
                      0.001049    0.000525    0.000525 ^ clkbuf_0_wr_clk/A (sky130_fd_sc_hd__clkbuf_16)
    16    0.088820    0.105109    0.162823    0.163347 ^ clkbuf_0_wr_clk/X (sky130_fd_sc_hd__clkbuf_16)
                                                         clknet_0_wr_clk (net)
                      0.105110    0.000589    0.163936 ^ clkbuf_4_10_0_wr_clk/A (sky130_fd_sc_hd__clkbuf_8)
     2    0.017560    0.047565    0.150629    0.314565 ^ clkbuf_4_10_0_wr_clk/X (sky130_fd_sc_hd__clkbuf_8)
                                                         clknet_4_10_0_wr_clk (net)
                      0.047565    0.000075    0.314640 ^ clkbuf_5_21__f_wr_clk/A (sky130_fd_sc_hd__clkbuf_16)
     6    0.016654    0.038990    0.123173    0.437812 ^ clkbuf_5_21__f_wr_clk/X (sky130_fd_sc_hd__clkbuf_16)
                                                         clknet_5_21__leaf_wr_clk (net)
                      0.038998    0.000186    0.437998 ^ _1201_/CLK (sky130_fd_sc_hd__dfrtp_2)
     1    0.003008    0.038599    0.329403    0.767402 ^ _1201_/Q (sky130_fd_sc_hd__dfrtp_2)
                                                         u_wr_reset_sync.sync_ff2 (net)
                      0.038599    0.000012    0.767414 ^ fanout80/A (sky130_fd_sc_hd__clkdlybuf4s25_1)
     7    0.033303    0.336695    0.450678    1.218092 ^ fanout80/X (sky130_fd_sc_hd__clkdlybuf4s25_1)
                                                         net80 (net)
                      0.336695    0.000041    1.218133 ^ fanout79/A (sky130_fd_sc_hd__clkdlybuf4s25_1)
     5    0.020338    0.210715    0.437136    1.655269 ^ fanout79/X (sky130_fd_sc_hd__clkdlybuf4s25_1)
                                                         net79 (net)
                      0.210715    0.000008    1.655277 ^ fanout78/A (sky130_fd_sc_hd__clkdlybuf4s25_1)
     8    0.033160    0.335498    0.500034    2.155311 ^ fanout78/X (sky130_fd_sc_hd__clkdlybuf4s25_1)
                                                         net78 (net)
                      0.335498    0.000102    2.155413 ^ _1223_/RESET_B (sky130_fd_sc_hd__dfrtp_2)
                                              2.155413   data arrival time

                                  0.000000    0.000000   clock wr_clk (rise edge)
                                  0.000000    0.000000   clock source latency
     1    0.018723    0.000000    0.000000    0.000000 ^ wr_clk (in)
                                                         wr_clk (net)
                      0.001049    0.000525    0.000525 ^ clkbuf_0_wr_clk/A (sky130_fd_sc_hd__clkbuf_16)
    16    0.088820    0.105109    0.162823    0.163347 ^ clkbuf_0_wr_clk/X (sky130_fd_sc_hd__clkbuf_16)
                                                         clknet_0_wr_clk (net)
                      0.105109    0.000263    0.163610 ^ clkbuf_4_14_0_wr_clk/A (sky130_fd_sc_hd__clkbuf_8)
     2    0.017237    0.047068    0.150149    0.313759 ^ clkbuf_4_14_0_wr_clk/X (sky130_fd_sc_hd__clkbuf_8)
                                                         clknet_4_14_0_wr_clk (net)
                      0.047068    0.000076    0.313835 ^ clkbuf_5_29__f_wr_clk/A (sky130_fd_sc_hd__clkbuf_16)
     5    0.012501    0.035462    0.119030    0.432865 ^ clkbuf_5_29__f_wr_clk/X (sky130_fd_sc_hd__clkbuf_16)
                                                         clknet_5_29__leaf_wr_clk (net)
                      0.035462    0.000072    0.432937 ^ _1223_/CLK (sky130_fd_sc_hd__dfrtp_2)
                                  0.100000    0.532937   clock uncertainty
                                  0.000000    0.532937   clock reconvergence pessimism
                                  0.396837    0.929774   library removal time
                                              0.929774   data required time
---------------------------------------------------------------------------------------------
                                              0.929774   data required time
                                             -2.155413   data arrival time
---------------------------------------------------------------------------------------------
                                              1.225639   slack (MET)


Startpoint: _1201_ (rising edge-triggered flip-flop clocked by wr_clk)
Endpoint: _1218_ (removal check against rising-edge clock wr_clk)
Path Group: asynchronous
Path Type: min

Fanout         Cap        Slew       Delay        Time   Description
---------------------------------------------------------------------------------------------
                                  0.000000    0.000000   clock wr_clk (rise edge)
                                  0.000000    0.000000   clock source latency
     1    0.018723    0.000000    0.000000    0.000000 ^ wr_clk (in)
                                                         wr_clk (net)
                      0.001049    0.000525    0.000525 ^ clkbuf_0_wr_clk/A (sky130_fd_sc_hd__clkbuf_16)
    16    0.088820    0.105109    0.162823    0.163347 ^ clkbuf_0_wr_clk/X (sky130_fd_sc_hd__clkbuf_16)
                                                         clknet_0_wr_clk (net)
                      0.105110    0.000589    0.163936 ^ clkbuf_4_10_0_wr_clk/A (sky130_fd_sc_hd__clkbuf_8)
     2    0.017560    0.047565    0.150629    0.314565 ^ clkbuf_4_10_0_wr_clk/X (sky130_fd_sc_hd__clkbuf_8)
                                                         clknet_4_10_0_wr_clk (net)
                      0.047565    0.000075    0.314640 ^ clkbuf_5_21__f_wr_clk/A (sky130_fd_sc_hd__clkbuf_16)
     6    0.016654    0.038990    0.123173    0.437812 ^ clkbuf_5_21__f_wr_clk/X (sky130_fd_sc_hd__clkbuf_16)
                                                         clknet_5_21__leaf_wr_clk (net)
                      0.038998    0.000186    0.437998 ^ _1201_/CLK (sky130_fd_sc_hd__dfrtp_2)
     1    0.003008    0.038599    0.329403    0.767402 ^ _1201_/Q (sky130_fd_sc_hd__dfrtp_2)
                                                         u_wr_reset_sync.sync_ff2 (net)
                      0.038599    0.000012    0.767414 ^ fanout80/A (sky130_fd_sc_hd__clkdlybuf4s25_1)
     7    0.033303    0.336695    0.450678    1.218092 ^ fanout80/X (sky130_fd_sc_hd__clkdlybuf4s25_1)
                                                         net80 (net)
                      0.336695    0.000041    1.218133 ^ fanout79/A (sky130_fd_sc_hd__clkdlybuf4s25_1)
     5    0.020338    0.210715    0.437136    1.655269 ^ fanout79/X (sky130_fd_sc_hd__clkdlybuf4s25_1)
                                                         net79 (net)
                      0.210715    0.000008    1.655277 ^ fanout78/A (sky130_fd_sc_hd__clkdlybuf4s25_1)
     8    0.033160    0.335498    0.500034    2.155311 ^ fanout78/X (sky130_fd_sc_hd__clkdlybuf4s25_1)
                                                         net78 (net)
                      0.335498    0.000193    2.155504 ^ _1218_/RESET_B (sky130_fd_sc_hd__dfrtp_2)
                                              2.155504   data arrival time

                                  0.000000    0.000000   clock wr_clk (rise edge)
                                  0.000000    0.000000   clock source latency
     1    0.018723    0.000000    0.000000    0.000000 ^ wr_clk (in)
                                                         wr_clk (net)
                      0.001049    0.000525    0.000525 ^ clkbuf_0_wr_clk/A (sky130_fd_sc_hd__clkbuf_16)
    16    0.088820    0.105109    0.162823    0.163347 ^ clkbuf_0_wr_clk/X (sky130_fd_sc_hd__clkbuf_16)
                                                         clknet_0_wr_clk (net)
                      0.105109    0.000263    0.163610 ^ clkbuf_4_14_0_wr_clk/A (sky130_fd_sc_hd__clkbuf_8)
     2    0.017237    0.047068    0.150149    0.313759 ^ clkbuf_4_14_0_wr_clk/X (sky130_fd_sc_hd__clkbuf_8)
                                                         clknet_4_14_0_wr_clk (net)
                      0.047068    0.000076    0.313835 ^ clkbuf_5_29__f_wr_clk/A (sky130_fd_sc_hd__clkbuf_16)
     5    0.012501    0.035462    0.119030    0.432865 ^ clkbuf_5_29__f_wr_clk/X (sky130_fd_sc_hd__clkbuf_16)
                                                         clknet_5_29__leaf_wr_clk (net)
                      0.035462    0.000040    0.432905 ^ _1218_/CLK (sky130_fd_sc_hd__dfrtp_2)
                                  0.100000    0.532905   clock uncertainty
                                  0.000000    0.532905   clock reconvergence pessimism
                                  0.396837    0.929742   library removal time
                                              0.929742   data required time
---------------------------------------------------------------------------------------------
                                              0.929742   data required time
                                             -2.155504   data arrival time
---------------------------------------------------------------------------------------------
                                              1.225762   slack (MET)


Startpoint: _1201_ (rising edge-triggered flip-flop clocked by wr_clk)
Endpoint: _1222_ (removal check against rising-edge clock wr_clk)
Path Group: asynchronous
Path Type: min

Fanout         Cap        Slew       Delay        Time   Description
---------------------------------------------------------------------------------------------
                                  0.000000    0.000000   clock wr_clk (rise edge)
                                  0.000000    0.000000   clock source latency
     1    0.018723    0.000000    0.000000    0.000000 ^ wr_clk (in)
                                                         wr_clk (net)
                      0.001049    0.000525    0.000525 ^ clkbuf_0_wr_clk/A (sky130_fd_sc_hd__clkbuf_16)
    16    0.088820    0.105109    0.162823    0.163347 ^ clkbuf_0_wr_clk/X (sky130_fd_sc_hd__clkbuf_16)
                                                         clknet_0_wr_clk (net)
                      0.105110    0.000589    0.163936 ^ clkbuf_4_10_0_wr_clk/A (sky130_fd_sc_hd__clkbuf_8)
     2    0.017560    0.047565    0.150629    0.314565 ^ clkbuf_4_10_0_wr_clk/X (sky130_fd_sc_hd__clkbuf_8)
                                                         clknet_4_10_0_wr_clk (net)
                      0.047565    0.000075    0.314640 ^ clkbuf_5_21__f_wr_clk/A (sky130_fd_sc_hd__clkbuf_16)
     6    0.016654    0.038990    0.123173    0.437812 ^ clkbuf_5_21__f_wr_clk/X (sky130_fd_sc_hd__clkbuf_16)
                                                         clknet_5_21__leaf_wr_clk (net)
                      0.038998    0.000186    0.437998 ^ _1201_/CLK (sky130_fd_sc_hd__dfrtp_2)
     1    0.003008    0.038599    0.329403    0.767402 ^ _1201_/Q (sky130_fd_sc_hd__dfrtp_2)
                                                         u_wr_reset_sync.sync_ff2 (net)
                      0.038599    0.000012    0.767414 ^ fanout80/A (sky130_fd_sc_hd__clkdlybuf4s25_1)
     7    0.033303    0.336695    0.450678    1.218092 ^ fanout80/X (sky130_fd_sc_hd__clkdlybuf4s25_1)
                                                         net80 (net)
                      0.336695    0.000041    1.218133 ^ fanout79/A (sky130_fd_sc_hd__clkdlybuf4s25_1)
     5    0.020338    0.210715    0.437136    1.655269 ^ fanout79/X (sky130_fd_sc_hd__clkdlybuf4s25_1)
                                                         net79 (net)
                      0.210715    0.000008    1.655277 ^ fanout78/A (sky130_fd_sc_hd__clkdlybuf4s25_1)
     8    0.033160    0.335498    0.500034    2.155311 ^ fanout78/X (sky130_fd_sc_hd__clkdlybuf4s25_1)
                                                         net78 (net)
                      0.335498    0.000250    2.155561 ^ _1222_/RESET_B (sky130_fd_sc_hd__dfrtp_2)
                                              2.155561   data arrival time

                                  0.000000    0.000000   clock wr_clk (rise edge)
                                  0.000000    0.000000   clock source latency
     1    0.018723    0.000000    0.000000    0.000000 ^ wr_clk (in)
                                                         wr_clk (net)
                      0.001049    0.000525    0.000525 ^ clkbuf_0_wr_clk/A (sky130_fd_sc_hd__clkbuf_16)
    16    0.088820    0.105109    0.162823    0.163347 ^ clkbuf_0_wr_clk/X (sky130_fd_sc_hd__clkbuf_16)
                                                         clknet_0_wr_clk (net)
                      0.105109    0.000263    0.163610 ^ clkbuf_4_14_0_wr_clk/A (sky130_fd_sc_hd__clkbuf_8)
     2    0.017237    0.047068    0.150149    0.313759 ^ clkbuf_4_14_0_wr_clk/X (sky130_fd_sc_hd__clkbuf_8)
                                                         clknet_4_14_0_wr_clk (net)
                      0.047068    0.000076    0.313835 ^ clkbuf_5_29__f_wr_clk/A (sky130_fd_sc_hd__clkbuf_16)
     5    0.012501    0.035462    0.119030    0.432865 ^ clkbuf_5_29__f_wr_clk/X (sky130_fd_sc_hd__clkbuf_16)
                                                         clknet_5_29__leaf_wr_clk (net)
                      0.035462    0.000066    0.432930 ^ _1222_/CLK (sky130_fd_sc_hd__dfrtp_2)
                                  0.100000    0.532930   clock uncertainty
                                  0.000000    0.532930   clock reconvergence pessimism
                                  0.396837    0.929767   library removal time
                                              0.929767   data required time
---------------------------------------------------------------------------------------------
                                              0.929767   data required time
                                             -2.155561   data arrival time
---------------------------------------------------------------------------------------------
                                              1.225794   slack (MET)


Startpoint: _1201_ (rising edge-triggered flip-flop clocked by wr_clk)
Endpoint: _1228_ (removal check against rising-edge clock wr_clk)
Path Group: asynchronous
Path Type: min

Fanout         Cap        Slew       Delay        Time   Description
---------------------------------------------------------------------------------------------
                                  0.000000    0.000000   clock wr_clk (rise edge)
                                  0.000000    0.000000   clock source latency
     1    0.018723    0.000000    0.000000    0.000000 ^ wr_clk (in)
                                                         wr_clk (net)
                      0.001049    0.000525    0.000525 ^ clkbuf_0_wr_clk/A (sky130_fd_sc_hd__clkbuf_16)
    16    0.088820    0.105109    0.162823    0.163347 ^ clkbuf_0_wr_clk/X (sky130_fd_sc_hd__clkbuf_16)
                                                         clknet_0_wr_clk (net)
                      0.105110    0.000589    0.163936 ^ clkbuf_4_10_0_wr_clk/A (sky130_fd_sc_hd__clkbuf_8)
     2    0.017560    0.047565    0.150629    0.314565 ^ clkbuf_4_10_0_wr_clk/X (sky130_fd_sc_hd__clkbuf_8)
                                                         clknet_4_10_0_wr_clk (net)
                      0.047565    0.000075    0.314640 ^ clkbuf_5_21__f_wr_clk/A (sky130_fd_sc_hd__clkbuf_16)
     6    0.016654    0.038990    0.123173    0.437812 ^ clkbuf_5_21__f_wr_clk/X (sky130_fd_sc_hd__clkbuf_16)
                                                         clknet_5_21__leaf_wr_clk (net)
                      0.038998    0.000186    0.437998 ^ _1201_/CLK (sky130_fd_sc_hd__dfrtp_2)
     1    0.003008    0.038599    0.329403    0.767402 ^ _1201_/Q (sky130_fd_sc_hd__dfrtp_2)
                                                         u_wr_reset_sync.sync_ff2 (net)
                      0.038599    0.000012    0.767414 ^ fanout80/A (sky130_fd_sc_hd__clkdlybuf4s25_1)
     7    0.033303    0.336695    0.450678    1.218092 ^ fanout80/X (sky130_fd_sc_hd__clkdlybuf4s25_1)
                                                         net80 (net)
                      0.336695    0.000041    1.218133 ^ fanout79/A (sky130_fd_sc_hd__clkdlybuf4s25_1)
     5    0.020338    0.210715    0.437136    1.655269 ^ fanout79/X (sky130_fd_sc_hd__clkdlybuf4s25_1)
                                                         net79 (net)
                      0.210715    0.000008    1.655277 ^ fanout78/A (sky130_fd_sc_hd__clkdlybuf4s25_1)
     8    0.033160    0.335498    0.500034    2.155311 ^ fanout78/X (sky130_fd_sc_hd__clkdlybuf4s25_1)
                                                         net78 (net)
                      0.335498    0.000277    2.155588 ^ _1228_/RESET_B (sky130_fd_sc_hd__dfrtp_2)
                                              2.155588   data arrival time

                                  0.000000    0.000000   clock wr_clk (rise edge)
                                  0.000000    0.000000   clock source latency
     1    0.018723    0.000000    0.000000    0.000000 ^ wr_clk (in)
                                                         wr_clk (net)
                      0.001049    0.000525    0.000525 ^ clkbuf_0_wr_clk/A (sky130_fd_sc_hd__clkbuf_16)
    16    0.088820    0.105109    0.162823    0.163347 ^ clkbuf_0_wr_clk/X (sky130_fd_sc_hd__clkbuf_16)
                                                         clknet_0_wr_clk (net)
                      0.105109    0.000263    0.163610 ^ clkbuf_4_14_0_wr_clk/A (sky130_fd_sc_hd__clkbuf_8)
     2    0.017237    0.047068    0.150149    0.313759 ^ clkbuf_4_14_0_wr_clk/X (sky130_fd_sc_hd__clkbuf_8)
                                                         clknet_4_14_0_wr_clk (net)
                      0.047068    0.000076    0.313835 ^ clkbuf_5_29__f_wr_clk/A (sky130_fd_sc_hd__clkbuf_16)
     5    0.012501    0.035462    0.119030    0.432865 ^ clkbuf_5_29__f_wr_clk/X (sky130_fd_sc_hd__clkbuf_16)
                                                         clknet_5_29__leaf_wr_clk (net)
                      0.035462    0.000050    0.432915 ^ _1228_/CLK (sky130_fd_sc_hd__dfrtp_2)
                                  0.100000    0.532915   clock uncertainty
                                  0.000000    0.532915   clock reconvergence pessimism
                                  0.396837    0.929752   library removal time
                                              0.929752   data required time
---------------------------------------------------------------------------------------------
                                              0.929752   data required time
                                             -2.155588   data arrival time
---------------------------------------------------------------------------------------------
                                              1.225836   slack (MET)


Startpoint: _1201_ (rising edge-triggered flip-flop clocked by wr_clk)
Endpoint: _1217_ (removal check against rising-edge clock wr_clk)
Path Group: asynchronous
Path Type: min

Fanout         Cap        Slew       Delay        Time   Description
---------------------------------------------------------------------------------------------
                                  0.000000    0.000000   clock wr_clk (rise edge)
                                  0.000000    0.000000   clock source latency
     1    0.018723    0.000000    0.000000    0.000000 ^ wr_clk (in)
                                                         wr_clk (net)
                      0.001049    0.000525    0.000525 ^ clkbuf_0_wr_clk/A (sky130_fd_sc_hd__clkbuf_16)
    16    0.088820    0.105109    0.162823    0.163347 ^ clkbuf_0_wr_clk/X (sky130_fd_sc_hd__clkbuf_16)
                                                         clknet_0_wr_clk (net)
                      0.105110    0.000589    0.163936 ^ clkbuf_4_10_0_wr_clk/A (sky130_fd_sc_hd__clkbuf_8)
     2    0.017560    0.047565    0.150629    0.314565 ^ clkbuf_4_10_0_wr_clk/X (sky130_fd_sc_hd__clkbuf_8)
                                                         clknet_4_10_0_wr_clk (net)
                      0.047565    0.000075    0.314640 ^ clkbuf_5_21__f_wr_clk/A (sky130_fd_sc_hd__clkbuf_16)
     6    0.016654    0.038990    0.123173    0.437812 ^ clkbuf_5_21__f_wr_clk/X (sky130_fd_sc_hd__clkbuf_16)
                                                         clknet_5_21__leaf_wr_clk (net)
                      0.038998    0.000186    0.437998 ^ _1201_/CLK (sky130_fd_sc_hd__dfrtp_2)
     1    0.003008    0.038599    0.329403    0.767402 ^ _1201_/Q (sky130_fd_sc_hd__dfrtp_2)
                                                         u_wr_reset_sync.sync_ff2 (net)
                      0.038599    0.000012    0.767414 ^ fanout80/A (sky130_fd_sc_hd__clkdlybuf4s25_1)
     7    0.033303    0.336695    0.450678    1.218092 ^ fanout80/X (sky130_fd_sc_hd__clkdlybuf4s25_1)
                                                         net80 (net)
                      0.336695    0.000041    1.218133 ^ fanout79/A (sky130_fd_sc_hd__clkdlybuf4s25_1)
     5    0.020338    0.210715    0.437136    1.655269 ^ fanout79/X (sky130_fd_sc_hd__clkdlybuf4s25_1)
                                                         net79 (net)
                      0.210715    0.000008    1.655277 ^ fanout78/A (sky130_fd_sc_hd__clkdlybuf4s25_1)
     8    0.033160    0.335498    0.500034    2.155311 ^ fanout78/X (sky130_fd_sc_hd__clkdlybuf4s25_1)
                                                         net78 (net)
                      0.335498    0.000264    2.155575 ^ _1217_/RESET_B (sky130_fd_sc_hd__dfrtp_2)
                                              2.155575   data arrival time

                                  0.000000    0.000000   clock wr_clk (rise edge)
                                  0.000000    0.000000   clock source latency
     1    0.018723    0.000000    0.000000    0.000000 ^ wr_clk (in)
                                                         wr_clk (net)
                      0.001049    0.000525    0.000525 ^ clkbuf_0_wr_clk/A (sky130_fd_sc_hd__clkbuf_16)
    16    0.088820    0.105109    0.162823    0.163347 ^ clkbuf_0_wr_clk/X (sky130_fd_sc_hd__clkbuf_16)
                                                         clknet_0_wr_clk (net)
                      0.105109    0.000263    0.163610 ^ clkbuf_4_14_0_wr_clk/A (sky130_fd_sc_hd__clkbuf_8)
     2    0.017237    0.047068    0.150149    0.313759 ^ clkbuf_4_14_0_wr_clk/X (sky130_fd_sc_hd__clkbuf_8)
                                                         clknet_4_14_0_wr_clk (net)
                      0.047068    0.000076    0.313835 ^ clkbuf_5_29__f_wr_clk/A (sky130_fd_sc_hd__clkbuf_16)
     5    0.012501    0.035462    0.119030    0.432865 ^ clkbuf_5_29__f_wr_clk/X (sky130_fd_sc_hd__clkbuf_16)
                                                         clknet_5_29__leaf_wr_clk (net)
                      0.035462    0.000014    0.432879 ^ _1217_/CLK (sky130_fd_sc_hd__dfrtp_2)
                                  0.100000    0.532879   clock uncertainty
                                  0.000000    0.532879   clock reconvergence pessimism
                                  0.396837    0.929716   library removal time
                                              0.929716   data required time
---------------------------------------------------------------------------------------------
                                              0.929716   data required time
                                             -2.155575   data arrival time
---------------------------------------------------------------------------------------------
                                              1.225859   slack (MET)


Startpoint: _1201_ (rising edge-triggered flip-flop clocked by wr_clk)
Endpoint: _1215_ (removal check against rising-edge clock wr_clk)
Path Group: asynchronous
Path Type: min

Fanout         Cap        Slew       Delay        Time   Description
---------------------------------------------------------------------------------------------
                                  0.000000    0.000000   clock wr_clk (rise edge)
                                  0.000000    0.000000   clock source latency
     1    0.018723    0.000000    0.000000    0.000000 ^ wr_clk (in)
                                                         wr_clk (net)
                      0.001049    0.000525    0.000525 ^ clkbuf_0_wr_clk/A (sky130_fd_sc_hd__clkbuf_16)
    16    0.088820    0.105109    0.162823    0.163347 ^ clkbuf_0_wr_clk/X (sky130_fd_sc_hd__clkbuf_16)
                                                         clknet_0_wr_clk (net)
                      0.105110    0.000589    0.163936 ^ clkbuf_4_10_0_wr_clk/A (sky130_fd_sc_hd__clkbuf_8)
     2    0.017560    0.047565    0.150629    0.314565 ^ clkbuf_4_10_0_wr_clk/X (sky130_fd_sc_hd__clkbuf_8)
                                                         clknet_4_10_0_wr_clk (net)
                      0.047565    0.000075    0.314640 ^ clkbuf_5_21__f_wr_clk/A (sky130_fd_sc_hd__clkbuf_16)
     6    0.016654    0.038990    0.123173    0.437812 ^ clkbuf_5_21__f_wr_clk/X (sky130_fd_sc_hd__clkbuf_16)
                                                         clknet_5_21__leaf_wr_clk (net)
                      0.038998    0.000186    0.437998 ^ _1201_/CLK (sky130_fd_sc_hd__dfrtp_2)
     1    0.003008    0.038599    0.329403    0.767402 ^ _1201_/Q (sky130_fd_sc_hd__dfrtp_2)
                                                         u_wr_reset_sync.sync_ff2 (net)
                      0.038599    0.000012    0.767414 ^ fanout80/A (sky130_fd_sc_hd__clkdlybuf4s25_1)
     7    0.033303    0.336695    0.450678    1.218092 ^ fanout80/X (sky130_fd_sc_hd__clkdlybuf4s25_1)
                                                         net80 (net)
                      0.336695    0.000041    1.218133 ^ fanout79/A (sky130_fd_sc_hd__clkdlybuf4s25_1)
     5    0.020338    0.210715    0.437136    1.655269 ^ fanout79/X (sky130_fd_sc_hd__clkdlybuf4s25_1)
                                                         net79 (net)
                      0.210715    0.000142    1.655411 ^ fanout77/A (sky130_fd_sc_hd__clkdlybuf4s25_1)
     8    0.035024    0.353650    0.512815    2.168226 ^ fanout77/X (sky130_fd_sc_hd__clkdlybuf4s25_1)
                                                         net77 (net)
                      0.353650    0.000325    2.168552 ^ _1215_/RESET_B (sky130_fd_sc_hd__dfrtp_2)
                                              2.168552   data arrival time

                                  0.000000    0.000000   clock wr_clk (rise edge)
                                  0.000000    0.000000   clock source latency
     1    0.018723    0.000000    0.000000    0.000000 ^ wr_clk (in)
                                                         wr_clk (net)
                      0.001049    0.000525    0.000525 ^ clkbuf_0_wr_clk/A (sky130_fd_sc_hd__clkbuf_16)
    16    0.088820    0.105109    0.162823    0.163347 ^ clkbuf_0_wr_clk/X (sky130_fd_sc_hd__clkbuf_16)
                                                         clknet_0_wr_clk (net)
                      0.105109    0.000078    0.163426 ^ clkbuf_4_12_0_wr_clk/A (sky130_fd_sc_hd__clkbuf_8)
     2    0.017657    0.047717    0.150765    0.314190 ^ clkbuf_4_12_0_wr_clk/X (sky130_fd_sc_hd__clkbuf_8)
                                                         clknet_4_12_0_wr_clk (net)
                      0.047717    0.000109    0.314299 ^ clkbuf_5_25__f_wr_clk/A (sky130_fd_sc_hd__clkbuf_16)
     6    0.016992    0.039285    0.123585    0.437884 ^ clkbuf_5_25__f_wr_clk/X (sky130_fd_sc_hd__clkbuf_16)
                                                         clknet_5_25__leaf_wr_clk (net)
                      0.039285    0.000033    0.437917 ^ _1215_/CLK (sky130_fd_sc_hd__dfrtp_2)
                                  0.100000    0.537917   clock uncertainty
                                  0.000000    0.537917   clock reconvergence pessimism
                                  0.402832    0.940749   library removal time
                                              0.940749   data required time
---------------------------------------------------------------------------------------------
                                              0.940749   data required time
                                             -2.168552   data arrival time
---------------------------------------------------------------------------------------------
                                              1.227803   slack (MET)


Startpoint: _1201_ (rising edge-triggered flip-flop clocked by wr_clk)
Endpoint: _1231_ (removal check against rising-edge clock wr_clk)
Path Group: asynchronous
Path Type: min

Fanout         Cap        Slew       Delay        Time   Description
---------------------------------------------------------------------------------------------
                                  0.000000    0.000000   clock wr_clk (rise edge)
                                  0.000000    0.000000   clock source latency
     1    0.018723    0.000000    0.000000    0.000000 ^ wr_clk (in)
                                                         wr_clk (net)
                      0.001049    0.000525    0.000525 ^ clkbuf_0_wr_clk/A (sky130_fd_sc_hd__clkbuf_16)
    16    0.088820    0.105109    0.162823    0.163347 ^ clkbuf_0_wr_clk/X (sky130_fd_sc_hd__clkbuf_16)
                                                         clknet_0_wr_clk (net)
                      0.105110    0.000589    0.163936 ^ clkbuf_4_10_0_wr_clk/A (sky130_fd_sc_hd__clkbuf_8)
     2    0.017560    0.047565    0.150629    0.314565 ^ clkbuf_4_10_0_wr_clk/X (sky130_fd_sc_hd__clkbuf_8)
                                                         clknet_4_10_0_wr_clk (net)
                      0.047565    0.000075    0.314640 ^ clkbuf_5_21__f_wr_clk/A (sky130_fd_sc_hd__clkbuf_16)
     6    0.016654    0.038990    0.123173    0.437812 ^ clkbuf_5_21__f_wr_clk/X (sky130_fd_sc_hd__clkbuf_16)
                                                         clknet_5_21__leaf_wr_clk (net)
                      0.038998    0.000186    0.437998 ^ _1201_/CLK (sky130_fd_sc_hd__dfrtp_2)
     1    0.003008    0.038599    0.329403    0.767402 ^ _1201_/Q (sky130_fd_sc_hd__dfrtp_2)
                                                         u_wr_reset_sync.sync_ff2 (net)
                      0.038599    0.000012    0.767414 ^ fanout80/A (sky130_fd_sc_hd__clkdlybuf4s25_1)
     7    0.033303    0.336695    0.450678    1.218092 ^ fanout80/X (sky130_fd_sc_hd__clkdlybuf4s25_1)
                                                         net80 (net)
                      0.336695    0.000041    1.218133 ^ fanout79/A (sky130_fd_sc_hd__clkdlybuf4s25_1)
     5    0.020338    0.210715    0.437136    1.655269 ^ fanout79/X (sky130_fd_sc_hd__clkdlybuf4s25_1)
                                                         net79 (net)
                      0.210715    0.000142    1.655411 ^ fanout77/A (sky130_fd_sc_hd__clkdlybuf4s25_1)
     8    0.035024    0.353650    0.512815    2.168226 ^ fanout77/X (sky130_fd_sc_hd__clkdlybuf4s25_1)
                                                         net77 (net)
                      0.353650    0.000040    2.168266 ^ _1231_/RESET_B (sky130_fd_sc_hd__dfrtp_2)
                                              2.168266   data arrival time

                                  0.000000    0.000000   clock wr_clk (rise edge)
                                  0.000000    0.000000   clock source latency
     1    0.018723    0.000000    0.000000    0.000000 ^ wr_clk (in)
                                                         wr_clk (net)
                      0.001049    0.000525    0.000525 ^ clkbuf_0_wr_clk/A (sky130_fd_sc_hd__clkbuf_16)
    16    0.088820    0.105109    0.162823    0.163347 ^ clkbuf_0_wr_clk/X (sky130_fd_sc_hd__clkbuf_16)
                                                         clknet_0_wr_clk (net)
                      0.105109    0.000263    0.163610 ^ clkbuf_4_14_0_wr_clk/A (sky130_fd_sc_hd__clkbuf_8)
     2    0.017237    0.047068    0.150149    0.313759 ^ clkbuf_4_14_0_wr_clk/X (sky130_fd_sc_hd__clkbuf_8)
                                                         clknet_4_14_0_wr_clk (net)
                      0.047068    0.000066    0.313825 ^ clkbuf_5_28__f_wr_clk/A (sky130_fd_sc_hd__clkbuf_16)
     5    0.014845    0.037452    0.121288    0.435113 ^ clkbuf_5_28__f_wr_clk/X (sky130_fd_sc_hd__clkbuf_16)
                                                         clknet_5_28__leaf_wr_clk (net)
                      0.037452    0.000017    0.435130 ^ _1231_/CLK (sky130_fd_sc_hd__dfrtp_2)
                                  0.100000    0.535130   clock uncertainty
                                  0.000000    0.535130   clock reconvergence pessimism
                                  0.402331    0.937461   library removal time
                                              0.937461   data required time
---------------------------------------------------------------------------------------------
                                              0.937461   data required time
                                             -2.168266   data arrival time
---------------------------------------------------------------------------------------------
                                              1.230805   slack (MET)


Startpoint: _1201_ (rising edge-triggered flip-flop clocked by wr_clk)
Endpoint: _1230_ (removal check against rising-edge clock wr_clk)
Path Group: asynchronous
Path Type: min

Fanout         Cap        Slew       Delay        Time   Description
---------------------------------------------------------------------------------------------
                                  0.000000    0.000000   clock wr_clk (rise edge)
                                  0.000000    0.000000   clock source latency
     1    0.018723    0.000000    0.000000    0.000000 ^ wr_clk (in)
                                                         wr_clk (net)
                      0.001049    0.000525    0.000525 ^ clkbuf_0_wr_clk/A (sky130_fd_sc_hd__clkbuf_16)
    16    0.088820    0.105109    0.162823    0.163347 ^ clkbuf_0_wr_clk/X (sky130_fd_sc_hd__clkbuf_16)
                                                         clknet_0_wr_clk (net)
                      0.105110    0.000589    0.163936 ^ clkbuf_4_10_0_wr_clk/A (sky130_fd_sc_hd__clkbuf_8)
     2    0.017560    0.047565    0.150629    0.314565 ^ clkbuf_4_10_0_wr_clk/X (sky130_fd_sc_hd__clkbuf_8)
                                                         clknet_4_10_0_wr_clk (net)
                      0.047565    0.000075    0.314640 ^ clkbuf_5_21__f_wr_clk/A (sky130_fd_sc_hd__clkbuf_16)
     6    0.016654    0.038990    0.123173    0.437812 ^ clkbuf_5_21__f_wr_clk/X (sky130_fd_sc_hd__clkbuf_16)
                                                         clknet_5_21__leaf_wr_clk (net)
                      0.038998    0.000186    0.437998 ^ _1201_/CLK (sky130_fd_sc_hd__dfrtp_2)
     1    0.003008    0.038599    0.329403    0.767402 ^ _1201_/Q (sky130_fd_sc_hd__dfrtp_2)
                                                         u_wr_reset_sync.sync_ff2 (net)
                      0.038599    0.000012    0.767414 ^ fanout80/A (sky130_fd_sc_hd__clkdlybuf4s25_1)
     7    0.033303    0.336695    0.450678    1.218092 ^ fanout80/X (sky130_fd_sc_hd__clkdlybuf4s25_1)
                                                         net80 (net)
                      0.336695    0.000041    1.218133 ^ fanout79/A (sky130_fd_sc_hd__clkdlybuf4s25_1)
     5    0.020338    0.210715    0.437136    1.655269 ^ fanout79/X (sky130_fd_sc_hd__clkdlybuf4s25_1)
                                                         net79 (net)
                      0.210715    0.000142    1.655411 ^ fanout77/A (sky130_fd_sc_hd__clkdlybuf4s25_1)
     8    0.035024    0.353650    0.512815    2.168226 ^ fanout77/X (sky130_fd_sc_hd__clkdlybuf4s25_1)
                                                         net77 (net)
                      0.353650    0.000173    2.168399 ^ _1230_/RESET_B (sky130_fd_sc_hd__dfrtp_2)
                                              2.168399   data arrival time

                                  0.000000    0.000000   clock wr_clk (rise edge)
                                  0.000000    0.000000   clock source latency
     1    0.018723    0.000000    0.000000    0.000000 ^ wr_clk (in)
                                                         wr_clk (net)
                      0.001049    0.000525    0.000525 ^ clkbuf_0_wr_clk/A (sky130_fd_sc_hd__clkbuf_16)
    16    0.088820    0.105109    0.162823    0.163347 ^ clkbuf_0_wr_clk/X (sky130_fd_sc_hd__clkbuf_16)
                                                         clknet_0_wr_clk (net)
                      0.105109    0.000263    0.163610 ^ clkbuf_4_14_0_wr_clk/A (sky130_fd_sc_hd__clkbuf_8)
     2    0.017237    0.047068    0.150149    0.313759 ^ clkbuf_4_14_0_wr_clk/X (sky130_fd_sc_hd__clkbuf_8)
                                                         clknet_4_14_0_wr_clk (net)
                      0.047068    0.000066    0.313825 ^ clkbuf_5_28__f_wr_clk/A (sky130_fd_sc_hd__clkbuf_16)
     5    0.014845    0.037452    0.121288    0.435113 ^ clkbuf_5_28__f_wr_clk/X (sky130_fd_sc_hd__clkbuf_16)
                                                         clknet_5_28__leaf_wr_clk (net)
                      0.037452    0.000019    0.435131 ^ _1230_/CLK (sky130_fd_sc_hd__dfrtp_2)
                                  0.100000    0.535131   clock uncertainty
                                  0.000000    0.535131   clock reconvergence pessimism
                                  0.402331    0.937462   library removal time
                                              0.937462   data required time
---------------------------------------------------------------------------------------------
                                              0.937462   data required time
                                             -2.168399   data arrival time
---------------------------------------------------------------------------------------------
                                              1.230937   slack (MET)


Startpoint: _1201_ (rising edge-triggered flip-flop clocked by wr_clk)
Endpoint: _1220_ (removal check against rising-edge clock wr_clk)
Path Group: asynchronous
Path Type: min

Fanout         Cap        Slew       Delay        Time   Description
---------------------------------------------------------------------------------------------
                                  0.000000    0.000000   clock wr_clk (rise edge)
                                  0.000000    0.000000   clock source latency
     1    0.018723    0.000000    0.000000    0.000000 ^ wr_clk (in)
                                                         wr_clk (net)
                      0.001049    0.000525    0.000525 ^ clkbuf_0_wr_clk/A (sky130_fd_sc_hd__clkbuf_16)
    16    0.088820    0.105109    0.162823    0.163347 ^ clkbuf_0_wr_clk/X (sky130_fd_sc_hd__clkbuf_16)
                                                         clknet_0_wr_clk (net)
                      0.105110    0.000589    0.163936 ^ clkbuf_4_10_0_wr_clk/A (sky130_fd_sc_hd__clkbuf_8)
     2    0.017560    0.047565    0.150629    0.314565 ^ clkbuf_4_10_0_wr_clk/X (sky130_fd_sc_hd__clkbuf_8)
                                                         clknet_4_10_0_wr_clk (net)
                      0.047565    0.000075    0.314640 ^ clkbuf_5_21__f_wr_clk/A (sky130_fd_sc_hd__clkbuf_16)
     6    0.016654    0.038990    0.123173    0.437812 ^ clkbuf_5_21__f_wr_clk/X (sky130_fd_sc_hd__clkbuf_16)
                                                         clknet_5_21__leaf_wr_clk (net)
                      0.038998    0.000186    0.437998 ^ _1201_/CLK (sky130_fd_sc_hd__dfrtp_2)
     1    0.003008    0.038599    0.329403    0.767402 ^ _1201_/Q (sky130_fd_sc_hd__dfrtp_2)
                                                         u_wr_reset_sync.sync_ff2 (net)
                      0.038599    0.000012    0.767414 ^ fanout80/A (sky130_fd_sc_hd__clkdlybuf4s25_1)
     7    0.033303    0.336695    0.450678    1.218092 ^ fanout80/X (sky130_fd_sc_hd__clkdlybuf4s25_1)
                                                         net80 (net)
                      0.336695    0.000041    1.218133 ^ fanout79/A (sky130_fd_sc_hd__clkdlybuf4s25_1)
     5    0.020338    0.210715    0.437136    1.655269 ^ fanout79/X (sky130_fd_sc_hd__clkdlybuf4s25_1)
                                                         net79 (net)
                      0.210715    0.000142    1.655411 ^ fanout77/A (sky130_fd_sc_hd__clkdlybuf4s25_1)
     8    0.035024    0.353650    0.512815    2.168226 ^ fanout77/X (sky130_fd_sc_hd__clkdlybuf4s25_1)
                                                         net77 (net)
                      0.353650    0.000285    2.168512 ^ _1220_/RESET_B (sky130_fd_sc_hd__dfrtp_2)
                                              2.168512   data arrival time

                                  0.000000    0.000000   clock wr_clk (rise edge)
                                  0.000000    0.000000   clock source latency
     1    0.018723    0.000000    0.000000    0.000000 ^ wr_clk (in)
                                                         wr_clk (net)
                      0.001049    0.000525    0.000525 ^ clkbuf_0_wr_clk/A (sky130_fd_sc_hd__clkbuf_16)
    16    0.088820    0.105109    0.162823    0.163347 ^ clkbuf_0_wr_clk/X (sky130_fd_sc_hd__clkbuf_16)
                                                         clknet_0_wr_clk (net)
                      0.105109    0.000263    0.163610 ^ clkbuf_4_14_0_wr_clk/A (sky130_fd_sc_hd__clkbuf_8)
     2    0.017237    0.047068    0.150149    0.313759 ^ clkbuf_4_14_0_wr_clk/X (sky130_fd_sc_hd__clkbuf_8)
                                                         clknet_4_14_0_wr_clk (net)
                      0.047068    0.000066    0.313825 ^ clkbuf_5_28__f_wr_clk/A (sky130_fd_sc_hd__clkbuf_16)
     5    0.014845    0.037452    0.121288    0.435113 ^ clkbuf_5_28__f_wr_clk/X (sky130_fd_sc_hd__clkbuf_16)
                                                         clknet_5_28__leaf_wr_clk (net)
                      0.037452    0.000029    0.435141 ^ _1220_/CLK (sky130_fd_sc_hd__dfrtp_2)
                                  0.100000    0.535141   clock uncertainty
                                  0.000000    0.535141   clock reconvergence pessimism
                                  0.402331    0.937472   library removal time
                                              0.937472   data required time
---------------------------------------------------------------------------------------------
                                              0.937472   data required time
                                             -2.168512   data arrival time
---------------------------------------------------------------------------------------------
                                              1.231039   slack (MET)


Startpoint: _1201_ (rising edge-triggered flip-flop clocked by wr_clk)
Endpoint: _1227_ (removal check against rising-edge clock wr_clk)
Path Group: asynchronous
Path Type: min

Fanout         Cap        Slew       Delay        Time   Description
---------------------------------------------------------------------------------------------
                                  0.000000    0.000000   clock wr_clk (rise edge)
                                  0.000000    0.000000   clock source latency
     1    0.018723    0.000000    0.000000    0.000000 ^ wr_clk (in)
                                                         wr_clk (net)
                      0.001049    0.000525    0.000525 ^ clkbuf_0_wr_clk/A (sky130_fd_sc_hd__clkbuf_16)
    16    0.088820    0.105109    0.162823    0.163347 ^ clkbuf_0_wr_clk/X (sky130_fd_sc_hd__clkbuf_16)
                                                         clknet_0_wr_clk (net)
                      0.105110    0.000589    0.163936 ^ clkbuf_4_10_0_wr_clk/A (sky130_fd_sc_hd__clkbuf_8)
     2    0.017560    0.047565    0.150629    0.314565 ^ clkbuf_4_10_0_wr_clk/X (sky130_fd_sc_hd__clkbuf_8)
                                                         clknet_4_10_0_wr_clk (net)
                      0.047565    0.000075    0.314640 ^ clkbuf_5_21__f_wr_clk/A (sky130_fd_sc_hd__clkbuf_16)
     6    0.016654    0.038990    0.123173    0.437812 ^ clkbuf_5_21__f_wr_clk/X (sky130_fd_sc_hd__clkbuf_16)
                                                         clknet_5_21__leaf_wr_clk (net)
                      0.038998    0.000186    0.437998 ^ _1201_/CLK (sky130_fd_sc_hd__dfrtp_2)
     1    0.003008    0.038599    0.329403    0.767402 ^ _1201_/Q (sky130_fd_sc_hd__dfrtp_2)
                                                         u_wr_reset_sync.sync_ff2 (net)
                      0.038599    0.000012    0.767414 ^ fanout80/A (sky130_fd_sc_hd__clkdlybuf4s25_1)
     7    0.033303    0.336695    0.450678    1.218092 ^ fanout80/X (sky130_fd_sc_hd__clkdlybuf4s25_1)
                                                         net80 (net)
                      0.336695    0.000041    1.218133 ^ fanout79/A (sky130_fd_sc_hd__clkdlybuf4s25_1)
     5    0.020338    0.210715    0.437136    1.655269 ^ fanout79/X (sky130_fd_sc_hd__clkdlybuf4s25_1)
                                                         net79 (net)
                      0.210715    0.000142    1.655411 ^ fanout77/A (sky130_fd_sc_hd__clkdlybuf4s25_1)
     8    0.035024    0.353650    0.512815    2.168226 ^ fanout77/X (sky130_fd_sc_hd__clkdlybuf4s25_1)
                                                         net77 (net)
                      0.353650    0.000109    2.168335 ^ _1227_/RESET_B (sky130_fd_sc_hd__dfrtp_2)
                                              2.168335   data arrival time

                                  0.000000    0.000000   clock wr_clk (rise edge)
                                  0.000000    0.000000   clock source latency
     1    0.018723    0.000000    0.000000    0.000000 ^ wr_clk (in)
                                                         wr_clk (net)
                      0.001049    0.000525    0.000525 ^ clkbuf_0_wr_clk/A (sky130_fd_sc_hd__clkbuf_16)
    16    0.088820    0.105109    0.162823    0.163347 ^ clkbuf_0_wr_clk/X (sky130_fd_sc_hd__clkbuf_16)
                                                         clknet_0_wr_clk (net)
                      0.105109    0.000254    0.163601 ^ clkbuf_4_15_0_wr_clk/A (sky130_fd_sc_hd__clkbuf_8)
     2    0.017792    0.047925    0.150966    0.314567 ^ clkbuf_4_15_0_wr_clk/X (sky130_fd_sc_hd__clkbuf_8)
                                                         clknet_4_15_0_wr_clk (net)
                      0.047925    0.000079    0.314646 ^ clkbuf_5_30__f_wr_clk/A (sky130_fd_sc_hd__clkbuf_16)
     5    0.012006    0.035039    0.118873    0.433519 ^ clkbuf_5_30__f_wr_clk/X (sky130_fd_sc_hd__clkbuf_16)
                                                         clknet_5_30__leaf_wr_clk (net)
                      0.035039    0.000007    0.433526 ^ _1227_/CLK (sky130_fd_sc_hd__dfrtp_2)
                                  0.100000    0.533526   clock uncertainty
                                  0.000000    0.533526   clock reconvergence pessimism
                                  0.401671    0.935196   library removal time
                                              0.935196   data required time
---------------------------------------------------------------------------------------------
                                              0.935196   data required time
                                             -2.168335   data arrival time
---------------------------------------------------------------------------------------------
                                              1.233139   slack (MET)


Startpoint: _1201_ (rising edge-triggered flip-flop clocked by wr_clk)
Endpoint: _1219_ (removal check against rising-edge clock wr_clk)
Path Group: asynchronous
Path Type: min

Fanout         Cap        Slew       Delay        Time   Description
---------------------------------------------------------------------------------------------
                                  0.000000    0.000000   clock wr_clk (rise edge)
                                  0.000000    0.000000   clock source latency
     1    0.018723    0.000000    0.000000    0.000000 ^ wr_clk (in)
                                                         wr_clk (net)
                      0.001049    0.000525    0.000525 ^ clkbuf_0_wr_clk/A (sky130_fd_sc_hd__clkbuf_16)
    16    0.088820    0.105109    0.162823    0.163347 ^ clkbuf_0_wr_clk/X (sky130_fd_sc_hd__clkbuf_16)
                                                         clknet_0_wr_clk (net)
                      0.105110    0.000589    0.163936 ^ clkbuf_4_10_0_wr_clk/A (sky130_fd_sc_hd__clkbuf_8)
     2    0.017560    0.047565    0.150629    0.314565 ^ clkbuf_4_10_0_wr_clk/X (sky130_fd_sc_hd__clkbuf_8)
                                                         clknet_4_10_0_wr_clk (net)
                      0.047565    0.000075    0.314640 ^ clkbuf_5_21__f_wr_clk/A (sky130_fd_sc_hd__clkbuf_16)
     6    0.016654    0.038990    0.123173    0.437812 ^ clkbuf_5_21__f_wr_clk/X (sky130_fd_sc_hd__clkbuf_16)
                                                         clknet_5_21__leaf_wr_clk (net)
                      0.038998    0.000186    0.437998 ^ _1201_/CLK (sky130_fd_sc_hd__dfrtp_2)
     1    0.003008    0.038599    0.329403    0.767402 ^ _1201_/Q (sky130_fd_sc_hd__dfrtp_2)
                                                         u_wr_reset_sync.sync_ff2 (net)
                      0.038599    0.000012    0.767414 ^ fanout80/A (sky130_fd_sc_hd__clkdlybuf4s25_1)
     7    0.033303    0.336695    0.450678    1.218092 ^ fanout80/X (sky130_fd_sc_hd__clkdlybuf4s25_1)
                                                         net80 (net)
                      0.336695    0.000041    1.218133 ^ fanout79/A (sky130_fd_sc_hd__clkdlybuf4s25_1)
     5    0.020338    0.210715    0.437136    1.655269 ^ fanout79/X (sky130_fd_sc_hd__clkdlybuf4s25_1)
                                                         net79 (net)
                      0.210715    0.000142    1.655411 ^ fanout77/A (sky130_fd_sc_hd__clkdlybuf4s25_1)
     8    0.035024    0.353650    0.512815    2.168226 ^ fanout77/X (sky130_fd_sc_hd__clkdlybuf4s25_1)
                                                         net77 (net)
                      0.353650    0.000297    2.168523 ^ _1219_/RESET_B (sky130_fd_sc_hd__dfrtp_2)
                                              2.168523   data arrival time

                                  0.000000    0.000000   clock wr_clk (rise edge)
                                  0.000000    0.000000   clock source latency
     1    0.018723    0.000000    0.000000    0.000000 ^ wr_clk (in)
                                                         wr_clk (net)
                      0.001049    0.000525    0.000525 ^ clkbuf_0_wr_clk/A (sky130_fd_sc_hd__clkbuf_16)
    16    0.088820    0.105109    0.162823    0.163347 ^ clkbuf_0_wr_clk/X (sky130_fd_sc_hd__clkbuf_16)
                                                         clknet_0_wr_clk (net)
                      0.105109    0.000254    0.163601 ^ clkbuf_4_15_0_wr_clk/A (sky130_fd_sc_hd__clkbuf_8)
     2    0.017792    0.047925    0.150966    0.314567 ^ clkbuf_4_15_0_wr_clk/X (sky130_fd_sc_hd__clkbuf_8)
                                                         clknet_4_15_0_wr_clk (net)
                      0.047925    0.000079    0.314646 ^ clkbuf_5_30__f_wr_clk/A (sky130_fd_sc_hd__clkbuf_16)
     5    0.012006    0.035039    0.118873    0.433519 ^ clkbuf_5_30__f_wr_clk/X (sky130_fd_sc_hd__clkbuf_16)
                                                         clknet_5_30__leaf_wr_clk (net)
                      0.035039    0.000029    0.433548 ^ _1219_/CLK (sky130_fd_sc_hd__dfrtp_2)
                                  0.100000    0.533548   clock uncertainty
                                  0.000000    0.533548   clock reconvergence pessimism
                                  0.401671    0.935218   library removal time
                                              0.935218   data required time
---------------------------------------------------------------------------------------------
                                              0.935218   data required time
                                             -2.168523   data arrival time
---------------------------------------------------------------------------------------------
                                              1.233305   slack (MET)


Startpoint: _1201_ (rising edge-triggered flip-flop clocked by wr_clk)
Endpoint: _1224_ (removal check against rising-edge clock wr_clk)
Path Group: asynchronous
Path Type: min

Fanout         Cap        Slew       Delay        Time   Description
---------------------------------------------------------------------------------------------
                                  0.000000    0.000000   clock wr_clk (rise edge)
                                  0.000000    0.000000   clock source latency
     1    0.018723    0.000000    0.000000    0.000000 ^ wr_clk (in)
                                                         wr_clk (net)
                      0.001049    0.000525    0.000525 ^ clkbuf_0_wr_clk/A (sky130_fd_sc_hd__clkbuf_16)
    16    0.088820    0.105109    0.162823    0.163347 ^ clkbuf_0_wr_clk/X (sky130_fd_sc_hd__clkbuf_16)
                                                         clknet_0_wr_clk (net)
                      0.105110    0.000589    0.163936 ^ clkbuf_4_10_0_wr_clk/A (sky130_fd_sc_hd__clkbuf_8)
     2    0.017560    0.047565    0.150629    0.314565 ^ clkbuf_4_10_0_wr_clk/X (sky130_fd_sc_hd__clkbuf_8)
                                                         clknet_4_10_0_wr_clk (net)
                      0.047565    0.000075    0.314640 ^ clkbuf_5_21__f_wr_clk/A (sky130_fd_sc_hd__clkbuf_16)
     6    0.016654    0.038990    0.123173    0.437812 ^ clkbuf_5_21__f_wr_clk/X (sky130_fd_sc_hd__clkbuf_16)
                                                         clknet_5_21__leaf_wr_clk (net)
                      0.038998    0.000186    0.437998 ^ _1201_/CLK (sky130_fd_sc_hd__dfrtp_2)
     1    0.003008    0.038599    0.329403    0.767402 ^ _1201_/Q (sky130_fd_sc_hd__dfrtp_2)
                                                         u_wr_reset_sync.sync_ff2 (net)
                      0.038599    0.000012    0.767414 ^ fanout80/A (sky130_fd_sc_hd__clkdlybuf4s25_1)
     7    0.033303    0.336695    0.450678    1.218092 ^ fanout80/X (sky130_fd_sc_hd__clkdlybuf4s25_1)
                                                         net80 (net)
                      0.336695    0.000041    1.218133 ^ fanout79/A (sky130_fd_sc_hd__clkdlybuf4s25_1)
     5    0.020338    0.210715    0.437136    1.655269 ^ fanout79/X (sky130_fd_sc_hd__clkdlybuf4s25_1)
                                                         net79 (net)
                      0.210715    0.000142    1.655411 ^ fanout77/A (sky130_fd_sc_hd__clkdlybuf4s25_1)
     8    0.035024    0.353650    0.512815    2.168226 ^ fanout77/X (sky130_fd_sc_hd__clkdlybuf4s25_1)
                                                         net77 (net)
                      0.353650    0.000332    2.168559 ^ _1224_/RESET_B (sky130_fd_sc_hd__dfrtp_2)
                                              2.168559   data arrival time

                                  0.000000    0.000000   clock wr_clk (rise edge)
                                  0.000000    0.000000   clock source latency
     1    0.018723    0.000000    0.000000    0.000000 ^ wr_clk (in)
                                                         wr_clk (net)
                      0.001049    0.000525    0.000525 ^ clkbuf_0_wr_clk/A (sky130_fd_sc_hd__clkbuf_16)
    16    0.088820    0.105109    0.162823    0.163347 ^ clkbuf_0_wr_clk/X (sky130_fd_sc_hd__clkbuf_16)
                                                         clknet_0_wr_clk (net)
                      0.105109    0.000254    0.163601 ^ clkbuf_4_15_0_wr_clk/A (sky130_fd_sc_hd__clkbuf_8)
     2    0.017792    0.047925    0.150966    0.314567 ^ clkbuf_4_15_0_wr_clk/X (sky130_fd_sc_hd__clkbuf_8)
                                                         clknet_4_15_0_wr_clk (net)
                      0.047925    0.000079    0.314646 ^ clkbuf_5_30__f_wr_clk/A (sky130_fd_sc_hd__clkbuf_16)
     5    0.012006    0.035039    0.118873    0.433519 ^ clkbuf_5_30__f_wr_clk/X (sky130_fd_sc_hd__clkbuf_16)
                                                         clknet_5_30__leaf_wr_clk (net)
                      0.035039    0.000019    0.433538 ^ _1224_/CLK (sky130_fd_sc_hd__dfrtp_2)
                                  0.100000    0.533538   clock uncertainty
                                  0.000000    0.533538   clock reconvergence pessimism
                                  0.401671    0.935209   library removal time
                                              0.935209   data required time
---------------------------------------------------------------------------------------------
                                              0.935209   data required time
                                             -2.168559   data arrival time
---------------------------------------------------------------------------------------------
                                              1.233349   slack (MET)


Startpoint: _1201_ (rising edge-triggered flip-flop clocked by wr_clk)
Endpoint: _1214_ (removal check against rising-edge clock wr_clk)
Path Group: asynchronous
Path Type: min

Fanout         Cap        Slew       Delay        Time   Description
---------------------------------------------------------------------------------------------
                                  0.000000    0.000000   clock wr_clk (rise edge)
                                  0.000000    0.000000   clock source latency
     1    0.018723    0.000000    0.000000    0.000000 ^ wr_clk (in)
                                                         wr_clk (net)
                      0.001049    0.000525    0.000525 ^ clkbuf_0_wr_clk/A (sky130_fd_sc_hd__clkbuf_16)
    16    0.088820    0.105109    0.162823    0.163347 ^ clkbuf_0_wr_clk/X (sky130_fd_sc_hd__clkbuf_16)
                                                         clknet_0_wr_clk (net)
                      0.105110    0.000589    0.163936 ^ clkbuf_4_10_0_wr_clk/A (sky130_fd_sc_hd__clkbuf_8)
     2    0.017560    0.047565    0.150629    0.314565 ^ clkbuf_4_10_0_wr_clk/X (sky130_fd_sc_hd__clkbuf_8)
                                                         clknet_4_10_0_wr_clk (net)
                      0.047565    0.000075    0.314640 ^ clkbuf_5_21__f_wr_clk/A (sky130_fd_sc_hd__clkbuf_16)
     6    0.016654    0.038990    0.123173    0.437812 ^ clkbuf_5_21__f_wr_clk/X (sky130_fd_sc_hd__clkbuf_16)
                                                         clknet_5_21__leaf_wr_clk (net)
                      0.038998    0.000186    0.437998 ^ _1201_/CLK (sky130_fd_sc_hd__dfrtp_2)
     1    0.003008    0.038599    0.329403    0.767402 ^ _1201_/Q (sky130_fd_sc_hd__dfrtp_2)
                                                         u_wr_reset_sync.sync_ff2 (net)
                      0.038599    0.000012    0.767414 ^ fanout80/A (sky130_fd_sc_hd__clkdlybuf4s25_1)
     7    0.033303    0.336695    0.450678    1.218092 ^ fanout80/X (sky130_fd_sc_hd__clkdlybuf4s25_1)
                                                         net80 (net)
                      0.336695    0.000041    1.218133 ^ fanout79/A (sky130_fd_sc_hd__clkdlybuf4s25_1)
     5    0.020338    0.210715    0.437136    1.655269 ^ fanout79/X (sky130_fd_sc_hd__clkdlybuf4s25_1)
                                                         net79 (net)
                      0.210715    0.000142    1.655411 ^ fanout77/A (sky130_fd_sc_hd__clkdlybuf4s25_1)
     8    0.035024    0.353650    0.512815    2.168226 ^ fanout77/X (sky130_fd_sc_hd__clkdlybuf4s25_1)
                                                         net77 (net)
                      0.353650    0.000344    2.168570 ^ _1214_/RESET_B (sky130_fd_sc_hd__dfrtp_2)
                                              2.168570   data arrival time

                                  0.000000    0.000000   clock wr_clk (rise edge)
                                  0.000000    0.000000   clock source latency
     1    0.018723    0.000000    0.000000    0.000000 ^ wr_clk (in)
                                                         wr_clk (net)
                      0.001049    0.000525    0.000525 ^ clkbuf_0_wr_clk/A (sky130_fd_sc_hd__clkbuf_16)
    16    0.088820    0.105109    0.162823    0.163347 ^ clkbuf_0_wr_clk/X (sky130_fd_sc_hd__clkbuf_16)
                                                         clknet_0_wr_clk (net)
                      0.105109    0.000254    0.163601 ^ clkbuf_4_15_0_wr_clk/A (sky130_fd_sc_hd__clkbuf_8)
     2    0.017792    0.047925    0.150966    0.314567 ^ clkbuf_4_15_0_wr_clk/X (sky130_fd_sc_hd__clkbuf_8)
                                                         clknet_4_15_0_wr_clk (net)
                      0.047925    0.000079    0.314646 ^ clkbuf_5_30__f_wr_clk/A (sky130_fd_sc_hd__clkbuf_16)
     5    0.012006    0.035039    0.118873    0.433519 ^ clkbuf_5_30__f_wr_clk/X (sky130_fd_sc_hd__clkbuf_16)
                                                         clknet_5_30__leaf_wr_clk (net)
                      0.035039    0.000011    0.433530 ^ _1214_/CLK (sky130_fd_sc_hd__dfrtp_2)
                                  0.100000    0.533530   clock uncertainty
                                  0.000000    0.533530   clock reconvergence pessimism
                                  0.401671    0.935201   library removal time
                                              0.935201   data required time
---------------------------------------------------------------------------------------------
                                              0.935201   data required time
                                             -2.168570   data arrival time
---------------------------------------------------------------------------------------------
                                              1.233369   slack (MET)


Startpoint: afull_thresh[2] (input port clocked by wr_clk)
Endpoint: _1198_ (rising edge-triggered flip-flop clocked by wr_clk)
Path Group: wr_clk
Path Type: min

Fanout         Cap        Slew       Delay        Time   Description
---------------------------------------------------------------------------------------------
                                  0.000000    0.000000   clock wr_clk (rise edge)
                                  0.000000    0.000000   clock network delay (propagated)
                                  1.500000    1.500000 ^ input external delay
     1    0.003243    0.024677    0.009644    1.509644 ^ afull_thresh[2] (in)
                                                         afull_thresh[2] (net)
                      0.024677    0.000000    1.509644 ^ input7/A (sky130_fd_sc_hd__clkdlybuf4s25_1)
     1    0.002400    0.041830    0.232656    1.742300 ^ input7/X (sky130_fd_sc_hd__clkdlybuf4s25_1)
                                                         net7 (net)
                      0.041830    0.000005    1.742305 ^ _1198_/D (sky130_fd_sc_hd__dfrtp_2)
                                              1.742305   data arrival time

                                  0.000000    0.000000   clock wr_clk (rise edge)
                                  0.000000    0.000000   clock source latency
     1    0.018723    0.000000    0.000000    0.000000 ^ wr_clk (in)
                                                         wr_clk (net)
                      0.001049    0.000525    0.000525 ^ clkbuf_0_wr_clk/A (sky130_fd_sc_hd__clkbuf_16)
    16    0.088820    0.105109    0.162823    0.163347 ^ clkbuf_0_wr_clk/X (sky130_fd_sc_hd__clkbuf_16)
                                                         clknet_0_wr_clk (net)
                      0.105110    0.000589    0.163936 ^ clkbuf_4_10_0_wr_clk/A (sky130_fd_sc_hd__clkbuf_8)
     2    0.017560    0.047565    0.150629    0.314565 ^ clkbuf_4_10_0_wr_clk/X (sky130_fd_sc_hd__clkbuf_8)
                                                         clknet_4_10_0_wr_clk (net)
                      0.047565    0.000075    0.314640 ^ clkbuf_5_21__f_wr_clk/A (sky130_fd_sc_hd__clkbuf_16)
     6    0.016654    0.038990    0.123173    0.437812 ^ clkbuf_5_21__f_wr_clk/X (sky130_fd_sc_hd__clkbuf_16)
                                                         clknet_5_21__leaf_wr_clk (net)
                      0.038998    0.000136    0.437948 ^ _1198_/CLK (sky130_fd_sc_hd__dfrtp_2)
                                  0.100000    0.537948   clock uncertainty
                                  0.000000    0.537948   clock reconvergence pessimism
                                 -0.034840    0.503108   library hold time
                                              0.503108   data required time
---------------------------------------------------------------------------------------------
                                              0.503108   data required time
                                             -1.742305   data arrival time
---------------------------------------------------------------------------------------------
                                              1.239197   slack (MET)


Startpoint: afull_thresh[3] (input port clocked by wr_clk)
Endpoint: _1199_ (rising edge-triggered flip-flop clocked by wr_clk)
Path Group: wr_clk
Path Type: min

Fanout         Cap        Slew       Delay        Time   Description
---------------------------------------------------------------------------------------------
                                  0.000000    0.000000   clock wr_clk (rise edge)
                                  0.000000    0.000000   clock network delay (propagated)
                                  1.500000    1.500000 ^ input external delay
     1    0.003283    0.024769    0.009752    1.509752 ^ afull_thresh[3] (in)
                                                         afull_thresh[3] (net)
                      0.024769    0.000000    1.509752 ^ input8/A (sky130_fd_sc_hd__clkdlybuf4s25_1)
     1    0.002607    0.043748    0.234238    1.743990 ^ input8/X (sky130_fd_sc_hd__clkdlybuf4s25_1)
                                                         net8 (net)
                      0.043748    0.000009    1.743999 ^ _1199_/D (sky130_fd_sc_hd__dfrtp_2)
                                              1.743999   data arrival time

                                  0.000000    0.000000   clock wr_clk (rise edge)
                                  0.000000    0.000000   clock source latency
     1    0.018723    0.000000    0.000000    0.000000 ^ wr_clk (in)
                                                         wr_clk (net)
                      0.001049    0.000525    0.000525 ^ clkbuf_0_wr_clk/A (sky130_fd_sc_hd__clkbuf_16)
    16    0.088820    0.105109    0.162823    0.163347 ^ clkbuf_0_wr_clk/X (sky130_fd_sc_hd__clkbuf_16)
                                                         clknet_0_wr_clk (net)
                      0.105110    0.000589    0.163936 ^ clkbuf_4_10_0_wr_clk/A (sky130_fd_sc_hd__clkbuf_8)
     2    0.017560    0.047565    0.150629    0.314565 ^ clkbuf_4_10_0_wr_clk/X (sky130_fd_sc_hd__clkbuf_8)
                                                         clknet_4_10_0_wr_clk (net)
                      0.047565    0.000075    0.314640 ^ clkbuf_5_21__f_wr_clk/A (sky130_fd_sc_hd__clkbuf_16)
     6    0.016654    0.038990    0.123173    0.437812 ^ clkbuf_5_21__f_wr_clk/X (sky130_fd_sc_hd__clkbuf_16)
                                                         clknet_5_21__leaf_wr_clk (net)
                      0.038998    0.000149    0.437961 ^ _1199_/CLK (sky130_fd_sc_hd__dfrtp_2)
                                  0.100000    0.537961   clock uncertainty
                                  0.000000    0.537961   clock reconvergence pessimism
                                 -0.035238    0.502723   library hold time
                                              0.502723   data required time
---------------------------------------------------------------------------------------------
                                              0.502723   data required time
                                             -1.743999   data arrival time
---------------------------------------------------------------------------------------------
                                              1.241275   slack (MET)


Startpoint: afull_thresh[1] (input port clocked by wr_clk)
Endpoint: _1197_ (rising edge-triggered flip-flop clocked by wr_clk)
Path Group: wr_clk
Path Type: min

Fanout         Cap        Slew       Delay        Time   Description
---------------------------------------------------------------------------------------------
                                  0.000000    0.000000   clock wr_clk (rise edge)
                                  0.000000    0.000000   clock network delay (propagated)
                                  1.500000    1.500000 ^ input external delay
     1    0.003432    0.025113    0.010157    1.510157 ^ afull_thresh[1] (in)
                                                         afull_thresh[1] (net)
                      0.025113    0.000000    1.510157 ^ input6/A (sky130_fd_sc_hd__clkdlybuf4s25_1)
     1    0.002221    0.040157    0.231457    1.741614 ^ input6/X (sky130_fd_sc_hd__clkdlybuf4s25_1)
                                                         net6 (net)
                      0.040157    0.000003    1.741617 ^ _1197_/D (sky130_fd_sc_hd__dfrtp_2)
                                              1.741617   data arrival time

                                  0.000000    0.000000   clock wr_clk (rise edge)
                                  0.000000    0.000000   clock source latency
     1    0.018723    0.000000    0.000000    0.000000 ^ wr_clk (in)
                                                         wr_clk (net)
                      0.001049    0.000525    0.000525 ^ clkbuf_0_wr_clk/A (sky130_fd_sc_hd__clkbuf_16)
    16    0.088820    0.105109    0.162823    0.163347 ^ clkbuf_0_wr_clk/X (sky130_fd_sc_hd__clkbuf_16)
                                                         clknet_0_wr_clk (net)
                      0.105110    0.000589    0.163936 ^ clkbuf_4_10_0_wr_clk/A (sky130_fd_sc_hd__clkbuf_8)
     2    0.017560    0.047565    0.150629    0.314565 ^ clkbuf_4_10_0_wr_clk/X (sky130_fd_sc_hd__clkbuf_8)
                                                         clknet_4_10_0_wr_clk (net)
                      0.047565    0.000089    0.314653 ^ clkbuf_5_20__f_wr_clk/A (sky130_fd_sc_hd__clkbuf_16)
     5    0.011913    0.034960    0.118653    0.433306 ^ clkbuf_5_20__f_wr_clk/X (sky130_fd_sc_hd__clkbuf_16)
                                                         clknet_5_20__leaf_wr_clk (net)
                      0.034960    0.000012    0.433318 ^ _1197_/CLK (sky130_fd_sc_hd__dfrtp_2)
                                  0.100000    0.533318   clock uncertainty
                                  0.000000    0.533318   clock reconvergence pessimism
                                 -0.035045    0.498274   library hold time
                                              0.498274   data required time
---------------------------------------------------------------------------------------------
                                              0.498274   data required time
                                             -1.741617   data arrival time
---------------------------------------------------------------------------------------------
                                              1.243343   slack (MET)


Startpoint: afull_thresh[0] (input port clocked by wr_clk)
Endpoint: _1196_ (rising edge-triggered flip-flop clocked by wr_clk)
Path Group: wr_clk
Path Type: min

Fanout         Cap        Slew       Delay        Time   Description
---------------------------------------------------------------------------------------------
                                  0.000000    0.000000   clock wr_clk (rise edge)
                                  0.000000    0.000000   clock network delay (propagated)
                                  1.500000    1.500000 ^ input external delay
     1    0.003362    0.024952    0.009967    1.509967 ^ afull_thresh[0] (in)
                                                         afull_thresh[0] (net)
                      0.024952    0.000000    1.509967 ^ input5/A (sky130_fd_sc_hd__clkdlybuf4s25_1)
     1    0.003096    0.046653    0.237975    1.747943 ^ input5/X (sky130_fd_sc_hd__clkdlybuf4s25_1)
                                                         net5 (net)
                      0.046653    0.000016    1.747958 ^ _1196_/D (sky130_fd_sc_hd__dfrtp_2)
                                              1.747958   data arrival time

                                  0.000000    0.000000   clock wr_clk (rise edge)
                                  0.000000    0.000000   clock source latency
     1    0.018723    0.000000    0.000000    0.000000 ^ wr_clk (in)
                                                         wr_clk (net)
                      0.001049    0.000525    0.000525 ^ clkbuf_0_wr_clk/A (sky130_fd_sc_hd__clkbuf_16)
    16    0.088820    0.105109    0.162823    0.163347 ^ clkbuf_0_wr_clk/X (sky130_fd_sc_hd__clkbuf_16)
                                                         clknet_0_wr_clk (net)
                      0.105110    0.000589    0.163936 ^ clkbuf_4_10_0_wr_clk/A (sky130_fd_sc_hd__clkbuf_8)
     2    0.017560    0.047565    0.150629    0.314565 ^ clkbuf_4_10_0_wr_clk/X (sky130_fd_sc_hd__clkbuf_8)
                                                         clknet_4_10_0_wr_clk (net)
                      0.047565    0.000089    0.314653 ^ clkbuf_5_20__f_wr_clk/A (sky130_fd_sc_hd__clkbuf_16)
     5    0.011913    0.034960    0.118653    0.433306 ^ clkbuf_5_20__f_wr_clk/X (sky130_fd_sc_hd__clkbuf_16)
                                                         clknet_5_20__leaf_wr_clk (net)
                      0.034960    0.000008    0.433314 ^ _1196_/CLK (sky130_fd_sc_hd__dfrtp_2)
                                  0.100000    0.533314   clock uncertainty
                                  0.000000    0.533314   clock reconvergence pessimism
                                 -0.036392    0.496922   library hold time
                                              0.496922   data required time
---------------------------------------------------------------------------------------------
                                              0.496922   data required time
                                             -1.747958   data arrival time
---------------------------------------------------------------------------------------------
                                              1.251036   slack (MET)


Startpoint: _1203_ (rising edge-triggered flip-flop clocked by rd_clk)
Endpoint: _1213_ (removal check against rising-edge clock rd_clk)
Path Group: asynchronous
Path Type: min

Fanout         Cap        Slew       Delay        Time   Description
---------------------------------------------------------------------------------------------
                                  0.000000    0.000000   clock rd_clk (rise edge)
                                  0.000000    0.000000   clock source latency
     1    0.011733    0.000000    0.000000    0.000000 ^ rd_clk (in)
                                                         rd_clk (net)
                      0.000281    0.000140    0.000140 ^ clkbuf_0_rd_clk/A (sky130_fd_sc_hd__clkbuf_16)
     4    0.035637    0.055921    0.123129    0.123269 ^ clkbuf_0_rd_clk/X (sky130_fd_sc_hd__clkbuf_16)
                                                         clknet_0_rd_clk (net)
                      0.055921    0.000153    0.123422 ^ clkbuf_2_3__f_rd_clk/A (sky130_fd_sc_hd__clkbuf_16)
     7    0.020291    0.042098    0.129718    0.253140 ^ clkbuf_2_3__f_rd_clk/X (sky130_fd_sc_hd__clkbuf_16)
                                                         clknet_2_3__leaf_rd_clk (net)
                      0.042098    0.000099    0.253239 ^ _1203_/CLK (sky130_fd_sc_hd__dfrtp_2)
     2    0.006595    0.056213    0.348068    0.601307 ^ _1203_/Q (sky130_fd_sc_hd__dfrtp_2)
                                                         u_rd_reset_sync.sync_ff2 (net)
                      0.056213    0.000013    0.601321 ^ fanout76/A (sky130_fd_sc_hd__clkdlybuf4s25_1)
     8    0.036394    0.366398    0.478048    1.079369 ^ fanout76/X (sky130_fd_sc_hd__clkdlybuf4s25_1)
                                                         net76 (net)
                      0.366398    0.000163    1.079532 ^ fanout75/A (sky130_fd_sc_hd__clkdlybuf4s25_1)
     6    0.025583    0.261521    0.477091    1.556623 ^ fanout75/X (sky130_fd_sc_hd__clkdlybuf4s25_1)
                                                         net75 (net)
                      0.261521    0.000077    1.556700 ^ fanout74/A (sky130_fd_sc_hd__clkdlybuf4s25_1)
     5    0.020145    0.212491    0.423377    1.980078 ^ fanout74/X (sky130_fd_sc_hd__clkdlybuf4s25_1)
                                                         net74 (net)
                      0.212491    0.000044    1.980122 ^ _1213_/RESET_B (sky130_fd_sc_hd__dfrtp_2)
                                              1.980122   data arrival time

                                  0.000000    0.000000   clock rd_clk (rise edge)
                                  0.000000    0.000000   clock source latency
     1    0.011733    0.000000    0.000000    0.000000 ^ rd_clk (in)
                                                         rd_clk (net)
                      0.000281    0.000140    0.000140 ^ clkbuf_0_rd_clk/A (sky130_fd_sc_hd__clkbuf_16)
     4    0.035637    0.055921    0.123129    0.123269 ^ clkbuf_0_rd_clk/X (sky130_fd_sc_hd__clkbuf_16)
                                                         clknet_0_rd_clk (net)
                      0.055921    0.000153    0.123422 ^ clkbuf_2_3__f_rd_clk/A (sky130_fd_sc_hd__clkbuf_16)
     7    0.020291    0.042098    0.129718    0.253140 ^ clkbuf_2_3__f_rd_clk/X (sky130_fd_sc_hd__clkbuf_16)
                                                         clknet_2_3__leaf_rd_clk (net)
                      0.042098    0.000147    0.253287 ^ _1213_/CLK (sky130_fd_sc_hd__dfrtp_2)
                                  0.100000    0.353287   clock uncertainty
                                  0.000000    0.353287   clock reconvergence pessimism
                                  0.365116    0.718403   library removal time
                                              0.718403   data required time
---------------------------------------------------------------------------------------------
                                              0.718403   data required time
                                             -1.980122   data arrival time
---------------------------------------------------------------------------------------------
                                              1.261719   slack (MET)


Startpoint: _1203_ (rising edge-triggered flip-flop clocked by rd_clk)
Endpoint: _1243_ (removal check against rising-edge clock rd_clk)
Path Group: asynchronous
Path Type: min

Fanout         Cap        Slew       Delay        Time   Description
---------------------------------------------------------------------------------------------
                                  0.000000    0.000000   clock rd_clk (rise edge)
                                  0.000000    0.000000   clock source latency
     1    0.011733    0.000000    0.000000    0.000000 ^ rd_clk (in)
                                                         rd_clk (net)
                      0.000281    0.000140    0.000140 ^ clkbuf_0_rd_clk/A (sky130_fd_sc_hd__clkbuf_16)
     4    0.035637    0.055921    0.123129    0.123269 ^ clkbuf_0_rd_clk/X (sky130_fd_sc_hd__clkbuf_16)
                                                         clknet_0_rd_clk (net)
                      0.055921    0.000153    0.123422 ^ clkbuf_2_3__f_rd_clk/A (sky130_fd_sc_hd__clkbuf_16)
     7    0.020291    0.042098    0.129718    0.253140 ^ clkbuf_2_3__f_rd_clk/X (sky130_fd_sc_hd__clkbuf_16)
                                                         clknet_2_3__leaf_rd_clk (net)
                      0.042098    0.000099    0.253239 ^ _1203_/CLK (sky130_fd_sc_hd__dfrtp_2)
     2    0.006595    0.056213    0.348068    0.601307 ^ _1203_/Q (sky130_fd_sc_hd__dfrtp_2)
                                                         u_rd_reset_sync.sync_ff2 (net)
                      0.056213    0.000013    0.601321 ^ fanout76/A (sky130_fd_sc_hd__clkdlybuf4s25_1)
     8    0.036394    0.366398    0.478048    1.079369 ^ fanout76/X (sky130_fd_sc_hd__clkdlybuf4s25_1)
                                                         net76 (net)
                      0.366398    0.000163    1.079532 ^ fanout75/A (sky130_fd_sc_hd__clkdlybuf4s25_1)
     6    0.025583    0.261521    0.477091    1.556623 ^ fanout75/X (sky130_fd_sc_hd__clkdlybuf4s25_1)
                                                         net75 (net)
                      0.261521    0.000077    1.556700 ^ fanout74/A (sky130_fd_sc_hd__clkdlybuf4s25_1)
     5    0.020145    0.212491    0.423377    1.980078 ^ fanout74/X (sky130_fd_sc_hd__clkdlybuf4s25_1)
                                                         net74 (net)
                      0.212491    0.000009    1.980087 ^ _1243_/RESET_B (sky130_fd_sc_hd__dfrtp_2)
                                              1.980087   data arrival time

                                  0.000000    0.000000   clock rd_clk (rise edge)
                                  0.000000    0.000000   clock source latency
     1    0.011733    0.000000    0.000000    0.000000 ^ rd_clk (in)
                                                         rd_clk (net)
                      0.000281    0.000140    0.000140 ^ clkbuf_0_rd_clk/A (sky130_fd_sc_hd__clkbuf_16)
     4    0.035637    0.055921    0.123129    0.123269 ^ clkbuf_0_rd_clk/X (sky130_fd_sc_hd__clkbuf_16)
                                                         clknet_0_rd_clk (net)
                      0.055921    0.000117    0.123386 ^ clkbuf_2_1__f_rd_clk/A (sky130_fd_sc_hd__clkbuf_16)
     7    0.017421    0.039652    0.126989    0.250375 ^ clkbuf_2_1__f_rd_clk/X (sky130_fd_sc_hd__clkbuf_16)
                                                         clknet_2_1__leaf_rd_clk (net)
                      0.039652    0.000013    0.250388 ^ _1243_/CLK (sky130_fd_sc_hd__dfrtp_2)
                                  0.100000    0.350388   clock uncertainty
                                  0.000000    0.350388   clock reconvergence pessimism
                                  0.364445    0.714832   library removal time
                                              0.714832   data required time
---------------------------------------------------------------------------------------------
                                              0.714832   data required time
                                             -1.980087   data arrival time
---------------------------------------------------------------------------------------------
                                              1.265254   slack (MET)


Startpoint: _1203_ (rising edge-triggered flip-flop clocked by rd_clk)
Endpoint: _1237_ (removal check against rising-edge clock rd_clk)
Path Group: asynchronous
Path Type: min

Fanout         Cap        Slew       Delay        Time   Description
---------------------------------------------------------------------------------------------
                                  0.000000    0.000000   clock rd_clk (rise edge)
                                  0.000000    0.000000   clock source latency
     1    0.011733    0.000000    0.000000    0.000000 ^ rd_clk (in)
                                                         rd_clk (net)
                      0.000281    0.000140    0.000140 ^ clkbuf_0_rd_clk/A (sky130_fd_sc_hd__clkbuf_16)
     4    0.035637    0.055921    0.123129    0.123269 ^ clkbuf_0_rd_clk/X (sky130_fd_sc_hd__clkbuf_16)
                                                         clknet_0_rd_clk (net)
                      0.055921    0.000153    0.123422 ^ clkbuf_2_3__f_rd_clk/A (sky130_fd_sc_hd__clkbuf_16)
     7    0.020291    0.042098    0.129718    0.253140 ^ clkbuf_2_3__f_rd_clk/X (sky130_fd_sc_hd__clkbuf_16)
                                                         clknet_2_3__leaf_rd_clk (net)
                      0.042098    0.000099    0.253239 ^ _1203_/CLK (sky130_fd_sc_hd__dfrtp_2)
     2    0.006595    0.056213    0.348068    0.601307 ^ _1203_/Q (sky130_fd_sc_hd__dfrtp_2)
                                                         u_rd_reset_sync.sync_ff2 (net)
                      0.056213    0.000013    0.601321 ^ fanout76/A (sky130_fd_sc_hd__clkdlybuf4s25_1)
     8    0.036394    0.366398    0.478048    1.079369 ^ fanout76/X (sky130_fd_sc_hd__clkdlybuf4s25_1)
                                                         net76 (net)
                      0.366398    0.000163    1.079532 ^ fanout75/A (sky130_fd_sc_hd__clkdlybuf4s25_1)
     6    0.025583    0.261521    0.477091    1.556623 ^ fanout75/X (sky130_fd_sc_hd__clkdlybuf4s25_1)
                                                         net75 (net)
                      0.261521    0.000077    1.556700 ^ fanout74/A (sky130_fd_sc_hd__clkdlybuf4s25_1)
     5    0.020145    0.212491    0.423377    1.980078 ^ fanout74/X (sky130_fd_sc_hd__clkdlybuf4s25_1)
                                                         net74 (net)
                      0.212491    0.000086    1.980164 ^ _1237_/RESET_B (sky130_fd_sc_hd__dfrtp_2)
                                              1.980164   data arrival time

                                  0.000000    0.000000   clock rd_clk (rise edge)
                                  0.000000    0.000000   clock source latency
     1    0.011733    0.000000    0.000000    0.000000 ^ rd_clk (in)
                                                         rd_clk (net)
                      0.000281    0.000140    0.000140 ^ clkbuf_0_rd_clk/A (sky130_fd_sc_hd__clkbuf_16)
     4    0.035637    0.055921    0.123129    0.123269 ^ clkbuf_0_rd_clk/X (sky130_fd_sc_hd__clkbuf_16)
                                                         clknet_0_rd_clk (net)
                      0.055921    0.000117    0.123386 ^ clkbuf_2_1__f_rd_clk/A (sky130_fd_sc_hd__clkbuf_16)
     7    0.017421    0.039652    0.126989    0.250375 ^ clkbuf_2_1__f_rd_clk/X (sky130_fd_sc_hd__clkbuf_16)
                                                         clknet_2_1__leaf_rd_clk (net)
                      0.039652    0.000056    0.250431 ^ _1237_/CLK (sky130_fd_sc_hd__dfrtp_2)
                                  0.100000    0.350431   clock uncertainty
                                  0.000000    0.350431   clock reconvergence pessimism
                                  0.364445    0.714876   library removal time
                                              0.714876   data required time
---------------------------------------------------------------------------------------------
                                              0.714876   data required time
                                             -1.980164   data arrival time
---------------------------------------------------------------------------------------------
                                              1.265288   slack (MET)


Startpoint: aempty_thresh[0] (input port clocked by rd_clk)
Endpoint: _1191_ (rising edge-triggered flip-flop clocked by rd_clk)
Path Group: rd_clk
Path Type: min

Fanout         Cap        Slew       Delay        Time   Description
---------------------------------------------------------------------------------------------
                                  0.000000    0.000000   clock rd_clk (rise edge)
                                  0.000000    0.000000   clock network delay (propagated)
                                  1.500000    1.500000 v input external delay
     1    0.003608    0.024615    0.009597    1.509597 v aempty_thresh[0] (in)
                                                         aempty_thresh[0] (net)
                      0.024615    0.000000    1.509597 v input1/A (sky130_fd_sc_hd__clkdlybuf4s25_1)
     1    0.002294    0.037745    0.228661    1.738258 v input1/X (sky130_fd_sc_hd__clkdlybuf4s25_1)
                                                         net1 (net)
                      0.037745    0.000004    1.738262 v _1191_/D (sky130_fd_sc_hd__dfrtp_2)
                                              1.738262   data arrival time

                                  0.000000    0.000000   clock rd_clk (rise edge)
                                  0.000000    0.000000   clock source latency
     1    0.011733    0.000000    0.000000    0.000000 ^ rd_clk (in)
                                                         rd_clk (net)
                      0.000281    0.000140    0.000140 ^ clkbuf_0_rd_clk/A (sky130_fd_sc_hd__clkbuf_16)
     4    0.035637    0.055921    0.123129    0.123269 ^ clkbuf_0_rd_clk/X (sky130_fd_sc_hd__clkbuf_16)
                                                         clknet_0_rd_clk (net)
                      0.055921    0.000164    0.123433 ^ clkbuf_2_2__f_rd_clk/A (sky130_fd_sc_hd__clkbuf_16)
     8    0.023350    0.044770    0.132669    0.256103 ^ clkbuf_2_2__f_rd_clk/X (sky130_fd_sc_hd__clkbuf_16)
                                                         clknet_2_2__leaf_rd_clk (net)
                      0.044770    0.000095    0.256198 ^ _1191_/CLK (sky130_fd_sc_hd__dfrtp_2)
                                  0.100000    0.356198   clock uncertainty
                                  0.000000    0.356198   clock reconvergence pessimism
                                 -0.039212    0.316986   library hold time
                                              0.316986   data required time
---------------------------------------------------------------------------------------------
                                              0.316986   data required time
                                             -1.738262   data arrival time
---------------------------------------------------------------------------------------------
                                              1.421276   slack (MET)


Startpoint: aempty_thresh[3] (input port clocked by rd_clk)
Endpoint: _1194_ (rising edge-triggered flip-flop clocked by rd_clk)
Path Group: rd_clk
Path Type: min

Fanout         Cap        Slew       Delay        Time   Description
---------------------------------------------------------------------------------------------
                                  0.000000    0.000000   clock rd_clk (rise edge)
                                  0.000000    0.000000   clock network delay (propagated)
                                  1.500000    1.500000 ^ input external delay
     1    0.002937    0.023966    0.008806    1.508806 ^ aempty_thresh[3] (in)
                                                         aempty_thresh[3] (net)
                      0.023966    0.000000    1.508806 ^ input4/A (sky130_fd_sc_hd__clkdlybuf4s25_1)
     1    0.002361    0.041462    0.232108    1.740914 ^ input4/X (sky130_fd_sc_hd__clkdlybuf4s25_1)
                                                         net4 (net)
                      0.041462    0.000004    1.740919 ^ _1194_/D (sky130_fd_sc_hd__dfrtp_2)
                                              1.740919   data arrival time

                                  0.000000    0.000000   clock rd_clk (rise edge)
                                  0.000000    0.000000   clock source latency
     1    0.011733    0.000000    0.000000    0.000000 ^ rd_clk (in)
                                                         rd_clk (net)
                      0.000281    0.000140    0.000140 ^ clkbuf_0_rd_clk/A (sky130_fd_sc_hd__clkbuf_16)
     4    0.035637    0.055921    0.123129    0.123269 ^ clkbuf_0_rd_clk/X (sky130_fd_sc_hd__clkbuf_16)
                                                         clknet_0_rd_clk (net)
                      0.055921    0.000153    0.123422 ^ clkbuf_2_3__f_rd_clk/A (sky130_fd_sc_hd__clkbuf_16)
     7    0.020291    0.042098    0.129718    0.253140 ^ clkbuf_2_3__f_rd_clk/X (sky130_fd_sc_hd__clkbuf_16)
                                                         clknet_2_3__leaf_rd_clk (net)
                      0.042098    0.000079    0.253219 ^ _1194_/CLK (sky130_fd_sc_hd__dfrtp_2)
                                  0.100000    0.353219   clock uncertainty
                                  0.000000    0.353219   clock reconvergence pessimism
                                 -0.034341    0.318879   library hold time
                                              0.318879   data required time
---------------------------------------------------------------------------------------------
                                              0.318879   data required time
                                             -1.740919   data arrival time
---------------------------------------------------------------------------------------------
                                              1.422040   slack (MET)


Startpoint: aempty_thresh[2] (input port clocked by rd_clk)
Endpoint: _1193_ (rising edge-triggered flip-flop clocked by rd_clk)
Path Group: rd_clk
Path Type: min

Fanout         Cap        Slew       Delay        Time   Description
---------------------------------------------------------------------------------------------
                                  0.000000    0.000000   clock rd_clk (rise edge)
                                  0.000000    0.000000   clock network delay (propagated)
                                  1.500000    1.500000 ^ input external delay
     1    0.003410    0.025063    0.010098    1.510098 ^ aempty_thresh[2] (in)
                                                         aempty_thresh[2] (net)
                      0.025063    0.000000    1.510098 ^ input3/A (sky130_fd_sc_hd__clkdlybuf4s25_1)
     1    0.002805    0.045590    0.235830    1.745928 ^ input3/X (sky130_fd_sc_hd__clkdlybuf4s25_1)
                                                         net3 (net)
                      0.045590    0.000011    1.745939 ^ _1193_/D (sky130_fd_sc_hd__dfrtp_2)
                                              1.745939   data arrival time

                                  0.000000    0.000000   clock rd_clk (rise edge)
                                  0.000000    0.000000   clock source latency
     1    0.011733    0.000000    0.000000    0.000000 ^ rd_clk (in)
                                                         rd_clk (net)
                      0.000281    0.000140    0.000140 ^ clkbuf_0_rd_clk/A (sky130_fd_sc_hd__clkbuf_16)
     4    0.035637    0.055921    0.123129    0.123269 ^ clkbuf_0_rd_clk/X (sky130_fd_sc_hd__clkbuf_16)
                                                         clknet_0_rd_clk (net)
                      0.055921    0.000164    0.123433 ^ clkbuf_2_2__f_rd_clk/A (sky130_fd_sc_hd__clkbuf_16)
     8    0.023350    0.044770    0.132669    0.256103 ^ clkbuf_2_2__f_rd_clk/X (sky130_fd_sc_hd__clkbuf_16)
                                                         clknet_2_2__leaf_rd_clk (net)
                      0.044770    0.000066    0.256168 ^ _1193_/CLK (sky130_fd_sc_hd__dfrtp_2)
                                  0.100000    0.356168   clock uncertainty
                                  0.000000    0.356168   clock reconvergence pessimism
                                 -0.034831    0.321338   library hold time
                                              0.321338   data required time
---------------------------------------------------------------------------------------------
                                              0.321338   data required time
                                             -1.745939   data arrival time
---------------------------------------------------------------------------------------------
                                              1.424601   slack (MET)


Startpoint: aempty_thresh[1] (input port clocked by rd_clk)
Endpoint: _1192_ (rising edge-triggered flip-flop clocked by rd_clk)
Path Group: rd_clk
Path Type: min

Fanout         Cap        Slew       Delay        Time   Description
---------------------------------------------------------------------------------------------
                                  0.000000    0.000000   clock rd_clk (rise edge)
                                  0.000000    0.000000   clock network delay (propagated)
                                  1.500000    1.500000 ^ input external delay
     1    0.003568    0.025429    0.010528    1.510528 ^ aempty_thresh[1] (in)
                                                         aempty_thresh[1] (net)
                      0.025429    0.000000    1.510528 ^ input2/A (sky130_fd_sc_hd__clkdlybuf4s25_1)
     1    0.003096    0.046652    0.238143    1.748671 ^ input2/X (sky130_fd_sc_hd__clkdlybuf4s25_1)
                                                         net2 (net)
                      0.046652    0.000016    1.748687 ^ _1192_/D (sky130_fd_sc_hd__dfrtp_2)
                                              1.748687   data arrival time

                                  0.000000    0.000000   clock rd_clk (rise edge)
                                  0.000000    0.000000   clock source latency
     1    0.011733    0.000000    0.000000    0.000000 ^ rd_clk (in)
                                                         rd_clk (net)
                      0.000281    0.000140    0.000140 ^ clkbuf_0_rd_clk/A (sky130_fd_sc_hd__clkbuf_16)
     4    0.035637    0.055921    0.123129    0.123269 ^ clkbuf_0_rd_clk/X (sky130_fd_sc_hd__clkbuf_16)
                                                         clknet_0_rd_clk (net)
                      0.055921    0.000164    0.123433 ^ clkbuf_2_2__f_rd_clk/A (sky130_fd_sc_hd__clkbuf_16)
     8    0.023350    0.044770    0.132669    0.256103 ^ clkbuf_2_2__f_rd_clk/X (sky130_fd_sc_hd__clkbuf_16)
                                                         clknet_2_2__leaf_rd_clk (net)
                      0.044770    0.000090    0.256193 ^ _1192_/CLK (sky130_fd_sc_hd__dfrtp_2)
                                  0.100000    0.356193   clock uncertainty
                                  0.000000    0.356193   clock reconvergence pessimism
                                 -0.035051    0.321142   library hold time
                                              0.321142   data required time
---------------------------------------------------------------------------------------------
                                              0.321142   data required time
                                             -1.748687   data arrival time
---------------------------------------------------------------------------------------------
                                              1.427545   slack (MET)


Startpoint: _1203_ (rising edge-triggered flip-flop clocked by rd_clk)
Endpoint: _1238_ (removal check against rising-edge clock rd_clk)
Path Group: asynchronous
Path Type: min

Fanout         Cap        Slew       Delay        Time   Description
---------------------------------------------------------------------------------------------
                                  0.000000    0.000000   clock rd_clk (rise edge)
                                  0.000000    0.000000   clock source latency
     1    0.011733    0.000000    0.000000    0.000000 ^ rd_clk (in)
                                                         rd_clk (net)
                      0.000281    0.000140    0.000140 ^ clkbuf_0_rd_clk/A (sky130_fd_sc_hd__clkbuf_16)
     4    0.035637    0.055921    0.123129    0.123269 ^ clkbuf_0_rd_clk/X (sky130_fd_sc_hd__clkbuf_16)
                                                         clknet_0_rd_clk (net)
                      0.055921    0.000153    0.123422 ^ clkbuf_2_3__f_rd_clk/A (sky130_fd_sc_hd__clkbuf_16)
     7    0.020291    0.042098    0.129718    0.253140 ^ clkbuf_2_3__f_rd_clk/X (sky130_fd_sc_hd__clkbuf_16)
                                                         clknet_2_3__leaf_rd_clk (net)
                      0.042098    0.000099    0.253239 ^ _1203_/CLK (sky130_fd_sc_hd__dfrtp_2)
     2    0.006595    0.056213    0.348068    0.601307 ^ _1203_/Q (sky130_fd_sc_hd__dfrtp_2)
                                                         u_rd_reset_sync.sync_ff2 (net)
                      0.056213    0.000013    0.601321 ^ fanout76/A (sky130_fd_sc_hd__clkdlybuf4s25_1)
     8    0.036394    0.366398    0.478048    1.079369 ^ fanout76/X (sky130_fd_sc_hd__clkdlybuf4s25_1)
                                                         net76 (net)
                      0.366398    0.000163    1.079532 ^ fanout75/A (sky130_fd_sc_hd__clkdlybuf4s25_1)
     6    0.025583    0.261521    0.477091    1.556623 ^ fanout75/X (sky130_fd_sc_hd__clkdlybuf4s25_1)
                                                         net75 (net)
                      0.261521    0.000077    1.556700 ^ fanout74/A (sky130_fd_sc_hd__clkdlybuf4s25_1)
     5    0.020145    0.212491    0.423377    1.980078 ^ fanout74/X (sky130_fd_sc_hd__clkdlybuf4s25_1)
                                                         net74 (net)
                      0.212491    0.000060    1.980137 ^ _1238_/SET_B (sky130_fd_sc_hd__dfstp_2)
                                              1.980137   data arrival time

                                  0.000000    0.000000   clock rd_clk (rise edge)
                                  0.000000    0.000000   clock source latency
     1    0.011733    0.000000    0.000000    0.000000 ^ rd_clk (in)
                                                         rd_clk (net)
                      0.000281    0.000140    0.000140 ^ clkbuf_0_rd_clk/A (sky130_fd_sc_hd__clkbuf_16)
     4    0.035637    0.055921    0.123129    0.123269 ^ clkbuf_0_rd_clk/X (sky130_fd_sc_hd__clkbuf_16)
                                                         clknet_0_rd_clk (net)
                      0.055921    0.000117    0.123386 ^ clkbuf_2_1__f_rd_clk/A (sky130_fd_sc_hd__clkbuf_16)
     7    0.017421    0.039652    0.126989    0.250375 ^ clkbuf_2_1__f_rd_clk/X (sky130_fd_sc_hd__clkbuf_16)
                                                         clknet_2_1__leaf_rd_clk (net)
                      0.039652    0.000022    0.250397 ^ _1238_/CLK (sky130_fd_sc_hd__dfstp_2)
                                  0.100000    0.350397   clock uncertainty
                                  0.000000    0.350397   clock reconvergence pessimism
                                  0.139902    0.490298   library removal time
                                              0.490298   data required time
---------------------------------------------------------------------------------------------
                                              0.490298   data required time
                                             -1.980137   data arrival time
---------------------------------------------------------------------------------------------
                                              1.489839   slack (MET)


Startpoint: _1203_ (rising edge-triggered flip-flop clocked by rd_clk)
Endpoint: _1236_ (removal check against rising-edge clock rd_clk)
Path Group: asynchronous
Path Type: min

Fanout         Cap        Slew       Delay        Time   Description
---------------------------------------------------------------------------------------------
                                  0.000000    0.000000   clock rd_clk (rise edge)
                                  0.000000    0.000000   clock source latency
     1    0.011733    0.000000    0.000000    0.000000 ^ rd_clk (in)
                                                         rd_clk (net)
                      0.000281    0.000140    0.000140 ^ clkbuf_0_rd_clk/A (sky130_fd_sc_hd__clkbuf_16)
     4    0.035637    0.055921    0.123129    0.123269 ^ clkbuf_0_rd_clk/X (sky130_fd_sc_hd__clkbuf_16)
                                                         clknet_0_rd_clk (net)
                      0.055921    0.000153    0.123422 ^ clkbuf_2_3__f_rd_clk/A (sky130_fd_sc_hd__clkbuf_16)
     7    0.020291    0.042098    0.129718    0.253140 ^ clkbuf_2_3__f_rd_clk/X (sky130_fd_sc_hd__clkbuf_16)
                                                         clknet_2_3__leaf_rd_clk (net)
                      0.042098    0.000099    0.253239 ^ _1203_/CLK (sky130_fd_sc_hd__dfrtp_2)
     2    0.006595    0.056213    0.348068    0.601307 ^ _1203_/Q (sky130_fd_sc_hd__dfrtp_2)
                                                         u_rd_reset_sync.sync_ff2 (net)
                      0.056213    0.000013    0.601321 ^ fanout76/A (sky130_fd_sc_hd__clkdlybuf4s25_1)
     8    0.036394    0.366398    0.478048    1.079369 ^ fanout76/X (sky130_fd_sc_hd__clkdlybuf4s25_1)
                                                         net76 (net)
                      0.366398    0.000163    1.079532 ^ fanout75/A (sky130_fd_sc_hd__clkdlybuf4s25_1)
     6    0.025583    0.261521    0.477091    1.556623 ^ fanout75/X (sky130_fd_sc_hd__clkdlybuf4s25_1)
                                                         net75 (net)
                      0.261521    0.000077    1.556700 ^ fanout74/A (sky130_fd_sc_hd__clkdlybuf4s25_1)
     5    0.020145    0.212491    0.423377    1.980078 ^ fanout74/X (sky130_fd_sc_hd__clkdlybuf4s25_1)
                                                         net74 (net)
                      0.212491    0.000042    1.980120 ^ fanout73/A (sky130_fd_sc_hd__clkdlybuf4s25_1)
     8    0.032957    0.333496    0.499129    2.479249 ^ fanout73/X (sky130_fd_sc_hd__clkdlybuf4s25_1)
                                                         net73 (net)
                      0.333496    0.000235    2.479484 ^ _1236_/RESET_B (sky130_fd_sc_hd__dfrtp_2)
                                              2.479484   data arrival time

                                  0.000000    0.000000   clock rd_clk (rise edge)
                                  0.000000    0.000000   clock source latency
     1    0.011733    0.000000    0.000000    0.000000 ^ rd_clk (in)
                                                         rd_clk (net)
                      0.000281    0.000140    0.000140 ^ clkbuf_0_rd_clk/A (sky130_fd_sc_hd__clkbuf_16)
     4    0.035637    0.055921    0.123129    0.123269 ^ clkbuf_0_rd_clk/X (sky130_fd_sc_hd__clkbuf_16)
                                                         clknet_0_rd_clk (net)
                      0.055921    0.000153    0.123422 ^ clkbuf_2_3__f_rd_clk/A (sky130_fd_sc_hd__clkbuf_16)
     7    0.020291    0.042098    0.129718    0.253140 ^ clkbuf_2_3__f_rd_clk/X (sky130_fd_sc_hd__clkbuf_16)
                                                         clknet_2_3__leaf_rd_clk (net)
                      0.042098    0.000162    0.253302 ^ _1236_/CLK (sky130_fd_sc_hd__dfrtp_2)
                                  0.100000    0.353302   clock uncertainty
                                  0.000000    0.353302   clock reconvergence pessimism
                                  0.398107    0.751409   library removal time
                                              0.751409   data required time
---------------------------------------------------------------------------------------------
                                              0.751409   data required time
                                             -2.479484   data arrival time
---------------------------------------------------------------------------------------------
                                              1.728076   slack (MET)


Startpoint: _1203_ (rising edge-triggered flip-flop clocked by rd_clk)
Endpoint: _1212_ (removal check against rising-edge clock rd_clk)
Path Group: asynchronous
Path Type: min

Fanout         Cap        Slew       Delay        Time   Description
---------------------------------------------------------------------------------------------
                                  0.000000    0.000000   clock rd_clk (rise edge)
                                  0.000000    0.000000   clock source latency
     1    0.011733    0.000000    0.000000    0.000000 ^ rd_clk (in)
                                                         rd_clk (net)
                      0.000281    0.000140    0.000140 ^ clkbuf_0_rd_clk/A (sky130_fd_sc_hd__clkbuf_16)
     4    0.035637    0.055921    0.123129    0.123269 ^ clkbuf_0_rd_clk/X (sky130_fd_sc_hd__clkbuf_16)
                                                         clknet_0_rd_clk (net)
                      0.055921    0.000153    0.123422 ^ clkbuf_2_3__f_rd_clk/A (sky130_fd_sc_hd__clkbuf_16)
     7    0.020291    0.042098    0.129718    0.253140 ^ clkbuf_2_3__f_rd_clk/X (sky130_fd_sc_hd__clkbuf_16)
                                                         clknet_2_3__leaf_rd_clk (net)
                      0.042098    0.000099    0.253239 ^ _1203_/CLK (sky130_fd_sc_hd__dfrtp_2)
     2    0.006595    0.056213    0.348068    0.601307 ^ _1203_/Q (sky130_fd_sc_hd__dfrtp_2)
                                                         u_rd_reset_sync.sync_ff2 (net)
                      0.056213    0.000013    0.601321 ^ fanout76/A (sky130_fd_sc_hd__clkdlybuf4s25_1)
     8    0.036394    0.366398    0.478048    1.079369 ^ fanout76/X (sky130_fd_sc_hd__clkdlybuf4s25_1)
                                                         net76 (net)
                      0.366398    0.000163    1.079532 ^ fanout75/A (sky130_fd_sc_hd__clkdlybuf4s25_1)
     6    0.025583    0.261521    0.477091    1.556623 ^ fanout75/X (sky130_fd_sc_hd__clkdlybuf4s25_1)
                                                         net75 (net)
                      0.261521    0.000077    1.556700 ^ fanout74/A (sky130_fd_sc_hd__clkdlybuf4s25_1)
     5    0.020145    0.212491    0.423377    1.980078 ^ fanout74/X (sky130_fd_sc_hd__clkdlybuf4s25_1)
                                                         net74 (net)
                      0.212491    0.000042    1.980120 ^ fanout73/A (sky130_fd_sc_hd__clkdlybuf4s25_1)
     8    0.032957    0.333496    0.499129    2.479249 ^ fanout73/X (sky130_fd_sc_hd__clkdlybuf4s25_1)
                                                         net73 (net)
                      0.333496    0.000202    2.479452 ^ _1212_/RESET_B (sky130_fd_sc_hd__dfrtp_2)
                                              2.479452   data arrival time

                                  0.000000    0.000000   clock rd_clk (rise edge)
                                  0.000000    0.000000   clock source latency
     1    0.011733    0.000000    0.000000    0.000000 ^ rd_clk (in)
                                                         rd_clk (net)
                      0.000281    0.000140    0.000140 ^ clkbuf_0_rd_clk/A (sky130_fd_sc_hd__clkbuf_16)
     4    0.035637    0.055921    0.123129    0.123269 ^ clkbuf_0_rd_clk/X (sky130_fd_sc_hd__clkbuf_16)
                                                         clknet_0_rd_clk (net)
                      0.055921    0.000105    0.123374 ^ clkbuf_2_0__f_rd_clk/A (sky130_fd_sc_hd__clkbuf_16)
     8    0.019761    0.041646    0.129218    0.252593 ^ clkbuf_2_0__f_rd_clk/X (sky130_fd_sc_hd__clkbuf_16)
                                                         clknet_2_0__leaf_rd_clk (net)
                      0.041646    0.000100    0.252693 ^ _1212_/CLK (sky130_fd_sc_hd__dfrtp_2)
                                  0.100000    0.352693   clock uncertainty
                                  0.000000    0.352693   clock reconvergence pessimism
                                  0.397983    0.750676   library removal time
                                              0.750676   data required time
---------------------------------------------------------------------------------------------
                                              0.750676   data required time
                                             -2.479452   data arrival time
---------------------------------------------------------------------------------------------
                                              1.728776   slack (MET)


Startpoint: _1203_ (rising edge-triggered flip-flop clocked by rd_clk)
Endpoint: _1207_ (removal check against rising-edge clock rd_clk)
Path Group: asynchronous
Path Type: min

Fanout         Cap        Slew       Delay        Time   Description
---------------------------------------------------------------------------------------------
                                  0.000000    0.000000   clock rd_clk (rise edge)
                                  0.000000    0.000000   clock source latency
     1    0.011733    0.000000    0.000000    0.000000 ^ rd_clk (in)
                                                         rd_clk (net)
                      0.000281    0.000140    0.000140 ^ clkbuf_0_rd_clk/A (sky130_fd_sc_hd__clkbuf_16)
     4    0.035637    0.055921    0.123129    0.123269 ^ clkbuf_0_rd_clk/X (sky130_fd_sc_hd__clkbuf_16)
                                                         clknet_0_rd_clk (net)
                      0.055921    0.000153    0.123422 ^ clkbuf_2_3__f_rd_clk/A (sky130_fd_sc_hd__clkbuf_16)
     7    0.020291    0.042098    0.129718    0.253140 ^ clkbuf_2_3__f_rd_clk/X (sky130_fd_sc_hd__clkbuf_16)
                                                         clknet_2_3__leaf_rd_clk (net)
                      0.042098    0.000099    0.253239 ^ _1203_/CLK (sky130_fd_sc_hd__dfrtp_2)
     2    0.006595    0.056213    0.348068    0.601307 ^ _1203_/Q (sky130_fd_sc_hd__dfrtp_2)
                                                         u_rd_reset_sync.sync_ff2 (net)
                      0.056213    0.000013    0.601321 ^ fanout76/A (sky130_fd_sc_hd__clkdlybuf4s25_1)
     8    0.036394    0.366398    0.478048    1.079369 ^ fanout76/X (sky130_fd_sc_hd__clkdlybuf4s25_1)
                                                         net76 (net)
                      0.366398    0.000163    1.079532 ^ fanout75/A (sky130_fd_sc_hd__clkdlybuf4s25_1)
     6    0.025583    0.261521    0.477091    1.556623 ^ fanout75/X (sky130_fd_sc_hd__clkdlybuf4s25_1)
                                                         net75 (net)
                      0.261521    0.000077    1.556700 ^ fanout74/A (sky130_fd_sc_hd__clkdlybuf4s25_1)
     5    0.020145    0.212491    0.423377    1.980078 ^ fanout74/X (sky130_fd_sc_hd__clkdlybuf4s25_1)
                                                         net74 (net)
                      0.212491    0.000042    1.980120 ^ fanout73/A (sky130_fd_sc_hd__clkdlybuf4s25_1)
     8    0.032957    0.333496    0.499129    2.479249 ^ fanout73/X (sky130_fd_sc_hd__clkdlybuf4s25_1)
                                                         net73 (net)
                      0.333496    0.000235    2.479484 ^ _1207_/RESET_B (sky130_fd_sc_hd__dfrtp_2)
                                              2.479484   data arrival time

                                  0.000000    0.000000   clock rd_clk (rise edge)
                                  0.000000    0.000000   clock source latency
     1    0.011733    0.000000    0.000000    0.000000 ^ rd_clk (in)
                                                         rd_clk (net)
                      0.000281    0.000140    0.000140 ^ clkbuf_0_rd_clk/A (sky130_fd_sc_hd__clkbuf_16)
     4    0.035637    0.055921    0.123129    0.123269 ^ clkbuf_0_rd_clk/X (sky130_fd_sc_hd__clkbuf_16)
                                                         clknet_0_rd_clk (net)
                      0.055921    0.000105    0.123374 ^ clkbuf_2_0__f_rd_clk/A (sky130_fd_sc_hd__clkbuf_16)
     8    0.019761    0.041646    0.129218    0.252593 ^ clkbuf_2_0__f_rd_clk/X (sky130_fd_sc_hd__clkbuf_16)
                                                         clknet_2_0__leaf_rd_clk (net)
                      0.041646    0.000097    0.252690 ^ _1207_/CLK (sky130_fd_sc_hd__dfrtp_2)
                                  0.100000    0.352690   clock uncertainty
                                  0.000000    0.352690   clock reconvergence pessimism
                                  0.397983    0.750673   library removal time
                                              0.750673   data required time
---------------------------------------------------------------------------------------------
                                              0.750673   data required time
                                             -2.479484   data arrival time
---------------------------------------------------------------------------------------------
                                              1.728811   slack (MET)


Startpoint: _1203_ (rising edge-triggered flip-flop clocked by rd_clk)
Endpoint: _1208_ (removal check against rising-edge clock rd_clk)
Path Group: asynchronous
Path Type: min

Fanout         Cap        Slew       Delay        Time   Description
---------------------------------------------------------------------------------------------
                                  0.000000    0.000000   clock rd_clk (rise edge)
                                  0.000000    0.000000   clock source latency
     1    0.011733    0.000000    0.000000    0.000000 ^ rd_clk (in)
                                                         rd_clk (net)
                      0.000281    0.000140    0.000140 ^ clkbuf_0_rd_clk/A (sky130_fd_sc_hd__clkbuf_16)
     4    0.035637    0.055921    0.123129    0.123269 ^ clkbuf_0_rd_clk/X (sky130_fd_sc_hd__clkbuf_16)
                                                         clknet_0_rd_clk (net)
                      0.055921    0.000153    0.123422 ^ clkbuf_2_3__f_rd_clk/A (sky130_fd_sc_hd__clkbuf_16)
     7    0.020291    0.042098    0.129718    0.253140 ^ clkbuf_2_3__f_rd_clk/X (sky130_fd_sc_hd__clkbuf_16)
                                                         clknet_2_3__leaf_rd_clk (net)
                      0.042098    0.000099    0.253239 ^ _1203_/CLK (sky130_fd_sc_hd__dfrtp_2)
     2    0.006595    0.056213    0.348068    0.601307 ^ _1203_/Q (sky130_fd_sc_hd__dfrtp_2)
                                                         u_rd_reset_sync.sync_ff2 (net)
                      0.056213    0.000013    0.601321 ^ fanout76/A (sky130_fd_sc_hd__clkdlybuf4s25_1)
     8    0.036394    0.366398    0.478048    1.079369 ^ fanout76/X (sky130_fd_sc_hd__clkdlybuf4s25_1)
                                                         net76 (net)
                      0.366398    0.000163    1.079532 ^ fanout75/A (sky130_fd_sc_hd__clkdlybuf4s25_1)
     6    0.025583    0.261521    0.477091    1.556623 ^ fanout75/X (sky130_fd_sc_hd__clkdlybuf4s25_1)
                                                         net75 (net)
                      0.261521    0.000077    1.556700 ^ fanout74/A (sky130_fd_sc_hd__clkdlybuf4s25_1)
     5    0.020145    0.212491    0.423377    1.980078 ^ fanout74/X (sky130_fd_sc_hd__clkdlybuf4s25_1)
                                                         net74 (net)
                      0.212491    0.000042    1.980120 ^ fanout73/A (sky130_fd_sc_hd__clkdlybuf4s25_1)
     8    0.032957    0.333496    0.499129    2.479249 ^ fanout73/X (sky130_fd_sc_hd__clkdlybuf4s25_1)
                                                         net73 (net)
                      0.333496    0.000236    2.479485 ^ _1208_/RESET_B (sky130_fd_sc_hd__dfrtp_2)
                                              2.479485   data arrival time

                                  0.000000    0.000000   clock rd_clk (rise edge)
                                  0.000000    0.000000   clock source latency
     1    0.011733    0.000000    0.000000    0.000000 ^ rd_clk (in)
                                                         rd_clk (net)
                      0.000281    0.000140    0.000140 ^ clkbuf_0_rd_clk/A (sky130_fd_sc_hd__clkbuf_16)
     4    0.035637    0.055921    0.123129    0.123269 ^ clkbuf_0_rd_clk/X (sky130_fd_sc_hd__clkbuf_16)
                                                         clknet_0_rd_clk (net)
                      0.055921    0.000105    0.123374 ^ clkbuf_2_0__f_rd_clk/A (sky130_fd_sc_hd__clkbuf_16)
     8    0.019761    0.041646    0.129218    0.252593 ^ clkbuf_2_0__f_rd_clk/X (sky130_fd_sc_hd__clkbuf_16)
                                                         clknet_2_0__leaf_rd_clk (net)
                      0.041646    0.000089    0.252682 ^ _1208_/CLK (sky130_fd_sc_hd__dfrtp_2)
                                  0.100000    0.352682   clock uncertainty
                                  0.000000    0.352682   clock reconvergence pessimism
                                  0.397983    0.750665   library removal time
                                              0.750665   data required time
---------------------------------------------------------------------------------------------
                                              0.750665   data required time
                                             -2.479485   data arrival time
---------------------------------------------------------------------------------------------
                                              1.728820   slack (MET)


Startpoint: _1203_ (rising edge-triggered flip-flop clocked by rd_clk)
Endpoint: _1210_ (removal check against rising-edge clock rd_clk)
Path Group: asynchronous
Path Type: min

Fanout         Cap        Slew       Delay        Time   Description
---------------------------------------------------------------------------------------------
                                  0.000000    0.000000   clock rd_clk (rise edge)
                                  0.000000    0.000000   clock source latency
     1    0.011733    0.000000    0.000000    0.000000 ^ rd_clk (in)
                                                         rd_clk (net)
                      0.000281    0.000140    0.000140 ^ clkbuf_0_rd_clk/A (sky130_fd_sc_hd__clkbuf_16)
     4    0.035637    0.055921    0.123129    0.123269 ^ clkbuf_0_rd_clk/X (sky130_fd_sc_hd__clkbuf_16)
                                                         clknet_0_rd_clk (net)
                      0.055921    0.000153    0.123422 ^ clkbuf_2_3__f_rd_clk/A (sky130_fd_sc_hd__clkbuf_16)
     7    0.020291    0.042098    0.129718    0.253140 ^ clkbuf_2_3__f_rd_clk/X (sky130_fd_sc_hd__clkbuf_16)
                                                         clknet_2_3__leaf_rd_clk (net)
                      0.042098    0.000099    0.253239 ^ _1203_/CLK (sky130_fd_sc_hd__dfrtp_2)
     2    0.006595    0.056213    0.348068    0.601307 ^ _1203_/Q (sky130_fd_sc_hd__dfrtp_2)
                                                         u_rd_reset_sync.sync_ff2 (net)
                      0.056213    0.000013    0.601321 ^ fanout76/A (sky130_fd_sc_hd__clkdlybuf4s25_1)
     8    0.036394    0.366398    0.478048    1.079369 ^ fanout76/X (sky130_fd_sc_hd__clkdlybuf4s25_1)
                                                         net76 (net)
                      0.366398    0.000163    1.079532 ^ fanout75/A (sky130_fd_sc_hd__clkdlybuf4s25_1)
     6    0.025583    0.261521    0.477091    1.556623 ^ fanout75/X (sky130_fd_sc_hd__clkdlybuf4s25_1)
                                                         net75 (net)
                      0.261521    0.000077    1.556700 ^ fanout74/A (sky130_fd_sc_hd__clkdlybuf4s25_1)
     5    0.020145    0.212491    0.423377    1.980078 ^ fanout74/X (sky130_fd_sc_hd__clkdlybuf4s25_1)
                                                         net74 (net)
                      0.212491    0.000042    1.980120 ^ fanout73/A (sky130_fd_sc_hd__clkdlybuf4s25_1)
     8    0.032957    0.333496    0.499129    2.479249 ^ fanout73/X (sky130_fd_sc_hd__clkdlybuf4s25_1)
                                                         net73 (net)
                      0.333496    0.000008    2.479257 ^ _1210_/RESET_B (sky130_fd_sc_hd__dfrtp_2)
                                              2.479257   data arrival time

                                  0.000000    0.000000   clock rd_clk (rise edge)
                                  0.000000    0.000000   clock source latency
     1    0.011733    0.000000    0.000000    0.000000 ^ rd_clk (in)
                                                         rd_clk (net)
                      0.000281    0.000140    0.000140 ^ clkbuf_0_rd_clk/A (sky130_fd_sc_hd__clkbuf_16)
     4    0.035637    0.055921    0.123129    0.123269 ^ clkbuf_0_rd_clk/X (sky130_fd_sc_hd__clkbuf_16)
                                                         clknet_0_rd_clk (net)
                      0.055921    0.000117    0.123386 ^ clkbuf_2_1__f_rd_clk/A (sky130_fd_sc_hd__clkbuf_16)
     7    0.017421    0.039652    0.126989    0.250375 ^ clkbuf_2_1__f_rd_clk/X (sky130_fd_sc_hd__clkbuf_16)
                                                         clknet_2_1__leaf_rd_clk (net)
                      0.039652    0.000007    0.250382 ^ _1210_/CLK (sky130_fd_sc_hd__dfrtp_2)
                                  0.100000    0.350382   clock uncertainty
                                  0.000000    0.350382   clock reconvergence pessimism
                                  0.397437    0.747819   library removal time
                                              0.747819   data required time
---------------------------------------------------------------------------------------------
                                              0.747819   data required time
                                             -2.479257   data arrival time
---------------------------------------------------------------------------------------------
                                              1.731438   slack (MET)


Startpoint: _1203_ (rising edge-triggered flip-flop clocked by rd_clk)
Endpoint: _1205_ (removal check against rising-edge clock rd_clk)
Path Group: asynchronous
Path Type: min

Fanout         Cap        Slew       Delay        Time   Description
---------------------------------------------------------------------------------------------
                                  0.000000    0.000000   clock rd_clk (rise edge)
                                  0.000000    0.000000   clock source latency
     1    0.011733    0.000000    0.000000    0.000000 ^ rd_clk (in)
                                                         rd_clk (net)
                      0.000281    0.000140    0.000140 ^ clkbuf_0_rd_clk/A (sky130_fd_sc_hd__clkbuf_16)
     4    0.035637    0.055921    0.123129    0.123269 ^ clkbuf_0_rd_clk/X (sky130_fd_sc_hd__clkbuf_16)
                                                         clknet_0_rd_clk (net)
                      0.055921    0.000153    0.123422 ^ clkbuf_2_3__f_rd_clk/A (sky130_fd_sc_hd__clkbuf_16)
     7    0.020291    0.042098    0.129718    0.253140 ^ clkbuf_2_3__f_rd_clk/X (sky130_fd_sc_hd__clkbuf_16)
                                                         clknet_2_3__leaf_rd_clk (net)
                      0.042098    0.000099    0.253239 ^ _1203_/CLK (sky130_fd_sc_hd__dfrtp_2)
     2    0.006595    0.056213    0.348068    0.601307 ^ _1203_/Q (sky130_fd_sc_hd__dfrtp_2)
                                                         u_rd_reset_sync.sync_ff2 (net)
                      0.056213    0.000013    0.601321 ^ fanout76/A (sky130_fd_sc_hd__clkdlybuf4s25_1)
     8    0.036394    0.366398    0.478048    1.079369 ^ fanout76/X (sky130_fd_sc_hd__clkdlybuf4s25_1)
                                                         net76 (net)
                      0.366398    0.000163    1.079532 ^ fanout75/A (sky130_fd_sc_hd__clkdlybuf4s25_1)
     6    0.025583    0.261521    0.477091    1.556623 ^ fanout75/X (sky130_fd_sc_hd__clkdlybuf4s25_1)
                                                         net75 (net)
                      0.261521    0.000077    1.556700 ^ fanout74/A (sky130_fd_sc_hd__clkdlybuf4s25_1)
     5    0.020145    0.212491    0.423377    1.980078 ^ fanout74/X (sky130_fd_sc_hd__clkdlybuf4s25_1)
                                                         net74 (net)
                      0.212491    0.000042    1.980120 ^ fanout73/A (sky130_fd_sc_hd__clkdlybuf4s25_1)
     8    0.032957    0.333496    0.499129    2.479249 ^ fanout73/X (sky130_fd_sc_hd__clkdlybuf4s25_1)
                                                         net73 (net)
                      0.333496    0.000184    2.479433 ^ _1205_/RESET_B (sky130_fd_sc_hd__dfrtp_2)
                                              2.479433   data arrival time

                                  0.000000    0.000000   clock rd_clk (rise edge)
                                  0.000000    0.000000   clock source latency
     1    0.011733    0.000000    0.000000    0.000000 ^ rd_clk (in)
                                                         rd_clk (net)
                      0.000281    0.000140    0.000140 ^ clkbuf_0_rd_clk/A (sky130_fd_sc_hd__clkbuf_16)
     4    0.035637    0.055921    0.123129    0.123269 ^ clkbuf_0_rd_clk/X (sky130_fd_sc_hd__clkbuf_16)
                                                         clknet_0_rd_clk (net)
                      0.055921    0.000117    0.123386 ^ clkbuf_2_1__f_rd_clk/A (sky130_fd_sc_hd__clkbuf_16)
     7    0.017421    0.039652    0.126989    0.250375 ^ clkbuf_2_1__f_rd_clk/X (sky130_fd_sc_hd__clkbuf_16)
                                                         clknet_2_1__leaf_rd_clk (net)
                      0.039652    0.000060    0.250435 ^ _1205_/CLK (sky130_fd_sc_hd__dfrtp_2)
                                  0.100000    0.350435   clock uncertainty
                                  0.000000    0.350435   clock reconvergence pessimism
                                  0.397437    0.747872   library removal time
                                              0.747872   data required time
---------------------------------------------------------------------------------------------
                                              0.747872   data required time
                                             -2.479433   data arrival time
---------------------------------------------------------------------------------------------
                                              1.731561   slack (MET)


Startpoint: _1203_ (rising edge-triggered flip-flop clocked by rd_clk)
Endpoint: _1211_ (removal check against rising-edge clock rd_clk)
Path Group: asynchronous
Path Type: min

Fanout         Cap        Slew       Delay        Time   Description
---------------------------------------------------------------------------------------------
                                  0.000000    0.000000   clock rd_clk (rise edge)
                                  0.000000    0.000000   clock source latency
     1    0.011733    0.000000    0.000000    0.000000 ^ rd_clk (in)
                                                         rd_clk (net)
                      0.000281    0.000140    0.000140 ^ clkbuf_0_rd_clk/A (sky130_fd_sc_hd__clkbuf_16)
     4    0.035637    0.055921    0.123129    0.123269 ^ clkbuf_0_rd_clk/X (sky130_fd_sc_hd__clkbuf_16)
                                                         clknet_0_rd_clk (net)
                      0.055921    0.000153    0.123422 ^ clkbuf_2_3__f_rd_clk/A (sky130_fd_sc_hd__clkbuf_16)
     7    0.020291    0.042098    0.129718    0.253140 ^ clkbuf_2_3__f_rd_clk/X (sky130_fd_sc_hd__clkbuf_16)
                                                         clknet_2_3__leaf_rd_clk (net)
                      0.042098    0.000099    0.253239 ^ _1203_/CLK (sky130_fd_sc_hd__dfrtp_2)
     2    0.006595    0.056213    0.348068    0.601307 ^ _1203_/Q (sky130_fd_sc_hd__dfrtp_2)
                                                         u_rd_reset_sync.sync_ff2 (net)
                      0.056213    0.000013    0.601321 ^ fanout76/A (sky130_fd_sc_hd__clkdlybuf4s25_1)
     8    0.036394    0.366398    0.478048    1.079369 ^ fanout76/X (sky130_fd_sc_hd__clkdlybuf4s25_1)
                                                         net76 (net)
                      0.366398    0.000163    1.079532 ^ fanout75/A (sky130_fd_sc_hd__clkdlybuf4s25_1)
     6    0.025583    0.261521    0.477091    1.556623 ^ fanout75/X (sky130_fd_sc_hd__clkdlybuf4s25_1)
                                                         net75 (net)
                      0.261521    0.000077    1.556700 ^ fanout74/A (sky130_fd_sc_hd__clkdlybuf4s25_1)
     5    0.020145    0.212491    0.423377    1.980078 ^ fanout74/X (sky130_fd_sc_hd__clkdlybuf4s25_1)
                                                         net74 (net)
                      0.212491    0.000042    1.980120 ^ fanout73/A (sky130_fd_sc_hd__clkdlybuf4s25_1)
     8    0.032957    0.333496    0.499129    2.479249 ^ fanout73/X (sky130_fd_sc_hd__clkdlybuf4s25_1)
                                                         net73 (net)
                      0.333496    0.000160    2.479409 ^ _1211_/RESET_B (sky130_fd_sc_hd__dfrtp_2)
                                              2.479409   data arrival time

                                  0.000000    0.000000   clock rd_clk (rise edge)
                                  0.000000    0.000000   clock source latency
     1    0.011733    0.000000    0.000000    0.000000 ^ rd_clk (in)
                                                         rd_clk (net)
                      0.000281    0.000140    0.000140 ^ clkbuf_0_rd_clk/A (sky130_fd_sc_hd__clkbuf_16)
     4    0.035637    0.055921    0.123129    0.123269 ^ clkbuf_0_rd_clk/X (sky130_fd_sc_hd__clkbuf_16)
                                                         clknet_0_rd_clk (net)
                      0.055921    0.000117    0.123386 ^ clkbuf_2_1__f_rd_clk/A (sky130_fd_sc_hd__clkbuf_16)
     7    0.017421    0.039652    0.126989    0.250375 ^ clkbuf_2_1__f_rd_clk/X (sky130_fd_sc_hd__clkbuf_16)
                                                         clknet_2_1__leaf_rd_clk (net)
                      0.039652    0.000037    0.250412 ^ _1211_/CLK (sky130_fd_sc_hd__dfrtp_2)
                                  0.100000    0.350412   clock uncertainty
                                  0.000000    0.350412   clock reconvergence pessimism
                                  0.397437    0.747849   library removal time
                                              0.747849   data required time
---------------------------------------------------------------------------------------------
                                              0.747849   data required time
                                             -2.479409   data arrival time
---------------------------------------------------------------------------------------------
                                              1.731560   slack (MET)


Startpoint: _1203_ (rising edge-triggered flip-flop clocked by rd_clk)
Endpoint: _1206_ (removal check against rising-edge clock rd_clk)
Path Group: asynchronous
Path Type: min

Fanout         Cap        Slew       Delay        Time   Description
---------------------------------------------------------------------------------------------
                                  0.000000    0.000000   clock rd_clk (rise edge)
                                  0.000000    0.000000   clock source latency
     1    0.011733    0.000000    0.000000    0.000000 ^ rd_clk (in)
                                                         rd_clk (net)
                      0.000281    0.000140    0.000140 ^ clkbuf_0_rd_clk/A (sky130_fd_sc_hd__clkbuf_16)
     4    0.035637    0.055921    0.123129    0.123269 ^ clkbuf_0_rd_clk/X (sky130_fd_sc_hd__clkbuf_16)
                                                         clknet_0_rd_clk (net)
                      0.055921    0.000153    0.123422 ^ clkbuf_2_3__f_rd_clk/A (sky130_fd_sc_hd__clkbuf_16)
     7    0.020291    0.042098    0.129718    0.253140 ^ clkbuf_2_3__f_rd_clk/X (sky130_fd_sc_hd__clkbuf_16)
                                                         clknet_2_3__leaf_rd_clk (net)
                      0.042098    0.000099    0.253239 ^ _1203_/CLK (sky130_fd_sc_hd__dfrtp_2)
     2    0.006595    0.056213    0.348068    0.601307 ^ _1203_/Q (sky130_fd_sc_hd__dfrtp_2)
                                                         u_rd_reset_sync.sync_ff2 (net)
                      0.056213    0.000013    0.601321 ^ fanout76/A (sky130_fd_sc_hd__clkdlybuf4s25_1)
     8    0.036394    0.366398    0.478048    1.079369 ^ fanout76/X (sky130_fd_sc_hd__clkdlybuf4s25_1)
                                                         net76 (net)
                      0.366398    0.000163    1.079532 ^ fanout75/A (sky130_fd_sc_hd__clkdlybuf4s25_1)
     6    0.025583    0.261521    0.477091    1.556623 ^ fanout75/X (sky130_fd_sc_hd__clkdlybuf4s25_1)
                                                         net75 (net)
                      0.261521    0.000077    1.556700 ^ fanout74/A (sky130_fd_sc_hd__clkdlybuf4s25_1)
     5    0.020145    0.212491    0.423377    1.980078 ^ fanout74/X (sky130_fd_sc_hd__clkdlybuf4s25_1)
                                                         net74 (net)
                      0.212491    0.000042    1.980120 ^ fanout73/A (sky130_fd_sc_hd__clkdlybuf4s25_1)
     8    0.032957    0.333496    0.499129    2.479249 ^ fanout73/X (sky130_fd_sc_hd__clkdlybuf4s25_1)
                                                         net73 (net)
                      0.333496    0.000196    2.479445 ^ _1206_/RESET_B (sky130_fd_sc_hd__dfrtp_2)
                                              2.479445   data arrival time

                                  0.000000    0.000000   clock rd_clk (rise edge)
                                  0.000000    0.000000   clock source latency
     1    0.011733    0.000000    0.000000    0.000000 ^ rd_clk (in)
                                                         rd_clk (net)
                      0.000281    0.000140    0.000140 ^ clkbuf_0_rd_clk/A (sky130_fd_sc_hd__clkbuf_16)
     4    0.035637    0.055921    0.123129    0.123269 ^ clkbuf_0_rd_clk/X (sky130_fd_sc_hd__clkbuf_16)
                                                         clknet_0_rd_clk (net)
                      0.055921    0.000117    0.123386 ^ clkbuf_2_1__f_rd_clk/A (sky130_fd_sc_hd__clkbuf_16)
     7    0.017421    0.039652    0.126989    0.250375 ^ clkbuf_2_1__f_rd_clk/X (sky130_fd_sc_hd__clkbuf_16)
                                                         clknet_2_1__leaf_rd_clk (net)
                      0.039652    0.000068    0.250443 ^ _1206_/CLK (sky130_fd_sc_hd__dfrtp_2)
                                  0.100000    0.350443   clock uncertainty
                                  0.000000    0.350443   clock reconvergence pessimism
                                  0.397437    0.747880   library removal time
                                              0.747880   data required time
---------------------------------------------------------------------------------------------
                                              0.747880   data required time
                                             -2.479445   data arrival time
---------------------------------------------------------------------------------------------
                                              1.731565   slack (MET)


Startpoint: _1190_ (rising edge-triggered flip-flop clocked by rd_clk)
Endpoint: aempty (output port clocked by rd_clk)
Path Group: rd_clk
Path Type: min

Fanout         Cap        Slew       Delay        Time   Description
---------------------------------------------------------------------------------------------
                                  0.000000    0.000000   clock rd_clk (rise edge)
                                  0.000000    0.000000   clock source latency
     1    0.011733    0.000000    0.000000    0.000000 ^ rd_clk (in)
                                                         rd_clk (net)
                      0.000281    0.000140    0.000140 ^ clkbuf_0_rd_clk/A (sky130_fd_sc_hd__clkbuf_16)
     4    0.035637    0.055921    0.123129    0.123269 ^ clkbuf_0_rd_clk/X (sky130_fd_sc_hd__clkbuf_16)
                                                         clknet_0_rd_clk (net)
                      0.055921    0.000153    0.123422 ^ clkbuf_2_3__f_rd_clk/A (sky130_fd_sc_hd__clkbuf_16)
     7    0.020291    0.042098    0.129718    0.253140 ^ clkbuf_2_3__f_rd_clk/X (sky130_fd_sc_hd__clkbuf_16)
                                                         clknet_2_3__leaf_rd_clk (net)
                      0.042098    0.000103    0.253243 ^ _1190_/CLK (sky130_fd_sc_hd__dfstp_2)
     1    0.002585    0.020853    0.350900    0.604144 v _1190_/Q (sky130_fd_sc_hd__dfstp_2)
                                                         net21 (net)
                      0.020853    0.000006    0.604150 v output21/A (sky130_fd_sc_hd__clkdlybuf4s25_1)
     1    0.016116    0.128139    0.307886    0.912036 v output21/X (sky130_fd_sc_hd__clkdlybuf4s25_1)
                                                         aempty (net)
                      0.128139    0.000093    0.912129 v aempty (out)
                                              0.912129   data arrival time

                                  0.000000    0.000000   clock rd_clk (rise edge)
                                  0.000000    0.000000   clock network delay (propagated)
                                  0.100000    0.100000   clock uncertainty
                                  0.000000    0.100000   clock reconvergence pessimism
                                 -1.500000   -1.400000   output external delay
                                             -1.400000   data required time
---------------------------------------------------------------------------------------------
                                             -1.400000   data required time
                                             -0.912129   data arrival time
---------------------------------------------------------------------------------------------
                                              2.312129   slack (MET)


Startpoint: _1238_ (rising edge-triggered flip-flop clocked by rd_clk)
Endpoint: empty (output port clocked by rd_clk)
Path Group: rd_clk
Path Type: min

Fanout         Cap        Slew       Delay        Time   Description
---------------------------------------------------------------------------------------------
                                  0.000000    0.000000   clock rd_clk (rise edge)
                                  0.000000    0.000000   clock source latency
     1    0.011733    0.000000    0.000000    0.000000 ^ rd_clk (in)
                                                         rd_clk (net)
                      0.000281    0.000140    0.000140 ^ clkbuf_0_rd_clk/A (sky130_fd_sc_hd__clkbuf_16)
     4    0.035637    0.055921    0.123129    0.123269 ^ clkbuf_0_rd_clk/X (sky130_fd_sc_hd__clkbuf_16)
                                                         clknet_0_rd_clk (net)
                      0.055921    0.000117    0.123386 ^ clkbuf_2_1__f_rd_clk/A (sky130_fd_sc_hd__clkbuf_16)
     7    0.017421    0.039652    0.126989    0.250375 ^ clkbuf_2_1__f_rd_clk/X (sky130_fd_sc_hd__clkbuf_16)
                                                         clknet_2_1__leaf_rd_clk (net)
                      0.039652    0.000022    0.250397 ^ _1238_/CLK (sky130_fd_sc_hd__dfstp_2)
     5    0.017099    0.050076    0.383065    0.633462 v _1238_/Q (sky130_fd_sc_hd__dfstp_2)
                                                         net23 (net)
                      0.050076    0.000020    0.633482 v output23/A (sky130_fd_sc_hd__clkdlybuf4s25_1)
     1    0.015933    0.127077    0.319370    0.952852 v output23/X (sky130_fd_sc_hd__clkdlybuf4s25_1)
                                                         empty (net)
                      0.127077    0.000073    0.952926 v empty (out)
                                              0.952926   data arrival time

                                  0.000000    0.000000   clock rd_clk (rise edge)
                                  0.000000    0.000000   clock network delay (propagated)
                                  0.100000    0.100000   clock uncertainty
                                  0.000000    0.100000   clock reconvergence pessimism
                                 -1.500000   -1.400000   output external delay
                                             -1.400000   data required time
---------------------------------------------------------------------------------------------
                                             -1.400000   data required time
                                             -0.952926   data arrival time
---------------------------------------------------------------------------------------------
                                              2.352926   slack (MET)


Startpoint: _1195_ (rising edge-triggered flip-flop clocked by wr_clk)
Endpoint: afull (output port clocked by wr_clk)
Path Group: wr_clk
Path Type: min

Fanout         Cap        Slew       Delay        Time   Description
---------------------------------------------------------------------------------------------
                                  0.000000    0.000000   clock wr_clk (rise edge)
                                  0.000000    0.000000   clock source latency
     1    0.018723    0.000000    0.000000    0.000000 ^ wr_clk (in)
                                                         wr_clk (net)
                      0.001049    0.000525    0.000525 ^ clkbuf_0_wr_clk/A (sky130_fd_sc_hd__clkbuf_16)
    16    0.088820    0.105109    0.162823    0.163347 ^ clkbuf_0_wr_clk/X (sky130_fd_sc_hd__clkbuf_16)
                                                         clknet_0_wr_clk (net)
                      0.105110    0.000589    0.163936 ^ clkbuf_4_10_0_wr_clk/A (sky130_fd_sc_hd__clkbuf_8)
     2    0.017560    0.047565    0.150629    0.314565 ^ clkbuf_4_10_0_wr_clk/X (sky130_fd_sc_hd__clkbuf_8)
                                                         clknet_4_10_0_wr_clk (net)
                      0.047565    0.000075    0.314640 ^ clkbuf_5_21__f_wr_clk/A (sky130_fd_sc_hd__clkbuf_16)
     6    0.016654    0.038990    0.123173    0.437812 ^ clkbuf_5_21__f_wr_clk/X (sky130_fd_sc_hd__clkbuf_16)
                                                         clknet_5_21__leaf_wr_clk (net)
                      0.038998    0.000192    0.438004 ^ _1195_/CLK (sky130_fd_sc_hd__dfrtp_2)
     1    0.002975    0.040089    0.329213    0.767217 ^ _1195_/Q (sky130_fd_sc_hd__dfrtp_2)
                                                         net22 (net)
                      0.040089    0.000010    0.767227 ^ output22/A (sky130_fd_sc_hd__clkdlybuf4s25_1)
     1    0.015881    0.171135    0.332113    1.099339 ^ output22/X (sky130_fd_sc_hd__clkdlybuf4s25_1)
                                                         afull (net)
                      0.171135    0.000068    1.099407 ^ afull (out)
                                              1.099407   data arrival time

                                  0.000000    0.000000   clock wr_clk (rise edge)
                                  0.000000    0.000000   clock network delay (propagated)
                                  0.100000    0.100000   clock uncertainty
                                  0.000000    0.100000   clock reconvergence pessimism
                                 -1.500000   -1.400000   output external delay
                                             -1.400000   data required time
---------------------------------------------------------------------------------------------
                                             -1.400000   data required time
                                             -1.099407   data arrival time
---------------------------------------------------------------------------------------------
                                              2.499407   slack (MET)


Startpoint: _1228_ (rising edge-triggered flip-flop clocked by wr_clk)
Endpoint: full (output port clocked by wr_clk)
Path Group: wr_clk
Path Type: min

Fanout         Cap        Slew       Delay        Time   Description
---------------------------------------------------------------------------------------------
                                  0.000000    0.000000   clock wr_clk (rise edge)
                                  0.000000    0.000000   clock source latency
     1    0.018723    0.000000    0.000000    0.000000 ^ wr_clk (in)
                                                         wr_clk (net)
                      0.001049    0.000525    0.000525 ^ clkbuf_0_wr_clk/A (sky130_fd_sc_hd__clkbuf_16)
    16    0.088820    0.105109    0.162823    0.163347 ^ clkbuf_0_wr_clk/X (sky130_fd_sc_hd__clkbuf_16)
                                                         clknet_0_wr_clk (net)
                      0.105109    0.000263    0.163610 ^ clkbuf_4_14_0_wr_clk/A (sky130_fd_sc_hd__clkbuf_8)
     2    0.017237    0.047068    0.150149    0.313759 ^ clkbuf_4_14_0_wr_clk/X (sky130_fd_sc_hd__clkbuf_8)
                                                         clknet_4_14_0_wr_clk (net)
                      0.047068    0.000076    0.313835 ^ clkbuf_5_29__f_wr_clk/A (sky130_fd_sc_hd__clkbuf_16)
     5    0.012501    0.035462    0.119030    0.432865 ^ clkbuf_5_29__f_wr_clk/X (sky130_fd_sc_hd__clkbuf_16)
                                                         clknet_5_29__leaf_wr_clk (net)
                      0.035462    0.000050    0.432915 ^ _1228_/CLK (sky130_fd_sc_hd__dfrtp_2)
     3    0.012288    0.077998    0.370051    0.802966 ^ _1228_/Q (sky130_fd_sc_hd__dfrtp_2)
                                                         net24 (net)
                      0.077998    0.000033    0.802999 ^ output24/A (sky130_fd_sc_hd__clkdlybuf4s25_1)
     1    0.015803    0.170346    0.344743    1.147742 ^ output24/X (sky130_fd_sc_hd__clkdlybuf4s25_1)
                                                         full (net)
                      0.170346    0.000059    1.147802 ^ full (out)
                                              1.147802   data arrival time

                                  0.000000    0.000000   clock wr_clk (rise edge)
                                  0.000000    0.000000   clock network delay (propagated)
                                  0.100000    0.100000   clock uncertainty
                                  0.000000    0.100000   clock reconvergence pessimism
                                 -1.500000   -1.400000   output external delay
                                             -1.400000   data required time
---------------------------------------------------------------------------------------------
                                             -1.400000   data required time
                                             -1.147802   data arrival time
---------------------------------------------------------------------------------------------
                                              2.547801   slack (MET)


Startpoint: _1242_ (rising edge-triggered flip-flop clocked by rd_clk)
Endpoint: rd_data[6] (output port clocked by rd_clk)
Path Group: rd_clk
Path Type: min

Fanout         Cap        Slew       Delay        Time   Description
---------------------------------------------------------------------------------------------
                                  0.000000    0.000000   clock rd_clk (rise edge)
                                  0.000000    0.000000   clock source latency
     1    0.011733    0.000000    0.000000    0.000000 ^ rd_clk (in)
                                                         rd_clk (net)
                      0.000281    0.000140    0.000140 ^ clkbuf_0_rd_clk/A (sky130_fd_sc_hd__clkbuf_16)
     4    0.035637    0.055921    0.123129    0.123269 ^ clkbuf_0_rd_clk/X (sky130_fd_sc_hd__clkbuf_16)
                                                         clknet_0_rd_clk (net)
                      0.055921    0.000164    0.123433 ^ clkbuf_2_2__f_rd_clk/A (sky130_fd_sc_hd__clkbuf_16)
     8    0.023350    0.044770    0.132669    0.256103 ^ clkbuf_2_2__f_rd_clk/X (sky130_fd_sc_hd__clkbuf_16)
                                                         clknet_2_2__leaf_rd_clk (net)
                      0.044770    0.000076    0.256179 ^ _1242_/CLK (sky130_fd_sc_hd__dfrtp_2)
     7    0.045478    0.221617    0.485927    0.742105 ^ _1242_/Q (sky130_fd_sc_hd__dfrtp_2)
                                                         rd_ptr_bin[3] (net)
                      0.221617    0.000267    0.742373 ^ _0775_/A1 (sky130_fd_sc_hd__a21bo_2)
     1    0.003986    0.035457    0.168464    0.910837 ^ _0775_/X (sky130_fd_sc_hd__a21bo_2)
                                                         net31 (net)
                      0.035457    0.000034    0.910871 ^ output31/A (sky130_fd_sc_hd__clkdlybuf4s25_1)
     1    0.016114    0.170016    0.332011    1.242882 ^ output31/X (sky130_fd_sc_hd__clkdlybuf4s25_1)
                                                         rd_data[6] (net)
                      0.170016    0.000115    1.242998 ^ rd_data[6] (out)
                                              1.242998   data arrival time

                                  0.000000    0.000000   clock rd_clk (rise edge)
                                  0.000000    0.000000   clock network delay (propagated)
                                  0.100000    0.100000   clock uncertainty
                                  0.000000    0.100000   clock reconvergence pessimism
                                 -1.500000   -1.400000   output external delay
                                             -1.400000   data required time
---------------------------------------------------------------------------------------------
                                             -1.400000   data required time
                                             -1.242998   data arrival time
---------------------------------------------------------------------------------------------
                                              2.642998   slack (MET)


Startpoint: _1242_ (rising edge-triggered flip-flop clocked by rd_clk)
Endpoint: rd_data[1] (output port clocked by rd_clk)
Path Group: rd_clk
Path Type: min

Fanout         Cap        Slew       Delay        Time   Description
---------------------------------------------------------------------------------------------
                                  0.000000    0.000000   clock rd_clk (rise edge)
                                  0.000000    0.000000   clock source latency
     1    0.011733    0.000000    0.000000    0.000000 ^ rd_clk (in)
                                                         rd_clk (net)
                      0.000281    0.000140    0.000140 ^ clkbuf_0_rd_clk/A (sky130_fd_sc_hd__clkbuf_16)
     4    0.035637    0.055921    0.123129    0.123269 ^ clkbuf_0_rd_clk/X (sky130_fd_sc_hd__clkbuf_16)
                                                         clknet_0_rd_clk (net)
                      0.055921    0.000164    0.123433 ^ clkbuf_2_2__f_rd_clk/A (sky130_fd_sc_hd__clkbuf_16)
     8    0.023350    0.044770    0.132669    0.256103 ^ clkbuf_2_2__f_rd_clk/X (sky130_fd_sc_hd__clkbuf_16)
                                                         clknet_2_2__leaf_rd_clk (net)
                      0.044770    0.000076    0.256179 ^ _1242_/CLK (sky130_fd_sc_hd__dfrtp_2)
     7    0.045478    0.221617    0.485927    0.742105 ^ _1242_/Q (sky130_fd_sc_hd__dfrtp_2)
                                                         rd_ptr_bin[3] (net)
                      0.221617    0.000362    0.742467 ^ _0735_/A1 (sky130_fd_sc_hd__a21bo_2)
     1    0.005598    0.042865    0.175232    0.917699 ^ _0735_/X (sky130_fd_sc_hd__a21bo_2)
                                                         net26 (net)
                      0.042865    0.000056    0.917754 ^ output26/A (sky130_fd_sc_hd__clkdlybuf4s25_1)
     1    0.016397    0.172714    0.336559    1.254313 ^ output26/X (sky130_fd_sc_hd__clkdlybuf4s25_1)
                                                         rd_data[1] (net)
                      0.172714    0.000111    1.254425 ^ rd_data[1] (out)
                                              1.254425   data arrival time

                                  0.000000    0.000000   clock rd_clk (rise edge)
                                  0.000000    0.000000   clock network delay (propagated)
                                  0.100000    0.100000   clock uncertainty
                                  0.000000    0.100000   clock reconvergence pessimism
                                 -1.500000   -1.400000   output external delay
                                             -1.400000   data required time
---------------------------------------------------------------------------------------------
                                             -1.400000   data required time
                                             -1.254425   data arrival time
---------------------------------------------------------------------------------------------
                                              2.654424   slack (MET)


Startpoint: _1242_ (rising edge-triggered flip-flop clocked by rd_clk)
Endpoint: rd_data[4] (output port clocked by rd_clk)
Path Group: rd_clk
Path Type: min

Fanout         Cap        Slew       Delay        Time   Description
---------------------------------------------------------------------------------------------
                                  0.000000    0.000000   clock rd_clk (rise edge)
                                  0.000000    0.000000   clock source latency
     1    0.011733    0.000000    0.000000    0.000000 ^ rd_clk (in)
                                                         rd_clk (net)
                      0.000281    0.000140    0.000140 ^ clkbuf_0_rd_clk/A (sky130_fd_sc_hd__clkbuf_16)
     4    0.035637    0.055921    0.123129    0.123269 ^ clkbuf_0_rd_clk/X (sky130_fd_sc_hd__clkbuf_16)
                                                         clknet_0_rd_clk (net)
                      0.055921    0.000164    0.123433 ^ clkbuf_2_2__f_rd_clk/A (sky130_fd_sc_hd__clkbuf_16)
     8    0.023350    0.044770    0.132669    0.256103 ^ clkbuf_2_2__f_rd_clk/X (sky130_fd_sc_hd__clkbuf_16)
                                                         clknet_2_2__leaf_rd_clk (net)
                      0.044770    0.000076    0.256179 ^ _1242_/CLK (sky130_fd_sc_hd__dfrtp_2)
     7    0.045478    0.221617    0.485927    0.742105 ^ _1242_/Q (sky130_fd_sc_hd__dfrtp_2)
                                                         rd_ptr_bin[3] (net)
                      0.221617    0.000383    0.742489 ^ _0755_/B1 (sky130_fd_sc_hd__o21a_2)
     1    0.003015    0.031412    0.167666    0.910155 ^ _0755_/X (sky130_fd_sc_hd__o21a_2)
                                                         _0341_ (net)
                      0.031412    0.000006    0.910160 ^ _0759_/A2 (sky130_fd_sc_hd__a22o_2)
     1    0.004690    0.041381    0.136072    1.046232 ^ _0759_/X (sky130_fd_sc_hd__a22o_2)
                                                         net29 (net)
                      0.041381    0.000037    1.046269 ^ output29/A (sky130_fd_sc_hd__clkdlybuf4s25_1)
     1    0.016055    0.169412    0.333701    1.379970 ^ output29/X (sky130_fd_sc_hd__clkdlybuf4s25_1)
                                                         rd_data[4] (net)
                      0.169412    0.000087    1.380057 ^ rd_data[4] (out)
                                              1.380057   data arrival time

                                  0.000000    0.000000   clock rd_clk (rise edge)
                                  0.000000    0.000000   clock network delay (propagated)
                                  0.100000    0.100000   clock uncertainty
                                  0.000000    0.100000   clock reconvergence pessimism
                                 -1.500000   -1.400000   output external delay
                                             -1.400000   data required time
---------------------------------------------------------------------------------------------
                                             -1.400000   data required time
                                             -1.380057   data arrival time
---------------------------------------------------------------------------------------------
                                              2.780057   slack (MET)


Startpoint: _1242_ (rising edge-triggered flip-flop clocked by rd_clk)
Endpoint: rd_data[7] (output port clocked by rd_clk)
Path Group: rd_clk
Path Type: min

Fanout         Cap        Slew       Delay        Time   Description
---------------------------------------------------------------------------------------------
                                  0.000000    0.000000   clock rd_clk (rise edge)
                                  0.000000    0.000000   clock source latency
     1    0.011733    0.000000    0.000000    0.000000 ^ rd_clk (in)
                                                         rd_clk (net)
                      0.000281    0.000140    0.000140 ^ clkbuf_0_rd_clk/A (sky130_fd_sc_hd__clkbuf_16)
     4    0.035637    0.055921    0.123129    0.123269 ^ clkbuf_0_rd_clk/X (sky130_fd_sc_hd__clkbuf_16)
                                                         clknet_0_rd_clk (net)
                      0.055921    0.000164    0.123433 ^ clkbuf_2_2__f_rd_clk/A (sky130_fd_sc_hd__clkbuf_16)
     8    0.023350    0.044770    0.132669    0.256103 ^ clkbuf_2_2__f_rd_clk/X (sky130_fd_sc_hd__clkbuf_16)
                                                         clknet_2_2__leaf_rd_clk (net)
                      0.044770    0.000076    0.256179 ^ _1242_/CLK (sky130_fd_sc_hd__dfrtp_2)
     7    0.045478    0.221617    0.485927    0.742105 ^ _1242_/Q (sky130_fd_sc_hd__dfrtp_2)
                                                         rd_ptr_bin[3] (net)
                      0.221617    0.000362    0.742468 ^ _0779_/B1 (sky130_fd_sc_hd__o21a_2)
     1    0.004105    0.035392    0.173342    0.915810 ^ _0779_/X (sky130_fd_sc_hd__o21a_2)
                                                         _0362_ (net)
                      0.035392    0.000027    0.915837 ^ _0783_/A2 (sky130_fd_sc_hd__a22o_2)
     1    0.004495    0.040546    0.136509    1.052346 ^ _0783_/X (sky130_fd_sc_hd__a22o_2)
                                                         net32 (net)
                      0.040546    0.000035    1.052381 ^ output32/A (sky130_fd_sc_hd__clkdlybuf4s25_1)
     1    0.015793    0.170283    0.331671    1.384051 ^ output32/X (sky130_fd_sc_hd__clkdlybuf4s25_1)
                                                         rd_data[7] (net)
                      0.170283    0.000059    1.384110 ^ rd_data[7] (out)
                                              1.384110   data arrival time

                                  0.000000    0.000000   clock rd_clk (rise edge)
                                  0.000000    0.000000   clock network delay (propagated)
                                  0.100000    0.100000   clock uncertainty
                                  0.000000    0.100000   clock reconvergence pessimism
                                 -1.500000   -1.400000   output external delay
                                             -1.400000   data required time
---------------------------------------------------------------------------------------------
                                             -1.400000   data required time
                                             -1.384110   data arrival time
---------------------------------------------------------------------------------------------
                                              2.784110   slack (MET)


Startpoint: _1242_ (rising edge-triggered flip-flop clocked by rd_clk)
Endpoint: rd_data[0] (output port clocked by rd_clk)
Path Group: rd_clk
Path Type: min

Fanout         Cap        Slew       Delay        Time   Description
---------------------------------------------------------------------------------------------
                                  0.000000    0.000000   clock rd_clk (rise edge)
                                  0.000000    0.000000   clock source latency
     1    0.011733    0.000000    0.000000    0.000000 ^ rd_clk (in)
                                                         rd_clk (net)
                      0.000281    0.000140    0.000140 ^ clkbuf_0_rd_clk/A (sky130_fd_sc_hd__clkbuf_16)
     4    0.035637    0.055921    0.123129    0.123269 ^ clkbuf_0_rd_clk/X (sky130_fd_sc_hd__clkbuf_16)
                                                         clknet_0_rd_clk (net)
                      0.055921    0.000164    0.123433 ^ clkbuf_2_2__f_rd_clk/A (sky130_fd_sc_hd__clkbuf_16)
     8    0.023350    0.044770    0.132669    0.256103 ^ clkbuf_2_2__f_rd_clk/X (sky130_fd_sc_hd__clkbuf_16)
                                                         clknet_2_2__leaf_rd_clk (net)
                      0.044770    0.000076    0.256179 ^ _1242_/CLK (sky130_fd_sc_hd__dfrtp_2)
     7    0.045478    0.221617    0.485927    0.742105 ^ _1242_/Q (sky130_fd_sc_hd__dfrtp_2)
                                                         rd_ptr_bin[3] (net)
                      0.221617    0.000151    0.742257 ^ _0532_/A (sky130_fd_sc_hd__inv_2)
     2    0.006680    0.052116    0.060770    0.803027 v _0532_/Y (sky130_fd_sc_hd__inv_2)
                                                         _0142_ (net)
                      0.052116    0.000004    0.803031 v _0725_/A (sky130_fd_sc_hd__buf_1)
     8    0.028986    0.169995    0.202822    1.005853 v _0725_/X (sky130_fd_sc_hd__buf_1)
                                                         _0315_ (net)
                      0.169996    0.000587    1.006440 v _0726_/S (sky130_fd_sc_hd__mux2_2)
     1    0.003106    0.039294    0.267525    1.273965 ^ _0726_/X (sky130_fd_sc_hd__mux2_2)
                                                         _0316_ (net)
                      0.039294    0.000010    1.273975 ^ _0727_/A (sky130_fd_sc_hd__buf_1)
     1    0.002405    0.041244    0.075405    1.349380 ^ _0727_/X (sky130_fd_sc_hd__buf_1)
                                                         net25 (net)
                      0.041244    0.000000    1.349381 ^ output25/A (sky130_fd_sc_hd__clkdlybuf4s25_1)
     1    0.015715    0.169517    0.331376    1.680757 ^ output25/X (sky130_fd_sc_hd__clkdlybuf4s25_1)
                                                         rd_data[0] (net)
                      0.169517    0.000050    1.680808 ^ rd_data[0] (out)
                                              1.680808   data arrival time

                                  0.000000    0.000000   clock rd_clk (rise edge)
                                  0.000000    0.000000   clock network delay (propagated)
                                  0.100000    0.100000   clock uncertainty
                                  0.000000    0.100000   clock reconvergence pessimism
                                 -1.500000   -1.400000   output external delay
                                             -1.400000   data required time
---------------------------------------------------------------------------------------------
                                             -1.400000   data required time
                                             -1.680808   data arrival time
---------------------------------------------------------------------------------------------
                                              3.080808   slack (MET)


Startpoint: _1242_ (rising edge-triggered flip-flop clocked by rd_clk)
Endpoint: rd_data[2] (output port clocked by rd_clk)
Path Group: rd_clk
Path Type: min

Fanout         Cap        Slew       Delay        Time   Description
---------------------------------------------------------------------------------------------
                                  0.000000    0.000000   clock rd_clk (rise edge)
                                  0.000000    0.000000   clock source latency
     1    0.011733    0.000000    0.000000    0.000000 ^ rd_clk (in)
                                                         rd_clk (net)
                      0.000281    0.000140    0.000140 ^ clkbuf_0_rd_clk/A (sky130_fd_sc_hd__clkbuf_16)
     4    0.035637    0.055921    0.123129    0.123269 ^ clkbuf_0_rd_clk/X (sky130_fd_sc_hd__clkbuf_16)
                                                         clknet_0_rd_clk (net)
                      0.055921    0.000164    0.123433 ^ clkbuf_2_2__f_rd_clk/A (sky130_fd_sc_hd__clkbuf_16)
     8    0.023350    0.044770    0.132669    0.256103 ^ clkbuf_2_2__f_rd_clk/X (sky130_fd_sc_hd__clkbuf_16)
                                                         clknet_2_2__leaf_rd_clk (net)
                      0.044770    0.000076    0.256179 ^ _1242_/CLK (sky130_fd_sc_hd__dfrtp_2)
     7    0.045478    0.221617    0.485927    0.742105 ^ _1242_/Q (sky130_fd_sc_hd__dfrtp_2)
                                                         rd_ptr_bin[3] (net)
                      0.221617    0.000151    0.742257 ^ _0532_/A (sky130_fd_sc_hd__inv_2)
     2    0.006680    0.052116    0.060770    0.803027 v _0532_/Y (sky130_fd_sc_hd__inv_2)
                                                         _0142_ (net)
                      0.052116    0.000004    0.803031 v _0725_/A (sky130_fd_sc_hd__buf_1)
     8    0.028986    0.169995    0.202822    1.005853 v _0725_/X (sky130_fd_sc_hd__buf_1)
                                                         _0315_ (net)
                      0.169996    0.000582    1.006435 v _0742_/S (sky130_fd_sc_hd__mux2_2)
     1    0.003603    0.040442    0.270313    1.276748 ^ _0742_/X (sky130_fd_sc_hd__mux2_2)
                                                         _0330_ (net)
                      0.040442    0.000020    1.276768 ^ _0743_/A (sky130_fd_sc_hd__buf_1)
     1    0.002405    0.041245    0.075802    1.352571 ^ _0743_/X (sky130_fd_sc_hd__buf_1)
                                                         net27 (net)
                      0.041245    0.000000    1.352572 ^ output27/A (sky130_fd_sc_hd__clkdlybuf4s25_1)
     1    0.015845    0.170784    0.332275    1.684847 ^ output27/X (sky130_fd_sc_hd__clkdlybuf4s25_1)
                                                         rd_data[2] (net)
                      0.170784    0.000064    1.684911 ^ rd_data[2] (out)
                                              1.684911   data arrival time

                                  0.000000    0.000000   clock rd_clk (rise edge)
                                  0.000000    0.000000   clock network delay (propagated)
                                  0.100000    0.100000   clock uncertainty
                                  0.000000    0.100000   clock reconvergence pessimism
                                 -1.500000   -1.400000   output external delay
                                             -1.400000   data required time
---------------------------------------------------------------------------------------------
                                             -1.400000   data required time
                                             -1.684911   data arrival time
---------------------------------------------------------------------------------------------
                                              3.084912   slack (MET)


Startpoint: _1242_ (rising edge-triggered flip-flop clocked by rd_clk)
Endpoint: rd_data[3] (output port clocked by rd_clk)
Path Group: rd_clk
Path Type: min

Fanout         Cap        Slew       Delay        Time   Description
---------------------------------------------------------------------------------------------
                                  0.000000    0.000000   clock rd_clk (rise edge)
                                  0.000000    0.000000   clock source latency
     1    0.011733    0.000000    0.000000    0.000000 ^ rd_clk (in)
                                                         rd_clk (net)
                      0.000281    0.000140    0.000140 ^ clkbuf_0_rd_clk/A (sky130_fd_sc_hd__clkbuf_16)
     4    0.035637    0.055921    0.123129    0.123269 ^ clkbuf_0_rd_clk/X (sky130_fd_sc_hd__clkbuf_16)
                                                         clknet_0_rd_clk (net)
                      0.055921    0.000164    0.123433 ^ clkbuf_2_2__f_rd_clk/A (sky130_fd_sc_hd__clkbuf_16)
     8    0.023350    0.044770    0.132669    0.256103 ^ clkbuf_2_2__f_rd_clk/X (sky130_fd_sc_hd__clkbuf_16)
                                                         clknet_2_2__leaf_rd_clk (net)
                      0.044770    0.000076    0.256179 ^ _1242_/CLK (sky130_fd_sc_hd__dfrtp_2)
     7    0.045478    0.221617    0.485927    0.742105 ^ _1242_/Q (sky130_fd_sc_hd__dfrtp_2)
                                                         rd_ptr_bin[3] (net)
                      0.221617    0.000151    0.742257 ^ _0532_/A (sky130_fd_sc_hd__inv_2)
     2    0.006680    0.052116    0.060770    0.803027 v _0532_/Y (sky130_fd_sc_hd__inv_2)
                                                         _0142_ (net)
                      0.052116    0.000004    0.803031 v _0725_/A (sky130_fd_sc_hd__buf_1)
     8    0.028986    0.169995    0.202822    1.005853 v _0725_/X (sky130_fd_sc_hd__buf_1)
                                                         _0315_ (net)
                      0.169995    0.000195    1.006049 v _0750_/S (sky130_fd_sc_hd__mux2_2)
     1    0.006502    0.053360    0.283589    1.289637 ^ _0750_/X (sky130_fd_sc_hd__mux2_2)
                                                         _0337_ (net)
                      0.053360    0.000080    1.289717 ^ _0751_/A (sky130_fd_sc_hd__buf_1)
     1    0.002405    0.041260    0.080258    1.369975 ^ _0751_/X (sky130_fd_sc_hd__buf_1)
                                                         net28 (net)
                      0.041260    0.000000    1.369976 ^ output28/A (sky130_fd_sc_hd__clkdlybuf4s25_1)
     1    0.015620    0.168598    0.330730    1.700706 ^ output28/X (sky130_fd_sc_hd__clkdlybuf4s25_1)
                                                         rd_data[3] (net)
                      0.168598    0.000040    1.700746 ^ rd_data[3] (out)
                                              1.700746   data arrival time

                                  0.000000    0.000000   clock rd_clk (rise edge)
                                  0.000000    0.000000   clock network delay (propagated)
                                  0.100000    0.100000   clock uncertainty
                                  0.000000    0.100000   clock reconvergence pessimism
                                 -1.500000   -1.400000   output external delay
                                             -1.400000   data required time
---------------------------------------------------------------------------------------------
                                             -1.400000   data required time
                                             -1.700746   data arrival time
---------------------------------------------------------------------------------------------
                                              3.100746   slack (MET)


Startpoint: _1242_ (rising edge-triggered flip-flop clocked by rd_clk)
Endpoint: rd_data[5] (output port clocked by rd_clk)
Path Group: rd_clk
Path Type: min

Fanout         Cap        Slew       Delay        Time   Description
---------------------------------------------------------------------------------------------
                                  0.000000    0.000000   clock rd_clk (rise edge)
                                  0.000000    0.000000   clock source latency
     1    0.011733    0.000000    0.000000    0.000000 ^ rd_clk (in)
                                                         rd_clk (net)
                      0.000281    0.000140    0.000140 ^ clkbuf_0_rd_clk/A (sky130_fd_sc_hd__clkbuf_16)
     4    0.035637    0.055921    0.123129    0.123269 ^ clkbuf_0_rd_clk/X (sky130_fd_sc_hd__clkbuf_16)
                                                         clknet_0_rd_clk (net)
                      0.055921    0.000164    0.123433 ^ clkbuf_2_2__f_rd_clk/A (sky130_fd_sc_hd__clkbuf_16)
     8    0.023350    0.044770    0.132669    0.256103 ^ clkbuf_2_2__f_rd_clk/X (sky130_fd_sc_hd__clkbuf_16)
                                                         clknet_2_2__leaf_rd_clk (net)
                      0.044770    0.000076    0.256179 ^ _1242_/CLK (sky130_fd_sc_hd__dfrtp_2)
     7    0.045478    0.221617    0.485927    0.742105 ^ _1242_/Q (sky130_fd_sc_hd__dfrtp_2)
                                                         rd_ptr_bin[3] (net)
                      0.221617    0.000151    0.742257 ^ _0532_/A (sky130_fd_sc_hd__inv_2)
     2    0.006680    0.052116    0.060770    0.803027 v _0532_/Y (sky130_fd_sc_hd__inv_2)
                                                         _0142_ (net)
                      0.052116    0.000004    0.803031 v _0725_/A (sky130_fd_sc_hd__buf_1)
     8    0.028986    0.169995    0.202822    1.005853 v _0725_/X (sky130_fd_sc_hd__buf_1)
                                                         _0315_ (net)
                      0.169995    0.000405    1.006259 v _0766_/S (sky130_fd_sc_hd__mux2_2)
     1    0.007229    0.056676    0.286715    1.292973 ^ _0766_/X (sky130_fd_sc_hd__mux2_2)
                                                         _0351_ (net)
                      0.056676    0.000109    1.293082 ^ _0767_/A (sky130_fd_sc_hd__buf_1)
     1    0.003013    0.048087    0.086102    1.379184 ^ _0767_/X (sky130_fd_sc_hd__buf_1)
                                                         net30 (net)
                      0.048087    0.000012    1.379196 ^ output30/A (sky130_fd_sc_hd__clkdlybuf4s25_1)
     1    0.015950    0.168375    0.335345    1.714541 ^ output30/X (sky130_fd_sc_hd__clkdlybuf4s25_1)
                                                         rd_data[5] (net)
                      0.168375    0.000075    1.714617 ^ rd_data[5] (out)
                                              1.714617   data arrival time

                                  0.000000    0.000000   clock rd_clk (rise edge)
                                  0.000000    0.000000   clock network delay (propagated)
                                  0.100000    0.100000   clock uncertainty
                                  0.000000    0.100000   clock reconvergence pessimism
                                 -1.500000   -1.400000   output external delay
                                             -1.400000   data required time
---------------------------------------------------------------------------------------------
                                             -1.400000   data required time
                                             -1.714617   data arrival time
---------------------------------------------------------------------------------------------
                                              3.114616   slack (MET)



